batch,year,path,date,bytes,num_rows,trade_time_min,trade_time_max
20260913-143215,2015,20260913-143215\2015\20150105.parquet,2015-01-05,10287718,564422,2015-01-05 09:30:00,2015-01-05 15:00:00
20260913-143215,2015,20260913-143215\2015\20150106.parquet,2015-01-06,10370488,623708,2015-01-06 09:30:00,2015-01-06 15:00:00
20260913-143215,2015,20260913-143215\2015\20150107.parquet,2015-01-07,10231574,564181,2015-01-07 09:30:00,2015-01-07 15:00:00
20260913-143215,2015,20260913-143215\2015\20150108.parquet,2015-01-08,10192455,563217,2015-01-08 09:30:00,2015-01-08 15:00:00
20260913-143215,2015,20260913-143215\2015\20150109.parquet,2015-01-09,10147103,563458,2015-01-09 09:30:00,2015-01-09 15:00:00
20260913-143215,2015,20260913-143215\2015\20150112.parquet,2015-01-12,10200021,563217,2015-01-12 09:30:00,2015-01-12 15:00:00
20260913-143215,2015,20260913-143215\2015\20150113.parquet,2015-01-13,9916349,562494,2015-01-13 09:30:00,2015-01-13 15:00:00
20260913-143215,2015,20260913-143215\2015\20150114.parquet,2015-01-14,9945074,561289,2015-01-14 09:30:00,2015-01-14 15:00:00
20260913-143215,2015,20260913-143215\2015\20150115.parquet,2015-01-15,9872073,559602,2015-01-15 09:30:00,2015-01-15 15:00:00
20260913-143215,2015,20260913-143215\2015\20150116.parquet,2015-01-16,9781780,561289,2015-01-16 09:30:00,2015-01-16 15:00:00
20260913-143215,2015,20260913-143215\2015\20150119.parquet,2015-01-19,10534933,560084,2015-01-19 09:30:00,2015-01-19 15:00:00
20260913-143215,2015,20260913-143215\2015\20150120.parquet,2015-01-20,10248804,559843,2015-01-20 09:30:00,2015-01-20 15:00:00
20260913-143215,2015,20260913-143215\2015\20150121.parquet,2015-01-21,10237294,560566,2015-01-21 09:30:00,2015-01-21 15:00:00
20260913-143215,2015,20260913-143215\2015\20150122.parquet,2015-01-22,10152700,562494,2015-01-22 09:30:00,2015-01-22 15:00:00
20260913-143215,2015,20260913-143215\2015\20150123.parquet,2015-01-23,10273748,561530,2015-01-23 09:30:00,2015-01-23 15:00:00
20260913-143215,2015,20260913-143215\2015\20150126.parquet,2015-01-26,10096701,562735,2015-01-26 09:30:00,2015-01-26 15:00:00
20260913-143215,2015,20260913-143215\2015\20150127.parquet,2015-01-27,10357703,563699,2015-01-27 09:30:00,2015-01-27 15:00:00
20260913-143215,2015,20260913-143215\2015\20150128.parquet,2015-01-28,10276841,566109,2015-01-28 09:30:00,2015-01-28 15:00:00
20260913-143215,2015,20260913-143215\2015\20150129.parquet,2015-01-29,10130029,566832,2015-01-29 09:30:00,2015-01-29 15:00:00
20260913-143215,2015,20260913-143215\2015\20150130.parquet,2015-01-30,10256049,567314,2015-01-30 09:30:00,2015-01-30 15:00:00
20260913-143215,2015,20260913-143215\2015\20150202.parquet,2015-02-02,10161785,565868,2015-02-02 09:30:00,2015-02-02 15:00:00
20260913-143215,2015,20260913-143215\2015\20150203.parquet,2015-02-03,10043432,566109,2015-02-03 09:30:00,2015-02-03 15:00:00
20260913-143215,2015,20260913-143215\2015\20150204.parquet,2015-02-04,10017717,566350,2015-02-04 09:30:00,2015-02-04 15:00:00
20260913-143215,2015,20260913-143215\2015\20150205.parquet,2015-02-05,10329222,565386,2015-02-05 09:30:00,2015-02-05 15:00:00
20260913-143215,2015,20260913-143215\2015\20150206.parquet,2015-02-06,10372124,564663,2015-02-06 09:30:00,2015-02-06 15:00:00
20260913-143215,2015,20260913-143215\2015\20150209.parquet,2015-02-09,10067628,564422,2015-02-09 09:30:00,2015-02-09 15:00:00
20260913-143215,2015,20260913-143215\2015\20150210.parquet,2015-02-10,9755197,564663,2015-02-10 09:30:00,2015-02-10 15:00:00
20260913-143215,2015,20260913-143215\2015\20150211.parquet,2015-02-11,9742518,566109,2015-02-11 09:30:00,2015-02-11 15:00:00
20260913-143215,2015,20260913-143215\2015\20150212.parquet,2015-02-12,9910947,566832,2015-02-12 09:30:00,2015-02-12 15:00:00
20260913-143215,2015,20260913-143215\2015\20150213.parquet,2015-02-13,10077261,567314,2015-02-13 09:30:00,2015-02-13 15:00:00
20260913-143215,2015,20260913-143215\2015\20150216.parquet,2015-02-16,10048929,569242,2015-02-16 09:30:00,2015-02-16 15:00:00
20260913-143215,2015,20260913-143215\2015\20150217.parquet,2015-02-17,9978104,575508,2015-02-17 09:30:00,2015-02-17 15:00:00
20260913-143215,2015,20260913-143215\2015\20150225.parquet,2015-02-25,10276730,573821,2015-02-25 09:30:00,2015-02-25 15:00:00
20260913-143215,2015,20260913-143215\2015\20150226.parquet,2015-02-26,10259837,573821,2015-02-26 09:30:00,2015-02-26 15:00:00
20260913-143215,2015,20260913-143215\2015\20150227.parquet,2015-02-27,10240244,574062,2015-02-27 09:30:00,2015-02-27 15:00:00
20260913-143215,2015,20260913-143215\2015\20150302.parquet,2015-03-02,10465337,572616,2015-03-02 09:30:00,2015-03-02 15:00:00
20260913-143215,2015,20260913-143215\2015\20150303.parquet,2015-03-03,10635635,571652,2015-03-03 09:30:00,2015-03-03 15:00:00
20260913-143215,2015,20260913-143215\2015\20150304.parquet,2015-03-04,10513014,571652,2015-03-04 09:30:00,2015-03-04 15:00:00
20260913-143215,2015,20260913-143215\2015\20150305.parquet,2015-03-05,10067273,569965,2015-03-05 09:30:00,2015-03-05 15:00:00
20260913-143215,2015,20260913-143215\2015\20150306.parquet,2015-03-06,10597400,569965,2015-03-06 09:30:00,2015-03-06 15:00:00
20260913-143215,2015,20260913-143215\2015\20150309.parquet,2015-03-09,10628004,569242,2015-03-09 09:30:00,2015-03-09 15:00:00
20260913-143215,2015,20260913-143215\2015\20150310.parquet,2015-03-10,10455945,569483,2015-03-10 09:30:00,2015-03-10 15:00:00
20260913-143215,2015,20260913-143215\2015\20150311.parquet,2015-03-11,10544618,570206,2015-03-11 09:30:00,2015-03-11 15:00:00
20260913-143215,2015,20260913-143215\2015\20150312.parquet,2015-03-12,10676700,569724,2015-03-12 09:30:00,2015-03-12 15:00:00
20260913-143215,2015,20260913-143215\2015\20150313.parquet,2015-03-13,10485883,567796,2015-03-13 09:30:00,2015-03-13 15:00:00
20260913-143215,2015,20260913-143215\2015\20150316.parquet,2015-03-16,10510126,566350,2015-03-16 09:30:00,2015-03-16 15:00:00
20260913-143215,2015,20260913-143215\2015\20150317.parquet,2015-03-17,10726662,566109,2015-03-17 09:30:00,2015-03-17 15:00:00
20260913-143215,2015,20260913-143215\2015\20150318.parquet,2015-03-18,10681477,566350,2015-03-18 09:30:00,2015-03-18 15:00:00
20260913-143215,2015,20260913-143215\2015\20150319.parquet,2015-03-19,10846222,566591,2015-03-19 09:30:00,2015-03-19 15:00:00
20260913-143215,2015,20260913-143215\2015\20150320.parquet,2015-03-20,10783117,567314,2015-03-20 09:30:00,2015-03-20 15:00:00
20260913-143215,2015,20260913-143215\2015\20150323.parquet,2015-03-23,10648610,566109,2015-03-23 09:30:00,2015-03-23 15:00:00
20260913-143215,2015,20260913-143215\2015\20150324.parquet,2015-03-24,11000590,566350,2015-03-24 09:30:00,2015-03-24 15:00:00
20260913-143215,2015,20260913-143215\2015\20150325.parquet,2015-03-25,10816802,565145,2015-03-25 09:30:00,2015-03-25 15:00:00
20260913-143215,2015,20260913-143215\2015\20150326.parquet,2015-03-26,10888208,564663,2015-03-26 09:30:00,2015-03-26 15:00:00
20260913-143215,2015,20260913-143215\2015\20150327.parquet,2015-03-27,10690065,564181,2015-03-27 09:30:00,2015-03-27 15:00:00
20260913-143215,2015,20260913-143215\2015\20150330.parquet,2015-03-30,10699935,562253,2015-03-30 09:30:00,2015-03-30 15:00:00
20260913-143215,2015,20260913-143215\2015\20150331.parquet,2015-03-31,10882317,563699,2015-03-31 09:30:00,2015-03-31 15:00:00
20260913-143215,2015,20260913-143215\2015\20150401.parquet,2015-04-01,10625265,563458,2015-04-01 09:30:00,2015-04-01 15:00:00
20260913-143215,2015,20260913-143215\2015\20150402.parquet,2015-04-02,10763256,562012,2015-04-02 09:30:00,2015-04-02 15:00:00
20260913-143215,2015,20260913-143215\2015\20150403.parquet,2015-04-03,10782085,564663,2015-04-03 09:30:00,2015-04-03 15:00:00
20260913-143215,2015,20260913-143215\2015\20150407.parquet,2015-04-07,10785567,561530,2015-04-07 09:30:00,2015-04-07 15:00:00
20260913-143215,2015,20260913-143215\2015\20150408.parquet,2015-04-08,10794771,561289,2015-04-08 09:30:00,2015-04-08 15:00:00
20260913-143215,2015,20260913-143215\2015\20150409.parquet,2015-04-09,10992895,561048,2015-04-09 09:30:00,2015-04-09 15:00:00
20260913-143215,2015,20260913-143215\2015\20150410.parquet,2015-04-10,10816276,560566,2015-04-10 09:30:00,2015-04-10 15:00:00
20260913-143215,2015,20260913-143215\2015\20150413.parquet,2015-04-13,10791339,560566,2015-04-13 09:30:00,2015-04-13 15:00:00
20260913-143215,2015,20260913-143215\2015\20150414.parquet,2015-04-14,10931056,561289,2015-04-14 09:30:00,2015-04-14 15:00:00
20260913-143215,2015,20260913-143215\2015\20150415.parquet,2015-04-15,10905852,557915,2015-04-15 09:30:00,2015-04-15 15:00:00
20260913-143215,2015,20260913-143215\2015\20150416.parquet,2015-04-16,10838430,557674,2015-04-16 09:30:00,2015-04-16 15:00:00
20260913-143215,2015,20260913-143215\2015\20150417.parquet,2015-04-17,10881337,558397,2015-04-17 09:30:00,2015-04-17 15:00:00
20260913-143215,2015,20260913-143215\2015\20150420.parquet,2015-04-20,11014601,557915,2015-04-20 09:30:00,2015-04-20 15:00:00
20260913-143215,2015,20260913-143215\2015\20150421.parquet,2015-04-21,10815941,560566,2015-04-21 09:30:00,2015-04-21 15:00:00
20260913-143215,2015,20260913-143215\2015\20150422.parquet,2015-04-22,10819177,564181,2015-04-22 09:30:00,2015-04-22 15:00:00
20260913-143215,2015,20260913-143215\2015\20150423.parquet,2015-04-23,10974285,566350,2015-04-23 09:30:00,2015-04-23 15:00:00
20260913-143215,2015,20260913-143215\2015\20150424.parquet,2015-04-24,11000452,568760,2015-04-24 09:30:00,2015-04-24 15:00:00
20260913-143215,2015,20260913-143215\2015\20150427.parquet,2015-04-27,10948146,570206,2015-04-27 09:30:00,2015-04-27 15:00:00
20260913-143215,2015,20260913-143215\2015\20150428.parquet,2015-04-28,11013587,572616,2015-04-28 09:30:00,2015-04-28 15:00:00
20260913-143215,2015,20260913-143215\2015\20150429.parquet,2015-04-29,10803700,571652,2015-04-29 09:30:00,2015-04-29 15:00:00
20260913-143215,2015,20260913-143215\2015\20150430.parquet,2015-04-30,10835242,572375,2015-04-30 09:30:00,2015-04-30 15:00:00
20260913-143215,2015,20260913-143215\2015\20150504.parquet,2015-05-04,10771930,570206,2015-05-04 09:30:00,2015-05-04 15:00:00
20260913-143215,2015,20260913-143215\2015\20150505.parquet,2015-05-05,10949318,568519,2015-05-05 09:30:00,2015-05-05 15:00:00
20260913-143215,2015,20260913-143215\2015\20150506.parquet,2015-05-06,10916901,566832,2015-05-06 09:30:00,2015-05-06 15:00:00
20260913-143215,2015,20260913-143215\2015\20150507.parquet,2015-05-07,10907428,566350,2015-05-07 09:30:00,2015-05-07 15:00:00
20260913-143215,2015,20260913-143215\2015\20150508.parquet,2015-05-08,10760248,566591,2015-05-08 09:30:00,2015-05-08 15:00:00
20260913-143215,2015,20260913-143215\2015\20150511.parquet,2015-05-11,10809525,568760,2015-05-11 09:30:00,2015-05-11 15:00:00
20260913-143215,2015,20260913-143215\2015\20150512.parquet,2015-05-12,10950841,569965,2015-05-12 09:30:00,2015-05-12 15:00:00
20260913-143215,2015,20260913-143215\2015\20150513.parquet,2015-05-13,10951701,568519,2015-05-13 09:30:00,2015-05-13 15:00:00
20260913-143215,2015,20260913-143215\2015\20150514.parquet,2015-05-14,10856965,568037,2015-05-14 09:30:00,2015-05-14 15:00:00
20260913-143215,2015,20260913-143215\2015\20150515.parquet,2015-05-15,11015155,571170,2015-05-15 09:30:00,2015-05-15 15:00:00
20260913-143215,2015,20260913-143215\2015\20150518.parquet,2015-05-18,10669121,569001,2015-05-18 09:30:00,2015-05-18 15:00:00
20260913-143215,2015,20260913-143215\2015\20150519.parquet,2015-05-19,10762119,569242,2015-05-19 09:30:00,2015-05-19 15:00:00
20260913-143215,2015,20260913-143215\2015\20150520.parquet,2015-05-20,10734694,569965,2015-05-20 09:30:00,2015-05-20 15:00:00
20260913-143215,2015,20260913-143215\2015\20150521.parquet,2015-05-21,10718945,569483,2015-05-21 09:30:00,2015-05-21 15:00:00
20260913-143215,2015,20260913-143215\2015\20150522.parquet,2015-05-22,10852662,567073,2015-05-22 09:30:00,2015-05-22 15:00:00
20260913-143215,2015,20260913-143215\2015\20150525.parquet,2015-05-25,10715156,562494,2015-05-25 09:30:00,2015-05-25 15:00:00
20260913-143215,2015,20260913-143215\2015\20150526.parquet,2015-05-26,10687146,563699,2015-05-26 09:30:00,2015-05-26 15:00:00
20260913-143215,2015,20260913-143215\2015\20150527.parquet,2015-05-27,10696766,564904,2015-05-27 09:30:00,2015-05-27 15:00:00
20260913-143215,2015,20260913-143215\2015\20150528.parquet,2015-05-28,10810944,564663,2015-05-28 09:30:00,2015-05-28 15:00:00
20260913-143215,2015,20260913-143215\2015\20150529.parquet,2015-05-29,11051300,563940,2015-05-29 09:30:00,2015-05-29 15:00:00
20260913-143215,2015,20260913-143215\2015\20150601.parquet,2015-06-01,10571110,559361,2015-06-01 09:30:00,2015-06-01 15:00:00
20260913-143215,2015,20260913-143215\2015\20150602.parquet,2015-06-02,10684976,559361,2015-06-02 09:30:00,2015-06-02 15:00:00
20260913-143215,2015,20260913-143215\2015\20150603.parquet,2015-06-03,10860639,559361,2015-06-03 09:30:00,2015-06-03 15:00:00
20260913-143215,2015,20260913-143215\2015\20150604.parquet,2015-06-04,10899242,559361,2015-06-04 09:30:00,2015-06-04 15:00:00
20260913-143215,2015,20260913-143215\2015\20150605.parquet,2015-06-05,11006138,559361,2015-06-05 09:30:00,2015-06-05 15:00:00
20260913-143215,2015,20260913-143215\2015\20150608.parquet,2015-06-08,10942386,556469,2015-06-08 09:30:00,2015-06-08 15:00:00
20260913-143215,2015,20260913-143215\2015\20150609.parquet,2015-06-09,10961431,657689,2015-06-09 09:30:00,2015-06-09 15:00:00
20260913-143215,2015,20260913-143215\2015\20150610.parquet,2015-06-10,10829966,659617,2015-06-10 09:30:00,2015-06-10 15:00:00
20260913-143215,2015,20260913-143215\2015\20150611.parquet,2015-06-11,10805824,661786,2015-06-11 09:30:00,2015-06-11 15:00:00
20260913-143215,2015,20260913-143215\2015\20150612.parquet,2015-06-12,10863974,663232,2015-06-12 09:30:00,2015-06-12 15:00:00
20260913-143215,2015,20260913-143215\2015\20150615.parquet,2015-06-15,10874811,663232,2015-06-15 09:30:00,2015-06-15 15:00:00
20260913-143215,2015,20260913-143215\2015\20150616.parquet,2015-06-16,10973775,663232,2015-06-16 09:30:00,2015-06-16 15:00:00
20260913-143215,2015,20260913-143215\2015\20150617.parquet,2015-06-17,10913569,560566,2015-06-17 09:30:00,2015-06-17 15:00:00
20260913-143215,2015,20260913-143215\2015\20150618.parquet,2015-06-18,10927462,560566,2015-06-18 09:30:00,2015-06-18 15:00:00
20260913-143215,2015,20260913-143215\2015\20150619.parquet,2015-06-19,10833872,561771,2015-06-19 09:30:00,2015-06-19 15:00:00
20260913-143215,2015,20260913-143215\2015\20150623.parquet,2015-06-23,10929592,561771,2015-06-23 09:30:00,2015-06-23 15:00:00
20260913-143215,2015,20260913-143215\2015\20150624.parquet,2015-06-24,11045535,565386,2015-06-24 09:30:00,2015-06-24 15:00:00
20260913-143215,2015,20260913-143215\2015\20150625.parquet,2015-06-25,11065182,565386,2015-06-25 09:30:00,2015-06-25 15:00:00
20260913-143215,2015,20260913-143215\2015\20150626.parquet,2015-06-26,9128671,569001,2015-06-26 09:30:00,2015-06-26 15:00:00
20260913-143215,2015,20260913-143215\2015\20150629.parquet,2015-06-29,9460845,567073,2015-06-29 09:30:00,2015-06-29 15:00:00
20260913-143215,2015,20260913-143215\2015\20150630.parquet,2015-06-30,9874806,564181,2015-06-30 09:30:00,2015-06-30 15:00:00
20260913-143215,2015,20260913-143215\2015\20150701.parquet,2015-07-01,10954747,565627,2015-07-01 09:30:00,2015-07-01 15:00:00
20260913-143215,2015,20260913-143215\2015\20150702.parquet,2015-07-02,10009820,560566,2015-07-02 09:30:00,2015-07-02 15:00:00
20260913-143215,2015,20260913-143215\2015\20150703.parquet,2015-07-03,9066294,549721,2015-07-03 09:30:00,2015-07-03 15:00:00
20260913-143215,2015,20260913-143215\2015\20150706.parquet,2015-07-06,9256914,539840,2015-07-06 09:30:00,2015-07-06 15:00:00
20260913-143215,2015,20260913-143215\2015\20150707.parquet,2015-07-07,5262805,496942,2015-07-07 09:30:00,2015-07-07 15:00:00
20260913-143215,2015,20260913-143215\2015\20150708.parquet,2015-07-08,4206182,403434,2015-07-08 09:30:00,2015-07-08 15:00:00
20260913-143215,2015,20260913-143215\2015\20150709.parquet,2015-07-09,4648420,347040,2015-07-09 09:30:00,2015-07-09 15:00:00
20260913-143215,2015,20260913-143215\2015\20150710.parquet,2015-07-10,2919069,336677,2015-07-10 09:30:00,2015-07-10 15:00:00
20260913-143215,2015,20260913-143215\2015\20150713.parquet,2015-07-13,4935272,421027,2015-07-13 09:30:00,2015-07-13 15:00:00
20260913-143215,2015,20260913-143215\2015\20150714.parquet,2015-07-14,7226668,481518,2015-07-14 09:30:00,2015-07-14 15:00:00
20260913-143215,2015,20260913-143215\2015\20150715.parquet,2015-07-15,8265616,504895,2015-07-15 09:30:00,2015-07-15 15:00:00
20260913-143215,2015,20260913-143215\2015\20150716.parquet,2015-07-16,9963523,509233,2015-07-16 09:30:00,2015-07-16 15:00:00
20260913-143215,2015,20260913-143215\2015\20150717.parquet,2015-07-17,9743893,518391,2015-07-17 09:30:00,2015-07-17 15:00:00
20260913-143215,2015,20260913-143215\2015\20150720.parquet,2015-07-20,10165150,534056,2015-07-20 09:30:00,2015-07-20 15:00:00
20260913-143215,2015,20260913-143215\2015\20150721.parquet,2015-07-21,10215652,540804,2015-07-21 09:30:00,2015-07-21 15:00:00
20260913-143215,2015,20260913-143215\2015\20150722.parquet,2015-07-22,10480095,543214,2015-07-22 09:30:00,2015-07-22 15:00:00
20260913-143215,2015,20260913-143215\2015\20150723.parquet,2015-07-23,10286653,543696,2015-07-23 09:30:00,2015-07-23 15:00:00
20260913-143215,2015,20260913-143215\2015\20150724.parquet,2015-07-24,10628960,544660,2015-07-24 09:30:00,2015-07-24 15:00:00
20260913-143215,2015,20260913-143215\2015\20150727.parquet,2015-07-27,10421808,542973,2015-07-27 09:30:00,2015-07-27 15:00:00
20260913-143215,2015,20260913-143215\2015\20150728.parquet,2015-07-28,10603661,543455,2015-07-28 09:30:00,2015-07-28 15:00:00
20260913-143215,2015,20260913-143215\2015\20150729.parquet,2015-07-29,10635858,545383,2015-07-29 09:30:00,2015-07-29 15:00:00
20260913-143215,2015,20260913-143215\2015\20150730.parquet,2015-07-30,10613916,546829,2015-07-30 09:30:00,2015-07-30 15:00:00
20260913-143215,2015,20260913-143215\2015\20150731.parquet,2015-07-31,10559617,548757,2015-07-31 09:30:00,2015-07-31 15:00:00
20260913-143215,2015,20260913-143215\2015\20150803.parquet,2015-08-03,10197663,547311,2015-08-03 09:30:00,2015-08-03 15:00:00
20260913-143215,2015,20260913-143215\2015\20150804.parquet,2015-08-04,10384318,547552,2015-08-04 09:30:00,2015-08-04 15:00:00
20260913-143215,2015,20260913-143215\2015\20150805.parquet,2015-08-05,10569541,547070,2015-08-05 09:30:00,2015-08-05 15:00:00
20260913-143215,2015,20260913-143215\2015\20150806.parquet,2015-08-06,10471847,546829,2015-08-06 09:30:00,2015-08-06 15:00:00
20260913-143215,2015,20260913-143215\2015\20150807.parquet,2015-08-07,10399315,547070,2015-08-07 09:30:00,2015-08-07 15:00:00
20260913-143215,2015,20260913-143215\2015\20150810.parquet,2015-08-10,10367697,547311,2015-08-10 09:30:00,2015-08-10 15:00:00
20260913-143215,2015,20260913-143215\2015\20150811.parquet,2015-08-11,10617264,548516,2015-08-11 09:30:00,2015-08-11 15:00:00
20260913-143215,2015,20260913-143215\2015\20150812.parquet,2015-08-12,10647268,548516,2015-08-12 09:30:00,2015-08-12 15:00:00
20260913-143215,2015,20260913-143215\2015\20150813.parquet,2015-08-13,10651767,549239,2015-08-13 09:30:00,2015-08-13 15:00:00
20260913-143215,2015,20260913-143215\2015\20150814.parquet,2015-08-14,10644694,552131,2015-08-14 09:30:00,2015-08-14 15:00:00
20260913-143215,2015,20260913-143215\2015\20150817.parquet,2015-08-17,10671522,553336,2015-08-17 09:30:00,2015-08-17 15:00:00
20260913-143215,2015,20260913-143215\2015\20150818.parquet,2015-08-18,10462345,553818,2015-08-18 09:30:00,2015-08-18 15:00:00
20260913-143215,2015,20260913-143215\2015\20150819.parquet,2015-08-19,10900021,553095,2015-08-19 09:30:00,2015-08-19 15:00:00
20260913-143215,2015,20260913-143215\2015\20150820.parquet,2015-08-20,10757153,555264,2015-08-20 09:30:00,2015-08-20 15:00:00
20260913-143215,2015,20260913-143215\2015\20150821.parquet,2015-08-21,10853917,555264,2015-08-21 09:30:00,2015-08-21 15:00:00
20260913-143215,2015,20260913-143215\2015\20150824.parquet,2015-08-24,6064562,637686,2015-08-24 09:30:00,2015-08-24 15:00:00
20260913-143215,2015,20260913-143215\2015\20150825.parquet,2015-08-25,7506645,637927,2015-08-25 09:30:00,2015-08-25 15:00:00
20260913-143215,2015,20260913-143215\2015\20150826.parquet,2015-08-26,10639394,635517,2015-08-26 09:30:00,2015-08-26 15:00:00
20260913-143215,2015,20260913-143215\2015\20150827.parquet,2015-08-27,10665209,633830,2015-08-27 09:30:00,2015-08-27 15:00:00
20260913-143215,2015,20260913-143215\2015\20150828.parquet,2015-08-28,10528261,632866,2015-08-28 09:30:00,2015-08-28 15:00:00
20260913-143215,2015,20260913-143215\2015\20150831.parquet,2015-08-31,10624012,633107,2015-08-31 09:30:00,2015-08-31 15:00:00
20260913-143215,2015,20260913-143215\2015\20150901.parquet,2015-09-01,10075347,632625,2015-09-01 09:30:00,2015-09-01 15:00:00
20260913-143215,2015,20260913-143215\2015\20150902.parquet,2015-09-02,10669215,631902,2015-09-02 09:30:00,2015-09-02 15:00:00
20260913-143215,2015,20260913-143215\2015\20150907.parquet,2015-09-07,10642349,631420,2015-09-07 09:30:00,2015-09-07 15:00:00
20260913-143215,2015,20260913-143215\2015\20150908.parquet,2015-09-08,10623110,632866,2015-09-08 09:30:00,2015-09-08 15:00:00
20260913-143215,2015,20260913-143215\2015\20150909.parquet,2015-09-09,10647238,633589,2015-09-09 09:30:00,2015-09-09 15:00:00
20260913-143215,2015,20260913-143215\2015\20150910.parquet,2015-09-10,10669324,635035,2015-09-10 09:30:00,2015-09-10 15:00:00
20260913-143215,2015,20260913-143215\2015\20150911.parquet,2015-09-11,10650368,635276,2015-09-11 09:30:00,2015-09-11 15:00:00
20260913-143215,2015,20260913-143215\2015\20150914.parquet,2015-09-14,10058526,636481,2015-09-14 09:30:00,2015-09-14 15:00:00
20260913-143215,2015,20260913-143215\2015\20150915.parquet,2015-09-15,10208113,635758,2015-09-15 09:30:00,2015-09-15 15:00:00
20260913-143215,2015,20260913-143215\2015\20150916.parquet,2015-09-16,10217187,635758,2015-09-16 09:30:00,2015-09-16 15:00:00
20260913-143215,2015,20260913-143215\2015\20150917.parquet,2015-09-17,10713394,635758,2015-09-17 09:30:00,2015-09-17 15:00:00
20260913-143215,2015,20260913-143215\2015\20150918.parquet,2015-09-18,10263255,635276,2015-09-18 09:30:00,2015-09-18 15:00:00
20260913-143215,2015,20260913-143215\2015\20150921.parquet,2015-09-21,10543069,635758,2015-09-21 09:30:00,2015-09-21 15:00:00
20260913-143215,2015,20260913-143215\2015\20150922.parquet,2015-09-22,10680982,636481,2015-09-22 09:30:00,2015-09-22 15:00:00
20260913-143215,2015,20260913-143215\2015\20150923.parquet,2015-09-23,10553854,636722,2015-09-23 09:30:00,2015-09-23 15:00:00
20260913-143215,2015,20260913-143215\2015\20150924.parquet,2015-09-24,10424564,635758,2015-09-24 09:30:00,2015-09-24 15:00:00
20260913-143215,2015,20260913-143215\2015\20150925.parquet,2015-09-25,10653040,636240,2015-09-25 09:30:00,2015-09-25 15:00:00
20260913-143215,2015,20260913-143215\2015\20150928.parquet,2015-09-28,10384772,636722,2015-09-28 09:30:00,2015-09-28 15:00:00
20260913-143215,2015,20260913-143215\2015\20150929.parquet,2015-09-29,10393101,635758,2015-09-29 09:30:00,2015-09-29 15:00:00
20260913-143215,2015,20260913-143215\2015\20150930.parquet,2015-09-30,10218206,635758,2015-09-30 09:30:00,2015-09-30 15:00:00
20260913-143215,2015,20260913-143215\2015\20151008.parquet,2015-10-08,10236119,636240,2015-10-08 09:30:00,2015-10-08 15:00:00
20260913-143215,2015,20260913-143215\2015\20151009.parquet,2015-10-09,10384649,635999,2015-10-09 09:30:00,2015-10-09 15:00:00
20260913-143215,2015,20260913-143215\2015\20151012.parquet,2015-10-12,10752610,635035,2015-10-12 09:30:00,2015-10-12 15:00:00
20260913-143215,2015,20260913-143215\2015\20151013.parquet,2015-10-13,10691786,635035,2015-10-13 09:30:00,2015-10-13 15:00:00
20260913-143215,2015,20260913-143215\2015\20151014.parquet,2015-10-14,10788887,633830,2015-10-14 09:30:00,2015-10-14 15:00:00
20260913-143215,2015,20260913-143215\2015\20151015.parquet,2015-10-15,10636529,633348,2015-10-15 09:30:00,2015-10-15 15:00:00
20260913-143215,2015,20260913-143215\2015\20151016.parquet,2015-10-16,10780257,669016,2015-10-16 09:30:00,2015-10-16 15:00:00
20260913-143215,2015,20260913-143215\2015\20151019.parquet,2015-10-19,10829138,669016,2015-10-19 09:30:00,2015-10-19 15:00:00
20260913-143215,2015,20260913-143215\2015\20151020.parquet,2015-10-20,10692318,669016,2015-10-20 09:30:00,2015-10-20 15:00:00
20260913-143215,2015,20260913-143215\2015\20151021.parquet,2015-10-21,10895050,669016,2015-10-21 09:30:00,2015-10-21 15:00:00
20260913-143215,2015,20260913-143215\2015\20151022.parquet,2015-10-22,10832680,669016,2015-10-22 09:30:00,2015-10-22 15:00:00
20260913-143215,2015,20260913-143215\2015\20151023.parquet,2015-10-23,10786910,669016,2015-10-23 09:30:00,2015-10-23 15:00:00
20260913-143215,2015,20260913-143215\2015\20151026.parquet,2015-10-26,10991558,632384,2015-10-26 09:30:00,2015-10-26 15:00:00
20260913-143215,2015,20260913-143215\2015\20151027.parquet,2015-10-27,11010543,633348,2015-10-27 09:30:00,2015-10-27 15:00:00
20260913-143215,2015,20260913-143215\2015\20151028.parquet,2015-10-28,11024768,633107,2015-10-28 09:30:00,2015-10-28 15:00:00
20260913-143215,2015,20260913-143215\2015\20151029.parquet,2015-10-29,10987364,634071,2015-10-29 09:30:00,2015-10-29 15:00:00
20260913-143215,2015,20260913-143215\2015\20151030.parquet,2015-10-30,10939868,634553,2015-10-30 09:30:00,2015-10-30 15:00:00
20260913-143215,2015,20260913-143215\2015\20151102.parquet,2015-11-02,10958519,635999,2015-11-02 09:30:00,2015-11-02 15:00:00
20260913-143215,2015,20260913-143215\2015\20151103.parquet,2015-11-03,10981535,634553,2015-11-03 09:30:00,2015-11-03 15:00:00
20260913-143215,2015,20260913-143215\2015\20151104.parquet,2015-11-04,10979545,635276,2015-11-04 09:30:00,2015-11-04 15:00:00
20260913-143215,2015,20260913-143215\2015\20151105.parquet,2015-11-05,11272176,635999,2015-11-05 09:30:00,2015-11-05 15:00:00
20260913-143215,2015,20260913-143215\2015\20151106.parquet,2015-11-06,11037466,635517,2015-11-06 09:30:00,2015-11-06 15:00:00
20260913-143215,2015,20260913-143215\2015\20151109.parquet,2015-11-09,11176552,636481,2015-11-09 09:30:00,2015-11-09 15:00:00
20260913-143215,2015,20260913-143215\2015\20151110.parquet,2015-11-10,11290838,636722,2015-11-10 09:30:00,2015-11-10 15:00:00
20260913-143215,2015,20260913-143215\2015\20151111.parquet,2015-11-11,11119123,636240,2015-11-11 09:30:00,2015-11-11 15:00:00
20260913-143215,2015,20260913-143215\2015\20151112.parquet,2015-11-12,11343559,636722,2015-11-12 09:30:00,2015-11-12 15:00:00
20260913-143215,2015,20260913-143215\2015\20151113.parquet,2015-11-13,11433528,637686,2015-11-13 09:30:00,2015-11-13 15:00:00
20260913-143215,2015,20260913-143215\2015\20151116.parquet,2015-11-16,11214199,640337,2015-11-16 09:30:00,2015-11-16 15:00:00
20260913-143215,2015,20260913-143215\2015\20151117.parquet,2015-11-17,11356618,640096,2015-11-17 09:30:00,2015-11-17 15:00:00
20260913-143215,2015,20260913-143215\2015\20151118.parquet,2015-11-18,11290351,640337,2015-11-18 09:30:00,2015-11-18 15:00:00
20260913-143215,2015,20260913-143215\2015\20151119.parquet,2015-11-19,11099959,641301,2015-11-19 09:30:00,2015-11-19 15:00:00
20260913-143215,2015,20260913-143215\2015\20151120.parquet,2015-11-20,11160522,641301,2015-11-20 09:30:00,2015-11-20 15:00:00
20260913-143215,2015,20260913-143215\2015\20151123.parquet,2015-11-23,11296577,642024,2015-11-23 09:30:00,2015-11-23 15:00:00
20260913-143215,2015,20260913-143215\2015\20151124.parquet,2015-11-24,11256383,642988,2015-11-24 09:30:00,2015-11-24 15:00:00
20260913-143215,2015,20260913-143215\2015\20151125.parquet,2015-11-25,11262136,643229,2015-11-25 09:30:00,2015-11-25 15:00:00
20260913-143215,2015,20260913-143215\2015\20151126.parquet,2015-11-26,11379674,643952,2015-11-26 09:30:00,2015-11-26 15:00:00
20260913-143215,2015,20260913-143215\2015\20151127.parquet,2015-11-27,11598309,642988,2015-11-27 09:30:00,2015-11-27 15:00:00
20260913-143215,2015,20260913-143215\2015\20151130.parquet,2015-11-30,11492982,644193,2015-11-30 09:30:00,2015-11-30 15:00:00
20260913-143215,2015,20260913-143215\2015\20151201.parquet,2015-12-01,11443416,644193,2015-12-01 09:30:00,2015-12-01 15:00:00
20260913-143215,2015,20260913-143215\2015\20151202.parquet,2015-12-02,11502302,643470,2015-12-02 09:30:00,2015-12-02 15:00:00
20260913-143215,2015,20260913-143215\2015\20151203.parquet,2015-12-03,11388861,643470,2015-12-03 09:30:00,2015-12-03 15:00:00
20260913-143215,2015,20260913-143215\2015\20151204.parquet,2015-12-04,11491314,643470,2015-12-04 09:30:00,2015-12-04 15:00:00
20260913-143215,2015,20260913-143215\2015\20151207.parquet,2015-12-07,11385984,644193,2015-12-07 09:30:00,2015-12-07 15:00:00
20260913-143215,2015,20260913-143215\2015\20151208.parquet,2015-12-08,11540823,645157,2015-12-08 09:30:00,2015-12-08 15:00:00
20260913-143215,2015,20260913-143215\2015\20151209.parquet,2015-12-09,11385081,647326,2015-12-09 09:30:00,2015-12-09 15:00:00
20260913-143215,2015,20260913-143215\2015\20151210.parquet,2015-12-10,11378211,648290,2015-12-10 09:30:00,2015-12-10 15:00:00
20260913-143215,2015,20260913-143215\2015\20151211.parquet,2015-12-11,11346761,648772,2015-12-11 09:30:00,2015-12-11 15:00:00
20260913-143215,2015,20260913-143215\2015\20151214.parquet,2015-12-14,11460180,649736,2015-12-14 09:30:00,2015-12-14 15:00:00
20260913-143215,2015,20260913-143215\2015\20151215.parquet,2015-12-15,11500953,650459,2015-12-15 09:30:00,2015-12-15 15:00:00
20260913-143215,2015,20260913-143215\2015\20151216.parquet,2015-12-16,11287028,650459,2015-12-16 09:30:00,2015-12-16 15:00:00
20260913-143215,2015,20260913-143215\2015\20151217.parquet,2015-12-17,11360555,650941,2015-12-17 09:30:00,2015-12-17 15:00:00
20260913-143215,2015,20260913-143215\2015\20151218.parquet,2015-12-18,11579226,650459,2015-12-18 09:30:00,2015-12-18 15:00:00
20260913-143215,2015,20260913-143215\2015\20151221.parquet,2015-12-21,11512537,649977,2015-12-21 09:30:00,2015-12-21 15:00:00
20260913-143215,2015,20260913-143215\2015\20151222.parquet,2015-12-22,11484119,651423,2015-12-22 09:30:00,2015-12-22 15:00:00
20260913-143215,2015,20260913-143215\2015\20151223.parquet,2015-12-23,11594496,651182,2015-12-23 09:30:00,2015-12-23 15:00:00
20260913-143215,2015,20260913-143215\2015\20151224.parquet,2015-12-24,11516248,651905,2015-12-24 09:30:00,2015-12-24 15:00:00
20260913-143215,2015,20260913-143215\2015\20151225.parquet,2015-12-25,11484723,653592,2015-12-25 09:30:00,2015-12-25 15:00:00
20260913-143215,2015,20260913-143215\2015\20151228.parquet,2015-12-28,11661006,654797,2015-12-28 09:30:00,2015-12-28 15:00:00
20260913-143215,2015,20260913-143215\2015\20151229.parquet,2015-12-29,11524177,654315,2015-12-29 09:30:00,2015-12-29 15:00:00
20260913-143215,2015,20260913-143215\2015\20151230.parquet,2015-12-30,11421501,653592,2015-12-30 09:30:00,2015-12-30 15:00:00
20260913-143215,2015,20260913-143215\2015\20151231.parquet,2015-12-31,11598805,654315,2015-12-31 09:30:00,2015-12-31 15:00:00
20260913-143215,2016,20260913-143215\2016\20160104.parquet,2016-01-04,7519580,654797,2016-01-04 09:30:00,2016-01-04 15:00:00
20260913-143215,2016,20260913-143215\2016\20160105.parquet,2016-01-05,11830289,655279,2016-01-05 09:30:00,2016-01-05 15:00:00
20260913-143215,2016,20260913-143215\2016\20160106.parquet,2016-01-06,11627970,655520,2016-01-06 09:30:00,2016-01-06 15:00:00
20260913-143215,2016,20260913-143215\2016\20160107.parquet,2016-01-07,1358632,656484,2016-01-07 09:30:00,2016-01-07 15:00:00
20260913-143215,2016,20260913-143215\2016\20160108.parquet,2016-01-08,11760691,656243,2016-01-08 09:30:00,2016-01-08 15:00:00
20260913-143215,2016,20260913-143215\2016\20160111.parquet,2016-01-11,11421797,656002,2016-01-11 09:30:00,2016-01-11 15:00:00
20260913-143215,2016,20260913-143215\2016\20160112.parquet,2016-01-12,11553400,656484,2016-01-12 09:30:00,2016-01-12 15:00:00
20260913-143215,2016,20260913-143215\2016\20160113.parquet,2016-01-13,11557713,656243,2016-01-13 09:30:00,2016-01-13 15:00:00
20260913-143215,2016,20260913-143215\2016\20160114.parquet,2016-01-14,11794166,656966,2016-01-14 09:30:00,2016-01-14 15:00:00
20260913-143215,2016,20260913-143215\2016\20160115.parquet,2016-01-15,11676572,657448,2016-01-15 09:30:00,2016-01-15 15:00:00
20260913-143215,2016,20260913-143215\2016\20160118.parquet,2016-01-18,11478461,657689,2016-01-18 09:30:00,2016-01-18 15:00:00
20260913-143215,2016,20260913-143215\2016\20160119.parquet,2016-01-19,11442334,658894,2016-01-19 09:30:00,2016-01-19 15:00:00
20260913-143215,2016,20260913-143215\2016\20160120.parquet,2016-01-20,11708676,658653,2016-01-20 09:30:00,2016-01-20 15:00:00
20260913-143215,2016,20260913-143215\2016\20160121.parquet,2016-01-21,11636159,659376,2016-01-21 09:30:00,2016-01-21 15:00:00
20260913-143215,2016,20260913-143215\2016\20160122.parquet,2016-01-22,11525212,659135,2016-01-22 09:30:00,2016-01-22 15:00:00
20260913-143215,2016,20260913-143215\2016\20160125.parquet,2016-01-25,10174736,660099,2016-01-25 09:30:00,2016-01-25 15:00:00
20260913-143215,2016,20260913-143215\2016\20160126.parquet,2016-01-26,11571315,659858,2016-01-26 09:30:00,2016-01-26 15:00:00
20260913-143215,2016,20260913-143215\2016\20160127.parquet,2016-01-27,11594331,660822,2016-01-27 09:30:00,2016-01-27 15:00:00
20260913-143215,2016,20260913-143215\2016\20160128.parquet,2016-01-28,11537901,660581,2016-01-28 09:30:00,2016-01-28 15:00:00
20260913-143215,2016,20260913-143215\2016\20160129.parquet,2016-01-29,11453749,660340,2016-01-29 09:30:00,2016-01-29 15:00:00
20260913-143215,2016,20260913-143215\2016\20160201.parquet,2016-02-01,11450055,660581,2016-02-01 09:30:00,2016-02-01 15:00:00
20260913-143215,2016,20260913-143215\2016\20160202.parquet,2016-02-02,11191241,660340,2016-02-02 09:30:00,2016-02-02 15:00:00
20260913-143215,2016,20260913-143215\2016\20160203.parquet,2016-02-03,11295589,659376,2016-02-03 09:30:00,2016-02-03 15:00:00
20260913-143215,2016,20260913-143215\2016\20160204.parquet,2016-02-04,11118087,660340,2016-02-04 09:30:00,2016-02-04 15:00:00
20260913-143215,2016,20260913-143215\2016\20160205.parquet,2016-02-05,11103821,660581,2016-02-05 09:30:00,2016-02-05 15:00:00
20260913-143215,2016,20260913-143215\2016\20160215.parquet,2016-02-15,11280999,660581,2016-02-15 09:30:00,2016-02-15 15:00:00
20260913-143215,2016,20260913-143215\2016\20160216.parquet,2016-02-16,11251275,660581,2016-02-16 09:30:00,2016-02-16 15:00:00
20260913-143215,2016,20260913-143215\2016\20160217.parquet,2016-02-17,11526362,677210,2016-02-17 09:30:00,2016-02-17 15:00:00
20260913-143215,2016,20260913-143215\2016\20160218.parquet,2016-02-18,11499707,677692,2016-02-18 09:30:00,2016-02-18 15:00:00
20260913-143215,2016,20260913-143215\2016\20160219.parquet,2016-02-19,11343878,677692,2016-02-19 09:30:00,2016-02-19 15:00:00
20260913-143215,2016,20260913-143215\2016\20160222.parquet,2016-02-22,11350406,677692,2016-02-22 09:30:00,2016-02-22 15:00:00
20260913-143215,2016,20260913-143215\2016\20160223.parquet,2016-02-23,11494713,677933,2016-02-23 09:30:00,2016-02-23 15:00:00
20260913-143215,2016,20260913-143215\2016\20160224.parquet,2016-02-24,11614794,677692,2016-02-24 09:30:00,2016-02-24 15:00:00
20260913-143215,2016,20260913-143215\2016\20160225.parquet,2016-02-25,11405522,677933,2016-02-25 09:30:00,2016-02-25 15:00:00
20260913-143215,2016,20260913-143215\2016\20160226.parquet,2016-02-26,11686658,677692,2016-02-26 09:30:00,2016-02-26 15:00:00
20260913-143215,2016,20260913-143215\2016\20160229.parquet,2016-02-29,11000921,677933,2016-02-29 09:30:00,2016-02-29 15:00:00
20260913-143215,2016,20260913-143215\2016\20160301.parquet,2016-03-01,11559697,677692,2016-03-01 09:30:00,2016-03-01 15:00:00
20260913-143215,2016,20260913-143215\2016\20160302.parquet,2016-03-02,11546588,677933,2016-03-02 09:30:00,2016-03-02 15:00:00
20260913-143215,2016,20260913-143215\2016\20160303.parquet,2016-03-03,11650772,677933,2016-03-03 09:30:00,2016-03-03 15:00:00
20260913-143215,2016,20260913-143215\2016\20160304.parquet,2016-03-04,11780724,678174,2016-03-04 09:30:00,2016-03-04 15:00:00
20260913-143215,2016,20260913-143215\2016\20160307.parquet,2016-03-07,11458071,678174,2016-03-07 09:30:00,2016-03-07 15:00:00
20260913-143215,2016,20260913-143215\2016\20160308.parquet,2016-03-08,11668938,678415,2016-03-08 09:30:00,2016-03-08 15:00:00
20260913-143215,2016,20260913-143215\2016\20160309.parquet,2016-03-09,11393821,678897,2016-03-09 09:30:00,2016-03-09 15:00:00
20260913-143215,2016,20260913-143215\2016\20160310.parquet,2016-03-10,11332424,679138,2016-03-10 09:30:00,2016-03-10 15:00:00
20260913-143215,2016,20260913-143215\2016\20160311.parquet,2016-03-11,11197197,661786,2016-03-11 09:30:00,2016-03-11 15:00:00
20260913-143215,2016,20260913-143215\2016\20160314.parquet,2016-03-14,11243210,661786,2016-03-14 09:30:00,2016-03-14 15:00:00
20260913-143215,2016,20260913-143215\2016\20160315.parquet,2016-03-15,11268947,662027,2016-03-15 09:30:00,2016-03-15 15:00:00
20260913-143215,2016,20260913-143215\2016\20160316.parquet,2016-03-16,11398893,662750,2016-03-16 09:30:00,2016-03-16 15:00:00
20260913-143215,2016,20260913-143215\2016\20160317.parquet,2016-03-17,11406296,662509,2016-03-17 09:30:00,2016-03-17 15:00:00
20260913-143215,2016,20260913-143215\2016\20160318.parquet,2016-03-18,11475096,662027,2016-03-18 09:30:00,2016-03-18 15:00:00
20260913-143215,2016,20260913-143215\2016\20160321.parquet,2016-03-21,11494870,661786,2016-03-21 09:30:00,2016-03-21 15:00:00
20260913-143215,2016,20260913-143215\2016\20160322.parquet,2016-03-22,11482945,662268,2016-03-22 09:30:00,2016-03-22 15:00:00
20260913-143215,2016,20260913-143215\2016\20160323.parquet,2016-03-23,11183136,661304,2016-03-23 09:30:00,2016-03-23 15:00:00
20260913-143215,2016,20260913-143215\2016\20160324.parquet,2016-03-24,11459715,661545,2016-03-24 09:30:00,2016-03-24 15:00:00
20260913-143215,2016,20260913-143215\2016\20160325.parquet,2016-03-25,11226482,661304,2016-03-25 09:30:00,2016-03-25 15:00:00
20260913-143215,2016,20260913-143215\2016\20160328.parquet,2016-03-28,11458159,661786,2016-03-28 09:30:00,2016-03-28 15:00:00
20260913-143215,2016,20260913-143215\2016\20160329.parquet,2016-03-29,11498754,660340,2016-03-29 09:30:00,2016-03-29 15:00:00
20260913-143215,2016,20260913-143215\2016\20160330.parquet,2016-03-30,11253882,659858,2016-03-30 09:30:00,2016-03-30 15:00:00
20260913-143215,2016,20260913-143215\2016\20160331.parquet,2016-03-31,11377460,660099,2016-03-31 09:30:00,2016-03-31 15:00:00
20260913-143215,2016,20260913-143215\2016\20160401.parquet,2016-04-01,11422046,659376,2016-04-01 09:30:00,2016-04-01 15:00:00
20260913-143215,2016,20260913-143215\2016\20160405.parquet,2016-04-05,11317943,658894,2016-04-05 09:30:00,2016-04-05 15:00:00
20260913-143215,2016,20260913-143215\2016\20160406.parquet,2016-04-06,11375598,658412,2016-04-06 09:30:00,2016-04-06 15:00:00
20260913-143215,2016,20260913-143215\2016\20160407.parquet,2016-04-07,11375655,659135,2016-04-07 09:30:00,2016-04-07 15:00:00
20260913-143215,2016,20260913-143215\2016\20160408.parquet,2016-04-08,11456793,659376,2016-04-08 09:30:00,2016-04-08 15:00:00
20260913-143215,2016,20260913-143215\2016\20160411.parquet,2016-04-11,11124114,661063,2016-04-11 09:30:00,2016-04-11 15:00:00
20260913-143215,2016,20260913-143215\2016\20160412.parquet,2016-04-12,11263375,661545,2016-04-12 09:30:00,2016-04-12 15:00:00
20260913-143215,2016,20260913-143215\2016\20160413.parquet,2016-04-13,11264848,660581,2016-04-13 09:30:00,2016-04-13 15:00:00
20260913-143215,2016,20260913-143215\2016\20160414.parquet,2016-04-14,11162381,661304,2016-04-14 09:30:00,2016-04-14 15:00:00
20260913-143215,2016,20260913-143215\2016\20160415.parquet,2016-04-15,11180418,662027,2016-04-15 09:30:00,2016-04-15 15:00:00
20260913-143215,2016,20260913-143215\2016\20160418.parquet,2016-04-18,11209078,662509,2016-04-18 09:30:00,2016-04-18 15:00:00
20260913-143215,2016,20260913-143215\2016\20160419.parquet,2016-04-19,11198378,663232,2016-04-19 09:30:00,2016-04-19 15:00:00
20260913-143215,2016,20260913-143215\2016\20160420.parquet,2016-04-20,11636447,663232,2016-04-20 09:30:00,2016-04-20 15:00:00
20260913-143215,2016,20260913-143215\2016\20160421.parquet,2016-04-21,11267831,662509,2016-04-21 09:30:00,2016-04-21 15:00:00
20260913-143215,2016,20260913-143215\2016\20160422.parquet,2016-04-22,11105115,662509,2016-04-22 09:30:00,2016-04-22 15:00:00
20260913-143215,2016,20260913-143215\2016\20160425.parquet,2016-04-25,11146915,663232,2016-04-25 09:30:00,2016-04-25 15:00:00
20260913-143215,2016,20260913-143215\2016\20160426.parquet,2016-04-26,11027324,663232,2016-04-26 09:30:00,2016-04-26 15:00:00
20260913-143215,2016,20260913-143215\2016\20160427.parquet,2016-04-27,11028370,663232,2016-04-27 09:30:00,2016-04-27 15:00:00
20260913-143215,2016,20260913-143215\2016\20160428.parquet,2016-04-28,11236357,663473,2016-04-28 09:30:00,2016-04-28 15:00:00
20260913-143215,2016,20260913-143215\2016\20160429.parquet,2016-04-29,10918001,663955,2016-04-29 09:30:00,2016-04-29 15:00:00
20260913-143215,2016,20260913-143215\2016\20160503.parquet,2016-05-03,11191610,664678,2016-05-03 09:30:00,2016-05-03 15:00:00
20260913-143215,2016,20260913-143215\2016\20160504.parquet,2016-05-04,11165224,665401,2016-05-04 09:30:00,2016-05-04 15:00:00
20260913-143215,2016,20260913-143215\2016\20160505.parquet,2016-05-05,11033538,665160,2016-05-05 09:30:00,2016-05-05 15:00:00
20260913-143215,2016,20260913-143215\2016\20160506.parquet,2016-05-06,11627350,665401,2016-05-06 09:30:00,2016-05-06 15:00:00
20260913-143215,2016,20260913-143215\2016\20160509.parquet,2016-05-09,11468480,665401,2016-05-09 09:30:00,2016-05-09 15:00:00
20260913-143215,2016,20260913-143215\2016\20160510.parquet,2016-05-10,11015276,665883,2016-05-10 09:30:00,2016-05-10 15:00:00
20260913-143215,2016,20260913-143215\2016\20160511.parquet,2016-05-11,11186262,666365,2016-05-11 09:30:00,2016-05-11 15:00:00
20260913-143215,2016,20260913-143215\2016\20160512.parquet,2016-05-12,11272169,665642,2016-05-12 09:30:00,2016-05-12 15:00:00
20260913-143215,2016,20260913-143215\2016\20160513.parquet,2016-05-13,11026833,664919,2016-05-13 09:30:00,2016-05-13 15:00:00
20260913-143215,2016,20260913-143215\2016\20160516.parquet,2016-05-16,11020838,665401,2016-05-16 09:30:00,2016-05-16 15:00:00
20260913-143215,2016,20260913-143215\2016\20160517.parquet,2016-05-17,11071561,665160,2016-05-17 09:30:00,2016-05-17 15:00:00
20260913-143215,2016,20260913-143215\2016\20160518.parquet,2016-05-18,11318247,664919,2016-05-18 09:30:00,2016-05-18 15:00:00
20260913-143215,2016,20260913-143215\2016\20160519.parquet,2016-05-19,10987975,665883,2016-05-19 09:30:00,2016-05-19 15:00:00
20260913-143215,2016,20260913-143215\2016\20160520.parquet,2016-05-20,10931478,666124,2016-05-20 09:30:00,2016-05-20 15:00:00
20260913-143215,2016,20260913-143215\2016\20160523.parquet,2016-05-23,10837967,666124,2016-05-23 09:30:00,2016-05-23 15:00:00
20260913-143215,2016,20260913-143215\2016\20160524.parquet,2016-05-24,10963678,666365,2016-05-24 09:30:00,2016-05-24 15:00:00
20260913-143215,2016,20260913-143215\2016\20160525.parquet,2016-05-25,10793706,666606,2016-05-25 09:30:00,2016-05-25 15:00:00
20260913-143215,2016,20260913-143215\2016\20160526.parquet,2016-05-26,11145705,667570,2016-05-26 09:30:00,2016-05-26 15:00:00
20260913-143215,2016,20260913-143215\2016\20160527.parquet,2016-05-27,10773068,667570,2016-05-27 09:30:00,2016-05-27 15:00:00
20260913-143215,2016,20260913-143215\2016\20160530.parquet,2016-05-30,10868877,669257,2016-05-30 09:30:00,2016-05-30 15:00:00
20260913-143215,2016,20260913-143215\2016\20160531.parquet,2016-05-31,11239527,668534,2016-05-31 09:30:00,2016-05-31 15:00:00
20260913-143215,2016,20260913-143215\2016\20160601.parquet,2016-06-01,11232978,687091,2016-06-01 09:30:00,2016-06-01 15:00:00
20260913-143215,2016,20260913-143215\2016\20160602.parquet,2016-06-02,11129113,687332,2016-06-02 09:30:00,2016-06-02 15:00:00
20260913-143215,2016,20260913-143215\2016\20160603.parquet,2016-06-03,11284603,687573,2016-06-03 09:30:00,2016-06-03 15:00:00
20260913-143215,2016,20260913-143215\2016\20160606.parquet,2016-06-06,11135170,687814,2016-06-06 09:30:00,2016-06-06 15:00:00
20260913-143215,2016,20260913-143215\2016\20160607.parquet,2016-06-07,11104861,688055,2016-06-07 09:30:00,2016-06-07 15:00:00
20260913-143215,2016,20260913-143215\2016\20160608.parquet,2016-06-08,11175580,688778,2016-06-08 09:30:00,2016-06-08 15:00:00
20260913-143215,2016,20260913-143215\2016\20160613.parquet,2016-06-13,11469696,688778,2016-06-13 09:30:00,2016-06-13 15:00:00
20260913-143215,2016,20260913-143215\2016\20160614.parquet,2016-06-14,11228397,688537,2016-06-14 09:30:00,2016-06-14 15:00:00
20260913-143215,2016,20260913-143215\2016\20160615.parquet,2016-06-15,11397921,689019,2016-06-15 09:30:00,2016-06-15 15:00:00
20260913-143215,2016,20260913-143215\2016\20160616.parquet,2016-06-16,11303193,688778,2016-06-16 09:30:00,2016-06-16 15:00:00
20260913-143215,2016,20260913-143215\2016\20160617.parquet,2016-06-17,11214172,688778,2016-06-17 09:30:00,2016-06-17 15:00:00
20260913-143215,2016,20260913-143215\2016\20160620.parquet,2016-06-20,9108851,689019,2016-06-20 09:30:00,2016-06-20 15:00:00
20260913-143215,2016,20260913-143215\2016\20160621.parquet,2016-06-21,11333090,688778,2016-06-21 09:30:00,2016-06-21 15:00:00
20260913-143215,2016,20260913-143215\2016\20160622.parquet,2016-06-22,10993797,689019,2016-06-22 09:30:00,2016-06-22 15:00:00
20260913-143215,2016,20260913-143215\2016\20160623.parquet,2016-06-23,11162844,689260,2016-06-23 09:30:00,2016-06-23 15:00:00
20260913-143215,2016,20260913-143215\2016\20160624.parquet,2016-06-24,11702529,689742,2016-06-24 09:30:00,2016-06-24 15:00:00
20260913-143215,2016,20260913-143215\2016\20160627.parquet,2016-06-27,11134591,689742,2016-06-27 09:30:00,2016-06-27 15:00:00
20260913-143215,2016,20260913-143215\2016\20160628.parquet,2016-06-28,11353341,689983,2016-06-28 09:30:00,2016-06-28 15:00:00
20260913-143215,2016,20260913-143215\2016\20160629.parquet,2016-06-29,11213572,690224,2016-06-29 09:30:00,2016-06-29 15:00:00
20260913-143215,2016,20260913-143215\2016\20160630.parquet,2016-06-30,11166331,690465,2016-06-30 09:30:00,2016-06-30 15:00:00
20260913-143215,2016,20260913-143215\2016\20160701.parquet,2016-07-01,11071640,690465,2016-07-01 09:30:00,2016-07-01 15:00:00
20260913-143215,2016,20260913-143215\2016\20160704.parquet,2016-07-04,11317759,690465,2016-07-04 09:30:00,2016-07-04 15:00:00
20260913-143215,2016,20260913-143215\2016\20160705.parquet,2016-07-05,11407923,690947,2016-07-05 09:30:00,2016-07-05 15:00:00
20260913-143215,2016,20260913-143215\2016\20160706.parquet,2016-07-06,11413920,691188,2016-07-06 09:30:00,2016-07-06 15:00:00
20260913-143215,2016,20260913-143215\2016\20160707.parquet,2016-07-07,11565912,691429,2016-07-07 09:30:00,2016-07-07 15:00:00
20260913-143215,2016,20260913-143215\2016\20160708.parquet,2016-07-08,11351819,691670,2016-07-08 09:30:00,2016-07-08 15:00:00
20260913-143215,2016,20260913-143215\2016\20160711.parquet,2016-07-11,11545511,691670,2016-07-11 09:30:00,2016-07-11 15:00:00
20260913-143215,2016,20260913-143215\2016\20160712.parquet,2016-07-12,11669718,692152,2016-07-12 09:30:00,2016-07-12 15:00:00
20260913-143215,2016,20260913-143215\2016\20160713.parquet,2016-07-13,11375672,692393,2016-07-13 09:30:00,2016-07-13 15:00:00
20260913-143215,2016,20260913-143215\2016\20160714.parquet,2016-07-14,11267878,692393,2016-07-14 09:30:00,2016-07-14 15:00:00
20260913-143215,2016,20260913-143215\2016\20160715.parquet,2016-07-15,11311995,692393,2016-07-15 09:30:00,2016-07-15 15:00:00
20260913-143215,2016,20260913-143215\2016\20160718.parquet,2016-07-18,11322072,692152,2016-07-18 09:30:00,2016-07-18 15:00:00
20260913-143215,2016,20260913-143215\2016\20160719.parquet,2016-07-19,11301765,692393,2016-07-19 09:30:00,2016-07-19 15:00:00
20260913-143215,2016,20260913-143215\2016\20160720.parquet,2016-07-20,11198555,691429,2016-07-20 09:30:00,2016-07-20 15:00:00
20260913-143215,2016,20260913-143215\2016\20160721.parquet,2016-07-21,11174409,692634,2016-07-21 09:30:00,2016-07-21 15:00:00
20260913-143215,2016,20260913-143215\2016\20160722.parquet,2016-07-22,11252043,692634,2016-07-22 09:30:00,2016-07-22 15:00:00
20260913-143215,2016,20260913-143215\2016\20160725.parquet,2016-07-25,11211153,692634,2016-07-25 09:30:00,2016-07-25 15:00:00
20260913-143215,2016,20260913-143215\2016\20160726.parquet,2016-07-26,10950390,693357,2016-07-26 09:30:00,2016-07-26 15:00:00
20260913-143215,2016,20260913-143215\2016\20160727.parquet,2016-07-27,12011341,693357,2016-07-27 09:30:00,2016-07-27 15:00:00
20260913-143215,2016,20260913-143215\2016\20160728.parquet,2016-07-28,11789021,693357,2016-07-28 09:30:00,2016-07-28 15:00:00
20260913-143215,2016,20260913-143215\2016\20160729.parquet,2016-07-29,11411987,693598,2016-07-29 09:30:00,2016-07-29 15:00:00
20260913-143215,2016,20260913-143215\2016\20160801.parquet,2016-08-01,11669702,693839,2016-08-01 09:30:00,2016-08-01 15:00:00
20260913-143215,2016,20260913-143215\2016\20160802.parquet,2016-08-02,11051961,694321,2016-08-02 09:30:00,2016-08-02 15:00:00
20260913-143215,2016,20260913-143215\2016\20160803.parquet,2016-08-03,10971632,694562,2016-08-03 09:30:00,2016-08-03 15:00:00
20260913-143215,2016,20260913-143215\2016\20160804.parquet,2016-08-04,11048182,694321,2016-08-04 09:30:00,2016-08-04 15:00:00
20260913-143215,2016,20260913-143215\2016\20160805.parquet,2016-08-05,10956589,694803,2016-08-05 09:30:00,2016-08-05 15:00:00
20260913-143215,2016,20260913-143215\2016\20160808.parquet,2016-08-08,11365444,695044,2016-08-08 09:30:00,2016-08-08 15:00:00
20260913-143215,2016,20260913-143215\2016\20160809.parquet,2016-08-09,11109654,696008,2016-08-09 09:30:00,2016-08-09 15:00:00
20260913-143215,2016,20260913-143215\2016\20160810.parquet,2016-08-10,11185906,696249,2016-08-10 09:30:00,2016-08-10 15:00:00
20260913-143215,2016,20260913-143215\2016\20160811.parquet,2016-08-11,11385004,696249,2016-08-11 09:30:00,2016-08-11 15:00:00
20260913-143215,2016,20260913-143215\2016\20160812.parquet,2016-08-12,11194613,696972,2016-08-12 09:30:00,2016-08-12 15:00:00
20260913-143215,2016,20260913-143215\2016\20160815.parquet,2016-08-15,11797713,696972,2016-08-15 09:30:00,2016-08-15 15:00:00
20260913-143215,2016,20260913-143215\2016\20160816.parquet,2016-08-16,11527723,697454,2016-08-16 09:30:00,2016-08-16 15:00:00
20260913-143215,2016,20260913-143215\2016\20160817.parquet,2016-08-17,11462398,697454,2016-08-17 09:30:00,2016-08-17 15:00:00
20260913-143215,2016,20260913-143215\2016\20160818.parquet,2016-08-18,11547766,698177,2016-08-18 09:30:00,2016-08-18 15:00:00
20260913-143215,2016,20260913-143215\2016\20160819.parquet,2016-08-19,11357433,698418,2016-08-19 09:30:00,2016-08-19 15:00:00
20260913-143215,2016,20260913-143215\2016\20160822.parquet,2016-08-22,11559325,698659,2016-08-22 09:30:00,2016-08-22 15:00:00
20260913-143215,2016,20260913-143215\2016\20160823.parquet,2016-08-23,11389251,699141,2016-08-23 09:30:00,2016-08-23 15:00:00
20260913-143215,2016,20260913-143215\2016\20160824.parquet,2016-08-24,11188284,699141,2016-08-24 09:30:00,2016-08-24 15:00:00
20260913-143215,2016,20260913-143215\2016\20160825.parquet,2016-08-25,11659097,699141,2016-08-25 09:30:00,2016-08-25 15:00:00
20260913-143215,2016,20260913-143215\2016\20160826.parquet,2016-08-26,11394096,699864,2016-08-26 09:30:00,2016-08-26 15:00:00
20260913-143215,2016,20260913-143215\2016\20160829.parquet,2016-08-29,11239255,699864,2016-08-29 09:30:00,2016-08-29 15:00:00
20260913-143215,2016,20260913-143215\2016\20160830.parquet,2016-08-30,11127059,700587,2016-08-30 09:30:00,2016-08-30 15:00:00
20260913-143215,2016,20260913-143215\2016\20160831.parquet,2016-08-31,11295507,700828,2016-08-31 09:30:00,2016-08-31 15:00:00
20260913-143215,2016,20260913-143215\2016\20160901.parquet,2016-09-01,11244076,701069,2016-09-01 09:30:00,2016-09-01 15:00:00
20260913-143215,2016,20260913-143215\2016\20160902.parquet,2016-09-02,11320709,701310,2016-09-02 09:30:00,2016-09-02 15:00:00
20260913-143215,2016,20260913-143215\2016\20160905.parquet,2016-09-05,11065757,700587,2016-09-05 09:30:00,2016-09-05 15:00:00
20260913-143215,2016,20260913-143215\2016\20160906.parquet,2016-09-06,11548771,701551,2016-09-06 09:30:00,2016-09-06 15:00:00
20260913-143215,2016,20260913-143215\2016\20160907.parquet,2016-09-07,11220200,701310,2016-09-07 09:30:00,2016-09-07 15:00:00
20260913-143215,2016,20260913-143215\2016\20160908.parquet,2016-09-08,11243271,700587,2016-09-08 09:30:00,2016-09-08 15:00:00
20260913-143215,2016,20260913-143215\2016\20160909.parquet,2016-09-09,11340786,702033,2016-09-09 09:30:00,2016-09-09 15:00:00
20260913-143215,2016,20260913-143215\2016\20160912.parquet,2016-09-12,11866888,702274,2016-09-12 09:30:00,2016-09-12 15:00:00
20260913-143215,2016,20260913-143215\2016\20160913.parquet,2016-09-13,11161788,702997,2016-09-13 09:30:00,2016-09-13 15:00:00
20260913-143215,2016,20260913-143215\2016\20160914.parquet,2016-09-14,11169676,703720,2016-09-14 09:30:00,2016-09-14 15:00:00
20260913-143215,2016,20260913-143215\2016\20160919.parquet,2016-09-19,10725416,703961,2016-09-19 09:30:00,2016-09-19 15:00:00
20260913-143215,2016,20260913-143215\2016\20160920.parquet,2016-09-20,10815952,704443,2016-09-20 09:30:00,2016-09-20 15:00:00
20260913-143215,2016,20260913-143215\2016\20160921.parquet,2016-09-21,10782595,704443,2016-09-21 09:30:00,2016-09-21 15:00:00
20260913-143215,2016,20260913-143215\2016\20160922.parquet,2016-09-22,10886899,704443,2016-09-22 09:30:00,2016-09-22 15:00:00
20260913-143215,2016,20260913-143215\2016\20160923.parquet,2016-09-23,11042449,704684,2016-09-23 09:30:00,2016-09-23 15:00:00
20260913-143215,2016,20260913-143215\2016\20160926.parquet,2016-09-26,11488009,704684,2016-09-26 09:30:00,2016-09-26 15:00:00
20260913-143215,2016,20260913-143215\2016\20160927.parquet,2016-09-27,11307692,703238,2016-09-27 09:30:00,2016-09-27 15:00:00
20260913-143215,2016,20260913-143215\2016\20160928.parquet,2016-09-28,10960563,705407,2016-09-28 09:30:00,2016-09-28 15:00:00
20260913-143215,2016,20260913-143215\2016\20160929.parquet,2016-09-29,10860024,705407,2016-09-29 09:30:00,2016-09-29 15:00:00
20260913-143215,2016,20260913-143215\2016\20160930.parquet,2016-09-30,10745895,706130,2016-09-30 09:30:00,2016-09-30 15:00:00
20260913-143215,2016,20260913-143215\2016\20161010.parquet,2016-10-10,11465888,705166,2016-10-10 09:30:00,2016-10-10 15:00:00
20260913-143215,2016,20260913-143215\2016\20161011.parquet,2016-10-11,11150605,706612,2016-10-11 09:30:00,2016-10-11 15:00:00
20260913-143215,2016,20260913-143215\2016\20161012.parquet,2016-10-12,11211039,707335,2016-10-12 09:30:00,2016-10-12 15:00:00
20260913-143215,2016,20260913-143215\2016\20161013.parquet,2016-10-13,11129415,707576,2016-10-13 09:30:00,2016-10-13 15:00:00
20260913-143215,2016,20260913-143215\2016\20161014.parquet,2016-10-14,11382448,707817,2016-10-14 09:30:00,2016-10-14 15:00:00
20260913-143215,2016,20260913-143215\2016\20161017.parquet,2016-10-17,11442778,708058,2016-10-17 09:30:00,2016-10-17 15:00:00
20260913-143215,2016,20260913-143215\2016\20161018.parquet,2016-10-18,11442771,708781,2016-10-18 09:30:00,2016-10-18 15:00:00
20260913-143215,2016,20260913-143215\2016\20161019.parquet,2016-10-19,11293185,708781,2016-10-19 09:30:00,2016-10-19 15:00:00
20260913-143215,2016,20260913-143215\2016\20161020.parquet,2016-10-20,11245905,708781,2016-10-20 09:30:00,2016-10-20 15:00:00
20260913-143215,2016,20260913-143215\2016\20161021.parquet,2016-10-21,11691483,709504,2016-10-21 09:30:00,2016-10-21 15:00:00
20260913-143215,2016,20260913-143215\2016\20161024.parquet,2016-10-24,11350648,709504,2016-10-24 09:30:00,2016-10-24 15:00:00
20260913-143215,2016,20260913-143215\2016\20161025.parquet,2016-10-25,11346849,710227,2016-10-25 09:30:00,2016-10-25 15:00:00
20260913-143215,2016,20260913-143215\2016\20161026.parquet,2016-10-26,11529016,710468,2016-10-26 09:30:00,2016-10-26 15:00:00
20260913-143215,2016,20260913-143215\2016\20161027.parquet,2016-10-27,11359510,710709,2016-10-27 09:30:00,2016-10-27 15:00:00
20260913-143215,2016,20260913-143215\2016\20161028.parquet,2016-10-28,11567385,710950,2016-10-28 09:30:00,2016-10-28 15:00:00
20260913-143215,2016,20260913-143215\2016\20161031.parquet,2016-10-31,11527117,711191,2016-10-31 09:30:00,2016-10-31 15:00:00
20260913-143215,2016,20260913-143215\2016\20161101.parquet,2016-11-01,11495282,711914,2016-11-01 09:30:00,2016-11-01 15:00:00
20260913-143215,2016,20260913-143215\2016\20161102.parquet,2016-11-02,11624689,711914,2016-11-02 09:30:00,2016-11-02 15:00:00
20260913-143215,2016,20260913-143215\2016\20161103.parquet,2016-11-03,11889279,711914,2016-11-03 09:30:00,2016-11-03 15:00:00
20260913-143215,2016,20260913-143215\2016\20161104.parquet,2016-11-04,11690082,712155,2016-11-04 09:30:00,2016-11-04 15:00:00
20260913-143215,2016,20260913-143215\2016\20161107.parquet,2016-11-07,11557981,712637,2016-11-07 09:30:00,2016-11-07 15:00:00
20260913-143215,2016,20260913-143215\2016\20161108.parquet,2016-11-08,11312639,712878,2016-11-08 09:30:00,2016-11-08 15:00:00
20260913-143215,2016,20260913-143215\2016\20161109.parquet,2016-11-09,12062484,713360,2016-11-09 09:30:00,2016-11-09 15:00:00
20260913-143215,2016,20260913-143215\2016\20161110.parquet,2016-11-10,11552038,713601,2016-11-10 09:30:00,2016-11-10 15:00:00
20260913-143215,2016,20260913-143215\2016\20161111.parquet,2016-11-11,11761229,714083,2016-11-11 09:30:00,2016-11-11 15:00:00
20260913-143215,2016,20260913-143215\2016\20161114.parquet,2016-11-14,11883054,714324,2016-11-14 09:30:00,2016-11-14 15:00:00
20260913-143215,2016,20260913-143215\2016\20161115.parquet,2016-11-15,11679984,714565,2016-11-15 09:30:00,2016-11-15 15:00:00
20260913-143215,2016,20260913-143215\2016\20161116.parquet,2016-11-16,11599636,715047,2016-11-16 09:30:00,2016-11-16 15:00:00
20260913-143215,2016,20260913-143215\2016\20161117.parquet,2016-11-17,11634610,715529,2016-11-17 09:30:00,2016-11-17 15:00:00
20260913-143215,2016,20260913-143215\2016\20161118.parquet,2016-11-18,11691679,716252,2016-11-18 09:30:00,2016-11-18 15:00:00
20260913-143215,2016,20260913-143215\2016\20161121.parquet,2016-11-21,11627971,716493,2016-11-21 09:30:00,2016-11-21 15:00:00
20260913-143215,2016,20260913-143215\2016\20161122.parquet,2016-11-22,11521348,717216,2016-11-22 09:30:00,2016-11-22 15:00:00
20260913-143215,2016,20260913-143215\2016\20161123.parquet,2016-11-23,11735734,717457,2016-11-23 09:30:00,2016-11-23 15:00:00
20260913-143215,2016,20260913-143215\2016\20161124.parquet,2016-11-24,11798591,717939,2016-11-24 09:30:00,2016-11-24 15:00:00
20260913-143215,2016,20260913-143215\2016\20161125.parquet,2016-11-25,12079714,718421,2016-11-25 09:30:00,2016-11-25 15:00:00
20260913-143215,2016,20260913-143215\2016\20161128.parquet,2016-11-28,11704830,718421,2016-11-28 09:30:00,2016-11-28 15:00:00
20260913-143215,2016,20260913-143215\2016\20161129.parquet,2016-11-29,11937618,719144,2016-11-29 09:30:00,2016-11-29 15:00:00
20260913-143215,2016,20260913-143215\2016\20161130.parquet,2016-11-30,11843677,718180,2016-11-30 09:30:00,2016-11-30 15:00:00
20260913-143215,2016,20260913-143215\2016\20161201.parquet,2016-12-01,11662960,718662,2016-12-01 09:30:00,2016-12-01 15:00:00
20260913-143215,2016,20260913-143215\2016\20161202.parquet,2016-12-02,12148168,720108,2016-12-02 09:30:00,2016-12-02 15:00:00
20260913-143215,2016,20260913-143215\2016\20161205.parquet,2016-12-05,11857128,720108,2016-12-05 09:30:00,2016-12-05 15:00:00
20260913-143215,2016,20260913-143215\2016\20161206.parquet,2016-12-06,11435475,720831,2016-12-06 09:30:00,2016-12-06 15:00:00
20260913-143215,2016,20260913-143215\2016\20161207.parquet,2016-12-07,11461627,721072,2016-12-07 09:30:00,2016-12-07 15:00:00
20260913-143215,2016,20260913-143215\2016\20161208.parquet,2016-12-08,11363013,721795,2016-12-08 09:30:00,2016-12-08 15:00:00
20260913-143215,2016,20260913-143215\2016\20161209.parquet,2016-12-09,11700111,722518,2016-12-09 09:30:00,2016-12-09 15:00:00
20260913-143215,2016,20260913-143215\2016\20161212.parquet,2016-12-12,12476456,722759,2016-12-12 09:30:00,2016-12-12 15:00:00
20260913-143215,2016,20260913-143215\2016\20161213.parquet,2016-12-13,12047816,723723,2016-12-13 09:30:00,2016-12-13 15:00:00
20260913-143215,2016,20260913-143215\2016\20161214.parquet,2016-12-14,11968541,723964,2016-12-14 09:30:00,2016-12-14 15:00:00
20260913-143215,2016,20260913-143215\2016\20161215.parquet,2016-12-15,11950853,724205,2016-12-15 09:30:00,2016-12-15 15:00:00
20260913-143215,2016,20260913-143215\2016\20161216.parquet,2016-12-16,11556855,724687,2016-12-16 09:30:00,2016-12-16 15:00:00
20260913-143215,2016,20260913-143215\2016\20161219.parquet,2016-12-19,11686461,724928,2016-12-19 09:30:00,2016-12-19 15:00:00
20260913-143215,2016,20260913-143215\2016\20161220.parquet,2016-12-20,11770217,725892,2016-12-20 09:30:00,2016-12-20 15:00:00
20260913-143215,2016,20260913-143215\2016\20161221.parquet,2016-12-21,11639328,726374,2016-12-21 09:30:00,2016-12-21 15:00:00
20260913-143215,2016,20260913-143215\2016\20161222.parquet,2016-12-22,11519452,726615,2016-12-22 09:30:00,2016-12-22 15:00:00
20260913-143215,2016,20260913-143215\2016\20161223.parquet,2016-12-23,11726909,727338,2016-12-23 09:30:00,2016-12-23 15:00:00
20260913-143215,2016,20260913-143215\2016\20161226.parquet,2016-12-26,11916407,727579,2016-12-26 09:30:00,2016-12-26 15:00:00
20260913-143215,2016,20260913-143215\2016\20161227.parquet,2016-12-27,11350091,727820,2016-12-27 09:30:00,2016-12-27 15:00:00
20260913-143215,2016,20260913-143215\2016\20161228.parquet,2016-12-28,11494206,729025,2016-12-28 09:30:00,2016-12-28 15:00:00
20260913-143215,2016,20260913-143215\2016\20161229.parquet,2016-12-29,11501920,729748,2016-12-29 09:30:00,2016-12-29 15:00:00
20260913-143215,2016,20260913-143215\2016\20161230.parquet,2016-12-30,11560964,730230,2016-12-30 09:30:00,2016-12-30 15:00:00
20260913-143215,2017,20260913-143215\2017\20170103.parquet,2017-01-03,11514902,730712,2017-01-03 09:30:00,2017-01-03 15:00:00
20260913-143215,2017,20260913-143215\2017\20170104.parquet,2017-01-04,11704181,731194,2017-01-04 09:30:00,2017-01-04 15:00:00
20260913-143215,2017,20260913-143215\2017\20170105.parquet,2017-01-05,11607070,732158,2017-01-05 09:30:00,2017-01-05 15:00:00
20260913-143215,2017,20260913-143215\2017\20170106.parquet,2017-01-06,11775900,732881,2017-01-06 09:30:00,2017-01-06 15:00:00
20260913-143215,2017,20260913-143215\2017\20170109.parquet,2017-01-09,11742160,733122,2017-01-09 09:30:00,2017-01-09 15:00:00
20260913-143215,2017,20260913-143215\2017\20170110.parquet,2017-01-10,11631508,734086,2017-01-10 09:30:00,2017-01-10 15:00:00
20260913-143215,2017,20260913-143215\2017\20170111.parquet,2017-01-11,11894747,734809,2017-01-11 09:30:00,2017-01-11 15:00:00
20260913-143215,2017,20260913-143215\2017\20170112.parquet,2017-01-12,11751375,735773,2017-01-12 09:30:00,2017-01-12 15:00:00
20260913-143215,2017,20260913-143215\2017\20170113.parquet,2017-01-13,12135348,736737,2017-01-13 09:30:00,2017-01-13 15:00:00
20260913-143215,2017,20260913-143215\2017\20170116.parquet,2017-01-16,12638521,736978,2017-01-16 09:30:00,2017-01-16 15:00:00
20260913-143215,2017,20260913-143215\2017\20170117.parquet,2017-01-17,12243216,737701,2017-01-17 09:30:00,2017-01-17 15:00:00
20260913-143215,2017,20260913-143215\2017\20170118.parquet,2017-01-18,11740759,737701,2017-01-18 09:30:00,2017-01-18 15:00:00
20260913-143215,2017,20260913-143215\2017\20170119.parquet,2017-01-19,11705159,738665,2017-01-19 09:30:00,2017-01-19 15:00:00
20260913-143215,2017,20260913-143215\2017\20170120.parquet,2017-01-20,11657424,739870,2017-01-20 09:30:00,2017-01-20 15:00:00
20260913-143215,2017,20260913-143215\2017\20170123.parquet,2017-01-23,11630862,740593,2017-01-23 09:30:00,2017-01-23 15:00:00
20260913-143215,2017,20260913-143215\2017\20170124.parquet,2017-01-24,11582409,741075,2017-01-24 09:30:00,2017-01-24 15:00:00
20260913-143215,2017,20260913-143215\2017\20170125.parquet,2017-01-25,11394904,742280,2017-01-25 09:30:00,2017-01-25 15:00:00
20260913-143215,2017,20260913-143215\2017\20170126.parquet,2017-01-26,11202641,743003,2017-01-26 09:30:00,2017-01-26 15:00:00
20260913-143215,2017,20260913-143215\2017\20170203.parquet,2017-02-03,11163194,743003,2017-02-03 09:30:00,2017-02-03 15:00:00
20260913-143215,2017,20260913-143215\2017\20170206.parquet,2017-02-06,11650866,743485,2017-02-06 09:30:00,2017-02-06 15:00:00
20260913-143215,2017,20260913-143215\2017\20170207.parquet,2017-02-07,11623073,744208,2017-02-07 09:30:00,2017-02-07 15:00:00
20260913-143215,2017,20260913-143215\2017\20170208.parquet,2017-02-08,11700368,745413,2017-02-08 09:30:00,2017-02-08 15:00:00
20260913-143215,2017,20260913-143215\2017\20170209.parquet,2017-02-09,11702450,746136,2017-02-09 09:30:00,2017-02-09 15:00:00
20260913-143215,2017,20260913-143215\2017\20170210.parquet,2017-02-10,11914433,746377,2017-02-10 09:30:00,2017-02-10 15:00:00
20260913-143215,2017,20260913-143215\2017\20170213.parquet,2017-02-13,11961267,747582,2017-02-13 09:30:00,2017-02-13 15:00:00
20260913-143215,2017,20260913-143215\2017\20170214.parquet,2017-02-14,11745761,747823,2017-02-14 09:30:00,2017-02-14 15:00:00
20260913-143215,2017,20260913-143215\2017\20170215.parquet,2017-02-15,12003537,748546,2017-02-15 09:30:00,2017-02-15 15:00:00
20260913-143215,2017,20260913-143215\2017\20170216.parquet,2017-02-16,11801890,748546,2017-02-16 09:30:00,2017-02-16 15:00:00
20260913-143215,2017,20260913-143215\2017\20170217.parquet,2017-02-17,12178942,749028,2017-02-17 09:30:00,2017-02-17 15:00:00
20260913-143215,2017,20260913-143215\2017\20170220.parquet,2017-02-20,12052149,749751,2017-02-20 09:30:00,2017-02-20 15:00:00
20260913-143215,2017,20260913-143215\2017\20170221.parquet,2017-02-21,11862056,749992,2017-02-21 09:30:00,2017-02-21 15:00:00
20260913-143215,2017,20260913-143215\2017\20170222.parquet,2017-02-22,11823380,750474,2017-02-22 09:30:00,2017-02-22 15:00:00
20260913-143215,2017,20260913-143215\2017\20170223.parquet,2017-02-23,12076721,750474,2017-02-23 09:30:00,2017-02-23 15:00:00
20260913-143215,2017,20260913-143215\2017\20170224.parquet,2017-02-24,11946829,750474,2017-02-24 09:30:00,2017-02-24 15:00:00
20260913-143215,2017,20260913-143215\2017\20170227.parquet,2017-02-27,12032194,750474,2017-02-27 09:30:00,2017-02-27 15:00:00
20260913-143215,2017,20260913-143215\2017\20170228.parquet,2017-02-28,11878871,750715,2017-02-28 09:30:00,2017-02-28 15:00:00
20260913-143215,2017,20260913-143215\2017\20170301.parquet,2017-03-01,11990510,750956,2017-03-01 09:30:00,2017-03-01 15:00:00
20260913-143215,2017,20260913-143215\2017\20170302.parquet,2017-03-02,12079649,751197,2017-03-02 09:30:00,2017-03-02 15:00:00
20260913-143215,2017,20260913-143215\2017\20170303.parquet,2017-03-03,12010813,751197,2017-03-03 09:30:00,2017-03-03 15:00:00
20260913-143215,2017,20260913-143215\2017\20170306.parquet,2017-03-06,11889048,752161,2017-03-06 09:30:00,2017-03-06 15:00:00
20260913-143215,2017,20260913-143215\2017\20170307.parquet,2017-03-07,12010573,752643,2017-03-07 09:30:00,2017-03-07 15:00:00
20260913-143215,2017,20260913-143215\2017\20170308.parquet,2017-03-08,11919414,752884,2017-03-08 09:30:00,2017-03-08 15:00:00
20260913-143215,2017,20260913-143215\2017\20170309.parquet,2017-03-09,12009970,752884,2017-03-09 09:30:00,2017-03-09 15:00:00
20260913-143215,2017,20260913-143215\2017\20170310.parquet,2017-03-10,11882689,753848,2017-03-10 09:30:00,2017-03-10 15:00:00
20260913-143215,2017,20260913-143215\2017\20170313.parquet,2017-03-13,12093627,754330,2017-03-13 09:30:00,2017-03-13 15:00:00
20260913-143215,2017,20260913-143215\2017\20170314.parquet,2017-03-14,11912594,755053,2017-03-14 09:30:00,2017-03-14 15:00:00
20260913-143215,2017,20260913-143215\2017\20170315.parquet,2017-03-15,11869056,755535,2017-03-15 09:30:00,2017-03-15 15:00:00
20260913-143215,2017,20260913-143215\2017\20170316.parquet,2017-03-16,11900162,755776,2017-03-16 09:30:00,2017-03-16 15:00:00
20260913-143215,2017,20260913-143215\2017\20170317.parquet,2017-03-17,12280008,756740,2017-03-17 09:30:00,2017-03-17 15:00:00
20260913-143215,2017,20260913-143215\2017\20170320.parquet,2017-03-20,12099581,757463,2017-03-20 09:30:00,2017-03-20 15:00:00
20260913-143215,2017,20260913-143215\2017\20170321.parquet,2017-03-21,11913209,758186,2017-03-21 09:30:00,2017-03-21 15:00:00
20260913-143215,2017,20260913-143215\2017\20170322.parquet,2017-03-22,12173546,758186,2017-03-22 09:30:00,2017-03-22 15:00:00
20260913-143215,2017,20260913-143215\2017\20170323.parquet,2017-03-23,12407098,758668,2017-03-23 09:30:00,2017-03-23 15:00:00
20260913-143215,2017,20260913-143215\2017\20170324.parquet,2017-03-24,12260694,759873,2017-03-24 09:30:00,2017-03-24 15:00:00
20260913-143215,2017,20260913-143215\2017\20170327.parquet,2017-03-27,12212220,760114,2017-03-27 09:30:00,2017-03-27 15:00:00
20260913-143215,2017,20260913-143215\2017\20170328.parquet,2017-03-28,12001013,760837,2017-03-28 09:30:00,2017-03-28 15:00:00
20260913-143215,2017,20260913-143215\2017\20170329.parquet,2017-03-29,12361595,761078,2017-03-29 09:30:00,2017-03-29 15:00:00
20260913-143215,2017,20260913-143215\2017\20170330.parquet,2017-03-30,12918042,761560,2017-03-30 09:30:00,2017-03-30 15:00:00
20260913-143215,2017,20260913-143215\2017\20170331.parquet,2017-03-31,12286416,762283,2017-03-31 09:30:00,2017-03-31 15:00:00
20260913-143215,2017,20260913-143215\2017\20170405.parquet,2017-04-05,12293431,762524,2017-04-05 09:30:00,2017-04-05 15:00:00
20260913-143215,2017,20260913-143215\2017\20170406.parquet,2017-04-06,12211475,763247,2017-04-06 09:30:00,2017-04-06 15:00:00
20260913-143215,2017,20260913-143215\2017\20170407.parquet,2017-04-07,12308758,763729,2017-04-07 09:30:00,2017-04-07 15:00:00
20260913-143215,2017,20260913-143215\2017\20170410.parquet,2017-04-10,12469731,764211,2017-04-10 09:30:00,2017-04-10 15:00:00
20260913-143215,2017,20260913-143215\2017\20170411.parquet,2017-04-11,12749637,764452,2017-04-11 09:30:00,2017-04-11 15:00:00
20260913-143215,2017,20260913-143215\2017\20170412.parquet,2017-04-12,12473764,765416,2017-04-12 09:30:00,2017-04-12 15:00:00
20260913-143215,2017,20260913-143215\2017\20170413.parquet,2017-04-13,12281495,766139,2017-04-13 09:30:00,2017-04-13 15:00:00
20260913-143215,2017,20260913-143215\2017\20170414.parquet,2017-04-14,12531684,766621,2017-04-14 09:30:00,2017-04-14 15:00:00
20260913-143215,2017,20260913-143215\2017\20170417.parquet,2017-04-17,12532049,767103,2017-04-17 09:30:00,2017-04-17 15:00:00
20260913-143215,2017,20260913-143215\2017\20170418.parquet,2017-04-18,12438348,767826,2017-04-18 09:30:00,2017-04-18 15:00:00
20260913-143215,2017,20260913-143215\2017\20170419.parquet,2017-04-19,12802059,767826,2017-04-19 09:30:00,2017-04-19 15:00:00
20260913-143215,2017,20260913-143215\2017\20170420.parquet,2017-04-20,12649830,768308,2017-04-20 09:30:00,2017-04-20 15:00:00
20260913-143215,2017,20260913-143215\2017\20170421.parquet,2017-04-21,12132216,769513,2017-04-21 09:30:00,2017-04-21 15:00:00
20260913-143215,2017,20260913-143215\2017\20170424.parquet,2017-04-24,12669853,769513,2017-04-24 09:30:00,2017-04-24 15:00:00
20260913-143215,2017,20260913-143215\2017\20170425.parquet,2017-04-25,12157085,770236,2017-04-25 09:30:00,2017-04-25 15:00:00
20260913-143215,2017,20260913-143215\2017\20170426.parquet,2017-04-26,12123762,770959,2017-04-26 09:30:00,2017-04-26 15:00:00
20260913-143215,2017,20260913-143215\2017\20170427.parquet,2017-04-27,12899470,771441,2017-04-27 09:30:00,2017-04-27 15:00:00
20260913-143215,2017,20260913-143215\2017\20170428.parquet,2017-04-28,12056687,771441,2017-04-28 09:30:00,2017-04-28 15:00:00
20260913-143215,2017,20260913-143215\2017\20170502.parquet,2017-05-02,12059651,771682,2017-05-02 09:30:00,2017-05-02 15:00:00
20260913-143215,2017,20260913-143215\2017\20170503.parquet,2017-05-03,12187247,772646,2017-05-03 09:30:00,2017-05-03 15:00:00
20260913-143215,2017,20260913-143215\2017\20170504.parquet,2017-05-04,12363367,772887,2017-05-04 09:30:00,2017-05-04 15:00:00
20260913-143215,2017,20260913-143215\2017\20170505.parquet,2017-05-05,12491797,773610,2017-05-05 09:30:00,2017-05-05 15:00:00
20260913-143215,2017,20260913-143215\2017\20170508.parquet,2017-05-08,12601272,773610,2017-05-08 09:30:00,2017-05-08 15:00:00
20260913-143215,2017,20260913-143215\2017\20170509.parquet,2017-05-09,12349817,774333,2017-05-09 09:30:00,2017-05-09 15:00:00
20260913-143215,2017,20260913-143215\2017\20170510.parquet,2017-05-10,12453747,774815,2017-05-10 09:30:00,2017-05-10 15:00:00
20260913-143215,2017,20260913-143215\2017\20170511.parquet,2017-05-11,13003223,775538,2017-05-11 09:30:00,2017-05-11 15:00:00
20260913-143215,2017,20260913-143215\2017\20170512.parquet,2017-05-12,12144763,775779,2017-05-12 09:30:00,2017-05-12 15:00:00
20260913-143215,2017,20260913-143215\2017\20170515.parquet,2017-05-15,11763119,776502,2017-05-15 09:30:00,2017-05-15 15:00:00
20260913-143215,2017,20260913-143215\2017\20170516.parquet,2017-05-16,12587118,777225,2017-05-16 09:30:00,2017-05-16 15:00:00
20260913-143215,2017,20260913-143215\2017\20170517.parquet,2017-05-17,12260766,777707,2017-05-17 09:30:00,2017-05-17 15:00:00
20260913-143215,2017,20260913-143215\2017\20170518.parquet,2017-05-18,12190585,777707,2017-05-18 09:30:00,2017-05-18 15:00:00
20260913-143215,2017,20260913-143215\2017\20170519.parquet,2017-05-19,11980373,778671,2017-05-19 09:30:00,2017-05-19 15:00:00
20260913-143215,2017,20260913-143215\2017\20170522.parquet,2017-05-22,12621994,778912,2017-05-22 09:30:00,2017-05-22 15:00:00
20260913-143215,2017,20260913-143215\2017\20170523.parquet,2017-05-23,12860282,779394,2017-05-23 09:30:00,2017-05-23 15:00:00
20260913-143215,2017,20260913-143215\2017\20170524.parquet,2017-05-24,12471068,779635,2017-05-24 09:30:00,2017-05-24 15:00:00
20260913-143215,2017,20260913-143215\2017\20170525.parquet,2017-05-25,12581380,780117,2017-05-25 09:30:00,2017-05-25 15:00:00
20260913-143215,2017,20260913-143215\2017\20170526.parquet,2017-05-26,11938710,780358,2017-05-26 09:30:00,2017-05-26 15:00:00
20260913-143215,2017,20260913-143215\2017\20170531.parquet,2017-05-31,12085530,780599,2017-05-31 09:30:00,2017-05-31 15:00:00
20260913-143215,2017,20260913-143215\2017\20170601.parquet,2017-06-01,12429752,781081,2017-06-01 09:30:00,2017-06-01 15:00:00
20260913-143215,2017,20260913-143215\2017\20170602.parquet,2017-06-02,12423427,781804,2017-06-02 09:30:00,2017-06-02 15:00:00
20260913-143215,2017,20260913-143215\2017\20170605.parquet,2017-06-05,11877677,782045,2017-06-05 09:30:00,2017-06-05 15:00:00
20260913-143215,2017,20260913-143215\2017\20170606.parquet,2017-06-06,11801470,782527,2017-06-06 09:30:00,2017-06-06 15:00:00
20260913-143215,2017,20260913-143215\2017\20170607.parquet,2017-06-07,12211122,782768,2017-06-07 09:30:00,2017-06-07 15:00:00
20260913-143215,2017,20260913-143215\2017\20170608.parquet,2017-06-08,12046574,783250,2017-06-08 09:30:00,2017-06-08 15:00:00
20260913-143215,2017,20260913-143215\2017\20170609.parquet,2017-06-09,12108310,783250,2017-06-09 09:30:00,2017-06-09 15:00:00
20260913-143215,2017,20260913-143215\2017\20170612.parquet,2017-06-12,12309375,783250,2017-06-12 09:30:00,2017-06-12 15:00:00
20260913-143215,2017,20260913-143215\2017\20170613.parquet,2017-06-13,12142687,783973,2017-06-13 09:30:00,2017-06-13 15:00:00
20260913-143215,2017,20260913-143215\2017\20170614.parquet,2017-06-14,12054265,784214,2017-06-14 09:30:00,2017-06-14 15:00:00
20260913-143215,2017,20260913-143215\2017\20170615.parquet,2017-06-15,12230057,784937,2017-06-15 09:30:00,2017-06-15 15:00:00
20260913-143215,2017,20260913-143215\2017\20170616.parquet,2017-06-16,11828130,785419,2017-06-16 09:30:00,2017-06-16 15:00:00
20260913-143215,2017,20260913-143215\2017\20170619.parquet,2017-06-19,11861092,786142,2017-06-19 09:30:00,2017-06-19 15:00:00
20260913-143215,2017,20260913-143215\2017\20170620.parquet,2017-06-20,11880325,786624,2017-06-20 09:30:00,2017-06-20 15:00:00
20260913-143215,2017,20260913-143215\2017\20170621.parquet,2017-06-21,12064623,786865,2017-06-21 09:30:00,2017-06-21 15:00:00
20260913-143215,2017,20260913-143215\2017\20170622.parquet,2017-06-22,12305520,787347,2017-06-22 09:30:00,2017-06-22 15:00:00
20260913-143215,2017,20260913-143215\2017\20170623.parquet,2017-06-23,12705113,787347,2017-06-23 09:30:00,2017-06-23 15:00:00
20260913-143215,2017,20260913-143215\2017\20170626.parquet,2017-06-26,12274025,787588,2017-06-26 09:30:00,2017-06-26 15:00:00
20260913-143215,2017,20260913-143215\2017\20170627.parquet,2017-06-27,11943491,788552,2017-06-27 09:30:00,2017-06-27 15:00:00
20260913-143215,2017,20260913-143215\2017\20170628.parquet,2017-06-28,11813540,788793,2017-06-28 09:30:00,2017-06-28 15:00:00
20260913-143215,2017,20260913-143215\2017\20170629.parquet,2017-06-29,11609462,789034,2017-06-29 09:30:00,2017-06-29 15:00:00
20260913-143215,2017,20260913-143215\2017\20170630.parquet,2017-06-30,11767959,789275,2017-06-30 09:30:00,2017-06-30 15:00:00
20260913-143215,2017,20260913-143215\2017\20170703.parquet,2017-07-03,11902126,789757,2017-07-03 09:30:00,2017-07-03 15:00:00
20260913-143215,2017,20260913-143215\2017\20170704.parquet,2017-07-04,11776977,789757,2017-07-04 09:30:00,2017-07-04 15:00:00
20260913-143215,2017,20260913-143215\2017\20170705.parquet,2017-07-05,11798742,790239,2017-07-05 09:30:00,2017-07-05 15:00:00
20260913-143215,2017,20260913-143215\2017\20170706.parquet,2017-07-06,12062386,790480,2017-07-06 09:30:00,2017-07-06 15:00:00
20260913-143215,2017,20260913-143215\2017\20170707.parquet,2017-07-07,12031593,790480,2017-07-07 09:30:00,2017-07-07 15:00:00
20260913-143215,2017,20260913-143215\2017\20170710.parquet,2017-07-10,12318516,790721,2017-07-10 09:30:00,2017-07-10 15:00:00
20260913-143215,2017,20260913-143215\2017\20170711.parquet,2017-07-11,12237942,791444,2017-07-11 09:30:00,2017-07-11 15:00:00
20260913-143215,2017,20260913-143215\2017\20170712.parquet,2017-07-12,12611549,791926,2017-07-12 09:30:00,2017-07-12 15:00:00
20260913-143215,2017,20260913-143215\2017\20170713.parquet,2017-07-13,12034677,791926,2017-07-13 09:30:00,2017-07-13 15:00:00
20260913-143215,2017,20260913-143215\2017\20170714.parquet,2017-07-14,12010174,792167,2017-07-14 09:30:00,2017-07-14 15:00:00
20260913-143215,2017,20260913-143215\2017\20170717.parquet,2017-07-17,13045038,792649,2017-07-17 09:30:00,2017-07-17 15:00:00
20260913-143215,2017,20260913-143215\2017\20170718.parquet,2017-07-18,12520605,792890,2017-07-18 09:30:00,2017-07-18 15:00:00
20260913-143215,2017,20260913-143215\2017\20170719.parquet,2017-07-19,12395257,793372,2017-07-19 09:30:00,2017-07-19 15:00:00
20260913-143215,2017,20260913-143215\2017\20170720.parquet,2017-07-20,12148040,793613,2017-07-20 09:30:00,2017-07-20 15:00:00
20260913-143215,2017,20260913-143215\2017\20170721.parquet,2017-07-21,12007237,794336,2017-07-21 09:30:00,2017-07-21 15:00:00
20260913-143215,2017,20260913-143215\2017\20170724.parquet,2017-07-24,12316655,794336,2017-07-24 09:30:00,2017-07-24 15:00:00
20260913-143215,2017,20260913-143215\2017\20170725.parquet,2017-07-25,12075065,794818,2017-07-25 09:30:00,2017-07-25 15:00:00
20260913-143215,2017,20260913-143215\2017\20170726.parquet,2017-07-26,12100239,794818,2017-07-26 09:30:00,2017-07-26 15:00:00
20260913-143215,2017,20260913-143215\2017\20170727.parquet,2017-07-27,12614657,794818,2017-07-27 09:30:00,2017-07-27 15:00:00
20260913-143215,2017,20260913-143215\2017\20170728.parquet,2017-07-28,12113684,795541,2017-07-28 09:30:00,2017-07-28 15:00:00
20260913-143215,2017,20260913-143215\2017\20170731.parquet,2017-07-31,12155009,796264,2017-07-31 09:30:00,2017-07-31 15:00:00
20260913-143215,2017,20260913-143215\2017\20170801.parquet,2017-08-01,12197276,796987,2017-08-01 09:30:00,2017-08-01 15:00:00
20260913-143215,2017,20260913-143215\2017\20170802.parquet,2017-08-02,12584616,797951,2017-08-02 09:30:00,2017-08-02 15:00:00
20260913-143215,2017,20260913-143215\2017\20170803.parquet,2017-08-03,12417230,798192,2017-08-03 09:30:00,2017-08-03 15:00:00
20260913-143215,2017,20260913-143215\2017\20170804.parquet,2017-08-04,12350943,798433,2017-08-04 09:30:00,2017-08-04 15:00:00
20260913-143215,2017,20260913-143215\2017\20170807.parquet,2017-08-07,11943800,798915,2017-08-07 09:30:00,2017-08-07 15:00:00
20260913-143215,2017,20260913-143215\2017\20170808.parquet,2017-08-08,12168940,799638,2017-08-08 09:30:00,2017-08-08 15:00:00
20260913-143215,2017,20260913-143215\2017\20170809.parquet,2017-08-09,11952841,800120,2017-08-09 09:30:00,2017-08-09 15:00:00
20260913-143215,2017,20260913-143215\2017\20170810.parquet,2017-08-10,12475040,800602,2017-08-10 09:30:00,2017-08-10 15:00:00
20260913-143215,2017,20260913-143215\2017\20170811.parquet,2017-08-11,12554351,801084,2017-08-11 09:30:00,2017-08-11 15:00:00
20260913-143215,2017,20260913-143215\2017\20170814.parquet,2017-08-14,12230224,801084,2017-08-14 09:30:00,2017-08-14 15:00:00
20260913-143215,2017,20260913-143215\2017\20170815.parquet,2017-08-15,12015944,801084,2017-08-15 09:30:00,2017-08-15 15:00:00
20260913-143215,2017,20260913-143215\2017\20170816.parquet,2017-08-16,12355293,801325,2017-08-16 09:30:00,2017-08-16 15:00:00
20260913-143215,2017,20260913-143215\2017\20170817.parquet,2017-08-17,12301664,801807,2017-08-17 09:30:00,2017-08-17 15:00:00
20260913-143215,2017,20260913-143215\2017\20170818.parquet,2017-08-18,12366419,802289,2017-08-18 09:30:00,2017-08-18 15:00:00
20260913-143215,2017,20260913-143215\2017\20170821.parquet,2017-08-21,12048544,803012,2017-08-21 09:30:00,2017-08-21 15:00:00
20260913-143215,2017,20260913-143215\2017\20170822.parquet,2017-08-22,12157370,803735,2017-08-22 09:30:00,2017-08-22 15:00:00
20260913-143215,2017,20260913-143215\2017\20170823.parquet,2017-08-23,12217030,803976,2017-08-23 09:30:00,2017-08-23 15:00:00
20260913-143215,2017,20260913-143215\2017\20170824.parquet,2017-08-24,12255278,804217,2017-08-24 09:30:00,2017-08-24 15:00:00
20260913-143215,2017,20260913-143215\2017\20170825.parquet,2017-08-25,12288734,804699,2017-08-25 09:30:00,2017-08-25 15:00:00
20260913-143215,2017,20260913-143215\2017\20170828.parquet,2017-08-28,12433480,804458,2017-08-28 09:30:00,2017-08-28 15:00:00
20260913-143215,2017,20260913-143215\2017\20170829.parquet,2017-08-29,12399420,804699,2017-08-29 09:30:00,2017-08-29 15:00:00
20260913-143215,2017,20260913-143215\2017\20170830.parquet,2017-08-30,12328433,804699,2017-08-30 09:30:00,2017-08-30 15:00:00
20260913-143215,2017,20260913-143215\2017\20170831.parquet,2017-08-31,12276787,804940,2017-08-31 09:30:00,2017-08-31 15:00:00
20260913-143215,2017,20260913-143215\2017\20170901.parquet,2017-09-01,12494628,805422,2017-09-01 09:30:00,2017-09-01 15:00:00
20260913-143215,2017,20260913-143215\2017\20170904.parquet,2017-09-04,12656671,805663,2017-09-04 09:30:00,2017-09-04 15:00:00
20260913-143215,2017,20260913-143215\2017\20170905.parquet,2017-09-05,12601131,805904,2017-09-05 09:30:00,2017-09-05 15:00:00
20260913-143215,2017,20260913-143215\2017\20170906.parquet,2017-09-06,12624269,806145,2017-09-06 09:30:00,2017-09-06 15:00:00
20260913-143215,2017,20260913-143215\2017\20170907.parquet,2017-09-07,12705196,806868,2017-09-07 09:30:00,2017-09-07 15:00:00
20260913-143215,2017,20260913-143215\2017\20170908.parquet,2017-09-08,12678629,807350,2017-09-08 09:30:00,2017-09-08 15:00:00
20260913-143215,2017,20260913-143215\2017\20170911.parquet,2017-09-11,12600530,807591,2017-09-11 09:30:00,2017-09-11 15:00:00
20260913-143215,2017,20260913-143215\2017\20170912.parquet,2017-09-12,12899216,808314,2017-09-12 09:30:00,2017-09-12 15:00:00
20260913-143215,2017,20260913-143215\2017\20170913.parquet,2017-09-13,12467827,808555,2017-09-13 09:30:00,2017-09-13 15:00:00
20260913-143215,2017,20260913-143215\2017\20170914.parquet,2017-09-14,12658747,808555,2017-09-14 09:30:00,2017-09-14 15:00:00
20260913-143215,2017,20260913-143215\2017\20170915.parquet,2017-09-15,12585516,809519,2017-09-15 09:30:00,2017-09-15 15:00:00
20260913-143215,2017,20260913-143215\2017\20170918.parquet,2017-09-18,12409340,809760,2017-09-18 09:30:00,2017-09-18 15:00:00
20260913-143215,2017,20260913-143215\2017\20170919.parquet,2017-09-19,12551032,810242,2017-09-19 09:30:00,2017-09-19 15:00:00
20260913-143215,2017,20260913-143215\2017\20170920.parquet,2017-09-20,12644856,810483,2017-09-20 09:30:00,2017-09-20 15:00:00
20260913-143215,2017,20260913-143215\2017\20170921.parquet,2017-09-21,12621008,810965,2017-09-21 09:30:00,2017-09-21 15:00:00
20260913-143215,2017,20260913-143215\2017\20170922.parquet,2017-09-22,12624036,811688,2017-09-22 09:30:00,2017-09-22 15:00:00
20260913-143215,2017,20260913-143215\2017\20170925.parquet,2017-09-25,12705456,811929,2017-09-25 09:30:00,2017-09-25 15:00:00
20260913-143215,2017,20260913-143215\2017\20170926.parquet,2017-09-26,12517381,812652,2017-09-26 09:30:00,2017-09-26 15:00:00
20260913-143215,2017,20260913-143215\2017\20170927.parquet,2017-09-27,12331090,812893,2017-09-27 09:30:00,2017-09-27 15:00:00
20260913-143215,2017,20260913-143215\2017\20170928.parquet,2017-09-28,12447576,813134,2017-09-28 09:30:00,2017-09-28 15:00:00
20260913-143215,2017,20260913-143215\2017\20170929.parquet,2017-09-29,12314095,813857,2017-09-29 09:30:00,2017-09-29 15:00:00
20260913-143215,2017,20260913-143215\2017\20171009.parquet,2017-10-09,12561765,813857,2017-10-09 09:30:00,2017-10-09 15:00:00
20260913-143215,2017,20260913-143215\2017\20171010.parquet,2017-10-10,12656123,814339,2017-10-10 09:30:00,2017-10-10 15:00:00
20260913-143215,2017,20260913-143215\2017\20171011.parquet,2017-10-11,12826757,814339,2017-10-11 09:30:00,2017-10-11 15:00:00
20260913-143215,2017,20260913-143215\2017\20171012.parquet,2017-10-12,12788962,814580,2017-10-12 09:30:00,2017-10-12 15:00:00
20260913-143215,2017,20260913-143215\2017\20171013.parquet,2017-10-13,12554503,815303,2017-10-13 09:30:00,2017-10-13 15:00:00
20260913-143215,2017,20260913-143215\2017\20171016.parquet,2017-10-16,13251460,816026,2017-10-16 09:30:00,2017-10-16 15:00:00
20260913-143215,2017,20260913-143215\2017\20171017.parquet,2017-10-17,12535599,816267,2017-10-17 09:30:00,2017-10-17 15:00:00
20260913-143215,2017,20260913-143215\2017\20171018.parquet,2017-10-18,12673037,816508,2017-10-18 09:30:00,2017-10-18 15:00:00
20260913-143215,2017,20260913-143215\2017\20171019.parquet,2017-10-19,12939297,816990,2017-10-19 09:30:00,2017-10-19 15:00:00
20260913-143215,2017,20260913-143215\2017\20171020.parquet,2017-10-20,12311788,817954,2017-10-20 09:30:00,2017-10-20 15:00:00
20260913-143215,2017,20260913-143215\2017\20171023.parquet,2017-10-23,12359007,818195,2017-10-23 09:30:00,2017-10-23 15:00:00
20260913-143215,2017,20260913-143215\2017\20171024.parquet,2017-10-24,12685398,818436,2017-10-24 09:30:00,2017-10-24 15:00:00
20260913-143215,2017,20260913-143215\2017\20171025.parquet,2017-10-25,12478678,818918,2017-10-25 09:30:00,2017-10-25 15:00:00
20260913-143215,2017,20260913-143215\2017\20171026.parquet,2017-10-26,12695985,819400,2017-10-26 09:30:00,2017-10-26 15:00:00
20260913-143215,2017,20260913-143215\2017\20171027.parquet,2017-10-27,12733247,819400,2017-10-27 09:30:00,2017-10-27 15:00:00
20260913-143215,2017,20260913-143215\2017\20171030.parquet,2017-10-30,13476447,819641,2017-10-30 09:30:00,2017-10-30 15:00:00
20260913-143215,2017,20260913-143215\2017\20171031.parquet,2017-10-31,12784515,820364,2017-10-31 09:30:00,2017-10-31 15:00:00
20260913-143215,2017,20260913-143215\2017\20171101.parquet,2017-11-01,12811016,821087,2017-11-01 09:30:00,2017-11-01 15:00:00
20260913-143215,2017,20260913-143215\2017\20171102.parquet,2017-11-02,12979993,821328,2017-11-02 09:30:00,2017-11-02 15:00:00
20260913-143215,2017,20260913-143215\2017\20171103.parquet,2017-11-03,13117459,821569,2017-11-03 09:30:00,2017-11-03 15:00:00
20260913-143215,2017,20260913-143215\2017\20171106.parquet,2017-11-06,12932713,821328,2017-11-06 09:30:00,2017-11-06 15:00:00
20260913-143215,2017,20260913-143215\2017\20171107.parquet,2017-11-07,12859170,823015,2017-11-07 09:30:00,2017-11-07 15:00:00
20260913-143215,2017,20260913-143215\2017\20171108.parquet,2017-11-08,12831436,823015,2017-11-08 09:30:00,2017-11-08 15:00:00
20260913-143215,2017,20260913-143215\2017\20171109.parquet,2017-11-09,12760153,823497,2017-11-09 09:30:00,2017-11-09 15:00:00
20260913-143215,2017,20260913-143215\2017\20171110.parquet,2017-11-10,12999035,824461,2017-11-10 09:30:00,2017-11-10 15:00:00
20260913-143215,2017,20260913-143215\2017\20171113.parquet,2017-11-13,13060918,824943,2017-11-13 09:30:00,2017-11-13 15:00:00
20260913-143215,2017,20260913-143215\2017\20171114.parquet,2017-11-14,13178551,824943,2017-11-14 09:30:00,2017-11-14 15:00:00
20260913-143215,2017,20260913-143215\2017\20171115.parquet,2017-11-15,13025876,825425,2017-11-15 09:30:00,2017-11-15 15:00:00
20260913-143215,2017,20260913-143215\2017\20171116.parquet,2017-11-16,12863798,826148,2017-11-16 09:30:00,2017-11-16 15:00:00
20260913-143215,2017,20260913-143215\2017\20171117.parquet,2017-11-17,13829547,826630,2017-11-17 09:30:00,2017-11-17 15:00:00
20260913-143215,2017,20260913-143215\2017\20171120.parquet,2017-11-20,13444595,826871,2017-11-20 09:30:00,2017-11-20 15:00:00
20260913-143215,2017,20260913-143215\2017\20171121.parquet,2017-11-21,13249649,827594,2017-11-21 09:30:00,2017-11-21 15:00:00
20260913-143215,2017,20260913-143215\2017\20171122.parquet,2017-11-22,13108694,828076,2017-11-22 09:30:00,2017-11-22 15:00:00
20260913-143215,2017,20260913-143215\2017\20171123.parquet,2017-11-23,13379943,828076,2017-11-23 09:30:00,2017-11-23 15:00:00
20260913-143215,2017,20260913-143215\2017\20171124.parquet,2017-11-24,12861647,828076,2017-11-24 09:30:00,2017-11-24 15:00:00
20260913-143215,2017,20260913-143215\2017\20171127.parquet,2017-11-27,12805540,828558,2017-11-27 09:30:00,2017-11-27 15:00:00
20260913-143215,2017,20260913-143215\2017\20171128.parquet,2017-11-28,12551274,828799,2017-11-28 09:30:00,2017-11-28 15:00:00
20260913-143215,2017,20260913-143215\2017\20171129.parquet,2017-11-29,12938353,828799,2017-11-29 09:30:00,2017-11-29 15:00:00
20260913-143215,2017,20260913-143215\2017\20171130.parquet,2017-11-30,12532861,829040,2017-11-30 09:30:00,2017-11-30 15:00:00
20260913-143215,2017,20260913-143215\2017\20171201.parquet,2017-12-01,12493662,829763,2017-12-01 09:30:00,2017-12-01 15:00:00
20260913-143215,2017,20260913-143215\2017\20171204.parquet,2017-12-04,12807834,830004,2017-12-04 09:30:00,2017-12-04 15:00:00
20260913-143215,2017,20260913-143215\2017\20171205.parquet,2017-12-05,13435185,830486,2017-12-05 09:30:00,2017-12-05 15:00:00
20260913-143215,2017,20260913-143215\2017\20171206.parquet,2017-12-06,13016650,830486,2017-12-06 09:30:00,2017-12-06 15:00:00
20260913-143215,2017,20260913-143215\2017\20171207.parquet,2017-12-07,12474364,830486,2017-12-07 09:30:00,2017-12-07 15:00:00
20260913-143215,2017,20260913-143215\2017\20171208.parquet,2017-12-08,12452083,830968,2017-12-08 09:30:00,2017-12-08 15:00:00
20260913-143215,2017,20260913-143215\2017\20171211.parquet,2017-12-11,12356418,830968,2017-12-11 09:30:00,2017-12-11 15:00:00
20260913-143215,2017,20260913-143215\2017\20171212.parquet,2017-12-12,12433339,831450,2017-12-12 09:30:00,2017-12-12 15:00:00
20260913-143215,2017,20260913-143215\2017\20171213.parquet,2017-12-13,12121708,831691,2017-12-13 09:30:00,2017-12-13 15:00:00
20260913-143215,2017,20260913-143215\2017\20171214.parquet,2017-12-14,12281086,831691,2017-12-14 09:30:00,2017-12-14 15:00:00
20260913-143215,2017,20260913-143215\2017\20171215.parquet,2017-12-15,12493615,831932,2017-12-15 09:30:00,2017-12-15 15:00:00
20260913-143215,2017,20260913-143215\2017\20171218.parquet,2017-12-18,12565383,832414,2017-12-18 09:30:00,2017-12-18 15:00:00
20260913-143215,2017,20260913-143215\2017\20171219.parquet,2017-12-19,12064181,832655,2017-12-19 09:30:00,2017-12-19 15:00:00
20260913-143215,2017,20260913-143215\2017\20171220.parquet,2017-12-20,12605062,832655,2017-12-20 09:30:00,2017-12-20 15:00:00
20260913-143215,2017,20260913-143215\2017\20171221.parquet,2017-12-21,12745857,832655,2017-12-21 09:30:00,2017-12-21 15:00:00
20260913-143215,2017,20260913-143215\2017\20171222.parquet,2017-12-22,12247423,832655,2017-12-22 09:30:00,2017-12-22 15:00:00
20260913-143215,2017,20260913-143215\2017\20171225.parquet,2017-12-25,12832525,832896,2017-12-25 09:30:00,2017-12-25 15:00:00
20260913-143215,2017,20260913-143215\2017\20171226.parquet,2017-12-26,12563113,833137,2017-12-26 09:30:00,2017-12-26 15:00:00
20260913-143215,2017,20260913-143215\2017\20171227.parquet,2017-12-27,12561398,833619,2017-12-27 09:30:00,2017-12-27 15:00:00
20260913-143215,2017,20260913-143215\2017\20171228.parquet,2017-12-28,12649081,833619,2017-12-28 09:30:00,2017-12-28 15:00:00
20260913-143215,2017,20260913-143215\2017\20171229.parquet,2017-12-29,12168946,834583,2017-12-29 09:30:00,2017-12-29 15:00:00
20260913-143215,2018,20260913-143215\2018\20180102.parquet,2018-01-02,12513800,834583,2018-01-02 09:30:00,2018-01-02 15:00:00
20260913-143215,2018,20260913-143215\2018\20180103.parquet,2018-01-03,12844265,834824,2018-01-03 09:30:00,2018-01-03 15:00:00
20260913-143215,2018,20260913-143215\2018\20180104.parquet,2018-01-04,12648676,834824,2018-01-04 09:30:00,2018-01-04 15:00:00
20260913-143215,2018,20260913-143215\2018\20180105.parquet,2018-01-05,12690996,835547,2018-01-05 09:30:00,2018-01-05 15:00:00
20260913-143215,2018,20260913-143215\2018\20180108.parquet,2018-01-08,12947752,835547,2018-01-08 09:30:00,2018-01-08 15:00:00
20260913-143215,2018,20260913-143215\2018\20180109.parquet,2018-01-09,12609120,835788,2018-01-09 09:30:00,2018-01-09 15:00:00
20260913-143215,2018,20260913-143215\2018\20180110.parquet,2018-01-10,13002505,835788,2018-01-10 09:30:00,2018-01-10 15:00:00
20260913-143215,2018,20260913-143215\2018\20180111.parquet,2018-01-11,12794657,835788,2018-01-11 09:30:00,2018-01-11 15:00:00
20260913-143215,2018,20260913-143215\2018\20180112.parquet,2018-01-12,12678299,835788,2018-01-12 09:30:00,2018-01-12 15:00:00
20260913-143215,2018,20260913-143215\2018\20180115.parquet,2018-01-15,13449929,836029,2018-01-15 09:30:00,2018-01-15 15:00:00
20260913-143215,2018,20260913-143215\2018\20180116.parquet,2018-01-16,12858119,836511,2018-01-16 09:30:00,2018-01-16 15:00:00
20260913-143215,2018,20260913-143215\2018\20180117.parquet,2018-01-17,13203602,836752,2018-01-17 09:30:00,2018-01-17 15:00:00
20260913-143215,2018,20260913-143215\2018\20180118.parquet,2018-01-18,12506719,836993,2018-01-18 09:30:00,2018-01-18 15:00:00
20260913-143215,2018,20260913-143215\2018\20180119.parquet,2018-01-19,12843524,837234,2018-01-19 09:30:00,2018-01-19 15:00:00
20260913-143215,2018,20260913-143215\2018\20180122.parquet,2018-01-22,12930484,837475,2018-01-22 09:30:00,2018-01-22 15:00:00
20260913-143215,2018,20260913-143215\2018\20180123.parquet,2018-01-23,12703246,837475,2018-01-23 09:30:00,2018-01-23 15:00:00
20260913-143215,2018,20260913-143215\2018\20180124.parquet,2018-01-24,13045933,837716,2018-01-24 09:30:00,2018-01-24 15:00:00
20260913-143215,2018,20260913-143215\2018\20180125.parquet,2018-01-25,12996267,837957,2018-01-25 09:30:00,2018-01-25 15:00:00
20260913-143215,2018,20260913-143215\2018\20180126.parquet,2018-01-26,12717663,837957,2018-01-26 09:30:00,2018-01-26 15:00:00
20260913-143215,2018,20260913-143215\2018\20180129.parquet,2018-01-29,13246621,837957,2018-01-29 09:30:00,2018-01-29 15:00:00
20260913-143215,2018,20260913-143215\2018\20180130.parquet,2018-01-30,12551287,837957,2018-01-30 09:30:00,2018-01-30 15:00:00
20260913-143215,2018,20260913-143215\2018\20180131.parquet,2018-01-31,13281270,838198,2018-01-31 09:30:00,2018-01-31 15:00:00
20260913-143215,2018,20260913-143215\2018\20180201.parquet,2018-02-01,13724320,838680,2018-02-01 09:30:00,2018-02-01 15:00:00
20260913-143215,2018,20260913-143215\2018\20180202.parquet,2018-02-02,13338741,838921,2018-02-02 09:30:00,2018-02-02 15:00:00
20260913-143215,2018,20260913-143215\2018\20180205.parquet,2018-02-05,12363793,839162,2018-02-05 09:30:00,2018-02-05 15:00:00
20260913-143215,2018,20260913-143215\2018\20180206.parquet,2018-02-06,13339565,839644,2018-02-06 09:30:00,2018-02-06 15:00:00
20260913-143215,2018,20260913-143215\2018\20180207.parquet,2018-02-07,13135803,839644,2018-02-07 09:30:00,2018-02-07 15:00:00
20260913-143215,2018,20260913-143215\2018\20180208.parquet,2018-02-08,12268372,840126,2018-02-08 09:30:00,2018-02-08 15:00:00
20260913-143215,2018,20260913-143215\2018\20180209.parquet,2018-02-09,13116865,840126,2018-02-09 09:30:00,2018-02-09 15:00:00
20260913-143215,2018,20260913-143215\2018\20180212.parquet,2018-02-12,12186072,840367,2018-02-12 09:30:00,2018-02-12 15:00:00
20260913-143215,2018,20260913-143215\2018\20180213.parquet,2018-02-13,12128370,840367,2018-02-13 09:30:00,2018-02-13 15:00:00
20260913-143215,2018,20260913-143215\2018\20180214.parquet,2018-02-14,11473500,840367,2018-02-14 09:30:00,2018-02-14 15:00:00
20260913-143215,2018,20260913-143215\2018\20180222.parquet,2018-02-22,11664571,840367,2018-02-22 09:30:00,2018-02-22 15:00:00
20260913-143215,2018,20260913-143215\2018\20180223.parquet,2018-02-23,11892928,840608,2018-02-23 09:30:00,2018-02-23 15:00:00
20260913-143215,2018,20260913-143215\2018\20180226.parquet,2018-02-26,12794551,841090,2018-02-26 09:30:00,2018-02-26 15:00:00
20260913-143215,2018,20260913-143215\2018\20180227.parquet,2018-02-27,12618740,841331,2018-02-27 09:30:00,2018-02-27 15:00:00
20260913-143215,2018,20260913-143215\2018\20180228.parquet,2018-02-28,12639646,841331,2018-02-28 09:30:00,2018-02-28 15:00:00
20260913-143215,2018,20260913-143215\2018\20180301.parquet,2018-03-01,12668092,842054,2018-03-01 09:30:00,2018-03-01 15:00:00
20260913-143215,2018,20260913-143215\2018\20180302.parquet,2018-03-02,12701775,842536,2018-03-02 09:30:00,2018-03-02 15:00:00
20260913-143215,2018,20260913-143215\2018\20180305.parquet,2018-03-05,12421881,842536,2018-03-05 09:30:00,2018-03-05 15:00:00
20260913-143215,2018,20260913-143215\2018\20180306.parquet,2018-03-06,12809634,842536,2018-03-06 09:30:00,2018-03-06 15:00:00
20260913-143215,2018,20260913-143215\2018\20180307.parquet,2018-03-07,12654578,842536,2018-03-07 09:30:00,2018-03-07 15:00:00
20260913-143215,2018,20260913-143215\2018\20180308.parquet,2018-03-08,12465202,842536,2018-03-08 09:30:00,2018-03-08 15:00:00
20260913-143215,2018,20260913-143215\2018\20180309.parquet,2018-03-09,12870818,842536,2018-03-09 09:30:00,2018-03-09 15:00:00
20260913-143215,2018,20260913-143215\2018\20180312.parquet,2018-03-12,13086276,842536,2018-03-12 09:30:00,2018-03-12 15:00:00
20260913-143215,2018,20260913-143215\2018\20180313.parquet,2018-03-13,12946422,842536,2018-03-13 09:30:00,2018-03-13 15:00:00
20260913-143215,2018,20260913-143215\2018\20180314.parquet,2018-03-14,12979368,842536,2018-03-14 09:30:00,2018-03-14 15:00:00
20260913-143215,2018,20260913-143215\2018\20180315.parquet,2018-03-15,13264969,842536,2018-03-15 09:30:00,2018-03-15 15:00:00
20260913-143215,2018,20260913-143215\2018\20180316.parquet,2018-03-16,12721808,842536,2018-03-16 09:30:00,2018-03-16 15:00:00
20260913-143215,2018,20260913-143215\2018\20180319.parquet,2018-03-19,12792562,842536,2018-03-19 09:30:00,2018-03-19 15:00:00
20260913-143215,2018,20260913-143215\2018\20180320.parquet,2018-03-20,12889609,842536,2018-03-20 09:30:00,2018-03-20 15:00:00
20260913-143215,2018,20260913-143215\2018\20180321.parquet,2018-03-21,13027906,842536,2018-03-21 09:30:00,2018-03-21 15:00:00
20260913-143215,2018,20260913-143215\2018\20180322.parquet,2018-03-22,13050685,842536,2018-03-22 09:30:00,2018-03-22 15:00:00
20260913-143215,2018,20260913-143215\2018\20180323.parquet,2018-03-23,14093609,842777,2018-03-23 09:30:00,2018-03-23 15:00:00
20260913-143215,2018,20260913-143215\2018\20180326.parquet,2018-03-26,13513528,843018,2018-03-26 09:30:00,2018-03-26 15:00:00
20260913-143215,2018,20260913-143215\2018\20180327.parquet,2018-03-27,13131078,843018,2018-03-27 09:30:00,2018-03-27 15:00:00
20260913-143215,2018,20260913-143215\2018\20180328.parquet,2018-03-28,13267918,843259,2018-03-28 09:30:00,2018-03-28 15:00:00
20260913-143215,2018,20260913-143215\2018\20180329.parquet,2018-03-29,13034824,843259,2018-03-29 09:30:00,2018-03-29 15:00:00
20260913-143215,2018,20260913-143215\2018\20180330.parquet,2018-03-30,12974991,843741,2018-03-30 09:30:00,2018-03-30 15:00:00
20260913-143215,2018,20260913-143215\2018\20180402.parquet,2018-04-02,13275066,843741,2018-04-02 09:30:00,2018-04-02 15:00:00
20260913-143215,2018,20260913-143215\2018\20180403.parquet,2018-04-03,13236175,843982,2018-04-03 09:30:00,2018-04-03 15:00:00
20260913-143215,2018,20260913-143215\2018\20180404.parquet,2018-04-04,13114392,843982,2018-04-04 09:30:00,2018-04-04 15:00:00
20260913-143215,2018,20260913-143215\2018\20180409.parquet,2018-04-09,13179285,843982,2018-04-09 09:30:00,2018-04-09 15:00:00
20260913-143215,2018,20260913-143215\2018\20180410.parquet,2018-04-10,13123492,844223,2018-04-10 09:30:00,2018-04-10 15:00:00
20260913-143215,2018,20260913-143215\2018\20180411.parquet,2018-04-11,12844668,844223,2018-04-11 09:30:00,2018-04-11 15:00:00
20260913-143215,2018,20260913-143215\2018\20180412.parquet,2018-04-12,12902518,844464,2018-04-12 09:30:00,2018-04-12 15:00:00
20260913-143215,2018,20260913-143215\2018\20180413.parquet,2018-04-13,12784878,844464,2018-04-13 09:30:00,2018-04-13 15:00:00
20260913-143215,2018,20260913-143215\2018\20180416.parquet,2018-04-16,13254906,844464,2018-04-16 09:30:00,2018-04-16 15:00:00
20260913-143215,2018,20260913-143215\2018\20180417.parquet,2018-04-17,13349038,844705,2018-04-17 09:30:00,2018-04-17 15:00:00
20260913-143215,2018,20260913-143215\2018\20180418.parquet,2018-04-18,13489878,844946,2018-04-18 09:30:00,2018-04-18 15:00:00
20260913-143215,2018,20260913-143215\2018\20180419.parquet,2018-04-19,12919437,844946,2018-04-19 09:30:00,2018-04-19 15:00:00
20260913-143215,2018,20260913-143215\2018\20180420.parquet,2018-04-20,13340010,845187,2018-04-20 09:30:00,2018-04-20 15:00:00
20260913-143215,2018,20260913-143215\2018\20180423.parquet,2018-04-23,13219697,845187,2018-04-23 09:30:00,2018-04-23 15:00:00
20260913-143215,2018,20260913-143215\2018\20180424.parquet,2018-04-24,12791750,845187,2018-04-24 09:30:00,2018-04-24 15:00:00
20260913-143215,2018,20260913-143215\2018\20180425.parquet,2018-04-25,12763689,845187,2018-04-25 09:30:00,2018-04-25 15:00:00
20260913-143215,2018,20260913-143215\2018\20180426.parquet,2018-04-26,12913391,845428,2018-04-26 09:30:00,2018-04-26 15:00:00
20260913-143215,2018,20260913-143215\2018\20180427.parquet,2018-04-27,12887325,845910,2018-04-27 09:30:00,2018-04-27 15:00:00
20260913-143215,2018,20260913-143215\2018\20180502.parquet,2018-05-02,12920345,845910,2018-05-02 09:30:00,2018-05-02 15:00:00
20260913-143215,2018,20260913-143215\2018\20180503.parquet,2018-05-03,13246279,845910,2018-05-03 09:30:00,2018-05-03 15:00:00
20260913-143215,2018,20260913-143215\2018\20180504.parquet,2018-05-04,12683693,845910,2018-05-04 09:30:00,2018-05-04 15:00:00
20260913-143215,2018,20260913-143215\2018\20180507.parquet,2018-05-07,12788409,845910,2018-05-07 09:30:00,2018-05-07 15:00:00
20260913-143215,2018,20260913-143215\2018\20180508.parquet,2018-05-08,12831007,846392,2018-05-08 09:30:00,2018-05-08 15:00:00
20260913-143215,2018,20260913-143215\2018\20180509.parquet,2018-05-09,12732321,846633,2018-05-09 09:30:00,2018-05-09 15:00:00
20260913-143215,2018,20260913-143215\2018\20180510.parquet,2018-05-10,12822715,846633,2018-05-10 09:30:00,2018-05-10 15:00:00
20260913-143215,2018,20260913-143215\2018\20180511.parquet,2018-05-11,13049970,846633,2018-05-11 09:30:00,2018-05-11 15:00:00
20260913-143215,2018,20260913-143215\2018\20180514.parquet,2018-05-14,12956197,846633,2018-05-14 09:30:00,2018-05-14 15:00:00
20260913-143215,2018,20260913-143215\2018\20180515.parquet,2018-05-15,12741162,846633,2018-05-15 09:30:00,2018-05-15 15:00:00
20260913-143215,2018,20260913-143215\2018\20180516.parquet,2018-05-16,12881684,846874,2018-05-16 09:30:00,2018-05-16 15:00:00
20260913-143215,2018,20260913-143215\2018\20180517.parquet,2018-05-17,12715171,847115,2018-05-17 09:30:00,2018-05-17 15:00:00
20260913-143215,2018,20260913-143215\2018\20180518.parquet,2018-05-18,12803999,847115,2018-05-18 09:30:00,2018-05-18 15:00:00
20260913-143215,2018,20260913-143215\2018\20180521.parquet,2018-05-21,12862228,847115,2018-05-21 09:30:00,2018-05-21 15:00:00
20260913-143215,2018,20260913-143215\2018\20180522.parquet,2018-05-22,12768977,847115,2018-05-22 09:30:00,2018-05-22 15:00:00
20260913-143215,2018,20260913-143215\2018\20180523.parquet,2018-05-23,13062406,847356,2018-05-23 09:30:00,2018-05-23 15:00:00
20260913-143215,2018,20260913-143215\2018\20180524.parquet,2018-05-24,12739876,847356,2018-05-24 09:30:00,2018-05-24 15:00:00
20260913-143215,2018,20260913-143215\2018\20180525.parquet,2018-05-25,13129948,847597,2018-05-25 09:30:00,2018-05-25 15:00:00
20260913-143215,2018,20260913-143215\2018\20180528.parquet,2018-05-28,13199388,847838,2018-05-28 09:30:00,2018-05-28 15:00:00
20260913-143215,2018,20260913-143215\2018\20180529.parquet,2018-05-29,13196308,847838,2018-05-29 09:30:00,2018-05-29 15:00:00
20260913-143215,2018,20260913-143215\2018\20180530.parquet,2018-05-30,13523717,847838,2018-05-30 09:30:00,2018-05-30 15:00:00
20260913-143215,2018,20260913-143215\2018\20180531.parquet,2018-05-31,13069304,847838,2018-05-31 09:30:00,2018-05-31 15:00:00
20260913-143215,2018,20260913-143215\2018\20180601.parquet,2018-06-01,13202068,847838,2018-06-01 09:30:00,2018-06-01 15:00:00
20260913-143215,2018,20260913-143215\2018\20180604.parquet,2018-06-04,12714962,847838,2018-06-04 09:30:00,2018-06-04 15:00:00
20260913-143215,2018,20260913-143215\2018\20180605.parquet,2018-06-05,12710495,847838,2018-06-05 09:30:00,2018-06-05 15:00:00
20260913-143215,2018,20260913-143215\2018\20180606.parquet,2018-06-06,12617605,847838,2018-06-06 09:30:00,2018-06-06 15:00:00
20260913-143215,2018,20260913-143215\2018\20180607.parquet,2018-06-07,12609244,847838,2018-06-07 09:30:00,2018-06-07 15:00:00
20260913-143215,2018,20260913-143215\2018\20180608.parquet,2018-06-08,13145367,848079,2018-06-08 09:30:00,2018-06-08 15:00:00
20260913-143215,2018,20260913-143215\2018\20180611.parquet,2018-06-11,12649608,848561,2018-06-11 09:30:00,2018-06-11 15:00:00
20260913-143215,2018,20260913-143215\2018\20180612.parquet,2018-06-12,12683240,848802,2018-06-12 09:30:00,2018-06-12 15:00:00
20260913-143215,2018,20260913-143215\2018\20180613.parquet,2018-06-13,12773214,849043,2018-06-13 09:30:00,2018-06-13 15:00:00
20260913-143215,2018,20260913-143215\2018\20180614.parquet,2018-06-14,12655080,849043,2018-06-14 09:30:00,2018-06-14 15:00:00
20260913-143215,2018,20260913-143215\2018\20180615.parquet,2018-06-15,13346941,849043,2018-06-15 09:30:00,2018-06-15 15:00:00
20260913-143215,2018,20260913-143215\2018\20180619.parquet,2018-06-19,13571373,849043,2018-06-19 09:30:00,2018-06-19 15:00:00
20260913-143215,2018,20260913-143215\2018\20180620.parquet,2018-06-20,13236182,849284,2018-06-20 09:30:00,2018-06-20 15:00:00
20260913-143215,2018,20260913-143215\2018\20180621.parquet,2018-06-21,13494754,849284,2018-06-21 09:30:00,2018-06-21 15:00:00
20260913-143215,2018,20260913-143215\2018\20180622.parquet,2018-06-22,12879909,849525,2018-06-22 09:30:00,2018-06-22 15:00:00
20260913-143215,2018,20260913-143215\2018\20180625.parquet,2018-06-25,12555892,849766,2018-06-25 09:30:00,2018-06-25 15:00:00
20260913-143215,2018,20260913-143215\2018\20180626.parquet,2018-06-26,12800095,849766,2018-06-26 09:30:00,2018-06-26 15:00:00
20260913-143215,2018,20260913-143215\2018\20180627.parquet,2018-06-27,12895406,850007,2018-06-27 09:30:00,2018-06-27 15:00:00
20260913-143215,2018,20260913-143215\2018\20180628.parquet,2018-06-28,12752918,850007,2018-06-28 09:30:00,2018-06-28 15:00:00
20260913-143215,2018,20260913-143215\2018\20180629.parquet,2018-06-29,13016679,850007,2018-06-29 09:30:00,2018-06-29 15:00:00
20260913-143215,2018,20260913-143215\2018\20180702.parquet,2018-07-02,13101967,850007,2018-07-02 09:30:00,2018-07-02 15:00:00
20260913-143215,2018,20260913-143215\2018\20180703.parquet,2018-07-03,13414756,850248,2018-07-03 09:30:00,2018-07-03 15:00:00
20260913-143215,2018,20260913-143215\2018\20180704.parquet,2018-07-04,13027985,850248,2018-07-04 09:30:00,2018-07-04 15:00:00
20260913-143215,2018,20260913-143215\2018\20180705.parquet,2018-07-05,13170869,850248,2018-07-05 09:30:00,2018-07-05 15:00:00
20260913-143215,2018,20260913-143215\2018\20180706.parquet,2018-07-06,13777236,850248,2018-07-06 09:30:00,2018-07-06 15:00:00
20260913-143215,2018,20260913-143215\2018\20180709.parquet,2018-07-09,12523784,850730,2018-07-09 09:30:00,2018-07-09 15:00:00
20260913-143215,2018,20260913-143215\2018\20180710.parquet,2018-07-10,12612130,850971,2018-07-10 09:30:00,2018-07-10 15:00:00
20260913-143215,2018,20260913-143215\2018\20180711.parquet,2018-07-11,13317972,850971,2018-07-11 09:30:00,2018-07-11 15:00:00
20260913-143215,2018,20260913-143215\2018\20180712.parquet,2018-07-12,13057551,850971,2018-07-12 09:30:00,2018-07-12 15:00:00
20260913-143215,2018,20260913-143215\2018\20180713.parquet,2018-07-13,12727707,851212,2018-07-13 09:30:00,2018-07-13 15:00:00
20260913-143215,2018,20260913-143215\2018\20180716.parquet,2018-07-16,12629839,850730,2018-07-16 09:30:00,2018-07-16 15:00:00
20260913-143215,2018,20260913-143215\2018\20180717.parquet,2018-07-17,12628216,850730,2018-07-17 09:30:00,2018-07-17 15:00:00
20260913-143215,2018,20260913-143215\2018\20180718.parquet,2018-07-18,12794936,850489,2018-07-18 09:30:00,2018-07-18 15:00:00
20260913-143215,2018,20260913-143215\2018\20180719.parquet,2018-07-19,12854028,850489,2018-07-19 09:30:00,2018-07-19 15:00:00
20260913-143215,2018,20260913-143215\2018\20180720.parquet,2018-07-20,12852903,850730,2018-07-20 09:30:00,2018-07-20 15:00:00
20260913-143215,2018,20260913-143215\2018\20180723.parquet,2018-07-23,13037377,850730,2018-07-23 09:30:00,2018-07-23 15:00:00
20260913-143215,2018,20260913-143215\2018\20180724.parquet,2018-07-24,13277810,850730,2018-07-24 09:30:00,2018-07-24 15:00:00
20260913-143215,2018,20260913-143215\2018\20180725.parquet,2018-07-25,13019592,850730,2018-07-25 09:30:00,2018-07-25 15:00:00
20260913-143215,2018,20260913-143215\2018\20180726.parquet,2018-07-26,13206417,850730,2018-07-26 09:30:00,2018-07-26 15:00:00
20260913-143215,2018,20260913-143215\2018\20180727.parquet,2018-07-27,12936595,850730,2018-07-27 09:30:00,2018-07-27 15:00:00
20260913-143215,2018,20260913-143215\2018\20180730.parquet,2018-07-30,13285334,850971,2018-07-30 09:30:00,2018-07-30 15:00:00
20260913-143215,2018,20260913-143215\2018\20180731.parquet,2018-07-31,12562650,850971,2018-07-31 09:30:00,2018-07-31 15:00:00
20260913-143215,2018,20260913-143215\2018\20180801.parquet,2018-08-01,13160462,850971,2018-08-01 09:30:00,2018-08-01 15:00:00
20260913-143215,2018,20260913-143215\2018\20180802.parquet,2018-08-02,14171525,850971,2018-08-02 09:30:00,2018-08-02 15:00:00
20260913-143215,2018,20260913-143215\2018\20180803.parquet,2018-08-03,12936115,850971,2018-08-03 09:30:00,2018-08-03 15:00:00
20260913-143215,2018,20260913-143215\2018\20180806.parquet,2018-08-06,13325957,851212,2018-08-06 09:30:00,2018-08-06 15:00:00
20260913-143215,2018,20260913-143215\2018\20180807.parquet,2018-08-07,13074870,849766,2018-08-07 09:30:00,2018-08-07 15:00:00
20260913-143215,2018,20260913-143215\2018\20180808.parquet,2018-08-08,12964489,851212,2018-08-08 09:30:00,2018-08-08 15:00:00
20260913-143215,2018,20260913-143215\2018\20180809.parquet,2018-08-09,13175654,851212,2018-08-09 09:30:00,2018-08-09 15:00:00
20260913-143215,2018,20260913-143215\2018\20180810.parquet,2018-08-10,12590842,851453,2018-08-10 09:30:00,2018-08-10 15:00:00
20260913-143215,2018,20260913-143215\2018\20180813.parquet,2018-08-13,12843274,851453,2018-08-13 09:30:00,2018-08-13 15:00:00
20260913-143215,2018,20260913-143215\2018\20180814.parquet,2018-08-14,12478485,851453,2018-08-14 09:30:00,2018-08-14 15:00:00
20260913-143215,2018,20260913-143215\2018\20180815.parquet,2018-08-15,12890472,851453,2018-08-15 09:30:00,2018-08-15 15:00:00
20260913-143215,2018,20260913-143215\2018\20180816.parquet,2018-08-16,12975289,851453,2018-08-16 09:30:00,2018-08-16 15:00:00
20260913-143215,2018,20260913-143215\2018\20180817.parquet,2018-08-17,13008257,851453,2018-08-17 09:30:00,2018-08-17 15:00:00
20260913-143215,2018,20260913-143215\2018\20180820.parquet,2018-08-20,13182854,851453,2018-08-20 09:30:00,2018-08-20 15:00:00
20260913-143215,2018,20260913-143215\2018\20180821.parquet,2018-08-21,12666017,851453,2018-08-21 09:30:00,2018-08-21 15:00:00
20260913-143215,2018,20260913-143215\2018\20180822.parquet,2018-08-22,12283682,851453,2018-08-22 09:30:00,2018-08-22 15:00:00
20260913-143215,2018,20260913-143215\2018\20180823.parquet,2018-08-23,12529514,851453,2018-08-23 09:30:00,2018-08-23 15:00:00
20260913-143215,2018,20260913-143215\2018\20180824.parquet,2018-08-24,12357717,851453,2018-08-24 09:30:00,2018-08-24 15:00:00
20260913-143215,2018,20260913-143215\2018\20180827.parquet,2018-08-27,12549966,851694,2018-08-27 09:30:00,2018-08-27 15:00:00
20260913-143215,2018,20260913-143215\2018\20180828.parquet,2018-08-28,12355800,852176,2018-08-28 09:30:00,2018-08-28 15:00:00
20260913-143215,2018,20260913-143215\2018\20180829.parquet,2018-08-29,12174102,852176,2018-08-29 09:30:00,2018-08-29 15:00:00
20260913-143215,2018,20260913-143215\2018\20180830.parquet,2018-08-30,12549130,852176,2018-08-30 09:30:00,2018-08-30 15:00:00
20260913-143215,2018,20260913-143215\2018\20180831.parquet,2018-08-31,12655179,851453,2018-08-31 09:30:00,2018-08-31 15:00:00
20260913-143215,2018,20260913-143215\2018\20180903.parquet,2018-09-03,12834812,852658,2018-09-03 09:30:00,2018-09-03 15:00:00
20260913-143215,2018,20260913-143215\2018\20180904.parquet,2018-09-04,12550270,852658,2018-09-04 09:30:00,2018-09-04 15:00:00
20260913-143215,2018,20260913-143215\2018\20180905.parquet,2018-09-05,12477619,852658,2018-09-05 09:30:00,2018-09-05 15:00:00
20260913-143215,2018,20260913-143215\2018\20180906.parquet,2018-09-06,12666568,852658,2018-09-06 09:30:00,2018-09-06 15:00:00
20260913-143215,2018,20260913-143215\2018\20180907.parquet,2018-09-07,12669910,852658,2018-09-07 09:30:00,2018-09-07 15:00:00
20260913-143215,2018,20260913-143215\2018\20180910.parquet,2018-09-10,12646638,852899,2018-09-10 09:30:00,2018-09-10 15:00:00
20260913-143215,2018,20260913-143215\2018\20180911.parquet,2018-09-11,12487829,852899,2018-09-11 09:30:00,2018-09-11 15:00:00
20260913-143215,2018,20260913-143215\2018\20180912.parquet,2018-09-12,12104304,853140,2018-09-12 09:30:00,2018-09-12 15:00:00
20260913-143215,2018,20260913-143215\2018\20180913.parquet,2018-09-13,12476816,853140,2018-09-13 09:30:00,2018-09-13 15:00:00
20260913-143215,2018,20260913-143215\2018\20180914.parquet,2018-09-14,12374324,853140,2018-09-14 09:30:00,2018-09-14 15:00:00
20260913-143215,2018,20260913-143215\2018\20180917.parquet,2018-09-17,12518154,853381,2018-09-17 09:30:00,2018-09-17 15:00:00
20260913-143215,2018,20260913-143215\2018\20180918.parquet,2018-09-18,12546302,853622,2018-09-18 09:30:00,2018-09-18 15:00:00
20260913-143215,2018,20260913-143215\2018\20180919.parquet,2018-09-19,12869259,853863,2018-09-19 09:30:00,2018-09-19 15:00:00
20260913-143215,2018,20260913-143215\2018\20180920.parquet,2018-09-20,12129269,853863,2018-09-20 09:30:00,2018-09-20 15:00:00
20260913-143215,2018,20260913-143215\2018\20180921.parquet,2018-09-21,12692265,854345,2018-09-21 09:30:00,2018-09-21 15:00:00
20260913-143215,2018,20260913-143215\2018\20180925.parquet,2018-09-25,12162985,854586,2018-09-25 09:30:00,2018-09-25 15:00:00
20260913-143215,2018,20260913-143215\2018\20180926.parquet,2018-09-26,12546877,855068,2018-09-26 09:30:00,2018-09-26 15:00:00
20260913-143215,2018,20260913-143215\2018\20180927.parquet,2018-09-27,12720959,855068,2018-09-27 09:30:00,2018-09-27 15:00:00
20260913-143215,2018,20260913-143215\2018\20180928.parquet,2018-09-28,12193337,855068,2018-09-28 09:30:00,2018-09-28 15:00:00
20260913-143215,2018,20260913-143215\2018\20181008.parquet,2018-10-08,12852752,855068,2018-10-08 09:30:00,2018-10-08 15:00:00
20260913-143215,2018,20260913-143215\2018\20181009.parquet,2018-10-09,12416916,855068,2018-10-09 09:30:00,2018-10-09 15:00:00
20260913-143215,2018,20260913-143215\2018\20181010.parquet,2018-10-10,12355026,855068,2018-10-10 09:30:00,2018-10-10 15:00:00
20260913-143215,2018,20260913-143215\2018\20181011.parquet,2018-10-11,13736920,855068,2018-10-11 09:30:00,2018-10-11 15:00:00
20260913-143215,2018,20260913-143215\2018\20181012.parquet,2018-10-12,13934514,855068,2018-10-12 09:30:00,2018-10-12 15:00:00
20260913-143215,2018,20260913-143215\2018\20181015.parquet,2018-10-15,12952841,855309,2018-10-15 09:30:00,2018-10-15 15:00:00
20260913-143215,2018,20260913-143215\2018\20181016.parquet,2018-10-16,13212663,855550,2018-10-16 09:30:00,2018-10-16 15:00:00
20260913-143215,2018,20260913-143215\2018\20181017.parquet,2018-10-17,13029476,855550,2018-10-17 09:30:00,2018-10-17 15:00:00
20260913-143215,2018,20260913-143215\2018\20181018.parquet,2018-10-18,13016317,855550,2018-10-18 09:30:00,2018-10-18 15:00:00
20260913-143215,2018,20260913-143215\2018\20181019.parquet,2018-10-19,13335244,855791,2018-10-19 09:30:00,2018-10-19 15:00:00
20260913-143215,2018,20260913-143215\2018\20181022.parquet,2018-10-22,13479522,855791,2018-10-22 09:30:00,2018-10-22 15:00:00
20260913-143215,2018,20260913-143215\2018\20181023.parquet,2018-10-23,13479025,856032,2018-10-23 09:30:00,2018-10-23 15:00:00
20260913-143215,2018,20260913-143215\2018\20181024.parquet,2018-10-24,12993305,856032,2018-10-24 09:30:00,2018-10-24 15:00:00
20260913-143215,2018,20260913-143215\2018\20181025.parquet,2018-10-25,13256198,856032,2018-10-25 09:30:00,2018-10-25 15:00:00
20260913-143215,2018,20260913-143215\2018\20181026.parquet,2018-10-26,12923426,856273,2018-10-26 09:30:00,2018-10-26 15:00:00
20260913-143215,2018,20260913-143215\2018\20181029.parquet,2018-10-29,12799253,856273,2018-10-29 09:30:00,2018-10-29 15:00:00
20260913-143215,2018,20260913-143215\2018\20181030.parquet,2018-10-30,13276238,856273,2018-10-30 09:30:00,2018-10-30 15:00:00
20260913-143215,2018,20260913-143215\2018\20181031.parquet,2018-10-31,12869375,856273,2018-10-31 09:30:00,2018-10-31 15:00:00
20260913-143215,2018,20260913-143215\2018\20181101.parquet,2018-11-01,13288378,856273,2018-11-01 09:30:00,2018-11-01 15:00:00
20260913-143215,2018,20260913-143215\2018\20181102.parquet,2018-11-02,13218010,856273,2018-11-02 09:30:00,2018-11-02 15:00:00
20260913-143215,2018,20260913-143215\2018\20181105.parquet,2018-11-05,13586309,856273,2018-11-05 09:30:00,2018-11-05 15:00:00
20260913-143215,2018,20260913-143215\2018\20181106.parquet,2018-11-06,13240243,856273,2018-11-06 09:30:00,2018-11-06 15:00:00
20260913-143215,2018,20260913-143215\2018\20181107.parquet,2018-11-07,13170407,856514,2018-11-07 09:30:00,2018-11-07 15:00:00
20260913-143215,2018,20260913-143215\2018\20181108.parquet,2018-11-08,12958831,856514,2018-11-08 09:30:00,2018-11-08 15:00:00
20260913-143215,2018,20260913-143215\2018\20181109.parquet,2018-11-09,12765934,856755,2018-11-09 09:30:00,2018-11-09 15:00:00
20260913-143215,2018,20260913-143215\2018\20181112.parquet,2018-11-12,13405937,856755,2018-11-12 09:30:00,2018-11-12 15:00:00
20260913-143215,2018,20260913-143215\2018\20181113.parquet,2018-11-13,14031765,856755,2018-11-13 09:30:00,2018-11-13 15:00:00
20260913-143215,2018,20260913-143215\2018\20181114.parquet,2018-11-14,13778614,856755,2018-11-14 09:30:00,2018-11-14 15:00:00
20260913-143215,2018,20260913-143215\2018\20181115.parquet,2018-11-15,13675282,856996,2018-11-15 09:30:00,2018-11-15 15:00:00
20260913-143215,2018,20260913-143215\2018\20181116.parquet,2018-11-16,13813216,857237,2018-11-16 09:30:00,2018-11-16 15:00:00
20260913-143215,2018,20260913-143215\2018\20181119.parquet,2018-11-19,13722246,857237,2018-11-19 09:30:00,2018-11-19 15:00:00
20260913-143215,2018,20260913-143215\2018\20181120.parquet,2018-11-20,14008407,857237,2018-11-20 09:30:00,2018-11-20 15:00:00
20260913-143215,2018,20260913-143215\2018\20181121.parquet,2018-11-21,13836309,857237,2018-11-21 09:30:00,2018-11-21 15:00:00
20260913-143215,2018,20260913-143215\2018\20181122.parquet,2018-11-22,13396141,857237,2018-11-22 09:30:00,2018-11-22 15:00:00
20260913-143215,2018,20260913-143215\2018\20181123.parquet,2018-11-23,14311223,857237,2018-11-23 09:30:00,2018-11-23 15:00:00
20260913-143215,2018,20260913-143215\2018\20181126.parquet,2018-11-26,13458511,857237,2018-11-26 09:30:00,2018-11-26 15:00:00
20260913-143215,2018,20260913-143215\2018\20181127.parquet,2018-11-27,13068078,857237,2018-11-27 09:30:00,2018-11-27 15:00:00
20260913-143215,2018,20260913-143215\2018\20181128.parquet,2018-11-28,13519421,857478,2018-11-28 09:30:00,2018-11-28 15:00:00
20260913-143215,2018,20260913-143215\2018\20181129.parquet,2018-11-29,13694128,857960,2018-11-29 09:30:00,2018-11-29 15:00:00
20260913-143215,2018,20260913-143215\2018\20181130.parquet,2018-11-30,13622630,858201,2018-11-30 09:30:00,2018-11-30 15:00:00
20260913-143215,2018,20260913-143215\2018\20181203.parquet,2018-12-03,13570973,858201,2018-12-03 09:30:00,2018-12-03 15:00:00
20260913-143215,2018,20260913-143215\2018\20181204.parquet,2018-12-04,13337724,858201,2018-12-04 09:30:00,2018-12-04 15:00:00
20260913-143215,2018,20260913-143215\2018\20181205.parquet,2018-12-05,13472612,858442,2018-12-05 09:30:00,2018-12-05 15:00:00
20260913-143215,2018,20260913-143215\2018\20181206.parquet,2018-12-06,13614900,858442,2018-12-06 09:30:00,2018-12-06 15:00:00
20260913-143215,2018,20260913-143215\2018\20181207.parquet,2018-12-07,12875084,858442,2018-12-07 09:30:00,2018-12-07 15:00:00
20260913-143215,2018,20260913-143215\2018\20181210.parquet,2018-12-10,13215819,858442,2018-12-10 09:30:00,2018-12-10 15:00:00
20260913-143215,2018,20260913-143215\2018\20181211.parquet,2018-12-11,12638055,858442,2018-12-11 09:30:00,2018-12-11 15:00:00
20260913-143215,2018,20260913-143215\2018\20181212.parquet,2018-12-12,12593241,858442,2018-12-12 09:30:00,2018-12-12 15:00:00
20260913-143215,2018,20260913-143215\2018\20181213.parquet,2018-12-13,13240998,858683,2018-12-13 09:30:00,2018-12-13 15:00:00
20260913-143215,2018,20260913-143215\2018\20181214.parquet,2018-12-14,13480068,858683,2018-12-14 09:30:00,2018-12-14 15:00:00
20260913-143215,2018,20260913-143215\2018\20181217.parquet,2018-12-17,13011140,858683,2018-12-17 09:30:00,2018-12-17 15:00:00
20260913-143215,2018,20260913-143215\2018\20181218.parquet,2018-12-18,13188172,858683,2018-12-18 09:30:00,2018-12-18 15:00:00
20260913-143215,2018,20260913-143215\2018\20181219.parquet,2018-12-19,12946090,858683,2018-12-19 09:30:00,2018-12-19 15:00:00
20260913-143215,2018,20260913-143215\2018\20181220.parquet,2018-12-20,12827992,858683,2018-12-20 09:30:00,2018-12-20 15:00:00
20260913-143215,2018,20260913-143215\2018\20181221.parquet,2018-12-21,12913483,858683,2018-12-21 09:30:00,2018-12-21 15:00:00
20260913-143215,2018,20260913-143215\2018\20181224.parquet,2018-12-24,12560809,858924,2018-12-24 09:30:00,2018-12-24 15:00:00
20260913-143215,2018,20260913-143215\2018\20181225.parquet,2018-12-25,13673411,858924,2018-12-25 09:30:00,2018-12-25 15:00:00
20260913-143215,2018,20260913-143215\2018\20181226.parquet,2018-12-26,12798628,859165,2018-12-26 09:30:00,2018-12-26 15:00:00
20260913-143215,2018,20260913-143215\2018\20181227.parquet,2018-12-27,13123236,859165,2018-12-27 09:30:00,2018-12-27 15:00:00
20260913-143215,2018,20260913-143215\2018\20181228.parquet,2018-12-28,12960449,859406,2018-12-28 09:30:00,2018-12-28 15:00:00
20260913-143215,2019,20260913-143215\2019\20190102.parquet,2019-01-02,12927022,858201,2019-01-02 09:30:00,2019-01-02 15:00:00
20260913-143215,2019,20260913-143215\2019\20190103.parquet,2019-01-03,12881950,858442,2019-01-03 09:30:00,2019-01-03 15:00:00
20260913-143215,2019,20260913-143215\2019\20190104.parquet,2019-01-04,13682139,858442,2019-01-04 09:30:00,2019-01-04 15:00:00
20260913-143215,2019,20260913-143215\2019\20190107.parquet,2019-01-07,13251543,858442,2019-01-07 09:30:00,2019-01-07 15:00:00
20260913-143215,2019,20260913-143215\2019\20190108.parquet,2019-01-08,13089073,858924,2019-01-08 09:30:00,2019-01-08 15:00:00
20260913-143215,2019,20260913-143215\2019\20190109.parquet,2019-01-09,13362394,858924,2019-01-09 09:30:00,2019-01-09 15:00:00
20260913-143215,2019,20260913-143215\2019\20190110.parquet,2019-01-10,13165877,858924,2019-01-10 09:30:00,2019-01-10 15:00:00
20260913-143215,2019,20260913-143215\2019\20190111.parquet,2019-01-11,13064918,859165,2019-01-11 09:30:00,2019-01-11 15:00:00
20260913-143215,2019,20260913-143215\2019\20190114.parquet,2019-01-14,13072646,859165,2019-01-14 09:30:00,2019-01-14 15:00:00
20260913-143215,2019,20260913-143215\2019\20190115.parquet,2019-01-15,13141163,859165,2019-01-15 09:30:00,2019-01-15 15:00:00
20260913-143215,2019,20260913-143215\2019\20190116.parquet,2019-01-16,12911906,859647,2019-01-16 09:30:00,2019-01-16 15:00:00
20260913-143215,2019,20260913-143215\2019\20190117.parquet,2019-01-17,13149027,860129,2019-01-17 09:30:00,2019-01-17 15:00:00
20260913-143215,2019,20260913-143215\2019\20190118.parquet,2019-01-18,13112062,860370,2019-01-18 09:30:00,2019-01-18 15:00:00
20260913-143215,2019,20260913-143215\2019\20190121.parquet,2019-01-21,12915288,860611,2019-01-21 09:30:00,2019-01-21 15:00:00
20260913-143215,2019,20260913-143215\2019\20190122.parquet,2019-01-22,12877144,860852,2019-01-22 09:30:00,2019-01-22 15:00:00
20260913-143215,2019,20260913-143215\2019\20190123.parquet,2019-01-23,12620335,861093,2019-01-23 09:30:00,2019-01-23 15:00:00
20260913-143215,2019,20260913-143215\2019\20190124.parquet,2019-01-24,12882195,861093,2019-01-24 09:30:00,2019-01-24 15:00:00
20260913-143215,2019,20260913-143215\2019\20190125.parquet,2019-01-25,12957292,861334,2019-01-25 09:30:00,2019-01-25 15:00:00
20260913-143215,2019,20260913-143215\2019\20190128.parquet,2019-01-28,13291184,861575,2019-01-28 09:30:00,2019-01-28 15:00:00
20260913-143215,2019,20260913-143215\2019\20190129.parquet,2019-01-29,13777941,861816,2019-01-29 09:30:00,2019-01-29 15:00:00
20260913-143215,2019,20260913-143215\2019\20190130.parquet,2019-01-30,13076092,862057,2019-01-30 09:30:00,2019-01-30 15:00:00
20260913-143215,2019,20260913-143215\2019\20190131.parquet,2019-01-31,13360959,862057,2019-01-31 09:30:00,2019-01-31 15:00:00
20260913-143215,2019,20260913-143215\2019\20190201.parquet,2019-02-01,12827493,862298,2019-02-01 09:30:00,2019-02-01 15:00:00
20260913-143215,2019,20260913-143215\2019\20190211.parquet,2019-02-11,12961790,862298,2019-02-11 09:30:00,2019-02-11 15:00:00
20260913-143215,2019,20260913-143215\2019\20190212.parquet,2019-02-12,13273243,862298,2019-02-12 09:30:00,2019-02-12 15:00:00
20260913-143215,2019,20260913-143215\2019\20190213.parquet,2019-02-13,13575064,862298,2019-02-13 09:30:00,2019-02-13 15:00:00
20260913-143215,2019,20260913-143215\2019\20190214.parquet,2019-02-14,13287562,862298,2019-02-14 09:30:00,2019-02-14 15:00:00
20260913-143215,2019,20260913-143215\2019\20190215.parquet,2019-02-15,13329101,862539,2019-02-15 09:30:00,2019-02-15 15:00:00
20260913-143215,2019,20260913-143215\2019\20190218.parquet,2019-02-18,13523114,862780,2019-02-18 09:30:00,2019-02-18 15:00:00
20260913-143215,2019,20260913-143215\2019\20190219.parquet,2019-02-19,14093425,862780,2019-02-19 09:30:00,2019-02-19 15:00:00
20260913-143215,2019,20260913-143215\2019\20190220.parquet,2019-02-20,13869323,862780,2019-02-20 09:30:00,2019-02-20 15:00:00
20260913-143215,2019,20260913-143215\2019\20190221.parquet,2019-02-21,14158365,862780,2019-02-21 09:30:00,2019-02-21 15:00:00
20260913-143215,2019,20260913-143215\2019\20190222.parquet,2019-02-22,14136290,863262,2019-02-22 09:30:00,2019-02-22 15:00:00
20260913-143215,2019,20260913-143215\2019\20190225.parquet,2019-02-25,14756046,863262,2019-02-25 09:30:00,2019-02-25 15:00:00
20260913-143215,2019,20260913-143215\2019\20190226.parquet,2019-02-26,15181352,863503,2019-02-26 09:30:00,2019-02-26 15:00:00
20260913-143215,2019,20260913-143215\2019\20190227.parquet,2019-02-27,14982710,863503,2019-02-27 09:30:00,2019-02-27 15:00:00
20260913-143215,2019,20260913-143215\2019\20190228.parquet,2019-02-28,14460490,863503,2019-02-28 09:30:00,2019-02-28 15:00:00
20260913-143215,2019,20260913-143215\2019\20190301.parquet,2019-03-01,14392694,863744,2019-03-01 09:30:00,2019-03-01 15:00:00
20260913-143215,2019,20260913-143215\2019\20190304.parquet,2019-03-04,14878501,863744,2019-03-04 09:30:00,2019-03-04 15:00:00
20260913-143215,2019,20260913-143215\2019\20190305.parquet,2019-03-05,14631174,863744,2019-03-05 09:30:00,2019-03-05 15:00:00
20260913-143215,2019,20260913-143215\2019\20190306.parquet,2019-03-06,15019436,863744,2019-03-06 09:30:00,2019-03-06 15:00:00
20260913-143215,2019,20260913-143215\2019\20190307.parquet,2019-03-07,15196813,863744,2019-03-07 09:30:00,2019-03-07 15:00:00
20260913-143215,2019,20260913-143215\2019\20190308.parquet,2019-03-08,15619792,863744,2019-03-08 09:30:00,2019-03-08 15:00:00
20260913-143215,2019,20260913-143215\2019\20190311.parquet,2019-03-11,14985806,863985,2019-03-11 09:30:00,2019-03-11 15:00:00
20260913-143215,2019,20260913-143215\2019\20190312.parquet,2019-03-12,15223990,863985,2019-03-12 09:30:00,2019-03-12 15:00:00
20260913-143215,2019,20260913-143215\2019\20190313.parquet,2019-03-13,15325636,863985,2019-03-13 09:30:00,2019-03-13 15:00:00
20260913-143215,2019,20260913-143215\2019\20190314.parquet,2019-03-14,15345694,864226,2019-03-14 09:30:00,2019-03-14 15:00:00
20260913-143215,2019,20260913-143215\2019\20190315.parquet,2019-03-15,14958044,864226,2019-03-15 09:30:00,2019-03-15 15:00:00
20260913-143215,2019,20260913-143215\2019\20190318.parquet,2019-03-18,14741457,864226,2019-03-18 09:30:00,2019-03-18 15:00:00
20260913-143215,2019,20260913-143215\2019\20190319.parquet,2019-03-19,14730872,864467,2019-03-19 09:30:00,2019-03-19 15:00:00
20260913-143215,2019,20260913-143215\2019\20190320.parquet,2019-03-20,15046697,864467,2019-03-20 09:30:00,2019-03-20 15:00:00
20260913-143215,2019,20260913-143215\2019\20190321.parquet,2019-03-21,14650552,864467,2019-03-21 09:30:00,2019-03-21 15:00:00
20260913-143215,2019,20260913-143215\2019\20190322.parquet,2019-03-22,14942773,864708,2019-03-22 09:30:00,2019-03-22 15:00:00
20260913-143215,2019,20260913-143215\2019\20190325.parquet,2019-03-25,14813564,864949,2019-03-25 09:30:00,2019-03-25 15:00:00
20260913-143215,2019,20260913-143215\2019\20190326.parquet,2019-03-26,15216089,865431,2019-03-26 09:30:00,2019-03-26 15:00:00
20260913-143215,2019,20260913-143215\2019\20190327.parquet,2019-03-27,14774157,865431,2019-03-27 09:30:00,2019-03-27 15:00:00
20260913-143215,2019,20260913-143215\2019\20190328.parquet,2019-03-28,14807835,865672,2019-03-28 09:30:00,2019-03-28 15:00:00
20260913-143215,2019,20260913-143215\2019\20190329.parquet,2019-03-29,14900086,865913,2019-03-29 09:30:00,2019-03-29 15:00:00
20260913-143215,2019,20260913-143215\2019\20190401.parquet,2019-04-01,14671119,865913,2019-04-01 09:30:00,2019-04-01 15:00:00
20260913-143215,2019,20260913-143215\2019\20190402.parquet,2019-04-02,14865603,866154,2019-04-02 09:30:00,2019-04-02 15:00:00
20260913-143215,2019,20260913-143215\2019\20190403.parquet,2019-04-03,14710643,866154,2019-04-03 09:30:00,2019-04-03 15:00:00
20260913-143215,2019,20260913-143215\2019\20190404.parquet,2019-04-04,14780282,866154,2019-04-04 09:30:00,2019-04-04 15:00:00
20260913-143215,2019,20260913-143215\2019\20190408.parquet,2019-04-08,15212379,866154,2019-04-08 09:30:00,2019-04-08 15:00:00
20260913-143215,2019,20260913-143215\2019\20190409.parquet,2019-04-09,14814780,866154,2019-04-09 09:30:00,2019-04-09 15:00:00
20260913-143215,2019,20260913-143215\2019\20190410.parquet,2019-04-10,14924316,866154,2019-04-10 09:30:00,2019-04-10 15:00:00
20260913-143215,2019,20260913-143215\2019\20190411.parquet,2019-04-11,15029996,866154,2019-04-11 09:30:00,2019-04-11 15:00:00
20260913-143215,2019,20260913-143215\2019\20190412.parquet,2019-04-12,14680894,866395,2019-04-12 09:30:00,2019-04-12 15:00:00
20260913-143215,2019,20260913-143215\2019\20190415.parquet,2019-04-15,14769970,866877,2019-04-15 09:30:00,2019-04-15 15:00:00
20260913-143215,2019,20260913-143215\2019\20190416.parquet,2019-04-16,15048461,867118,2019-04-16 09:30:00,2019-04-16 15:00:00
20260913-143215,2019,20260913-143215\2019\20190417.parquet,2019-04-17,14679989,867118,2019-04-17 09:30:00,2019-04-17 15:00:00
20260913-143215,2019,20260913-143215\2019\20190418.parquet,2019-04-18,14651696,867118,2019-04-18 09:30:00,2019-04-18 15:00:00
20260913-143215,2019,20260913-143215\2019\20190419.parquet,2019-04-19,14775190,867359,2019-04-19 09:30:00,2019-04-19 15:00:00
20260913-143215,2019,20260913-143215\2019\20190422.parquet,2019-04-22,14871613,867600,2019-04-22 09:30:00,2019-04-22 15:00:00
20260913-143215,2019,20260913-143215\2019\20190423.parquet,2019-04-23,14974691,867600,2019-04-23 09:30:00,2019-04-23 15:00:00
20260913-143215,2019,20260913-143215\2019\20190424.parquet,2019-04-24,14733785,867600,2019-04-24 09:30:00,2019-04-24 15:00:00
20260913-143215,2019,20260913-143215\2019\20190425.parquet,2019-04-25,15076830,867841,2019-04-25 09:30:00,2019-04-25 15:00:00
20260913-143215,2019,20260913-143215\2019\20190426.parquet,2019-04-26,14830088,868082,2019-04-26 09:30:00,2019-04-26 15:00:00
20260913-143215,2019,20260913-143215\2019\20190429.parquet,2019-04-29,14984818,868323,2019-04-29 09:30:00,2019-04-29 15:00:00
20260913-143215,2019,20260913-143215\2019\20190430.parquet,2019-04-30,14210589,868323,2019-04-30 09:30:00,2019-04-30 15:00:00
20260913-143215,2019,20260913-143215\2019\20190506.parquet,2019-05-06,14701613,868323,2019-05-06 09:30:00,2019-05-06 15:00:00
20260913-143215,2019,20260913-143215\2019\20190507.parquet,2019-05-07,14625786,868323,2019-05-07 09:30:00,2019-05-07 15:00:00
20260913-143215,2019,20260913-143215\2019\20190508.parquet,2019-05-08,14607707,868564,2019-05-08 09:30:00,2019-05-08 15:00:00
20260913-143215,2019,20260913-143215\2019\20190509.parquet,2019-05-09,14148033,868805,2019-05-09 09:30:00,2019-05-09 15:00:00
20260913-143215,2019,20260913-143215\2019\20190510.parquet,2019-05-10,14750273,869046,2019-05-10 09:30:00,2019-05-10 15:00:00
20260913-143215,2019,20260913-143215\2019\20190513.parquet,2019-05-13,14051568,867841,2019-05-13 09:30:00,2019-05-13 15:00:00
20260913-143215,2019,20260913-143215\2019\20190514.parquet,2019-05-14,14070576,867841,2019-05-14 09:30:00,2019-05-14 15:00:00
20260913-143215,2019,20260913-143215\2019\20190515.parquet,2019-05-15,13756441,867600,2019-05-15 09:30:00,2019-05-15 15:00:00
20260913-143215,2019,20260913-143215\2019\20190516.parquet,2019-05-16,14030463,868082,2019-05-16 09:30:00,2019-05-16 15:00:00
20260913-143215,2019,20260913-143215\2019\20190517.parquet,2019-05-17,14899962,868323,2019-05-17 09:30:00,2019-05-17 15:00:00
20260913-143215,2019,20260913-143215\2019\20190520.parquet,2019-05-20,14339457,868323,2019-05-20 09:30:00,2019-05-20 15:00:00
20260913-143215,2019,20260913-143215\2019\20190521.parquet,2019-05-21,13987531,868564,2019-05-21 09:30:00,2019-05-21 15:00:00
20260913-143215,2019,20260913-143215\2019\20190522.parquet,2019-05-22,14075222,869046,2019-05-22 09:30:00,2019-05-22 15:00:00
20260913-143215,2019,20260913-143215\2019\20190523.parquet,2019-05-23,14269361,869528,2019-05-23 09:30:00,2019-05-23 15:00:00
20260913-143215,2019,20260913-143215\2019\20190524.parquet,2019-05-24,13833396,869287,2019-05-24 09:30:00,2019-05-24 15:00:00
20260913-143215,2019,20260913-143215\2019\20190527.parquet,2019-05-27,14140638,870010,2019-05-27 09:30:00,2019-05-27 15:00:00
20260913-143215,2019,20260913-143215\2019\20190528.parquet,2019-05-28,13880154,870010,2019-05-28 09:30:00,2019-05-28 15:00:00
20260913-143215,2019,20260913-143215\2019\20190529.parquet,2019-05-29,13632616,870010,2019-05-29 09:30:00,2019-05-29 15:00:00
20260913-143215,2019,20260913-143215\2019\20190530.parquet,2019-05-30,14026559,870010,2019-05-30 09:30:00,2019-05-30 15:00:00
20260913-143215,2019,20260913-143215\2019\20190531.parquet,2019-05-31,13839851,870251,2019-05-31 09:30:00,2019-05-31 15:00:00
20260913-143215,2019,20260913-143215\2019\20190603.parquet,2019-06-03,14307190,870251,2019-06-03 09:30:00,2019-06-03 15:00:00
20260913-143215,2019,20260913-143215\2019\20190604.parquet,2019-06-04,14002457,870251,2019-06-04 09:30:00,2019-06-04 15:00:00
20260913-143215,2019,20260913-143215\2019\20190605.parquet,2019-06-05,13636818,870251,2019-06-05 09:30:00,2019-06-05 15:00:00
20260913-143215,2019,20260913-143215\2019\20190606.parquet,2019-06-06,13969848,870492,2019-06-06 09:30:00,2019-06-06 15:00:00
20260913-143215,2019,20260913-143215\2019\20190610.parquet,2019-06-10,13510490,870492,2019-06-10 09:30:00,2019-06-10 15:00:00
20260913-143215,2019,20260913-143215\2019\20190611.parquet,2019-06-11,14005024,870492,2019-06-11 09:30:00,2019-06-11 15:00:00
20260913-143215,2019,20260913-143215\2019\20190612.parquet,2019-06-12,13744469,870492,2019-06-12 09:30:00,2019-06-12 15:00:00
20260913-143215,2019,20260913-143215\2019\20190613.parquet,2019-06-13,13693751,870492,2019-06-13 09:30:00,2019-06-13 15:00:00
20260913-143215,2019,20260913-143215\2019\20190614.parquet,2019-06-14,14013047,870733,2019-06-14 09:30:00,2019-06-14 15:00:00
20260913-143215,2019,20260913-143215\2019\20190617.parquet,2019-06-17,13564608,870733,2019-06-17 09:30:00,2019-06-17 15:00:00
20260913-143215,2019,20260913-143215\2019\20190618.parquet,2019-06-18,13467771,870974,2019-06-18 09:30:00,2019-06-18 15:00:00
20260913-143215,2019,20260913-143215\2019\20190619.parquet,2019-06-19,13557649,871215,2019-06-19 09:30:00,2019-06-19 15:00:00
20260913-143215,2019,20260913-143215\2019\20190620.parquet,2019-06-20,14118280,871456,2019-06-20 09:30:00,2019-06-20 15:00:00
20260913-143215,2019,20260913-143215\2019\20190621.parquet,2019-06-21,13821734,871697,2019-06-21 09:30:00,2019-06-21 15:00:00
20260913-143215,2019,20260913-143215\2019\20190624.parquet,2019-06-24,13748777,871697,2019-06-24 09:30:00,2019-06-24 15:00:00
20260913-143215,2019,20260913-143215\2019\20190625.parquet,2019-06-25,14102426,871697,2019-06-25 09:30:00,2019-06-25 15:00:00
20260913-143215,2019,20260913-143215\2019\20190626.parquet,2019-06-26,13434811,871938,2019-06-26 09:30:00,2019-06-26 15:00:00
20260913-143215,2019,20260913-143215\2019\20190627.parquet,2019-06-27,13560830,872179,2019-06-27 09:30:00,2019-06-27 15:00:00
20260913-143215,2019,20260913-143215\2019\20190628.parquet,2019-06-28,13936298,872420,2019-06-28 09:30:00,2019-06-28 15:00:00
20260913-143215,2019,20260913-143215\2019\20190701.parquet,2019-07-01,13643177,872420,2019-07-01 09:30:00,2019-07-01 15:00:00
20260913-143215,2019,20260913-143215\2019\20190702.parquet,2019-07-02,13756033,872420,2019-07-02 09:30:00,2019-07-02 15:00:00
20260913-143215,2019,20260913-143215\2019\20190703.parquet,2019-07-03,13735525,872420,2019-07-03 09:30:00,2019-07-03 15:00:00
20260913-143215,2019,20260913-143215\2019\20190704.parquet,2019-07-04,13603214,872420,2019-07-04 09:30:00,2019-07-04 15:00:00
20260913-143215,2019,20260913-143215\2019\20190705.parquet,2019-07-05,13222890,872902,2019-07-05 09:30:00,2019-07-05 15:00:00
20260913-143215,2019,20260913-143215\2019\20190708.parquet,2019-07-08,14249092,872902,2019-07-08 09:30:00,2019-07-08 15:00:00
20260913-143215,2019,20260913-143215\2019\20190709.parquet,2019-07-09,13478476,872420,2019-07-09 09:30:00,2019-07-09 15:00:00
20260913-143215,2019,20260913-143215\2019\20190710.parquet,2019-07-10,13210641,872420,2019-07-10 09:30:00,2019-07-10 15:00:00
20260913-143215,2019,20260913-143215\2019\20190711.parquet,2019-07-11,13424057,872420,2019-07-11 09:30:00,2019-07-11 15:00:00
20260913-143215,2019,20260913-143215\2019\20190712.parquet,2019-07-12,13107445,872661,2019-07-12 09:30:00,2019-07-12 15:00:00
20260913-143215,2019,20260913-143215\2019\20190715.parquet,2019-07-15,13938455,872661,2019-07-15 09:30:00,2019-07-15 15:00:00
20260913-143215,2019,20260913-143215\2019\20190716.parquet,2019-07-16,13152582,872902,2019-07-16 09:30:00,2019-07-16 15:00:00
20260913-143215,2019,20260913-143215\2019\20190717.parquet,2019-07-17,13231067,872902,2019-07-17 09:30:00,2019-07-17 15:00:00
20260913-143215,2019,20260913-143215\2019\20190718.parquet,2019-07-18,13336911,872902,2019-07-18 09:30:00,2019-07-18 15:00:00
20260913-143215,2019,20260913-143215\2019\20190719.parquet,2019-07-19,13068057,872902,2019-07-19 09:30:00,2019-07-19 15:00:00
20260913-143215,2019,20260913-143215\2019\20190722.parquet,2019-07-22,14131987,878927,2019-07-22 09:30:00,2019-07-22 15:00:00
20260913-143215,2019,20260913-143215\2019\20190723.parquet,2019-07-23,13043533,879168,2019-07-23 09:30:00,2019-07-23 15:00:00
20260913-143215,2019,20260913-143215\2019\20190724.parquet,2019-07-24,13249103,879168,2019-07-24 09:30:00,2019-07-24 15:00:00
20260913-143215,2019,20260913-143215\2019\20190725.parquet,2019-07-25,13189021,879409,2019-07-25 09:30:00,2019-07-25 15:00:00
20260913-143215,2019,20260913-143215\2019\20190726.parquet,2019-07-26,12939299,879891,2019-07-26 09:30:00,2019-07-26 15:00:00
20260913-143215,2019,20260913-143215\2019\20190729.parquet,2019-07-29,13070355,880132,2019-07-29 09:30:00,2019-07-29 15:00:00
20260913-143215,2019,20260913-143215\2019\20190730.parquet,2019-07-30,13069383,880373,2019-07-30 09:30:00,2019-07-30 15:00:00
20260913-143215,2019,20260913-143215\2019\20190731.parquet,2019-07-31,12986730,880373,2019-07-31 09:30:00,2019-07-31 15:00:00
20260913-143215,2019,20260913-143215\2019\20190801.parquet,2019-08-01,13240618,880373,2019-08-01 09:30:00,2019-08-01 15:00:00
20260913-143215,2019,20260913-143215\2019\20190802.parquet,2019-08-02,13802826,880614,2019-08-02 09:30:00,2019-08-02 15:00:00
20260913-143215,2019,20260913-143215\2019\20190805.parquet,2019-08-05,13741873,880855,2019-08-05 09:30:00,2019-08-05 15:00:00
20260913-143215,2019,20260913-143215\2019\20190806.parquet,2019-08-06,14670414,881096,2019-08-06 09:30:00,2019-08-06 15:00:00
20260913-143215,2019,20260913-143215\2019\20190807.parquet,2019-08-07,13452324,881096,2019-08-07 09:30:00,2019-08-07 15:00:00
20260913-143215,2019,20260913-143215\2019\20190808.parquet,2019-08-08,13049889,881578,2019-08-08 09:30:00,2019-08-08 15:00:00
20260913-143215,2019,20260913-143215\2019\20190809.parquet,2019-08-09,13614203,882060,2019-08-09 09:30:00,2019-08-09 15:00:00
20260913-143215,2019,20260913-143215\2019\20190812.parquet,2019-08-12,13303841,882301,2019-08-12 09:30:00,2019-08-12 15:00:00
20260913-143215,2019,20260913-143215\2019\20190813.parquet,2019-08-13,13018146,882301,2019-08-13 09:30:00,2019-08-13 15:00:00
20260913-143215,2019,20260913-143215\2019\20190814.parquet,2019-08-14,13028844,882301,2019-08-14 09:30:00,2019-08-14 15:00:00
20260913-143215,2019,20260913-143215\2019\20190815.parquet,2019-08-15,13792302,882542,2019-08-15 09:30:00,2019-08-15 15:00:00
20260913-143215,2019,20260913-143215\2019\20190816.parquet,2019-08-16,13379456,882542,2019-08-16 09:30:00,2019-08-16 15:00:00
20260913-143215,2019,20260913-143215\2019\20190819.parquet,2019-08-19,13947348,882542,2019-08-19 09:30:00,2019-08-19 15:00:00
20260913-143215,2019,20260913-143215\2019\20190820.parquet,2019-08-20,13712105,882542,2019-08-20 09:30:00,2019-08-20 15:00:00
20260913-143215,2019,20260913-143215\2019\20190821.parquet,2019-08-21,13523508,882542,2019-08-21 09:30:00,2019-08-21 15:00:00
20260913-143215,2019,20260913-143215\2019\20190822.parquet,2019-08-22,13528321,882542,2019-08-22 09:30:00,2019-08-22 15:00:00
20260913-143215,2019,20260913-143215\2019\20190823.parquet,2019-08-23,13623336,882783,2019-08-23 09:30:00,2019-08-23 15:00:00
20260913-143215,2019,20260913-143215\2019\20190826.parquet,2019-08-26,13914870,883265,2019-08-26 09:30:00,2019-08-26 15:00:00
20260913-143215,2019,20260913-143215\2019\20190827.parquet,2019-08-27,13913893,883265,2019-08-27 09:30:00,2019-08-27 15:00:00
20260913-143215,2019,20260913-143215\2019\20190828.parquet,2019-08-28,13819433,883747,2019-08-28 09:30:00,2019-08-28 15:00:00
20260913-143215,2019,20260913-143215\2019\20190829.parquet,2019-08-29,13762885,883747,2019-08-29 09:30:00,2019-08-29 15:00:00
20260913-143215,2019,20260913-143215\2019\20190830.parquet,2019-08-30,14341289,883988,2019-08-30 09:30:00,2019-08-30 15:00:00
20260913-143215,2019,20260913-143215\2019\20190902.parquet,2019-09-02,14149299,883988,2019-09-02 09:30:00,2019-09-02 15:00:00
20260913-143215,2019,20260913-143215\2019\20190903.parquet,2019-09-03,13831646,883988,2019-09-03 09:30:00,2019-09-03 15:00:00
20260913-143215,2019,20260913-143215\2019\20190904.parquet,2019-09-04,14108577,883988,2019-09-04 09:30:00,2019-09-04 15:00:00
20260913-143215,2019,20260913-143215\2019\20190905.parquet,2019-09-05,14366663,884229,2019-09-05 09:30:00,2019-09-05 15:00:00
20260913-143215,2019,20260913-143215\2019\20190906.parquet,2019-09-06,14032247,884470,2019-09-06 09:30:00,2019-09-06 15:00:00
20260913-143215,2019,20260913-143215\2019\20190909.parquet,2019-09-09,14079991,884711,2019-09-09 09:30:00,2019-09-09 15:00:00
20260913-143215,2019,20260913-143215\2019\20190910.parquet,2019-09-10,14220158,884711,2019-09-10 09:30:00,2019-09-10 15:00:00
20260913-143215,2019,20260913-143215\2019\20190911.parquet,2019-09-11,14149280,884711,2019-09-11 09:30:00,2019-09-11 15:00:00
20260913-143215,2019,20260913-143215\2019\20190912.parquet,2019-09-12,13810821,884711,2019-09-12 09:30:00,2019-09-12 15:00:00
20260913-143215,2019,20260913-143215\2019\20190916.parquet,2019-09-16,13874598,884711,2019-09-16 09:30:00,2019-09-16 15:00:00
20260913-143215,2019,20260913-143215\2019\20190917.parquet,2019-09-17,14547005,884952,2019-09-17 09:30:00,2019-09-17 15:00:00
20260913-143215,2019,20260913-143215\2019\20190918.parquet,2019-09-18,13868858,884952,2019-09-18 09:30:00,2019-09-18 15:00:00
20260913-143215,2019,20260913-143215\2019\20190919.parquet,2019-09-19,13808258,884952,2019-09-19 09:30:00,2019-09-19 15:00:00
20260913-143215,2019,20260913-143215\2019\20190920.parquet,2019-09-20,13855146,885193,2019-09-20 09:30:00,2019-09-20 15:00:00
20260913-143215,2019,20260913-143215\2019\20190923.parquet,2019-09-23,14068175,885193,2019-09-23 09:30:00,2019-09-23 15:00:00
20260913-143215,2019,20260913-143215\2019\20190924.parquet,2019-09-24,13964508,885193,2019-09-24 09:30:00,2019-09-24 15:00:00
20260913-143215,2019,20260913-143215\2019\20190925.parquet,2019-09-25,14145160,885675,2019-09-25 09:30:00,2019-09-25 15:00:00
20260913-143215,2019,20260913-143215\2019\20190926.parquet,2019-09-26,14635347,885675,2019-09-26 09:30:00,2019-09-26 15:00:00
20260913-143215,2019,20260913-143215\2019\20190927.parquet,2019-09-27,13633502,885916,2019-09-27 09:30:00,2019-09-27 15:00:00
20260913-143215,2019,20260913-143215\2019\20190930.parquet,2019-09-30,13660511,886639,2019-09-30 09:30:00,2019-09-30 15:00:00
20260913-143215,2019,20260913-143215\2019\20191008.parquet,2019-10-08,13670449,886639,2019-10-08 09:30:00,2019-10-08 15:00:00
20260913-143215,2019,20260913-143215\2019\20191009.parquet,2019-10-09,13714887,886639,2019-10-09 09:30:00,2019-10-09 15:00:00
20260913-143215,2019,20260913-143215\2019\20191010.parquet,2019-10-10,13554370,886639,2019-10-10 09:30:00,2019-10-10 15:00:00
20260913-143215,2019,20260913-143215\2019\20191011.parquet,2019-10-11,13826942,886639,2019-10-11 09:30:00,2019-10-11 15:00:00
20260913-143215,2019,20260913-143215\2019\20191014.parquet,2019-10-14,13744736,886880,2019-10-14 09:30:00,2019-10-14 15:00:00
20260913-143215,2019,20260913-143215\2019\20191015.parquet,2019-10-15,13815466,887121,2019-10-15 09:30:00,2019-10-15 15:00:00
20260913-143215,2019,20260913-143215\2019\20191016.parquet,2019-10-16,13773985,887121,2019-10-16 09:30:00,2019-10-16 15:00:00
20260913-143215,2019,20260913-143215\2019\20191017.parquet,2019-10-17,13566602,887121,2019-10-17 09:30:00,2019-10-17 15:00:00
20260913-143215,2019,20260913-143215\2019\20191018.parquet,2019-10-18,14202859,887362,2019-10-18 09:30:00,2019-10-18 15:00:00
20260913-143215,2019,20260913-143215\2019\20191021.parquet,2019-10-21,13853128,887603,2019-10-21 09:30:00,2019-10-21 15:00:00
20260913-143215,2019,20260913-143215\2019\20191022.parquet,2019-10-22,13522054,887844,2019-10-22 09:30:00,2019-10-22 15:00:00
20260913-143215,2019,20260913-143215\2019\20191023.parquet,2019-10-23,13474679,887844,2019-10-23 09:30:00,2019-10-23 15:00:00
20260913-143215,2019,20260913-143215\2019\20191024.parquet,2019-10-24,13643898,887844,2019-10-24 09:30:00,2019-10-24 15:00:00
20260913-143215,2019,20260913-143215\2019\20191025.parquet,2019-10-25,13679173,888326,2019-10-25 09:30:00,2019-10-25 15:00:00
20260913-143215,2019,20260913-143215\2019\20191028.parquet,2019-10-28,13718075,888808,2019-10-28 09:30:00,2019-10-28 15:00:00
20260913-143215,2019,20260913-143215\2019\20191029.parquet,2019-10-29,13911469,889531,2019-10-29 09:30:00,2019-10-29 15:00:00
20260913-143215,2019,20260913-143215\2019\20191030.parquet,2019-10-30,14010705,890013,2019-10-30 09:30:00,2019-10-30 15:00:00
20260913-143215,2019,20260913-143215\2019\20191031.parquet,2019-10-31,14005135,890495,2019-10-31 09:30:00,2019-10-31 15:00:00
20260913-143215,2019,20260913-143215\2019\20191101.parquet,2019-11-01,13867329,890736,2019-11-01 09:30:00,2019-11-01 15:00:00
20260913-143215,2019,20260913-143215\2019\20191104.parquet,2019-11-04,13649290,890736,2019-11-04 09:30:00,2019-11-04 15:00:00
20260913-143215,2019,20260913-143215\2019\20191105.parquet,2019-11-05,13837784,891941,2019-11-05 09:30:00,2019-11-05 15:00:00
20260913-143215,2019,20260913-143215\2019\20191106.parquet,2019-11-06,13808788,893146,2019-11-06 09:30:00,2019-11-06 15:00:00
20260913-143215,2019,20260913-143215\2019\20191107.parquet,2019-11-07,13626778,893146,2019-11-07 09:30:00,2019-11-07 15:00:00
20260913-143215,2019,20260913-143215\2019\20191108.parquet,2019-11-08,13665223,893869,2019-11-08 09:30:00,2019-11-08 15:00:00
20260913-143215,2019,20260913-143215\2019\20191111.parquet,2019-11-11,14185646,894110,2019-11-11 09:30:00,2019-11-11 15:00:00
20260913-143215,2019,20260913-143215\2019\20191112.parquet,2019-11-12,13864898,894110,2019-11-12 09:30:00,2019-11-12 15:00:00
20260913-143215,2019,20260913-143215\2019\20191113.parquet,2019-11-13,13525596,894110,2019-11-13 09:30:00,2019-11-13 15:00:00
20260913-143215,2019,20260913-143215\2019\20191114.parquet,2019-11-14,13430796,894351,2019-11-14 09:30:00,2019-11-14 15:00:00
20260913-143215,2019,20260913-143215\2019\20191115.parquet,2019-11-15,13691691,895074,2019-11-15 09:30:00,2019-11-15 15:00:00
20260913-143215,2019,20260913-143215\2019\20191118.parquet,2019-11-18,13480015,895556,2019-11-18 09:30:00,2019-11-18 15:00:00
20260913-143215,2019,20260913-143215\2019\20191119.parquet,2019-11-19,13473213,895556,2019-11-19 09:30:00,2019-11-19 15:00:00
20260913-143215,2019,20260913-143215\2019\20191120.parquet,2019-11-20,13541123,895797,2019-11-20 09:30:00,2019-11-20 15:00:00
20260913-143215,2019,20260913-143215\2019\20191121.parquet,2019-11-21,13283420,896279,2019-11-21 09:30:00,2019-11-21 15:00:00
20260913-143215,2019,20260913-143215\2019\20191122.parquet,2019-11-22,14265588,896520,2019-11-22 09:30:00,2019-11-22 15:00:00
20260913-143215,2019,20260913-143215\2019\20191125.parquet,2019-11-25,13714458,897002,2019-11-25 09:30:00,2019-11-25 15:00:00
20260913-143215,2019,20260913-143215\2019\20191126.parquet,2019-11-26,13122615,897243,2019-11-26 09:30:00,2019-11-26 15:00:00
20260913-143215,2019,20260913-143215\2019\20191127.parquet,2019-11-27,13257459,897002,2019-11-27 09:30:00,2019-11-27 15:00:00
20260913-143215,2019,20260913-143215\2019\20191128.parquet,2019-11-28,12964342,897243,2019-11-28 09:30:00,2019-11-28 15:00:00
20260913-143215,2019,20260913-143215\2019\20191129.parquet,2019-11-29,13203546,897243,2019-11-29 09:30:00,2019-11-29 15:00:00
20260913-143215,2019,20260913-143215\2019\20191202.parquet,2019-12-02,13104694,897484,2019-12-02 09:30:00,2019-12-02 15:00:00
20260913-143215,2019,20260913-143215\2019\20191203.parquet,2019-12-03,13233956,898207,2019-12-03 09:30:00,2019-12-03 15:00:00
20260913-143215,2019,20260913-143215\2019\20191204.parquet,2019-12-04,13038260,898930,2019-12-04 09:30:00,2019-12-04 15:00:00
20260913-143215,2019,20260913-143215\2019\20191205.parquet,2019-12-05,13301025,899171,2019-12-05 09:30:00,2019-12-05 15:00:00
20260913-143215,2019,20260913-143215\2019\20191206.parquet,2019-12-06,13247381,899412,2019-12-06 09:30:00,2019-12-06 15:00:00
20260913-143215,2019,20260913-143215\2019\20191209.parquet,2019-12-09,13390863,899894,2019-12-09 09:30:00,2019-12-09 15:00:00
20260913-143215,2019,20260913-143215\2019\20191210.parquet,2019-12-10,13488547,900135,2019-12-10 09:30:00,2019-12-10 15:00:00
20260913-143215,2019,20260913-143215\2019\20191211.parquet,2019-12-11,13514453,900617,2019-12-11 09:30:00,2019-12-11 15:00:00
20260913-143215,2019,20260913-143215\2019\20191212.parquet,2019-12-12,13438957,900617,2019-12-12 09:30:00,2019-12-12 15:00:00
20260913-143215,2019,20260913-143215\2019\20191213.parquet,2019-12-13,13627183,900376,2019-12-13 09:30:00,2019-12-13 15:00:00
20260913-143215,2019,20260913-143215\2019\20191216.parquet,2019-12-16,14079533,900858,2019-12-16 09:30:00,2019-12-16 15:00:00
20260913-143215,2019,20260913-143215\2019\20191217.parquet,2019-12-17,14330137,901340,2019-12-17 09:30:00,2019-12-17 15:00:00
20260913-143215,2019,20260913-143215\2019\20191218.parquet,2019-12-18,14213011,901340,2019-12-18 09:30:00,2019-12-18 15:00:00
20260913-143215,2019,20260913-143215\2019\20191219.parquet,2019-12-19,13998177,901822,2019-12-19 09:30:00,2019-12-19 15:00:00
20260913-143215,2019,20260913-143215\2019\20191220.parquet,2019-12-20,14177810,902063,2019-12-20 09:30:00,2019-12-20 15:00:00
20260913-143215,2019,20260913-143215\2019\20191223.parquet,2019-12-23,14560689,902304,2019-12-23 09:30:00,2019-12-23 15:00:00
20260913-143215,2019,20260913-143215\2019\20191224.parquet,2019-12-24,13939131,902545,2019-12-24 09:30:00,2019-12-24 15:00:00
20260913-143215,2019,20260913-143215\2019\20191225.parquet,2019-12-25,13976585,902545,2019-12-25 09:30:00,2019-12-25 15:00:00
20260913-143215,2019,20260913-143215\2019\20191226.parquet,2019-12-26,13868567,902786,2019-12-26 09:30:00,2019-12-26 15:00:00
20260913-143215,2019,20260913-143215\2019\20191227.parquet,2019-12-27,14411477,903027,2019-12-27 09:30:00,2019-12-27 15:00:00
20260913-143215,2019,20260913-143215\2019\20191230.parquet,2019-12-30,14660336,903509,2019-12-30 09:30:00,2019-12-30 15:00:00
20260913-143215,2019,20260913-143215\2019\20191231.parquet,2019-12-31,14145205,903750,2019-12-31 09:30:00,2019-12-31 15:00:00
20260913-2020-2024,2020,20260913-2020-2024\2020\20200102.parquet,2020-01-02,14359718,903750,2020-01-02 09:30:00,2020-01-02 15:00:00
20260913-2020-2024,2020,20260913-2020-2024\2020\20200103.parquet,2020-01-03,14435633,903750,2020-01-03 09:30:00,2020-01-03 15:00:00
20260913-2020-2024,2020,20260913-2020-2024\2020\20200106.parquet,2020-01-06,14845156,904473,2020-01-06 09:30:00,2020-01-06 15:00:00
20260913-2020-2024,2020,20260913-2020-2024\2020\20200107.parquet,2020-01-07,14535526,904232,2020-01-07 09:30:00,2020-01-07 15:00:00
20260913-2020-2024,2020,20260913-2020-2024\2020\20200108.parquet,2020-01-08,14981988,904232,2020-01-08 09:30:00,2020-01-08 15:00:00
20260913-2020-2024,2020,20260913-2020-2024\2020\20200109.parquet,2020-01-09,14405999,904473,2020-01-09 09:30:00,2020-01-09 15:00:00
20260913-2020-2024,2020,20260913-2020-2024\2020\20200110.parquet,2020-01-10,14485082,904473,2020-01-10 09:30:00,2020-01-10 15:00:00
20260913-2020-2024,2020,20260913-2020-2024\2020\20200113.parquet,2020-01-13,14529315,904714,2020-01-13 09:30:00,2020-01-13 15:00:00
20260913-2020-2024,2020,20260913-2020-2024\2020\20200114.parquet,2020-01-14,14451193,905196,2020-01-14 09:30:00,2020-01-14 15:00:00
20260913-2020-2024,2020,20260913-2020-2024\2020\20200115.parquet,2020-01-15,14504909,905437,2020-01-15 09:30:00,2020-01-15 15:00:00
20260913-2020-2024,2020,20260913-2020-2024\2020\20200116.parquet,2020-01-16,14407290,905678,2020-01-16 09:30:00,2020-01-16 15:00:00
20260913-2020-2024,2020,20260913-2020-2024\2020\20200117.parquet,2020-01-17,14439828,905919,2020-01-17 09:30:00,2020-01-17 15:00:00
20260913-2020-2024,2020,20260913-2020-2024\2020\20200120.parquet,2020-01-20,14530419,906160,2020-01-20 09:30:00,2020-01-20 15:00:00
20260913-2020-2024,2020,20260913-2020-2024\2020\20200121.parquet,2020-01-21,14775419,906401,2020-01-21 09:30:00,2020-01-21 15:00:00
20260913-2020-2024,2020,20260913-2020-2024\2020\20200122.parquet,2020-01-22,15036844,906642,2020-01-22 09:30:00,2020-01-22 15:00:00
20260913-2020-2024,2020,20260913-2020-2024\2020\20200123.parquet,2020-01-23,15613236,907365,2020-01-23 09:30:00,2020-01-23 15:00:00
20260913-2020-2024,2020,20260913-2020-2024\2020\20200203.parquet,2020-02-03,6957720,907365,2020-02-03 09:30:00,2020-02-03 15:00:00
20260913-2020-2024,2020,20260913-2020-2024\2020\20200204.parquet,2020-02-04,15562712,907606,2020-02-04 09:30:00,2020-02-04 15:00:00
20260913-2020-2024,2020,20260913-2020-2024\2020\20200205.parquet,2020-02-05,15277534,908088,2020-02-05 09:30:00,2020-02-05 15:00:00
20260913-2020-2024,2020,20260913-2020-2024\2020\20200206.parquet,2020-02-06,15135809,908088,2020-02-06 09:30:00,2020-02-06 15:00:00
20260913-2020-2024,2020,20260913-2020-2024\2020\20200207.parquet,2020-02-07,15246463,908329,2020-02-07 09:30:00,2020-02-07 15:00:00
20260913-2020-2024,2020,20260913-2020-2024\2020\20200210.parquet,2020-02-10,15232029,908570,2020-02-10 09:30:00,2020-02-10 15:00:00
20260913-2020-2024,2020,20260913-2020-2024\2020\20200211.parquet,2020-02-11,14967945,909052,2020-02-11 09:30:00,2020-02-11 15:00:00
20260913-2020-2024,2020,20260913-2020-2024\2020\20200212.parquet,2020-02-12,14779088,909534,2020-02-12 09:30:00,2020-02-12 15:00:00
20260913-2020-2024,2020,20260913-2020-2024\2020\20200213.parquet,2020-02-13,15442847,910016,2020-02-13 09:30:00,2020-02-13 15:00:00
20260913-2020-2024,2020,20260913-2020-2024\2020\20200214.parquet,2020-02-14,15230204,910016,2020-02-14 09:30:00,2020-02-14 15:00:00
20260913-2020-2024,2020,20260913-2020-2024\2020\20200217.parquet,2020-02-17,15093727,910257,2020-02-17 09:30:00,2020-02-17 15:00:00
20260913-2020-2024,2020,20260913-2020-2024\2020\20200218.parquet,2020-02-18,15478301,910739,2020-02-18 09:30:00,2020-02-18 15:00:00
20260913-2020-2024,2020,20260913-2020-2024\2020\20200219.parquet,2020-02-19,15481375,910739,2020-02-19 09:30:00,2020-02-19 15:00:00
20260913-2020-2024,2020,20260913-2020-2024\2020\20200220.parquet,2020-02-20,15700650,910739,2020-02-20 09:30:00,2020-02-20 15:00:00
20260913-2020-2024,2020,20260913-2020-2024\2020\20200221.parquet,2020-02-21,15689321,911462,2020-02-21 09:30:00,2020-02-21 15:00:00
20260913-2020-2024,2020,20260913-2020-2024\2020\20200224.parquet,2020-02-24,15728547,911703,2020-02-24 09:30:00,2020-02-24 15:00:00
20260913-2020-2024,2020,20260913-2020-2024\2020\20200225.parquet,2020-02-25,16440875,911703,2020-02-25 09:30:00,2020-02-25 15:00:00
20260913-2020-2024,2020,20260913-2020-2024\2020\20200226.parquet,2020-02-26,16411605,912185,2020-02-26 09:30:00,2020-02-26 15:00:00
20260913-2020-2024,2020,20260913-2020-2024\2020\20200227.parquet,2020-02-27,15880317,912426,2020-02-27 09:30:00,2020-02-27 15:00:00
20260913-2020-2024,2020,20260913-2020-2024\2020\20200228.parquet,2020-02-28,16400907,912426,2020-02-28 09:30:00,2020-02-28 15:00:00
20260913-2020-2024,2020,20260913-2020-2024\2020\20200302.parquet,2020-03-02,15697435,912667,2020-03-02 09:30:00,2020-03-02 15:00:00
20260913-2020-2024,2020,20260913-2020-2024\2020\20200303.parquet,2020-03-03,16046222,912667,2020-03-03 09:30:00,2020-03-03 15:00:00
20260913-2020-2024,2020,20260913-2020-2024\2020\20200304.parquet,2020-03-04,15872550,912667,2020-03-04 09:30:00,2020-03-04 15:00:00
20260913-2020-2024,2020,20260913-2020-2024\2020\20200305.parquet,2020-03-05,15779162,912667,2020-03-05 09:30:00,2020-03-05 15:00:00
20260913-2020-2024,2020,20260913-2020-2024\2020\20200306.parquet,2020-03-06,15761001,912908,2020-03-06 09:30:00,2020-03-06 15:00:00
20260913-2020-2024,2020,20260913-2020-2024\2020\20200309.parquet,2020-03-09,16254998,912908,2020-03-09 09:30:00,2020-03-09 15:00:00
20260913-2020-2024,2020,20260913-2020-2024\2020\20200310.parquet,2020-03-10,16454132,913149,2020-03-10 09:30:00,2020-03-10 15:00:00
20260913-2020-2024,2020,20260913-2020-2024\2020\20200311.parquet,2020-03-11,15966839,913149,2020-03-11 09:30:00,2020-03-11 15:00:00
20260913-2020-2024,2020,20260913-2020-2024\2020\20200312.parquet,2020-03-12,15901476,913631,2020-03-12 09:30:00,2020-03-12 15:00:00
20260913-2020-2024,2020,20260913-2020-2024\2020\20200313.parquet,2020-03-13,16471858,913872,2020-03-13 09:30:00,2020-03-13 15:00:00
20260913-2020-2024,2020,20260913-2020-2024\2020\20200316.parquet,2020-03-16,16248898,913872,2020-03-16 09:30:00,2020-03-16 15:00:00
20260913-2020-2024,2020,20260913-2020-2024\2020\20200317.parquet,2020-03-17,15928791,914113,2020-03-17 09:30:00,2020-03-17 15:00:00
20260913-2020-2024,2020,20260913-2020-2024\2020\20200318.parquet,2020-03-18,15908839,913872,2020-03-18 09:30:00,2020-03-18 15:00:00
20260913-2020-2024,2020,20260913-2020-2024\2020\20200319.parquet,2020-03-19,15905066,914113,2020-03-19 09:30:00,2020-03-19 15:00:00
20260913-2020-2024,2020,20260913-2020-2024\2020\20200320.parquet,2020-03-20,15335967,914354,2020-03-20 09:30:00,2020-03-20 15:00:00
20260913-2020-2024,2020,20260913-2020-2024\2020\20200323.parquet,2020-03-23,15466462,914595,2020-03-23 09:30:00,2020-03-23 15:00:00
20260913-2020-2024,2020,20260913-2020-2024\2020\20200324.parquet,2020-03-24,15383916,914595,2020-03-24 09:30:00,2020-03-24 15:00:00
20260913-2020-2024,2020,20260913-2020-2024\2020\20200325.parquet,2020-03-25,15056367,914595,2020-03-25 09:30:00,2020-03-25 15:00:00
20260913-2020-2024,2020,20260913-2020-2024\2020\20200326.parquet,2020-03-26,15194116,914836,2020-03-26 09:30:00,2020-03-26 15:00:00
20260913-2020-2024,2020,20260913-2020-2024\2020\20200327.parquet,2020-03-27,15135692,915318,2020-03-27 09:30:00,2020-03-27 15:00:00
20260913-2020-2024,2020,20260913-2020-2024\2020\20200330.parquet,2020-03-30,15303761,915318,2020-03-30 09:30:00,2020-03-30 15:00:00
20260913-2020-2024,2020,20260913-2020-2024\2020\20200331.parquet,2020-03-31,15037634,915318,2020-03-31 09:30:00,2020-03-31 15:00:00
20260913-2020-2024,2020,20260913-2020-2024\2020\20200401.parquet,2020-04-01,14951236,915318,2020-04-01 09:30:00,2020-04-01 15:00:00
20260913-2020-2024,2020,20260913-2020-2024\2020\20200402.parquet,2020-04-02,14816334,915318,2020-04-02 09:30:00,2020-04-02 15:00:00
20260913-2020-2024,2020,20260913-2020-2024\2020\20200403.parquet,2020-04-03,14716501,915559,2020-04-03 09:30:00,2020-04-03 15:00:00
20260913-2020-2024,2020,20260913-2020-2024\2020\20200407.parquet,2020-04-07,14614423,915559,2020-04-07 09:30:00,2020-04-07 15:00:00
20260913-2020-2024,2020,20260913-2020-2024\2020\20200408.parquet,2020-04-08,14773361,915800,2020-04-08 09:30:00,2020-04-08 15:00:00
20260913-2020-2024,2020,20260913-2020-2024\2020\20200409.parquet,2020-04-09,14574691,916282,2020-04-09 09:30:00,2020-04-09 15:00:00
20260913-2020-2024,2020,20260913-2020-2024\2020\20200410.parquet,2020-04-10,15231072,916764,2020-04-10 09:30:00,2020-04-10 15:00:00
20260913-2020-2024,2020,20260913-2020-2024\2020\20200413.parquet,2020-04-13,14609618,916764,2020-04-13 09:30:00,2020-04-13 15:00:00
20260913-2020-2024,2020,20260913-2020-2024\2020\20200414.parquet,2020-04-14,14498829,916764,2020-04-14 09:30:00,2020-04-14 15:00:00
20260913-2020-2024,2020,20260913-2020-2024\2020\20200415.parquet,2020-04-15,14741075,917246,2020-04-15 09:30:00,2020-04-15 15:00:00
20260913-2020-2024,2020,20260913-2020-2024\2020\20200416.parquet,2020-04-16,14629440,917487,2020-04-16 09:30:00,2020-04-16 15:00:00
20260913-2020-2024,2020,20260913-2020-2024\2020\20200417.parquet,2020-04-17,14853131,917969,2020-04-17 09:30:00,2020-04-17 15:00:00
20260913-2020-2024,2020,20260913-2020-2024\2020\20200420.parquet,2020-04-20,14462282,918210,2020-04-20 09:30:00,2020-04-20 15:00:00
20260913-2020-2024,2020,20260913-2020-2024\2020\20200421.parquet,2020-04-21,14849245,918692,2020-04-21 09:30:00,2020-04-21 15:00:00
20260913-2020-2024,2020,20260913-2020-2024\2020\20200422.parquet,2020-04-22,14850098,919174,2020-04-22 09:30:00,2020-04-22 15:00:00
20260913-2020-2024,2020,20260913-2020-2024\2020\20200423.parquet,2020-04-23,14806266,919174,2020-04-23 09:30:00,2020-04-23 15:00:00
20260913-2020-2024,2020,20260913-2020-2024\2020\20200424.parquet,2020-04-24,15132452,919415,2020-04-24 09:30:00,2020-04-24 15:00:00
20260913-2020-2024,2020,20260913-2020-2024\2020\20200427.parquet,2020-04-27,15076101,919656,2020-04-27 09:30:00,2020-04-27 15:00:00
20260913-2020-2024,2020,20260913-2020-2024\2020\20200428.parquet,2020-04-28,15810996,920138,2020-04-28 09:30:00,2020-04-28 15:00:00
20260913-2020-2024,2020,20260913-2020-2024\2020\20200429.parquet,2020-04-29,14896506,920861,2020-04-29 09:30:00,2020-04-29 15:00:00
20260913-2020-2024,2020,20260913-2020-2024\2020\20200430.parquet,2020-04-30,14892566,921102,2020-04-30 09:30:00,2020-04-30 15:00:00
20260913-2020-2024,2020,20260913-2020-2024\2020\20200506.parquet,2020-05-06,15091176,921343,2020-05-06 09:30:00,2020-05-06 15:00:00
20260913-2020-2024,2020,20260913-2020-2024\2020\20200507.parquet,2020-05-07,15034524,921825,2020-05-07 09:30:00,2020-05-07 15:00:00
20260913-2020-2024,2020,20260913-2020-2024\2020\20200508.parquet,2020-05-08,14937375,922066,2020-05-08 09:30:00,2020-05-08 15:00:00
20260913-2020-2024,2020,20260913-2020-2024\2020\20200511.parquet,2020-05-11,15173481,922307,2020-05-11 09:30:00,2020-05-11 15:00:00
20260913-2020-2024,2020,20260913-2020-2024\2020\20200512.parquet,2020-05-12,15100702,922548,2020-05-12 09:30:00,2020-05-12 15:00:00
20260913-2020-2024,2020,20260913-2020-2024\2020\20200513.parquet,2020-05-13,14732154,922307,2020-05-13 09:30:00,2020-05-13 15:00:00
20260913-2020-2024,2020,20260913-2020-2024\2020\20200514.parquet,2020-05-14,14997192,922307,2020-05-14 09:30:00,2020-05-14 15:00:00
20260913-2020-2024,2020,20260913-2020-2024\2020\20200515.parquet,2020-05-15,14983536,921825,2020-05-15 09:30:00,2020-05-15 15:00:00
20260913-2020-2024,2020,20260913-2020-2024\2020\20200518.parquet,2020-05-18,15150497,922548,2020-05-18 09:30:00,2020-05-18 15:00:00
20260913-2020-2024,2020,20260913-2020-2024\2020\20200519.parquet,2020-05-19,14784635,922789,2020-05-19 09:30:00,2020-05-19 15:00:00
20260913-2020-2024,2020,20260913-2020-2024\2020\20200520.parquet,2020-05-20,15060213,923030,2020-05-20 09:30:00,2020-05-20 15:00:00
20260913-2020-2024,2020,20260913-2020-2024\2020\20200521.parquet,2020-05-21,15258257,923271,2020-05-21 09:30:00,2020-05-21 15:00:00
20260913-2020-2024,2020,20260913-2020-2024\2020\20200522.parquet,2020-05-22,15478998,923271,2020-05-22 09:30:00,2020-05-22 15:00:00
20260913-2020-2024,2020,20260913-2020-2024\2020\20200525.parquet,2020-05-25,14793953,923753,2020-05-25 09:30:00,2020-05-25 15:00:00
20260913-2020-2024,2020,20260913-2020-2024\2020\20200526.parquet,2020-05-26,14596601,923994,2020-05-26 09:30:00,2020-05-26 15:00:00
20260913-2020-2024,2020,20260913-2020-2024\2020\20200527.parquet,2020-05-27,15010708,923994,2020-05-27 09:30:00,2020-05-27 15:00:00
20260913-2020-2024,2020,20260913-2020-2024\2020\20200528.parquet,2020-05-28,15301694,924476,2020-05-28 09:30:00,2020-05-28 15:00:00
20260913-2020-2024,2020,20260913-2020-2024\2020\20200529.parquet,2020-05-29,14898336,923994,2020-05-29 09:30:00,2020-05-29 15:00:00
20260913-2020-2024,2020,20260913-2020-2024\2020\20200601.parquet,2020-06-01,15166612,924476,2020-06-01 09:30:00,2020-06-01 15:00:00
20260913-2020-2024,2020,20260913-2020-2024\2020\20200602.parquet,2020-06-02,15177040,924958,2020-06-02 09:30:00,2020-06-02 15:00:00
20260913-2020-2024,2020,20260913-2020-2024\2020\20200603.parquet,2020-06-03,15263166,924958,2020-06-03 09:30:00,2020-06-03 15:00:00
20260913-2020-2024,2020,20260913-2020-2024\2020\20200604.parquet,2020-06-04,15221441,924958,2020-06-04 09:30:00,2020-06-04 15:00:00
20260913-2020-2024,2020,20260913-2020-2024\2020\20200605.parquet,2020-06-05,15130742,925681,2020-06-05 09:30:00,2020-06-05 15:00:00
20260913-2020-2024,2020,20260913-2020-2024\2020\20200608.parquet,2020-06-08,15019112,926404,2020-06-08 09:30:00,2020-06-08 15:00:00
20260913-2020-2024,2020,20260913-2020-2024\2020\20200609.parquet,2020-06-09,14884480,926645,2020-06-09 09:30:00,2020-06-09 15:00:00
20260913-2020-2024,2020,20260913-2020-2024\2020\20200610.parquet,2020-06-10,14962826,927127,2020-06-10 09:30:00,2020-06-10 15:00:00
20260913-2020-2024,2020,20260913-2020-2024\2020\20200611.parquet,2020-06-11,15337733,927127,2020-06-11 09:30:00,2020-06-11 15:00:00
20260913-2020-2024,2020,20260913-2020-2024\2020\20200612.parquet,2020-06-12,15282119,927368,2020-06-12 09:30:00,2020-06-12 15:00:00
20260913-2020-2024,2020,20260913-2020-2024\2020\20200615.parquet,2020-06-15,15468489,927368,2020-06-15 09:30:00,2020-06-15 15:00:00
20260913-2020-2024,2020,20260913-2020-2024\2020\20200616.parquet,2020-06-16,15084313,927850,2020-06-16 09:30:00,2020-06-16 15:00:00
20260913-2020-2024,2020,20260913-2020-2024\2020\20200617.parquet,2020-06-17,15188728,927850,2020-06-17 09:30:00,2020-06-17 15:00:00
20260913-2020-2024,2020,20260913-2020-2024\2020\20200618.parquet,2020-06-18,15084667,928573,2020-06-18 09:30:00,2020-06-18 15:00:00
20260913-2020-2024,2020,20260913-2020-2024\2020\20200619.parquet,2020-06-19,15041975,929055,2020-06-19 09:30:00,2020-06-19 15:00:00
20260913-2020-2024,2020,20260913-2020-2024\2020\20200622.parquet,2020-06-22,15217904,929537,2020-06-22 09:30:00,2020-06-22 15:00:00
20260913-2020-2024,2020,20260913-2020-2024\2020\20200623.parquet,2020-06-23,15135768,929778,2020-06-23 09:30:00,2020-06-23 15:00:00
20260913-2020-2024,2020,20260913-2020-2024\2020\20200624.parquet,2020-06-24,15082934,929778,2020-06-24 09:30:00,2020-06-24 15:00:00
20260913-2020-2024,2020,20260913-2020-2024\2020\20200629.parquet,2020-06-29,15204299,930260,2020-06-29 09:30:00,2020-06-29 15:00:00
20260913-2020-2024,2020,20260913-2020-2024\2020\20200630.parquet,2020-06-30,15062524,930742,2020-06-30 09:30:00,2020-06-30 15:00:00
20260913-2020-2024,2020,20260913-2020-2024\2020\20200701.parquet,2020-07-01,15395443,931224,2020-07-01 09:30:00,2020-07-01 15:00:00
20260913-2020-2024,2020,20260913-2020-2024\2020\20200702.parquet,2020-07-02,15697242,931465,2020-07-02 09:30:00,2020-07-02 15:00:00
20260913-2020-2024,2020,20260913-2020-2024\2020\20200703.parquet,2020-07-03,15749256,931706,2020-07-03 09:30:00,2020-07-03 15:00:00
20260913-2020-2024,2020,20260913-2020-2024\2020\20200706.parquet,2020-07-06,16488529,931465,2020-07-06 09:30:00,2020-07-06 15:00:00
20260913-2020-2024,2020,20260913-2020-2024\2020\20200707.parquet,2020-07-07,16696170,931706,2020-07-07 09:30:00,2020-07-07 15:00:00
20260913-2020-2024,2020,20260913-2020-2024\2020\20200708.parquet,2020-07-08,16442903,932188,2020-07-08 09:30:00,2020-07-08 15:00:00
20260913-2020-2024,2020,20260913-2020-2024\2020\20200709.parquet,2020-07-09,16790942,932429,2020-07-09 09:30:00,2020-07-09 15:00:00
20260913-2020-2024,2020,20260913-2020-2024\2020\20200710.parquet,2020-07-10,16846096,932911,2020-07-10 09:30:00,2020-07-10 15:00:00
20260913-2020-2024,2020,20260913-2020-2024\2020\20200713.parquet,2020-07-13,16639108,933393,2020-07-13 09:30:00,2020-07-13 15:00:00
20260913-2020-2024,2020,20260913-2020-2024\2020\20200714.parquet,2020-07-14,17169030,933634,2020-07-14 09:30:00,2020-07-14 15:00:00
20260913-2020-2024,2020,20260913-2020-2024\2020\20200715.parquet,2020-07-15,17043453,933875,2020-07-15 09:30:00,2020-07-15 15:00:00
20260913-2020-2024,2020,20260913-2020-2024\2020\20200716.parquet,2020-07-16,17119182,934598,2020-07-16 09:30:00,2020-07-16 15:00:00
20260913-2020-2024,2020,20260913-2020-2024\2020\20200717.parquet,2020-07-17,16761250,935080,2020-07-17 09:30:00,2020-07-17 15:00:00
20260913-2020-2024,2020,20260913-2020-2024\2020\20200720.parquet,2020-07-20,16457214,935562,2020-07-20 09:30:00,2020-07-20 15:00:00
20260913-2020-2024,2020,20260913-2020-2024\2020\20200721.parquet,2020-07-21,16369756,935562,2020-07-21 09:30:00,2020-07-21 15:00:00
20260913-2020-2024,2020,20260913-2020-2024\2020\20200722.parquet,2020-07-22,16430795,937490,2020-07-22 09:30:00,2020-07-22 15:00:00
20260913-2020-2024,2020,20260913-2020-2024\2020\20200723.parquet,2020-07-23,16798523,937731,2020-07-23 09:30:00,2020-07-23 15:00:00
20260913-2020-2024,2020,20260913-2020-2024\2020\20200724.parquet,2020-07-24,17079927,937972,2020-07-24 09:30:00,2020-07-24 15:00:00
20260913-2020-2024,2020,20260913-2020-2024\2020\20200727.parquet,2020-07-27,16491187,938454,2020-07-27 09:30:00,2020-07-27 15:00:00
20260913-2020-2024,2020,20260913-2020-2024\2020\20200728.parquet,2020-07-28,16125833,938695,2020-07-28 09:30:00,2020-07-28 15:00:00
20260913-2020-2024,2020,20260913-2020-2024\2020\20200729.parquet,2020-07-29,16317792,938936,2020-07-29 09:30:00,2020-07-29 15:00:00
20260913-2020-2024,2020,20260913-2020-2024\2020\20200730.parquet,2020-07-30,16279446,939418,2020-07-30 09:30:00,2020-07-30 15:00:00
20260913-2020-2024,2020,20260913-2020-2024\2020\20200731.parquet,2020-07-31,16527313,940623,2020-07-31 09:30:00,2020-07-31 15:00:00
20260913-2020-2024,2020,20260913-2020-2024\2020\20200803.parquet,2020-08-03,16229744,940864,2020-08-03 09:30:00,2020-08-03 15:00:00
20260913-2020-2024,2020,20260913-2020-2024\2020\20200804.parquet,2020-08-04,16561495,941105,2020-08-04 09:30:00,2020-08-04 15:00:00
20260913-2020-2024,2020,20260913-2020-2024\2020\20200805.parquet,2020-08-05,16552978,941828,2020-08-05 09:30:00,2020-08-05 15:00:00
20260913-2020-2024,2020,20260913-2020-2024\2020\20200806.parquet,2020-08-06,16591849,942310,2020-08-06 09:30:00,2020-08-06 15:00:00
20260913-2020-2024,2020,20260913-2020-2024\2020\20200807.parquet,2020-08-07,16861344,942792,2020-08-07 09:30:00,2020-08-07 15:00:00
20260913-2020-2024,2020,20260913-2020-2024\2020\20200810.parquet,2020-08-10,16601364,943274,2020-08-10 09:30:00,2020-08-10 15:00:00
20260913-2020-2024,2020,20260913-2020-2024\2020\20200811.parquet,2020-08-11,16587793,943515,2020-08-11 09:30:00,2020-08-11 15:00:00
20260913-2020-2024,2020,20260913-2020-2024\2020\20200812.parquet,2020-08-12,16832185,944238,2020-08-12 09:30:00,2020-08-12 15:00:00
20260913-2020-2024,2020,20260913-2020-2024\2020\20200813.parquet,2020-08-13,16306575,944479,2020-08-13 09:30:00,2020-08-13 15:00:00
20260913-2020-2024,2020,20260913-2020-2024\2020\20200814.parquet,2020-08-14,16380179,944479,2020-08-14 09:30:00,2020-08-14 15:00:00
20260913-2020-2024,2020,20260913-2020-2024\2020\20200817.parquet,2020-08-17,16363709,945684,2020-08-17 09:30:00,2020-08-17 15:00:00
20260913-2020-2024,2020,20260913-2020-2024\2020\20200818.parquet,2020-08-18,16365417,946648,2020-08-18 09:30:00,2020-08-18 15:00:00
20260913-2020-2024,2020,20260913-2020-2024\2020\20200819.parquet,2020-08-19,16643686,947130,2020-08-19 09:30:00,2020-08-19 15:00:00
20260913-2020-2024,2020,20260913-2020-2024\2020\20200820.parquet,2020-08-20,16480712,947612,2020-08-20 09:30:00,2020-08-20 15:00:00
20260913-2020-2024,2020,20260913-2020-2024\2020\20200821.parquet,2020-08-21,16293082,948094,2020-08-21 09:30:00,2020-08-21 15:00:00
20260913-2020-2024,2020,20260913-2020-2024\2020\20200824.parquet,2020-08-24,16395328,952432,2020-08-24 09:30:00,2020-08-24 15:00:00
20260913-2020-2024,2020,20260913-2020-2024\2020\20200825.parquet,2020-08-25,16514992,952432,2020-08-25 09:30:00,2020-08-25 15:00:00
20260913-2020-2024,2020,20260913-2020-2024\2020\20200826.parquet,2020-08-26,16979364,952673,2020-08-26 09:30:00,2020-08-26 15:00:00
20260913-2020-2024,2020,20260913-2020-2024\2020\20200827.parquet,2020-08-27,16569288,952432,2020-08-27 09:30:00,2020-08-27 15:00:00
20260913-2020-2024,2020,20260913-2020-2024\2020\20200828.parquet,2020-08-28,16598220,953637,2020-08-28 09:30:00,2020-08-28 15:00:00
20260913-2020-2024,2020,20260913-2020-2024\2020\20200831.parquet,2020-08-31,16473046,953878,2020-08-31 09:30:00,2020-08-31 15:00:00
20260913-2020-2024,2020,20260913-2020-2024\2020\20200901.parquet,2020-09-01,16473451,954842,2020-09-01 09:30:00,2020-09-01 15:00:00
20260913-2020-2024,2020,20260913-2020-2024\2020\20200902.parquet,2020-09-02,16812948,955565,2020-09-02 09:30:00,2020-09-02 15:00:00
20260913-2020-2024,2020,20260913-2020-2024\2020\20200903.parquet,2020-09-03,16743575,956529,2020-09-03 09:30:00,2020-09-03 15:00:00
20260913-2020-2024,2020,20260913-2020-2024\2020\20200904.parquet,2020-09-04,16512782,956770,2020-09-04 09:30:00,2020-09-04 15:00:00
20260913-2020-2024,2020,20260913-2020-2024\2020\20200907.parquet,2020-09-07,16811512,957011,2020-09-07 09:30:00,2020-09-07 15:00:00
20260913-2020-2024,2020,20260913-2020-2024\2020\20200908.parquet,2020-09-08,16761259,957493,2020-09-08 09:30:00,2020-09-08 15:00:00
20260913-2020-2024,2020,20260913-2020-2024\2020\20200909.parquet,2020-09-09,17011539,957734,2020-09-09 09:30:00,2020-09-09 15:00:00
20260913-2020-2024,2020,20260913-2020-2024\2020\20200910.parquet,2020-09-10,17218812,958698,2020-09-10 09:30:00,2020-09-10 15:00:00
20260913-2020-2024,2020,20260913-2020-2024\2020\20200911.parquet,2020-09-11,16648700,959421,2020-09-11 09:30:00,2020-09-11 15:00:00
20260913-2020-2024,2020,20260913-2020-2024\2020\20200914.parquet,2020-09-14,16386129,959662,2020-09-14 09:30:00,2020-09-14 15:00:00
20260913-2020-2024,2020,20260913-2020-2024\2020\20200915.parquet,2020-09-15,16391562,959903,2020-09-15 09:30:00,2020-09-15 15:00:00
20260913-2020-2024,2020,20260913-2020-2024\2020\20200916.parquet,2020-09-16,16329008,960867,2020-09-16 09:30:00,2020-09-16 15:00:00
20260913-2020-2024,2020,20260913-2020-2024\2020\20200917.parquet,2020-09-17,16432804,961831,2020-09-17 09:30:00,2020-09-17 15:00:00
20260913-2020-2024,2020,20260913-2020-2024\2020\20200918.parquet,2020-09-18,16409019,962313,2020-09-18 09:30:00,2020-09-18 15:00:00
20260913-2020-2024,2020,20260913-2020-2024\2020\20200921.parquet,2020-09-21,16247364,963759,2020-09-21 09:30:00,2020-09-21 15:00:00
20260913-2020-2024,2020,20260913-2020-2024\2020\20200922.parquet,2020-09-22,16333705,964723,2020-09-22 09:30:00,2020-09-22 15:00:00
20260913-2020-2024,2020,20260913-2020-2024\2020\20200923.parquet,2020-09-23,16005397,965205,2020-09-23 09:30:00,2020-09-23 15:00:00
20260913-2020-2024,2020,20260913-2020-2024\2020\20200924.parquet,2020-09-24,16547408,966169,2020-09-24 09:30:00,2020-09-24 15:00:00
20260913-2020-2024,2020,20260913-2020-2024\2020\20200925.parquet,2020-09-25,16152686,967133,2020-09-25 09:30:00,2020-09-25 15:00:00
20260913-2020-2024,2020,20260913-2020-2024\2020\20200928.parquet,2020-09-28,16307473,968820,2020-09-28 09:30:00,2020-09-28 15:00:00
20260913-2020-2024,2020,20260913-2020-2024\2020\20200929.parquet,2020-09-29,16063073,969302,2020-09-29 09:30:00,2020-09-29 15:00:00
20260913-2020-2024,2020,20260913-2020-2024\2020\20200930.parquet,2020-09-30,16135679,970025,2020-09-30 09:30:00,2020-09-30 15:00:00
20260913-2020-2024,2020,20260913-2020-2024\2020\20201009.parquet,2020-10-09,15958652,970025,2020-10-09 09:30:00,2020-10-09 15:00:00
20260913-2020-2024,2020,20260913-2020-2024\2020\20201012.parquet,2020-10-12,16553832,970266,2020-10-12 09:30:00,2020-10-12 15:00:00
20260913-2020-2024,2020,20260913-2020-2024\2020\20201013.parquet,2020-10-13,16167092,970507,2020-10-13 09:30:00,2020-10-13 15:00:00
20260913-2020-2024,2020,20260913-2020-2024\2020\20201014.parquet,2020-10-14,16374975,970507,2020-10-14 09:30:00,2020-10-14 15:00:00
20260913-2020-2024,2020,20260913-2020-2024\2020\20201015.parquet,2020-10-15,16344116,970989,2020-10-15 09:30:00,2020-10-15 15:00:00
20260913-2020-2024,2020,20260913-2020-2024\2020\20201016.parquet,2020-10-16,16308459,971712,2020-10-16 09:30:00,2020-10-16 15:00:00
20260913-2020-2024,2020,20260913-2020-2024\2020\20201019.parquet,2020-10-19,16469976,972194,2020-10-19 09:30:00,2020-10-19 15:00:00
20260913-2020-2024,2020,20260913-2020-2024\2020\20201020.parquet,2020-10-20,16197247,972435,2020-10-20 09:30:00,2020-10-20 15:00:00
20260913-2020-2024,2020,20260913-2020-2024\2020\20201021.parquet,2020-10-21,16362663,972917,2020-10-21 09:30:00,2020-10-21 15:00:00
20260913-2020-2024,2020,20260913-2020-2024\2020\20201022.parquet,2020-10-22,16125565,973399,2020-10-22 09:30:00,2020-10-22 15:00:00
20260913-2020-2024,2020,20260913-2020-2024\2020\20201023.parquet,2020-10-23,16343517,973640,2020-10-23 09:30:00,2020-10-23 15:00:00
20260913-2020-2024,2020,20260913-2020-2024\2020\20201026.parquet,2020-10-26,16107467,974363,2020-10-26 09:30:00,2020-10-26 15:00:00
20260913-2020-2024,2020,20260913-2020-2024\2020\20201027.parquet,2020-10-27,16224793,974604,2020-10-27 09:30:00,2020-10-27 15:00:00
20260913-2020-2024,2020,20260913-2020-2024\2020\20201028.parquet,2020-10-28,16493602,974845,2020-10-28 09:30:00,2020-10-28 15:00:00
20260913-2020-2024,2020,20260913-2020-2024\2020\20201029.parquet,2020-10-29,16449014,975809,2020-10-29 09:30:00,2020-10-29 15:00:00
20260913-2020-2024,2020,20260913-2020-2024\2020\20201030.parquet,2020-10-30,17086953,976291,2020-10-30 09:30:00,2020-10-30 15:00:00
20260913-2020-2024,2020,20260913-2020-2024\2020\20201102.parquet,2020-11-02,16821889,976532,2020-11-02 09:30:00,2020-11-02 15:00:00
20260913-2020-2024,2020,20260913-2020-2024\2020\20201103.parquet,2020-11-03,16533725,976532,2020-11-03 09:30:00,2020-11-03 15:00:00
20260913-2020-2024,2020,20260913-2020-2024\2020\20201104.parquet,2020-11-04,16395838,976532,2020-11-04 09:30:00,2020-11-04 15:00:00
20260913-2020-2024,2020,20260913-2020-2024\2020\20201105.parquet,2020-11-05,16504722,977496,2020-11-05 09:30:00,2020-11-05 15:00:00
20260913-2020-2024,2020,20260913-2020-2024\2020\20201106.parquet,2020-11-06,16556347,977737,2020-11-06 09:30:00,2020-11-06 15:00:00
20260913-2020-2024,2020,20260913-2020-2024\2020\20201109.parquet,2020-11-09,16752751,977978,2020-11-09 09:30:00,2020-11-09 15:00:00
20260913-2020-2024,2020,20260913-2020-2024\2020\20201110.parquet,2020-11-10,16708741,977978,2020-11-10 09:30:00,2020-11-10 15:00:00
20260913-2020-2024,2020,20260913-2020-2024\2020\20201111.parquet,2020-11-11,16720229,978460,2020-11-11 09:30:00,2020-11-11 15:00:00
20260913-2020-2024,2020,20260913-2020-2024\2020\20201112.parquet,2020-11-12,16309432,978942,2020-11-12 09:30:00,2020-11-12 15:00:00
20260913-2020-2024,2020,20260913-2020-2024\2020\20201113.parquet,2020-11-13,16560300,978942,2020-11-13 09:30:00,2020-11-13 15:00:00
20260913-2020-2024,2020,20260913-2020-2024\2020\20201116.parquet,2020-11-16,16507638,978942,2020-11-16 09:30:00,2020-11-16 15:00:00
20260913-2020-2024,2020,20260913-2020-2024\2020\20201117.parquet,2020-11-17,16642120,979183,2020-11-17 09:30:00,2020-11-17 15:00:00
20260913-2020-2024,2020,20260913-2020-2024\2020\20201118.parquet,2020-11-18,16538059,979906,2020-11-18 09:30:00,2020-11-18 15:00:00
20260913-2020-2024,2020,20260913-2020-2024\2020\20201119.parquet,2020-11-19,16442767,979906,2020-11-19 09:30:00,2020-11-19 15:00:00
20260913-2020-2024,2020,20260913-2020-2024\2020\20201120.parquet,2020-11-20,16293218,979906,2020-11-20 09:30:00,2020-11-20 15:00:00
20260913-2020-2024,2020,20260913-2020-2024\2020\20201123.parquet,2020-11-23,16720643,980388,2020-11-23 09:30:00,2020-11-23 15:00:00
20260913-2020-2024,2020,20260913-2020-2024\2020\20201124.parquet,2020-11-24,16387980,980629,2020-11-24 09:30:00,2020-11-24 15:00:00
20260913-2020-2024,2020,20260913-2020-2024\2020\20201125.parquet,2020-11-25,16721391,980870,2020-11-25 09:30:00,2020-11-25 15:00:00
20260913-2020-2024,2020,20260913-2020-2024\2020\20201126.parquet,2020-11-26,16465575,981111,2020-11-26 09:30:00,2020-11-26 15:00:00
20260913-2020-2024,2020,20260913-2020-2024\2020\20201127.parquet,2020-11-27,16599827,981352,2020-11-27 09:30:00,2020-11-27 15:00:00
20260913-2020-2024,2020,20260913-2020-2024\2020\20201130.parquet,2020-11-30,16714288,981352,2020-11-30 09:30:00,2020-11-30 15:00:00
20260913-2020-2024,2020,20260913-2020-2024\2020\20201201.parquet,2020-12-01,16511393,981593,2020-12-01 09:30:00,2020-12-01 15:00:00
20260913-2020-2024,2020,20260913-2020-2024\2020\20201202.parquet,2020-12-02,16523895,982557,2020-12-02 09:30:00,2020-12-02 15:00:00
20260913-2020-2024,2020,20260913-2020-2024\2020\20201203.parquet,2020-12-03,16448375,983039,2020-12-03 09:30:00,2020-12-03 15:00:00
20260913-2020-2024,2020,20260913-2020-2024\2020\20201204.parquet,2020-12-04,16305040,983521,2020-12-04 09:30:00,2020-12-04 15:00:00
20260913-2020-2024,2020,20260913-2020-2024\2020\20201207.parquet,2020-12-07,16543801,984485,2020-12-07 09:30:00,2020-12-07 15:00:00
20260913-2020-2024,2020,20260913-2020-2024\2020\20201208.parquet,2020-12-08,16198109,984967,2020-12-08 09:30:00,2020-12-08 15:00:00
20260913-2020-2024,2020,20260913-2020-2024\2020\20201209.parquet,2020-12-09,16722238,984726,2020-12-09 09:30:00,2020-12-09 15:00:00
20260913-2020-2024,2020,20260913-2020-2024\2020\20201210.parquet,2020-12-10,16569598,984967,2020-12-10 09:30:00,2020-12-10 15:00:00
20260913-2020-2024,2020,20260913-2020-2024\2020\20201211.parquet,2020-12-11,17180807,985690,2020-12-11 09:30:00,2020-12-11 15:00:00
20260913-2020-2024,2020,20260913-2020-2024\2020\20201214.parquet,2020-12-14,16472172,985931,2020-12-14 09:30:00,2020-12-14 15:00:00
20260913-2020-2024,2020,20260913-2020-2024\2020\20201215.parquet,2020-12-15,16443340,986654,2020-12-15 09:30:00,2020-12-15 15:00:00
20260913-2020-2024,2020,20260913-2020-2024\2020\20201216.parquet,2020-12-16,16453829,987377,2020-12-16 09:30:00,2020-12-16 15:00:00
20260913-2020-2024,2020,20260913-2020-2024\2020\20201217.parquet,2020-12-17,16968663,987136,2020-12-17 09:30:00,2020-12-17 15:00:00
20260913-2020-2024,2020,20260913-2020-2024\2020\20201218.parquet,2020-12-18,16733736,987859,2020-12-18 09:30:00,2020-12-18 15:00:00
20260913-2020-2024,2020,20260913-2020-2024\2020\20201221.parquet,2020-12-21,16704282,988341,2020-12-21 09:30:00,2020-12-21 15:00:00
20260913-2020-2024,2020,20260913-2020-2024\2020\20201222.parquet,2020-12-22,17200957,989305,2020-12-22 09:30:00,2020-12-22 15:00:00
20260913-2020-2024,2020,20260913-2020-2024\2020\20201223.parquet,2020-12-23,17272546,989787,2020-12-23 09:30:00,2020-12-23 15:00:00
20260913-2020-2024,2020,20260913-2020-2024\2020\20201224.parquet,2020-12-24,17027371,990751,2020-12-24 09:30:00,2020-12-24 15:00:00
20260913-2020-2024,2020,20260913-2020-2024\2020\20201225.parquet,2020-12-25,16888012,991715,2020-12-25 09:30:00,2020-12-25 15:00:00
20260913-2020-2024,2020,20260913-2020-2024\2020\20201228.parquet,2020-12-28,17023122,992438,2020-12-28 09:30:00,2020-12-28 15:00:00
20260913-2020-2024,2020,20260913-2020-2024\2020\20201229.parquet,2020-12-29,16843596,992679,2020-12-29 09:30:00,2020-12-29 15:00:00
20260913-2020-2024,2020,20260913-2020-2024\2020\20201230.parquet,2020-12-30,16739391,993402,2020-12-30 09:30:00,2020-12-30 15:00:00
20260913-2020-2024,2020,20260913-2020-2024\2020\20201231.parquet,2020-12-31,17149925,994125,2020-12-31 09:30:00,2020-12-31 15:00:00
20260913-2020-2024,2021,20260913-2020-2024\2021\20210104.parquet,2021-01-04,17407971,994366,2021-01-04 09:30:00,2021-01-04 15:00:00
20260913-2020-2024,2021,20260913-2020-2024\2021\20210105.parquet,2021-01-05,17790884,994366,2021-01-05 09:30:00,2021-01-05 15:00:00
20260913-2020-2024,2021,20260913-2020-2024\2021\20210106.parquet,2021-01-06,17803106,995089,2021-01-06 09:30:00,2021-01-06 15:00:00
20260913-2020-2024,2021,20260913-2020-2024\2021\20210107.parquet,2021-01-07,18143379,995812,2021-01-07 09:30:00,2021-01-07 15:00:00
20260913-2020-2024,2021,20260913-2020-2024\2021\20210108.parquet,2021-01-08,17863656,995812,2021-01-08 09:30:00,2021-01-08 15:00:00
20260913-2020-2024,2021,20260913-2020-2024\2021\20210111.parquet,2021-01-11,17946169,996053,2021-01-11 09:30:00,2021-01-11 15:00:00
20260913-2020-2024,2021,20260913-2020-2024\2021\20210112.parquet,2021-01-12,17573736,996294,2021-01-12 09:30:00,2021-01-12 15:00:00
20260913-2020-2024,2021,20260913-2020-2024\2021\20210113.parquet,2021-01-13,17830510,996535,2021-01-13 09:30:00,2021-01-13 15:00:00
20260913-2020-2024,2021,20260913-2020-2024\2021\20210114.parquet,2021-01-14,17545770,996535,2021-01-14 09:30:00,2021-01-14 15:00:00
20260913-2020-2024,2021,20260913-2020-2024\2021\20210115.parquet,2021-01-15,17360362,996535,2021-01-15 09:30:00,2021-01-15 15:00:00
20260913-2020-2024,2021,20260913-2020-2024\2021\20210118.parquet,2021-01-18,16992212,997017,2021-01-18 09:30:00,2021-01-18 15:00:00
20260913-2020-2024,2021,20260913-2020-2024\2021\20210119.parquet,2021-01-19,17565516,997499,2021-01-19 09:30:00,2021-01-19 15:00:00
20260913-2020-2024,2021,20260913-2020-2024\2021\20210120.parquet,2021-01-20,17139504,998222,2021-01-20 09:30:00,2021-01-20 15:00:00
20260913-2020-2024,2021,20260913-2020-2024\2021\20210121.parquet,2021-01-21,17350252,998945,2021-01-21 09:30:00,2021-01-21 15:00:00
20260913-2020-2024,2021,20260913-2020-2024\2021\20210122.parquet,2021-01-22,17487994,999668,2021-01-22 09:30:00,2021-01-22 15:00:00
20260913-2020-2024,2021,20260913-2020-2024\2021\20210125.parquet,2021-01-25,17809873,999909,2021-01-25 09:30:00,2021-01-25 15:00:00
20260913-2020-2024,2021,20260913-2020-2024\2021\20210126.parquet,2021-01-26,17391866,1000150,2021-01-26 09:30:00,2021-01-26 15:00:00
20260913-2020-2024,2021,20260913-2020-2024\2021\20210127.parquet,2021-01-27,17273704,1000873,2021-01-27 09:30:00,2021-01-27 15:00:00
20260913-2020-2024,2021,20260913-2020-2024\2021\20210128.parquet,2021-01-28,17450888,1001596,2021-01-28 09:30:00,2021-01-28 15:00:00
20260913-2020-2024,2021,20260913-2020-2024\2021\20210129.parquet,2021-01-29,17939241,1001837,2021-01-29 09:30:00,2021-01-29 15:00:00
20260913-2020-2024,2021,20260913-2020-2024\2021\20210201.parquet,2021-02-01,17515253,1002319,2021-02-01 09:30:00,2021-02-01 15:00:00
20260913-2020-2024,2021,20260913-2020-2024\2021\20210202.parquet,2021-02-02,17284898,1002319,2021-02-02 09:30:00,2021-02-02 15:00:00
20260913-2020-2024,2021,20260913-2020-2024\2021\20210203.parquet,2021-02-03,17542830,1002560,2021-02-03 09:30:00,2021-02-03 15:00:00
20260913-2020-2024,2021,20260913-2020-2024\2021\20210204.parquet,2021-02-04,18017975,1002801,2021-02-04 09:30:00,2021-02-04 15:00:00
20260913-2020-2024,2021,20260913-2020-2024\2021\20210205.parquet,2021-02-05,17526394,1003283,2021-02-05 09:30:00,2021-02-05 15:00:00
20260913-2020-2024,2021,20260913-2020-2024\2021\20210208.parquet,2021-02-08,16862340,1004247,2021-02-08 09:30:00,2021-02-08 15:00:00
20260913-2020-2024,2021,20260913-2020-2024\2021\20210209.parquet,2021-02-09,17157442,1005452,2021-02-09 09:30:00,2021-02-09 15:00:00
20260913-2020-2024,2021,20260913-2020-2024\2021\20210210.parquet,2021-02-10,17109552,1006657,2021-02-10 09:30:00,2021-02-10 15:00:00
20260913-2020-2024,2021,20260913-2020-2024\2021\20210218.parquet,2021-02-18,17462339,1006657,2021-02-18 09:30:00,2021-02-18 15:00:00
20260913-2020-2024,2021,20260913-2020-2024\2021\20210219.parquet,2021-02-19,17691550,1006657,2021-02-19 09:30:00,2021-02-19 15:00:00
20260913-2020-2024,2021,20260913-2020-2024\2021\20210222.parquet,2021-02-22,18237963,1006657,2021-02-22 09:30:00,2021-02-22 15:00:00
20260913-2020-2024,2021,20260913-2020-2024\2021\20210223.parquet,2021-02-23,17351542,1006898,2021-02-23 09:30:00,2021-02-23 15:00:00
20260913-2020-2024,2021,20260913-2020-2024\2021\20210224.parquet,2021-02-24,17835817,1007380,2021-02-24 09:30:00,2021-02-24 15:00:00
20260913-2020-2024,2021,20260913-2020-2024\2021\20210225.parquet,2021-02-25,17192195,1007862,2021-02-25 09:30:00,2021-02-25 15:00:00
20260913-2020-2024,2021,20260913-2020-2024\2021\20210226.parquet,2021-02-26,17167500,1008585,2021-02-26 09:30:00,2021-02-26 15:00:00
20260913-2020-2024,2021,20260913-2020-2024\2021\20210301.parquet,2021-03-01,16922385,1009308,2021-03-01 09:30:00,2021-03-01 15:00:00
20260913-2020-2024,2021,20260913-2020-2024\2021\20210302.parquet,2021-03-02,17547519,1009549,2021-03-02 09:30:00,2021-03-02 15:00:00
20260913-2020-2024,2021,20260913-2020-2024\2021\20210303.parquet,2021-03-03,16855572,1009790,2021-03-03 09:30:00,2021-03-03 15:00:00
20260913-2020-2024,2021,20260913-2020-2024\2021\20210304.parquet,2021-03-04,17274691,1009790,2021-03-04 09:30:00,2021-03-04 15:00:00
20260913-2020-2024,2021,20260913-2020-2024\2021\20210305.parquet,2021-03-05,17068588,1009790,2021-03-05 09:30:00,2021-03-05 15:00:00
20260913-2020-2024,2021,20260913-2020-2024\2021\20210308.parquet,2021-03-08,17488795,1010272,2021-03-08 09:30:00,2021-03-08 15:00:00
20260913-2020-2024,2021,20260913-2020-2024\2021\20210309.parquet,2021-03-09,17949704,1010754,2021-03-09 09:30:00,2021-03-09 15:00:00
20260913-2020-2024,2021,20260913-2020-2024\2021\20210310.parquet,2021-03-10,17231644,1010995,2021-03-10 09:30:00,2021-03-10 15:00:00
20260913-2020-2024,2021,20260913-2020-2024\2021\20210311.parquet,2021-03-11,17012438,1011477,2021-03-11 09:30:00,2021-03-11 15:00:00
20260913-2020-2024,2021,20260913-2020-2024\2021\20210312.parquet,2021-03-12,17032811,1011718,2021-03-12 09:30:00,2021-03-12 15:00:00
20260913-2020-2024,2021,20260913-2020-2024\2021\20210315.parquet,2021-03-15,17044610,1011959,2021-03-15 09:30:00,2021-03-15 15:00:00
20260913-2020-2024,2021,20260913-2020-2024\2021\20210316.parquet,2021-03-16,16939834,1012200,2021-03-16 09:30:00,2021-03-16 15:00:00
20260913-2020-2024,2021,20260913-2020-2024\2021\20210317.parquet,2021-03-17,16668359,1012200,2021-03-17 09:30:00,2021-03-17 15:00:00
20260913-2020-2024,2021,20260913-2020-2024\2021\20210318.parquet,2021-03-18,16783638,1012682,2021-03-18 09:30:00,2021-03-18 15:00:00
20260913-2020-2024,2021,20260913-2020-2024\2021\20210319.parquet,2021-03-19,16990526,1013164,2021-03-19 09:30:00,2021-03-19 15:00:00
20260913-2020-2024,2021,20260913-2020-2024\2021\20210322.parquet,2021-03-22,16808649,1013646,2021-03-22 09:30:00,2021-03-22 15:00:00
20260913-2020-2024,2021,20260913-2020-2024\2021\20210323.parquet,2021-03-23,17142829,1013887,2021-03-23 09:30:00,2021-03-23 15:00:00
20260913-2020-2024,2021,20260913-2020-2024\2021\20210324.parquet,2021-03-24,17165209,1014369,2021-03-24 09:30:00,2021-03-24 15:00:00
20260913-2020-2024,2021,20260913-2020-2024\2021\20210325.parquet,2021-03-25,16909061,1014851,2021-03-25 09:30:00,2021-03-25 15:00:00
20260913-2020-2024,2021,20260913-2020-2024\2021\20210326.parquet,2021-03-26,16697183,1015574,2021-03-26 09:30:00,2021-03-26 15:00:00
20260913-2020-2024,2021,20260913-2020-2024\2021\20210329.parquet,2021-03-29,16890628,1016538,2021-03-29 09:30:00,2021-03-29 15:00:00
20260913-2020-2024,2021,20260913-2020-2024\2021\20210330.parquet,2021-03-30,16835715,1017020,2021-03-30 09:30:00,2021-03-30 15:00:00
20260913-2020-2024,2021,20260913-2020-2024\2021\20210331.parquet,2021-03-31,16656528,1017502,2021-03-31 09:30:00,2021-03-31 15:00:00
20260913-2020-2024,2021,20260913-2020-2024\2021\20210401.parquet,2021-04-01,16612473,1017984,2021-04-01 09:30:00,2021-04-01 15:00:00
20260913-2020-2024,2021,20260913-2020-2024\2021\20210402.parquet,2021-04-02,16773476,1018225,2021-04-02 09:30:00,2021-04-02 15:00:00
20260913-2020-2024,2021,20260913-2020-2024\2021\20210406.parquet,2021-04-06,16558245,1019189,2021-04-06 09:30:00,2021-04-06 15:00:00
20260913-2020-2024,2021,20260913-2020-2024\2021\20210407.parquet,2021-04-07,16705244,1019430,2021-04-07 09:30:00,2021-04-07 15:00:00
20260913-2020-2024,2021,20260913-2020-2024\2021\20210408.parquet,2021-04-08,16941783,1019912,2021-04-08 09:30:00,2021-04-08 15:00:00
20260913-2020-2024,2021,20260913-2020-2024\2021\20210409.parquet,2021-04-09,16736812,1020876,2021-04-09 09:30:00,2021-04-09 15:00:00
20260913-2020-2024,2021,20260913-2020-2024\2021\20210412.parquet,2021-04-12,17053164,1021840,2021-04-12 09:30:00,2021-04-12 15:00:00
20260913-2020-2024,2021,20260913-2020-2024\2021\20210413.parquet,2021-04-13,16897460,1022563,2021-04-13 09:30:00,2021-04-13 15:00:00
20260913-2020-2024,2021,20260913-2020-2024\2021\20210414.parquet,2021-04-14,16725117,1022804,2021-04-14 09:30:00,2021-04-14 15:00:00
20260913-2020-2024,2021,20260913-2020-2024\2021\20210415.parquet,2021-04-15,16783786,1023768,2021-04-15 09:30:00,2021-04-15 15:00:00
20260913-2020-2024,2021,20260913-2020-2024\2021\20210416.parquet,2021-04-16,16907804,1024009,2021-04-16 09:30:00,2021-04-16 15:00:00
20260913-2020-2024,2021,20260913-2020-2024\2021\20210419.parquet,2021-04-19,17159084,1024732,2021-04-19 09:30:00,2021-04-19 15:00:00
20260913-2020-2024,2021,20260913-2020-2024\2021\20210420.parquet,2021-04-20,17171621,1025696,2021-04-20 09:30:00,2021-04-20 15:00:00
20260913-2020-2024,2021,20260913-2020-2024\2021\20210421.parquet,2021-04-21,16999200,1026901,2021-04-21 09:30:00,2021-04-21 15:00:00
20260913-2020-2024,2021,20260913-2020-2024\2021\20210422.parquet,2021-04-22,16862860,1027142,2021-04-22 09:30:00,2021-04-22 15:00:00
20260913-2020-2024,2021,20260913-2020-2024\2021\20210423.parquet,2021-04-23,17051599,1027142,2021-04-23 09:30:00,2021-04-23 15:00:00
20260913-2020-2024,2021,20260913-2020-2024\2021\20210426.parquet,2021-04-26,17351048,1027865,2021-04-26 09:30:00,2021-04-26 15:00:00
20260913-2020-2024,2021,20260913-2020-2024\2021\20210427.parquet,2021-04-27,17304998,1028588,2021-04-27 09:30:00,2021-04-27 15:00:00
20260913-2020-2024,2021,20260913-2020-2024\2021\20210428.parquet,2021-04-28,17057644,1029311,2021-04-28 09:30:00,2021-04-28 15:00:00
20260913-2020-2024,2021,20260913-2020-2024\2021\20210429.parquet,2021-04-29,17052876,1030034,2021-04-29 09:30:00,2021-04-29 15:00:00
20260913-2020-2024,2021,20260913-2020-2024\2021\20210430.parquet,2021-04-30,17329061,1030757,2021-04-30 09:30:00,2021-04-30 15:00:00
20260913-2020-2024,2021,20260913-2020-2024\2021\20210506.parquet,2021-05-06,17199759,1031239,2021-05-06 09:30:00,2021-05-06 15:00:00
20260913-2020-2024,2021,20260913-2020-2024\2021\20210507.parquet,2021-05-07,17281288,1031480,2021-05-07 09:30:00,2021-05-07 15:00:00
20260913-2020-2024,2021,20260913-2020-2024\2021\20210510.parquet,2021-05-10,17249582,1031721,2021-05-10 09:30:00,2021-05-10 15:00:00
20260913-2020-2024,2021,20260913-2020-2024\2021\20210511.parquet,2021-05-11,17363351,1032444,2021-05-11 09:30:00,2021-05-11 15:00:00
20260913-2020-2024,2021,20260913-2020-2024\2021\20210512.parquet,2021-05-12,17058755,1033167,2021-05-12 09:30:00,2021-05-12 15:00:00
20260913-2020-2024,2021,20260913-2020-2024\2021\20210513.parquet,2021-05-13,17333684,1034131,2021-05-13 09:30:00,2021-05-13 15:00:00
20260913-2020-2024,2021,20260913-2020-2024\2021\20210514.parquet,2021-05-14,17345301,1034131,2021-05-14 09:30:00,2021-05-14 15:00:00
20260913-2020-2024,2021,20260913-2020-2024\2021\20210517.parquet,2021-05-17,17459464,1034613,2021-05-17 09:30:00,2021-05-17 15:00:00
20260913-2020-2024,2021,20260913-2020-2024\2021\20210518.parquet,2021-05-18,16920570,1035336,2021-05-18 09:30:00,2021-05-18 15:00:00
20260913-2020-2024,2021,20260913-2020-2024\2021\20210519.parquet,2021-05-19,16960734,1035577,2021-05-19 09:30:00,2021-05-19 15:00:00
20260913-2020-2024,2021,20260913-2020-2024\2021\20210520.parquet,2021-05-20,17326327,1036059,2021-05-20 09:30:00,2021-05-20 15:00:00
20260913-2020-2024,2021,20260913-2020-2024\2021\20210521.parquet,2021-05-21,17112484,1036541,2021-05-21 09:30:00,2021-05-21 15:00:00
20260913-2020-2024,2021,20260913-2020-2024\2021\20210524.parquet,2021-05-24,17134024,1036782,2021-05-24 09:30:00,2021-05-24 15:00:00
20260913-2020-2024,2021,20260913-2020-2024\2021\20210525.parquet,2021-05-25,17376577,1037746,2021-05-25 09:30:00,2021-05-25 15:00:00
20260913-2020-2024,2021,20260913-2020-2024\2021\20210526.parquet,2021-05-26,17316257,1038228,2021-05-26 09:30:00,2021-05-26 15:00:00
20260913-2020-2024,2021,20260913-2020-2024\2021\20210527.parquet,2021-05-27,17320150,1038469,2021-05-27 09:30:00,2021-05-27 15:00:00
20260913-2020-2024,2021,20260913-2020-2024\2021\20210528.parquet,2021-05-28,17539316,1039674,2021-05-28 09:30:00,2021-05-28 15:00:00
20260913-2020-2024,2021,20260913-2020-2024\2021\20210531.parquet,2021-05-31,17390495,1039674,2021-05-31 09:30:00,2021-05-31 15:00:00
20260913-2020-2024,2021,20260913-2020-2024\2021\20210601.parquet,2021-06-01,17549143,1040156,2021-06-01 09:30:00,2021-06-01 15:00:00
20260913-2020-2024,2021,20260913-2020-2024\2021\20210602.parquet,2021-06-02,17693399,1041361,2021-06-02 09:30:00,2021-06-02 15:00:00
20260913-2020-2024,2021,20260913-2020-2024\2021\20210603.parquet,2021-06-03,17548191,1041843,2021-06-03 09:30:00,2021-06-03 15:00:00
20260913-2020-2024,2021,20260913-2020-2024\2021\20210604.parquet,2021-06-04,17593254,1041843,2021-06-04 09:30:00,2021-06-04 15:00:00
20260913-2020-2024,2021,20260913-2020-2024\2021\20210607.parquet,2021-06-07,17433537,1042807,2021-06-07 09:30:00,2021-06-07 15:00:00
20260913-2020-2024,2021,20260913-2020-2024\2021\20210608.parquet,2021-06-08,17660852,1043289,2021-06-08 09:30:00,2021-06-08 15:00:00
20260913-2020-2024,2021,20260913-2020-2024\2021\20210609.parquet,2021-06-09,17477046,1043771,2021-06-09 09:30:00,2021-06-09 15:00:00
20260913-2020-2024,2021,20260913-2020-2024\2021\20210610.parquet,2021-06-10,17638061,1044494,2021-06-10 09:30:00,2021-06-10 15:00:00
20260913-2020-2024,2021,20260913-2020-2024\2021\20210611.parquet,2021-06-11,17854911,1044976,2021-06-11 09:30:00,2021-06-11 15:00:00
20260913-2020-2024,2021,20260913-2020-2024\2021\20210615.parquet,2021-06-15,17918438,1045699,2021-06-15 09:30:00,2021-06-15 15:00:00
20260913-2020-2024,2021,20260913-2020-2024\2021\20210616.parquet,2021-06-16,17756045,1046422,2021-06-16 09:30:00,2021-06-16 15:00:00
20260913-2020-2024,2021,20260913-2020-2024\2021\20210617.parquet,2021-06-17,17550621,1047145,2021-06-17 09:30:00,2021-06-17 15:00:00
20260913-2020-2024,2021,20260913-2020-2024\2021\20210618.parquet,2021-06-18,17638187,1048109,2021-06-18 09:30:00,2021-06-18 15:00:00
20260913-2020-2024,2021,20260913-2020-2024\2021\20210621.parquet,2021-06-21,17690376,1048350,2021-06-21 09:30:00,2021-06-21 15:00:00
20260913-2020-2024,2021,20260913-2020-2024\2021\20210622.parquet,2021-06-22,17729809,1048832,2021-06-22 09:30:00,2021-06-22 15:00:00
20260913-2020-2024,2021,20260913-2020-2024\2021\20210623.parquet,2021-06-23,17755216,1049555,2021-06-23 09:30:00,2021-06-23 15:00:00
20260913-2020-2024,2021,20260913-2020-2024\2021\20210624.parquet,2021-06-24,17756200,1049796,2021-06-24 09:30:00,2021-06-24 15:00:00
20260913-2020-2024,2021,20260913-2020-2024\2021\20210625.parquet,2021-06-25,17756876,1050519,2021-06-25 09:30:00,2021-06-25 15:00:00
20260913-2020-2024,2021,20260913-2020-2024\2021\20210628.parquet,2021-06-28,17690184,1051242,2021-06-28 09:30:00,2021-06-28 15:00:00
20260913-2020-2024,2021,20260913-2020-2024\2021\20210629.parquet,2021-06-29,17902719,1051483,2021-06-29 09:30:00,2021-06-29 15:00:00
20260913-2020-2024,2021,20260913-2020-2024\2021\20210630.parquet,2021-06-30,17780937,1052688,2021-06-30 09:30:00,2021-06-30 15:00:00
20260913-2020-2024,2021,20260913-2020-2024\2021\20210701.parquet,2021-07-01,18190409,1052929,2021-07-01 09:30:00,2021-07-01 15:00:00
20260913-2020-2024,2021,20260913-2020-2024\2021\20210702.parquet,2021-07-02,18113073,1053170,2021-07-02 09:30:00,2021-07-02 15:00:00
20260913-2020-2024,2021,20260913-2020-2024\2021\20210705.parquet,2021-07-05,17788584,1053652,2021-07-05 09:30:00,2021-07-05 15:00:00
20260913-2020-2024,2021,20260913-2020-2024\2021\20210706.parquet,2021-07-06,18159860,1054375,2021-07-06 09:30:00,2021-07-06 15:00:00
20260913-2020-2024,2021,20260913-2020-2024\2021\20210707.parquet,2021-07-07,17851891,1055339,2021-07-07 09:30:00,2021-07-07 15:00:00
20260913-2020-2024,2021,20260913-2020-2024\2021\20210708.parquet,2021-07-08,18118031,1055821,2021-07-08 09:30:00,2021-07-08 15:00:00
20260913-2020-2024,2021,20260913-2020-2024\2021\20210709.parquet,2021-07-09,18135185,1056544,2021-07-09 09:30:00,2021-07-09 15:00:00
20260913-2020-2024,2021,20260913-2020-2024\2021\20210712.parquet,2021-07-12,18256045,1056785,2021-07-12 09:30:00,2021-07-12 15:00:00
20260913-2020-2024,2021,20260913-2020-2024\2021\20210713.parquet,2021-07-13,18172825,1057267,2021-07-13 09:30:00,2021-07-13 15:00:00
20260913-2020-2024,2021,20260913-2020-2024\2021\20210714.parquet,2021-07-14,18226568,1057267,2021-07-14 09:30:00,2021-07-14 15:00:00
20260913-2020-2024,2021,20260913-2020-2024\2021\20210715.parquet,2021-07-15,18395606,1057749,2021-07-15 09:30:00,2021-07-15 15:00:00
20260913-2020-2024,2021,20260913-2020-2024\2021\20210716.parquet,2021-07-16,18513105,1058231,2021-07-16 09:30:00,2021-07-16 15:00:00
20260913-2020-2024,2021,20260913-2020-2024\2021\20210719.parquet,2021-07-19,18242247,1058713,2021-07-19 09:30:00,2021-07-19 15:00:00
20260913-2020-2024,2021,20260913-2020-2024\2021\20210720.parquet,2021-07-20,17936807,1059436,2021-07-20 09:30:00,2021-07-20 15:00:00
20260913-2020-2024,2021,20260913-2020-2024\2021\20210721.parquet,2021-07-21,18005464,1058954,2021-07-21 09:30:00,2021-07-21 15:00:00
20260913-2020-2024,2021,20260913-2020-2024\2021\20210722.parquet,2021-07-22,18678899,1059918,2021-07-22 09:30:00,2021-07-22 15:00:00
20260913-2020-2024,2021,20260913-2020-2024\2021\20210723.parquet,2021-07-23,18931026,1060159,2021-07-23 09:30:00,2021-07-23 15:00:00
20260913-2020-2024,2021,20260913-2020-2024\2021\20210726.parquet,2021-07-26,19549262,1060882,2021-07-26 09:30:00,2021-07-26 15:00:00
20260913-2020-2024,2021,20260913-2020-2024\2021\20210727.parquet,2021-07-27,19479651,1061123,2021-07-27 09:30:00,2021-07-27 15:00:00
20260913-2020-2024,2021,20260913-2020-2024\2021\20210728.parquet,2021-07-28,19180798,1061846,2021-07-28 09:30:00,2021-07-28 15:00:00
20260913-2020-2024,2021,20260913-2020-2024\2021\20210729.parquet,2021-07-29,18703429,1062569,2021-07-29 09:30:00,2021-07-29 15:00:00
20260913-2020-2024,2021,20260913-2020-2024\2021\20210730.parquet,2021-07-30,19056619,1063292,2021-07-30 09:30:00,2021-07-30 15:00:00
20260913-2020-2024,2021,20260913-2020-2024\2021\20210802.parquet,2021-08-02,19380994,1063774,2021-08-02 09:30:00,2021-08-02 15:00:00
20260913-2020-2024,2021,20260913-2020-2024\2021\20210803.parquet,2021-08-03,19182468,1064015,2021-08-03 09:30:00,2021-08-03 15:00:00
20260913-2020-2024,2021,20260913-2020-2024\2021\20210804.parquet,2021-08-04,18357209,1064738,2021-08-04 09:30:00,2021-08-04 15:00:00
20260913-2020-2024,2021,20260913-2020-2024\2021\20210805.parquet,2021-08-05,19152455,1065702,2021-08-05 09:30:00,2021-08-05 15:00:00
20260913-2020-2024,2021,20260913-2020-2024\2021\20210806.parquet,2021-08-06,18564476,1065943,2021-08-06 09:30:00,2021-08-06 15:00:00
20260913-2020-2024,2021,20260913-2020-2024\2021\20210809.parquet,2021-08-09,18909928,1065943,2021-08-09 09:30:00,2021-08-09 15:00:00
20260913-2020-2024,2021,20260913-2020-2024\2021\20210810.parquet,2021-08-10,19087691,1066425,2021-08-10 09:30:00,2021-08-10 15:00:00
20260913-2020-2024,2021,20260913-2020-2024\2021\20210811.parquet,2021-08-11,18935026,1067148,2021-08-11 09:30:00,2021-08-11 15:00:00
20260913-2020-2024,2021,20260913-2020-2024\2021\20210812.parquet,2021-08-12,18938940,1067871,2021-08-12 09:30:00,2021-08-12 15:00:00
20260913-2020-2024,2021,20260913-2020-2024\2021\20210813.parquet,2021-08-13,19073064,1068594,2021-08-13 09:30:00,2021-08-13 15:00:00
20260913-2020-2024,2021,20260913-2020-2024\2021\20210816.parquet,2021-08-16,18637060,1069317,2021-08-16 09:30:00,2021-08-16 15:00:00
20260913-2020-2024,2021,20260913-2020-2024\2021\20210817.parquet,2021-08-17,19758685,1069799,2021-08-17 09:30:00,2021-08-17 15:00:00
20260913-2020-2024,2021,20260913-2020-2024\2021\20210818.parquet,2021-08-18,18866455,1070281,2021-08-18 09:30:00,2021-08-18 15:00:00
20260913-2020-2024,2021,20260913-2020-2024\2021\20210819.parquet,2021-08-19,18940564,1070763,2021-08-19 09:30:00,2021-08-19 15:00:00
20260913-2020-2024,2021,20260913-2020-2024\2021\20210820.parquet,2021-08-20,19333124,1071004,2021-08-20 09:30:00,2021-08-20 15:00:00
20260913-2020-2024,2021,20260913-2020-2024\2021\20210823.parquet,2021-08-23,18898351,1071486,2021-08-23 09:30:00,2021-08-23 15:00:00
20260913-2020-2024,2021,20260913-2020-2024\2021\20210824.parquet,2021-08-24,19121940,1072209,2021-08-24 09:30:00,2021-08-24 15:00:00
20260913-2020-2024,2021,20260913-2020-2024\2021\20210825.parquet,2021-08-25,19278043,1072209,2021-08-25 09:30:00,2021-08-25 15:00:00
20260913-2020-2024,2021,20260913-2020-2024\2021\20210826.parquet,2021-08-26,19337630,1072450,2021-08-26 09:30:00,2021-08-26 15:00:00
20260913-2020-2024,2021,20260913-2020-2024\2021\20210827.parquet,2021-08-27,19352857,1072691,2021-08-27 09:30:00,2021-08-27 15:00:00
20260913-2020-2024,2021,20260913-2020-2024\2021\20210830.parquet,2021-08-30,19630653,1072691,2021-08-30 09:30:00,2021-08-30 15:00:00
20260913-2020-2024,2021,20260913-2020-2024\2021\20210831.parquet,2021-08-31,19393921,1072932,2021-08-31 09:30:00,2021-08-31 15:00:00
20260913-2020-2024,2021,20260913-2020-2024\2021\20210901.parquet,2021-09-01,19792906,1073414,2021-09-01 09:30:00,2021-09-01 15:00:00
20260913-2020-2024,2021,20260913-2020-2024\2021\20210902.parquet,2021-09-02,18943378,1073414,2021-09-02 09:30:00,2021-09-02 15:00:00
20260913-2020-2024,2021,20260913-2020-2024\2021\20210903.parquet,2021-09-03,19395254,1073414,2021-09-03 09:30:00,2021-09-03 15:00:00
20260913-2020-2024,2021,20260913-2020-2024\2021\20210906.parquet,2021-09-06,19280137,1074137,2021-09-06 09:30:00,2021-09-06 15:00:00
20260913-2020-2024,2021,20260913-2020-2024\2021\20210907.parquet,2021-09-07,18921903,1074619,2021-09-07 09:30:00,2021-09-07 15:00:00
20260913-2020-2024,2021,20260913-2020-2024\2021\20210908.parquet,2021-09-08,19085569,1075101,2021-09-08 09:30:00,2021-09-08 15:00:00
20260913-2020-2024,2021,20260913-2020-2024\2021\20210909.parquet,2021-09-09,19097426,1076065,2021-09-09 09:30:00,2021-09-09 15:00:00
20260913-2020-2024,2021,20260913-2020-2024\2021\20210910.parquet,2021-09-10,19779051,1076306,2021-09-10 09:30:00,2021-09-10 15:00:00
20260913-2020-2024,2021,20260913-2020-2024\2021\20210913.parquet,2021-09-13,19139094,1077029,2021-09-13 09:30:00,2021-09-13 15:00:00
20260913-2020-2024,2021,20260913-2020-2024\2021\20210914.parquet,2021-09-14,19931762,1077752,2021-09-14 09:30:00,2021-09-14 15:00:00
20260913-2020-2024,2021,20260913-2020-2024\2021\20210915.parquet,2021-09-15,19472406,1077993,2021-09-15 09:30:00,2021-09-15 15:00:00
20260913-2020-2024,2021,20260913-2020-2024\2021\20210916.parquet,2021-09-16,19629457,1078716,2021-09-16 09:30:00,2021-09-16 15:00:00
20260913-2020-2024,2021,20260913-2020-2024\2021\20210917.parquet,2021-09-17,19816001,1079198,2021-09-17 09:30:00,2021-09-17 15:00:00
20260913-2020-2024,2021,20260913-2020-2024\2021\20210922.parquet,2021-09-22,19007857,1079680,2021-09-22 09:30:00,2021-09-22 15:00:00
20260913-2020-2024,2021,20260913-2020-2024\2021\20210923.parquet,2021-09-23,18963325,1079921,2021-09-23 09:30:00,2021-09-23 15:00:00
20260913-2020-2024,2021,20260913-2020-2024\2021\20210924.parquet,2021-09-24,19474400,1080403,2021-09-24 09:30:00,2021-09-24 15:00:00
20260913-2020-2024,2021,20260913-2020-2024\2021\20210927.parquet,2021-09-27,19526362,1080644,2021-09-27 09:30:00,2021-09-27 15:00:00
20260913-2020-2024,2021,20260913-2020-2024\2021\20210928.parquet,2021-09-28,18750633,1081126,2021-09-28 09:30:00,2021-09-28 15:00:00
20260913-2020-2024,2021,20260913-2020-2024\2021\20210929.parquet,2021-09-29,19194689,1081849,2021-09-29 09:30:00,2021-09-29 15:00:00
20260913-2020-2024,2021,20260913-2020-2024\2021\20210930.parquet,2021-09-30,18570096,1082331,2021-09-30 09:30:00,2021-09-30 15:00:00
20260913-2020-2024,2021,20260913-2020-2024\2021\20211008.parquet,2021-10-08,18602876,1082331,2021-10-08 09:30:00,2021-10-08 15:00:00
20260913-2020-2024,2021,20260913-2020-2024\2021\20211011.parquet,2021-10-11,18643632,1082572,2021-10-11 09:30:00,2021-10-11 15:00:00
20260913-2020-2024,2021,20260913-2020-2024\2021\20211012.parquet,2021-10-12,19165825,1082572,2021-10-12 09:30:00,2021-10-12 15:00:00
20260913-2020-2024,2021,20260913-2020-2024\2021\20211013.parquet,2021-10-13,18579232,1082813,2021-10-13 09:30:00,2021-10-13 15:00:00
20260913-2020-2024,2021,20260913-2020-2024\2021\20211014.parquet,2021-10-14,18386996,1083054,2021-10-14 09:30:00,2021-10-14 15:00:00
20260913-2020-2024,2021,20260913-2020-2024\2021\20211015.parquet,2021-10-15,18633735,1083536,2021-10-15 09:30:00,2021-10-15 15:00:00
20260913-2020-2024,2021,20260913-2020-2024\2021\20211018.parquet,2021-10-18,18446930,1084259,2021-10-18 09:30:00,2021-10-18 15:00:00
20260913-2020-2024,2021,20260913-2020-2024\2021\20211019.parquet,2021-10-19,18270624,1084982,2021-10-19 09:30:00,2021-10-19 15:00:00
20260913-2020-2024,2021,20260913-2020-2024\2021\20211020.parquet,2021-10-20,18489544,1085705,2021-10-20 09:30:00,2021-10-20 15:00:00
20260913-2020-2024,2021,20260913-2020-2024\2021\20211021.parquet,2021-10-21,18652782,1086428,2021-10-21 09:30:00,2021-10-21 15:00:00
20260913-2020-2024,2021,20260913-2020-2024\2021\20211022.parquet,2021-10-22,18624428,1086428,2021-10-22 09:30:00,2021-10-22 15:00:00
20260913-2020-2024,2021,20260913-2020-2024\2021\20211025.parquet,2021-10-25,18351043,1087151,2021-10-25 09:30:00,2021-10-25 15:00:00
20260913-2020-2024,2021,20260913-2020-2024\2021\20211026.parquet,2021-10-26,18557398,1087874,2021-10-26 09:30:00,2021-10-26 15:00:00
20260913-2020-2024,2021,20260913-2020-2024\2021\20211027.parquet,2021-10-27,18911216,1089079,2021-10-27 09:30:00,2021-10-27 15:00:00
20260913-2020-2024,2021,20260913-2020-2024\2021\20211028.parquet,2021-10-28,19030527,1089561,2021-10-28 09:30:00,2021-10-28 15:00:00
20260913-2020-2024,2021,20260913-2020-2024\2021\20211029.parquet,2021-10-29,18882723,1089802,2021-10-29 09:30:00,2021-10-29 15:00:00
20260913-2020-2024,2021,20260913-2020-2024\2021\20211101.parquet,2021-11-01,19149004,1090284,2021-11-01 09:30:00,2021-11-01 15:00:00
20260913-2020-2024,2021,20260913-2020-2024\2021\20211102.parquet,2021-11-02,19876295,1090766,2021-11-02 09:30:00,2021-11-02 15:00:00
20260913-2020-2024,2021,20260913-2020-2024\2021\20211103.parquet,2021-11-03,18702030,1091007,2021-11-03 09:30:00,2021-11-03 15:00:00
20260913-2020-2024,2021,20260913-2020-2024\2021\20211104.parquet,2021-11-04,18826594,1091007,2021-11-04 09:30:00,2021-11-04 15:00:00
20260913-2020-2024,2021,20260913-2020-2024\2021\20211105.parquet,2021-11-05,19148167,1091007,2021-11-05 09:30:00,2021-11-05 15:00:00
20260913-2020-2024,2021,20260913-2020-2024\2021\20211108.parquet,2021-11-08,18624642,1091007,2021-11-08 09:30:00,2021-11-08 15:00:00
20260913-2020-2024,2021,20260913-2020-2024\2021\20211109.parquet,2021-11-09,18611812,1091007,2021-11-09 09:30:00,2021-11-09 15:00:00
20260913-2020-2024,2021,20260913-2020-2024\2021\20211110.parquet,2021-11-10,19283111,1091730,2021-11-10 09:30:00,2021-11-10 15:00:00
20260913-2020-2024,2021,20260913-2020-2024\2021\20211111.parquet,2021-11-11,18980420,1092212,2021-11-11 09:30:00,2021-11-11 15:00:00
20260913-2020-2024,2021,20260913-2020-2024\2021\20211112.parquet,2021-11-12,18770761,1092935,2021-11-12 09:30:00,2021-11-12 15:00:00
20260913-2020-2024,2021,20260913-2020-2024\2021\20211115.parquet,2021-11-15,19069348,1093417,2021-11-15 09:30:00,2021-11-15 15:00:00
20260913-2020-2024,2021,20260913-2020-2024\2021\20211116.parquet,2021-11-16,19392988,1094140,2021-11-16 09:30:00,2021-11-16 15:00:00
20260913-2020-2024,2021,20260913-2020-2024\2021\20211117.parquet,2021-11-17,18795787,1094622,2021-11-17 09:30:00,2021-11-17 15:00:00
20260913-2020-2024,2021,20260913-2020-2024\2021\20211118.parquet,2021-11-18,19453176,1095345,2021-11-18 09:30:00,2021-11-18 15:00:00
20260913-2020-2024,2021,20260913-2020-2024\2021\20211119.parquet,2021-11-19,19418977,1095586,2021-11-19 09:30:00,2021-11-19 15:00:00
20260913-2020-2024,2021,20260913-2020-2024\2021\20211122.parquet,2021-11-22,18930343,1096309,2021-11-22 09:30:00,2021-11-22 15:00:00
20260913-2020-2024,2021,20260913-2020-2024\2021\20211123.parquet,2021-11-23,19404082,1096309,2021-11-23 09:30:00,2021-11-23 15:00:00
20260913-2020-2024,2021,20260913-2020-2024\2021\20211124.parquet,2021-11-24,19624200,1096550,2021-11-24 09:30:00,2021-11-24 15:00:00
20260913-2020-2024,2021,20260913-2020-2024\2021\20211125.parquet,2021-11-25,19439776,1096550,2021-11-25 09:30:00,2021-11-25 15:00:00
20260913-2020-2024,2021,20260913-2020-2024\2021\20211126.parquet,2021-11-26,19652208,1097273,2021-11-26 09:30:00,2021-11-26 15:00:00
20260913-2020-2024,2021,20260913-2020-2024\2021\20211129.parquet,2021-11-29,19665825,1097514,2021-11-29 09:30:00,2021-11-29 15:00:00
20260913-2020-2024,2021,20260913-2020-2024\2021\20211130.parquet,2021-11-30,19743615,1097755,2021-11-30 09:30:00,2021-11-30 15:00:00
20260913-2020-2024,2021,20260913-2020-2024\2021\20211201.parquet,2021-12-01,19545147,1098237,2021-12-01 09:30:00,2021-12-01 15:00:00
20260913-2020-2024,2021,20260913-2020-2024\2021\20211202.parquet,2021-12-02,19683635,1098478,2021-12-02 09:30:00,2021-12-02 15:00:00
20260913-2020-2024,2021,20260913-2020-2024\2021\20211203.parquet,2021-12-03,19444726,1098719,2021-12-03 09:30:00,2021-12-03 15:00:00
20260913-2020-2024,2021,20260913-2020-2024\2021\20211206.parquet,2021-12-06,19752567,1099442,2021-12-06 09:30:00,2021-12-06 15:00:00
20260913-2020-2024,2021,20260913-2020-2024\2021\20211207.parquet,2021-12-07,19879173,1100165,2021-12-07 09:30:00,2021-12-07 15:00:00
20260913-2020-2024,2021,20260913-2020-2024\2021\20211208.parquet,2021-12-08,19188318,1100406,2021-12-08 09:30:00,2021-12-08 15:00:00
20260913-2020-2024,2021,20260913-2020-2024\2021\20211209.parquet,2021-12-09,19357526,1100647,2021-12-09 09:30:00,2021-12-09 15:00:00
20260913-2020-2024,2021,20260913-2020-2024\2021\20211210.parquet,2021-12-10,19525012,1101370,2021-12-10 09:30:00,2021-12-10 15:00:00
20260913-2020-2024,2021,20260913-2020-2024\2021\20211213.parquet,2021-12-13,19281821,1101370,2021-12-13 09:30:00,2021-12-13 15:00:00
20260913-2020-2024,2021,20260913-2020-2024\2021\20211214.parquet,2021-12-14,19186340,1101611,2021-12-14 09:30:00,2021-12-14 15:00:00
20260913-2020-2024,2021,20260913-2020-2024\2021\20211215.parquet,2021-12-15,19197877,1102575,2021-12-15 09:30:00,2021-12-15 15:00:00
20260913-2020-2024,2021,20260913-2020-2024\2021\20211216.parquet,2021-12-16,19196383,1103057,2021-12-16 09:30:00,2021-12-16 15:00:00
20260913-2020-2024,2021,20260913-2020-2024\2021\20211217.parquet,2021-12-17,19417209,1103298,2021-12-17 09:30:00,2021-12-17 15:00:00
20260913-2020-2024,2021,20260913-2020-2024\2021\20211220.parquet,2021-12-20,19822803,1103780,2021-12-20 09:30:00,2021-12-20 15:00:00
20260913-2020-2024,2021,20260913-2020-2024\2021\20211221.parquet,2021-12-21,19303117,1103780,2021-12-21 09:30:00,2021-12-21 15:00:00
20260913-2020-2024,2021,20260913-2020-2024\2021\20211222.parquet,2021-12-22,19305727,1104744,2021-12-22 09:30:00,2021-12-22 15:00:00
20260913-2020-2024,2021,20260913-2020-2024\2021\20211223.parquet,2021-12-23,19486776,1105467,2021-12-23 09:30:00,2021-12-23 15:00:00
20260913-2020-2024,2021,20260913-2020-2024\2021\20211224.parquet,2021-12-24,19628486,1106431,2021-12-24 09:30:00,2021-12-24 15:00:00
20260913-2020-2024,2021,20260913-2020-2024\2021\20211227.parquet,2021-12-27,19392300,1106672,2021-12-27 09:30:00,2021-12-27 15:00:00
20260913-2020-2024,2021,20260913-2020-2024\2021\20211228.parquet,2021-12-28,19540674,1107636,2021-12-28 09:30:00,2021-12-28 15:00:00
20260913-2020-2024,2021,20260913-2020-2024\2021\20211229.parquet,2021-12-29,19256111,1107636,2021-12-29 09:30:00,2021-12-29 15:00:00
20260913-2020-2024,2021,20260913-2020-2024\2021\20211230.parquet,2021-12-30,19212149,1108359,2021-12-30 09:30:00,2021-12-30 15:00:00
20260913-2020-2024,2021,20260913-2020-2024\2021\20211231.parquet,2021-12-31,19253607,1108600,2021-12-31 09:30:00,2021-12-31 15:00:00
20260913-2020-2024,2022,20260913-2020-2024\2022\20220104.parquet,2022-01-04,19907911,1108600,2022-01-04 09:30:00,2022-01-04 15:00:00
20260913-2020-2024,2022,20260913-2020-2024\2022\20220105.parquet,2022-01-05,20011121,1108841,2022-01-05 09:30:00,2022-01-05 15:00:00
20260913-2020-2024,2022,20260913-2020-2024\2022\20220106.parquet,2022-01-06,19650786,1109082,2022-01-06 09:30:00,2022-01-06 15:00:00
20260913-2020-2024,2022,20260913-2020-2024\2022\20220107.parquet,2022-01-07,20026875,1109564,2022-01-07 09:30:00,2022-01-07 15:00:00
20260913-2020-2024,2022,20260913-2020-2024\2022\20220110.parquet,2022-01-10,19524194,1109564,2022-01-10 09:30:00,2022-01-10 15:00:00
20260913-2020-2024,2022,20260913-2020-2024\2022\20220111.parquet,2022-01-11,19629487,1110287,2022-01-11 09:30:00,2022-01-11 15:00:00
20260913-2020-2024,2022,20260913-2020-2024\2022\20220112.parquet,2022-01-12,19396940,1110769,2022-01-12 09:30:00,2022-01-12 15:00:00
20260913-2020-2024,2022,20260913-2020-2024\2022\20220113.parquet,2022-01-13,19638717,1111010,2022-01-13 09:30:00,2022-01-13 15:00:00
20260913-2020-2024,2022,20260913-2020-2024\2022\20220114.parquet,2022-01-14,19846577,1111251,2022-01-14 09:30:00,2022-01-14 15:00:00
20260913-2020-2024,2022,20260913-2020-2024\2022\20220117.parquet,2022-01-17,19503312,1111974,2022-01-17 09:30:00,2022-01-17 15:00:00
20260913-2020-2024,2022,20260913-2020-2024\2022\20220118.parquet,2022-01-18,19862125,1112456,2022-01-18 09:30:00,2022-01-18 15:00:00
20260913-2020-2024,2022,20260913-2020-2024\2022\20220119.parquet,2022-01-19,19766741,1112456,2022-01-19 09:30:00,2022-01-19 15:00:00
20260913-2020-2024,2022,20260913-2020-2024\2022\20220120.parquet,2022-01-20,19988540,1112697,2022-01-20 09:30:00,2022-01-20 15:00:00
20260913-2020-2024,2022,20260913-2020-2024\2022\20220121.parquet,2022-01-21,19722239,1112938,2022-01-21 09:30:00,2022-01-21 15:00:00
20260913-2020-2024,2022,20260913-2020-2024\2022\20220124.parquet,2022-01-24,19310623,1113179,2022-01-24 09:30:00,2022-01-24 15:00:00
20260913-2020-2024,2022,20260913-2020-2024\2022\20220125.parquet,2022-01-25,20119775,1113661,2022-01-25 09:30:00,2022-01-25 15:00:00
20260913-2020-2024,2022,20260913-2020-2024\2022\20220126.parquet,2022-01-26,19381576,1114143,2022-01-26 09:30:00,2022-01-26 15:00:00
20260913-2020-2024,2022,20260913-2020-2024\2022\20220127.parquet,2022-01-27,19695732,1114866,2022-01-27 09:30:00,2022-01-27 15:00:00
20260913-2020-2024,2022,20260913-2020-2024\2022\20220128.parquet,2022-01-28,19802693,1115589,2022-01-28 09:30:00,2022-01-28 15:00:00
20260913-2020-2024,2022,20260913-2020-2024\2022\20220207.parquet,2022-02-07,19148321,1115589,2022-02-07 09:30:00,2022-02-07 15:00:00
20260913-2020-2024,2022,20260913-2020-2024\2022\20220208.parquet,2022-02-08,19555119,1115589,2022-02-08 09:30:00,2022-02-08 15:00:00
20260913-2020-2024,2022,20260913-2020-2024\2022\20220209.parquet,2022-02-09,19293108,1115830,2022-02-09 09:30:00,2022-02-09 15:00:00
20260913-2020-2024,2022,20260913-2020-2024\2022\20220210.parquet,2022-02-10,19317234,1116312,2022-02-10 09:30:00,2022-02-10 15:00:00
20260913-2020-2024,2022,20260913-2020-2024\2022\20220211.parquet,2022-02-11,19645277,1116312,2022-02-11 09:30:00,2022-02-11 15:00:00
20260913-2020-2024,2022,20260913-2020-2024\2022\20220214.parquet,2022-02-14,19331590,1116312,2022-02-14 09:30:00,2022-02-14 15:00:00
20260913-2020-2024,2022,20260913-2020-2024\2022\20220215.parquet,2022-02-15,19229599,1116553,2022-02-15 09:30:00,2022-02-15 15:00:00
20260913-2020-2024,2022,20260913-2020-2024\2022\20220216.parquet,2022-02-16,18980592,1117276,2022-02-16 09:30:00,2022-02-16 15:00:00
20260913-2020-2024,2022,20260913-2020-2024\2022\20220217.parquet,2022-02-17,19339030,1117276,2022-02-17 09:30:00,2022-02-17 15:00:00
20260913-2020-2024,2022,20260913-2020-2024\2022\20220218.parquet,2022-02-18,19064301,1117758,2022-02-18 09:30:00,2022-02-18 15:00:00
20260913-2020-2024,2022,20260913-2020-2024\2022\20220221.parquet,2022-02-21,19052759,1117999,2022-02-21 09:30:00,2022-02-21 15:00:00
20260913-2020-2024,2022,20260913-2020-2024\2022\20220222.parquet,2022-02-22,19501850,1118481,2022-02-22 09:30:00,2022-02-22 15:00:00
20260913-2020-2024,2022,20260913-2020-2024\2022\20220223.parquet,2022-02-23,19181314,1118722,2022-02-23 09:30:00,2022-02-23 15:00:00
20260913-2020-2024,2022,20260913-2020-2024\2022\20220224.parquet,2022-02-24,20588676,1118722,2022-02-24 09:30:00,2022-02-24 15:00:00
20260913-2020-2024,2022,20260913-2020-2024\2022\20220225.parquet,2022-02-25,19588126,1118722,2022-02-25 09:30:00,2022-02-25 15:00:00
20260913-2020-2024,2022,20260913-2020-2024\2022\20220228.parquet,2022-02-28,19435847,1119204,2022-02-28 09:30:00,2022-02-28 15:00:00
20260913-2020-2024,2022,20260913-2020-2024\2022\20220301.parquet,2022-03-01,19226179,1119204,2022-03-01 09:30:00,2022-03-01 15:00:00
20260913-2020-2024,2022,20260913-2020-2024\2022\20220302.parquet,2022-03-02,19079235,1119204,2022-03-02 09:30:00,2022-03-02 15:00:00
20260913-2020-2024,2022,20260913-2020-2024\2022\20220303.parquet,2022-03-03,19359708,1119204,2022-03-03 09:30:00,2022-03-03 15:00:00
20260913-2020-2024,2022,20260913-2020-2024\2022\20220304.parquet,2022-03-04,19678923,1119204,2022-03-04 09:30:00,2022-03-04 15:00:00
20260913-2020-2024,2022,20260913-2020-2024\2022\20220307.parquet,2022-03-07,19801295,1119686,2022-03-07 09:30:00,2022-03-07 15:00:00
20260913-2020-2024,2022,20260913-2020-2024\2022\20220308.parquet,2022-03-08,20400237,1119927,2022-03-08 09:30:00,2022-03-08 15:00:00
20260913-2020-2024,2022,20260913-2020-2024\2022\20220309.parquet,2022-03-09,20770110,1120168,2022-03-09 09:30:00,2022-03-09 15:00:00
20260913-2020-2024,2022,20260913-2020-2024\2022\20220310.parquet,2022-03-10,19673372,1120409,2022-03-10 09:30:00,2022-03-10 15:00:00
20260913-2020-2024,2022,20260913-2020-2024\2022\20220311.parquet,2022-03-11,20202623,1120891,2022-03-11 09:30:00,2022-03-11 15:00:00
20260913-2020-2024,2022,20260913-2020-2024\2022\20220314.parquet,2022-03-14,19981050,1121373,2022-03-14 09:30:00,2022-03-14 15:00:00
20260913-2020-2024,2022,20260913-2020-2024\2022\20220315.parquet,2022-03-15,20633576,1122096,2022-03-15 09:30:00,2022-03-15 15:00:00
20260913-2020-2024,2022,20260913-2020-2024\2022\20220316.parquet,2022-03-16,20672418,1122337,2022-03-16 09:30:00,2022-03-16 15:00:00
20260913-2020-2024,2022,20260913-2020-2024\2022\20220317.parquet,2022-03-17,19942922,1122819,2022-03-17 09:30:00,2022-03-17 15:00:00
20260913-2020-2024,2022,20260913-2020-2024\2022\20220318.parquet,2022-03-18,19619218,1123542,2022-03-18 09:30:00,2022-03-18 15:00:00
20260913-2020-2024,2022,20260913-2020-2024\2022\20220321.parquet,2022-03-21,19700488,1123542,2022-03-21 09:30:00,2022-03-21 15:00:00
20260913-2020-2024,2022,20260913-2020-2024\2022\20220322.parquet,2022-03-22,19614479,1124747,2022-03-22 09:30:00,2022-03-22 15:00:00
20260913-2020-2024,2022,20260913-2020-2024\2022\20220323.parquet,2022-03-23,19501374,1125229,2022-03-23 09:30:00,2022-03-23 15:00:00
20260913-2020-2024,2022,20260913-2020-2024\2022\20220324.parquet,2022-03-24,19578759,1125470,2022-03-24 09:30:00,2022-03-24 15:00:00
20260913-2020-2024,2022,20260913-2020-2024\2022\20220325.parquet,2022-03-25,19664808,1125952,2022-03-25 09:30:00,2022-03-25 15:00:00
20260913-2020-2024,2022,20260913-2020-2024\2022\20220328.parquet,2022-03-28,19742621,1126193,2022-03-28 09:30:00,2022-03-28 15:00:00
20260913-2020-2024,2022,20260913-2020-2024\2022\20220329.parquet,2022-03-29,19712064,1126916,2022-03-29 09:30:00,2022-03-29 15:00:00
20260913-2020-2024,2022,20260913-2020-2024\2022\20220330.parquet,2022-03-30,19338029,1127157,2022-03-30 09:30:00,2022-03-30 15:00:00
20260913-2020-2024,2022,20260913-2020-2024\2022\20220331.parquet,2022-03-31,19641464,1127398,2022-03-31 09:30:00,2022-03-31 15:00:00
20260913-2020-2024,2022,20260913-2020-2024\2022\20220401.parquet,2022-04-01,19501035,1127639,2022-04-01 09:30:00,2022-04-01 15:00:00
20260913-2020-2024,2022,20260913-2020-2024\2022\20220406.parquet,2022-04-06,19367755,1127880,2022-04-06 09:30:00,2022-04-06 15:00:00
20260913-2020-2024,2022,20260913-2020-2024\2022\20220407.parquet,2022-04-07,19974200,1128362,2022-04-07 09:30:00,2022-04-07 15:00:00
20260913-2020-2024,2022,20260913-2020-2024\2022\20220408.parquet,2022-04-08,19822536,1128603,2022-04-08 09:30:00,2022-04-08 15:00:00
20260913-2020-2024,2022,20260913-2020-2024\2022\20220411.parquet,2022-04-11,19931431,1128844,2022-04-11 09:30:00,2022-04-11 15:00:00
20260913-2020-2024,2022,20260913-2020-2024\2022\20220412.parquet,2022-04-12,19982021,1129567,2022-04-12 09:30:00,2022-04-12 15:00:00
20260913-2020-2024,2022,20260913-2020-2024\2022\20220413.parquet,2022-04-13,19708008,1130049,2022-04-13 09:30:00,2022-04-13 15:00:00
20260913-2020-2024,2022,20260913-2020-2024\2022\20220414.parquet,2022-04-14,19505433,1130049,2022-04-14 09:30:00,2022-04-14 15:00:00
20260913-2020-2024,2022,20260913-2020-2024\2022\20220415.parquet,2022-04-15,19875919,1130290,2022-04-15 09:30:00,2022-04-15 15:00:00
20260913-2020-2024,2022,20260913-2020-2024\2022\20220418.parquet,2022-04-18,19554411,1130290,2022-04-18 09:30:00,2022-04-18 15:00:00
20260913-2020-2024,2022,20260913-2020-2024\2022\20220419.parquet,2022-04-19,19370519,1131495,2022-04-19 09:30:00,2022-04-19 15:00:00
20260913-2020-2024,2022,20260913-2020-2024\2022\20220420.parquet,2022-04-20,19715534,1132218,2022-04-20 09:30:00,2022-04-20 15:00:00
20260913-2020-2024,2022,20260913-2020-2024\2022\20220421.parquet,2022-04-21,20309149,1132941,2022-04-21 09:30:00,2022-04-21 15:00:00
20260913-2020-2024,2022,20260913-2020-2024\2022\20220422.parquet,2022-04-22,19951926,1133905,2022-04-22 09:30:00,2022-04-22 15:00:00
20260913-2020-2024,2022,20260913-2020-2024\2022\20220425.parquet,2022-04-25,20478018,1134146,2022-04-25 09:30:00,2022-04-25 15:00:00
20260913-2020-2024,2022,20260913-2020-2024\2022\20220426.parquet,2022-04-26,20299700,1134387,2022-04-26 09:30:00,2022-04-26 15:00:00
20260913-2020-2024,2022,20260913-2020-2024\2022\20220427.parquet,2022-04-27,20513948,1134387,2022-04-27 09:30:00,2022-04-27 15:00:00
20260913-2020-2024,2022,20260913-2020-2024\2022\20220428.parquet,2022-04-28,20087867,1134387,2022-04-28 09:30:00,2022-04-28 15:00:00
20260913-2020-2024,2022,20260913-2020-2024\2022\20220429.parquet,2022-04-29,19924116,1135351,2022-04-29 09:30:00,2022-04-29 15:00:00
20260913-2020-2024,2022,20260913-2020-2024\2022\20220505.parquet,2022-05-05,19417794,1135592,2022-05-05 09:30:00,2022-05-05 15:00:00
20260913-2020-2024,2022,20260913-2020-2024\2022\20220506.parquet,2022-05-06,19465156,1135833,2022-05-06 09:30:00,2022-05-06 15:00:00
20260913-2020-2024,2022,20260913-2020-2024\2022\20220509.parquet,2022-05-09,19142728,1135833,2022-05-09 09:30:00,2022-05-09 15:00:00
20260913-2020-2024,2022,20260913-2020-2024\2022\20220510.parquet,2022-05-10,19583444,1135833,2022-05-10 09:30:00,2022-05-10 15:00:00
20260913-2020-2024,2022,20260913-2020-2024\2022\20220511.parquet,2022-05-11,19763940,1135833,2022-05-11 09:30:00,2022-05-11 15:00:00
20260913-2020-2024,2022,20260913-2020-2024\2022\20220512.parquet,2022-05-12,19520965,1136315,2022-05-12 09:30:00,2022-05-12 15:00:00
20260913-2020-2024,2022,20260913-2020-2024\2022\20220513.parquet,2022-05-13,19218923,1136315,2022-05-13 09:30:00,2022-05-13 15:00:00
20260913-2020-2024,2022,20260913-2020-2024\2022\20220516.parquet,2022-05-16,19284964,1136315,2022-05-16 09:30:00,2022-05-16 15:00:00
20260913-2020-2024,2022,20260913-2020-2024\2022\20220517.parquet,2022-05-17,19317003,1136556,2022-05-17 09:30:00,2022-05-17 15:00:00
20260913-2020-2024,2022,20260913-2020-2024\2022\20220518.parquet,2022-05-18,19147583,1136797,2022-05-18 09:30:00,2022-05-18 15:00:00
20260913-2020-2024,2022,20260913-2020-2024\2022\20220519.parquet,2022-05-19,19390511,1136797,2022-05-19 09:30:00,2022-05-19 15:00:00
20260913-2020-2024,2022,20260913-2020-2024\2022\20220520.parquet,2022-05-20,19236711,1137520,2022-05-20 09:30:00,2022-05-20 15:00:00
20260913-2020-2024,2022,20260913-2020-2024\2022\20220523.parquet,2022-05-23,19138405,1137279,2022-05-23 09:30:00,2022-05-23 15:00:00
20260913-2020-2024,2022,20260913-2020-2024\2022\20220524.parquet,2022-05-24,20278634,1137038,2022-05-24 09:30:00,2022-05-24 15:00:00
20260913-2020-2024,2022,20260913-2020-2024\2022\20220525.parquet,2022-05-25,19444907,1137279,2022-05-25 09:30:00,2022-05-25 15:00:00
20260913-2020-2024,2022,20260913-2020-2024\2022\20220526.parquet,2022-05-26,19580125,1137761,2022-05-26 09:30:00,2022-05-26 15:00:00
20260913-2020-2024,2022,20260913-2020-2024\2022\20220527.parquet,2022-05-27,19445219,1138002,2022-05-27 09:30:00,2022-05-27 15:00:00
20260913-2020-2024,2022,20260913-2020-2024\2022\20220530.parquet,2022-05-30,19354654,1138002,2022-05-30 09:30:00,2022-05-30 15:00:00
20260913-2020-2024,2022,20260913-2020-2024\2022\20220531.parquet,2022-05-31,19599742,1138002,2022-05-31 09:30:00,2022-05-31 15:00:00
20260913-2020-2024,2022,20260913-2020-2024\2022\20220601.parquet,2022-06-01,19713655,1138002,2022-06-01 09:30:00,2022-06-01 15:00:00
20260913-2020-2024,2022,20260913-2020-2024\2022\20220602.parquet,2022-06-02,19714744,1138002,2022-06-02 09:30:00,2022-06-02 15:00:00
20260913-2020-2024,2022,20260913-2020-2024\2022\20220606.parquet,2022-06-06,19811784,1139207,2022-06-06 09:30:00,2022-06-06 15:00:00
20260913-2020-2024,2022,20260913-2020-2024\2022\20220607.parquet,2022-06-07,19911920,1139207,2022-06-07 09:30:00,2022-06-07 15:00:00
20260913-2020-2024,2022,20260913-2020-2024\2022\20220608.parquet,2022-06-08,20241899,1140171,2022-06-08 09:30:00,2022-06-08 15:00:00
20260913-2020-2024,2022,20260913-2020-2024\2022\20220609.parquet,2022-06-09,20033944,1140171,2022-06-09 09:30:00,2022-06-09 15:00:00
20260913-2020-2024,2022,20260913-2020-2024\2022\20220610.parquet,2022-06-10,19644713,1140171,2022-06-10 09:30:00,2022-06-10 15:00:00
20260913-2020-2024,2022,20260913-2020-2024\2022\20220613.parquet,2022-06-13,20094228,1140171,2022-06-13 09:30:00,2022-06-13 15:00:00
20260913-2020-2024,2022,20260913-2020-2024\2022\20220614.parquet,2022-06-14,20534350,1139930,2022-06-14 09:30:00,2022-06-14 15:00:00
20260913-2020-2024,2022,20260913-2020-2024\2022\20220615.parquet,2022-06-15,20186235,1139930,2022-06-15 09:30:00,2022-06-15 15:00:00
20260913-2020-2024,2022,20260913-2020-2024\2022\20220616.parquet,2022-06-16,19931491,1139930,2022-06-16 09:30:00,2022-06-16 15:00:00
20260913-2020-2024,2022,20260913-2020-2024\2022\20220617.parquet,2022-06-17,19978132,1139930,2022-06-17 09:30:00,2022-06-17 15:00:00
20260913-2020-2024,2022,20260913-2020-2024\2022\20220620.parquet,2022-06-20,19739482,1139930,2022-06-20 09:30:00,2022-06-20 15:00:00
20260913-2020-2024,2022,20260913-2020-2024\2022\20220621.parquet,2022-06-21,20052339,1139207,2022-06-21 09:30:00,2022-06-21 15:00:00
20260913-2020-2024,2022,20260913-2020-2024\2022\20220622.parquet,2022-06-22,19909348,1138725,2022-06-22 09:30:00,2022-06-22 15:00:00
20260913-2020-2024,2022,20260913-2020-2024\2022\20220623.parquet,2022-06-23,19944067,1138484,2022-06-23 09:30:00,2022-06-23 15:00:00
20260913-2020-2024,2022,20260913-2020-2024\2022\20220624.parquet,2022-06-24,19854731,1138966,2022-06-24 09:30:00,2022-06-24 15:00:00
20260913-2020-2024,2022,20260913-2020-2024\2022\20220627.parquet,2022-06-27,19886863,1138002,2022-06-27 09:30:00,2022-06-27 15:00:00
20260913-2020-2024,2022,20260913-2020-2024\2022\20220628.parquet,2022-06-28,19788594,1137279,2022-06-28 09:30:00,2022-06-28 15:00:00
20260913-2020-2024,2022,20260913-2020-2024\2022\20220629.parquet,2022-06-29,20345229,1137279,2022-06-29 09:30:00,2022-06-29 15:00:00
20260913-2020-2024,2022,20260913-2020-2024\2022\20220630.parquet,2022-06-30,19944772,1136797,2022-06-30 09:30:00,2022-06-30 15:00:00
20260913-2020-2024,2022,20260913-2020-2024\2022\20220701.parquet,2022-07-01,19844609,1137279,2022-07-01 09:30:00,2022-07-01 15:00:00
20260913-2020-2024,2022,20260913-2020-2024\2022\20220704.parquet,2022-07-04,19718215,1136556,2022-07-04 09:30:00,2022-07-04 15:00:00
20260913-2020-2024,2022,20260913-2020-2024\2022\20220705.parquet,2022-07-05,20267492,1137038,2022-07-05 09:30:00,2022-07-05 15:00:00
20260913-2020-2024,2022,20260913-2020-2024\2022\20220706.parquet,2022-07-06,20089660,1137520,2022-07-06 09:30:00,2022-07-06 15:00:00
20260913-2020-2024,2022,20260913-2020-2024\2022\20220707.parquet,2022-07-07,19641447,1137520,2022-07-07 09:30:00,2022-07-07 15:00:00
20260913-2020-2024,2022,20260913-2020-2024\2022\20220708.parquet,2022-07-08,19604491,1138243,2022-07-08 09:30:00,2022-07-08 15:00:00
20260913-2020-2024,2022,20260913-2020-2024\2022\20220711.parquet,2022-07-11,19871490,1138484,2022-07-11 09:30:00,2022-07-11 15:00:00
20260913-2020-2024,2022,20260913-2020-2024\2022\20220712.parquet,2022-07-12,19928158,1138725,2022-07-12 09:30:00,2022-07-12 15:00:00
20260913-2020-2024,2022,20260913-2020-2024\2022\20220713.parquet,2022-07-13,19598843,1138725,2022-07-13 09:30:00,2022-07-13 15:00:00
20260913-2020-2024,2022,20260913-2020-2024\2022\20220714.parquet,2022-07-14,19691917,1138725,2022-07-14 09:30:00,2022-07-14 15:00:00
20260913-2020-2024,2022,20260913-2020-2024\2022\20220715.parquet,2022-07-15,20436962,1168445,2022-07-15 09:30:00,2022-07-15 15:30:00
20260913-2020-2024,2022,20260913-2020-2024\2022\20220718.parquet,2022-07-18,20015899,1168174,2022-07-18 09:30:00,2022-07-18 15:30:00
20260913-2020-2024,2022,20260913-2020-2024\2022\20220719.parquet,2022-07-19,20054862,1168174,2022-07-19 09:30:00,2022-07-19 15:30:00
20260913-2020-2024,2022,20260913-2020-2024\2022\20220720.parquet,2022-07-20,19824575,1168174,2022-07-20 09:30:00,2022-07-20 15:30:00
20260913-2020-2024,2022,20260913-2020-2024\2022\20220721.parquet,2022-07-21,19973560,1168174,2022-07-21 09:30:00,2022-07-21 15:30:00
20260913-2020-2024,2022,20260913-2020-2024\2022\20220722.parquet,2022-07-22,20362040,1168656,2022-07-22 09:30:00,2022-07-22 15:30:00
20260913-2020-2024,2022,20260913-2020-2024\2022\20220725.parquet,2022-07-25,20148966,1168867,2022-07-25 09:30:00,2022-07-25 15:30:00
20260913-2020-2024,2022,20260913-2020-2024\2022\20220726.parquet,2022-07-26,19994012,1169108,2022-07-26 09:30:00,2022-07-26 15:30:00
20260913-2020-2024,2022,20260913-2020-2024\2022\20220727.parquet,2022-07-27,19867167,1169349,2022-07-27 09:30:00,2022-07-27 15:30:00
20260913-2020-2024,2022,20260913-2020-2024\2022\20220728.parquet,2022-07-28,20087828,1169590,2022-07-28 09:30:00,2022-07-28 15:30:00
20260913-2020-2024,2022,20260913-2020-2024\2022\20220729.parquet,2022-07-29,20255340,1170313,2022-07-29 09:30:00,2022-07-29 15:30:00
20260913-2020-2024,2022,20260913-2020-2024\2022\20220801.parquet,2022-08-01,20061468,1170554,2022-08-01 09:30:00,2022-08-01 15:30:00
20260913-2020-2024,2022,20260913-2020-2024\2022\20220802.parquet,2022-08-02,21377866,1171036,2022-08-02 09:30:00,2022-08-02 15:30:00
20260913-2020-2024,2022,20260913-2020-2024\2022\20220803.parquet,2022-08-03,20517069,1142581,2022-08-03 09:30:00,2022-08-03 15:00:00
20260913-2020-2024,2022,20260913-2020-2024\2022\20220804.parquet,2022-08-04,20502710,1171277,2022-08-04 09:30:00,2022-08-04 15:30:00
20260913-2020-2024,2022,20260913-2020-2024\2022\20220805.parquet,2022-08-05,20453980,1172482,2022-08-05 09:30:00,2022-08-05 15:30:00
20260913-2020-2024,2022,20260913-2020-2024\2022\20220808.parquet,2022-08-08,20166436,1173205,2022-08-08 09:30:00,2022-08-08 15:30:00
20260913-2020-2024,2022,20260913-2020-2024\2022\20220809.parquet,2022-08-09,20095785,1173446,2022-08-09 09:30:00,2022-08-09 15:30:00
20260913-2020-2024,2022,20260913-2020-2024\2022\20220810.parquet,2022-08-10,20227001,1173928,2022-08-10 09:30:00,2022-08-10 15:30:00
20260913-2020-2024,2022,20260913-2020-2024\2022\20220811.parquet,2022-08-11,20300467,1174410,2022-08-11 09:30:00,2022-08-11 15:30:00
20260913-2020-2024,2022,20260913-2020-2024\2022\20220812.parquet,2022-08-12,20324620,1174892,2022-08-12 09:30:00,2022-08-12 15:30:00
20260913-2020-2024,2022,20260913-2020-2024\2022\20220815.parquet,2022-08-15,20102183,1175133,2022-08-15 09:30:00,2022-08-15 15:30:00
20260913-2020-2024,2022,20260913-2020-2024\2022\20220816.parquet,2022-08-16,20081415,1175615,2022-08-16 09:30:00,2022-08-16 15:30:00
20260913-2020-2024,2022,20260913-2020-2024\2022\20220817.parquet,2022-08-17,20198812,1176097,2022-08-17 09:30:00,2022-08-17 15:30:00
20260913-2020-2024,2022,20260913-2020-2024\2022\20220818.parquet,2022-08-18,20253929,1174393,2022-08-18 09:30:00,2022-08-18 15:00:00
20260913-2020-2024,2022,20260913-2020-2024\2022\20220819.parquet,2022-08-19,20416675,1149811,2022-08-19 09:30:00,2022-08-19 15:00:00
20260913-2020-2024,2022,20260913-2020-2024\2022\20220822.parquet,2022-08-22,20161647,1150293,2022-08-22 09:30:00,2022-08-22 15:00:00
20260913-2020-2024,2022,20260913-2020-2024\2022\20220823.parquet,2022-08-23,20049421,1150534,2022-08-23 09:30:00,2022-08-23 15:00:00
20260913-2020-2024,2022,20260913-2020-2024\2022\20220824.parquet,2022-08-24,21162460,1170199,2022-08-24 09:30:00,2022-08-24 15:30:00
20260913-2020-2024,2022,20260913-2020-2024\2022\20220825.parquet,2022-08-25,20893972,1182422,2022-08-25 09:30:00,2022-08-25 15:30:00
20260913-2020-2024,2022,20260913-2020-2024\2022\20220826.parquet,2022-08-26,20645027,1182904,2022-08-26 09:30:00,2022-08-26 15:30:00
20260913-2020-2024,2022,20260913-2020-2024\2022\20220829.parquet,2022-08-29,20493473,1183386,2022-08-29 09:30:00,2022-08-29 15:30:00
20260913-2020-2024,2022,20260913-2020-2024\2022\20220830.parquet,2022-08-30,20664029,1183386,2022-08-30 09:30:00,2022-08-30 15:30:00
20260913-2020-2024,2022,20260913-2020-2024\2022\20220831.parquet,2022-08-31,21085325,1184591,2022-08-31 09:30:00,2022-08-31 15:30:00
20260913-2020-2024,2022,20260913-2020-2024\2022\20220901.parquet,2022-09-01,20518168,1184591,2022-09-01 09:30:00,2022-09-01 15:30:00
20260913-2020-2024,2022,20260913-2020-2024\2022\20220902.parquet,2022-09-02,20199012,1185314,2022-09-02 09:30:00,2022-09-02 15:30:00
20260913-2020-2024,2022,20260913-2020-2024\2022\20220905.parquet,2022-09-05,20297534,1185555,2022-09-05 09:30:00,2022-09-05 15:30:00
20260913-2020-2024,2022,20260913-2020-2024\2022\20220906.parquet,2022-09-06,20137831,1185555,2022-09-06 09:30:00,2022-09-06 15:30:00
20260913-2020-2024,2022,20260913-2020-2024\2022\20220907.parquet,2022-09-07,20057668,1185555,2022-09-07 09:30:00,2022-09-07 15:30:00
20260913-2020-2024,2022,20260913-2020-2024\2022\20220908.parquet,2022-09-08,20046807,1186278,2022-09-08 09:30:00,2022-09-08 15:30:00
20260913-2020-2024,2022,20260913-2020-2024\2022\20220909.parquet,2022-09-09,19956145,1187483,2022-09-09 09:30:00,2022-09-09 15:30:00
20260913-2020-2024,2022,20260913-2020-2024\2022\20220913.parquet,2022-09-13,19988003,1187965,2022-09-13 09:30:00,2022-09-13 15:30:00
20260913-2020-2024,2022,20260913-2020-2024\2022\20220914.parquet,2022-09-14,20181369,1188206,2022-09-14 09:30:00,2022-09-14 15:30:00
20260913-2020-2024,2022,20260913-2020-2024\2022\20220915.parquet,2022-09-15,21096839,1188447,2022-09-15 09:30:00,2022-09-15 15:30:00
20260913-2020-2024,2022,20260913-2020-2024\2022\20220916.parquet,2022-09-16,21089414,1188447,2022-09-16 09:30:00,2022-09-16 15:30:00
20260913-2020-2024,2022,20260913-2020-2024\2022\20220919.parquet,2022-09-19,20866593,1189652,2022-09-19 09:30:00,2022-09-19 15:30:00
20260913-2020-2024,2022,20260913-2020-2024\2022\20220920.parquet,2022-09-20,20057877,1189893,2022-09-20 09:30:00,2022-09-20 15:30:00
20260913-2020-2024,2022,20260913-2020-2024\2022\20220921.parquet,2022-09-21,20707399,1190857,2022-09-21 09:30:00,2022-09-21 15:30:00
20260913-2020-2024,2022,20260913-2020-2024\2022\20220922.parquet,2022-09-22,20304399,1191098,2022-09-22 09:30:00,2022-09-22 15:30:00
20260913-2020-2024,2022,20260913-2020-2024\2022\20220923.parquet,2022-09-23,21034648,1191339,2022-09-23 09:30:00,2022-09-23 15:30:00
20260913-2020-2024,2022,20260913-2020-2024\2022\20220926.parquet,2022-09-26,20788195,1192303,2022-09-26 09:30:00,2022-09-26 15:30:00
20260913-2020-2024,2022,20260913-2020-2024\2022\20220927.parquet,2022-09-27,20520781,1192785,2022-09-27 09:30:00,2022-09-27 15:30:00
20260913-2020-2024,2022,20260913-2020-2024\2022\20220928.parquet,2022-09-28,20811778,1193267,2022-09-28 09:30:00,2022-09-28 15:30:00
20260913-2020-2024,2022,20260913-2020-2024\2022\20220929.parquet,2022-09-29,20664713,1193990,2022-09-29 09:30:00,2022-09-29 15:30:00
20260913-2020-2024,2022,20260913-2020-2024\2022\20220930.parquet,2022-09-30,20283897,1194713,2022-09-30 09:30:00,2022-09-30 15:30:00
20260913-2020-2024,2022,20260913-2020-2024\2022\20221010.parquet,2022-10-10,20537327,1194954,2022-10-10 09:30:00,2022-10-10 15:30:00
20260913-2020-2024,2022,20260913-2020-2024\2022\20221011.parquet,2022-10-11,20233145,1195436,2022-10-11 09:30:00,2022-10-11 15:30:00
20260913-2020-2024,2022,20260913-2020-2024\2022\20221012.parquet,2022-10-12,20803486,1192468,2022-10-12 09:30:00,2022-10-12 15:00:00
20260913-2020-2024,2022,20260913-2020-2024\2022\20221013.parquet,2022-10-13,20161602,1165235,2022-10-13 09:30:00,2022-10-13 15:00:00
20260913-2020-2024,2022,20260913-2020-2024\2022\20221014.parquet,2022-10-14,19903012,1165235,2022-10-14 09:30:00,2022-10-14 15:00:00
20260913-2020-2024,2022,20260913-2020-2024\2022\20221017.parquet,2022-10-17,19965069,1165235,2022-10-17 09:30:00,2022-10-17 15:00:00
20260913-2020-2024,2022,20260913-2020-2024\2022\20221018.parquet,2022-10-18,20288990,1187776,2022-10-18 09:30:00,2022-10-18 15:30:00
20260913-2020-2024,2022,20260913-2020-2024\2022\20221019.parquet,2022-10-19,20464849,1201640,2022-10-19 09:30:00,2022-10-19 15:30:00
20260913-2020-2024,2022,20260913-2020-2024\2022\20221020.parquet,2022-10-20,20793863,1201640,2022-10-20 09:30:00,2022-10-20 15:30:00
20260913-2020-2024,2022,20260913-2020-2024\2022\20221021.parquet,2022-10-21,20526368,1201640,2022-10-21 09:30:00,2022-10-21 15:30:00
20260913-2020-2024,2022,20260913-2020-2024\2022\20221024.parquet,2022-10-24,21134744,1201640,2022-10-24 09:30:00,2022-10-24 15:30:00
20260913-2020-2024,2022,20260913-2020-2024\2022\20221025.parquet,2022-10-25,21084579,1202363,2022-10-25 09:30:00,2022-10-25 15:30:00
20260913-2020-2024,2022,20260913-2020-2024\2022\20221026.parquet,2022-10-26,20864380,1203327,2022-10-26 09:30:00,2022-10-26 15:30:00
20260913-2020-2024,2022,20260913-2020-2024\2022\20221027.parquet,2022-10-27,20852522,1203327,2022-10-27 09:30:00,2022-10-27 15:30:00
20260913-2020-2024,2022,20260913-2020-2024\2022\20221028.parquet,2022-10-28,21326761,1203568,2022-10-28 09:30:00,2022-10-28 15:30:00
20260913-2020-2024,2022,20260913-2020-2024\2022\20221031.parquet,2022-10-31,21025178,1204291,2022-10-31 09:30:00,2022-10-31 15:30:00
20260913-2020-2024,2022,20260913-2020-2024\2022\20221101.parquet,2022-11-01,21053192,1205014,2022-11-01 09:30:00,2022-11-01 15:30:00
20260913-2020-2024,2022,20260913-2020-2024\2022\20221102.parquet,2022-11-02,20929162,1205014,2022-11-02 09:30:00,2022-11-02 15:30:00
20260913-2020-2024,2022,20260913-2020-2024\2022\20221103.parquet,2022-11-03,20767000,1205014,2022-11-03 09:30:00,2022-11-03 15:30:00
20260913-2020-2024,2022,20260913-2020-2024\2022\20221104.parquet,2022-11-04,20901294,1205014,2022-11-04 09:30:00,2022-11-04 15:30:00
20260913-2020-2024,2022,20260913-2020-2024\2022\20221107.parquet,2022-11-07,20894031,1205496,2022-11-07 09:30:00,2022-11-07 15:30:00
20260913-2020-2024,2022,20260913-2020-2024\2022\20221108.parquet,2022-11-08,20597792,1205737,2022-11-08 09:30:00,2022-11-08 15:30:00
20260913-2020-2024,2022,20260913-2020-2024\2022\20221109.parquet,2022-11-09,20445756,1206219,2022-11-09 09:30:00,2022-11-09 15:30:00
20260913-2020-2024,2022,20260913-2020-2024\2022\20221110.parquet,2022-11-10,20906091,1206460,2022-11-10 09:30:00,2022-11-10 15:30:00
20260913-2020-2024,2022,20260913-2020-2024\2022\20221111.parquet,2022-11-11,21294691,1206701,2022-11-11 09:30:00,2022-11-11 15:30:00
20260913-2020-2024,2022,20260913-2020-2024\2022\20221114.parquet,2022-11-14,21135154,1206942,2022-11-14 09:30:00,2022-11-14 15:30:00
20260913-2020-2024,2022,20260913-2020-2024\2022\20221115.parquet,2022-11-15,20879557,1206942,2022-11-15 09:30:00,2022-11-15 15:30:00
20260913-2020-2024,2022,20260913-2020-2024\2022\20221116.parquet,2022-11-16,20745580,1207906,2022-11-16 09:30:00,2022-11-16 15:30:00
20260913-2020-2024,2022,20260913-2020-2024\2022\20221117.parquet,2022-11-17,20823778,1207906,2022-11-17 09:30:00,2022-11-17 15:30:00
20260913-2020-2024,2022,20260913-2020-2024\2022\20221118.parquet,2022-11-18,21021359,1208629,2022-11-18 09:30:00,2022-11-18 15:30:00
20260913-2020-2024,2022,20260913-2020-2024\2022\20221121.parquet,2022-11-21,20934671,1208870,2022-11-21 09:30:00,2022-11-21 15:30:00
20260913-2020-2024,2022,20260913-2020-2024\2022\20221122.parquet,2022-11-22,21213863,1209352,2022-11-22 09:30:00,2022-11-22 15:30:00
20260913-2020-2024,2022,20260913-2020-2024\2022\20221123.parquet,2022-11-23,21090015,1209352,2022-11-23 09:30:00,2022-11-23 15:30:00
20260913-2020-2024,2022,20260913-2020-2024\2022\20221124.parquet,2022-11-24,20594956,1209352,2022-11-24 09:30:00,2022-11-24 15:30:00
20260913-2020-2024,2022,20260913-2020-2024\2022\20221125.parquet,2022-11-25,20477538,1209593,2022-11-25 09:30:00,2022-11-25 15:30:00
20260913-2020-2024,2022,20260913-2020-2024\2022\20221128.parquet,2022-11-28,20814322,1205723,2022-11-28 09:30:00,2022-11-28 15:00:00
20260913-2020-2024,2022,20260913-2020-2024\2022\20221129.parquet,2022-11-29,20308448,1174634,2022-11-29 09:30:00,2022-11-29 15:00:00
20260913-2020-2024,2022,20260913-2020-2024\2022\20221130.parquet,2022-11-30,20436991,1175116,2022-11-30 09:30:00,2022-11-30 15:00:00
20260913-2020-2024,2022,20260913-2020-2024\2022\20221201.parquet,2022-12-01,20456336,1175357,2022-12-01 09:30:00,2022-12-01 15:00:00
20260913-2020-2024,2022,20260913-2020-2024\2022\20221202.parquet,2022-12-02,20432052,1203471,2022-12-02 09:30:00,2022-12-02 15:30:00
20260913-2020-2024,2022,20260913-2020-2024\2022\20221205.parquet,2022-12-05,20977147,1220012,2022-12-05 09:30:00,2022-12-05 15:30:00
20260913-2020-2024,2022,20260913-2020-2024\2022\20221206.parquet,2022-12-06,20986375,1220012,2022-12-06 09:30:00,2022-12-06 15:30:00
20260913-2020-2024,2022,20260913-2020-2024\2022\20221207.parquet,2022-12-07,20970483,1220012,2022-12-07 09:30:00,2022-12-07 15:30:00
20260913-2020-2024,2022,20260913-2020-2024\2022\20221208.parquet,2022-12-08,20764963,1220735,2022-12-08 09:30:00,2022-12-08 15:30:00
20260913-2020-2024,2022,20260913-2020-2024\2022\20221209.parquet,2022-12-09,20889853,1221217,2022-12-09 09:30:00,2022-12-09 15:30:00
20260913-2020-2024,2022,20260913-2020-2024\2022\20221212.parquet,2022-12-12,20949668,1221699,2022-12-12 09:30:00,2022-12-12 15:30:00
20260913-2020-2024,2022,20260913-2020-2024\2022\20221213.parquet,2022-12-13,20668801,1221699,2022-12-13 09:30:00,2022-12-13 15:30:00
20260913-2020-2024,2022,20260913-2020-2024\2022\20221214.parquet,2022-12-14,20575329,1221699,2022-12-14 09:30:00,2022-12-14 15:30:00
20260913-2020-2024,2022,20260913-2020-2024\2022\20221215.parquet,2022-12-15,20496149,1222181,2022-12-15 09:30:00,2022-12-15 15:30:00
20260913-2020-2024,2022,20260913-2020-2024\2022\20221216.parquet,2022-12-16,20658539,1222663,2022-12-16 09:30:00,2022-12-16 15:30:00
20260913-2020-2024,2022,20260913-2020-2024\2022\20221219.parquet,2022-12-19,21100609,1222663,2022-12-19 09:30:00,2022-12-19 15:30:00
20260913-2020-2024,2022,20260913-2020-2024\2022\20221220.parquet,2022-12-20,20571289,1222663,2022-12-20 09:30:00,2022-12-20 15:30:00
20260913-2020-2024,2022,20260913-2020-2024\2022\20221221.parquet,2022-12-21,20376077,1222904,2022-12-21 09:30:00,2022-12-21 15:30:00
20260913-2020-2024,2022,20260913-2020-2024\2022\20221222.parquet,2022-12-22,20799112,1223145,2022-12-22 09:30:00,2022-12-22 15:30:00
20260913-2020-2024,2022,20260913-2020-2024\2022\20221223.parquet,2022-12-23,20594535,1223627,2022-12-23 09:30:00,2022-12-23 15:30:00
20260913-2020-2024,2022,20260913-2020-2024\2022\20221226.parquet,2022-12-26,20191657,1224109,2022-12-26 09:30:00,2022-12-26 15:30:00
20260913-2020-2024,2022,20260913-2020-2024\2022\20221227.parquet,2022-12-27,20355504,1224591,2022-12-27 09:30:00,2022-12-27 15:30:00
20260913-2020-2024,2022,20260913-2020-2024\2022\20221228.parquet,2022-12-28,20236195,1225314,2022-12-28 09:30:00,2022-12-28 15:30:00
20260913-2020-2024,2022,20260913-2020-2024\2022\20221229.parquet,2022-12-29,20253745,1225314,2022-12-29 09:30:00,2022-12-29 15:30:00
20260913-2020-2024,2022,20260913-2020-2024\2022\20221230.parquet,2022-12-30,20093426,1226037,2022-12-30 09:30:00,2022-12-30 15:30:00
20260913-2020-2024,2023,20260913-2020-2024\2023\20230103.parquet,2023-01-03,20777549,1226037,2023-01-03 09:30:00,2023-01-03 15:30:00
20260913-2020-2024,2023,20260913-2020-2024\2023\20230104.parquet,2023-01-04,20651523,1226037,2023-01-04 09:30:00,2023-01-04 15:30:00
20260913-2020-2024,2023,20260913-2020-2024\2023\20230105.parquet,2023-01-05,20412715,1226037,2023-01-05 09:30:00,2023-01-05 15:30:00
20260913-2020-2024,2023,20260913-2020-2024\2023\20230106.parquet,2023-01-06,20549860,1226278,2023-01-06 09:30:00,2023-01-06 15:30:00
20260913-2020-2024,2023,20260913-2020-2024\2023\20230109.parquet,2023-01-09,20384715,1226278,2023-01-09 09:30:00,2023-01-09 15:30:00
20260913-2020-2024,2023,20260913-2020-2024\2023\20230110.parquet,2023-01-10,20260262,1226278,2023-01-10 09:30:00,2023-01-10 15:30:00
20260913-2020-2024,2023,20260913-2020-2024\2023\20230111.parquet,2023-01-11,20476700,1226278,2023-01-11 09:30:00,2023-01-11 15:30:00
20260913-2020-2024,2023,20260913-2020-2024\2023\20230112.parquet,2023-01-12,20222891,1226278,2023-01-12 09:30:00,2023-01-12 15:30:00
20260913-2020-2024,2023,20260913-2020-2024\2023\20230113.parquet,2023-01-13,20108478,1221388,2023-01-13 09:30:00,2023-01-13 15:00:00
20260913-2020-2024,2023,20260913-2020-2024\2023\20230116.parquet,2023-01-16,20506001,1230072,2023-01-16 09:30:00,2023-01-16 15:30:00
20260913-2020-2024,2023,20260913-2020-2024\2023\20230117.parquet,2023-01-17,20262197,1230072,2023-01-17 09:30:00,2023-01-17 15:30:00
20260913-2020-2024,2023,20260913-2020-2024\2023\20230118.parquet,2023-01-18,20040402,1230313,2023-01-18 09:30:00,2023-01-18 15:30:00
20260913-2020-2024,2023,20260913-2020-2024\2023\20230119.parquet,2023-01-19,20111557,1230795,2023-01-19 09:30:00,2023-01-19 15:30:00
20260913-2020-2024,2023,20260913-2020-2024\2023\20230120.parquet,2023-01-20,20237724,1230795,2023-01-20 09:30:00,2023-01-20 15:30:00
20260913-2020-2024,2023,20260913-2020-2024\2023\20230130.parquet,2023-01-30,20797974,1231036,2023-01-30 09:30:00,2023-01-30 15:30:00
20260913-2020-2024,2023,20260913-2020-2024\2023\20230131.parquet,2023-01-31,20998496,1231277,2023-01-31 09:30:00,2023-01-31 15:30:00
20260913-2020-2024,2023,20260913-2020-2024\2023\20230201.parquet,2023-02-01,21063503,1231518,2023-02-01 09:30:00,2023-02-01 15:30:00
20260913-2020-2024,2023,20260913-2020-2024\2023\20230202.parquet,2023-02-02,21146334,1231518,2023-02-02 09:30:00,2023-02-02 15:30:00
20260913-2020-2024,2023,20260913-2020-2024\2023\20230203.parquet,2023-02-03,21140775,1231518,2023-02-03 09:30:00,2023-02-03 15:30:00
20260913-2020-2024,2023,20260913-2020-2024\2023\20230206.parquet,2023-02-06,20723974,1231518,2023-02-06 09:30:00,2023-02-06 15:30:00
20260913-2020-2024,2023,20260913-2020-2024\2023\20230207.parquet,2023-02-07,20794307,1231518,2023-02-07 09:30:00,2023-02-07 15:30:00
20260913-2020-2024,2023,20260913-2020-2024\2023\20230208.parquet,2023-02-08,20621144,1232000,2023-02-08 09:30:00,2023-02-08 15:30:00
20260913-2020-2024,2023,20260913-2020-2024\2023\20230209.parquet,2023-02-09,20763189,1232482,2023-02-09 09:30:00,2023-02-09 15:30:00
20260913-2020-2024,2023,20260913-2020-2024\2023\20230210.parquet,2023-02-10,21008554,1232723,2023-02-10 09:30:00,2023-02-10 15:30:00
20260913-2020-2024,2023,20260913-2020-2024\2023\20230213.parquet,2023-02-13,20978784,1232723,2023-02-13 09:30:00,2023-02-13 15:30:00
20260913-2020-2024,2023,20260913-2020-2024\2023\20230214.parquet,2023-02-14,20748887,1232964,2023-02-14 09:30:00,2023-02-14 15:30:00
20260913-2020-2024,2023,20260913-2020-2024\2023\20230215.parquet,2023-02-15,20851828,1232723,2023-02-15 09:30:00,2023-02-15 15:30:00
20260913-2020-2024,2023,20260913-2020-2024\2023\20230216.parquet,2023-02-16,21743329,1233446,2023-02-16 09:30:00,2023-02-16 15:30:00
20260913-2020-2024,2023,20260913-2020-2024\2023\20230217.parquet,2023-02-17,20917402,1185720,2023-02-17 09:30:00,2023-02-17 15:00:00
20260913-2020-2024,2023,20260913-2020-2024\2023\20230220.parquet,2023-02-20,20628586,1185961,2023-02-20 09:30:00,2023-02-20 15:00:00
20260913-2020-2024,2023,20260913-2020-2024\2023\20230221.parquet,2023-02-21,20621773,1186202,2023-02-21 09:30:00,2023-02-21 15:00:00
20260913-2020-2024,2023,20260913-2020-2024\2023\20230222.parquet,2023-02-22,20169095,1186443,2023-02-22 09:30:00,2023-02-22 15:00:00
20260913-2020-2024,2023,20260913-2020-2024\2023\20230223.parquet,2023-02-23,20243651,1186443,2023-02-23 09:30:00,2023-02-23 15:00:00
20260913-2020-2024,2023,20260913-2020-2024\2023\20230224.parquet,2023-02-24,20194668,1186443,2023-02-24 09:30:00,2023-02-24 15:00:00
20260913-2020-2024,2023,20260913-2020-2024\2023\20230227.parquet,2023-02-27,20484413,1186684,2023-02-27 09:30:00,2023-02-27 15:00:00
20260913-2020-2024,2023,20260913-2020-2024\2023\20230228.parquet,2023-02-28,20213648,1186684,2023-02-28 09:30:00,2023-02-28 15:00:00
20260913-2020-2024,2023,20260913-2020-2024\2023\20230301.parquet,2023-03-01,20198492,1187166,2023-03-01 09:30:00,2023-03-01 15:00:00
20260913-2020-2024,2023,20260913-2020-2024\2023\20230302.parquet,2023-03-02,20344803,1187166,2023-03-02 09:30:00,2023-03-02 15:00:00
20260913-2020-2024,2023,20260913-2020-2024\2023\20230303.parquet,2023-03-03,20402921,1187648,2023-03-03 09:30:00,2023-03-03 15:00:00
20260913-2020-2024,2023,20260913-2020-2024\2023\20230306.parquet,2023-03-06,20388559,1187889,2023-03-06 09:30:00,2023-03-06 15:00:00
20260913-2020-2024,2023,20260913-2020-2024\2023\20230307.parquet,2023-03-07,20831285,1188130,2023-03-07 09:30:00,2023-03-07 15:00:00
20260913-2020-2024,2023,20260913-2020-2024\2023\20230308.parquet,2023-03-08,20186790,1188371,2023-03-08 09:30:00,2023-03-08 15:00:00
20260913-2020-2024,2023,20260913-2020-2024\2023\20230309.parquet,2023-03-09,20333975,1188853,2023-03-09 09:30:00,2023-03-09 15:00:00
20260913-2020-2024,2023,20260913-2020-2024\2023\20230310.parquet,2023-03-10,20571503,1189094,2023-03-10 09:30:00,2023-03-10 15:00:00
20260913-2020-2024,2023,20260913-2020-2024\2023\20230313.parquet,2023-03-13,20597023,1189576,2023-03-13 09:30:00,2023-03-13 15:00:00
20260913-2020-2024,2023,20260913-2020-2024\2023\20230314.parquet,2023-03-14,21094555,1189576,2023-03-14 09:30:00,2023-03-14 15:00:00
20260913-2020-2024,2023,20260913-2020-2024\2023\20230315.parquet,2023-03-15,20509819,1189817,2023-03-15 09:30:00,2023-03-15 15:00:00
20260913-2020-2024,2023,20260913-2020-2024\2023\20230316.parquet,2023-03-16,20703255,1190058,2023-03-16 09:30:00,2023-03-16 15:00:00
20260913-2020-2024,2023,20260913-2020-2024\2023\20230317.parquet,2023-03-17,20558694,1190058,2023-03-17 09:30:00,2023-03-17 15:00:00
20260913-2020-2024,2023,20260913-2020-2024\2023\20230320.parquet,2023-03-20,20917259,1190540,2023-03-20 09:30:00,2023-03-20 15:00:00
20260913-2020-2024,2023,20260913-2020-2024\2023\20230321.parquet,2023-03-21,20576557,1191022,2023-03-21 09:30:00,2023-03-21 15:00:00
20260913-2020-2024,2023,20260913-2020-2024\2023\20230322.parquet,2023-03-22,20366052,1191022,2023-03-22 09:30:00,2023-03-22 15:00:00
20260913-2020-2024,2023,20260913-2020-2024\2023\20230323.parquet,2023-03-23,20512217,1191022,2023-03-23 09:30:00,2023-03-23 15:00:00
20260913-2020-2024,2023,20260913-2020-2024\2023\20230324.parquet,2023-03-24,20600302,1191022,2023-03-24 09:30:00,2023-03-24 15:00:00
20260913-2020-2024,2023,20260913-2020-2024\2023\20230327.parquet,2023-03-27,20817365,1190781,2023-03-27 09:30:00,2023-03-27 15:00:00
20260913-2020-2024,2023,20260913-2020-2024\2023\20230328.parquet,2023-03-28,20794375,1191022,2023-03-28 09:30:00,2023-03-28 15:00:00
20260913-2020-2024,2023,20260913-2020-2024\2023\20230329.parquet,2023-03-29,20727696,1191745,2023-03-29 09:30:00,2023-03-29 15:00:00
20260913-2020-2024,2023,20260913-2020-2024\2023\20230330.parquet,2023-03-30,20731097,1191745,2023-03-30 09:30:00,2023-03-30 15:00:00
20260913-2020-2024,2023,20260913-2020-2024\2023\20230331.parquet,2023-03-31,20540292,1191986,2023-03-31 09:30:00,2023-03-31 15:00:00
20260913-2020-2024,2023,20260913-2020-2024\2023\20230403.parquet,2023-04-03,20841217,1191986,2023-04-03 09:30:00,2023-04-03 15:00:00
20260913-2020-2024,2023,20260913-2020-2024\2023\20230404.parquet,2023-04-04,21106357,1192950,2023-04-04 09:30:00,2023-04-04 15:00:00
20260913-2020-2024,2023,20260913-2020-2024\2023\20230406.parquet,2023-04-06,20915055,1192950,2023-04-06 09:30:00,2023-04-06 15:00:00
20260913-2020-2024,2023,20260913-2020-2024\2023\20230407.parquet,2023-04-07,20525988,1193191,2023-04-07 09:30:00,2023-04-07 15:00:00
20260913-2020-2024,2023,20260913-2020-2024\2023\20230410.parquet,2023-04-10,21158902,1195601,2023-04-10 09:30:00,2023-04-10 15:00:00
20260913-2020-2024,2023,20260913-2020-2024\2023\20230411.parquet,2023-04-11,20891663,1195601,2023-04-11 09:30:00,2023-04-11 15:00:00
20260913-2020-2024,2023,20260913-2020-2024\2023\20230412.parquet,2023-04-12,20705086,1195601,2023-04-12 09:30:00,2023-04-12 15:00:00
20260913-2020-2024,2023,20260913-2020-2024\2023\20230413.parquet,2023-04-13,20939262,1195601,2023-04-13 09:30:00,2023-04-13 15:00:00
20260913-2020-2024,2023,20260913-2020-2024\2023\20230414.parquet,2023-04-14,20923018,1195601,2023-04-14 09:30:00,2023-04-14 15:00:00
20260913-2020-2024,2023,20260913-2020-2024\2023\20230417.parquet,2023-04-17,20809190,1196083,2023-04-17 09:30:00,2023-04-17 15:00:00
20260913-2020-2024,2023,20260913-2020-2024\2023\20230418.parquet,2023-04-18,20690521,1196806,2023-04-18 09:30:00,2023-04-18 15:00:00
20260913-2020-2024,2023,20260913-2020-2024\2023\20230419.parquet,2023-04-19,20858752,1197047,2023-04-19 09:30:00,2023-04-19 15:00:00
20260913-2020-2024,2023,20260913-2020-2024\2023\20230420.parquet,2023-04-20,20959638,1197288,2023-04-20 09:30:00,2023-04-20 15:00:00
20260913-2020-2024,2023,20260913-2020-2024\2023\20230421.parquet,2023-04-21,21572176,1197529,2023-04-21 09:30:00,2023-04-21 15:00:00
20260913-2020-2024,2023,20260913-2020-2024\2023\20230424.parquet,2023-04-24,21215946,1198011,2023-04-24 09:30:00,2023-04-24 15:00:00
20260913-2020-2024,2023,20260913-2020-2024\2023\20230425.parquet,2023-04-25,21735157,1198252,2023-04-25 09:30:00,2023-04-25 15:00:00
20260913-2020-2024,2023,20260913-2020-2024\2023\20230426.parquet,2023-04-26,21077869,1198252,2023-04-26 09:30:00,2023-04-26 15:00:00
20260913-2020-2024,2023,20260913-2020-2024\2023\20230427.parquet,2023-04-27,20984341,1198252,2023-04-27 09:30:00,2023-04-27 15:00:00
20260913-2020-2024,2023,20260913-2020-2024\2023\20230428.parquet,2023-04-28,20660837,1198252,2023-04-28 09:30:00,2023-04-28 15:00:00
20260913-2020-2024,2023,20260913-2020-2024\2023\20230504.parquet,2023-05-04,20795427,1198252,2023-05-04 09:30:00,2023-05-04 15:00:00
20260913-2020-2024,2023,20260913-2020-2024\2023\20230505.parquet,2023-05-05,20592439,1198734,2023-05-05 09:30:00,2023-05-05 15:00:00
20260913-2020-2024,2023,20260913-2020-2024\2023\20230508.parquet,2023-05-08,20309171,1198975,2023-05-08 09:30:00,2023-05-08 15:00:00
20260913-2020-2024,2023,20260913-2020-2024\2023\20230509.parquet,2023-05-09,20969845,1198975,2023-05-09 09:30:00,2023-05-09 15:00:00
20260913-2020-2024,2023,20260913-2020-2024\2023\20230510.parquet,2023-05-10,20401809,1199457,2023-05-10 09:30:00,2023-05-10 15:00:00
20260913-2020-2024,2023,20260913-2020-2024\2023\20230511.parquet,2023-05-11,19963128,1199698,2023-05-11 09:30:00,2023-05-11 15:00:00
20260913-2020-2024,2023,20260913-2020-2024\2023\20230512.parquet,2023-05-12,19999250,1199939,2023-05-12 09:30:00,2023-05-12 15:00:00
20260913-2020-2024,2023,20260913-2020-2024\2023\20230515.parquet,2023-05-15,21236126,1254139,2023-05-15 09:30:00,2023-05-15 15:30:00
20260913-2020-2024,2023,20260913-2020-2024\2023\20230516.parquet,2023-05-16,20565588,1254621,2023-05-16 09:30:00,2023-05-16 15:30:00
20260913-2020-2024,2023,20260913-2020-2024\2023\20230517.parquet,2023-05-17,20456070,1254862,2023-05-17 09:30:00,2023-05-17 15:30:00
20260913-2020-2024,2023,20260913-2020-2024\2023\20230518.parquet,2023-05-18,20456435,1255344,2023-05-18 09:30:00,2023-05-18 15:30:00
20260913-2020-2024,2023,20260913-2020-2024\2023\20230519.parquet,2023-05-19,20513456,1256067,2023-05-19 09:30:00,2023-05-19 15:30:00
20260913-2020-2024,2023,20260913-2020-2024\2023\20230522.parquet,2023-05-22,20554156,1256549,2023-05-22 09:30:00,2023-05-22 15:30:00
20260913-2020-2024,2023,20260913-2020-2024\2023\20230523.parquet,2023-05-23,20486827,1257031,2023-05-23 09:30:00,2023-05-23 15:30:00
20260913-2020-2024,2023,20260913-2020-2024\2023\20230524.parquet,2023-05-24,20734637,1257272,2023-05-24 09:30:00,2023-05-24 15:30:00
20260913-2020-2024,2023,20260913-2020-2024\2023\20230525.parquet,2023-05-25,21138075,1257513,2023-05-25 09:30:00,2023-05-25 15:30:00
20260913-2020-2024,2023,20260913-2020-2024\2023\20230526.parquet,2023-05-26,20728698,1257754,2023-05-26 09:30:00,2023-05-26 15:30:00
20260913-2020-2024,2023,20260913-2020-2024\2023\20230529.parquet,2023-05-29,20805902,1257754,2023-05-29 09:30:00,2023-05-29 15:30:00
20260913-2020-2024,2023,20260913-2020-2024\2023\20230530.parquet,2023-05-30,21013365,1257754,2023-05-30 09:30:00,2023-05-30 15:30:00
20260913-2020-2024,2023,20260913-2020-2024\2023\20230531.parquet,2023-05-31,20595835,1257754,2023-05-31 09:30:00,2023-05-31 15:30:00
20260913-2020-2024,2023,20260913-2020-2024\2023\20230601.parquet,2023-06-01,20850078,1258236,2023-06-01 09:30:00,2023-06-01 15:30:00
20260913-2020-2024,2023,20260913-2020-2024\2023\20230602.parquet,2023-06-02,20496513,1258718,2023-06-02 09:30:00,2023-06-02 15:30:00
20260913-2020-2024,2023,20260913-2020-2024\2023\20230605.parquet,2023-06-05,20374162,1258959,2023-06-05 09:30:00,2023-06-05 15:30:00
20260913-2020-2024,2023,20260913-2020-2024\2023\20230606.parquet,2023-06-06,21064060,1259200,2023-06-06 09:30:00,2023-06-06 15:30:00
20260913-2020-2024,2023,20260913-2020-2024\2023\20230607.parquet,2023-06-07,20523487,1259200,2023-06-07 09:30:00,2023-06-07 15:30:00
20260913-2020-2024,2023,20260913-2020-2024\2023\20230608.parquet,2023-06-08,20946524,1259441,2023-06-08 09:30:00,2023-06-08 15:30:00
20260913-2020-2024,2023,20260913-2020-2024\2023\20230609.parquet,2023-06-09,20913244,1259923,2023-06-09 09:30:00,2023-06-09 15:30:00
20260913-2020-2024,2023,20260913-2020-2024\2023\20230612.parquet,2023-06-12,21030985,1260164,2023-06-12 09:30:00,2023-06-12 15:30:00
20260913-2020-2024,2023,20260913-2020-2024\2023\20230613.parquet,2023-06-13,20541853,1260164,2023-06-13 09:30:00,2023-06-13 15:30:00
20260913-2020-2024,2023,20260913-2020-2024\2023\20230614.parquet,2023-06-14,20628318,1254405,2023-06-14 09:30:00,2023-06-14 15:00:00
20260913-2020-2024,2023,20260913-2020-2024\2023\20230615.parquet,2023-06-15,20269172,1206446,2023-06-15 09:30:00,2023-06-15 15:00:00
20260913-2020-2024,2023,20260913-2020-2024\2023\20230616.parquet,2023-06-16,20148360,1206687,2023-06-16 09:30:00,2023-06-16 15:00:00
20260913-2020-2024,2023,20260913-2020-2024\2023\20230619.parquet,2023-06-19,20264396,1207169,2023-06-19 09:30:00,2023-06-19 15:00:00
20260913-2020-2024,2023,20260913-2020-2024\2023\20230620.parquet,2023-06-20,20593514,1243561,2023-06-20 09:30:00,2023-06-20 15:30:00
20260913-2020-2024,2023,20260913-2020-2024\2023\20230621.parquet,2023-06-21,21196256,1265284,2023-06-21 09:30:00,2023-06-21 15:30:00
20260913-2020-2024,2023,20260913-2020-2024\2023\20230626.parquet,2023-06-26,21409853,1265043,2023-06-26 09:30:00,2023-06-26 15:30:00
20260913-2020-2024,2023,20260913-2020-2024\2023\20230627.parquet,2023-06-27,20803011,1266007,2023-06-27 09:30:00,2023-06-27 15:30:00
20260913-2020-2024,2023,20260913-2020-2024\2023\20230628.parquet,2023-06-28,21234762,1266248,2023-06-28 09:30:00,2023-06-28 15:30:00
20260913-2020-2024,2023,20260913-2020-2024\2023\20230629.parquet,2023-06-29,20854695,1266007,2023-06-29 09:30:00,2023-06-29 15:30:00
20260913-2020-2024,2023,20260913-2020-2024\2023\20230630.parquet,2023-06-30,21012621,1266248,2023-06-30 09:30:00,2023-06-30 15:30:00
20260913-2020-2024,2023,20260913-2020-2024\2023\20230703.parquet,2023-07-03,21119369,1266489,2023-07-03 09:30:00,2023-07-03 15:30:00
20260913-2020-2024,2023,20260913-2020-2024\2023\20230704.parquet,2023-07-04,20833788,1266730,2023-07-04 09:30:00,2023-07-04 15:30:00
20260913-2020-2024,2023,20260913-2020-2024\2023\20230705.parquet,2023-07-05,20905910,1266489,2023-07-05 09:30:00,2023-07-05 15:30:00
20260913-2020-2024,2023,20260913-2020-2024\2023\20230706.parquet,2023-07-06,20584568,1265766,2023-07-06 09:30:00,2023-07-06 15:30:00
20260913-2020-2024,2023,20260913-2020-2024\2023\20230707.parquet,2023-07-07,20793961,1265766,2023-07-07 09:30:00,2023-07-07 15:30:00
20260913-2020-2024,2023,20260913-2020-2024\2023\20230710.parquet,2023-07-10,20506108,1265766,2023-07-10 09:30:00,2023-07-10 15:30:00
20260913-2020-2024,2023,20260913-2020-2024\2023\20230711.parquet,2023-07-11,20295133,1265766,2023-07-11 09:30:00,2023-07-11 15:30:00
20260913-2020-2024,2023,20260913-2020-2024\2023\20230712.parquet,2023-07-12,20766351,1266007,2023-07-12 09:30:00,2023-07-12 15:30:00
20260913-2020-2024,2023,20260913-2020-2024\2023\20230713.parquet,2023-07-13,20520026,1265525,2023-07-13 09:30:00,2023-07-13 15:30:00
20260913-2020-2024,2023,20260913-2020-2024\2023\20230714.parquet,2023-07-14,20293998,1265525,2023-07-14 09:30:00,2023-07-14 15:30:00
20260913-2020-2024,2023,20260913-2020-2024\2023\20230717.parquet,2023-07-17,20477239,1266007,2023-07-17 09:30:00,2023-07-17 15:30:00
20260913-2020-2024,2023,20260913-2020-2024\2023\20230718.parquet,2023-07-18,20618764,1266007,2023-07-18 09:30:00,2023-07-18 15:30:00
20260913-2020-2024,2023,20260913-2020-2024\2023\20230719.parquet,2023-07-19,20383812,1266730,2023-07-19 09:30:00,2023-07-19 15:30:00
20260913-2020-2024,2023,20260913-2020-2024\2023\20230720.parquet,2023-07-20,20724546,1267212,2023-07-20 09:30:00,2023-07-20 15:30:00
20260913-2020-2024,2023,20260913-2020-2024\2023\20230721.parquet,2023-07-21,20630710,1267453,2023-07-21 09:30:00,2023-07-21 15:30:00
20260913-2020-2024,2023,20260913-2020-2024\2023\20230724.parquet,2023-07-24,20419516,1267935,2023-07-24 09:30:00,2023-07-24 15:30:00
20260913-2020-2024,2023,20260913-2020-2024\2023\20230725.parquet,2023-07-25,20534205,1268176,2023-07-25 09:30:00,2023-07-25 15:30:00
20260913-2020-2024,2023,20260913-2020-2024\2023\20230726.parquet,2023-07-26,20365988,1268899,2023-07-26 09:30:00,2023-07-26 15:30:00
20260913-2020-2024,2023,20260913-2020-2024\2023\20230727.parquet,2023-07-27,20534779,1269140,2023-07-27 09:30:00,2023-07-27 15:30:00
20260913-2020-2024,2023,20260913-2020-2024\2023\20230728.parquet,2023-07-28,20901253,1269140,2023-07-28 09:30:00,2023-07-28 15:30:00
20260913-2020-2024,2023,20260913-2020-2024\2023\20230731.parquet,2023-07-31,21051500,1268899,2023-07-31 09:30:00,2023-07-31 15:30:00
20260913-2020-2024,2023,20260913-2020-2024\2023\20230801.parquet,2023-08-01,20768829,1269381,2023-08-01 09:30:00,2023-08-01 15:30:00
20260913-2020-2024,2023,20260913-2020-2024\2023\20230802.parquet,2023-08-02,20300799,1263081,2023-08-02 09:30:00,2023-08-02 15:00:00
20260913-2020-2024,2023,20260913-2020-2024\2023\20230803.parquet,2023-08-03,19846643,1212953,2023-08-03 09:30:00,2023-08-03 15:00:00
20260913-2020-2024,2023,20260913-2020-2024\2023\20230804.parquet,2023-08-04,20173140,1212712,2023-08-04 09:30:00,2023-08-04 15:00:00
20260913-2020-2024,2023,20260913-2020-2024\2023\20230807.parquet,2023-08-07,19967361,1212953,2023-08-07 09:30:00,2023-08-07 15:00:00
20260913-2020-2024,2023,20260913-2020-2024\2023\20230808.parquet,2023-08-08,20205541,1250814,2023-08-08 09:30:00,2023-08-08 15:30:00
20260913-2020-2024,2023,20260913-2020-2024\2023\20230809.parquet,2023-08-09,20262344,1273537,2023-08-09 09:30:00,2023-08-09 15:30:00
20260913-2020-2024,2023,20260913-2020-2024\2023\20230810.parquet,2023-08-10,20106461,1273778,2023-08-10 09:30:00,2023-08-10 15:30:00
20260913-2020-2024,2023,20260913-2020-2024\2023\20230811.parquet,2023-08-11,20726425,1273537,2023-08-11 09:30:00,2023-08-11 15:30:00
20260913-2020-2024,2023,20260913-2020-2024\2023\20230814.parquet,2023-08-14,20949629,1273537,2023-08-14 09:30:00,2023-08-14 15:30:00
20260913-2020-2024,2023,20260913-2020-2024\2023\20230815.parquet,2023-08-15,20620065,1274019,2023-08-15 09:30:00,2023-08-15 15:30:00
20260913-2020-2024,2023,20260913-2020-2024\2023\20230816.parquet,2023-08-16,20573013,1274260,2023-08-16 09:30:00,2023-08-16 15:30:00
20260913-2020-2024,2023,20260913-2020-2024\2023\20230817.parquet,2023-08-17,20969848,1274742,2023-08-17 09:30:00,2023-08-17 15:30:00
20260913-2020-2024,2023,20260913-2020-2024\2023\20230818.parquet,2023-08-18,20975048,1275224,2023-08-18 09:30:00,2023-08-18 15:30:00
20260913-2020-2024,2023,20260913-2020-2024\2023\20230821.parquet,2023-08-21,20943301,1275224,2023-08-21 09:30:00,2023-08-21 15:30:00
20260913-2020-2024,2023,20260913-2020-2024\2023\20230822.parquet,2023-08-22,21643983,1275465,2023-08-22 09:30:00,2023-08-22 15:30:00
20260913-2020-2024,2023,20260913-2020-2024\2023\20230823.parquet,2023-08-23,20864162,1275706,2023-08-23 09:30:00,2023-08-23 15:30:00
20260913-2020-2024,2023,20260913-2020-2024\2023\20230824.parquet,2023-08-24,21213265,1275706,2023-08-24 09:30:00,2023-08-24 15:30:00
20260913-2020-2024,2023,20260913-2020-2024\2023\20230825.parquet,2023-08-25,21550852,1275947,2023-08-25 09:30:00,2023-08-25 15:30:00
20260913-2020-2024,2023,20260913-2020-2024\2023\20230828.parquet,2023-08-28,22014081,1276188,2023-08-28 09:30:00,2023-08-28 15:30:00
20260913-2020-2024,2023,20260913-2020-2024\2023\20230829.parquet,2023-08-29,21534993,1276188,2023-08-29 09:30:00,2023-08-29 15:30:00
20260913-2020-2024,2023,20260913-2020-2024\2023\20230830.parquet,2023-08-30,21151026,1276429,2023-08-30 09:30:00,2023-08-30 15:30:00
20260913-2020-2024,2023,20260913-2020-2024\2023\20230831.parquet,2023-08-31,20880472,1276429,2023-08-31 09:30:00,2023-08-31 15:30:00
20260913-2020-2024,2023,20260913-2020-2024\2023\20230901.parquet,2023-09-01,20718920,1276670,2023-09-01 09:30:00,2023-09-01 15:30:00
20260913-2020-2024,2023,20260913-2020-2024\2023\20230904.parquet,2023-09-04,21113863,1276670,2023-09-04 09:30:00,2023-09-04 15:30:00
20260913-2020-2024,2023,20260913-2020-2024\2023\20230905.parquet,2023-09-05,20777503,1276911,2023-09-05 09:30:00,2023-09-05 15:30:00
20260913-2020-2024,2023,20260913-2020-2024\2023\20230906.parquet,2023-09-06,20719072,1277152,2023-09-06 09:30:00,2023-09-06 15:30:00
20260913-2020-2024,2023,20260913-2020-2024\2023\20230907.parquet,2023-09-07,20936446,1277152,2023-09-07 09:30:00,2023-09-07 15:30:00
20260913-2020-2024,2023,20260913-2020-2024\2023\20230908.parquet,2023-09-08,20604895,1277393,2023-09-08 09:30:00,2023-09-08 15:30:00
20260913-2020-2024,2023,20260913-2020-2024\2023\20230911.parquet,2023-09-11,20814106,1277875,2023-09-11 09:30:00,2023-09-11 15:30:00
20260913-2020-2024,2023,20260913-2020-2024\2023\20230912.parquet,2023-09-12,20223906,1277875,2023-09-12 09:30:00,2023-09-12 15:30:00
20260913-2020-2024,2023,20260913-2020-2024\2023\20230913.parquet,2023-09-13,20837552,1277875,2023-09-13 09:30:00,2023-09-13 15:30:00
20260913-2020-2024,2023,20260913-2020-2024\2023\20230914.parquet,2023-09-14,20520525,1278116,2023-09-14 09:30:00,2023-09-14 15:30:00
20260913-2020-2024,2023,20260913-2020-2024\2023\20230915.parquet,2023-09-15,20675280,1278357,2023-09-15 09:30:00,2023-09-15 15:30:00
20260913-2020-2024,2023,20260913-2020-2024\2023\20230918.parquet,2023-09-18,20500136,1271757,2023-09-18 09:30:00,2023-09-18 15:00:00
20260913-2020-2024,2023,20260913-2020-2024\2023\20230919.parquet,2023-09-19,19834788,1218737,2023-09-19 09:30:00,2023-09-19 15:00:00
20260913-2020-2024,2023,20260913-2020-2024\2023\20230920.parquet,2023-09-20,19649939,1219219,2023-09-20 09:30:00,2023-09-20 15:00:00
20260913-2020-2024,2023,20260913-2020-2024\2023\20230921.parquet,2023-09-21,19865458,1219460,2023-09-21 09:30:00,2023-09-21 15:00:00
20260913-2020-2024,2023,20260913-2020-2024\2023\20230922.parquet,2023-09-22,20611013,1258619,2023-09-22 09:30:00,2023-09-22 15:30:00
20260913-2020-2024,2023,20260913-2020-2024\2023\20230925.parquet,2023-09-25,20395373,1282001,2023-09-25 09:30:00,2023-09-25 15:30:00
20260913-2020-2024,2023,20260913-2020-2024\2023\20230926.parquet,2023-09-26,20117541,1282001,2023-09-26 09:30:00,2023-09-26 15:30:00
20260913-2020-2024,2023,20260913-2020-2024\2023\20230927.parquet,2023-09-27,20360947,1282001,2023-09-27 09:30:00,2023-09-27 15:30:00
20260913-2020-2024,2023,20260913-2020-2024\2023\20230928.parquet,2023-09-28,20336377,1282483,2023-09-28 09:30:00,2023-09-28 15:30:00
20260913-2020-2024,2023,20260913-2020-2024\2023\20231009.parquet,2023-10-09,20691363,1282483,2023-10-09 09:30:00,2023-10-09 15:30:00
20260913-2020-2024,2023,20260913-2020-2024\2023\20231010.parquet,2023-10-10,20313089,1282724,2023-10-10 09:30:00,2023-10-10 15:30:00
20260913-2020-2024,2023,20260913-2020-2024\2023\20231011.parquet,2023-10-11,20701003,1282965,2023-10-11 09:30:00,2023-10-11 15:30:00
20260913-2020-2024,2023,20260913-2020-2024\2023\20231012.parquet,2023-10-12,20526247,1282965,2023-10-12 09:30:00,2023-10-12 15:30:00
20260913-2020-2024,2023,20260913-2020-2024\2023\20231013.parquet,2023-10-13,20424660,1282965,2023-10-13 09:30:00,2023-10-13 15:30:00
20260913-2020-2024,2023,20260913-2020-2024\2023\20231016.parquet,2023-10-16,20731293,1282965,2023-10-16 09:30:00,2023-10-16 15:30:00
20260913-2020-2024,2023,20260913-2020-2024\2023\20231017.parquet,2023-10-17,20490243,1283447,2023-10-17 09:30:00,2023-10-17 15:30:00
20260913-2020-2024,2023,20260913-2020-2024\2023\20231018.parquet,2023-10-18,20539308,1283447,2023-10-18 09:30:00,2023-10-18 15:30:00
20260913-2020-2024,2023,20260913-2020-2024\2023\20231019.parquet,2023-10-19,21039140,1283447,2023-10-19 09:30:00,2023-10-19 15:30:00
20260913-2020-2024,2023,20260913-2020-2024\2023\20231020.parquet,2023-10-20,20881010,1283447,2023-10-20 09:30:00,2023-10-20 15:30:00
20260913-2020-2024,2023,20260913-2020-2024\2023\20231023.parquet,2023-10-23,21359123,1283688,2023-10-23 09:30:00,2023-10-23 15:30:00
20260913-2020-2024,2023,20260913-2020-2024\2023\20231024.parquet,2023-10-24,21287974,1283929,2023-10-24 09:30:00,2023-10-24 15:30:00
20260913-2020-2024,2023,20260913-2020-2024\2023\20231025.parquet,2023-10-25,20676028,1283929,2023-10-25 09:30:00,2023-10-25 15:30:00
20260913-2020-2024,2023,20260913-2020-2024\2023\20231026.parquet,2023-10-26,21082851,1283688,2023-10-26 09:30:00,2023-10-26 15:30:00
20260913-2020-2024,2023,20260913-2020-2024\2023\20231027.parquet,2023-10-27,21331041,1283688,2023-10-27 09:30:00,2023-10-27 15:30:00
20260913-2020-2024,2023,20260913-2020-2024\2023\20231030.parquet,2023-10-30,21227153,1283929,2023-10-30 09:30:00,2023-10-30 15:30:00
20260913-2020-2024,2023,20260913-2020-2024\2023\20231031.parquet,2023-10-31,21002474,1284170,2023-10-31 09:30:00,2023-10-31 15:30:00
20260913-2020-2024,2023,20260913-2020-2024\2023\20231101.parquet,2023-11-01,20699418,1284411,2023-11-01 09:30:00,2023-11-01 15:30:00
20260913-2020-2024,2023,20260913-2020-2024\2023\20231102.parquet,2023-11-02,20625700,1284411,2023-11-02 09:30:00,2023-11-02 15:30:00
20260913-2020-2024,2023,20260913-2020-2024\2023\20231103.parquet,2023-11-03,20626108,1284652,2023-11-03 09:30:00,2023-11-03 15:30:00
20260913-2020-2024,2023,20260913-2020-2024\2023\20231106.parquet,2023-11-06,20796538,1284652,2023-11-06 09:30:00,2023-11-06 15:30:00
20260913-2020-2024,2023,20260913-2020-2024\2023\20231107.parquet,2023-11-07,20773142,1284893,2023-11-07 09:30:00,2023-11-07 15:30:00
20260913-2020-2024,2023,20260913-2020-2024\2023\20231108.parquet,2023-11-08,21183319,1284893,2023-11-08 09:30:00,2023-11-08 15:30:00
20260913-2020-2024,2023,20260913-2020-2024\2023\20231109.parquet,2023-11-09,20949180,1285134,2023-11-09 09:30:00,2023-11-09 15:30:00
20260913-2020-2024,2023,20260913-2020-2024\2023\20231110.parquet,2023-11-10,20692277,1278264,2023-11-10 09:30:00,2023-11-10 15:00:00
20260913-2020-2024,2023,20260913-2020-2024\2023\20231113.parquet,2023-11-13,20176805,1223316,2023-11-13 09:30:00,2023-11-13 15:00:00
20260913-2020-2024,2023,20260913-2020-2024\2023\20231114.parquet,2023-11-14,20028510,1223316,2023-11-14 09:30:00,2023-11-14 15:00:00
20260913-2020-2024,2023,20260913-2020-2024\2023\20231115.parquet,2023-11-15,20076001,1223316,2023-11-15 09:30:00,2023-11-15 15:00:00
20260913-2020-2024,2023,20260913-2020-2024\2023\20231116.parquet,2023-11-16,20273811,1264255,2023-11-16 09:30:00,2023-11-16 15:30:00
20260913-2020-2024,2023,20260913-2020-2024\2023\20231117.parquet,2023-11-17,20668853,1288296,2023-11-17 09:30:00,2023-11-17 15:30:00
20260913-2020-2024,2023,20260913-2020-2024\2023\20231120.parquet,2023-11-20,21051674,1288296,2023-11-20 09:30:00,2023-11-20 15:30:00
20260913-2020-2024,2023,20260913-2020-2024\2023\20231121.parquet,2023-11-21,21491195,1288296,2023-11-21 09:30:00,2023-11-21 15:30:00
20260913-2020-2024,2023,20260913-2020-2024\2023\20231122.parquet,2023-11-22,21510065,1288296,2023-11-22 09:30:00,2023-11-22 15:30:00
20260913-2020-2024,2023,20260913-2020-2024\2023\20231123.parquet,2023-11-23,21448714,1288296,2023-11-23 09:30:00,2023-11-23 15:30:00
20260913-2020-2024,2023,20260913-2020-2024\2023\20231124.parquet,2023-11-24,21590585,1288296,2023-11-24 09:30:00,2023-11-24 15:30:00
20260913-2020-2024,2023,20260913-2020-2024\2023\20231127.parquet,2023-11-27,21671203,1288296,2023-11-27 09:30:00,2023-11-27 15:30:00
20260913-2020-2024,2023,20260913-2020-2024\2023\20231128.parquet,2023-11-28,21613697,1288537,2023-11-28 09:30:00,2023-11-28 15:30:00
20260913-2020-2024,2023,20260913-2020-2024\2023\20231129.parquet,2023-11-29,21434742,1288778,2023-11-29 09:30:00,2023-11-29 15:30:00
20260913-2020-2024,2023,20260913-2020-2024\2023\20231130.parquet,2023-11-30,21744799,1288778,2023-11-30 09:30:00,2023-11-30 15:30:00
20260913-2020-2024,2023,20260913-2020-2024\2023\20231201.parquet,2023-12-01,21676408,1289019,2023-12-01 09:30:00,2023-12-01 15:30:00
20260913-2020-2024,2023,20260913-2020-2024\2023\20231204.parquet,2023-12-04,21395070,1289019,2023-12-04 09:30:00,2023-12-04 15:30:00
20260913-2020-2024,2023,20260913-2020-2024\2023\20231205.parquet,2023-12-05,21666325,1289260,2023-12-05 09:30:00,2023-12-05 15:30:00
20260913-2020-2024,2023,20260913-2020-2024\2023\20231206.parquet,2023-12-06,21649621,1289501,2023-12-06 09:30:00,2023-12-06 15:30:00
20260913-2020-2024,2023,20260913-2020-2024\2023\20231207.parquet,2023-12-07,21622730,1289501,2023-12-07 09:30:00,2023-12-07 15:30:00
20260913-2020-2024,2023,20260913-2020-2024\2023\20231208.parquet,2023-12-08,21858955,1289742,2023-12-08 09:30:00,2023-12-08 15:30:00
20260913-2020-2024,2023,20260913-2020-2024\2023\20231211.parquet,2023-12-11,22210701,1289742,2023-12-11 09:30:00,2023-12-11 15:30:00
20260913-2020-2024,2023,20260913-2020-2024\2023\20231212.parquet,2023-12-12,21251546,1289983,2023-12-12 09:30:00,2023-12-12 15:30:00
20260913-2020-2024,2023,20260913-2020-2024\2023\20231213.parquet,2023-12-13,21519877,1290224,2023-12-13 09:30:00,2023-12-13 15:30:00
20260913-2020-2024,2023,20260913-2020-2024\2023\20231214.parquet,2023-12-14,21517304,1290224,2023-12-14 09:30:00,2023-12-14 15:30:00
20260913-2020-2024,2023,20260913-2020-2024\2023\20231215.parquet,2023-12-15,21611178,1290465,2023-12-15 09:30:00,2023-12-15 15:30:00
20260913-2020-2024,2023,20260913-2020-2024\2023\20231218.parquet,2023-12-18,21827448,1290706,2023-12-18 09:30:00,2023-12-18 15:30:00
20260913-2020-2024,2023,20260913-2020-2024\2023\20231219.parquet,2023-12-19,21529009,1290706,2023-12-19 09:30:00,2023-12-19 15:30:00
20260913-2020-2024,2023,20260913-2020-2024\2023\20231220.parquet,2023-12-20,21641611,1290947,2023-12-20 09:30:00,2023-12-20 15:30:00
20260913-2020-2024,2023,20260913-2020-2024\2023\20231221.parquet,2023-12-21,22277787,1291188,2023-12-21 09:30:00,2023-12-21 15:30:00
20260913-2020-2024,2023,20260913-2020-2024\2023\20231222.parquet,2023-12-22,22153647,1291429,2023-12-22 09:30:00,2023-12-22 15:30:00
20260913-2020-2024,2023,20260913-2020-2024\2023\20231225.parquet,2023-12-25,21491363,1291429,2023-12-25 09:30:00,2023-12-25 15:30:00
20260913-2020-2024,2023,20260913-2020-2024\2023\20231226.parquet,2023-12-26,21530646,1291670,2023-12-26 09:30:00,2023-12-26 15:30:00
20260913-2020-2024,2023,20260913-2020-2024\2023\20231227.parquet,2023-12-27,21527840,1284771,2023-12-27 09:30:00,2023-12-27 15:00:00
20260913-2020-2024,2023,20260913-2020-2024\2023\20231228.parquet,2023-12-28,20721955,1227654,2023-12-28 09:30:00,2023-12-28 15:00:00
20260913-2020-2024,2023,20260913-2020-2024\2023\20231229.parquet,2023-12-29,20273732,1227895,2023-12-29 09:30:00,2023-12-29 15:00:00
20260913-2020-2024,2024,20260913-2020-2024\2024\20240102.parquet,2024-01-02,20243408,1227895,2024-01-02 09:30:00,2024-01-02 15:00:00
20260913-2020-2024,2024,20260913-2020-2024\2024\20240103.parquet,2024-01-03,21301345,1269860,2024-01-03 09:30:00,2024-01-03 15:30:00
20260913-2020-2024,2024,20260913-2020-2024\2024\20240104.parquet,2024-01-04,21463392,1294260,2024-01-04 09:30:00,2024-01-04 15:30:00
20260913-2020-2024,2024,20260913-2020-2024\2024\20240105.parquet,2024-01-05,22054577,1294260,2024-01-05 09:30:00,2024-01-05 15:30:00
20260913-2020-2024,2024,20260913-2020-2024\2024\20240108.parquet,2024-01-08,21904095,1294260,2024-01-08 09:30:00,2024-01-08 15:30:00
20260913-2020-2024,2024,20260913-2020-2024\2024\20240109.parquet,2024-01-09,22013706,1294260,2024-01-09 09:30:00,2024-01-09 15:30:00
20260913-2020-2024,2024,20260913-2020-2024\2024\20240110.parquet,2024-01-10,21870998,1294501,2024-01-10 09:30:00,2024-01-10 15:30:00
20260913-2020-2024,2024,20260913-2020-2024\2024\20240111.parquet,2024-01-11,21665050,1294983,2024-01-11 09:30:00,2024-01-11 15:30:00
20260913-2020-2024,2024,20260913-2020-2024\2024\20240112.parquet,2024-01-12,21728086,1294983,2024-01-12 09:30:00,2024-01-12 15:30:00
20260913-2020-2024,2024,20260913-2020-2024\2024\20240115.parquet,2024-01-15,21475049,1294983,2024-01-15 09:30:00,2024-01-15 15:30:00
20260913-2020-2024,2024,20260913-2020-2024\2024\20240116.parquet,2024-01-16,22016999,1294983,2024-01-16 09:30:00,2024-01-16 15:30:00
20260913-2020-2024,2024,20260913-2020-2024\2024\20240117.parquet,2024-01-17,21694738,1294983,2024-01-17 09:30:00,2024-01-17 15:30:00
20260913-2020-2024,2024,20260913-2020-2024\2024\20240118.parquet,2024-01-18,22927925,1295224,2024-01-18 09:30:00,2024-01-18 15:30:00
20260913-2020-2024,2024,20260913-2020-2024\2024\20240119.parquet,2024-01-19,21902698,1295465,2024-01-19 09:30:00,2024-01-19 15:30:00
20260913-2020-2024,2024,20260913-2020-2024\2024\20240122.parquet,2024-01-22,22826447,1295465,2024-01-22 09:30:00,2024-01-22 15:30:00
20260913-2020-2024,2024,20260913-2020-2024\2024\20240123.parquet,2024-01-23,22664433,1295465,2024-01-23 09:30:00,2024-01-23 15:30:00
20260913-2020-2024,2024,20260913-2020-2024\2024\20240124.parquet,2024-01-24,22803810,1295947,2024-01-24 09:30:00,2024-01-24 15:30:00
20260913-2020-2024,2024,20260913-2020-2024\2024\20240125.parquet,2024-01-25,22472854,1295706,2024-01-25 09:30:00,2024-01-25 15:30:00
20260913-2020-2024,2024,20260913-2020-2024\2024\20240126.parquet,2024-01-26,22303112,1295706,2024-01-26 09:30:00,2024-01-26 15:30:00
20260913-2020-2024,2024,20260913-2020-2024\2024\20240129.parquet,2024-01-29,22505073,1295706,2024-01-29 09:30:00,2024-01-29 15:30:00
20260913-2020-2024,2024,20260913-2020-2024\2024\20240130.parquet,2024-01-30,22219695,1295947,2024-01-30 09:30:00,2024-01-30 15:30:00
20260913-2020-2024,2024,20260913-2020-2024\2024\20240131.parquet,2024-01-31,22834331,1295947,2024-01-31 09:30:00,2024-01-31 15:30:00
20260913-2020-2024,2024,20260913-2020-2024\2024\20240201.parquet,2024-02-01,22645814,1295947,2024-02-01 09:30:00,2024-02-01 15:30:00
20260913-2020-2024,2024,20260913-2020-2024\2024\20240202.parquet,2024-02-02,23232293,1296188,2024-02-02 09:30:00,2024-02-02 15:30:00
20260913-2020-2024,2024,20260913-2020-2024\2024\20240205.parquet,2024-02-05,21850348,1296188,2024-02-05 09:30:00,2024-02-05 15:30:00
20260913-2020-2024,2024,20260913-2020-2024\2024\20240206.parquet,2024-02-06,23040480,1296188,2024-02-06 09:30:00,2024-02-06 15:30:00
20260913-2020-2024,2024,20260913-2020-2024\2024\20240207.parquet,2024-02-07,23041547,1296188,2024-02-07 09:30:00,2024-02-07 15:30:00
20260913-2020-2024,2024,20260913-2020-2024\2024\20240208.parquet,2024-02-08,23110557,1296670,2024-02-08 09:30:00,2024-02-08 15:30:00
20260913-2020-2024,2024,20260913-2020-2024\2024\20240219.parquet,2024-02-19,22470423,1296670,2024-02-19 09:30:00,2024-02-19 15:30:00
20260913-2020-2024,2024,20260913-2020-2024\2024\20240220.parquet,2024-02-20,21929908,1296670,2024-02-20 09:30:00,2024-02-20 15:30:00
20260913-2020-2024,2024,20260913-2020-2024\2024\20240221.parquet,2024-02-21,22618173,1289350,2024-02-21 09:30:00,2024-02-21 15:00:00
20260913-2020-2024,2024,20260913-2020-2024\2024\20240222.parquet,2024-02-22,20695950,1230546,2024-02-22 09:30:00,2024-02-22 15:00:00
20260913-2020-2024,2024,20260913-2020-2024\2024\20240223.parquet,2024-02-23,21012019,1230546,2024-02-23 09:30:00,2024-02-23 15:00:00
20260913-2020-2024,2024,20260913-2020-2024\2024\20240226.parquet,2024-02-26,21307173,1230546,2024-02-26 09:30:00,2024-02-26 15:00:00
20260913-2020-2024,2024,20260913-2020-2024\2024\20240227.parquet,2024-02-27,21562635,1272954,2024-02-27 09:30:00,2024-02-27 15:30:00
20260913-2020-2024,2024,20260913-2020-2024\2024\20240228.parquet,2024-02-28,23711765,1297995,2024-02-28 09:30:00,2024-02-28 15:30:00
20260913-2020-2024,2024,20260913-2020-2024\2024\20240229.parquet,2024-02-29,22769192,1297995,2024-02-29 09:30:00,2024-02-29 15:30:00
20260913-2020-2024,2024,20260913-2020-2024\2024\20240301.parquet,2024-03-01,22239634,1298236,2024-03-01 09:30:00,2024-03-01 15:30:00
20260913-2020-2024,2024,20260913-2020-2024\2024\20240304.parquet,2024-03-04,22264363,1297995,2024-03-04 09:30:00,2024-03-04 15:30:00
20260913-2020-2024,2024,20260913-2020-2024\2024\20240305.parquet,2024-03-05,22099407,1297995,2024-03-05 09:30:00,2024-03-05 15:30:00
20260913-2020-2024,2024,20260913-2020-2024\2024\20240306.parquet,2024-03-06,22005488,1297995,2024-03-06 09:30:00,2024-03-06 15:30:00
20260913-2020-2024,2024,20260913-2020-2024\2024\20240307.parquet,2024-03-07,22177168,1297995,2024-03-07 09:30:00,2024-03-07 15:30:00
20260913-2020-2024,2024,20260913-2020-2024\2024\20240308.parquet,2024-03-08,21759004,1297995,2024-03-08 09:30:00,2024-03-08 15:30:00
20260913-2020-2024,2024,20260913-2020-2024\2024\20240311.parquet,2024-03-11,21706239,1297995,2024-03-11 09:30:00,2024-03-11 15:30:00
20260913-2020-2024,2024,20260913-2020-2024\2024\20240312.parquet,2024-03-12,21964633,1297995,2024-03-12 09:30:00,2024-03-12 15:30:00
20260913-2020-2024,2024,20260913-2020-2024\2024\20240313.parquet,2024-03-13,21918423,1298477,2024-03-13 09:30:00,2024-03-13 15:30:00
20260913-2020-2024,2024,20260913-2020-2024\2024\20240314.parquet,2024-03-14,22014990,1298477,2024-03-14 09:30:00,2024-03-14 15:30:00
20260913-2020-2024,2024,20260913-2020-2024\2024\20240315.parquet,2024-03-15,21923839,1298477,2024-03-15 09:30:00,2024-03-15 15:30:00
20260913-2020-2024,2024,20260913-2020-2024\2024\20240318.parquet,2024-03-18,21810832,1298236,2024-03-18 09:30:00,2024-03-18 15:30:00
20260913-2020-2024,2024,20260913-2020-2024\2024\20240319.parquet,2024-03-19,21748068,1298236,2024-03-19 09:30:00,2024-03-19 15:30:00
20260913-2020-2024,2024,20260913-2020-2024\2024\20240320.parquet,2024-03-20,21618057,1298718,2024-03-20 09:30:00,2024-03-20 15:30:00
20260913-2020-2024,2024,20260913-2020-2024\2024\20240321.parquet,2024-03-21,21908883,1298718,2024-03-21 09:30:00,2024-03-21 15:30:00
20260913-2020-2024,2024,20260913-2020-2024\2024\20240322.parquet,2024-03-22,22285962,1298718,2024-03-22 09:30:00,2024-03-22 15:30:00
20260913-2020-2024,2024,20260913-2020-2024\2024\20240325.parquet,2024-03-25,22220876,1298718,2024-03-25 09:30:00,2024-03-25 15:30:00
20260913-2020-2024,2024,20260913-2020-2024\2024\20240326.parquet,2024-03-26,22344032,1298718,2024-03-26 09:30:00,2024-03-26 15:30:00
20260913-2020-2024,2024,20260913-2020-2024\2024\20240327.parquet,2024-03-27,22212555,1298718,2024-03-27 09:30:00,2024-03-27 15:30:00
20260913-2020-2024,2024,20260913-2020-2024\2024\20240328.parquet,2024-03-28,22331051,1299200,2024-03-28 09:30:00,2024-03-28 15:30:00
20260913-2020-2024,2024,20260913-2020-2024\2024\20240329.parquet,2024-03-29,21742014,1298959,2024-03-29 09:30:00,2024-03-29 15:30:00
20260913-2020-2024,2024,20260913-2020-2024\2024\20240401.parquet,2024-04-01,21433783,1298959,2024-04-01 09:30:00,2024-04-01 15:30:00
20260913-2020-2024,2024,20260913-2020-2024\2024\20240402.parquet,2024-04-02,21834979,1299200,2024-04-02 09:30:00,2024-04-02 15:30:00
20260913-2020-2024,2024,20260913-2020-2024\2024\20240403.parquet,2024-04-03,21727489,1299200,2024-04-03 09:30:00,2024-04-03 15:30:00
20260913-2020-2024,2024,20260913-2020-2024\2024\20240408.parquet,2024-04-08,22211050,1299441,2024-04-08 09:30:00,2024-04-08 15:30:00
20260913-2020-2024,2024,20260913-2020-2024\2024\20240409.parquet,2024-04-09,21554714,1299441,2024-04-09 09:30:00,2024-04-09 15:30:00
20260913-2020-2024,2024,20260913-2020-2024\2024\20240410.parquet,2024-04-10,22126241,1292001,2024-04-10 09:30:00,2024-04-10 15:00:00
20260913-2020-2024,2024,20260913-2020-2024\2024\20240411.parquet,2024-04-11,20845848,1232474,2024-04-11 09:30:00,2024-04-11 15:00:00
20260913-2020-2024,2024,20260913-2020-2024\2024\20240412.parquet,2024-04-12,20837462,1232474,2024-04-12 09:30:00,2024-04-12 15:00:00
20260913-2020-2024,2024,20260913-2020-2024\2024\20240415.parquet,2024-04-15,21556659,1232715,2024-04-15 09:30:00,2024-04-15 15:00:00
20260913-2020-2024,2024,20260913-2020-2024\2024\20240416.parquet,2024-04-16,21622349,1275123,2024-04-16 09:30:00,2024-04-16 15:30:00
20260913-2020-2024,2024,20260913-2020-2024\2024\20240417.parquet,2024-04-17,22082765,1299923,2024-04-17 09:30:00,2024-04-17 15:30:00
20260913-2020-2024,2024,20260913-2020-2024\2024\20240418.parquet,2024-04-18,22286870,1299682,2024-04-18 09:30:00,2024-04-18 15:30:00
20260913-2020-2024,2024,20260913-2020-2024\2024\20240419.parquet,2024-04-19,21938087,1299682,2024-04-19 09:30:00,2024-04-19 15:30:00
20260913-2020-2024,2024,20260913-2020-2024\2024\20240422.parquet,2024-04-22,21856339,1299682,2024-04-22 09:30:00,2024-04-22 15:30:00
20260913-2020-2024,2024,20260913-2020-2024\2024\20240423.parquet,2024-04-23,21608054,1299682,2024-04-23 09:30:00,2024-04-23 15:30:00
20260913-2020-2024,2024,20260913-2020-2024\2024\20240424.parquet,2024-04-24,21351213,1299682,2024-04-24 09:30:00,2024-04-24 15:30:00
20260913-2020-2024,2024,20260913-2020-2024\2024\20240425.parquet,2024-04-25,21357507,1299441,2024-04-25 09:30:00,2024-04-25 15:30:00
20260913-2020-2024,2024,20260913-2020-2024\2024\20240426.parquet,2024-04-26,21786763,1299200,2024-04-26 09:30:00,2024-04-26 15:30:00
20260913-2020-2024,2024,20260913-2020-2024\2024\20240429.parquet,2024-04-29,21819066,1299200,2024-04-29 09:30:00,2024-04-29 15:30:00
20260913-2020-2024,2024,20260913-2020-2024\2024\20240430.parquet,2024-04-30,21665609,1299200,2024-04-30 09:30:00,2024-04-30 15:30:00
20260913-2020-2024,2024,20260913-2020-2024\2024\20240506.parquet,2024-05-06,21422885,1299200,2024-05-06 09:30:00,2024-05-06 15:30:00
20260913-2020-2024,2024,20260913-2020-2024\2024\20240507.parquet,2024-05-07,21333980,1299200,2024-05-07 09:30:00,2024-05-07 15:30:00
20260913-2020-2024,2024,20260913-2020-2024\2024\20240508.parquet,2024-05-08,21361570,1299200,2024-05-08 09:30:00,2024-05-08 15:30:00
20260913-2020-2024,2024,20260913-2020-2024\2024\20240509.parquet,2024-05-09,21193418,1299441,2024-05-09 09:30:00,2024-05-09 15:30:00
20260913-2020-2024,2024,20260913-2020-2024\2024\20240510.parquet,2024-05-10,21465322,1299441,2024-05-10 09:30:00,2024-05-10 15:30:00
20260913-2020-2024,2024,20260913-2020-2024\2024\20240513.parquet,2024-05-13,21651034,1299682,2024-05-13 09:30:00,2024-05-13 15:30:00
20260913-2020-2024,2024,20260913-2020-2024\2024\20240514.parquet,2024-05-14,21181832,1299682,2024-05-14 09:30:00,2024-05-14 15:30:00
20260913-2020-2024,2024,20260913-2020-2024\2024\20240515.parquet,2024-05-15,21119894,1299682,2024-05-15 09:30:00,2024-05-15 15:30:00
20260913-2020-2024,2024,20260913-2020-2024\2024\20240516.parquet,2024-05-16,21148759,1299682,2024-05-16 09:30:00,2024-05-16 15:30:00
20260913-2020-2024,2024,20260913-2020-2024\2024\20240517.parquet,2024-05-17,21314178,1299682,2024-05-17 09:30:00,2024-05-17 15:30:00
20260913-2020-2024,2024,20260913-2020-2024\2024\20240520.parquet,2024-05-20,21354038,1299682,2024-05-20 09:30:00,2024-05-20 15:30:00
20260913-2020-2024,2024,20260913-2020-2024\2024\20240521.parquet,2024-05-21,20971224,1299953,2024-05-21 09:30:00,2024-05-21 15:30:00
20260913-2020-2024,2024,20260913-2020-2024\2024\20240522.parquet,2024-05-22,21045778,1299682,2024-05-22 09:30:00,2024-05-22 15:30:00
20260913-2020-2024,2024,20260913-2020-2024\2024\20240523.parquet,2024-05-23,21694319,1299682,2024-05-23 09:30:00,2024-05-23 15:30:00
20260913-2020-2024,2024,20260913-2020-2024\2024\20240524.parquet,2024-05-24,21321168,1299682,2024-05-24 09:30:00,2024-05-24 15:30:00
20260913-2020-2024,2024,20260913-2020-2024\2024\20240527.parquet,2024-05-27,21583490,1299682,2024-05-27 09:30:00,2024-05-27 15:30:00
20260913-2020-2024,2024,20260913-2020-2024\2024\20240528.parquet,2024-05-28,21089514,1299682,2024-05-28 09:30:00,2024-05-28 15:30:00
20260913-2020-2024,2024,20260913-2020-2024\2024\20240529.parquet,2024-05-29,20950765,1299682,2024-05-29 09:30:00,2024-05-29 15:30:00
20260913-2020-2024,2024,20260913-2020-2024\2024\20240530.parquet,2024-05-30,20962360,1292483,2024-05-30 09:30:00,2024-05-30 15:00:00
20260913-2020-2024,2024,20260913-2020-2024\2024\20240531.parquet,2024-05-31,19801649,1232474,2024-05-31 09:30:00,2024-05-31 15:00:00
20260913-2020-2024,2024,20260913-2020-2024\2024\20240603.parquet,2024-06-03,20867475,1232474,2024-06-03 09:30:00,2024-06-03 15:00:00
20260913-2020-2024,2024,20260913-2020-2024\2024\20240604.parquet,2024-06-04,20474444,1232474,2024-06-04 09:30:00,2024-06-04 15:00:00
20260913-2020-2024,2024,20260913-2020-2024\2024\20240605.parquet,2024-06-05,20699118,1274812,2024-06-05 09:30:00,2024-06-05 15:30:00
20260913-2020-2024,2024,20260913-2020-2024\2024\20240606.parquet,2024-06-06,22285293,1299712,2024-06-06 09:30:00,2024-06-06 15:30:00
20260913-2020-2024,2024,20260913-2020-2024\2024\20240607.parquet,2024-06-07,21487305,1299953,2024-06-07 09:30:00,2024-06-07 15:30:00
20260913-2020-2024,2024,20260913-2020-2024\2024\20240611.parquet,2024-06-11,21418302,1299953,2024-06-11 09:30:00,2024-06-11 15:30:00
20260913-2020-2024,2024,20260913-2020-2024\2024\20240612.parquet,2024-06-12,20679600,1300194,2024-06-12 09:30:00,2024-06-12 15:30:00
20260913-2020-2024,2024,20260913-2020-2024\2024\20240613.parquet,2024-06-13,20836872,1300194,2024-06-13 09:30:00,2024-06-13 15:30:00
20260913-2020-2024,2024,20260913-2020-2024\2024\20240614.parquet,2024-06-14,21115693,1299953,2024-06-14 09:30:00,2024-06-14 15:30:00
20260913-2020-2024,2024,20260913-2020-2024\2024\20240617.parquet,2024-06-17,20847875,1299953,2024-06-17 09:30:00,2024-06-17 15:30:00
20260913-2020-2024,2024,20260913-2020-2024\2024\20240618.parquet,2024-06-18,20520691,1299953,2024-06-18 09:30:00,2024-06-18 15:30:00
20260913-2020-2024,2024,20260913-2020-2024\2024\20240619.parquet,2024-06-19,20693621,1299953,2024-06-19 09:30:00,2024-06-19 15:30:00
20260913-2020-2024,2024,20260913-2020-2024\2024\20240620.parquet,2024-06-20,21479873,1300194,2024-06-20 09:30:00,2024-06-20 15:30:00
20260913-2020-2024,2024,20260913-2020-2024\2024\20240621.parquet,2024-06-21,21022182,1300194,2024-06-21 09:30:00,2024-06-21 15:30:00
20260913-2020-2024,2024,20260913-2020-2024\2024\20240624.parquet,2024-06-24,21861152,1300194,2024-06-24 09:30:00,2024-06-24 15:30:00
20260913-2020-2024,2024,20260913-2020-2024\2024\20240625.parquet,2024-06-25,21408420,1300194,2024-06-25 09:30:00,2024-06-25 15:30:00
20260913-2020-2024,2024,20260913-2020-2024\2024\20240626.parquet,2024-06-26,21551156,1300435,2024-06-26 09:30:00,2024-06-26 15:30:00
20260913-2020-2024,2024,20260913-2020-2024\2024\20240627.parquet,2024-06-27,21208666,1300194,2024-06-27 09:30:00,2024-06-27 15:30:00
20260913-2020-2024,2024,20260913-2020-2024\2024\20240628.parquet,2024-06-28,21127504,1299712,2024-06-28 09:30:00,2024-06-28 15:30:00
20260913-2020-2024,2024,20260913-2020-2024\2024\20240701.parquet,2024-07-01,21130976,1299712,2024-07-01 09:30:00,2024-07-01 15:30:00
20260913-2020-2024,2024,20260913-2020-2024\2024\20240702.parquet,2024-07-02,20635613,1299712,2024-07-02 09:30:00,2024-07-02 15:30:00
20260913-2020-2024,2024,20260913-2020-2024\2024\20240703.parquet,2024-07-03,20529001,1299230,2024-07-03 09:30:00,2024-07-03 15:30:00
20260913-2020-2024,2024,20260913-2020-2024\2024\20240704.parquet,2024-07-04,21153645,1299230,2024-07-04 09:30:00,2024-07-04 15:30:00
20260913-2020-2024,2024,20260913-2020-2024\2024\20240705.parquet,2024-07-05,21036195,1299230,2024-07-05 09:30:00,2024-07-05 15:30:00
20260913-2020-2024,2024,20260913-2020-2024\2024\20240708.parquet,2024-07-08,20824203,1299230,2024-07-08 09:30:00,2024-07-08 15:30:00
20260913-2020-2024,2024,20260913-2020-2024\2024\20240709.parquet,2024-07-09,21740542,1299230,2024-07-09 09:30:00,2024-07-09 15:30:00
20260913-2020-2024,2024,20260913-2020-2024\2024\20240710.parquet,2024-07-10,20656986,1299230,2024-07-10 09:30:00,2024-07-10 15:30:00
20260913-2020-2024,2024,20260913-2020-2024\2024\20240711.parquet,2024-07-11,20805789,1298748,2024-07-11 09:30:00,2024-07-11 15:30:00
20260913-2020-2024,2024,20260913-2020-2024\2024\20240712.parquet,2024-07-12,20622581,1298748,2024-07-12 09:30:00,2024-07-12 15:30:00
20260913-2020-2024,2024,20260913-2020-2024\2024\20240715.parquet,2024-07-15,20231484,1298748,2024-07-15 09:30:00,2024-07-15 15:30:00
20260913-2020-2024,2024,20260913-2020-2024\2024\20240716.parquet,2024-07-16,20526480,1298748,2024-07-16 09:30:00,2024-07-16 15:30:00
20260913-2020-2024,2024,20260913-2020-2024\2024\20240717.parquet,2024-07-17,20647748,1291278,2024-07-17 09:30:00,2024-07-17 15:00:00
20260913-2020-2024,2024,20260913-2020-2024\2024\20240718.parquet,2024-07-18,20161598,1230787,2024-07-18 09:30:00,2024-07-18 15:00:00
20260913-2020-2024,2024,20260913-2020-2024\2024\20240719.parquet,2024-07-19,19698014,1230787,2024-07-19 09:30:00,2024-07-19 15:00:00
20260913-2020-2024,2024,20260913-2020-2024\2024\20240722.parquet,2024-07-22,19598031,1230787,2024-07-22 09:30:00,2024-07-22 15:00:00
20260913-2020-2024,2024,20260913-2020-2024\2024\20240723.parquet,2024-07-23,20325392,1273366,2024-07-23 09:30:00,2024-07-23 15:30:00
20260913-2020-2024,2024,20260913-2020-2024\2024\20240724.parquet,2024-07-24,21275703,1298025,2024-07-24 09:30:00,2024-07-24 15:30:00
20260913-2020-2024,2024,20260913-2020-2024\2024\20240725.parquet,2024-07-25,20849781,1297784,2024-07-25 09:30:00,2024-07-25 15:30:00
20260913-2020-2024,2024,20260913-2020-2024\2024\20240726.parquet,2024-07-26,20392502,1298025,2024-07-26 09:30:00,2024-07-26 15:30:00
20260913-2020-2024,2024,20260913-2020-2024\2024\20240729.parquet,2024-07-29,20217860,1297784,2024-07-29 09:30:00,2024-07-29 15:30:00
20260913-2020-2024,2024,20260913-2020-2024\2024\20240730.parquet,2024-07-30,20281715,1297784,2024-07-30 09:30:00,2024-07-30 15:30:00
20260913-2020-2024,2024,20260913-2020-2024\2024\20240731.parquet,2024-07-31,21377195,1298025,2024-07-31 09:30:00,2024-07-31 15:30:00
20260913-2020-2024,2024,20260913-2020-2024\2024\20240801.parquet,2024-08-01,20827239,1298266,2024-08-01 09:30:00,2024-08-01 15:30:00
20260913-2020-2024,2024,20260913-2020-2024\2024\20240802.parquet,2024-08-02,21028388,1298266,2024-08-02 09:30:00,2024-08-02 15:30:00
20260913-2020-2024,2024,20260913-2020-2024\2024\20240805.parquet,2024-08-05,21725673,1298025,2024-08-05 09:30:00,2024-08-05 15:30:00
20260913-2020-2024,2024,20260913-2020-2024\2024\20240806.parquet,2024-08-06,20640788,1298266,2024-08-06 09:30:00,2024-08-06 15:30:00
20260913-2020-2024,2024,20260913-2020-2024\2024\20240807.parquet,2024-08-07,20313757,1298025,2024-08-07 09:30:00,2024-08-07 15:30:00
20260913-2020-2024,2024,20260913-2020-2024\2024\20240808.parquet,2024-08-08,20704786,1298025,2024-08-08 09:30:00,2024-08-08 15:30:00
20260913-2020-2024,2024,20260913-2020-2024\2024\20240809.parquet,2024-08-09,20320375,1298025,2024-08-09 09:30:00,2024-08-09 15:30:00
20260913-2020-2024,2024,20260913-2020-2024\2024\20240812.parquet,2024-08-12,20245362,1297302,2024-08-12 09:30:00,2024-08-12 15:30:00
20260913-2020-2024,2024,20260913-2020-2024\2024\20240813.parquet,2024-08-13,20046344,1297573,2024-08-13 09:30:00,2024-08-13 15:30:00
20260913-2020-2024,2024,20260913-2020-2024\2024\20240814.parquet,2024-08-14,19637741,1297543,2024-08-14 09:30:00,2024-08-14 15:30:00
20260913-2020-2024,2024,20260913-2020-2024\2024\20240815.parquet,2024-08-15,20474091,1296820,2024-08-15 09:30:00,2024-08-15 15:30:00
20260913-2020-2024,2024,20260913-2020-2024\2024\20240816.parquet,2024-08-16,20113744,1296820,2024-08-16 09:30:00,2024-08-16 15:30:00
20260913-2020-2024,2024,20260913-2020-2024\2024\20240819.parquet,2024-08-19,19965182,1296338,2024-08-19 09:30:00,2024-08-19 15:30:00
20260913-2020-2024,2024,20260913-2020-2024\2024\20240820.parquet,2024-08-20,20433262,1296609,2024-08-20 09:30:00,2024-08-20 15:30:00
20260913-2020-2024,2024,20260913-2020-2024\2024\20240821.parquet,2024-08-21,19939635,1296579,2024-08-21 09:30:00,2024-08-21 15:30:00
20260913-2020-2024,2024,20260913-2020-2024\2024\20240822.parquet,2024-08-22,20407702,1296850,2024-08-22 09:30:00,2024-08-22 15:30:00
20260913-2020-2024,2024,20260913-2020-2024\2024\20240823.parquet,2024-08-23,20396499,1296609,2024-08-23 09:30:00,2024-08-23 15:30:00
20260913-2020-2024,2024,20260913-2020-2024\2024\20240826.parquet,2024-08-26,20048124,1296609,2024-08-26 09:30:00,2024-08-26 15:30:00
20260913-2020-2024,2024,20260913-2020-2024\2024\20240827.parquet,2024-08-27,20176926,1296368,2024-08-27 09:30:00,2024-08-27 15:30:00
20260913-2020-2024,2024,20260913-2020-2024\2024\20240828.parquet,2024-08-28,20178139,1296368,2024-08-28 09:30:00,2024-08-28 15:30:00
20260913-2020-2024,2024,20260913-2020-2024\2024\20240829.parquet,2024-08-29,20465684,1296639,2024-08-29 09:30:00,2024-08-29 15:30:00
20260913-2020-2024,2024,20260913-2020-2024\2024\20240830.parquet,2024-08-30,21167407,1296398,2024-08-30 09:30:00,2024-08-30 15:30:00
20260913-2020-2024,2024,20260913-2020-2024\2024\20240902.parquet,2024-09-02,20688367,1288627,2024-09-02 09:30:00,2024-09-02 15:00:00
20260913-2020-2024,2024,20260913-2020-2024\2024\20240903.parquet,2024-09-03,19496410,1228889,2024-09-03 09:30:00,2024-09-03 15:30:00
20260913-2020-2024,2024,20260913-2020-2024\2024\20240904.parquet,2024-09-04,19376978,1228859,2024-09-04 09:30:00,2024-09-04 15:00:00
20260913-2020-2024,2024,20260913-2020-2024\2024\20240905.parquet,2024-09-05,18963105,1228618,2024-09-05 09:30:00,2024-09-05 15:00:00
20260913-2020-2024,2024,20260913-2020-2024\2024\20240906.parquet,2024-09-06,19599093,1271539,2024-09-06 09:30:00,2024-09-06 15:30:00
20260913-2020-2024,2024,20260913-2020-2024\2024\20240909.parquet,2024-09-09,20013324,1296639,2024-09-09 09:30:00,2024-09-09 15:30:00
20260913-2020-2024,2024,20260913-2020-2024\2024\20240910.parquet,2024-09-10,20552058,1296910,2024-09-10 09:30:00,2024-09-10 15:30:00
20260913-2020-2024,2024,20260913-2020-2024\2024\20240911.parquet,2024-09-11,19822351,1296880,2024-09-11 09:30:00,2024-09-11 15:30:00
20260913-2020-2024,2024,20260913-2020-2024\2024\20240912.parquet,2024-09-12,19703121,1296880,2024-09-12 09:30:00,2024-09-12 15:30:00
20260913-2020-2024,2024,20260913-2020-2024\2024\20240913.parquet,2024-09-13,20120443,1297151,2024-09-13 09:30:00,2024-09-13 15:30:00
20260913-2020-2024,2024,20260913-2020-2024\2024\20240918.parquet,2024-09-18,20480743,1297181,2024-09-18 09:30:00,2024-09-18 15:30:00
20260913-2020-2024,2024,20260913-2020-2024\2024\20240919.parquet,2024-09-19,20501115,1296910,2024-09-19 09:30:00,2024-09-19 15:30:00
20260913-2020-2024,2024,20260913-2020-2024\2024\20240920.parquet,2024-09-20,19849782,1296910,2024-09-20 09:30:00,2024-09-20 15:30:00
20260913-2020-2024,2024,20260913-2020-2024\2024\20240923.parquet,2024-09-23,19612257,1296910,2024-09-23 09:30:00,2024-09-23 15:30:00
20260913-2020-2024,2024,20260913-2020-2024\2024\20240924.parquet,2024-09-24,21357367,1296910,2024-09-24 09:30:00,2024-09-24 15:30:00
20260913-2020-2024,2024,20260913-2020-2024\2024\20240925.parquet,2024-09-25,21930946,1297181,2024-09-25 09:30:00,2024-09-25 15:30:00
20260913-2020-2024,2024,20260913-2020-2024\2024\20240926.parquet,2024-09-26,21622500,1297663,2024-09-26 09:30:00,2024-09-26 15:30:00
20260913-2020-2024,2024,20260913-2020-2024\2024\20240927.parquet,2024-09-27,20484210,1297422,2024-09-27 09:30:00,2024-09-27 15:30:00
20260913-2020-2024,2024,20260913-2020-2024\2024\20240930.parquet,2024-09-30,23855145,1297663,2024-09-30 09:30:00,2024-09-30 15:30:00
20260913-2020-2024,2024,20260913-2020-2024\2024\20241008.parquet,2024-10-08,24599829,1297663,2024-10-08 09:30:00,2024-10-08 15:30:00
20260913-2020-2024,2024,20260913-2020-2024\2024\20241009.parquet,2024-10-09,24409131,1297663,2024-10-09 09:30:00,2024-10-09 15:30:00
20260913-2020-2024,2024,20260913-2020-2024\2024\20241010.parquet,2024-10-10,24100164,1297663,2024-10-10 09:30:00,2024-10-10 15:30:00
20260913-2020-2024,2024,20260913-2020-2024\2024\20241011.parquet,2024-10-11,23708694,1297934,2024-10-11 09:30:00,2024-10-11 15:30:00
20260913-2020-2024,2024,20260913-2020-2024\2024\20241014.parquet,2024-10-14,23280399,1297934,2024-10-14 09:30:00,2024-10-14 15:30:00
20260913-2020-2024,2024,20260913-2020-2024\2024\20241015.parquet,2024-10-15,23135427,1297934,2024-10-15 09:30:00,2024-10-15 15:30:00
20260913-2020-2024,2024,20260913-2020-2024\2024\20241016.parquet,2024-10-16,22895845,1298175,2024-10-16 09:30:00,2024-10-16 15:30:00
20260913-2020-2024,2024,20260913-2020-2024\2024\20241017.parquet,2024-10-17,22847737,1298175,2024-10-17 09:30:00,2024-10-17 15:30:00
20260913-2020-2024,2024,20260913-2020-2024\2024\20241018.parquet,2024-10-18,23506045,1298175,2024-10-18 09:30:00,2024-10-18 15:30:00
20260913-2020-2024,2024,20260913-2020-2024\2024\20241021.parquet,2024-10-21,23089227,1298175,2024-10-21 09:30:00,2024-10-21 15:30:00
20260913-2020-2024,2024,20260913-2020-2024\2024\20241022.parquet,2024-10-22,23033372,1298175,2024-10-22 09:30:00,2024-10-22 15:30:00
20260913-2020-2024,2024,20260913-2020-2024\2024\20241023.parquet,2024-10-23,22972148,1298175,2024-10-23 09:30:00,2024-10-23 15:30:00
20260913-2020-2024,2024,20260913-2020-2024\2024\20241024.parquet,2024-10-24,22421217,1298657,2024-10-24 09:30:00,2024-10-24 15:30:00
20260913-2020-2024,2024,20260913-2020-2024\2024\20241025.parquet,2024-10-25,22603292,1298898,2024-10-25 09:30:00,2024-10-25 15:30:00
20260913-2020-2024,2024,20260913-2020-2024\2024\20241028.parquet,2024-10-28,22533542,1291278,2024-10-28 09:30:00,2024-10-28 15:00:00
20260913-2020-2024,2024,20260913-2020-2024\2024\20241029.parquet,2024-10-29,21913647,1230576,2024-10-29 09:30:00,2024-10-29 15:30:00
20260913-2020-2024,2024,20260913-2020-2024\2024\20241030.parquet,2024-10-30,21863762,1230305,2024-10-30 09:30:00,2024-10-30 15:00:00
20260913-2020-2024,2024,20260913-2020-2024\2024\20241031.parquet,2024-10-31,22478877,1274322,2024-10-31 09:30:00,2024-10-31 15:30:00
20260913-2020-2024,2024,20260913-2020-2024\2024\20241101.parquet,2024-11-01,23507350,1299922,2024-11-01 09:30:00,2024-11-01 15:30:00
20260913-2020-2024,2024,20260913-2020-2024\2024\20241104.parquet,2024-11-04,22566471,1299922,2024-11-04 09:30:00,2024-11-04 15:30:00
20260913-2020-2024,2024,20260913-2020-2024\2024\20241105.parquet,2024-11-05,23020988,1299922,2024-11-05 09:30:00,2024-11-05 15:30:00
20260913-2020-2024,2024,20260913-2020-2024\2024\20241106.parquet,2024-11-06,23495324,1299922,2024-11-06 09:30:00,2024-11-06 15:30:00
20260913-2020-2024,2024,20260913-2020-2024\2024\20241107.parquet,2024-11-07,23342769,1300404,2024-11-07 09:30:00,2024-11-07 15:30:00
20260913-2020-2024,2024,20260913-2020-2024\2024\20241108.parquet,2024-11-08,23586800,1300675,2024-11-08 09:30:00,2024-11-08 15:30:00
20260913-2020-2024,2024,20260913-2020-2024\2024\20241111.parquet,2024-11-11,23166533,1300675,2024-11-11 09:30:00,2024-11-11 15:30:00
20260913-2020-2024,2024,20260913-2020-2024\2024\20241112.parquet,2024-11-12,23668952,1300675,2024-11-12 09:30:00,2024-11-12 15:30:00
20260913-2020-2024,2024,20260913-2020-2024\2024\20241113.parquet,2024-11-13,23442450,1300675,2024-11-13 09:30:00,2024-11-13 15:30:00
20260913-2020-2024,2024,20260913-2020-2024\2024\20241114.parquet,2024-11-14,23318642,1300675,2024-11-14 09:30:00,2024-11-14 15:30:00
20260913-2020-2024,2024,20260913-2020-2024\2024\20241115.parquet,2024-11-15,23375635,1300675,2024-11-15 09:30:00,2024-11-15 15:30:00
20260913-2020-2024,2024,20260913-2020-2024\2024\20241118.parquet,2024-11-18,23508019,1300946,2024-11-18 09:30:00,2024-11-18 15:30:00
20260913-2020-2024,2024,20260913-2020-2024\2024\20241119.parquet,2024-11-19,23209368,1300946,2024-11-19 09:30:00,2024-11-19 15:30:00
20260913-2020-2024,2024,20260913-2020-2024\2024\20241120.parquet,2024-11-20,22801176,1301187,2024-11-20 09:30:00,2024-11-20 15:30:00
20260913-2020-2024,2024,20260913-2020-2024\2024\20241121.parquet,2024-11-21,22874721,1301187,2024-11-21 09:30:00,2024-11-21 15:30:00
20260913-2020-2024,2024,20260913-2020-2024\2024\20241122.parquet,2024-11-22,23469129,1301428,2024-11-22 09:30:00,2024-11-22 15:30:00
20260913-2020-2024,2024,20260913-2020-2024\2024\20241125.parquet,2024-11-25,23149978,1301428,2024-11-25 09:30:00,2024-11-25 15:30:00
20260913-2020-2024,2024,20260913-2020-2024\2024\20241126.parquet,2024-11-26,22881949,1301940,2024-11-26 09:30:00,2024-11-26 15:30:00
20260913-2020-2024,2024,20260913-2020-2024\2024\20241127.parquet,2024-11-27,23337219,1301669,2024-11-27 09:30:00,2024-11-27 15:30:00
20260913-2020-2024,2024,20260913-2020-2024\2024\20241128.parquet,2024-11-28,21551970,1231751,2024-11-28 09:30:00,2024-11-28 15:00:00
20260913-2020-2024,2024,20260913-2020-2024\2024\20241129.parquet,2024-11-29,23111609,1302181,2024-11-29 09:30:00,2024-11-29 15:30:00
20260913-2020-2024,2024,20260913-2020-2024\2024\20241202.parquet,2024-12-02,22720680,1302181,2024-12-02 09:30:00,2024-12-02 15:30:00
20260913-2020-2024,2024,20260913-2020-2024\2024\20241203.parquet,2024-12-03,22850368,1302181,2024-12-03 09:30:00,2024-12-03 15:30:00
20260913-2020-2024,2024,20260913-2020-2024\2024\20241204.parquet,2024-12-04,22990354,1302422,2024-12-04 09:30:00,2024-12-04 15:30:00
20260913-2020-2024,2024,20260913-2020-2024\2024\20241205.parquet,2024-12-05,22580897,1302934,2024-12-05 09:30:00,2024-12-05 15:30:00
20260913-2020-2024,2024,20260913-2020-2024\2024\20241206.parquet,2024-12-06,22814054,1302934,2024-12-06 09:30:00,2024-12-06 15:30:00
20260913-2020-2024,2024,20260913-2020-2024\2024\20241209.parquet,2024-12-09,22958375,1302934,2024-12-09 09:30:00,2024-12-09 15:30:00
20260913-2020-2024,2024,20260913-2020-2024\2024\20241210.parquet,2024-12-10,23361645,1302934,2024-12-10 09:30:00,2024-12-10 15:30:00
20260913-2020-2024,2024,20260913-2020-2024\2024\20241211.parquet,2024-12-11,22610267,1303175,2024-12-11 09:30:00,2024-12-11 15:30:00
20260913-2020-2024,2024,20260913-2020-2024\2024\20241212.parquet,2024-12-12,22637568,1295616,2024-12-12 09:30:00,2024-12-12 15:00:00
20260913-2020-2024,2024,20260913-2020-2024\2024\20241213.parquet,2024-12-13,21781287,1232956,2024-12-13 09:30:00,2024-12-13 15:00:00
20260913-2020-2024,2024,20260913-2020-2024\2024\20241216.parquet,2024-12-16,21648327,1232956,2024-12-16 09:30:00,2024-12-16 15:00:00
20260913-2020-2024,2024,20260913-2020-2024\2024\20241217.parquet,2024-12-17,22039380,1233227,2024-12-17 09:30:00,2024-12-17 15:30:00
20260913-2020-2024,2024,20260913-2020-2024\2024\20241218.parquet,2024-12-18,22070533,1277587,2024-12-18 09:30:00,2024-12-18 15:30:00
20260913-2020-2024,2024,20260913-2020-2024\2024\20241219.parquet,2024-12-19,22977633,1303687,2024-12-19 09:30:00,2024-12-19 15:30:00
20260913-2020-2024,2024,20260913-2020-2024\2024\20241220.parquet,2024-12-20,22551013,1304169,2024-12-20 09:30:00,2024-12-20 15:30:00
20260913-2020-2024,2024,20260913-2020-2024\2024\20241223.parquet,2024-12-23,23151310,1304169,2024-12-23 09:30:00,2024-12-23 15:30:00
20260913-2020-2024,2024,20260913-2020-2024\2024\20241224.parquet,2024-12-24,22628592,1304681,2024-12-24 09:30:00,2024-12-24 15:30:00
20260913-2020-2024,2024,20260913-2020-2024\2024\20241225.parquet,2024-12-25,22802461,1304410,2024-12-25 09:30:00,2024-12-25 15:30:00
20260913-2020-2024,2024,20260913-2020-2024\2024\20241226.parquet,2024-12-26,22053002,1304681,2024-12-26 09:30:00,2024-12-26 15:30:00
20260913-2020-2024,2024,20260913-2020-2024\2024\20241227.parquet,2024-12-27,22478646,1304681,2024-12-27 09:30:00,2024-12-27 15:30:00
20260913-2020-2024,2024,20260913-2020-2024\2024\20241230.parquet,2024-12-30,22412175,1304922,2024-12-30 09:30:00,2024-12-30 15:30:00
20260913-2020-2024,2024,20260913-2020-2024\2024\20241231.parquet,2024-12-31,22978542,1304922,2024-12-31 09:30:00,2024-12-31 15:30:00
