family,symbol,day,category,sig_ret_20,pool_med_20,pool_mean_20,elig_ctrl_20,fill_day,trig_to_fill,post_fill_ret_20
A1,sh.600536,2015-03-02,filled,0.05991735537190057,0.17346133575665046,0.20852190054684788,0.3011494975013681,2015-03-03,0.032851239669421606,0.03320664132826523
A1,sh.600118,2015-03-02,filled,0.07204968944099432,0.17346133575665046,0.20852190054684788,0.2159406075867623,2015-03-03,0.0059006211180123724,0.06946588453226332
A1,sz.002089,2015-03-02,filled,0.16009557945041797,0.17346133575665046,0.20852190054684788,0.1736102512826702,2015-03-03,-0.019115890083631792,0.22472594397076673
A1,sh.600874,2015-03-02,filled,0.08661417322834652,0.17346133575665046,0.20852190054684788,0.1586875081578872,2015-03-03,0.10000000000000009,-0.024337866857551682
A1,sh.600678,2015-03-03,unmatched,0.2267441860465118,0.17610641903160773,0.21573460812015624,0.11255492814445453,,,
A1,sz.000748,2015-03-03,unmatched,0.11096286413164291,0.17610641903160773,0.21573460812015624,0.2584612411216631,,,
A1,sh.600177,2015-03-03,unmatched,0.3521428571428573,0.17610641903160773,0.21573460812015624,0.1710652530298335,,,
A1,sz.000548,2015-03-03,unmatched,0.1663066954643626,0.17610641903160773,0.21573460812015624,0.1544760410098759,,,
A1,sh.601718,2015-03-03,unmatched,0.009873060648801113,0.17610641903160773,0.21573460812015624,0.19432236768172287,,,
A1,sz.000939,2015-03-03,unmatched,0.21849963583394105,0.17610641903160773,0.21573460812015624,0.1849590521743226,,,
A1,sh.600107,2015-03-06,unmatched,0.33947368421052593,0.23471571939390345,0.277101920898615,0.2999282806723971,,,
A1,sh.600096,2015-03-09,unmatched,0.14578910120311384,0.24156101809419628,0.28667254786263724,0.24459803830272103,,,
A1,sh.600098,2015-03-09,unmatched,0.10780287474332617,0.24156101809419628,0.28667254786263724,0.23400821325044033,,,
A1,sh.600297,2015-03-11,filled,0.11356262167423736,0.20149275804049704,0.2546507746749208,0.18180334033422496,2015-03-12,-0.035691109669046095,0.16487213997308192
A1,sz.000835,2015-03-11,unmatched,0.2914331465172135,0.20149275804049704,0.2546507746749208,0.2410223491734243,,,
A1,sh.600010,2015-03-13,unmatched,0.04810996563573866,0.25041810147809873,0.30013199057088435,0.21872456190441128,,,
A1,sh.600029,2015-03-13,unmatched,0.5294117647058829,0.25041810147809873,0.30013199057088435,0.2883731740900073,,,
A1,sz.000987,2015-03-16,unmatched,0.5328151986183074,0.2218889454193843,0.264255299987571,0.14859304148807734,,,
A1,sz.000680,2015-03-17,unmatched,0.1762632197414804,0.16407952001485582,0.20669451555329366,0.029872954968551645,,,
A1,sh.601111,2015-03-17,unmatched,0.04554865424430665,0.16407952001485582,0.20669451555329366,0.212271347688236,,,
A1,sh.600227,2015-03-18,unmatched,0.29508196721311464,0.1563260106715375,0.1996332839205374,0.1344550773365501,,,
A1,sh.600569,2015-03-18,unmatched,0.08860759493670889,0.1563260106715375,0.1996332839205374,0.18819760474280955,,,
A1,sh.600876,2015-03-18,unmatched,0.22001803426510436,0.1563260106715375,0.1996332839205374,0.07714488929804504,,,
A1,sh.600782,2015-03-18,unmatched,0.1319444444444442,0.1563260106715375,0.1996332839205374,0.16219934836062558,,,
A1,sz.000713,2015-03-18,unmatched,0.09897610921501743,0.1563260106715375,0.1996332839205374,0.16125449409488507,,,
A1,sh.600396,2015-03-18,unmatched,0.15549597855227848,0.1563260106715375,0.1996332839205374,0.13066664499903252,,,
A1,sh.601186,2015-03-19,unmatched,0.4603564843269834,0.16106016580918614,0.20145832846931563,0.22523898184022934,,,
A1,sh.601669,2015-03-19,unmatched,0.5472972972972967,0.16106016580918614,0.20145832846931563,0.21185490310607621,,,
A1,sh.600639,2015-03-19,unmatched,-0.0543396226415096,0.16106016580918614,0.20145832846931563,0.09749233980305419,,,
A1,sh.601800,2015-03-19,unmatched,0.46922567835870255,0.16106016580918614,0.20145832846931563,0.1462105688692812,,,
A1,sh.601618,2015-03-19,unmatched,0.30367504835589965,0.16106016580918614,0.20145832846931563,0.21267277418333635,,,
A1,sh.600068,2015-03-19,unmatched,0.20948616600790526,0.16106016580918614,0.20145832846931563,0.18740494534863306,,,
A1,sz.000031,2015-03-20,unmatched,0.20563674321503123,0.12762011594479206,0.16870706642016436,0.21617710370232784,,,
A1,sh.601688,2015-03-20,unmatched,0.04038179148311305,0.12762011594479206,0.16870706642016436,0.27638789691741716,,,
A1,sh.601000,2015-03-23,unmatched,0.05796089385474845,0.13698630136986334,0.17360260961956045,0.20292478899644917,,,
A1,sz.000024,2015-03-23,unmatched,0.08165460799747648,0.13698630136986334,0.17360260961956045,0.2923490121379912,,,
A1,sz.002271,2015-03-23,unmatched,0.028904428904428903,0.13698630136986334,0.17360260961956045,0.1153580232315734,,,
A1,sh.600657,2015-03-23,unmatched,0.12293144208037798,0.13698630136986334,0.17360260961956045,0.10863345223679399,,,
A1,sz.000750,2015-03-23,unmatched,0.061788617886179065,0.13698630136986334,0.17360260961956045,0.13679314400016113,,,
A1,sh.600999,2015-03-23,unmatched,0.13909412142627686,0.13698630136986334,0.17360260961956045,0.22092937433876497,,,
A1,sh.600113,2015-03-26,unmatched,0.07738492328218749,0.16881172311113324,0.20335975473132298,0.20111174732428566,,,
A1,sh.600685,2015-03-26,unmatched,0.1316600616468513,0.16881172311113324,0.20335975473132298,0.18894262118786087,,,
A1,sh.601989,2015-03-26,unmatched,0.3486590038314177,0.16881172311113324,0.20335975473132298,0.3303019130159017,,,
A1,sz.000528,2015-03-30,unmatched,0.004968062455642519,0.11338100102145088,0.15298954995462322,0.26779458198111783,,,
A1,sh.601318,2015-03-30,unmatched,0.07641320660330164,0.11338100102145088,0.15298954995462322,0.2931378395741151,,,
A1,sh.600188,2015-03-30,unmatched,0.060179257362356076,0.11338100102145088,0.15298954995462322,0.22743064222490905,,,
A1,sz.000651,2015-03-30,unmatched,0.2700450450450449,0.11338100102145088,0.15298954995462322,0.08275109108622276,,,
A1,sh.601668,2015-03-30,unmatched,0.2984886649874059,0.11338100102145088,0.15298954995462322,0.2195436272065594,,,
A1,sh.600061,2015-03-30,unmatched,0.07802197802197819,0.11338100102145088,0.15298954995462322,0.15958999221040532,,,
A1,sz.000776,2015-03-30,unmatched,0.03735944867609775,0.11338100102145088,0.15298954995462322,0.23115614002738374,,,
A1,sh.600325,2015-03-30,unmatched,-0.03028350515463918,0.11338100102145088,0.15298954995462322,0.20504481916644623,,,
A1,sz.002500,2015-03-30,unmatched,0.3054245283018866,0.11338100102145088,0.15298954995462322,0.26826360669069715,,,
A1,sh.600031,2015-03-30,unmatched,0.026974951830443183,0.11338100102145088,0.15298954995462322,0.1370928894088099,,,
A1,sh.600864,2015-03-30,unmatched,0.17060702875399403,0.11338100102145088,0.15298954995462322,0.25242431037847624,,,
A1,sz.002621,2015-10-16,filled,0.0772532188841204,0.08966658295926555,0.12099688751327894,0.21487631179270986,2015-10-19,0.02145922746781115,0.07563025210084073
A1,sz.000702,2015-10-16,filled,-0.0015873015873014706,0.08966658295926555,0.12099688751327894,0.07556184332403826,2015-10-19,-0.03015873015873005,0.06137479541734869
A1,sz.002095,2015-10-19,unmatched,0.11824222289338615,0.12087240536722776,0.1442258361531894,0.1242776580587068,,,
A1,sh.603288,2015-10-19,filled,-0.01580005745475499,0.12087240536722776,0.1442258361531894,0.22244896411768672,2015-10-20,0.0091927607009481,-0.027896384856249012
A1,sh.603088,2015-10-20,filled,0.14652908067542225,0.08979977708781162,0.11667352915209726,0.12564158883030738,2015-10-21,-0.05459662288930578,0.2095653899583252
A1,sh.600036,2015-10-21,unmatched,-0.02835741037988193,0.16418193302435036,0.18659780235418705,0.15104536361280507,,,
A1,sh.600279,2015-10-23,unmatched,0.0543401552575864,0.12245470245199774,0.14352934591037883,0.03266585873387125,,,
A1,sh.600285,2015-10-23,unmatched,-0.0565345080763584,0.12245470245199774,0.14352934591037883,0.12333448352026428,,,
A1,sh.600276,2015-10-26,unmatched,-0.03002887391722786,0.092968436806799,0.12215969701375101,0.027109155008254747,,,
A1,sz.002519,2015-10-27,unmatched,0.08326429163214621,0.09884494347372008,0.12470021381811917,0.050679122009470265,,,
A1,sh.603588,2015-10-27,unmatched,0.11022342586323597,0.09884494347372008,0.12470021381811917,0.2614810283856238,,,
A1,sz.000613,2015-10-29,unmatched,0.08832116788321165,0.1202961839592902,0.1504536109695941,0.04760627695081212,,,
A1,sz.002423,2015-10-30,unmatched,-0.1095489162272999,0.04986728672051355,0.08416089165329375,0.09255027695370126,,,
A1,sz.002743,2015-11-26,unmatched,0.09860359076660008,-0.017692591227423726,-0.0005631324193648965,-0.09095353293405069,,,
A1,sh.600365,2016-02-24,filled,-0.0012262415695893925,0.003766022921404266,0.017413971055913507,0.02820016402003417,2016-02-25,-0.05334150827713058,0.160621761658031
A1,sh.600219,2016-04-01,filled,-0.13101604278074874,0.001697792869269854,0.01917720753320801,0.007900906303094235,2016-04-05,-0.014705882352941235,-0.08276797829036642
A1,sz.000961,2016-04-05,filled,0.089096573208723,-0.021990740740741033,-0.00896562648846067,-0.023331328987042665,2016-04-06,-0.010591900311526459,0.1007556675062975
A1,sz.002572,2016-04-05,filled,0.16201889836367833,-0.021990740740741033,-0.00896562648846067,0.019389324592716008,2016-04-06,-0.011523392486748052,0.1678712986710189
A1,sh.601199,2016-04-05,unmatched,0.02016348773841914,-0.021990740740741033,-0.00896562648846067,0.09807901271994532,,,
A1,sz.000567,2016-04-06,unmatched,-0.09119054320292708,-0.020810514786418266,-0.009312061081325176,-0.025385339807972373,,,
A1,sz.002508,2016-04-07,unmatched,0.06097814776274757,-0.04393770856507262,-0.032106837601055635,0.003638194855642296,,,
A1,sz.000036,2016-04-08,unmatched,-0.055741360089186176,-0.07804131599081854,-0.06348542187610774,0.012421942190880109,,,
A1,sz.002530,2016-04-11,unmatched,0.0007434923840046181,-0.10081008100810052,-0.08562583098738415,-0.08479383810566832,,,
A1,sh.600104,2016-04-11,unmatched,-0.02203721841332107,-0.10081008100810052,-0.08562583098738415,-0.09047688249101678,,,
A1,sz.002294,2016-04-11,unmatched,-0.05827911079294812,-0.10081008100810052,-0.08562583098738415,-0.10100765688595899,,,
A1,sz.000708,2016-04-12,unmatched,-0.1220504475183074,-0.10092807424593953,-0.084169494141824,-0.051416586556988886,,,
A1,sh.600782,2016-04-12,unmatched,-0.22857142857142831,-0.10092807424593953,-0.084169494141824,-0.10921625637123225,,,
A1,sh.601088,2016-04-12,unmatched,-0.08483633934535761,-0.10092807424593953,-0.084169494141824,-0.047320027323056756,,,
A1,sh.600188,2016-04-13,unmatched,-0.24470787468247224,-0.12012480499219969,-0.1005714819411123,-0.0853264783371404,,,
A1,sh.600395,2016-04-13,unmatched,-0.2406749555950265,-0.12012480499219969,-0.1005714819411123,-0.038976096342647,,,
A1,sz.000937,2016-04-13,unmatched,-0.15472312703583058,-0.12012480499219969,-0.1005714819411123,-0.13616969435415924,,,
A1,sz.000951,2016-04-13,unmatched,-0.16217732884399594,-0.12012480499219969,-0.1005714819411123,-0.08776220537562221,,,
A1,sh.600348,2016-04-13,unmatched,-0.20969855832241124,-0.12012480499219969,-0.1005714819411123,-0.06630768542511353,,,
A1,sh.600508,2016-04-13,unmatched,-0.12413108242303827,-0.12012480499219969,-0.1005714819411123,0.04672772972524162,,,
A1,sz.002578,2016-04-14,unmatched,-0.18066406250000033,-0.13301201938751106,-0.11257253271373165,-0.12115866527758823,,,
A1,sh.600851,2016-04-14,unmatched,-0.07266666666666699,-0.13301201938751106,-0.11257253271373165,-0.06785182007755108,,,
A1,sh.600123,2016-04-14,unmatched,-0.19377162629757783,-0.13301201938751106,-0.11257253271373165,-0.05201932249165735,,,
A1,sz.002586,2016-04-15,unmatched,-0.12266666666666659,-0.12023671515650125,-0.09736313526942438,-0.11650324824686939,,,
A1,sh.601009,2016-04-15,unmatched,0.04026845637583909,-0.12023671515650125,-0.09736313526942438,-0.10488029383167159,,,
A1,sh.600111,2016-04-15,unmatched,-0.05367647058823588,-0.12023671515650125,-0.09736313526942438,-0.11769655272328258,,,
A1,sh.601166,2016-04-15,unmatched,0.004419191919192267,-0.12023671515650125,-0.09736313526942438,-0.1083132409223531,,,
A1,sz.000586,2016-04-19,unmatched,-0.09691438504997796,-0.13474465709199873,-0.11540442521267906,-0.13000186237610956,,,
A1,sz.002155,2016-04-21,unmatched,0.15271389144434222,-0.06489834442819764,-0.04614953705180285,-0.02560709654183657,,,
A1,sh.600997,2016-04-22,unmatched,-0.09010600706713778,-0.06003060443764363,-0.04022006235765371,-0.05679028916397886,,,
A1,sh.600016,2016-04-26,unmatched,-0.06342494714587743,-0.0778933829243812,-0.05892075552147709,-0.07239680111828661,,,
A1,sh.600177,2016-04-28,unmatched,-0.027504911591355596,-0.06360130041089579,-0.0479790053444998,-0.06418314694064362,,,
A1,sz.000573,2016-04-29,unmatched,-0.040718562874251685,-0.06784034178187387,-0.054736093137655505,-0.10609861760762831,,,
A1,sh.601689,2016-06-22,filled,-0.015903927296332054,0.06327896079713535,0.07290836072810207,0.025615607616996307,2016-06-23,-0.013631937682570539,-0.0013162224415922408
A1,sz.000887,2016-07-06,filled,-0.04674046740467397,-0.040892193308550207,-0.030688957852397638,0.06894600786317084,2016-07-07,0.0016400164001639794,-0.04338927548096605
A1,sz.002032,2016-07-12,filled,-0.0017930327868850293,-0.03101475459198988,-0.0170352106914002,0.004037714114033708,2016-07-13,-0.03637295081967218,0.03375863902179721
A1,sz.002596,2016-07-15,unmatched,-0.012941176470588012,-0.041640378548895685,-0.02821265993375963,-0.022780803192595078,,,
A1,sh.603898,2016-07-19,filled,0.016051816389749174,-0.013580246913580063,0.00008667440334661653,-0.028582680984638054,2016-07-20,0.0022528865108422114,0.02135431300927193
A1,sh.600848,2016-09-01,unmatched,-0.047702407002188196,0.0,0.015600260443977462,-0.030230205599895577,,,
A1,sz.002491,2016-09-06,unmatched,-0.05827886710239627,-0.008460236886632333,0.008997854369792085,-0.04513689698156147,,,
A1,sh.600733,2016-09-08,unmatched,-0.39293397413153586,-0.021037868162692264,-0.0054471912144945945,-0.01870845138681889,,,
A1,sz.002411,2016-09-09,unmatched,0.1758000876808421,0.0018814675446849893,0.01622432647811193,-0.00659459550309438,,,
A1,sh.603268,2016-09-14,unmatched,-0.11052362271874505,0.030557219892150655,0.043456931635943344,0.04196873563803534,,,
A1,sz.002352,2016-09-22,unmatched,0.05523495465787254,0.01939058171745134,0.031174090618366408,-0.07550927743038569,,,
A1,sh.600228,2016-09-27,unmatched,0.11212333566923616,0.03948736185578294,0.053389871964788636,0.0823727797506296,,,
A1,sh.600660,2016-10-10,unmatched,-0.038064165307232556,0.01408450704225328,0.02795282173398446,0.22715285940686644,,,
A1,sh.600877,2016-10-10,unmatched,0.11899313501144193,0.01408450704225328,0.02795282173398446,0.04896821423031041,,,
A1,sh.601633,2016-10-10,unmatched,-0.06535362578334836,0.01408450704225328,0.02795282173398446,-0.054918107032251307,,,
A1,sz.002647,2016-10-12,unmatched,0.09839187473550548,0.002421307506053738,0.018523624836763522,0.002157257303433302,,,
A1,sz.002057,2016-10-14,unmatched,0.006752608962553808,0.02514506769825875,0.0398169439514609,-0.019388944232259942,,,
A1,sh.603611,2016-10-18,unmatched,0.1674008810572689,0.026331538001196586,0.039094107818479176,0.14940824812270498,,,
A1,sh.601668,2016-10-18,unmatched,0.1818181818181821,0.026331538001196586,0.039094107818479176,0.08015501659411925,,,
A1,sh.600084,2016-10-19,unmatched,-0.03577817531305949,0.026098901098901006,0.03818782940963841,0.007946570636449124,,,
A1,sh.600161,2016-10-20,unmatched,-0.07703048638585053,0.023255813953488413,0.034638517530837215,-0.039503999284476385,,,
A1,sz.000034,2016-10-20,unmatched,-0.14663461538461564,0.023255813953488413,0.034638517530837215,0.005174006325723046,,,
A1,sh.601058,2016-10-26,unmatched,0.016166281755195966,0.017379679144384985,0.029574897396262224,0.1357155679536182,,,
A1,sz.000004,2016-11-01,unmatched,0.0019175455417064224,0.008490868311438637,0.017764104265341276,0.06595576007015236,,,
A1,sz.002647,2016-11-03,unmatched,0.17625827150591533,0.008683068017365958,0.016674282463086734,0.014689625120999939,,,
A1,sz.000007,2016-11-03,unmatched,-0.05588673621460538,0.008683068017365958,0.016674282463086734,0.016946183728316466,,,
A1,sz.000608,2016-11-03,unmatched,0.027777777777777235,0.008683068017365958,0.016674282463086734,-0.01855170210749313,,,
A1,sz.000019,2016-11-04,unmatched,-0.15295305401312476,-0.007299270072992692,0.002331593137054219,0.021193907600606264,,,
A1,sh.603017,2016-11-15,unmatched,-0.17017828200972418,-0.08271534512264678,-0.07009177513677974,-0.09821144342125739,,,
A1,sz.002685,2016-11-16,filled,-0.17891097666378553,-0.0876404494382026,-0.07449487463862418,-0.13398737620537488,2016-11-17,-0.008643042350907515,-0.16477768090671308
A1,sz.000002,2016-11-18,unmatched,-0.18975468975468945,-0.06585788561525108,-0.054620249973037875,-0.004030946182499417,,,
A1,sh.600383,2016-11-23,unmatched,-0.010093167701863415,-0.0624060150375938,-0.054937234053878,-0.027173687890375352,,,
A1,sh.600475,2016-12-19,unmatched,-0.18733153638814015,-0.046457670101980264,-0.048656515198656776,-0.007949552057357524,,,
A1,sz.000725,2017-01-03,filled,0.029032258064515704,-0.024390243902439268,-0.021409297383273823,-0.04560549248201111,2017-01-04,0.006451612903225712,0.022435897435897134
A1,sz.000959,2017-01-04,filled,-0.07320261437908526,-0.031550068587105295,-0.027587408866634723,-0.083432211603747,2017-01-05,-0.007843137254902044,-0.05928853754940733
A1,sh.600742,2017-01-09,filled,0.01473087818696861,-0.02033898305084736,-0.015887450346283312,-0.0631332415062427,2017-01-10,-0.01359773371104811,0.0201033888569786
A1,sh.600764,2017-02-21,filled,0.02388337468982593,-0.007898108270184612,0.002531172518554432,0.03701380752934271,2017-02-22,0.06389578163771703,-0.0408163265306124
A1,sh.600260,2017-03-01,unmatched,0.10144927536231907,-0.019567673688794085,-0.008868156002992617,0.05817443998318592,,,
A1,sh.600638,2017-03-03,unmatched,-0.004987531172069848,-0.028271424547322788,-0.018188384259230157,-0.0018290904278909226,,,
A1,sz.002143,2017-03-20,unmatched,-0.49381338969300814,-0.06442223249246054,-0.056846483500328525,-0.13162294856427478,,,
A1,sh.600209,2017-03-24,unmatched,-0.3061907417735643,-0.09515635212100476,-0.09169175212467627,-0.19905741149197842,,,
A1,sz.002040,2017-03-30,filled,-0.23047906450396094,-0.068282349486666,-0.058143530265808006,-0.10580774661662821,2017-03-31,-0.09996227838551508,-0.1278290025146689
A1,sz.002411,2017-06-08,filled,0.0010582010582005363,0.03045646336785568,0.04140330725911369,-0.005431747381830554,2017-06-09,0.0017636684303350414,0.000352112676056171
A1,sz.000816,2017-07-10,filled,-0.06184210526315814,-0.013161321819984861,-0.001281489027320837,0.02825078195894175,2017-07-11,-0.02631578947368418,-0.03648648648648678
A1,sh.600303,2017-07-20,filled,0.021616541353383978,0.024725274725274637,0.034265121806267,0.15700805095636738,2017-07-21,0.08364661654135319,-0.06678230702515109
A1,sz.000709,2017-07-28,unmatched,-0.08966861598440545,0.011198208286673506,0.01722433653307034,0.055701645988590134,,,
A1,sz.002057,2017-09-04,filled,-0.019695044472681,-0.009106644370684869,0.009062711396952234,-0.026634194620268104,2017-09-05,-0.031766200762388785,0.014435695538057791
A1,sz.000510,2017-09-08,filled,-0.10395584176632933,-0.0009371953696758473,0.010396265736016569,-0.002847057451411539,2017-09-11,-0.026678932842686187,-0.1086956521739132
A1,sz.002407,2017-09-11,unmatched,-0.11617067049121521,-0.022495466017921906,-0.013415325740567304,-0.04522776663532731,,,
A1,sh.600773,2017-09-11,filled,-0.01652298850574685,-0.022495466017921906,-0.013415325740567304,-0.07974731847060959,2017-09-12,-0.0007183908045976795,-0.018691588785046287
A1,sz.002408,2017-09-12,filled,-0.07480314960629864,-0.020713595322851053,-0.013062977576469691,-0.0462655538672214,2017-09-13,0.013385826771653564,-0.09013209013208956
A1,sz.000831,2017-09-13,unmatched,-0.2142857142857144,-0.030303093401742476,-0.025007577440984342,-0.09011677045518558,,,
A1,sz.000657,2017-09-18,unmatched,-0.1371321227301192,-0.030777931941402825,-0.022825256736723438,-0.09002821704937496,,,
A1,sh.600315,2017-11-01,filled,0.001902173913043148,-0.060550418510890325,-0.05317708617477495,-0.006299154977314703,2017-11-02,0.001630434782608825,-0.008410200759631503
A1,sh.600179,2018-01-08,filled,-0.27926549349655705,-0.09242083225954467,-0.08462378227770787,-0.12784514802177693,2018-01-09,0.044376434583014435,-0.37875457875457874
A1,sz.002656,2018-01-12,filled,-0.36101083032491,-0.15087413333249955,-0.15359005522443264,-0.1802951579025337,2018-01-15,-0.004011231448054597,-0.35561820378574316
A1,sz.002596,2018-01-16,filled,-0.13231552162849902,-0.11285459375281703,-0.11299785142277188,-0.2650442332982375,2018-01-17,0.032230703986429354,-0.14379622021364047
A1,sz.000735,2018-01-23,filled,-0.06494960806271033,-0.08337847598411019,-0.08255894573699309,-0.17558034102168746,2018-01-24,0.02015677491601342,-0.10098792535675127
A1,sz.002742,2018-01-26,unmatched,0.11613745106568096,-0.07712240937479509,-0.07690749478834888,-0.10079297675426044,,,
A1,sz.000673,2018-05-04,unmatched,-0.5815677966101693,-0.03826672219600402,-0.0287480824901656,-0.011223819903841314,,,
A1,sz.000576,2018-05-09,filled,-0.07172224760164458,-0.0439826398601561,-0.036648101999124334,-0.14795501381732626,2018-05-10,-0.003654636820466073,-0.06923429619440613
A1,sz.000810,2018-06-11,filled,0.10777202072538827,-0.10012674271229449,-0.09968509487326321,-0.037537855425607024,2018-06-12,0.0694300518134714,0.027131782945736038
A1,sz.000656,2018-09-04,filled,-0.061068702290075993,-0.04033214709371258,-0.042920154472452704,-0.037811400706221666,2018-09-05,0.00190839694656475,-0.09714285714285664
A1,sz.000089,2018-09-21,filled,-0.10320284697508908,-0.13938053097345082,-0.13090245384895222,-0.13687380526300794,2018-09-25,-0.023724792408066464,-0.0814094775212637
A1,sz.002030,2018-10-08,filled,-0.3378820960698692,-0.036878232863788496,-0.034998276784802426,-0.05805488221115764,2018-10-09,0.003820960698689868,-0.34475258292550315
A1,sh.600338,2018-10-10,filled,-0.12417218543046371,-0.0461059597696854,-0.04401438522447551,-0.12883164384907692,2018-10-11,-0.024006622516556386,-0.12637828668363016
A1,sh.600766,2019-01-10,filled,-0.1504424778761062,0.04524361948955913,0.04732892274418653,-0.11399255715045203,2019-01-11,0.0022123893805310324,-0.14017660044150115
A1,sh.600546,2019-07-02,filled,0.26132404181184654,-0.04871794871794821,-0.04156732031379959,-0.06687880754293149,2019-07-03,0.06271777003484313,0.20491803278688536
A1,sz.002726,2019-07-05,unmatched,-0.226122448979592,-0.06607369758576853,-0.05767262629096483,-0.07723930024178108,,,
A1,sz.000672,2019-07-19,filled,-0.10355253212396065,-0.06418604651162829,-0.04307288731889867,-0.05295543723828611,2019-07-22,-0.019652305366590905,-0.05551272166538168
A1,sh.600281,2019-07-19,filled,-0.2099827882960411,-0.06418604651162829,-0.04307288731889867,-0.07564205825698647,2019-07-22,-0.09982788296041278,-0.10516252390057368
A1,sh.601009,2019-07-25,filled,-0.06630584654936578,-0.025787965616046016,-0.0076405685565447915,-0.08035207306449133,2019-07-26,0.00344431687715252,-0.06591812378877271
A1,sh.603609,2019-07-25,filled,-0.03750000000000009,-0.025787965616046016,-0.0076405685565447915,-0.041260562036009876,2019-07-26,0.002083333333333215,-0.05405405405405406
A1,sz.002299,2019-08-08,filled,-0.07998661311914357,0.07968701518535459,0.09923478845938083,0.03894308528908652,2019-08-09,-0.033132530120481896,-0.05884389061959172
A1,sz.002759,2019-08-12,unmatched,-0.31845042678923174,0.09809386800935105,0.12097630555525725,0.08637320914418485,,,
A1,sh.603803,2019-08-15,unmatched,0.061484098939929455,0.09910885918419499,0.11652187459788757,0.19509358202393617,,,
A1,sz.002465,2019-08-21,unmatched,0.03033367037411483,0.048536156946955566,0.06687049192763773,0.09985834106080453,,,
A1,sh.600316,2019-08-22,filled,-0.046780072904009984,0.046210073669778695,0.06398677835100833,0.0026930675960208815,2019-08-23,-0.006682867557715633,-0.04770642201834885
A1,sz.002436,2019-08-26,unmatched,0.17063492063492114,0.04275010510432642,0.0645875389736936,0.01924578475652927,,,
A1,sz.000066,2019-08-27,unmatched,0.3931623931623931,0.010099820274930615,0.026799187638743657,-0.0073517139279471126,,,
A1,sh.600095,2019-09-10,unmatched,-0.16793168880455422,-0.05718270571827033,-0.045219622946259495,0.1900652063291963,,,
A1,sz.002552,2019-09-10,unmatched,1.289915966386554,-0.05718270571827033,-0.045219622946259495,-0.11329563550422865,,,
A1,sh.603222,2019-09-11,filled,-0.03323013415892617,-0.055811277330264586,-0.04055481933477269,-0.11923556622601168,2019-09-12,-0.034262125902992824,0.002350929685830838
A1,sz.002447,2019-09-17,unmatched,-0.10282776349614364,-0.046627810158201166,-0.03532130833189823,0.14666597854124483,,,
A1,sh.601066,2019-12-16,filled,0.14601769911504414,0.05273514364423537,0.08042267639841214,0.09540783733789879,2019-12-17,0.012536873156342221,0.11726147123088126
A1,sh.603078,2019-12-25,filled,0.10818307905686564,-0.00838414634146356,0.02432370110633107,0.015614999695978193,2019-12-26,0.028848821081830955,-0.030466433000808868
A1,sh.603308,2019-12-30,filled,-0.024112525117213512,-0.09802073515551357,-0.04551583003597601,-0.11006258065383168,2019-12-31,0.005358338914936311,0.012658227848101555
A1,sz.002791,2020-01-02,unmatched,0.1687537268932613,-0.09590973201692488,-0.04806339480669797,-0.08034404895638551,,,
A1,sh.600527,2020-04-14,unmatched,-0.1361386138613866,-0.004345527246290781,0.011848667993281872,0.02187086600766939,,,
A1,sz.002432,2020-06-12,unmatched,0.16000000000000014,0.1894111323459149,0.2221247922983373,0.27671505478460456,,,
A1,sh.600216,2020-06-19,unmatched,0.08251941159020215,0.12302644238936111,0.14964831075188625,0.11347706026059612,,,
A1,sz.002385,2020-06-22,filled,0.04627766599597627,0.12640887074016505,0.15490043205208343,0.09615317139972782,2020-06-23,-0.0895372233400401,0.12154696132596698
A1,sh.603363,2020-06-30,filled,-0.022678647839110222,0.07770104717779225,0.10279322729393273,0.26110020602232414,2020-07-01,0.02182284980744531,-0.03978224455611412
A1,sh.600051,2020-07-01,filled,0.29609544468546534,0.09056372532596002,0.12142149582514836,0.19006354348492227,2020-07-02,0.00433839479392617,0.26889848812094974
A1,sh.600350,2020-07-06,unmatched,0.09034348547160986,0.04843092766872403,0.08934290108948449,0.13125015814662183,,,
A1,sh.600658,2020-07-06,unmatched,0.04193548387096713,0.04843092766872403,0.08934290108948449,0.25647385508710474,,,
A1,sz.002185,2020-07-06,unmatched,0.14598540145985384,0.04843092766872403,0.08934290108948449,0.052641158757458964,,,
A1,sz.002156,2020-07-06,unmatched,0.03755522827687763,0.04843092766872403,0.08934290108948449,0.17654292679305078,,,
A1,sh.600556,2020-07-10,filled,-0.10761513907888742,-0.015696485087834666,0.024468546157465108,0.037636334803456406,2020-07-13,-0.0018239854081166795,-0.14664230242119702
A1,sz.000903,2020-07-10,unmatched,0.13544668587896247,-0.015696485087834666,0.024468546157465108,0.018338364583630917,,,
A1,sh.601038,2020-07-14,filled,0.07929883138564287,-0.045286759388590225,-0.016649908087458226,-0.06955716053731238,2020-07-15,-0.07595993322203676,0.1237579042457091
A1,sh.600127,2020-07-14,unmatched,-0.034482758620689946,-0.045286759388590225,-0.016649908087458226,-0.06336961905368592,,,
A1,sh.600359,2020-08-18,filled,-0.16522491349480972,-0.08026030368763593,-0.07089858792674143,-0.10698228816389108,2020-08-19,0.04325259515570945,-0.217247097844113
A1,sz.000576,2020-10-09,filled,-0.08016528925619826,-0.028014215430743672,-0.006627756521920318,-0.07220693992910636,2020-10-12,0.05867768595041323,-0.10772833723653408
A1,sz.000333,2020-10-09,filled,0.2282327292546671,-0.028014215430743672,-0.006627756521920318,-0.023526595444649856,2020-10-12,0.008039242403597324,0.22627737226277378
A1,sz.002438,2020-10-12,filled,-0.07153284671532822,-0.03516049171002411,-0.014138996528295146,-0.09818390240815289,2020-10-13,0.016788321167883202,-0.14357501794687721
A1,sh.603338,2020-10-12,filled,-0.11089918256130749,-0.03516049171002411,-0.014138996528295146,-0.07152580400664121,2020-10-13,0.0021798365122616126,-0.0755845568243606
A1,sz.002706,2020-10-12,unmatched,0.013237924865831863,-0.03516049171002411,-0.014138996528295146,-0.03923197315068816,,,
A1,sh.600105,2020-10-19,unmatched,0.01990811638591161,-0.01711638035837565,0.004846951697191236,-0.0387994624742239,,,
A1,sz.002241,2020-10-26,filled,-0.1263974446725986,0.019329220393539237,0.04420680232832177,0.018010017564732174,2020-10-27,0.025096965548710992,-0.16136211885154672
A1,sh.600363,2020-11-05,unmatched,-0.10645047585477618,0.010815307820299491,0.016718148387778825,-0.042580405928939635,,,
A1,sh.600165,2020-11-20,filled,-0.18883610451306387,-0.03661971830985933,-0.02261490285986384,-0.08952791061478642,2020-11-23,-0.026128266033254244,-0.08414634146341438
A1,sh.603128,2020-12-18,filled,0.39952718676122956,-0.013172984763856144,0.009428798726970408,-0.05130811512165936,2020-12-21,0.01891252955082723,0.35498839907192625
A1,sh.603665,2020-12-21,filled,-0.44226044226044214,-0.023832707377011098,-0.007990590563835536,-0.001294245382162429,2020-12-22,0.06809406809406804,-0.4834045349983568
A1,sh.603212,2020-12-23,filled,-0.1005037783375311,0.0012007429821484505,0.021556071691445067,-0.03385987902360608,2020-12-24,0.012342569269521375,-0.10649415277432162
A2,sh.600536,2015-03-04,filled,0.022456279809220936,0.17988825166351796,0.22296776758868186,0.17031000955889047,2015-03-05,-0.02086645468998416,0.08605642378729428
A2,sz.000548,2015-03-05,filled,0.16666666666666652,0.1956289233812022,0.24353489889990426,0.28768792022759787,2015-03-06,-0.007478632478632452,0.1991388589881593
A2,sz.000748,2015-03-06,filled,0.12859672421425405,0.23471571939390345,0.277101920898615,0.18993060378759452,2015-03-09,0.07326250553342195,0.10022685089709205
A2,sh.600177,2015-03-06,filled,0.33403805496828753,0.23471571939390345,0.277101920898615,0.2574456046913496,2015-03-09,0.06906272022551097,0.25774555042847735
A2,sh.600874,2015-03-09,unmatched,0.13888888888888906,0.24156101809419628,0.28667254786263724,0.1563327739233288,,,
A2,sh.600678,2015-03-10,unmatched,0.25194621372965287,0.21986221899927483,0.2644062920934009,0.21858617105738748,,,
A2,sh.600107,2015-03-10,unmatched,0.16056572379367728,0.21986221899927483,0.2644062920934009,0.24985413161925263,,,
A2,sh.600096,2015-03-11,unmatched,0.04479669193659541,0.20149275804049704,0.2546507746749208,0.12687625432542857,,,
A2,sh.600098,2015-03-11,unmatched,0.00797607178464621,0.20149275804049704,0.2546507746749208,0.21713746408396375,,,
A2,sz.000939,2015-03-11,unmatched,0.09052031361368518,0.20149275804049704,0.2546507746749208,0.13658839146016452,,,
A2,sz.002089,2015-03-16,unmatched,0.33918459796149447,0.2218889454193843,0.264255299987571,0.1736867608186563,,,
A2,sh.600297,2015-03-17,unmatched,0.20978120978121018,0.16407952001485582,0.20669451555329366,0.16095049826978863,,,
A2,sh.600010,2015-03-17,unmatched,0.02170283806343898,0.16407952001485582,0.20669451555329366,0.20669946414986212,,,
A2,sh.600118,2015-03-17,unmatched,-0.014076070679844177,0.16407952001485582,0.20669451555329366,0.1670371828692375,,,
A2,sz.000987,2015-03-18,unmatched,0.32414085702163753,0.1563260106715375,0.1996332839205374,0.15872072830141087,,,
A2,sz.000835,2015-03-20,unmatched,-0.12014787430683904,0.12762011594479206,0.16870706642016436,0.20139384498716165,,,
A2,sh.600029,2015-03-20,unmatched,0.3278271918678526,0.12762011594479206,0.16870706642016436,0.26894093986222417,,,
A2,sh.600396,2015-03-20,unmatched,0.16711229946524075,0.12762011594479206,0.16870706642016436,0.21113481092862246,,,
A2,sh.600227,2015-03-23,unmatched,0.3022222222222217,0.13698630136986334,0.17360260961956045,0.19435986838081237,,,
A2,sz.000680,2015-03-23,unmatched,0.10887949260042262,0.13698630136986334,0.17360260961956045,0.1729410079014365,,,
A2,sh.601186,2015-03-23,unmatched,0.3579965850882194,0.13698630136986334,0.17360260961956045,0.08207130781385925,,,
A2,sh.601669,2015-03-23,unmatched,0.8425720620842574,0.13698630136986334,0.17360260961956045,0.12513970383258707,,,
A2,sh.601800,2015-03-23,unmatched,0.40950520833333304,0.13698630136986334,0.17360260961956045,0.10786164525563938,,,
A2,sz.000713,2015-03-23,unmatched,0.1663851351351353,0.13698630136986334,0.17360260961956045,0.13720510546958736,,,
A2,sh.600782,2015-03-23,unmatched,0.1588397790055247,0.13698630136986334,0.17360260961956045,0.14836994602153988,,,
A2,sh.601618,2015-03-23,unmatched,0.38476190476190486,0.13698630136986334,0.17360260961956045,0.19278438598307637,,,
A2,sh.601688,2015-03-24,unmatched,0.17119073470864987,0.16548358473824298,0.19799149976480887,0.3307417035076478,,,
A2,sh.601111,2015-03-24,unmatched,0.14503042596348914,0.16548358473824298,0.19799149976480887,0.12668355895378158,,,
A2,sh.600569,2015-03-24,unmatched,0.16470588235294148,0.16548358473824298,0.19799149976480887,0.15984063758900105,,,
A2,sh.600876,2015-03-25,unmatched,0.20554066130473747,0.16875000000000018,0.19704933105145636,0.3967459795390168,,,
A2,sz.000031,2015-03-26,unmatched,0.20576131687242816,0.16881172311113324,0.20335975473132298,0.1334580846565384,,,
A2,sh.601718,2015-03-26,unmatched,0.43337819650067244,0.16881172311113324,0.20335975473132298,0.13679251716583854,,,
A2,sz.000024,2015-03-27,filled,0.07922682813227722,0.16774751405101607,0.20200072969756744,0.25429684068803265,2015-03-30,0.09999999999999987,0.018873738045838362
A2,sh.600657,2015-03-27,unmatched,0.038293216630197024,0.16774751405101607,0.20200072969756744,0.21626312697300398,,,
A2,sh.600999,2015-03-30,unmatched,0.20288944723618063,0.11338100102145088,0.15298954995462322,0.19846632494272057,,,
A2,sh.600068,2015-03-30,unmatched,0.251637043966324,0.11338100102145088,0.15298954995462322,0.21839188649289593,,,
A2,sh.601000,2015-03-31,unmatched,0.16791298436437763,0.13919334087232538,0.16995235872513684,,,,
A2,sz.002621,2015-10-20,filled,-0.03769841269841234,0.08979977708781162,0.11667352915209726,0.07218328978572264,2015-10-21,-0.0996031746031747,0.0017628911414724335
A2,sz.002095,2015-10-22,filled,-0.07972079353416572,0.14407847219013437,0.16697908834127945,0.15567120331895468,2015-10-23,-0.034166054371785326,-0.0467858501331303
A2,sh.603288,2015-10-22,filled,-0.04417893859405442,0.14407847219013437,0.16697908834127945,0.10954349037073818,2015-10-23,-0.004445679355376542,-0.04074797655595919
A2,sh.603088,2015-10-23,filled,0.08824011809086407,0.12245470245199774,0.14352934591037883,0.06444960251670007,2015-10-26,0.09726094800721685,-0.08744394618834128
A2,sh.600279,2015-10-28,unmatched,-0.1130764371446622,0.1407830273426045,0.16908189259892503,0.12449278386937715,,,
A2,sh.600276,2015-10-29,unmatched,-0.054620276842498816,0.1202961839592902,0.1504536109695941,0.11849783410878963,,,
A2,sh.603588,2015-10-30,unmatched,0.006451612903225268,0.04986728672051355,0.08416089165329375,0.042039168467693046,,,
A2,sz.000961,2016-04-07,filled,0.05686032138442543,-0.04393770856507262,-0.032106837601055635,-0.08453169052580405,2016-04-08,-0.0067985166872681635,0.03733665214685766
A2,sh.601199,2016-04-08,filled,0.005774278215222806,-0.07804131599081854,-0.06348542187610774,-0.059431444127955604,2016-04-11,0.006824146981627255,0.02085505735140747
A2,sz.002572,2016-04-08,unmatched,0.10966292134831446,-0.07804131599081854,-0.06348542187610774,-0.08129259889442486,,,
A2,sz.002508,2016-04-11,filled,0.04101010101010116,-0.10081008100810052,-0.08562583098738415,-0.08788189643383351,2016-04-12,0.010101010101010166,0.02540000000000009
A2,sz.000036,2016-04-12,filled,-0.08306010928961749,-0.10092807424593953,-0.084169494141824,-0.047514537845250816,2016-04-13,0.006557377049180468,-0.10640608034744858
A2,sz.002530,2016-04-13,unmatched,-0.10124784345236626,-0.12012480499219969,-0.1005714819411123,-0.1511783326227762,,,
A2,sh.600219,2016-04-13,unmatched,-0.07866666666666655,-0.12012480499219969,-0.1005714819411123,0.02112387852857358,,,
A2,sz.002294,2016-04-13,unmatched,-0.07888730027340862,-0.12012480499219969,-0.1005714819411123,-0.1429062469992732,,,
A2,sz.000708,2016-04-14,unmatched,-0.12357723577235746,-0.13301201938751106,-0.11257253271373165,-0.07200640900949747,,,
A2,sh.600104,2016-04-14,unmatched,-0.037900874635569015,-0.13301201938751106,-0.11257253271373165,-0.10544537689584559,,,
A2,sz.000951,2016-04-15,unmatched,-0.21125646503917006,-0.12023671515650125,-0.09736313526942438,-0.1061035631379639,,,
A2,sh.600782,2016-04-18,unmatched,-0.22106824925815993,-0.10560516937233289,-0.08634674566869076,-0.08084487776995089,,,
A2,sz.002578,2016-04-19,unmatched,-0.1946050096339117,-0.13474465709199873,-0.11540442521267906,-0.0746937525990542,,,
A2,sh.600111,2016-04-19,unmatched,-0.06671554252199485,-0.13474465709199873,-0.11540442521267906,-0.05909649876747243,,,
A2,sh.601166,2016-04-19,unmatched,0.011972274732199306,-0.13474465709199873,-0.11540442521267906,-0.13778853989383708,,,
A2,sz.000937,2016-04-21,unmatched,-0.18600953895071526,-0.06489834442819764,-0.04614953705180285,-0.10400126077302971,,,
A2,sh.600395,2016-04-25,unmatched,-0.2630662020905924,-0.06411992872402245,-0.04464799077739126,-0.05850989072500663,,,
A2,sh.600348,2016-04-25,unmatched,-0.23828125,-0.06411992872402245,-0.04464799077739126,-0.04000466524934798,,,
A2,sz.002155,2016-04-27,unmatched,0.06210045662100483,-0.06910608314835609,-0.05318710322243167,-0.09940379710623344,,,
A2,sz.000586,2016-04-27,unmatched,-0.09874476987447678,-0.06910608314835609,-0.05318710322243167,-0.04321547217413853,,,
A2,sh.600997,2016-04-28,unmatched,-0.10000000000000009,-0.06360130041089579,-0.0479790053444998,-0.060123848647521315,,,
A2,sh.601689,2016-06-27,filled,-0.10380517503805153,0.053738469157965874,0.06032872020423354,0.07296493578365384,2016-06-28,0.013394216133941983,-0.10063082006608548
A2,sz.000887,2016-07-11,filled,-0.0420468068226898,-0.02629969418960243,-0.014212690984043567,-0.013710895754442131,2016-07-12,-0.00039666798889326227,-0.042460317460317976
A2,sz.002596,2016-07-19,filled,-0.018443804034582012,-0.013580246913580063,0.00008667440334661653,-0.029844171588731983,2016-07-20,0.0,-0.01786743515850142
A2,sz.002032,2016-07-19,filled,-0.006015037593985029,-0.013580246913580063,0.00008667440334661653,-0.009709844820114055,2016-07-20,-0.016541353383458524,0.030835881753312977
A2,sh.603898,2016-07-21,unmatched,0.01853411962931739,-0.01198801198801136,0.0013568755626545833,-0.02044900449904754,,,
A2,sh.600848,2016-09-06,unmatched,-0.032622879512831604,-0.008460236886632333,0.008997854369792085,-0.1082063588419119,,,
A2,sz.002491,2016-09-09,filled,-0.05876068376068344,0.0018814675446849893,0.01622432647811193,0.04014212530542507,2016-09-12,-0.052350427350427386,-0.0084554678692218
A2,sz.002411,2016-09-22,filled,0.15680345572354248,0.01939058171745134,0.031174090618366408,-0.0038300368773044324,2016-09-23,0.03412526997840182,0.10108604845446956
A2,sh.600228,2016-09-29,filled,0.25552486187845314,0.03690120955879228,0.051911696858564886,0.06981616129392196,2016-09-30,0.026243093922651894,0.1689098250336476
A2,sh.600877,2016-10-12,unmatched,0.124571428571429,0.002421307506053738,0.018523624836763522,-0.012316130059128638,,,
A2,sz.002057,2016-10-18,unmatched,0.005514705882353033,0.026331538001196586,0.039094107818479176,-0.022251825943384818,,,
A2,sh.601633,2016-10-18,unmatched,-0.05939716312056742,0.026331538001196586,0.039094107818479176,-0.021707906057648985,,,
A2,sz.002647,2016-10-21,unmatched,0.17410526315789454,0.02244039270687259,0.034874378774433064,0.17957789636799407,,,
A2,sh.603611,2016-10-24,unmatched,0.055259467040673416,0.014381884944920431,0.029396529201288577,0.12530098422518557,,,
A2,sh.600084,2016-10-31,unmatched,0.030716723549487623,0.02951191827468791,0.040763254586767245,-0.018287257486779042,,,
A2,sz.000004,2016-11-03,unmatched,-0.020608899297424155,0.008683068017365958,0.016674282463086734,0.054055736666254225,,,
A2,sz.000007,2016-11-07,unmatched,-0.1010752688172043,-0.01376146788990762,-0.008066178993743284,0.04254339041359427,,,
A2,sz.002647,2016-11-09,filled,0.20208052398381815,-0.0010266940451744144,0.005885033605881973,-0.030754154492107964,2016-11-10,0.0075130032748988995,0.20841300191204604
A2,sz.000019,2016-11-16,unmatched,-0.14350000000000018,-0.0876404494382026,-0.07449487463862418,-0.04742257039894167,,,
A2,sh.603017,2016-11-17,unmatched,-0.20456333595594012,-0.08045977011494265,-0.06586531576101283,-0.08330387653347582,,,
A2,sh.600383,2016-11-28,filled,-0.08496732026143816,-0.07061790668348034,-0.06154460740569318,-0.06369725992365008,2016-11-29,0.05301379811183726,-0.12482758620689671
A2,sz.002685,2016-11-28,unmatched,-0.3098251651506242,-0.07061790668348034,-0.06154460740569318,-0.06700806184137427,,,
A2,sh.600475,2016-12-22,filled,-0.18222420723537314,-0.0485036217677528,-0.047375891700895505,-0.06764808279225791,2016-12-23,-0.07458686913800816,-0.10810810810810823
A2,sz.000725,2017-01-09,filled,0.03481012658227822,-0.02033898305084736,-0.015887450346283312,0.0011879282970191918,2017-01-10,-0.0031645569620253333,0.01904761904761898
A2,sh.600764,2017-02-27,filled,-0.01248477466504272,-0.00815087420949151,0.0046874092446330526,0.0927375296183397,2017-02-28,0.0,-0.03897685749086488
A2,sh.600260,2017-03-03,unmatched,0.1739828693790153,-0.028271424547322788,-0.018188384259230157,-0.02601239103071513,,,
A2,sh.600638,2017-03-07,unmatched,-0.008449304174950267,-0.019264507422401878,-0.005904119911193704,-0.020179242438885248,,,
A2,sz.002411,2017-06-15,filled,-0.043949649685310455,0.01740506329113889,0.023653532477344145,-0.008044930237578934,2017-06-16,0.0094736842105263,-0.04351044529794723
A2,sh.600303,2017-07-25,filled,-0.0902127659574461,0.020676691729323293,0.029715013814479923,0.08724485090957054,2017-07-26,0.017021276595744705,-0.12301255230125452
A2,sz.002057,2017-09-08,filled,-0.07235621521335822,-0.0009371953696758473,0.010396265736016569,-0.07387699372273968,2017-09-11,0.021026592455163806,-0.10660205935796496
A2,sh.600773,2017-09-13,unmatched,-0.10522875816993416,-0.030303093401742476,-0.025007577440984342,-0.07741658788486387,,,
A2,sz.002408,2017-09-14,filled,-0.11205564142194702,-0.04647605866984017,-0.03653900689165894,-0.05516863707369415,2017-09-15,0.0023183925811438577,-0.11642251349267507
A2,sz.000657,2017-09-20,filled,-0.14223602484472075,-0.03270055825051882,-0.022774140358022967,-0.06628520471636304,2017-09-21,-0.03788819875776406,-0.10071013557133668
A2,sh.600315,2017-11-03,filled,-0.0021727322107554237,-0.04187946376787577,-0.03415681192269008,0.027211209755599763,2017-11-06,0.0013579576317217512,-0.06455112557634957
A2,sh.600179,2018-01-12,filled,-0.4492091388400702,-0.15087413333249955,-0.15359005522443264,-0.17908042968169052,2018-01-15,-0.018277680140597496,-0.4146079484425348
A2,sz.002596,2018-01-23,filled,-0.11039484286865442,-0.08337847598411019,-0.08255894573699309,-0.14365159407794142,2018-01-24,-0.011281224818694646,-0.03341483292583547
A2,sz.000735,2018-01-26,unmatched,-0.08858057630736449,-0.07712240937479509,-0.07690749478834888,-0.08101571239553004,,,
A2,sz.000673,2018-05-09,filled,-0.7277580071174377,-0.0439826398601561,-0.036648101999124334,-0.01674786191416764,2018-05-10,-0.02135231316725983,-0.7304545454545455
A2,sz.000810,2018-06-21,filled,-0.029682702149437024,0.010183299389002531,0.007685897789071942,0.092566244328035,2018-06-22,-0.019447287615148356,0.007306889352818313
A2,sz.000656,2018-09-06,unmatched,-0.05671077504725852,-0.09607293127629724,-0.08914556838931953,-0.06580657675124386,,,
A2,sz.002030,2018-10-10,filled,-0.354177897574124,-0.0461059597696854,-0.04401438522447551,-0.16283788374253194,2018-10-11,-0.021563342318059453,-0.3107438016528925
A2,sh.600766,2019-01-14,filled,-0.12044198895027625,0.07205623901581681,0.07799947552611106,-0.12716512291546206,2019-01-15,0.009944751381215422,-0.07111597374179446
A2,sh.600546,2019-07-05,filled,0.1345218800648298,-0.06607369758576853,-0.05767262629096483,-0.08098411754155779,2019-07-08,0.0032414910858995505,0.08400646203554119
A2,sz.002726,2019-07-10,filled,-0.23933649289099523,-0.07037821871187278,-0.057105999864100566,-0.09306318529075801,2019-07-11,0.0031595576619272148,-0.23858267716535442
A2,sh.601009,2019-07-29,filled,-0.07866094177082572,-0.03401360544217735,-0.015181654420064077,-0.013245418633131579,2019-07-30,-0.0022805017103761926,-0.07057416267942562
A2,sh.603803,2019-08-19,filled,-0.04652686762778491,0.03768701267689012,0.057443909211800155,0.048080134050677105,2019-08-20,-0.023591087811271283,-0.03624161073825505
A2,sz.002465,2019-08-23,filled,0.022977022977022976,0.033164264654337194,0.055452481272907396,0.025944281147217606,2019-08-26,-0.0029970029970027845,0.032064128256512836
A2,sz.002436,2019-08-29,filled,0.045751633986928164,-0.004920624677335783,0.00782445018385449,-0.013171838692487947,2019-08-30,-0.05490196078431375,0.05532503457814686
A2,sz.000066,2019-08-29,unmatched,0.23048668503213965,-0.004920624677335783,0.00782445018385449,-0.04806588028275458,,,
A2,sh.600316,2019-08-30,unmatched,-0.13110846245530428,-0.003401360544217469,0.009403445838110954,0.4405616205612805,,,
A2,sh.601066,2019-12-18,filled,0.09486447931526376,0.036573311367380734,0.05945412005078356,0.05083345724726966,2019-12-19,-0.012125534950071293,0.12779783393501787
A2,sz.002791,2020-01-06,filled,0.32719546742209604,-0.0905797101449275,-0.04943636162950273,-0.014161166880519428,2020-01-07,0.05354107648725215,0.2713094917988703
A2,sh.600527,2020-04-20,unmatched,-0.3125000000000001,-0.02303826441757484,-0.009751646467940927,-0.09383233110349695,,,
A2,sz.002432,2020-06-16,filled,0.009499136442141953,0.08544602876667706,0.11401374231049412,0.09485220073474152,2020-06-17,0.05354058721934374,-0.018852459016393097
A2,sh.600216,2020-06-30,filled,-0.0581516095534792,0.07770104717779225,0.10279322729393273,0.10922650400927951,2020-07-01,0.0036344755970922904,-0.03931712364200768
A2,sh.600051,2020-07-03,unmatched,0.21218274111675073,0.058697119315388124,0.10279585311403154,0.13727671849536802,,,
A2,sh.600350,2020-07-08,filled,0.009032924420606436,0.020304626660558656,0.0582080055696643,0.2001303231513354,2020-07-09,-0.023121387283236983,0.012539184952978344
A2,sz.002185,2020-07-08,filled,0.11653645833333326,0.020304626660558656,0.0582080055696643,0.0530810112238008,2020-07-09,0.02278645833333348,0.09611712285168661
A2,sz.002156,2020-07-08,unmatched,0.005387931034482651,0.020304626660558656,0.0582080055696643,0.026372391029434006,,,
A2,sh.600658,2020-07-10,unmatched,-0.07079646017699148,-0.015696485087834666,0.024468546157465108,0.160088504703551,,,
A2,sz.000903,2020-07-17,filled,-0.05945945945945963,0.033065363923072244,0.062260576048249354,0.04311261800987374,2020-07-20,0.004054054054053902,-0.04710632570659501
A2,sh.601038,2020-07-28,filled,-0.0781362007168458,0.03576306437821619,0.05426168011602345,0.0374152574689983,2020-07-29,0.013620071684588009,-0.1265912305516267
A2,sz.000333,2020-10-13,filled,0.18144683093951786,-0.04074289656361796,-0.02407063131434703,-0.06585895705359712,2020-10-14,-0.00843325866385558,0.17076411960132898
A2,sh.603338,2020-10-14,filled,-0.1073345259391767,-0.04307942215803218,-0.027176770029400332,-0.08282367329099852,2020-10-15,-0.026475849731663614,-0.07065417126056561
A2,sz.002438,2020-10-14,filled,-0.1615439599714079,-0.04307942215803218,-0.027176770029400332,-0.08822393606921708,2020-10-15,-0.04360257326661898,-0.15246636771300426
A2,sz.000576,2020-10-16,unmatched,-0.11021721641190674,-0.03572919073994607,-0.01685069429559581,-0.07094499622307507,,,
A2,sz.002241,2020-10-28,filled,-0.22119622245540382,0.0064874587386277716,0.02291897194621121,-0.08606187262999727,2020-10-29,0.015529905561385116,-0.24199214713783823
A2,sh.600363,2020-11-09,filled,-0.11874559548978147,-0.007812500000000111,0.0019456848986509304,-0.08397801728604797,2020-11-10,-0.01127554615926707,-0.03385602280826805
A2,sh.603128,2020-12-22,filled,0.2919389978213509,-0.0026879715079830557,0.019204917426613153,-0.1550117178959437,2020-12-23,-0.008714596949891074,0.3516483516483522
A2,sh.603212,2020-12-25,filled,-0.15512665862484887,-0.01750950034490506,0.00973316050227053,-0.185210425556883,2020-12-28,-0.01785283474065147,-0.2102677474821909
A2,sh.603665,2020-12-25,filled,-0.5329949238578681,-0.01750950034490506,0.00973316050227053,-0.02030256882773083,2020-12-28,-0.10002985965959987,-0.48241539482415396
B1,sz.002299,2019-01-09,filled,0.1978273299028015,0.03930712858094587,0.03682245839063599,,2019-01-09,0.0,0.1978273299028015
B1,sz.002916,2019-01-09,filled,0.18770491803278633,0.03930712858094587,0.03682245839063599,,2019-01-09,0.0,0.18770491803278633
B1,sz.002024,2019-01-10,filled,0.08247422680412364,0.04524361948955913,0.04732892274418653,,2019-01-10,0.0,0.08247422680412364
B1,sz.002157,2019-01-10,filled,0.26516464471403745,0.04524361948955913,0.04732892274418653,,2019-01-10,0.0,0.26516464471403745
B1,sz.002475,2019-01-11,unmatched,0.15932203389830568,0.03401360544217713,0.034509285171345154,,,,
B1,sz.002405,2019-01-14,unmatched,0.29840255591054277,0.07205623901581681,0.07799947552611106,,,,
B1,sz.002234,2019-01-16,unmatched,0.649402390438248,0.06374501992031845,0.0755077369640681,,,,
B1,sz.002353,2019-01-21,unmatched,0.16478555304740405,0.1354401805869072,0.15953558428011005,,,,
B1,sz.002755,2019-01-23,unmatched,0.09362549800796849,0.14429868819374292,0.167135709310818,,,,
B1,sz.002302,2019-01-28,unmatched,0.28693790149892884,0.1818996415770613,0.21111340382361957,,,,
B1,sz.002023,2019-01-30,unmatched,0.234063745019921,0.27319587628865993,0.30910937526388643,,,,
B1,sz.002458,2019-01-30,unmatched,1.4760191846522783,0.27319587628865993,0.30910937526388643,,,,
B1,sz.002607,2019-01-30,unmatched,0.4392857142857136,0.27319587628865993,0.30910937526388643,,,,
B1,sz.002414,2019-01-31,unmatched,0.2572653644592662,0.3084326306141161,0.3583009215995652,,,,
B1,sz.002703,2019-01-31,unmatched,0.4849999999999999,0.3084326306141161,0.3583009215995652,,,,
B1,sz.002725,2019-01-31,unmatched,0.21259842519685002,0.3084326306141161,0.3583009215995652,,,,
B1,sz.002098,2019-02-01,unmatched,0.18341708542713508,0.2059732234809475,0.25907147575938855,,,,
B1,sz.002129,2019-02-01,unmatched,0.129943502824859,0.2059732234809475,0.25907147575938855,,,,
B1,sz.002181,2019-02-01,unmatched,0.41645885286783013,0.2059732234809475,0.25907147575938855,,,,
B1,sz.002270,2019-02-01,unmatched,0.22248803827751273,0.2059732234809475,0.25907147575938855,,,,
B1,sz.002328,2019-02-01,unmatched,0.3199268738574039,0.2059732234809475,0.25907147575938855,,,,
B1,sz.002510,2019-02-01,unmatched,0.15949367088607636,0.2059732234809475,0.25907147575938855,,,,
B1,sz.002575,2019-02-01,unmatched,0.2350543478260867,0.2059732234809475,0.25907147575938855,,,,
B1,sz.002099,2019-04-10,unmatched,-0.22637979420018706,-0.15052508751458582,-0.13599083401074386,,,,
B1,sz.002575,2019-04-10,filled,-0.183425414364641,-0.15052508751458582,-0.13599083401074386,,2019-04-10,0.0,-0.183425414364641
B1,sz.000996,2019-04-11,filled,-0.1504263093788063,-0.1404494382022471,-0.1265977768810568,,2019-04-11,0.0,-0.1504263093788063
B1,sz.002882,2019-04-11,filled,-0.061276595744680695,-0.1404494382022471,-0.1265977768810568,,2019-04-11,0.0,-0.061276595744680695
B1,sz.002079,2019-04-12,filled,-0.02937249666221675,-0.12226512226512232,-0.10604048978473483,,2019-04-12,0.0,-0.02937249666221675
B1,sz.002398,2019-04-12,unmatched,-0.1292134831460675,-0.12226512226512232,-0.10604048978473483,,,,
B1,sz.002012,2019-04-15,unmatched,-0.21531791907514453,-0.10670731707317038,-0.0920893340854177,,,,
B1,sz.002021,2019-04-15,unmatched,-0.3757396449704141,-0.10670731707317038,-0.0920893340854177,,,,
B1,sz.002151,2019-04-15,unmatched,-0.08187569780424264,-0.10670731707317038,-0.0920893340854177,,,,
B1,sz.002164,2019-04-15,unmatched,0.4438642297650135,-0.10670731707317038,-0.0920893340854177,,,,
B1,sz.002234,2019-04-15,unmatched,0.08494337108594241,-0.10670731707317038,-0.0920893340854177,,,,
B1,sz.002333,2019-04-15,unmatched,-0.36612021857923494,-0.10670731707317038,-0.0920893340854177,,,,
B1,sz.002381,2019-04-15,unmatched,-0.1799086757990871,-0.10670731707317038,-0.0920893340854177,,,,
B1,sz.002560,2019-04-16,unmatched,-0.08437499999999987,-0.1550387596899223,-0.1403716903228009,,,,
B1,sz.002591,2019-04-16,unmatched,0.013381995133819657,-0.1550387596899223,-0.1403716903228009,,,,
B1,sz.002757,2019-04-16,unmatched,0.13074842200180292,-0.1550387596899223,-0.1403716903228009,,,,
B1,sz.002669,2019-04-17,unmatched,-0.12516823687752343,-0.16467065868263453,-0.1521024643648532,,,,
B1,sz.002592,2019-07-05,filled,-0.08650742414460943,-0.06607369758576853,-0.05767262629096483,,2019-07-05,0.0,-0.08650742414460943
B1,sz.002182,2019-07-10,unmatched,0.10486891385767749,-0.07037821871187278,-0.057105999864100566,,,,
B1,sz.002299,2019-07-10,filled,0.11954022988505741,-0.07037821871187278,-0.057105999864100566,,2019-07-10,0.0,0.11954022988505741
B1,sz.000912,2019-07-15,filled,-0.1681260945709282,-0.07560137457044702,-0.056848132676972495,,2019-07-15,0.0,-0.1681260945709282
B1,sz.002745,2019-07-15,filled,-0.10948275862068935,-0.07560137457044702,-0.056848132676972495,,2019-07-15,0.0,-0.10948275862068935
B1,sz.002869,2019-07-15,unmatched,0.11380484872771013,-0.07560137457044702,-0.056848132676972495,,,,
B1,sz.002835,2019-07-16,unmatched,0.1570680628272254,-0.08354114713216931,-0.06349434151046099,,,,
B1,sz.002299,2019-10-10,filled,-0.0077864293659619666,-0.0239333006375676,-0.014417368567118725,,2019-10-10,0.0,-0.0077864293659619666
B1,sz.002318,2019-10-10,filled,-0.013840830449826536,-0.0239333006375676,-0.014417368567118725,,2019-10-10,0.0,-0.013840830449826536
B1,sz.002639,2019-10-14,filled,-0.11428571428571388,-0.06666666666666632,-0.05883763122887755,,2019-10-14,0.0,-0.11428571428571388
B1,sz.002151,2019-10-16,filled,-0.03963133640552996,-0.05377906976744162,-0.04105458157050316,,2019-10-16,0.0,-0.03963133640552996
B1,sz.002429,2019-10-16,unmatched,-0.013793103448275779,-0.05377906976744162,-0.04105458157050316,,,,
B1,sz.002481,2019-10-16,unmatched,-0.06633906633906628,-0.05377906976744162,-0.04105458157050316,,,,
B1,sz.002628,2019-10-16,unmatched,-0.07352941176470607,-0.05377906976744162,-0.04105458157050316,,,,
B1,sz.002709,2019-10-16,unmatched,0.0017772511848346273,-0.05377906976744162,-0.04105458157050316,,,,
B1,sz.002512,2019-10-17,unmatched,-0.03310104529616731,-0.04782146652497343,-0.03328354543694709,,,,
B1,sz.002299,2020-01-06,filled,-0.07784156265285902,-0.0905797101449275,-0.04943636162950273,,2020-01-06,0.0,-0.07784156265285902
B1,sz.002182,2020-01-21,filled,0.07438016528925617,-0.012510425354461896,0.021932551631357638,,2020-01-21,0.0,0.07438016528925617
B1,sz.002489,2020-01-21,filled,-0.06391752577319543,-0.012510425354461896,0.021932551631357638,,2020-01-21,0.0,-0.06391752577319543
B1,sz.002903,2020-01-22,filled,-0.06740792216817282,-0.010093727469358549,0.019423975725629095,,2020-01-23,-0.0368311327310632,-0.11616161616161669
B1,sz.002184,2020-02-03,filled,0.23917525773195836,0.11963865762110926,0.1494473884459817,,2020-02-04,-0.028865979381443196,0.2908704883227171
B1,sz.002335,2020-02-03,unmatched,0.6062143310082433,0.11963865762110926,0.1494473884459817,,,,
B1,sz.002941,2020-02-03,unmatched,0.2638414217361589,0.11963865762110926,0.1494473884459817,,,,
B1,sz.002429,2020-02-04,unmatched,0.4805194805194801,0.1425896201177097,0.1669431758216702,,,,
B1,sz.002409,2020-03-13,unmatched,-0.2032608695652176,-0.058056872037914986,-0.044606285295338485,,,,
B1,sz.000813,2020-04-01,filled,0.03838771593090273,0.020827077202324906,0.03670370840677184,,2020-04-01,0.0,0.03838771593090273
B1,sz.002605,2020-04-09,filled,-0.06385101429996665,-0.010024849860443497,0.0022415574517811038,,2020-04-09,0.0,-0.06385101429996665
B1,sz.002258,2020-04-13,filled,-0.017173051519154603,0.008930168399028049,0.02900207898836043,,2020-04-13,0.0,-0.017173051519154603
B1,sz.002312,2020-04-16,filled,0.030368763557483414,0.003385732945301423,0.021343737259942753,,2020-04-17,-0.013015184381778844,0.03296703296703285
B1,sz.002384,2020-06-10,filled,0.11258404601266059,0.15123096500062627,0.18658708706925742,,2020-06-10,0.0,0.11258404601266059
B1,sz.002585,2020-07-01,filled,0.2155688622754488,0.09056372532596002,0.12142149582514836,,2020-07-01,0.0,0.2155688622754488
B1,sz.002702,2020-07-03,filled,0.17639429312581045,0.058697119315388124,0.10279585311403154,,2020-07-03,0.0,0.17639429312581045
B1,sz.002709,2020-07-08,filled,-0.10975895155628379,0.020304626660558656,0.0582080055696643,,2020-07-08,0.0,-0.10975895155628379
B1,sz.002803,2020-07-08,unmatched,0.30927518427518375,0.020304626660558656,0.0582080055696643,,,,
B1,sz.002223,2020-07-09,unmatched,-0.07494813278008272,-0.009507917916184383,0.029790432941965362,,,,
B1,sz.002324,2020-07-13,filled,-0.21816168327796215,-0.036237070648313885,-0.004519488604597436,,2020-07-13,0.0,-0.21816168327796215
B1,sz.002489,2020-07-14,filled,-0.027722772277227303,-0.045286759388590225,-0.016649908087458226,,2020-07-14,0.0,-0.027722772277227303
B1,sz.002030,2020-07-15,unmatched,0.31667688534641303,-0.024940137450632838,-0.0026322795228559816,,,,
B1,sz.002049,2020-07-15,unmatched,0.08515276197146138,-0.024940137450632838,-0.0026322795228559816,,,,
B1,sz.002079,2020-07-15,unmatched,-0.13936249073387696,-0.024940137450632838,-0.0026322795228559816,,,,
B1,sz.002229,2020-07-15,unmatched,-0.08290155440414493,-0.024940137450632838,-0.0026322795228559816,,,,
B1,sz.002544,2020-07-15,unmatched,0.10179640718562877,-0.024940137450632838,-0.0026322795228559816,,,,
B1,sz.002560,2020-07-15,unmatched,0.16488222698072774,-0.024940137450632838,-0.0026322795228559816,,,,
B1,sz.000786,2020-07-16,unmatched,0.03960743077462303,0.024045737272457735,0.05402919401931265,,,,
B1,sz.002184,2020-07-16,unmatched,-0.033586818757921244,0.024045737272457735,0.05402919401931265,,,,
B1,sz.002187,2020-07-16,unmatched,-0.15332926084300547,0.024045737272457735,0.05402919401931265,,,,
B1,sz.002414,2020-07-16,unmatched,0.14098260604211177,0.024045737272457735,0.05402919401931265,,,,
B1,sz.002432,2020-07-16,unmatched,-0.04362703165098358,0.024045737272457735,0.05402919401931265,,,,
B1,sz.002437,2020-07-16,unmatched,-0.028132992327365436,0.024045737272457735,0.05402919401931265,,,,
B1,sz.002524,2020-07-16,unmatched,0.03899480069324146,0.024045737272457735,0.05402919401931265,,,,
B1,sz.002612,2020-07-16,unmatched,0.01684210526315777,0.024045737272457735,0.05402919401931265,,,,
B1,sz.002488,2020-09-30,filled,0.08179723502304115,0.002688871541330684,0.026652029077159436,,2020-09-30,0.0,0.08179723502304115
B1,sz.002571,2020-10-14,filled,0.10519480519480506,-0.04307942215803218,-0.027176770029400332,,2020-10-14,0.0,0.10519480519480506
B1,sz.002594,2020-10-14,filled,0.2593869731800764,-0.04307942215803218,-0.027176770029400332,,2020-10-14,0.0,0.2593869731800764
B1,sz.002919,2020-10-15,filled,-0.20923961891065945,-0.034549143987449626,-0.01801357036777084,,2020-10-15,0.0,-0.20923961891065945
B1,sz.000027,2020-10-16,unmatched,-0.05335628227194478,-0.03572919073994607,-0.01685069429559581,,,,
B1,sz.000698,2020-10-16,unmatched,-0.23410852713178298,-0.03572919073994607,-0.01685069429559581,,,,
B1,sz.000786,2020-10-16,unmatched,0.021031033598359006,-0.03572919073994607,-0.01685069429559581,,,,
B1,sz.002059,2020-10-16,unmatched,-0.04911591355599221,-0.03572919073994607,-0.01685069429559581,,,,
B1,sz.002386,2020-10-16,unmatched,0.05263157894736814,-0.03572919073994607,-0.01685069429559581,,,,
B1,sz.002437,2020-10-16,unmatched,-0.07530120481927693,-0.03572919073994607,-0.01685069429559581,,,,
B1,sz.002847,2020-10-16,unmatched,-0.12317699418007544,-0.03572919073994607,-0.01685069429559581,,,,
B2,sh.600448,2018-10-12,filled,0.007228915662650159,0.02184929494712129,0.02161297450017904,,2018-10-15,0.0,0.038554216867469515
B2,sz.002475,2018-10-16,filled,0.027351567711807467,0.09952025195927605,0.10388952153399642,,2018-10-17,0.008005336891260706,-0.001323626737260164
B2,sz.000789,2018-10-17,filled,0.02524429967426789,0.08719786532529405,0.09298189884680949,,2018-10-18,-0.07736156351791523,0.12533097969991247
B2,sz.000593,2018-10-19,filled,0.11877394636015337,0.12450312908328143,0.13609264606872365,,2018-10-22,0.06513409961685812,0.04676258992805771
B2,sz.001979,2018-10-19,unmatched,0.10650887573964507,0.12450312908328143,0.13609264606872365,,,,
B2,sz.002439,2018-10-19,unmatched,0.057542768273716405,0.12450312908328143,0.13609264606872365,,,,
B2,sh.603367,2018-10-19,unmatched,0.15741857659831116,0.12450312908328143,0.13609264606872365,,,,
B2,sz.000656,2018-10-19,unmatched,0.20275590551181155,0.12450312908328143,0.13609264606872365,,,,
B2,sh.600466,2018-10-22,unmatched,0.2192393736017899,0.07107525040315255,0.08189538067181852,,,,
B2,sz.000636,2018-10-22,unmatched,-0.09533607681755818,0.07107525040315255,0.08189538067181852,,,,
B2,sz.000671,2018-10-22,unmatched,0.12310606060606055,0.07107525040315255,0.08189538067181852,,,,
B2,sz.000968,2018-10-22,unmatched,0.013353115727002818,0.07107525040315255,0.08189538067181852,,,,
B2,sh.600260,2018-10-23,unmatched,0.17437097717963712,0.05821230982019321,0.07125009636016533,,,,
B2,sh.600771,2018-10-23,unmatched,-0.022082018927444547,0.05821230982019321,0.07125009636016533,,,,
B2,sh.600782,2018-10-23,unmatched,-0.07179487179487143,0.05821230982019321,0.07125009636016533,,,,
B2,sh.601168,2018-10-23,unmatched,0.02463054187192104,0.05821230982019321,0.07125009636016533,,,,
B2,sz.002458,2018-10-23,unmatched,0.27323943661971817,0.05821230982019321,0.07125009636016533,,,,
B2,sh.600845,2018-10-24,unmatched,0.033768572714993006,0.06700773766608348,0.07943468245814458,,,,
B2,sz.002488,2018-10-25,unmatched,0.18672839506172845,0.07431984612200959,0.08512969097716255,,,,
B2,sh.603568,2018-10-26,unmatched,0.07235023041474675,0.02980941605575449,0.043295045589191346,,,,
B2,sz.002384,2018-10-26,unmatched,-0.0017452006980801515,0.02980941605575449,0.043295045589191346,,,,
B2,sz.002456,2018-10-26,unmatched,-0.1071428571428572,0.02980941605575449,0.043295045589191346,,,,
B2,sz.002463,2018-10-26,unmatched,-0.03743315508021405,0.02980941605575449,0.043295045589191346,,,,
B2,sz.002127,2018-10-29,unmatched,0.12121212121212199,0.04914854832920912,0.06167785599673946,,,,
B2,sh.600050,2018-10-30,unmatched,-0.02407407407407469,0.04171084357077659,0.055321649776015155,,,,
B2,sz.002916,2018-10-30,unmatched,0.05359238492632734,0.04171084357077659,0.055321649776015155,,,,
B2,sz.002234,2018-10-31,unmatched,0.10306643952299832,0.03019120306114309,0.04446420377892027,,,,
B2,sz.002243,2018-10-31,unmatched,0.2914201183431955,0.03019120306114309,0.04446420377892027,,,,
B2,sz.002321,2018-10-31,unmatched,0.10760667903525012,0.03019120306114309,0.04446420377892027,,,,
B2,sh.603032,2018-11-01,unmatched,-0.047826086956521796,0.0017412078817972132,0.013857770352330729,,,,
B2,sz.002299,2018-11-01,unmatched,0.07759699624530692,0.0017412078817972132,0.013857770352330729,,,,
B2,sz.002400,2018-11-01,unmatched,0.11278195488721843,0.0017412078817972132,0.013857770352330729,,,,
B2,sz.002414,2018-11-01,unmatched,0.07702435813034847,0.0017412078817972132,0.013857770352330729,,,,
B2,sz.002662,2018-11-01,unmatched,-0.03157894736842093,0.0017412078817972132,0.013857770352330729,,,,
B2,sh.600771,2018-11-02,unmatched,-0.1162444113263782,-0.022464104376540894,-0.009306756677423535,,,,
B2,sz.002446,2018-11-02,unmatched,0.11190053285968027,-0.022464104376540894,-0.009306756677423535,,,,
B2,sh.600699,2018-11-02,unmatched,-0.0470639032815201,-0.022464104376540894,-0.009306756677423535,,,,
B2,sz.000721,2018-11-02,unmatched,0.007246376811594235,-0.022464104376540894,-0.009306756677423535,,,,
B2,sz.002023,2018-11-02,unmatched,-0.0470459518599563,-0.022464104376540894,-0.009306756677423535,,,,
B2,sz.002120,2018-11-02,unmatched,-0.1196084429489137,-0.022464104376540894,-0.009306756677423535,,,,
B2,sz.002235,2018-11-02,unmatched,0.08777969018932907,-0.022464104376540894,-0.009306756677423535,,,,
B2,sz.002297,2018-11-02,unmatched,-0.05384615384615332,-0.022464104376540894,-0.009306756677423535,,,,
B2,sz.002332,2018-11-02,unmatched,0.11194029850746245,-0.022464104376540894,-0.009306756677423535,,,,
B2,sz.002547,2018-11-02,unmatched,0.1968749999999999,-0.022464104376540894,-0.009306756677423535,,,,
B2,sz.002376,2018-11-05,unmatched,0.057225433526011615,0.00496521888749657,0.017125649732293788,,,,
B2,sz.002422,2018-11-05,unmatched,0.011637239165329216,0.00496521888749657,0.017125649732293788,,,,
B2,sz.002640,2018-11-05,unmatched,0.04880066170388764,0.00496521888749657,0.017125649732293788,,,,
B2,sh.600532,2018-11-06,unmatched,-0.08021390374331527,0.01546210633843148,0.0283815254000205,,,,
B2,sh.600596,2018-11-06,unmatched,-0.020520915548539298,0.01546210633843148,0.0283815254000205,,,,
B2,sz.000961,2018-11-06,unmatched,0.004901960784314152,0.01546210633843148,0.0283815254000205,,,,
B2,sz.002044,2018-11-06,unmatched,0.06018808777429485,0.01546210633843148,0.0283815254000205,,,,
B2,sz.002089,2018-11-06,unmatched,0.48511904761904856,0.01546210633843148,0.0283815254000205,,,,
B2,sz.002341,2018-11-06,unmatched,0.17869415807560185,0.01546210633843148,0.0283815254000205,,,,
B2,sz.002583,2018-11-06,unmatched,0.05060240963855378,0.01546210633843148,0.0283815254000205,,,,
B2,sz.002709,2018-11-06,unmatched,0.15596766524013317,0.01546210633843148,0.0283815254000205,,,,
B2,sz.002755,2018-11-07,unmatched,0.04820143884892092,0.012187229798903854,0.02482060181199083,,,,
B2,sz.002796,2018-11-07,unmatched,0.3029045643153523,0.012187229798903854,0.02482060181199083,,,,
B2,sz.000818,2018-12-05,filled,-0.06464646464646451,-0.0696452036793691,-0.06557062471344283,,2018-12-06,0.005050505050504972,-0.05628140703517548
B2,sh.600355,2019-01-10,filled,0.10966057441253274,0.04524361948955913,0.04732892274418653,,2019-01-11,0.010443864229765065,0.056847545219638196
B2,sz.002299,2019-01-15,filled,0.31433314886552277,0.05953488372093019,0.0699452798501085,,2019-01-16,0.003873824017708971,0.40132304299889743
B2,sz.002916,2019-01-15,filled,0.21581395348837185,0.05953488372093019,0.0699452798501085,,2019-01-16,0.02209302325581408,0.20216154721274138
B2,sz.002024,2019-01-16,filled,0.03856749311294805,0.06374501992031845,0.0755077369640681,,2019-01-17,-0.0027548209366393683,0.027624309392265678
B2,sh.600801,2019-01-17,unmatched,0.04647160068846801,0.06854977609369595,0.08284391909536287,,,,
B2,sz.000401,2019-01-17,unmatched,0.062015503875969324,0.06854977609369595,0.08284391909536287,,,,
B2,sz.000789,2019-01-17,unmatched,0.07916287534121969,0.06854977609369595,0.08284391909536287,,,,
B2,sz.002405,2019-01-18,unmatched,0.4100946372239751,0.0814977973568276,0.10475392592986518,,,,
B2,sh.600585,2019-01-18,unmatched,0.11755233494363981,0.0814977973568276,0.10475392592986518,,,,
B2,sh.600845,2019-01-22,unmatched,0.2046568627450982,0.14634146341463405,0.16885461700780854,,,,
B2,sz.000661,2019-01-22,unmatched,0.4587488667271078,0.14634146341463405,0.16885461700780854,,,,
B2,sz.002234,2019-01-22,unmatched,1.0333080999243003,0.14634146341463405,0.16885461700780854,,,,
B2,sh.600596,2019-01-23,unmatched,0.15682656826568286,0.14429868819374292,0.167135709310818,,,,
B2,sh.601003,2019-01-24,unmatched,0.13940256045519206,0.1428571428571428,0.1600806517820467,,,,
B2,sz.000936,2019-01-24,unmatched,0.07660167130919238,0.1428571428571428,0.1600806517820467,,,,
B2,sh.600456,2019-01-25,unmatched,0.19356659142212074,0.15731462925851702,0.17822148456834816,,,,
B2,sh.603338,2019-01-25,unmatched,0.0835005402068223,0.15731462925851702,0.17822148456834816,,,,
B2,sz.002353,2019-01-25,unmatched,0.13442994895065197,0.15731462925851702,0.17822148456834816,,,,
B2,sh.600516,2019-01-29,unmatched,0.2079831932773104,0.23531250000000048,0.26326927211758006,,,,
B2,sh.603826,2019-01-29,unmatched,0.08613989637305708,0.23531250000000048,0.26326927211758006,,,,
B2,sz.000709,2019-01-30,unmatched,0.16504854368932054,0.27319587628865993,0.30910937526388643,,,,
B2,sh.600025,2019-02-01,unmatched,0.09393939393939332,0.2059732234809475,0.25907147575938855,,,,
B2,sh.600031,2019-02-01,unmatched,0.16877637130801681,0.2059732234809475,0.25907147575938855,,,,
B2,sh.600277,2019-02-01,unmatched,-0.02173913043478326,0.2059732234809475,0.25907147575938855,,,,
B2,sh.600352,2019-02-01,unmatched,0.05247524752475252,0.2059732234809475,0.25907147575938855,,,,
B2,sh.600763,2019-02-01,unmatched,0.05430711610486871,0.2059732234809475,0.25907147575938855,,,,
B2,sh.603113,2019-02-01,unmatched,0.06063055780113147,0.2059732234809475,0.25907147575938855,,,,
B2,sz.000528,2019-02-01,unmatched,0.124213836477987,0.2059732234809475,0.25907147575938855,,,,
B2,sh.600466,2019-02-01,unmatched,0.11012433392539966,0.2059732234809475,0.25907147575938855,,,,
B2,sh.601155,2019-02-01,unmatched,0.1695030633083725,0.2059732234809475,0.25907147575938855,,,,
B2,sz.000860,2019-02-01,unmatched,0.05781799899446938,0.2059732234809475,0.25907147575938855,,,,
B2,sh.600645,2019-02-11,unmatched,0.36374407582938373,0.22764227642276502,0.26755094078106917,,,,
B2,sz.000425,2019-02-11,unmatched,0.19942196531791878,0.22764227642276502,0.26755094078106917,,,,
B2,sh.600152,2019-02-12,unmatched,0.23199999999999998,0.23934426229508188,0.2753716845493821,,,,
B2,sh.600668,2019-02-12,unmatched,0.17315658657829336,0.23934426229508188,0.2753716845493821,,,,
B2,sh.600779,2019-02-12,unmatched,0.28168130489334975,0.23934426229508188,0.2753716845493821,,,,
B2,sh.600809,2019-02-12,unmatched,0.22588072760764466,0.23934426229508188,0.2753716845493821,,,,
B2,sh.603260,2019-02-12,unmatched,0.12455089820359277,0.23934426229508188,0.2753716845493821,,,,
B2,sz.000009,2019-02-12,unmatched,0.5340909090909092,0.23934426229508188,0.2753716845493821,,,,
B2,sz.000576,2019-02-12,unmatched,0.3851540616246496,0.23934426229508188,0.2753716845493821,,,,
B2,sz.000830,2019-02-12,unmatched,0.02146985962014858,0.23934426229508188,0.2753716845493821,,,,
B2,sz.000877,2019-02-12,unmatched,0.2503022974607019,0.23934426229508188,0.2753716845493821,,,,
B2,sz.002023,2019-02-12,unmatched,0.26654240447343946,0.23934426229508188,0.2753716845493821,,,,
B2,sz.002458,2019-02-12,unmatched,1.7198252321135978,0.23934426229508188,0.2753716845493821,,,,
B2,sh.601011,2019-02-13,unmatched,0.12478920741989863,0.19370078740157437,0.22801582054233346,,,,
B2,sz.000636,2019-02-13,unmatched,0.2548701298701299,0.19370078740157437,0.22801582054233346,,,,
B2,sz.000961,2019-02-13,unmatched,0.21060171919770831,0.19370078740157437,0.22801582054233346,,,,
B2,sz.002414,2019-02-13,unmatched,0.2376798953336241,0.19370078740157437,0.22801582054233346,,,,
B2,sh.600130,2019-02-14,unmatched,0.2086720867208669,0.15669515669515643,0.18612948961791054,,,,
B2,sh.600588,2019-02-14,unmatched,0.2109346139637982,0.15669515669515643,0.18612948961791054,,,,
B2,sh.600695,2019-02-14,unmatched,0.2713675213675206,0.15669515669515643,0.18612948961791054,,,,
B2,sh.600759,2019-02-14,unmatched,0.1861313868613137,0.15669515669515643,0.18612948961791054,,,,
B2,sh.600765,2019-02-14,unmatched,0.10141766630316207,0.15669515669515643,0.18612948961791054,,,,
B2,sh.603000,2019-02-14,unmatched,1.7189030362389803,0.15669515669515643,0.18612948961791054,,,,
B2,sh.603259,2019-02-14,unmatched,0.10706150341685672,0.15669515669515643,0.18612948961791054,,,,
B2,sz.000040,2019-02-14,unmatched,0.21671388101983013,0.15669515669515643,0.18612948961791054,,,,
B2,sz.000506,2019-02-14,unmatched,0.16551724137931068,0.15669515669515643,0.18612948961791054,,,,
B2,sz.000566,2019-02-14,unmatched,0.2828618968386021,0.15669515669515643,0.18612948961791054,,,,
B2,sz.000610,2019-02-14,unmatched,0.1487935656836461,0.15669515669515643,0.18612948961791054,,,,
B2,sz.000977,2019-02-14,unmatched,0.2615225271879855,0.15669515669515643,0.18612948961791054,,,,
B2,sz.002575,2019-02-14,unmatched,0.13722998729351943,0.15669515669515643,0.18612948961791054,,,,
B2,sh.603713,2019-02-15,filled,0.05722460658082995,0.1809274983670799,0.20738857697178265,,2019-02-18,0.020314735336194323,0.06505888951205852
B2,sz.002458,2019-02-27,filled,0.05026929982046657,0.04707668944571042,0.07575789090266019,,2019-02-28,0.011370436864152955,-0.0014792899408284654
B2,sz.002930,2019-03-04,filled,-0.04664723032070017,0.07951478334422679,0.10703809833122328,,2019-03-05,0.006559766763848396,-0.044170890658943196
B2,sz.002234,2019-03-06,unmatched,-0.04195051989960574,0.05308827256432869,0.07515610230218572,,,,
B2,sz.002181,2019-03-12,unmatched,-0.049050632911393,0.03372125560618078,0.05463684175535536,,,,
B2,sz.002648,2019-03-19,filled,0.39999999999999947,0.03211155432540924,0.05183120501398388,,2019-03-20,-0.023859649122807025,0.5010783608914444
B2,sz.000999,2019-03-21,filled,-0.022632311977715647,0.023793248526731703,0.04402835515540354,,2019-03-22,-0.0010445682451252214,-0.02265597769257577
B2,sz.002195,2019-03-26,filled,0.010398613518197708,0.037408907094391264,0.05857107065227749,,2019-03-27,0.051993067590988096,-0.0823723228995058
B2,sh.600278,2019-04-02,filled,-0.24956063268892825,-0.1612390107070777,-0.14614434945771296,,2019-04-03,0.03690685413005257,-0.2598870056497177
B2,sz.000739,2019-04-02,unmatched,-0.18618881118881125,-0.1612390107070777,-0.14614434945771296,,,,
B2,sz.000807,2019-04-02,unmatched,-0.1402550091074679,-0.1612390107070777,-0.14614434945771296,,,,
B2,sz.002463,2019-04-02,unmatched,-0.1720516962843298,-0.1612390107070777,-0.14614434945771296,,,,
B2,sz.002299,2019-04-03,unmatched,-0.0009943171765639525,-0.16227261681480482,-0.14289858083585114,,,,
B2,sz.002669,2019-04-03,unmatched,-0.12456506610995144,-0.16227261681480482,-0.14289858083585114,,,,
B2,sz.002803,2019-04-03,unmatched,-0.19232202758106587,-0.16227261681480482,-0.14289858083585114,,,,
B2,sz.002274,2019-04-04,unmatched,-0.0549356223175963,-0.16653696498054438,-0.15050149790658623,,,,
B2,sz.002010,2019-04-08,unmatched,-0.2700803212851405,-0.16935483870967727,-0.15710524960875433,,,,
B2,sz.002046,2019-04-08,unmatched,-0.155210643015521,-0.16935483870967727,-0.15710524960875433,,,,
B2,sz.002052,2019-04-08,unmatched,-0.15492957746478864,-0.16935483870967727,-0.15710524960875433,,,,
B2,sz.002132,2019-04-08,unmatched,-0.009584664536741117,-0.16935483870967727,-0.15710524960875433,,,,
B2,sz.002154,2019-04-08,unmatched,-0.10551558752997581,-0.16935483870967727,-0.15710524960875433,,,,
B2,sz.002235,2019-04-08,unmatched,-0.21095890410958906,-0.16935483870967727,-0.15710524960875433,,,,
B2,sz.002246,2019-04-08,unmatched,-0.27865796831314116,-0.16935483870967727,-0.15710524960875433,,,,
B2,sz.002255,2019-04-08,unmatched,-0.03984063745019939,-0.16935483870967727,-0.15710524960875433,,,,
B2,sz.002261,2019-04-08,unmatched,-0.158415841584158,-0.16935483870967727,-0.15710524960875433,,,,
B2,sz.002326,2019-04-08,unmatched,-0.23010546500479423,-0.16935483870967727,-0.15710524960875433,,,,
B2,sz.002353,2019-04-08,unmatched,-0.16743471582181257,-0.16935483870967727,-0.15710524960875433,,,,
B2,sz.002373,2019-04-08,unmatched,-0.17586206896551726,-0.16935483870967727,-0.15710524960875433,,,,
B2,sz.002382,2019-04-08,unmatched,-0.10132995566814462,-0.16935483870967727,-0.15710524960875433,,,,
B2,sz.002420,2019-04-08,unmatched,-0.22897196261682218,-0.16935483870967727,-0.15710524960875433,,,,
B2,sz.002423,2019-04-08,unmatched,-0.11450381679389288,-0.16935483870967727,-0.15710524960875433,,,,
B2,sz.002443,2019-04-08,unmatched,-0.19928400954653946,-0.16935483870967727,-0.15710524960875433,,,,
B2,sz.002451,2019-04-08,unmatched,-0.11604361370716554,-0.16935483870967727,-0.15710524960875433,,,,
B2,sz.002452,2019-04-08,unmatched,-0.12500000000000044,-0.16935483870967727,-0.15710524960875433,,,,
B2,sz.002467,2019-04-08,unmatched,0.08811040339702747,-0.16935483870967727,-0.15710524960875433,,,,
B2,sz.002476,2019-04-08,unmatched,-0.16855753646677496,-0.16935483870967727,-0.15710524960875433,,,,
B2,sz.002485,2019-04-08,unmatched,-0.22359550561797725,-0.16935483870967727,-0.15710524960875433,,,,
B2,sz.002506,2019-04-08,unmatched,-0.12700729927007248,-0.16935483870967727,-0.15710524960875433,,,,
B2,sz.002514,2019-04-08,unmatched,-0.15066666666666684,-0.16935483870967727,-0.15710524960875433,,,,
B2,sz.002554,2019-04-08,unmatched,-0.021220159151193574,-0.16935483870967727,-0.15710524960875433,,,,
B2,sz.002560,2019-04-08,unmatched,-0.11057692307692313,-0.16935483870967727,-0.15710524960875433,,,,
B2,sz.002568,2019-04-08,unmatched,-0.056432038834951626,-0.16935483870967727,-0.15710524960875433,,,,
B2,sz.002611,2019-04-08,unmatched,-0.020044543429844297,-0.16935483870967727,-0.15710524960875433,,,,
B2,sz.002665,2019-04-08,unmatched,-0.06626506024096457,-0.16935483870967727,-0.15710524960875433,,,,
B2,sz.002705,2019-04-08,unmatched,-0.27032810271041363,-0.16935483870967727,-0.15710524960875433,,,,
B2,sz.002768,2019-04-08,unmatched,-0.2503059975520199,-0.16935483870967727,-0.15710524960875433,,,,
B2,sz.002777,2019-04-08,unmatched,-0.18651799290420668,-0.16935483870967727,-0.15710524960875433,,,,
B2,sz.002177,2019-04-08,unmatched,-0.3430012610340477,-0.16935483870967727,-0.15710524960875433,,,,
B2,sz.002322,2019-04-08,unmatched,-0.24804469273743024,-0.16935483870967727,-0.15710524960875433,,,,
B2,sz.002478,2019-04-08,unmatched,-0.15058479532163704,-0.16935483870967727,-0.15710524960875433,,,,
B2,sz.002569,2019-04-08,unmatched,-0.1862284820031298,-0.16935483870967727,-0.15710524960875433,,,,
B2,sz.002571,2019-04-08,unmatched,-0.18019480519480557,-0.16935483870967727,-0.15710524960875433,,,,
B2,sz.002657,2019-04-08,unmatched,-0.22145804676753766,-0.16935483870967727,-0.15710524960875433,,,,
B2,sz.002683,2019-04-08,unmatched,-0.237405541561713,-0.16935483870967727,-0.15710524960875433,,,,
B2,sz.002733,2019-04-08,unmatched,-0.1822079314040732,-0.16935483870967727,-0.15710524960875433,,,,
B2,sz.002751,2019-04-08,unmatched,-0.24207903168387368,-0.16935483870967727,-0.15710524960875433,,,,
B2,sh.601058,2019-04-10,unmatched,0.0056022408963585235,-0.15052508751458582,-0.13599083401074386,,,,
B2,sz.000811,2019-04-10,unmatched,-0.11862643080124868,-0.15052508751458582,-0.13599083401074386,,,,
B2,sh.600129,2019-04-12,unmatched,-0.10998439937597515,-0.12226512226512232,-0.10604048978473483,,,,
B2,sz.000722,2019-04-15,unmatched,-0.2267910870797537,-0.10670731707317038,-0.0920893340854177,,,,
B2,sz.000922,2019-04-16,unmatched,-0.1046712802768166,-0.1550387596899223,-0.1403716903228009,,,,
B2,sz.000600,2019-04-17,unmatched,-0.18034825870646742,-0.16467065868263453,-0.1521024643648532,,,,
B2,sz.000920,2019-04-17,unmatched,-0.10665137614678899,-0.16467065868263453,-0.1521024643648532,,,,
B2,sz.000531,2019-04-18,filled,-0.14888888888888907,-0.14193744516859275,-0.1315888532986994,,2019-04-19,-0.007777777777777772,-0.1713325867861144
B2,sz.000700,2019-04-18,unmatched,-0.14285714285714302,-0.14193744516859275,-0.1315888532986994,,,,
B2,sz.000713,2019-04-18,unmatched,1.3848487248903822,-0.14193744516859275,-0.1315888532986994,,,,
B2,sz.002296,2019-04-18,unmatched,-0.06758620689655204,-0.14193744516859275,-0.1315888532986994,,,,
B2,sz.002398,2019-04-18,unmatched,-0.20806241872561793,-0.14193744516859275,-0.1315888532986994,,,,
B2,sh.600113,2019-04-19,unmatched,-0.16479820627802688,-0.15410958904109573,-0.14380947167425773,,,,
B2,sh.603160,2019-04-19,unmatched,-0.13505311077389992,-0.15410958904109573,-0.14380947167425773,,,,
B2,sz.000009,2019-04-19,unmatched,-0.19236209335219223,-0.15410958904109573,-0.14380947167425773,,,,
B2,sz.000023,2019-04-19,unmatched,-0.17544947303161773,-0.15410958904109573,-0.14380947167425773,,,,
B2,sz.000155,2019-04-19,unmatched,-0.17892644135188918,-0.15410958904109573,-0.14380947167425773,,,,
B2,sz.000416,2019-04-19,unmatched,-0.20373027259684307,-0.15410958904109573,-0.14380947167425773,,,,
B2,sz.000506,2019-04-19,unmatched,-0.1949541284403673,-0.15410958904109573,-0.14380947167425773,,,,
B2,sz.000548,2019-04-19,unmatched,-0.16487455197132617,-0.15410958904109573,-0.14380947167425773,,,,
B2,sz.000589,2019-04-19,unmatched,0.2527233115468408,-0.15410958904109573,-0.14380947167425773,,,,
B2,sz.000593,2019-04-19,unmatched,-0.1894736842105259,-0.15410958904109573,-0.14380947167425773,,,,
B2,sz.000623,2019-04-19,unmatched,-0.15781330582774633,-0.15410958904109573,-0.14380947167425773,,,,
B2,sz.000626,2019-04-19,unmatched,-0.21162579473206167,-0.15410958904109573,-0.14380947167425773,,,,
B2,sz.000628,2019-04-19,unmatched,-0.1627516778523488,-0.15410958904109573,-0.14380947167425773,,,,
B2,sz.000637,2019-04-19,unmatched,-0.21231766612641778,-0.15410958904109573,-0.14380947167425773,,,,
B2,sz.000672,2019-04-19,unmatched,-0.07970115191444349,-0.15410958904109573,-0.14380947167425773,,,,
B2,sz.000686,2019-04-19,unmatched,-0.2035815268614518,-0.15410958904109573,-0.14380947167425773,,,,
B2,sz.000776,2019-04-19,unmatched,-0.2100538599640932,-0.15410958904109573,-0.14380947167425773,,,,
B2,sz.000837,2019-04-19,unmatched,-0.17406749555950274,-0.15410958904109573,-0.14380947167425773,,,,
B2,sz.000850,2019-04-19,unmatched,0.038535645472061564,-0.15410958904109573,-0.14380947167425773,,,,
B2,sz.000878,2019-04-19,unmatched,-0.17774086378737552,-0.15410958904109573,-0.14380947167425773,,,,
B2,sz.000917,2019-04-19,unmatched,-0.15410958904109573,-0.15410958904109573,-0.14380947167425773,,,,
B2,sz.000928,2019-04-19,unmatched,-0.23230974632843804,-0.15410958904109573,-0.14380947167425773,,,,
B2,sz.000962,2019-04-19,unmatched,-0.20150053590568107,-0.15410958904109573,-0.14380947167425773,,,,
B2,sz.000975,2019-04-19,unmatched,-0.06019417475728128,-0.15410958904109573,-0.14380947167425773,,,,
B2,sz.001872,2019-04-19,unmatched,-0.19253731343283575,-0.15410958904109573,-0.14380947167425773,,,,
B2,sz.002436,2019-04-19,unmatched,0.07570422535211319,-0.15410958904109573,-0.14380947167425773,,,,
B2,sz.002454,2019-04-19,unmatched,-0.1512738853503185,-0.15410958904109573,-0.14380947167425773,,,,
B2,sh.600456,2019-04-19,unmatched,-0.06768837803320615,-0.15410958904109573,-0.14380947167425773,,,,
B2,sh.600496,2019-04-19,unmatched,-0.1273712737127367,-0.15410958904109573,-0.14380947167425773,,,,
B2,sz.000762,2019-04-19,unmatched,-0.17154811715481144,-0.15410958904109573,-0.14380947167425773,,,,
B2,sz.000790,2019-04-19,unmatched,-0.13511178312992778,-0.15410958904109573,-0.14380947167425773,,,,
B2,sz.000801,2019-04-19,unmatched,-0.1530054644808737,-0.15410958904109573,-0.14380947167425773,,,,
B2,sz.000966,2019-04-19,unmatched,-0.20504731861198744,-0.15410958904109573,-0.14380947167425773,,,,
B2,sz.000988,2019-04-19,unmatched,-0.08116480793060765,-0.15410958904109573,-0.14380947167425773,,,,
B2,sz.002315,2019-04-19,unmatched,-0.0311563810665072,-0.15410958904109573,-0.14380947167425773,,,,
B2,sz.000821,2019-04-22,filled,-0.13691683569979685,-0.15912305516265912,-0.15126596481326388,,2019-04-23,0.0020283975659229903,-0.13259109311740858
B2,sz.000925,2019-04-22,unmatched,-0.14321295143212964,-0.15912305516265912,-0.15126596481326388,,,,
B2,sz.000938,2019-04-22,unmatched,-0.136727434415296,-0.15912305516265912,-0.15126596481326388,,,,
B2,sz.000977,2019-04-22,unmatched,-0.10123526366787217,-0.15912305516265912,-0.15126596481326388,,,,
B2,sz.002409,2019-04-22,unmatched,-0.08851540616246523,-0.15912305516265912,-0.15126596481326388,,,,
B2,sz.002500,2019-04-22,unmatched,-0.18010471204188516,-0.15912305516265912,-0.15126596481326388,,,,
B2,sz.002560,2019-04-22,unmatched,-0.05616224648985946,-0.15912305516265912,-0.15126596481326388,,,,
B2,sz.002591,2019-04-22,unmatched,-0.011961722488038506,-0.15912305516265912,-0.15126596481326388,,,,
B2,sz.002757,2019-04-22,unmatched,0.1071729957805907,-0.15912305516265912,-0.15126596481326388,,,,
B2,sz.002240,2019-04-23,unmatched,-0.16552399608227253,-0.14905814905814907,-0.14295185528935198,,,,
B2,sz.002299,2019-04-23,unmatched,0.0020191497707555683,-0.14905814905814907,-0.14295185528935198,,,,
B2,sz.002669,2019-04-23,unmatched,-0.23849147715005037,-0.14905814905814907,-0.14295185528935198,,,,
B2,sz.002139,2019-04-24,unmatched,-0.1474452554744522,-0.13444010416666674,-0.12820793085206925,,,,
B2,sz.002170,2019-04-26,filled,-0.18297872340425547,-0.07932546637068216,-0.07326537866052317,,2019-04-29,-0.09999999999999998,-0.08747044917257718
B2,sz.002278,2019-04-26,filled,-0.14148681055155898,-0.07932546637068216,-0.07326537866052317,,2019-04-29,-0.020383693045563533,-0.08935128518971858
B2,sz.002746,2019-04-30,filled,-0.07588566925741724,-0.06638006061153895,-0.05383299443651589,,2019-05-06,0.007194244604316502,-0.16920111909956181
B2,sz.002695,2019-05-07,filled,-0.21796354348078473,-0.02918344514880261,-0.021895686345637808,,2019-05-08,-0.09968652037617554,-0.11456102341896202
B2,sh.600626,2019-05-08,filled,-0.060606060606060774,-0.026296580868228947,-0.01811096195056156,,2019-05-09,-0.0487483530961792,-0.03878116343490312
B2,sz.000999,2019-05-08,unmatched,-0.046035805626598036,-0.026296580868228947,-0.01811096195056156,,,,
B2,sz.002020,2019-05-08,unmatched,-0.08191985165685722,-0.026296580868228947,-0.01811096195056156,,,,
B2,sz.002154,2019-05-08,unmatched,-0.10597826086956541,-0.026296580868228947,-0.01811096195056156,,,,
B2,sz.002841,2019-05-08,unmatched,-0.0032937712761059723,-0.026296580868228947,-0.01811096195056156,,,,
B2,sh.600368,2019-05-08,unmatched,-0.020956123117223058,-0.026296580868228947,-0.01811096195056156,,,,
B2,sh.601163,2019-05-08,unmatched,-0.13000000000000034,-0.026296580868228947,-0.01811096195056156,,,,
B2,sz.002759,2019-05-08,unmatched,0.0691823899371069,-0.026296580868228947,-0.01811096195056156,,,,
B2,sh.603508,2019-05-09,unmatched,0.07567567567567512,-0.03880805744560689,-0.031337317380023766,,,,
B2,sz.002621,2019-05-09,unmatched,0.029707714422616327,-0.03880805744560689,-0.031337317380023766,,,,
B2,sz.002512,2019-05-10,filled,-0.15839694656488534,-0.061810902886393515,-0.05371867863721191,,2019-05-13,-0.04770992366412219,-0.07014028056112209
B2,sz.002591,2019-05-10,unmatched,-0.11030303030303101,-0.061810902886393515,-0.05371867863721191,,,,
B2,sz.002675,2019-05-30,filled,-0.09527754763877383,-0.0016518494502196224,0.005838975787184738,,2019-05-31,-0.0157415078707539,-0.045454545454545414
B2,sz.002463,2019-07-04,filled,0.19691403379867634,-0.04835164835164796,-0.039569315926936355,,2019-07-05,0.006612784717119791,0.17226277372262655
B2,sz.002274,2019-07-09,filled,-0.22325581395348815,-0.0733944954128446,-0.06318335278221564,,2019-07-10,-0.051162790697674376,-0.2022058823529408
B2,sz.002522,2019-07-11,filled,-0.3076923076923075,-0.06313536650615281,-0.050303540888712917,,2019-07-12,-0.00809716599190291,-0.2938775510204078
B2,sz.002353,2019-07-12,filled,0.0042323970757986995,-0.08108108108108047,-0.06372894389036217,,2019-07-15,0.04193920738745671,-0.009231905465287737
B2,sz.002012,2019-07-12,unmatched,-0.24786324786324776,-0.08108108108108047,-0.06372894389036217,,,,
B2,sz.000810,2019-07-16,unmatched,-0.1596091205211726,-0.08354114713216931,-0.06349434151046099,,,,
B2,sz.000936,2019-07-16,unmatched,-0.25599128540305005,-0.08354114713216931,-0.06349434151046099,,,,
B2,sz.000969,2019-07-16,unmatched,-0.11139240506329162,-0.08354114713216931,-0.06349434151046099,,,,
B2,sz.002182,2019-07-16,unmatched,0.07499999999999973,-0.08354114713216931,-0.06349434151046099,,,,
B2,sh.600720,2019-07-17,unmatched,-0.09903121636167933,-0.07905544147843924,-0.060363748571168406,,,,
B2,sz.000401,2019-07-17,unmatched,-0.15136876006441202,-0.07905544147843924,-0.060363748571168406,,,,
B2,sz.000416,2019-07-17,unmatched,-0.07457627118644039,-0.07905544147843924,-0.060363748571168406,,,,
B2,sz.002836,2019-07-17,unmatched,-0.05765124555160139,-0.07905544147843924,-0.060363748571168406,,,,
B2,sh.600466,2019-07-18,unmatched,-0.09105431309904144,-0.06282051282051293,-0.041421113922855524,,,,
B2,sz.000655,2019-07-18,unmatched,-0.17580645161290298,-0.06282051282051293,-0.041421113922855524,,,,
B2,sz.000988,2019-07-18,unmatched,0.03151125401929211,-0.06282051282051293,-0.041421113922855524,,,,
B2,sz.002617,2019-07-18,unmatched,0.06864564007421148,-0.06282051282051293,-0.041421113922855524,,,,
B2,sz.000025,2019-07-19,unmatched,-0.04728370221327982,-0.06418604651162829,-0.04307288731889867,,,,
B2,sz.000157,2019-07-19,unmatched,-0.10094953511754823,-0.06418604651162829,-0.04307288731889867,,,,
B2,sz.000543,2019-07-19,unmatched,0.08744394618834095,-0.06418604651162829,-0.04307288731889867,,,,
B2,sz.000586,2019-07-19,unmatched,-0.09056024558710596,-0.06418604651162829,-0.04307288731889867,,,,
B2,sz.000589,2019-07-19,unmatched,-0.06605922551252896,-0.06418604651162829,-0.04307288731889867,,,,
B2,sz.000637,2019-07-19,unmatched,-0.1286307053941913,-0.06418604651162829,-0.04307288731889867,,,,
B2,sz.000686,2019-07-19,unmatched,-0.10292524377031387,-0.06418604651162829,-0.04307288731889867,,,,
B2,sz.000732,2019-07-19,unmatched,-0.15767634854771784,-0.06418604651162829,-0.04307288731889867,,,,
B2,sz.000750,2019-07-19,unmatched,-0.0759259259259254,-0.06418604651162829,-0.04307288731889867,,,,
B2,sz.000839,2019-07-19,unmatched,-0.09610389610389625,-0.06418604651162829,-0.04307288731889867,,,,
B2,sz.000917,2019-07-19,unmatched,-0.1642441860465117,-0.06418604651162829,-0.04307288731889867,,,,
B2,sz.000962,2019-07-19,unmatched,-0.12437810945273586,-0.06418604651162829,-0.04307288731889867,,,,
B2,sz.002010,2019-07-19,unmatched,-0.0987179487179487,-0.06418604651162829,-0.04307288731889867,,,,
B2,sz.002052,2019-07-19,unmatched,-0.08352668213457082,-0.06418604651162829,-0.04307288731889867,,,,
B2,sz.002125,2019-07-19,unmatched,-0.11190053285967982,-0.06418604651162829,-0.04307288731889867,,,,
B2,sz.002161,2019-07-19,unmatched,-0.05337078651685412,-0.06418604651162829,-0.04307288731889867,,,,
B2,sz.002235,2019-07-19,unmatched,-0.15140415140415153,-0.06418604651162829,-0.04307288731889867,,,,
B2,sz.002387,2019-07-19,unmatched,0.05748757984386099,-0.06418604651162829,-0.04307288731889867,,,,
B2,sz.002457,2019-07-19,unmatched,-0.10857142857142821,-0.06418604651162829,-0.04307288731889867,,,,
B2,sz.002697,2019-07-19,unmatched,-0.0213089802130898,-0.06418604651162829,-0.04307288731889867,,,,
B2,sz.002892,2019-07-19,unmatched,0.283860502838605,-0.06418604651162829,-0.04307288731889867,,,,
B2,sz.002926,2019-07-19,unmatched,-0.09737098344693296,-0.06418604651162829,-0.04307288731889867,,,,
B2,sz.002939,2019-07-19,unmatched,-0.10666666666666635,-0.06418604651162829,-0.04307288731889867,,,,
B2,sz.000795,2019-07-19,unmatched,-0.02242152466367764,-0.06418604651162829,-0.04307288731889867,,,,
B2,sz.000975,2019-07-19,unmatched,-0.023106546854941845,-0.06418604651162829,-0.04307288731889867,,,,
B2,sz.002080,2019-07-19,unmatched,-0.1155303030303032,-0.06418604651162829,-0.04307288731889867,,,,
B2,sz.002302,2019-07-19,unmatched,-0.028003613369467106,-0.06418604651162829,-0.04307288731889867,,,,
B2,sz.002869,2019-07-19,unmatched,0.28873092201547146,-0.06418604651162829,-0.04307288731889867,,,,
B2,sz.002916,2019-07-19,unmatched,0.1383141762452107,-0.06418604651162829,-0.04307288731889867,,,,
B2,sz.000425,2019-07-22,unmatched,-0.09240246406570851,-0.008536585365853444,0.014761197896286755,,,,
B2,sz.000672,2019-07-22,unmatched,-0.05551272166538168,-0.008536585365853444,0.014761197896286755,,,,
B2,sz.002129,2019-07-22,unmatched,0.22840431406579365,-0.008536585365853444,0.014761197896286755,,,,
B2,sz.002583,2019-07-22,unmatched,0.16901408450704225,-0.008536585365853444,0.014761197896286755,,,,
B2,sz.002602,2019-07-22,unmatched,-0.2210526315789476,-0.008536585365853444,0.014761197896286755,,,,
B2,sh.603609,2019-07-23,unmatched,0.07457121551081292,-0.01637931034482787,0.005296478132927021,,,,
B2,sh.600031,2019-07-25,unmatched,-0.04217298070050035,-0.025787965616046016,-0.0076405685565447915,,,,
B2,sh.601012,2019-07-25,unmatched,0.055049504950494876,-0.025787965616046016,-0.0076405685565447915,,,,
B2,sh.600026,2019-07-26,unmatched,0.08074534161490665,-0.026104295412341272,-0.009158870190422096,,,,
B2,sh.603936,2019-07-30,unmatched,0.3934426229508192,-0.02020655590480469,-0.0027932524600632596,,,,
B2,sh.600171,2019-07-31,unmatched,-0.06632975363234361,-0.011815677295657634,0.0031701848493817754,,,,
B2,sh.600410,2019-07-31,unmatched,-0.028699551569506432,-0.011815677295657634,0.0031701848493817754,,,,
B2,sh.600988,2019-08-02,unmatched,0.06715063520871145,-0.002945514488981449,0.01458604028267772,,,,
B2,sz.002182,2019-08-02,filled,-0.04021739130434754,-0.002945514488981449,0.01458604028267772,,2019-08-05,-0.04456521739130437,0.03071672354948851
B2,sh.600383,2019-08-13,filled,-0.015100671140939825,0.10552935785669915,0.12802971108855227,,2019-08-14,-0.010067114093959662,-0.0059322033898308035
B2,sh.601615,2019-08-14,filled,0.33429672447013425,0.09501751132184977,0.11433719934968063,,2019-08-15,-0.010597302504817163,0.3330087633885097
B2,sz.002214,2019-08-16,unmatched,0.20268872802481863,0.09491192383798941,0.11486736727380442,,,,
B2,sz.002625,2019-08-28,filled,-0.04570184983677916,-0.01103781893306982,0.0005796260569880099,,2019-08-29,-0.005440696409140244,-0.030634573304157753
B2,sz.002915,2019-08-29,unmatched,-0.06741573033707837,-0.004920624677335783,0.00782445018385449,,,,
B2,sz.002841,2019-08-30,unmatched,0.026515593972666673,-0.003401360544217469,0.009403445838110954,,,,
B2,sh.601958,2019-08-30,unmatched,0.13533834586466154,-0.003401360544217469,0.009403445838110954,,,,
B2,sh.600798,2019-09-03,filled,-0.06036745406824229,-0.0228013029315961,-0.009551015821041332,,2019-09-04,0.013123359580052396,-0.028497409326425638
B2,sz.002318,2019-09-03,unmatched,0.11228533685601039,-0.0228013029315961,-0.009551015821041332,,,,
B2,sz.002414,2019-09-03,unmatched,0.06200832947709323,-0.0228013029315961,-0.009551015821041332,,,,
B2,sz.002409,2019-09-04,unmatched,0.0588533739218664,-0.02666666666666684,-0.006967213373508495,,,,
B2,sh.600984,2019-09-05,unmatched,0.17307692307692268,-0.033530571992110736,-0.016377898004430912,,,,
B2,sz.002250,2019-09-05,unmatched,-0.00442151805453217,-0.033530571992110736,-0.016377898004430912,,,,
B2,sz.002276,2019-09-05,unmatched,0.05933682373472915,-0.033530571992110736,-0.016377898004430912,,,,
B2,sz.002463,2019-09-05,unmatched,-0.05423231953096419,-0.033530571992110736,-0.016377898004430912,,,,
B2,sz.002512,2019-09-05,unmatched,0.1090534979423865,-0.033530571992110736,-0.016377898004430912,,,,
B2,sh.600745,2019-09-06,unmatched,0.1263985485334138,-0.02486016159105031,-0.006048884441150459,,,,
B2,sz.002199,2019-09-06,unmatched,-0.04134548002803051,-0.02486016159105031,-0.006048884441150459,,,,
B2,sz.002249,2019-09-06,unmatched,-0.01666666666666683,-0.02486016159105031,-0.006048884441150459,,,,
B2,sz.002832,2019-09-23,filled,-0.057284299858556986,-0.02716049382716046,-0.02274881891344474,,2019-09-24,-0.015205091937765314,-0.05745062836624737
B2,sz.000739,2019-10-11,filled,-0.023166023166023564,-0.028080697928026144,-0.019765229235689154,,2019-10-14,0.0007722007722008595,-0.06404320987654377
B2,sz.000009,2019-10-15,filled,-0.0462184873949576,-0.054507337526205735,-0.043816804571658687,,2019-10-16,0.0021008403361344463,-0.060796645702305585
B2,sh.600063,2019-10-16,filled,-0.0369318181818179,-0.05377906976744162,-0.04105458157050316,,2019-10-17,0.017045454545454586,-0.04748603351955283
B2,sz.000400,2019-10-16,filled,-0.019230769230769718,-0.05377906976744162,-0.04105458157050316,,2019-10-17,-0.006072874493927016,-0.019348268839104343
B2,sz.000810,2019-10-16,unmatched,0.017647058823529793,-0.05377906976744162,-0.04105458157050316,,,,
B2,sz.000829,2019-10-16,unmatched,-0.014516129032258518,-0.05377906976744162,-0.04105458157050316,,,,
B2,sz.002714,2019-10-16,unmatched,0.14304796599878555,-0.05377906976744162,-0.04105458157050316,,,,
B2,sz.002798,2019-10-16,unmatched,0.12166588675713608,-0.05377906976744162,-0.04105458157050316,,,,
B2,sz.000563,2019-10-17,unmatched,-0.0491803278688524,-0.04782146652497343,-0.03328354543694709,,,,
B2,sz.002230,2019-10-17,unmatched,-0.035863465925479066,-0.04782146652497343,-0.03328354543694709,,,,
B2,sz.000987,2019-10-18,unmatched,-0.06546990496304139,-0.04296875000000022,-0.030041901289216216,,,,
B2,sz.002261,2019-10-18,unmatched,-0.10016694490818046,-0.04296875000000022,-0.030041901289216216,,,,
B2,sz.002302,2019-10-18,unmatched,-0.06643658326143209,-0.04296875000000022,-0.030041901289216216,,,,
B2,sz.002315,2019-10-18,unmatched,-0.04963427377220442,-0.04296875000000022,-0.030041901289216216,,,,
B2,sz.002895,2019-10-18,unmatched,-0.0814696485623001,-0.04296875000000022,-0.030041901289216216,,,,
B2,sh.600720,2019-10-18,unmatched,0.02062868369351678,-0.04296875000000022,-0.030041901289216216,,,,
B2,sz.002353,2019-10-18,unmatched,-0.06910961105753777,-0.04296875000000022,-0.030041901289216216,,,,
B2,sz.002697,2019-10-18,unmatched,-0.12891986062717742,-0.04296875000000022,-0.030041901289216216,,,,
B2,sh.603609,2019-10-21,unmatched,-0.025039123630672844,-0.035986913849508806,-0.017927256405084316,,,,
B2,sz.002476,2019-10-21,unmatched,0.02599388379204881,-0.035986913849508806,-0.017927256405084316,,,,
B2,sz.002548,2019-10-21,unmatched,-0.18627450980392168,-0.035986913849508806,-0.017927256405084316,,,,
B2,sz.002930,2019-10-21,unmatched,-0.09871244635193166,-0.035986913849508806,-0.017927256405084316,,,,
B2,sz.000656,2019-10-22,unmatched,-0.03932584269662909,-0.03053435114503833,-0.012292862777348552,,,,
B2,sz.000790,2019-10-22,unmatched,-0.07592190889370909,-0.03053435114503833,-0.012292862777348552,,,,
B2,sz.000811,2019-10-22,unmatched,-0.07015130674002734,-0.03053435114503833,-0.012292862777348552,,,,
B2,sz.002045,2019-10-22,unmatched,0.32146829810901,-0.03053435114503833,-0.012292862777348552,,,,
B2,sz.002234,2019-10-22,unmatched,-0.03503184713375829,-0.03053435114503833,-0.012292862777348552,,,,
B2,sz.002399,2019-10-22,unmatched,0.008880994671403242,-0.03053435114503833,-0.012292862777348552,,,,
B2,sz.002481,2019-10-22,unmatched,-0.15017462165308482,-0.03053435114503833,-0.012292862777348552,,,,
B2,sz.002522,2019-10-22,unmatched,-0.046511627906976716,-0.03053435114503833,-0.012292862777348552,,,,
B2,sz.002579,2019-10-22,unmatched,-0.052716950527169626,-0.03053435114503833,-0.012292862777348552,,,,
B2,sz.002607,2019-10-22,unmatched,0.12607758620689657,-0.03053435114503833,-0.012292862777348552,,,,
B2,sz.002847,2019-10-22,unmatched,0.027217741935483986,-0.03053435114503833,-0.012292862777348552,,,,
B2,sh.600521,2019-10-23,unmatched,0.09866511897852548,-0.02844141069397066,-0.010703846670286676,,,,
B2,sh.601628,2019-10-25,unmatched,0.07508196721311466,-0.04234122042341193,-0.02780341093930608,,,,
B2,sz.002073,2019-10-25,unmatched,-0.2355008787346219,-0.04234122042341193,-0.02780341093930608,,,,
B2,sz.002299,2019-10-25,unmatched,-0.18047635021804742,-0.04234122042341193,-0.02780341093930608,,,,
B2,sh.603008,2019-10-25,unmatched,0.05961251862891226,-0.04234122042341193,-0.02780341093930608,,,,
B2,sz.002479,2019-10-25,unmatched,0.034440344403444456,-0.04234122042341193,-0.02780341093930608,,,,
B2,sz.000555,2019-10-29,unmatched,-0.21307189542483684,-0.04437869822485263,-0.03867862651655629,,,,
B2,sz.002475,2019-10-29,unmatched,0.0036166365280287938,-0.04437869822485263,-0.03867862651655629,,,,
B2,sz.002609,2019-10-29,unmatched,-0.1644398766700923,-0.04437869822485263,-0.03867862651655629,,,,
B2,sz.002351,2019-10-30,unmatched,0.2628262826282626,-0.03304773561811514,-0.026706012387929422,,,,
B2,sz.002683,2019-10-30,unmatched,-0.0007220216606493857,-0.03304773561811514,-0.026706012387929422,,,,
B2,sz.002197,2019-10-31,unmatched,-0.06928104575163352,-0.026792179580014897,-0.020101091293143813,,,,
B2,sz.002241,2019-10-31,unmatched,0.05328310010764259,-0.026792179580014897,-0.020101091293143813,,,,
B2,sz.002562,2019-10-31,unmatched,-0.0682730923694782,-0.026792179580014897,-0.020101091293143813,,,,
B2,sz.002733,2019-10-31,unmatched,0.0125000000000004,-0.026792179580014897,-0.020101091293143813,,,,
B2,sz.002544,2019-11-01,unmatched,-0.08734939759036164,-0.03820224719101084,-0.03129534731659785,,,,
B2,sz.002669,2019-11-01,unmatched,-0.10379550735863718,-0.03820224719101084,-0.03129534731659785,,,,
B2,sh.603456,2019-11-01,unmatched,-0.10507757404795492,-0.03820224719101084,-0.03129534731659785,,,,
B2,sz.002028,2019-11-01,unmatched,0.11102362204724447,-0.03820224719101084,-0.03129534731659785,,,,
B2,sz.002369,2019-11-01,unmatched,0.06424242424242377,-0.03820224719101084,-0.03129534731659785,,,,
B2,sz.002458,2019-11-04,unmatched,-0.1399883585564612,-0.04084321475625807,-0.03520659018147537,,,,
B2,sz.002568,2019-11-04,unmatched,-0.10590277777777801,-0.04084321475625807,-0.03520659018147537,,,,
B2,sh.600020,2019-11-05,unmatched,-0.03271028037383261,-0.03935185185185197,-0.033115985322594035,,,,
B2,sh.600777,2019-11-05,unmatched,-0.04265402843601829,-0.03935185185185197,-0.033115985322594035,,,,
B2,sh.601898,2019-11-05,unmatched,-0.02044989775051098,-0.03935185185185197,-0.033115985322594035,,,,
B2,sh.603309,2019-11-05,unmatched,-0.16166883963494116,-0.03935185185185197,-0.033115985322594035,,,,
B2,sh.603586,2019-11-05,unmatched,-2.220446049250313e-16,-0.03935185185185197,-0.033115985322594035,,,,
B2,sz.000063,2019-11-05,unmatched,-0.10426401869158852,-0.03935185185185197,-0.033115985322594035,,,,
B2,sh.600391,2019-11-06,unmatched,-0.059691482226693626,-0.030959752321981893,-0.023102013386252545,,,,
B2,sh.601099,2019-11-06,unmatched,-0.005952380952381042,-0.030959752321981893,-0.023102013386252545,,,,
B2,sh.601615,2019-11-06,unmatched,-0.12352478363493291,-0.030959752321981893,-0.023102013386252545,,,,
B2,sz.002134,2019-11-06,unmatched,-0.04343434343434338,-0.030959752321981893,-0.023102013386252545,,,,
B2,sz.002318,2019-11-06,unmatched,0.0035799522673027884,-0.030959752321981893,-0.023102013386252545,,,,
B2,sz.002355,2019-11-06,unmatched,-0.03255813953488418,-0.030959752321981893,-0.023102013386252545,,,,
B2,sz.002429,2019-11-06,unmatched,-0.02622950819672154,-0.030959752321981893,-0.023102013386252545,,,,
B2,sz.002798,2019-11-06,unmatched,-0.08524590163934387,-0.030959752321981893,-0.023102013386252545,,,,
B2,sz.002850,2019-11-06,unmatched,0.07317775857101672,-0.030959752321981893,-0.023102013386252545,,,,
B2,sh.600079,2019-11-07,unmatched,-0.04639175257731987,-0.028449502133712556,-0.01854233573933763,,,,
B2,sh.600745,2019-11-07,unmatched,0.19144602851323844,-0.028449502133712556,-0.01854233573933763,,,,
B2,sh.601919,2019-11-07,unmatched,-0.016427104722792962,-0.028449502133712556,-0.01854233573933763,,,,
B2,sh.603308,2019-11-07,unmatched,-0.03445512820512808,-0.028449502133712556,-0.01854233573933763,,,,
B2,sz.002103,2019-11-07,unmatched,-0.07956989247311852,-0.028449502133712556,-0.01854233573933763,,,,
B2,sz.002214,2019-11-07,unmatched,-0.06353861192570887,-0.028449502133712556,-0.01854233573933763,,,,
B2,sz.002555,2019-11-07,unmatched,0.2083111347895572,-0.028449502133712556,-0.01854233573933763,,,,
B2,sz.002625,2019-11-07,unmatched,-0.1424755120213712,-0.028449502133712556,-0.01854233573933763,,,,
B2,sz.002665,2019-11-07,unmatched,-0.09186351706036744,-0.028449502133712556,-0.01854233573933763,,,,
B2,sh.600223,2020-01-10,filled,-0.08502024291498023,-0.057065217391304324,-0.01491531980494144,,2020-01-13,0.10020242914979738,-0.17111315547378125
B2,sz.002299,2020-01-10,filled,-0.06382567476779033,-0.057065217391304324,-0.01491531980494144,,2020-01-13,0.012262658227848,-0.061871591189297415
B2,sz.002476,2020-01-13,filled,-0.08139534883720967,-0.05534902932672481,-0.012303821091788823,,2020-01-14,-0.02470930232558144,-0.061102831594635365
B2,sz.000672,2020-01-14,filled,-0.03435710567412842,-0.05102040816326481,-0.016777669608528643,,2020-01-15,-0.0005205622071838834,-0.029166666666666785
B2,sz.000739,2020-01-14,unmatched,0.0565345080763584,-0.05102040816326481,-0.016777669608528643,,,,
B2,sz.002177,2020-01-15,unmatched,-0.12807881773399044,-0.027450980392156876,0.006670078365153324,,,,
B2,sh.603127,2020-01-16,unmatched,0.048491845865204164,-0.01416122004357323,0.0220509327067748,,,,
B2,sh.600079,2020-01-17,unmatched,-0.03313452617627566,-3.3306690738754696e-16,0.04012142676366928,,,,
B2,sh.600456,2020-01-17,unmatched,0.05357856857257115,-3.3306690738754696e-16,0.04012142676366928,,,,
B2,sh.601377,2020-01-17,unmatched,0.04078762306610417,-3.3306690738754696e-16,0.04012142676366928,,,,
B2,sh.603333,2020-01-17,unmatched,-0.28651162790697715,-3.3306690738754696e-16,0.04012142676366928,,,,
B2,sh.603505,2020-01-17,unmatched,0.0973843058350099,-3.3306690738754696e-16,0.04012142676366928,,,,
B2,sz.002916,2020-01-17,unmatched,0.5335311572700301,-3.3306690738754696e-16,0.04012142676366928,,,,
B2,sh.603218,2020-01-17,unmatched,-0.09959803483698026,-3.3306690738754696e-16,0.04012142676366928,,,,
B2,sz.000613,2020-01-20,unmatched,-0.1671554252199413,-0.013750954927425063,0.029368346162194924,,,,
B2,sz.002653,2020-01-21,unmatched,-0.049193881769326486,-0.012510425354461896,0.021932551631357638,,,,
B2,sh.600846,2020-01-22,filled,-0.02766393442622994,-0.010093727469358549,0.019423975725629095,,2020-01-23,-0.055327868852458995,-0.05639913232104177
B2,sh.600999,2020-01-22,unmatched,-0.041495901639344135,-0.010093727469358549,0.019423975725629095,,,,
B2,sh.603606,2020-01-22,unmatched,0.004878048780487809,-0.010093727469358549,0.019423975725629095,,,,
B2,sh.603712,2020-01-22,unmatched,0.06590476190476258,-0.010093727469358549,0.019423975725629095,,,,
B2,sh.603737,2020-01-22,unmatched,0.039019189765457485,-0.010093727469358549,0.019423975725629095,,,,
B2,sz.002279,2020-01-23,unmatched,0.15963855421686723,-0.02695919781055872,0.004795943388594715,,,,
B2,sh.600745,2020-02-03,unmatched,0.2729777777777782,0.11963865762110926,0.1494473884459817,,,,
B2,sh.603258,2020-02-03,unmatched,0.18023450586264667,0.11963865762110926,0.1494473884459817,,,,
B2,sz.000547,2020-02-03,unmatched,0.23893065998329166,0.11963865762110926,0.1494473884459817,,,,
B2,sh.600988,2020-02-03,unmatched,0.5167548500881831,0.11963865762110926,0.1494473884459817,,,,
B2,sh.600171,2020-02-05,filled,0.08054452637549603,0.1278582383491934,0.14552977485360072,,2020-02-06,0.052750992626205306,0.0344827586206895
B2,sh.600521,2020-02-05,unmatched,0.11170212765957421,0.1278582383491934,0.14552977485360072,,,,
B2,sh.603596,2020-02-05,filled,0.09154694286668819,0.1278582383491934,0.14552977485360072,,2020-02-06,0.0190444370197127,0.0459016393442615
B2,sh.603986,2020-02-05,unmatched,0.143166719954527,0.1278582383491934,0.14552977485360072,,,,
B2,sz.002467,2020-02-05,unmatched,0.14025974025974008,0.1278582383491934,0.14552977485360072,,,,
B2,sh.603456,2020-02-06,filled,-0.06441581519324746,0.11958709092754372,0.1359261057087462,,2020-02-07,-0.005775211017325699,-0.055853440571939195
B2,sh.603501,2020-02-06,unmatched,-0.11815750971192218,0.11958709092754372,0.1359261057087462,,,,
B2,sh.603538,2020-02-06,unmatched,0.05779078273591742,0.11958709092754372,0.1359261057087462,,,,
B2,sh.603825,2020-02-06,unmatched,0.07800917755029979,0.11958709092754372,0.1359261057087462,,,,
B2,sh.603882,2020-02-06,unmatched,0.00101694915254269,0.11958709092754372,0.1359261057087462,,,,
B2,sz.002697,2020-02-06,unmatched,0.17215189873417724,0.11958709092754372,0.1359261057087462,,,,
B2,sh.600845,2020-02-07,unmatched,-0.04676045175351706,0.0999337740581856,0.11869945261792263,,,,
B2,sh.603187,2020-02-07,unmatched,0.15901162790697665,0.0999337740581856,0.11869945261792263,,,,
B2,sz.002160,2020-02-07,unmatched,0.4987531172069821,0.0999337740581856,0.11869945261792263,,,,
B2,sz.002335,2020-02-07,unmatched,0.22137404580152675,0.0999337740581856,0.11869945261792263,,,,
B2,sz.002343,2020-02-07,unmatched,-0.05829596412556004,0.0999337740581856,0.11869945261792263,,,,
B2,sz.002512,2020-02-07,unmatched,0.0778145695364234,0.0999337740581856,0.11869945261792263,,,,
B2,sz.002581,2020-02-07,unmatched,-0.04932301740812395,0.0999337740581856,0.11869945261792263,,,,
B2,sh.600100,2020-02-07,unmatched,-0.0032292787944028234,0.0999337740581856,0.11869945261792263,,,,
B2,sh.600132,2020-02-07,unmatched,-0.016629933880985326,0.0999337740581856,0.11869945261792263,,,,
B2,sh.600267,2020-02-07,unmatched,0.012396694214876103,0.0999337740581856,0.11869945261792263,,,,
B2,sh.600584,2020-02-07,unmatched,-0.006035458317615983,0.0999337740581856,0.11869945261792263,,,,
B2,sh.601718,2020-02-07,unmatched,0.16589861751152069,0.0999337740581856,0.11869945261792263,,,,
B2,sh.603520,2020-02-07,unmatched,0.14314516129032184,0.0999337740581856,0.11869945261792263,,,,
B2,sz.000523,2020-02-07,unmatched,-0.057667103538663,0.0999337740581856,0.11869945261792263,,,,
B2,sz.000876,2020-02-07,unmatched,0.49843423799582465,0.0999337740581856,0.11869945261792263,,,,
B2,sz.002098,2020-02-07,unmatched,0.010479041916167331,0.0999337740581856,0.11869945261792263,,,,
B2,sz.002137,2020-02-07,unmatched,0.055023923444976086,0.0999337740581856,0.11869945261792263,,,,
B2,sz.002252,2020-02-07,unmatched,-0.027368421052631375,0.0999337740581856,0.11869945261792263,,,,
B2,sz.002315,2020-02-07,unmatched,0.02371095220173114,0.0999337740581856,0.11869945261792263,,,,
B2,sz.002399,2020-02-07,unmatched,0.088089330024814,0.0999337740581856,0.11869945261792263,,,,
B2,sz.002607,2020-02-07,unmatched,0.3029428736295443,0.0999337740581856,0.11869945261792263,,,,
B2,sh.603859,2020-02-10,unmatched,0.03215735248204776,0.03927846182724737,0.060668715580237564,,,,
B2,sz.002230,2020-02-10,unmatched,0.01870835468990273,0.03927846182724737,0.060668715580237564,,,,
B2,sz.002353,2020-02-10,unmatched,-0.17702257164595459,0.03927846182724737,0.060668715580237564,,,,
B2,sz.002429,2020-02-10,unmatched,0.19212962962962954,0.03927846182724737,0.060668715580237564,,,,
B2,sz.002474,2020-02-10,unmatched,0.0035714285714285587,0.03927846182724737,0.060668715580237564,,,,
B2,sz.002605,2020-02-10,unmatched,-0.2317010309278349,0.03927846182724737,0.060668715580237564,,,,
B2,sz.002668,2020-02-10,unmatched,-0.032258064516129115,0.03927846182724737,0.060668715580237564,,,,
B2,sz.002912,2020-02-10,unmatched,-0.01547987616099078,0.03927846182724737,0.060668715580237564,,,,
B2,sz.002928,2020-02-10,unmatched,0.20108205590622186,0.03927846182724737,0.060668715580237564,,,,
B2,sz.002409,2020-03-19,filled,-0.09242819843342076,0.012544802867383575,0.028852464174703284,,2020-03-20,-0.01644908616187979,0.01513140430050397
B2,sz.002324,2020-03-27,filled,0.11719293807696007,-0.012931034482758674,0.008751743789352036,,2020-03-30,-0.009609949123798867,0.17300775630199516
B2,sz.000987,2020-04-03,unmatched,0.2286652078774618,0.01891252955082723,0.035844042980255265,,,,
B2,sz.002401,2020-04-03,filled,-0.0814963259853041,0.01891252955082723,0.035844042980255265,,2020-04-07,0.10020040080160308,-0.1608986035215545
B2,sz.002734,2020-04-07,filled,-0.003888888888889608,2.220446049250313e-16,0.013257227346651317,,2020-04-08,0.005555555555555536,-0.033149171270718814
B2,sz.002077,2020-04-08,filled,-0.19426751592356717,-0.0013922836228565383,0.011123344371557898,,2020-04-09,-0.017515923566879033,-0.1782820097244734
B2,sz.002312,2020-04-08,unmatched,0.04273504273504258,-0.0013922836228565383,0.011123344371557898,,,,
B2,sz.002603,2020-04-08,unmatched,0.42402972749793566,-0.0013922836228565383,0.011123344371557898,,,,
B2,sz.002828,2020-04-08,unmatched,-0.07036669970267617,-0.0013922836228565383,0.011123344371557898,,,,
B2,sz.002876,2020-04-08,unmatched,0.14725118013006266,-0.0013922836228565383,0.011123344371557898,,,,
B2,sz.002202,2020-04-09,unmatched,0.01996007984032011,-0.010024849860443497,0.0022415574517811038,,,,
B2,sz.002049,2020-04-10,unmatched,0.17475239214369642,0.012662238509696055,0.03141167259383709,,,,
B2,sz.002481,2020-04-10,unmatched,0.32207792207792285,0.012662238509696055,0.03141167259383709,,,,
B2,sz.002555,2020-04-10,unmatched,0.13666811580058713,0.012662238509696055,0.03141167259383709,,,,
B2,sh.601872,2020-04-13,unmatched,-0.06938159879336336,0.008930168399028049,0.02900207898836043,,,,
B2,sh.603360,2020-04-13,unmatched,-0.11112725889475994,0.008930168399028049,0.02900207898836043,,,,
B2,sh.603859,2020-04-13,unmatched,0.15587846763540325,0.008930168399028049,0.02900207898836043,,,,
B2,sz.000550,2020-04-13,unmatched,-0.03899268887083718,0.008930168399028049,0.02900207898836043,,,,
B2,sz.002270,2020-04-14,unmatched,0.06102362204724421,-0.004345527246290781,0.011848667993281872,,,,
B2,sz.002945,2020-04-14,unmatched,-0.0489604292421193,-0.004345527246290781,0.011848667993281872,,,,
B2,sh.603799,2020-04-16,unmatched,0.037938024905879386,0.003385732945301423,0.021343737259942753,,,,
B2,sh.600346,2020-04-17,unmatched,-0.031768953068592065,-0.005539346077971019,0.012354001577196306,,,,
B2,sz.000975,2020-04-17,unmatched,0.03889481846981546,-0.005539346077971019,0.012354001577196306,,,,
B2,sz.002001,2020-04-17,unmatched,-0.07877927608232771,-0.005539346077971019,0.012354001577196306,,,,
B2,sz.002151,2020-04-17,unmatched,0.05942974922706967,-0.005539346077971019,0.012354001577196306,,,,
B2,sz.002261,2020-04-17,unmatched,-0.061606160616061945,-0.005539346077971019,0.012354001577196306,,,,
B2,sz.002324,2020-04-17,unmatched,0.029699409843117586,-0.005539346077971019,0.012354001577196306,,,,
B2,sz.000915,2020-04-17,unmatched,0.17924166985829104,-0.005539346077971019,0.012354001577196306,,,,
B2,sz.002452,2020-04-17,unmatched,0.00834296754370345,-0.005539346077971019,0.012354001577196306,,,,
B2,sz.002476,2020-04-20,unmatched,-0.17790530846484942,-0.02303826441757484,-0.009751646467940927,,,,
B2,sh.600804,2020-04-21,unmatched,0.006925207756232066,-0.03263448418612075,-0.022085696061350923,,,,
B2,sz.000090,2020-04-21,unmatched,0.03144654088050247,-0.03263448418612075,-0.022085696061350923,,,,
B2,sz.000930,2020-04-21,unmatched,-0.08923884514435731,-0.03263448418612075,-0.022085696061350923,,,,
B2,sz.002100,2020-04-21,unmatched,-0.022525597269624886,-0.03263448418612075,-0.022085696061350923,,,,
B2,sz.002106,2020-04-21,unmatched,0.01796407185628701,-0.03263448418612075,-0.022085696061350923,,,,
B2,sz.002185,2020-04-21,unmatched,0.08456486042692979,-0.03263448418612075,-0.022085696061350923,,,,
B2,sz.002208,2020-04-21,unmatched,-0.03260869565217406,-0.03263448418612075,-0.022085696061350923,,,,
B2,sz.002385,2020-04-21,unmatched,0.051744885679904096,-0.03263448418612075,-0.022085696061350923,,,,
B2,sz.002417,2020-04-21,unmatched,-0.04950495049504966,-0.03263448418612075,-0.022085696061350923,,,,
B2,sz.002531,2020-04-21,unmatched,0.05169340463458094,-0.03263448418612075,-0.022085696061350923,,,,
B2,sz.002869,2020-04-21,unmatched,-0.13580425655132478,-0.03263448418612075,-0.022085696061350923,,,,
B2,sz.002912,2020-04-21,unmatched,-0.14275092936803002,-0.03263448418612075,-0.022085696061350923,,,,
B2,sz.002938,2020-04-21,unmatched,0.08645610278372673,-0.03263448418612075,-0.022085696061350923,,,,
B2,sz.002959,2020-04-21,unmatched,0.21960527750517977,-0.03263448418612075,-0.022085696061350923,,,,
B2,sh.603258,2020-04-22,unmatched,0.07158469945355161,-0.043521972257838604,-0.034499908157185635,,,,
B2,sh.603613,2020-04-22,unmatched,-0.1796575290181226,-0.043521972257838604,-0.034499908157185635,,,,
B2,sz.000533,2020-04-22,unmatched,-0.0909090909090906,-0.043521972257838604,-0.034499908157185635,,,,
B2,sz.000815,2020-04-22,unmatched,-0.08060109289617468,-0.043521972257838604,-0.034499908157185635,,,,
B2,sz.000859,2020-04-22,unmatched,-0.15689655172413808,-0.043521972257838604,-0.034499908157185635,,,,
B2,sz.000875,2020-04-22,unmatched,-0.09693877551020424,-0.043521972257838604,-0.034499908157185635,,,,
B2,sz.002012,2020-04-22,unmatched,-0.08782742681047728,-0.043521972257838604,-0.034499908157185635,,,,
B2,sz.002019,2020-04-22,unmatched,0.1071428571428572,-0.043521972257838604,-0.034499908157185635,,,,
B2,sz.002041,2020-04-22,unmatched,-0.12613875262789076,-0.043521972257838604,-0.034499908157185635,,,,
B2,sz.002121,2020-04-22,unmatched,-0.19137466307277617,-0.043521972257838604,-0.034499908157185635,,,,
B2,sz.002218,2020-04-22,unmatched,-0.042134831460674205,-0.043521972257838604,-0.034499908157185635,,,,
B2,sz.002249,2020-04-22,unmatched,-0.11658031088082887,-0.043521972257838604,-0.034499908157185635,,,,
B2,sz.002312,2020-04-22,unmatched,-0.03601694915254228,-0.043521972257838604,-0.034499908157185635,,,,
B2,sz.002459,2020-04-22,unmatched,-0.027891156462584887,-0.043521972257838604,-0.034499908157185635,,,,
B2,sz.002480,2020-04-22,unmatched,-0.2100000000000003,-0.043521972257838604,-0.034499908157185635,,,,
B2,sz.002493,2020-04-22,unmatched,-0.027568922305764798,-0.043521972257838604,-0.034499908157185635,,,,
B2,sz.002512,2020-04-22,unmatched,-0.1718494271685761,-0.043521972257838604,-0.034499908157185635,,,,
B2,sz.002522,2020-04-22,unmatched,-0.02848101265822789,-0.043521972257838604,-0.034499908157185635,,,,
B2,sz.002529,2020-04-22,unmatched,-0.3120759837177747,-0.043521972257838604,-0.034499908157185635,,,,
B2,sz.002560,2020-04-22,unmatched,-0.025188916876573764,-0.043521972257838604,-0.034499908157185635,,,,
B2,sz.002606,2020-04-22,unmatched,-0.063354037267081,-0.043521972257838604,-0.034499908157185635,,,,
B2,sz.002660,2020-04-22,unmatched,-0.20590790616854904,-0.043521972257838604,-0.034499908157185635,,,,
B2,sz.002837,2020-04-22,unmatched,-0.1321237497092348,-0.043521972257838604,-0.034499908157185635,,,,
B2,sz.002847,2020-04-22,unmatched,0.3053729637039162,-0.043521972257838604,-0.034499908157185635,,,,
B2,sz.002897,2020-04-22,unmatched,-0.04717285945072747,-0.043521972257838604,-0.034499908157185635,,,,
B2,sh.603609,2020-04-23,filled,-0.10925925925925895,-0.022599466474888252,-0.011636912098863805,,2020-04-24,-0.03641975308641965,-0.08071748878923746
B2,sh.603887,2020-04-23,unmatched,-0.13231631382316322,-0.022599466474888252,-0.011636912098863805,,,,
B2,sh.600547,2020-04-24,unmatched,-0.03551401869158943,-0.009014017019916054,0.003596015802727128,,,,
B2,sz.002545,2020-04-24,unmatched,0.04026845637583887,-0.009014017019916054,0.003596015802727128,,,,
B2,sz.002028,2020-05-06,filled,-0.06822709163346574,0.005211190345583816,0.029636791905547605,,2020-05-07,-0.04830677290836649,-0.03506017791732041
B2,sz.002385,2020-05-06,filled,-0.08953363239543866,0.005211190345583816,0.029636791905547605,,2020-05-07,0.02617801047120416,-0.12428241504453941
B2,sz.002049,2020-05-06,unmatched,0.1677145551713295,0.005211190345583816,0.029636791905547605,,,,
B2,sz.002515,2020-05-06,unmatched,0.048441178568880305,0.005211190345583816,0.029636791905547605,,,,
B2,sz.002876,2020-05-07,unmatched,0.06514120799835132,0.007672634271099321,0.030830771876767592,,,,
B2,sz.002903,2020-05-07,unmatched,0.07730263157894712,0.007672634271099321,0.030830771876767592,,,,
B2,sh.600963,2020-05-08,unmatched,-0.06267716535433054,-0.0017482517482512172,0.018674701754865908,,,,
B2,sh.600986,2020-05-08,unmatched,0.1735941320293395,-0.0017482517482512172,0.018674701754865908,,,,
B2,sz.002192,2020-05-08,unmatched,0.11411208642808957,-0.0017482517482512172,0.018674701754865908,,,,
B2,sz.002208,2020-05-08,unmatched,0.10604026845637549,-0.0017482517482512172,0.018674701754865908,,,,
B2,sz.002401,2020-05-08,unmatched,0.06801736613603504,-0.0017482517482512172,0.018674701754865908,,,,
B2,sz.002437,2020-05-08,unmatched,-0.04075235109717834,-0.0017482517482512172,0.018674701754865908,,,,
B2,sz.002702,2020-05-08,unmatched,0.067943661971831,-0.0017482517482512172,0.018674701754865908,,,,
B2,sz.002006,2020-05-11,unmatched,0.07449209932279932,0.0,0.01855826665680818,,,,
B2,sz.002308,2020-05-11,unmatched,0.05980066445182719,0.0,0.01855826665680818,,,,
B2,sh.600745,2020-05-12,filled,-0.01812661844807617,0.008146639511201759,0.02438651643058989,,2020-05-13,-0.004732565407625788,-0.0034092948142835366
B2,sh.600975,2020-05-12,unmatched,-0.09600862998921211,0.008146639511201759,0.02438651643058989,,,,
B2,sz.000875,2020-06-30,filled,0.11559139784946248,0.07770104717779225,0.10279322729393273,,2020-07-01,0.010752688172043001,0.125
B2,sz.002001,2020-07-02,filled,0.01864640883977886,0.06674985132623257,0.10359734764710521,,2020-07-03,-0.02175414364640893,0.039181080127073775
B2,sz.002829,2020-07-06,filled,0.15514848737163556,0.04843092766872403,0.08934290108948449,,2020-07-07,0.018318068276436117,0.16980103570455274
B2,sz.002585,2020-07-07,filled,0.10236220472440971,0.03666911367233705,0.06995762805483728,,2020-07-08,0.014435695538057791,0.07244501940491599
B2,sh.603189,2020-07-08,unmatched,-0.08531951640759927,0.020304626660558656,0.0582080055696643,,,,
B2,sz.002577,2020-07-08,unmatched,-0.09095831077422856,0.020304626660558656,0.0582080055696643,,,,
B2,sz.002258,2020-07-10,unmatched,0.20434782608695712,-0.015696485087834666,0.024468546157465108,,,,
B2,sz.002568,2020-07-10,unmatched,0.11500649230198468,-0.015696485087834666,0.024468546157465108,,,,
B2,sz.002734,2020-07-10,unmatched,0.007398273736127781,-0.015696485087834666,0.024468546157465108,,,,
B2,sz.002669,2020-07-10,unmatched,-0.02139639639639601,-0.015696485087834666,0.024468546157465108,,,,
B2,sh.603985,2020-07-13,unmatched,0.38743718592964815,-0.036237070648313885,-0.004519488604597436,,,,
B2,sz.002124,2020-07-13,unmatched,0.053092182030338275,-0.036237070648313885,-0.004519488604597436,,,,
B2,sh.600330,2020-07-14,unmatched,-0.17716535433070868,-0.045286759388590225,-0.016649908087458226,,,,
B2,sz.000400,2020-07-14,unmatched,0.01085568326947639,-0.045286759388590225,-0.016649908087458226,,,,
B2,sz.000612,2020-07-14,unmatched,-0.05977011494252904,-0.045286759388590225,-0.016649908087458226,,,,
B2,sz.000661,2020-07-14,unmatched,-0.0008007227035683462,-0.045286759388590225,-0.016649908087458226,,,,
B2,sz.000829,2020-07-14,unmatched,0.007894736842105177,-0.045286759388590225,-0.016649908087458226,,,,
B2,sz.001696,2020-07-14,unmatched,0.0750279955207167,-0.045286759388590225,-0.016649908087458226,,,,
B2,sz.002714,2020-07-14,unmatched,-0.02461059190031123,-0.045286759388590225,-0.016649908087458226,,,,
B2,sz.002803,2020-07-14,unmatched,0.28826376285541366,-0.045286759388590225,-0.016649908087458226,,,,
B2,sh.600845,2020-07-15,unmatched,-0.04609676038247468,-0.024940137450632838,-0.0026322795228559816,,,,
B2,sh.601615,2020-07-15,unmatched,0.07425742574257477,-0.024940137450632838,-0.0026322795228559816,,,,
B2,sz.000591,2020-07-15,unmatched,0.2783505154639172,-0.024940137450632838,-0.0026322795228559816,,,,
B2,sz.002223,2020-07-15,unmatched,-0.12300444909709496,-0.024940137450632838,-0.0026322795228559816,,,,
B2,sz.002263,2020-07-15,unmatched,-0.08710801393728229,-0.024940137450632838,-0.0026322795228559816,,,,
B2,sz.002567,2020-07-15,unmatched,-0.06379453189726658,-0.024940137450632838,-0.0026322795228559816,,,,
B2,sz.002869,2020-07-15,unmatched,-0.09763835037010893,-0.024940137450632838,-0.0026322795228559816,,,,
B2,sz.002891,2020-07-15,unmatched,0.019625334522747506,-0.024940137450632838,-0.0026322795228559816,,,,
B2,sh.603713,2020-07-16,unmatched,0.3680297397769514,0.024045737272457735,0.05402919401931265,,,,
B2,sz.002311,2020-07-16,unmatched,0.23740740740740685,0.024045737272457735,0.05402919401931265,,,,
B2,sz.002562,2020-07-16,unmatched,-0.056577086280056865,0.024045737272457735,0.05402919401931265,,,,
B2,sh.600298,2020-07-17,unmatched,0.04845115170770509,0.033065363923072244,0.062260576048249354,,,,
B2,sz.002367,2020-07-17,unmatched,0.0633165829145732,0.033065363923072244,0.062260576048249354,,,,
B2,sz.002498,2020-07-17,unmatched,-0.06981132075471708,0.033065363923072244,0.062260576048249354,,,,
B2,sz.002660,2020-07-17,unmatched,-0.012738853503184933,0.033065363923072244,0.062260576048249354,,,,
B2,sz.002163,2020-07-17,unmatched,0.5366395262768322,0.033065363923072244,0.062260576048249354,,,,
B2,sz.002286,2020-07-17,unmatched,1.0787992495309573,0.033065363923072244,0.062260576048249354,,,,
B2,sz.002791,2020-07-17,unmatched,0.1790097333897589,0.033065363923072244,0.062260576048249354,,,,
B2,sz.002548,2020-07-20,unmatched,0.09640831758034052,0.01779480746154627,0.04800609677329814,,,,
B2,sh.601208,2020-07-21,unmatched,0.03654485049833878,0.021609858591248976,0.051167576175457585,,,,
B2,sh.603378,2020-07-21,unmatched,0.0905011219147347,0.021609858591248976,0.051167576175457585,,,,
B2,sh.603606,2020-07-21,unmatched,0.341689373297003,0.021609858591248976,0.051167576175457585,,,,
B2,sz.001914,2020-07-21,unmatched,-0.041174207749195335,0.021609858591248976,0.051167576175457585,,,,
B2,sz.002459,2020-07-21,unmatched,-0.014782608695652177,0.021609858591248976,0.051167576175457585,,,,
B2,sz.002959,2020-07-21,unmatched,-0.06339869281045718,0.021609858591248976,0.051167576175457585,,,,
B2,sh.600547,2020-07-22,unmatched,0.07695738825489595,0.002498694017306513,0.027984495388486803,,,,
B2,sh.603258,2020-07-22,unmatched,-0.2601572739187419,0.002498694017306513,0.027984495388486803,,,,
B2,sz.000014,2020-07-22,unmatched,-0.0695067264573993,0.002498694017306513,0.027984495388486803,,,,
B2,sz.000038,2020-07-22,unmatched,-0.025526483726866167,0.002498694017306513,0.027984495388486803,,,,
B2,sz.000061,2020-07-22,unmatched,0.060070671378091633,0.002498694017306513,0.027984495388486803,,,,
B2,sz.000157,2020-07-22,unmatched,-0.03416856492027309,0.002498694017306513,0.027984495388486803,,,,
B2,sz.000561,2020-07-22,unmatched,0.1276849642004778,0.002498694017306513,0.027984495388486803,,,,
B2,sz.000667,2020-07-22,unmatched,0.10826210826210825,0.002498694017306513,0.027984495388486803,,,,
B2,sz.000786,2020-07-22,unmatched,0.04987293519695002,0.002498694017306513,0.027984495388486803,,,,
B2,sz.000807,2020-07-22,unmatched,-0.0804769001490312,0.002498694017306513,0.027984495388486803,,,,
B2,sz.000831,2020-07-22,unmatched,0.04609218436873719,0.002498694017306513,0.027984495388486803,,,,
B2,sz.002008,2020-07-22,unmatched,-0.10667244360677053,0.002498694017306513,0.027984495388486803,,,,
B2,sz.002019,2020-07-22,unmatched,-0.09990362993896507,0.002498694017306513,0.027984495388486803,,,,
B2,sz.002041,2020-07-22,unmatched,0.7182620502376107,0.002498694017306513,0.027984495388486803,,,,
B2,sz.002069,2020-07-22,unmatched,0.42635658914728713,0.002498694017306513,0.027984495388486803,,,,
B2,sz.002105,2020-07-22,unmatched,0.32303732303732313,0.002498694017306513,0.027984495388486803,,,,
B2,sz.002170,2020-07-22,unmatched,0.10955710955710996,0.002498694017306513,0.027984495388486803,,,,
B2,sz.002266,2020-07-22,unmatched,0.047528517110265955,0.002498694017306513,0.027984495388486803,,,,
B2,sz.002297,2020-07-22,unmatched,0.11051930758988071,0.002498694017306513,0.027984495388486803,,,,
B2,sz.002414,2020-07-22,unmatched,-0.0289473684210525,0.002498694017306513,0.027984495388486803,,,,
B2,sz.002429,2020-07-22,unmatched,-0.06703146374828972,0.002498694017306513,0.027984495388486803,,,,
B2,sz.002431,2020-07-22,unmatched,-0.011142061281337323,0.002498694017306513,0.027984495388486803,,,,
B2,sz.002493,2020-07-22,unmatched,0.21255760368663634,0.002498694017306513,0.027984495388486803,,,,
B2,sz.002570,2020-07-22,unmatched,0.09055627425614521,0.002498694017306513,0.027984495388486803,,,,
B2,sz.002584,2020-07-22,unmatched,-0.16291532690246513,0.002498694017306513,0.027984495388486803,,,,
B2,sz.002606,2020-07-22,unmatched,-0.026106696935300766,0.002498694017306513,0.027984495388486803,,,,
B2,sz.002797,2020-07-22,unmatched,0.031365313653135996,0.002498694017306513,0.027984495388486803,,,,
B2,sz.002897,2020-07-22,unmatched,-0.12647814910025712,0.002498694017306513,0.027984495388486803,,,,
B2,sz.002107,2020-07-23,unmatched,-0.1288492706645057,-0.004712631326752037,0.01677079473127384,,,,
B2,sh.600521,2020-07-24,unmatched,0.07324926214113225,0.050336069664473904,0.07198617341230384,,,,
B2,sh.600267,2020-07-27,filled,-0.03279569892473155,0.05218421913264759,0.07588877092476543,,2020-07-28,-0.026881720430107503,-0.03480662983425442
B2,sz.002298,2020-07-29,filled,0.06877828054298685,-0.010416666666666241,0.005268006459345561,,2020-07-30,-0.04343891402714939,0.10785241248817479
B2,sh.603338,2020-07-30,filled,0.19156214367160818,0.0015983808279159684,0.012844555734738439,,2020-07-31,0.011060433295325023,0.2070598849667309
B2,sz.002028,2020-08-04,filled,-0.08483563096500524,-0.013742556115437399,-0.0008245496977091132,,2020-08-05,-0.0021208907741251393,-0.08430747431810126
B2,sz.002364,2020-08-04,unmatched,-0.30759493670886096,-0.013742556115437399,-0.0008245496977091132,,,,
B2,sh.603612,2020-08-07,unmatched,-0.14180929095354522,-0.017706576728498735,-0.012656262870272116,,,,
B2,sh.600496,2020-08-11,unmatched,-0.03678929765886274,-0.01758793969849226,-0.013066054975086495,,,,
B2,sz.002847,2020-08-11,unmatched,-0.014042426053181734,-0.01758793969849226,-0.013066054975086495,,,,
B2,sh.603330,2020-08-18,filled,-0.02084884586746094,-0.08026030368763593,-0.07089858792674143,,2020-08-19,-0.03127326880119141,0.07417371252882399
B2,sz.002493,2020-08-19,unmatched,-0.10451306413301664,-0.07418576598311188,-0.06426834344206085,,,,
B2,sz.002184,2020-08-21,unmatched,-0.11438892233594189,-0.053637031594415685,-0.04223065557933065,,,,
B2,sz.002223,2020-08-21,unmatched,-0.1119241192411925,-0.053637031594415685,-0.04223065557933065,,,,
B2,sz.002920,2020-08-21,unmatched,-0.031757134862898995,-0.053637031594415685,-0.04223065557933065,,,,
B2,sh.601975,2020-08-25,unmatched,-0.05208333333333326,-0.06273062730627332,-0.05314950094947004,,,,
B2,sz.002669,2020-08-25,unmatched,-0.05225911812738193,-0.06273062730627332,-0.05314950094947004,,,,
B2,sz.002810,2020-08-25,unmatched,-0.06942025379447625,-0.06273062730627332,-0.05314950094947004,,,,
B2,sz.002903,2020-08-25,unmatched,-0.1733870967741935,-0.06273062730627332,-0.05314950094947004,,,,
B2,sh.600727,2020-08-28,filled,-0.1283950617283952,-0.08194905869324498,-0.07396971336673602,,2020-08-31,-0.013580246913580174,-0.12015018773466857
B2,sz.000529,2020-08-28,unmatched,-0.2021390374331552,-0.08194905869324498,-0.07396971336673602,,,,
B2,sz.002367,2020-08-28,unmatched,-0.11535942477436456,-0.08194905869324498,-0.07396971336673602,,,,
B2,sz.002401,2020-08-28,unmatched,-0.1177570093457948,-0.08194905869324498,-0.07396971336673602,,,,
B2,sz.002537,2020-08-28,unmatched,-0.14616321559074297,-0.08194905869324498,-0.07396971336673602,,,,
B2,sh.603178,2020-09-01,filled,-0.15234720992028328,-0.09036860879904862,-0.08400147309852947,,2020-09-02,-0.007085916740478315,-0.1427297056199821
B2,sz.002155,2020-09-01,unmatched,-0.1260162601626016,-0.09036860879904862,-0.08400147309852947,,,,
B2,sz.002475,2020-09-01,unmatched,-0.0019294860550781445,-0.09036860879904862,-0.08400147309852947,,,,
B2,sz.002576,2020-09-01,unmatched,0.016304347826086918,-0.09036860879904862,-0.08400147309852947,,,,
B2,sh.601208,2020-09-02,filled,0.04292343387470998,-0.09133489461358324,-0.08562705040457146,,2020-09-03,-0.02552204176334094,0.12619047619047596
B2,sz.002218,2020-09-02,unmatched,0.11471321695760595,-0.09133489461358324,-0.08562705040457146,,,,
B2,sz.002281,2020-09-02,unmatched,0.01716114019778958,-0.09133489461358324,-0.08562705040457146,,,,
B2,sz.002414,2020-09-02,unmatched,-0.14430693069306932,-0.09133489461358324,-0.08562705040457146,,,,
B2,sz.002487,2020-09-02,unmatched,0.07287933094384758,-0.09133489461358324,-0.08562705040457146,,,,
B2,sz.002708,2020-09-02,unmatched,-0.06340057636887597,-0.09133489461358324,-0.08562705040457146,,,,
B2,sh.603218,2020-09-03,unmatched,0.18099547511312242,-0.058290155440414715,-0.05117457593564454,,,,
B2,sz.002130,2020-09-03,unmatched,-0.0899653979238757,-0.058290155440414715,-0.05117457593564454,,,,
B2,sz.002644,2020-09-03,unmatched,-0.09513023782559504,-0.058290155440414715,-0.05117457593564454,,,,
B2,sh.603111,2020-09-04,unmatched,-0.052932761087267965,-0.0286085825747725,-0.021163215918869573,,,,
B2,sz.000703,2020-09-04,unmatched,-0.05843621399176979,-0.0286085825747725,-0.021163215918869573,,,,
B2,sz.002594,2020-09-04,unmatched,0.42777777777777826,-0.0286085825747725,-0.021163215918869573,,,,
B2,sh.600804,2020-09-04,unmatched,-0.13821989528795842,-0.0286085825747725,-0.021163215918869573,,,,
B2,sz.002603,2020-09-04,unmatched,-0.024558976132826205,-0.0286085825747725,-0.021163215918869573,,,,
B2,sz.002229,2020-09-07,unmatched,-0.08419689119170937,-0.014705882352941124,-0.0013761807723036137,,,,
B2,sz.002919,2020-09-07,unmatched,0.2436874702239158,-0.014705882352941124,-0.0013761807723036137,,,,
B2,sz.002312,2020-09-07,unmatched,-0.01940298507462701,-0.014705882352941124,-0.0013761807723036137,,,,
B2,sz.002568,2020-10-12,filled,0.08088581749646706,-0.03516049171002411,-0.014138996528295146,,2020-10-13,0.005182974713365818,0.15109375000000091
B2,sh.600521,2020-10-15,filled,-0.04580812445981031,-0.034549143987449626,-0.01801357036777084,,2020-10-16,-0.01584557764333061,-0.04156908665105408
B2,sz.002623,2020-10-15,filled,0.11138552729068896,-0.034549143987449626,-0.01801357036777084,,2020-10-16,-0.013830575450728633,0.08590032556974703
B2,sh.600178,2020-10-16,filled,-0.041457286432160956,-0.03572919073994607,-0.01685069429559581,,2020-10-19,-0.035175879396984966,-0.03255208333333348
B2,sh.601872,2020-10-16,unmatched,-0.04841402337228684,-0.03572919073994607,-0.01685069429559581,,,,
B2,sh.603985,2020-10-16,unmatched,-0.009803921568627194,-0.03572919073994607,-0.01685069429559581,,,,
B2,sz.002481,2020-10-16,unmatched,-0.020754716981132626,-0.03572919073994607,-0.01685069429559581,,,,
B2,sz.002714,2020-10-16,unmatched,-0.06870431893687756,-0.03572919073994607,-0.01685069429559581,,,,
B2,sz.002791,2020-10-16,unmatched,-0.0704820571592295,-0.03572919073994607,-0.01685069429559581,,,,
B2,sz.002829,2020-10-16,unmatched,-0.16213251426064057,-0.03572919073994607,-0.01685069429559581,,,,
B2,sz.000009,2020-10-16,unmatched,-0.010269576379974277,-0.03572919073994607,-0.01685069429559581,,,,
B2,sz.002258,2020-10-16,unmatched,0.1110009910802785,-0.03572919073994607,-0.01685069429559581,,,,
B2,sz.002362,2020-10-16,unmatched,0.07390586292320434,-0.03572919073994607,-0.01685069429559581,,,,
B2,sh.603330,2020-10-19,unmatched,-0.09540636042402795,-0.01711638035837565,0.004846951697191236,,,,
B2,sz.002408,2020-10-19,unmatched,0.14249684741488067,-0.01711638035837565,0.004846951697191236,,,,
B2,sz.002594,2020-10-20,unmatched,0.19285714285714306,-0.027741559521251458,-0.009538697834394568,,,,
B2,sh.603613,2020-10-21,unmatched,-0.13897280966767367,-0.014400509790791494,0.003129660340784929,,,,
B2,sz.000690,2020-10-21,unmatched,-0.04597701149425282,-0.014400509790791494,0.003129660340784929,,,,
B2,sz.000799,2020-10-21,unmatched,0.06787066705505373,-0.014400509790791494,0.003129660340784929,,,,
B2,sz.002026,2020-10-21,unmatched,-0.10989010989011028,-0.014400509790791494,0.003129660340784929,,,,
B2,sz.002027,2020-10-21,unmatched,0.004179728317658782,-0.014400509790791494,0.003129660340784929,,,,
B2,sz.002151,2020-10-21,unmatched,-0.10045817071101337,-0.014400509790791494,0.003129660340784929,,,,
B2,sz.002919,2020-10-21,unmatched,-0.33923611111111107,-0.014400509790791494,0.003129660340784929,,,,
B2,sz.002959,2020-10-21,unmatched,-0.1694669314189703,-0.014400509790791494,0.003129660340784929,,,,
B2,sz.002975,2020-10-21,unmatched,0.0678318375059046,-0.014400509790791494,0.003129660340784929,,,,
B2,sh.603258,2020-10-22,unmatched,-0.18094089264173652,-0.005211664980247832,0.011031882446682307,,,,
B2,sz.000038,2020-10-22,unmatched,-0.09200968523002417,-0.005211664980247832,0.011031882446682307,,,,
B2,sz.000625,2020-10-22,unmatched,0.2751889168765742,-0.005211664980247832,0.011031882446682307,,,,
B2,sz.000807,2020-10-22,unmatched,0.48936170212766106,-0.005211664980247832,0.011031882446682307,,,,
B2,sz.000829,2020-10-22,unmatched,0.009575923392612484,-0.005211664980247832,0.011031882446682307,,,,
B2,sz.000951,2020-10-22,unmatched,0.012400110223202088,-0.005211664980247832,0.011031882446682307,,,,
B2,sz.002041,2020-10-22,unmatched,-0.12486992715920908,-0.005211664980247832,0.011031882446682307,,,,
B2,sz.002185,2020-10-22,unmatched,0.05817174515235446,-0.005211664980247832,0.011031882446682307,,,,
B2,sz.002297,2020-10-22,unmatched,-0.021192052980132825,-0.005211664980247832,0.011031882446682307,,,,
B2,sz.002456,2020-10-22,unmatched,-0.007843152622874938,-0.005211664980247832,0.011031882446682307,,,,
B2,sz.002497,2020-10-22,unmatched,0.2803163444639716,-0.005211664980247832,0.011031882446682307,,,,
B2,sz.002522,2020-10-22,unmatched,0.0516499282639884,-0.005211664980247832,0.011031882446682307,,,,
B2,sz.002634,2020-10-22,unmatched,-0.01660280970625816,-0.005211664980247832,0.011031882446682307,,,,
B2,sz.002705,2020-10-22,unmatched,-0.0686498855835238,-0.005211664980247832,0.011031882446682307,,,,
B2,sz.002726,2020-10-22,unmatched,0.19745222929936324,-0.005211664980247832,0.011031882446682307,,,,
B2,sz.002797,2020-10-22,unmatched,-0.07971656333038057,-0.005211664980247832,0.011031882446682307,,,,
B2,sz.002824,2020-10-22,unmatched,0.07944732297063917,-0.005211664980247832,0.011031882446682307,,,,
B2,sz.002845,2020-10-22,unmatched,-0.12503651767455426,-0.005211664980247832,0.011031882446682307,,,,
B2,sz.002891,2020-10-22,unmatched,0.083582089552239,-0.005211664980247832,0.011031882446682307,,,,
B2,sz.002945,2020-10-22,unmatched,-0.05204216073781298,-0.005211664980247832,0.011031882446682307,,,,
B2,sz.002979,2020-10-22,unmatched,0.2078853046594984,-0.005211664980247832,0.011031882446682307,,,,
B2,sz.002223,2020-10-29,unmatched,-0.12715314751017814,0.00907856943754326,0.018966345233349103,,,,
B2,sz.002335,2020-10-30,unmatched,-0.007670182166826356,0.037144938091769886,0.047221228641709426,,,,
B2,sz.002241,2020-10-30,unmatched,-0.17372134038800702,0.037144938091769886,0.047221228641709426,,,,
B2,sz.002334,2020-10-30,unmatched,-0.0610169491525423,0.037144938091769886,0.047221228641709426,,,,
B2,sz.002407,2020-11-02,unmatched,-0.02254226675015758,0.03566121842496317,0.040836766413108384,,,,
B2,sh.600177,2020-11-03,unmatched,-0.002751031636863077,0.02859778597785878,0.0373571228750144,,,,
B2,sz.000550,2020-11-03,unmatched,-0.0980743394536504,0.02859778597785878,0.0373571228750144,,,,
B2,sz.002026,2020-11-03,unmatched,-0.04279835390946529,0.02859778597785878,0.0373571228750144,,,,
B2,sz.002130,2020-11-03,unmatched,0.04036697247706433,0.02859778597785878,0.0373571228750144,,,,
B2,sz.002230,2020-11-03,unmatched,-0.029850746268657247,0.02859778597785878,0.0373571228750144,,,,
B2,sz.002471,2020-11-03,unmatched,0.0037878787878786735,0.02859778597785878,0.0373571228750144,,,,
B2,sz.002576,2020-11-03,unmatched,-0.07607090103397374,0.02859778597785878,0.0373571228750144,,,,
B2,sz.002709,2020-11-03,unmatched,0.17953972257251039,0.02859778597785878,0.0373571228750144,,,,
B2,sh.603076,2020-11-04,unmatched,0.06878445786295595,0.03122730573711041,0.03899857697145428,,,,
B2,sz.002123,2020-11-04,unmatched,0.10264483627204068,0.03122730573711041,0.03899857697145428,,,,
B2,sz.002414,2020-11-04,unmatched,0.028199566160520106,0.03122730573711041,0.03899857697145428,,,,
B2,sz.002544,2020-11-04,unmatched,-0.023341523341523507,0.03122730573711041,0.03899857697145428,,,,
B2,sz.002847,2020-11-04,unmatched,-0.08174692049272103,0.03122730573711041,0.03899857697145428,,,,
B2,sz.002940,2020-11-04,unmatched,-0.09980620155038722,0.03122730573711041,0.03899857697145428,,,,
B2,sh.600596,2020-11-05,unmatched,0.3871635610766042,0.010815307820299491,0.016718148387778825,,,,
B2,sh.603010,2020-11-05,unmatched,-0.00809716599190291,0.010815307820299491,0.016718148387778825,,,,
B2,sz.000786,2020-11-05,unmatched,0.04244527495995665,0.010815307820299491,0.016718148387778825,,,,
B2,sz.002378,2020-11-05,unmatched,0.0949494949494949,0.010815307820299491,0.016718148387778825,,,,
B2,sz.002446,2020-11-05,unmatched,-0.06233766233766247,0.010815307820299491,0.016718148387778825,,,,
B2,sh.600966,2020-11-06,unmatched,-0.030069930069930084,0.020376522702104216,0.026430697647662885,,,,
B2,sz.000555,2020-11-06,unmatched,-0.039978094194961566,0.020376522702104216,0.026430697647662885,,,,
B2,sh.600831,2020-11-06,unmatched,0.015172413793103745,0.020376522702104216,0.026430697647662885,,,,
B2,sh.600986,2020-11-06,unmatched,-0.09021113243761958,0.020376522702104216,0.026430697647662885,,,,
B2,sz.002108,2020-11-06,unmatched,-0.074712643678161,0.020376522702104216,0.026430697647662885,,,,
B2,sz.002324,2020-11-06,unmatched,0.0358306188925086,0.020376522702104216,0.026430697647662885,,,,
B2,sz.002345,2020-11-06,unmatched,0.012684989429175397,0.020376522702104216,0.026430697647662885,,,,
B2,sz.002460,2020-11-06,unmatched,0.03888149134487362,0.020376522702104216,0.026430697647662885,,,,
B2,sz.002594,2020-11-06,unmatched,-0.0975635370720438,0.020376522702104216,0.026430697647662885,,,,
B2,sz.002625,2020-11-06,unmatched,-0.09866071428571344,0.020376522702104216,0.026430697647662885,,,,
B2,sz.002284,2020-12-28,filled,-0.20229555236728813,-0.017108981841025883,0.0025472057418536313,,2020-12-29,-0.07890961262553808,-0.14485981308411178
