symbol,name,asset_class,status,list_date,delist_date,first_date,last_date,n_rows,dates_in_win_dev,dev_cov,dates_in_win_val,val_cov,min_cov,coverage_pass,amount_median,amount_p25,amount_median_pct_rank,liquidity_low_flag,liquidity_pass,n_events_gt6pct,n_split_merge,n_dividend,n_halt_resume,n_no_factor_defect,n_normal_move,max_abs_jump,split_class_flag,has_split_merge_event,n_unmodeled_defect_days,n_defect_factor_null,defect_first_date,defect_last_date,factor_missing_rows,factor_fully_missing,screen_pass
sh.501011,汇添富中证中药ETF联接(LOF)-A,equity,L,2017-02-20,,2017-02-20,2024-12-31,1881,912,0.623803,969,1.0,0.623803,false,538400.0,45689.0,13.174,true,false,21,0,0,0,0,21,0.100365,false,false,0,0,,,0,false,false
sh.501012,汇添富中证中药ETF联接(LOF)-C,equity,L,2017-02-20,,2017-02-20,2024-12-31,1821,852,0.582763,969,1.0,0.582763,false,92151.0,17887.0,5.389,true,false,29,0,0,0,0,29,0.100302,false,false,0,0,,,0,false,false
sh.501029,华宝标普中国A股红利机会ETF联接(LOF)-A,equity,L,2017-02-13,,2017-02-13,2024-12-31,1919,950,0.649795,969,1.0,0.649795,false,2824948.0,985468.0,27.973,true,true,4,0,0,0,0,4,0.088776,false,false,0,0,,,0,false,false
sh.501036,汇添富中证500ETF联接(LOF)-A,equity,L,2017-10-09,,2017-10-09,2024-12-31,1742,779,0.532832,963,0.993808,0.532832,false,55884.0,18662.0,3.849,true,false,13,0,0,0,0,13,0.100546,false,false,0,0,,,0,false,false
sh.501037,汇添富中证500ETF联接(LOF)-C,equity,L,2017-10-09,,2017-10-09,2024-12-31,1599,746,0.51026,853,0.880289,0.51026,false,21725.0,5040.0,1.112,true,false,13,0,0,1,0,12,0.097636,false,false,0,0,,,0,false,false
sh.501047,汇添富中证全指证券公司ETF联接(LOF)-A,equity,L,2018-01-18,,2018-01-18,2024-12-31,1604,667,0.456224,937,0.966976,0.456224,false,24045.0,6455.0,1.283,true,false,32,0,0,0,0,32,0.100473,false,false,0,0,,,0,false,false
sh.501048,汇添富中证全指证券公司ETF联接(LOF)-C,equity,L,2018-01-18,,2018-01-18,2024-12-31,1597,656,0.4487,941,0.971104,0.4487,false,27706.0,7611.0,1.54,true,false,26,0,0,1,0,25,0.100376,false,false,0,0,,,0,false,false
sh.501090,华宝中证消费龙头ETF联接(LOF)-A,equity,L,2020-01-06,,2020-01-06,2024-12-31,1210,241,0.164843,969,1.0,0.164843,false,1107553.5,525787.0,17.879,true,false,6,0,0,0,0,6,0.099895,false,false,0,0,,,0,false,false
sh.501301,华宝港股通恒生中国(香港上市)30ETF联接(LOF)-A,cross_border,L,2017-05-08,,2017-05-08,2024-12-31,1848,889,0.608071,959,0.98968,0.608071,false,51263.5,19762.0,3.422,true,false,2,0,0,0,0,2,0.080369,false,false,0,0,,,0,false,false
sh.501302,南方恒生ETF联接(QDII-LOF)-A,cross_border,L,2017-08-15,,2017-08-15,2024-12-31,1612,644,0.440492,968,0.998968,0.440492,false,79808.0,25514.0,5.047,true,false,51,0,0,6,0,45,0.100321,false,false,0,0,,,0,false,false
sh.501305,汇添富中证港股通高股息投资ETF联接(LOF)-A,cross_border,L,2018-01-18,,2018-01-18,2024-12-31,1556,634,0.433653,922,0.951496,0.433653,false,33679.5,8962.0,1.796,true,false,12,0,0,1,0,11,0.099497,false,false,0,0,,,0,false,false
sh.501306,汇添富中证港股通高股息投资ETF联接(LOF)-C,cross_border,L,2018-01-18,,2018-01-18,2024-12-31,1302,427,0.292066,875,0.902993,0.292066,false,11702.0,2329.0,0.342,true,false,29,0,0,8,0,21,0.10069,false,false,0,0,,,0,false,false
sh.502056,广发中证医疗ETF联接(LOF)-A,equity,L,2020-08-26,,2015-07-31,2024-12-31,2252,1283,0.877565,969,1.0,0.877565,false,134233.0,33514.0,6.416,true,false,36,0,0,0,2,34,0.588785,true,false,7,7,2016-02-02,2020-08-31,1200,false,false
sh.510010,交银上证180公司治理ETF,equity,L,2009-12-15,,2015-01-05,2024-12-31,2412,1457,0.99658,955,0.985552,0.985552,true,60898.5,18330.0,3.935,true,false,22,0,0,0,0,22,0.10039,false,false,0,0,,,0,false,false
sh.510020,博时上证超级大盘ETF,equity,L,2010-03-19,,2015-01-05,2024-12-31,2423,1454,0.994528,969,1.0,0.994528,true,176090.0,50512.0,7.442,true,false,24,0,0,1,0,23,0.100042,false,false,0,0,,,0,false,false
sh.510030,华宝上证180价值ETF,equity,L,2010-05-28,,2015-01-05,2024-12-31,2421,1453,0.993844,968,0.998968,0.993844,true,431791.0,131552.0,11.719,true,false,20,1,0,0,0,19,0.876681,true,true,0,0,,,0,false,false
sh.510050,华夏上证50ETF,equity,L,2005-02-23,,2015-01-05,2024-12-31,2431,1462,1.0,969,1.0,1.0,true,1589411885.0,997247203.0,99.059,false,true,18,0,0,0,0,18,0.099846,false,false,0,0,,,0,false,true
sh.510060,工银瑞信上证中央企业50ETF,equity,L,2009-10-27,,2015-01-05,2024-12-31,2431,1462,1.0,969,1.0,1.0,true,533964.0,166012.0,13.003,true,false,18,0,0,0,0,18,0.100251,false,false,0,0,,,0,false,false
sh.510070,鹏华上证民营企业50ETF,equity,D,2010-10-29,2020-08-13,2015-01-05,2020-06-24,1135,1135,0.776334,0,0.0,0.0,false,46253.0,8225.0,2.994,true,false,28,0,0,5,0,23,0.100172,false,false,0,0,,,0,false,false
sh.510090,建信上证社会责任ETF,equity,L,2010-08-09,,2015-01-05,2024-12-31,2239,1330,0.909713,909,0.93808,0.909713,false,19245.0,5073.0,0.855,true,false,58,0,0,5,0,53,0.10034,false,false,0,0,,,0,false,false
sh.510100,易方达上证50ETF,equity,L,2019-10-09,,2019-10-09,2024-12-31,1271,303,0.20725,968,0.998968,0.20725,false,33676436.0,17679728.0,75.706,false,true,4,1,0,0,0,3,0.193604,false,true,0,0,,,0,false,false
sh.510110,海富通上证周期行业50ETF,equity,D,2010-11-15,2023-08-11,2015-01-05,2023-07-04,1925,1323,0.904925,602,0.621259,0.621259,false,63068.0,15006.0,4.106,true,false,44,0,0,2,0,42,0.1,false,false,0,0,,,0,false,false
sh.510120,海富通上证非周期行业100ETF,equity,D,2011-06-08,2023-08-11,2015-01-05,2023-06-28,1717,1185,0.810534,532,0.54902,0.54902,false,22607.0,5173.0,1.198,true,false,63,0,0,9,0,54,0.100127,false,false,0,0,,,0,false,false
sh.510130,易方达上证中盘ETF,equity,L,2010-06-23,,2015-01-05,2024-12-31,2287,1346,0.920657,941,0.971104,0.920657,false,120656.0,26983.0,5.902,true,false,26,0,0,1,0,25,0.100093,false,false,0,0,,,0,false,false
sh.510150,招商上证消费80ETF,equity,L,2011-02-25,,2015-01-05,2024-12-31,2421,1453,0.993844,968,0.998968,0.993844,true,6954009.0,201056.0,45.252,true,true,36,1,0,0,0,35,0.916459,true,true,0,0,,,0,false,true
sh.510160,南方中证南方小康产业ETF,equity,L,2010-11-01,,2015-01-05,2024-12-31,2431,1462,1.0,969,1.0,1.0,true,479855.0,205350.0,12.404,true,false,22,0,0,0,0,22,0.100683,false,false,0,0,,,0,false,false
sh.510170,国联安上证大宗商品股票ETF,equity,L,2011-01-25,,2015-01-05,2024-12-31,2391,1423,0.973324,968,0.998968,0.973324,true,695574.0,47861.0,15.141,true,false,39,1,0,0,0,38,0.758722,true,true,0,0,,,0,false,false
sh.510180,华安上证180ETF,equity,L,2006-05-18,,2015-01-05,2024-12-31,2431,1462,1.0,969,1.0,1.0,true,65679055.0,39578202.0,85.287,false,true,18,0,0,0,0,18,0.1,false,false,0,0,,,0,false,true
sh.510190,华安上证50ETF,equity,L,2011-01-10,,2015-01-05,2024-12-31,2403,1441,0.985636,962,0.992776,0.985636,true,185224.0,48017.0,7.87,true,false,33,0,0,2,0,31,0.100141,false,false,0,0,,,0,false,false
sh.510200,汇安上证证券ETF,equity,L,2020-05-08,,2020-05-08,2024-12-31,1131,162,0.110807,969,1.0,0.110807,false,2588541.0,1376657.0,27.374,true,true,16,0,0,0,0,16,0.1,false,false,0,0,,,0,false,false
sh.510210,富国上证综指ETF,equity,L,2011-03-25,,2015-01-05,2024-12-31,2409,1441,0.985636,968,0.998968,0.985636,true,8710459.0,84779.0,50.385,true,true,29,1,2,0,0,26,0.799562,true,true,0,0,,,0,false,true
sh.510220,华泰柏瑞上证中小盘ETF,equity,D,2011-03-28,2022-12-27,2015-01-05,2022-11-17,1900,1447,0.98974,453,0.467492,0.467492,false,119996.0,45820.0,5.817,true,false,35,0,0,0,0,35,0.10008,false,false,0,0,,,0,false,false
sh.510230,国泰上证180金融ETF,equity,L,2011-05-23,,2015-01-05,2024-12-31,2430,1461,0.999316,969,1.0,0.999316,true,31825789.0,7252152.0,74.508,false,true,22,1,1,0,0,20,0.787964,true,true,0,0,,,0,false,true
sh.510260,诺安上证新兴产业ETF,equity,D,2011-06-08,2020-01-15,2015-01-05,2019-06-27,1066,1066,0.729138,0,0.0,0.0,false,52101.0,14051.0,3.593,true,false,27,0,0,0,0,27,0.100239,false,false,0,0,,,0,false,false
sh.510270,中银上证国有企业100ETF,equity,L,2011-08-18,,2015-01-05,2024-12-31,2413,1447,0.98974,966,0.996904,0.98974,true,99522.0,34019.0,5.475,true,false,28,0,0,0,0,28,0.100379,false,false,0,0,,,0,false,false
sh.510280,华宝上证180成长ETF,equity,D,2011-10-18,2019-09-30,2015-01-05,2018-11-23,856,856,0.585499,0,0.0,0.0,false,39896.5,9670.0,2.31,true,false,17,0,0,1,0,16,0.099863,false,false,0,0,,,0,false,false
sh.510290,南方上证380ETF,equity,L,2011-11-08,,2015-01-05,2024-12-31,2429,1460,0.998632,969,1.0,0.998632,true,272309.0,93925.0,9.666,true,false,39,0,0,0,0,39,0.100252,false,false,0,0,,,0,false,false
sh.510300,华泰柏瑞沪深300ETF,equity,L,2012-05-28,,2015-01-05,2024-12-31,2431,1462,1.0,969,1.0,1.0,true,1500811278.0,704307095.0,98.888,false,true,23,0,0,0,0,23,0.100052,false,false,0,0,,,0,false,true
sh.510310,易方达沪深300ETF,equity,L,2013-03-25,,2015-01-05,2024-12-31,2431,1462,1.0,969,1.0,1.0,true,97608604.0,6342726.0,88.879,false,true,20,1,0,0,0,19,1.009381,true,true,0,0,,,0,false,true
sh.510330,华夏沪深300ETF,equity,L,2013-01-16,,2015-01-05,2024-12-31,2431,1462,1.0,969,1.0,1.0,true,346823418.0,21046500.0,94.183,false,true,17,0,0,0,0,17,0.10005,false,false,0,0,,,0,false,true
sh.510350,工银瑞信沪深300ETF,equity,L,2019-08-16,,2019-08-16,2024-12-31,1304,335,0.229138,969,1.0,0.229138,false,24563840.5,14624841.0,70.83,false,true,5,0,0,0,0,5,0.100136,false,false,0,0,,,0,false,false
sh.510360,广发沪深300ETF,equity,L,2015-09-09,,2015-09-09,2024-12-31,2264,1295,0.885773,969,1.0,0.885773,false,10908681.5,4881344.0,55.432,true,true,6,0,0,0,0,6,0.099711,false,false,0,0,,,0,false,false
sh.510370,兴业沪深300ETF,equity,L,2020-10-27,,2020-10-27,2024-12-31,1017,48,0.032832,969,1.0,0.032832,false,213450.0,66045.0,8.64,true,false,4,0,0,0,0,4,0.100398,false,false,0,0,,,0,false,false
sh.510380,国寿安保沪深300ETF,equity,L,2018-02-07,,2018-02-07,2024-12-31,1558,640,0.437756,918,0.947368,0.437756,false,21539.5,4604.0,1.027,true,false,28,0,0,4,0,24,0.100592,false,false,0,0,,,0,false,false
sh.510390,平安沪深300ETF,equity,L,2018-01-26,,2018-01-26,2024-12-31,1681,712,0.487004,969,1.0,0.487004,false,11236317.0,5337791.0,56.459,true,true,6,0,0,0,0,6,0.09918,false,false,0,0,,,0,false,false
sh.510410,博时上证自然资源ETF,equity,L,2012-05-11,,2015-01-05,2024-12-31,2430,1461,0.999316,969,1.0,0.999316,true,5951224.0,408120.0,41.916,true,true,29,0,0,0,0,29,0.100396,false,false,0,0,,,0,false,true
sh.510420,景顺长城上证180等权重ETF,equity,D,2012-07-09,2019-11-08,2015-01-05,2018-10-24,749,749,0.512312,0,0.0,0.0,false,24384.0,3101.0,1.454,true,false,27,0,0,5,0,22,0.100281,false,false,0,0,,,0,false,false
sh.510430,银华上证50等权重ETF,equity,D,2012-09-24,2020-12-18,2015-01-05,2020-09-21,1179,1179,0.80643,0,0.0,0.0,false,15588.0,3008.0,0.684,true,false,51,0,0,3,0,48,0.1,false,false,0,0,,,0,false,false
sh.510440,大成中证500沪市ETF,equity,D,2012-10-08,2022-12-22,2015-01-05,2022-11-23,1817,1364,0.932969,453,0.467492,0.467492,false,34771.0,9434.0,1.882,true,false,46,0,0,1,0,45,0.10026,false,false,0,0,,,0,false,false
sh.510450,上投摩根上证180高贝塔ETF,equity,D,2013-08-01,2016-08-24,2015-01-05,2016-06-17,349,349,0.238714,0,0.0,0.0,false,161852.0,22461.0,7.271,true,false,31,0,0,1,0,30,0.1,false,false,0,0,,,0,false,false
sh.510500,南方中证500ETF,equity,L,2013-03-15,,2015-01-05,2024-12-31,2429,1460,0.998632,969,1.0,0.998632,true,940843676.0,262930506.0,97.861,false,true,43,1,1,0,0,41,2.48551,true,true,0,0,,,0,false,true
sh.510510,广发中证500ETF,equity,L,2013-05-24,,2015-01-05,2024-12-31,2431,1462,1.0,969,1.0,1.0,true,30268518.0,13419444.0,73.995,false,true,35,0,0,0,0,35,0.100194,false,false,0,0,,,0,false,true
sh.510520,诺安中证500ETF,equity,D,2014-03-10,2019-10-31,2015-01-05,2019-07-04,933,933,0.638167,0,0.0,0.0,false,20561.0,4668.0,0.941,true,false,48,0,0,7,0,41,0.100126,false,false,0,0,,,0,false,false
sh.510530,工银瑞信中证500ETF,equity,L,2020-01-03,,2020-01-03,2024-12-31,1211,242,0.165527,969,1.0,0.165527,false,4436263.0,2249219.0,36.099,true,true,8,0,0,0,0,8,0.100036,false,false,0,0,,,0,false,false
sh.510550,方正富邦中证500ETF,equity,L,2019-01-16,,2019-01-16,2024-12-31,1446,477,0.326265,969,1.0,0.326265,false,286960.5,116362.0,10.009,true,false,9,0,0,0,0,9,0.100074,false,false,0,0,,,0,false,false
sh.510560,国寿安保中证500ETF,equity,L,2015-07-03,,2015-07-03,2024-12-31,2049,1184,0.80985,865,0.892673,0.80985,false,9964.0,2321.0,0.257,true,false,39,0,0,2,0,37,0.100291,false,false,0,0,,,0,false,false
sh.510570,兴业中证500ETF,equity,L,2020-08-12,,2020-08-12,2024-12-31,1047,96,0.065663,951,0.981424,0.065663,false,51057.0,13851.0,3.336,true,false,10,0,0,0,0,10,0.099507,false,false,0,0,,,0,false,false
sh.510580,易方达中证500ETF,equity,L,2015-09-14,,2015-09-14,2024-12-31,2222,1254,0.857729,968,0.998968,0.857729,false,16825379.0,97241.0,65.612,true,true,32,2,0,4,0,26,2.954861,true,true,0,0,,,0,false,false
sh.510590,平安中证500ETF,equity,L,2018-05-04,,2018-05-04,2024-12-31,1620,651,0.44528,969,1.0,0.44528,false,5261288.5,2791945.0,39.692,true,true,12,0,1,0,0,11,0.1,false,false,0,0,,,0,false,false
sh.510600,申万菱信上证50ETF,equity,L,2018-09-20,,2018-09-20,2024-12-31,1522,553,0.378249,969,1.0,0.378249,false,4358553.0,2014647.0,36.014,true,true,5,0,0,0,0,5,0.099212,false,false,0,0,,,0,false,false
sh.510610,华夏上证能源ETF,equity,D,2013-05-08,2016-07-06,2015-01-05,2016-03-28,300,300,0.205198,0,0.0,0.0,false,5613532.0,724566.0,40.89,true,true,22,0,0,0,0,22,0.1,false,false,0,0,,,0,false,false
sh.510620,华夏上证原材料ETF,equity,D,2013-05-08,2016-08-15,2015-01-05,2016-03-28,294,294,0.201094,0,0.0,0.0,false,3099519.5,99933.0,29.256,true,true,27,0,0,0,0,27,0.100448,false,false,0,0,,,0,false,false
sh.510630,华夏上证主要消费ETF,equity,L,2013-05-08,,2015-01-05,2024-12-31,2430,1462,1.0,968,0.998968,0.998968,true,6119329.5,1094914.0,42.857,true,true,30,1,0,0,0,29,0.752253,true,true,0,0,,,0,false,true
sh.510650,华夏上证金融地产ETF,equity,L,2013-05-08,,2015-01-05,2024-12-31,2421,1452,0.99316,969,1.0,0.99316,true,3040936.0,153964.0,29.085,true,true,23,0,0,0,0,23,0.100164,false,false,0,0,,,0,false,true
sh.510660,华夏上证医药卫生ETF,equity,L,2013-05-08,,2015-01-05,2024-12-31,2431,1462,1.0,969,1.0,1.0,true,2527287.0,1229604.0,27.032,true,true,27,0,0,0,0,27,0.10021,false,false,0,0,,,0,false,true
sh.510680,万家上证50ETF,equity,L,2015-12-15,,2015-01-05,2024-12-31,2215,1246,0.852257,969,1.0,0.852257,false,323796.0,22019.0,10.436,true,false,54,0,0,2,0,52,0.100143,false,false,0,0,,,0,false,false
sh.510690,兴业上证180金融ETF,equity,D,2020-06-22,2022-03-03,2020-06-22,2021-12-15,360,131,0.089603,229,0.236326,0.089603,false,154327.5,47617.0,7.1,true,false,1,0,0,0,0,1,0.099822,false,false,0,0,,,0,false,false
sh.510700,长盛上证市值百强ETF,equity,D,2013-05-31,2015-10-14,2015-01-05,2015-10-09,179,179,0.122435,0,0.0,0.0,false,271279.0,93581.0,9.581,true,false,14,0,0,1,0,13,0.100121,false,false,0,0,,,0,false,false
sh.510710,博时上证50ETF,equity,L,2015-06-15,,2015-06-15,2024-12-31,2323,1354,0.926129,969,1.0,0.926129,false,12427580.0,1552121.0,59.11,true,true,15,0,0,0,0,15,0.100082,false,false,0,0,,,0,false,false
sh.510720,国泰上证国有企业红利ETF,equity,L,2024-05-15,,2024-05-15,2024-12-31,157,0,0.0,157,0.162023,0.0,false,38710974.0,30774773.0,77.502,false,true,0,0,0,0,0,0,0.0,false,false,0,0,,,0,false,false
sh.510760,国泰上证综合ETF,equity,L,2020-09-09,,2020-09-09,2024-12-31,1045,76,0.051984,969,1.0,0.051984,false,39854174.0,33434994.0,78.186,false,true,2,0,0,0,0,2,0.092381,false,false,0,0,,,0,false,false
sh.510770,申万菱信上证G60战略新兴产业成份ETF,equity,L,2021-09-28,,2021-09-28,2024-12-31,789,0,0.0,789,0.814241,0.0,false,745226.0,148833.0,15.74,true,false,8,0,0,0,0,8,0.100642,false,false,0,0,,,0,false,false
sh.510800,建信上证50ETF,equity,L,2018-01-15,,2018-01-15,2024-12-31,1690,721,0.49316,969,1.0,0.49316,false,11264714.0,6394501.0,56.544,true,true,5,0,0,0,0,5,0.10008,false,false,0,0,,,0,false,false
sh.510810,汇添富中证上海国企ETF,equity,L,2016-08-29,,2016-08-29,2024-12-31,2018,1049,0.71751,969,1.0,0.71751,false,6705274.0,3570089.0,44.226,true,true,6,0,0,0,0,6,0.1,false,false,0,0,,,0,false,false
sh.510820,汇添富上证上海改革发展主题ETF,equity,D,2019-07-09,2019-08-20,2019-07-09,2019-08-05,20,20,0.01368,0,0.0,0.0,false,68999.0,26919.0,4.448,true,false,0,0,0,0,0,0,0.0,false,false,0,0,,,0,false,false
sh.510850,工银瑞信上证50ETF,equity,L,2019-03-06,,2019-03-06,2024-12-31,1416,447,0.305746,969,1.0,0.305746,false,39014522.0,17351475.0,77.673,false,true,5,0,0,0,0,5,0.091503,false,false,0,0,,,0,false,false
sh.510860,兴业上证50ETF,equity,D,2021-01-12,2022-03-17,2021-01-12,2021-12-27,232,0,0.0,232,0.239422,0.0,false,141428.5,81656.0,6.758,true,false,0,0,0,0,0,0,0.0,false,false,0,0,,,0,false,false
sh.510880,华泰柏瑞上证红利ETF,equity,L,2007-01-18,,2015-01-05,2024-12-31,2431,1462,1.0,969,1.0,1.0,true,50549235.0,15517101.0,81.865,false,true,18,0,0,0,0,18,0.100076,false,false,0,0,,,0,false,true
sh.510890,兴业上证红利低波动ETF,equity,D,2019-06-24,2021-09-07,2019-06-24,2021-06-28,487,372,0.254446,115,0.118679,0.118679,false,83846.0,32135.0,5.218,true,false,2,0,0,0,0,2,0.074007,false,false,0,0,,,0,false,false
sh.510900,易方达恒生中国企业ETF(QDII),cross_border,L,2012-10-22,,2015-01-05,2024-12-31,2431,1462,1.0,969,1.0,1.0,true,577598632.0,354359634.0,96.151,false,true,17,0,0,0,0,17,0.100196,false,false,0,0,,,0,false,true
sh.510950,广发上证50ETF,equity,L,2024-05-10,,2024-05-10,2024-12-31,160,0,0.0,160,0.165119,0.0,false,11886396.5,8749073.0,58.255,true,true,2,0,0,0,0,2,0.098239,false,false,0,0,,,0,false,false
sh.510980,汇添富上证综合ETF,equity,L,2023-12-01,,2023-12-01,2024-12-31,263,0,0.0,263,0.271414,0.0,false,26336604.0,19664041.0,72.027,false,true,3,0,0,0,0,3,0.095588,false,false,0,0,,,0,false,false
sh.510990,工银瑞信中证180ESGETF,equity,L,2021-07-01,,2021-07-01,2024-12-31,851,0,0.0,851,0.878225,0.0,false,4680141.0,1438922.0,37.126,true,true,2,0,0,0,0,2,0.076471,false,false,0,0,,,0,false,false
sh.511000,招商中债-0-3年长三角地方政府债ETF,bond,D,2020-10-29,2021-04-19,2020-10-29,2021-03-12,83,46,0.031464,37,0.038184,0.031464,false,7000.0,3000.0,0.086,true,false,1,0,0,0,0,1,0.07,false,false,0,0,,,0,false,false
sh.511010,国泰上证5年期国债ETF,bond,L,2013-03-25,,2015-01-05,2024-12-31,2431,1462,1.0,969,1.0,1.0,true,167964263.0,79816431.0,92.044,false,true,0,0,0,0,0,0,0.0,false,false,0,0,,,0,false,true
sh.511020,平安中证5-10年期国债活跃券ETF,bond,L,2019-02-22,,2019-02-22,2024-12-31,1328,418,0.28591,910,0.939112,0.28591,false,594633.5,84677.0,14.2,true,false,0,0,0,0,0,0,0.0,false,false,0,0,,,0,false,false
sh.511030,平安中债-中高等级公司债利差因子ETF,bond,L,2019-03-22,,2019-03-22,2024-12-31,1359,391,0.267442,968,0.998968,0.267442,false,5741343.0,211209.0,41.403,true,true,1,1,0,0,0,0,0.899677,true,true,0,0,,,0,false,false
sh.511050,兴业上证1-5年期地方政府债ETF,bond,D,2020-07-30,2021-08-31,2020-07-30,2021-06-08,194,99,0.067715,95,0.098039,0.067715,false,24274.0,10616.0,1.369,true,false,2,0,0,0,0,2,0.085198,false,false,0,0,,,0,false,false
sh.511060,海富通上证5年期地方政府债ETF,bond,L,2019-12-12,,2019-12-12,2024-12-31,1220,255,0.174419,965,0.995872,0.174419,false,50484592.0,2528113.0,81.779,false,true,0,0,0,0,0,0,0.0,false,false,0,0,,,0,false,false
sh.511090,鹏扬中债-30年期国债ETF,bond,L,2023-06-13,,2023-06-13,2024-12-31,378,0,0.0,378,0.390093,0.0,false,444701191.5,122057790.0,95.124,false,true,0,0,0,0,0,0,0.0,false,false,0,0,,,0,false,false
sh.511100,华夏上证基准做市国债ETF,bond,L,2023-12-25,,2023-12-25,2024-12-31,247,0,0.0,247,0.254902,0.0,false,996309447.0,511013160.0,97.947,false,true,0,0,0,0,0,0,0.0,false,false,0,0,,,0,false,false
sh.511130,博时上证30年期国债ETF,bond,L,2024-03-28,,2024-03-28,2024-12-31,186,0,0.0,186,0.19195,0.0,false,1447091449.5,1057850575.0,98.802,false,true,0,0,0,0,0,0,0.0,false,false,0,0,,,0,false,false
sh.511180,海富通上证投资级可转债及可交换债券ETF,bond,L,2020-08-26,,2020-08-26,2024-12-31,1055,86,0.058824,969,1.0,0.058824,false,95540505.0,39137447.0,88.623,false,true,0,0,0,0,0,0,0.0,false,false,0,0,,,0,false,false
sh.511210,博时上证企债30ETF,bond,D,2013-08-16,2018-01-26,2015-01-05,2017-10-18,522,522,0.357045,0,0.0,0.0,false,80849.5,25844.0,5.133,true,false,4,0,0,1,0,3,0.095734,false,false,0,0,,,0,false,false
sh.511220,海富通上证城投债ETF,bond,L,2019-04-24,,2015-01-05,2024-12-31,2425,1456,0.995896,969,1.0,0.995896,true,5323706.0,1909627.0,39.949,true,true,1,1,0,0,0,0,0.900659,true,true,0,0,,,0,false,true
sh.511230,海富通上证周期产业债ETF,bond,D,2017-04-21,2021-03-29,2017-04-21,2019-02-18,213,213,0.145691,0,0.0,0.0,false,7014.0,1980.0,0.171,true,false,5,0,0,0,0,5,0.099996,false,false,0,0,,,0,false,false
sh.511260,国泰上证10年期国债ETF,bond,L,2017-08-24,,2017-08-24,2024-12-31,1785,816,0.55814,969,1.0,0.55814,false,98456995.0,10343563.0,88.965,false,true,0,0,0,0,0,0,0.0,false,false,0,0,,,0,false,false
sh.511270,海富通上证10年期地方政府债ETF,bond,L,2018-11-22,,2018-11-22,2024-12-31,1479,511,0.349521,968,0.998968,0.349521,false,25055442.0,2328344.0,71.086,false,true,0,0,0,0,0,0,0.0,false,false,0,0,,,0,false,false
sh.511280,华夏上证3-5年期中高评级可质押信用债ETF,bond,D,2018-05-31,2021-10-22,2018-05-31,2021-08-02,429,356,0.243502,73,0.075335,0.075335,false,29851.0,11125.0,1.625,true,false,11,0,0,2,0,9,0.100002,false,false,0,0,,,0,false,false
sh.511290,广发上证10年期国债ETF,bond,D,2018-04-27,2020-10-30,2018-04-27,2020-07-13,276,276,0.188782,0,0.0,0.0,false,12031.5,2031.0,0.428,true,false,9,0,0,4,0,5,0.085611,false,false,0,0,,,0,false,false
sh.511310,富国中证10年期国债ETF,bond,D,2018-04-26,2023-03-08,2018-04-26,2022-12-29,706,369,0.252394,337,0.347781,0.252394,false,45728.5,11675.0,2.908,true,false,7,0,0,2,0,5,0.1,false,false,0,0,,,0,false,false
sh.511360,海富通中证短融ETF,bond,L,2020-09-25,,2020-09-25,2024-12-31,1033,64,0.043776,969,1.0,0.043776,false,4289565139.0,163583462.0,99.829,false,true,0,0,0,0,0,0,0.0,false,false,0,0,,,0,false,false
sh.511380,博时中证可转债及可交换债券ETF,bond,L,2020-04-07,,2020-04-07,2024-12-31,1151,182,0.124487,969,1.0,0.124487,false,323747718.0,98500961.0,94.012,false,true,0,0,0,0,0,0,0.0,false,false,0,0,,,0,false,false
sh.511520,富国中债7-10年政策性金融债ETF,bond,L,2022-10-25,,2022-10-25,2024-12-31,533,0,0.0,533,0.550052,0.0,false,4096578111.0,2428076102.0,99.743,false,true,0,0,0,0,0,0,0.0,false,false,0,0,,,0,false,false
sh.511580,招商中证国债及政策性金融债0-3年ETF,bond,L,2022-12-14,,2022-12-14,2024-12-31,491,0,0.0,491,0.506708,0.0,false,204962056.0,126531270.0,92.729,false,true,0,0,0,0,0,0,0.0,false,false,0,0,,,0,false,false
sh.511600,华安日日鑫货币ETF-H,money,L,2016-09-27,,2016-09-27,2024-12-31,2005,1038,0.709986,967,0.997936,0.709986,false,3397261.0,814188.0,31.052,true,true,2,0,0,0,0,2,0.079943,false,false,0,0,,,0,false,false
sh.511620,国泰瞬利货币ETF-A,money,L,2017-09-07,,2017-09-07,2024-12-31,1768,799,0.546512,969,1.0,0.546512,false,434212.5,160196.0,11.891,true,false,3,0,0,0,0,3,0.098978,false,false,0,0,,,0,false,false
sh.511650,华夏快线货币ETF-E,money,L,2017-01-16,,2017-01-16,2024-12-31,1918,965,0.660055,953,0.983488,0.660055,false,3740650.5,970039.0,32.592,true,true,0,0,0,0,0,0,0.0,false,false,0,0,,,0,false,false
sh.511660,建信现金添益货币ETF-H,money,L,2016-09-21,,2016-09-21,2024-12-31,2011,1042,0.712722,969,1.0,0.712722,false,1205455275.0,840942298.0,98.375,false,true,0,0,0,0,0,0,0.0,false,false,0,0,,,0,false,false
sh.511670,华泰紫金天天金货币ETF-A,money,L,2017-08-28,,2017-08-28,2024-12-31,1643,815,0.557456,828,0.854489,0.557456,false,652847.0,90021.0,14.713,true,false,2,0,0,1,0,1,0.070008,false,false,0,0,,,0,false,false
sh.511680,安信保证金货币ETF,money,D,2016-09-27,2018-10-30,2016-09-27,2018-07-30,413,413,0.28249,0,0.0,0.0,false,5258574.0,592394.0,39.607,true,true,2,0,0,0,0,2,0.071256,false,false,0,0,,,0,false,false
sh.511690,大成添益货币ETF-E,money,L,2016-10-20,,2016-10-20,2024-12-31,1995,1026,0.701778,969,1.0,0.701778,false,65824285.0,30014543.0,85.372,false,true,0,0,0,0,0,0,0.0,false,false,0,0,,,0,false,false
sh.511700,平安货币ETF-E,money,L,2016-10-17,,2016-10-17,2024-12-31,1998,1029,0.70383,969,1.0,0.70383,false,15454133.5,8687078.0,63.644,true,true,0,0,0,0,0,0,0.0,false,false,0,0,,,0,false,false
sh.511760,德邦现金宝货币ETF-E,money,D,2016-12-15,2018-06-12,2016-12-15,2018-01-25,211,211,0.144323,0,0.0,0.0,false,16249.0,2999.0,0.77,true,false,0,0,0,0,0,0,0.0,false,false,0,0,,,0,false,false
sh.511770,金鹰现金增益货币ETF-E,money,L,2017-04-10,,2017-04-10,2024-12-31,1514,831,0.568399,683,0.70485,0.568399,false,149974.5,30097.0,7.015,true,false,4,0,0,2,0,2,0.086196,false,false,0,0,,,0,false,false
sh.511800,易方达货币ETF-E,money,L,2014-12-08,,2015-01-05,2024-12-31,2431,1462,1.0,969,1.0,1.0,true,14969098.0,6134192.0,63.131,true,true,0,0,0,0,0,0,0.0,false,false,0,0,,,0,false,true
sh.511810,南方理财金货币ETF-H,money,L,2015-01-05,,2015-01-05,2024-12-31,2431,1462,1.0,969,1.0,1.0,true,238848778.0,56641111.0,93.242,false,true,0,0,0,0,0,0,0.0,false,false,0,0,,,0,false,true
sh.511820,鹏华添利货币ETF-B,money,L,2016-02-22,,2016-02-22,2024-12-30,2021,1187,0.811902,834,0.860681,0.811902,false,739873.0,119996.0,15.654,true,false,0,0,0,0,0,0,0.0,false,false,0,0,,,0,false,false
sh.511830,华泰柏瑞货币ETF-A,money,L,2015-08-03,,2015-08-03,2024-12-31,2266,1320,0.902873,946,0.976264,0.902873,false,1529356.5,253192.0,20.445,true,false,0,0,0,0,0,0,0.0,false,false,0,0,,,0,false,false
sh.511850,招商财富宝货币ETF-E,money,L,2016-07-18,,2016-07-18,2024-12-31,2056,1087,0.743502,969,1.0,0.743502,false,166557530.0,84447847.0,91.959,false,true,0,0,0,0,0,0,0.0,false,false,0,0,,,0,false,false
sh.511860,博时保证金实时货币ETF-A,money,L,2014-12-09,,2015-01-05,2024-12-31,2426,1462,1.0,964,0.99484,0.99484,true,5710049.0,1869982.0,41.232,true,true,0,0,0,0,0,0,0.0,false,false,0,0,,,0,false,true
sh.511880,银华货币ETF-A,money,L,2013-04-18,,2015-01-05,2024-12-31,2431,1462,1.0,969,1.0,1.0,true,9168047279.0,6662041300.0,99.914,false,true,0,0,0,0,0,0,0.0,false,false,0,0,,,0,false,true
sh.511890,景顺长城货币ETF,money,D,2015-08-03,2018-04-12,2015-08-03,2017-12-22,577,577,0.394665,0,0.0,0.0,false,21873011.0,1679861.0,69.119,false,true,0,0,0,0,0,0,0.0,false,false,0,0,,,0,false,false
sh.511900,富国收益宝货币ETF-H,money,L,2015-12-09,,2015-12-09,2024-12-31,2204,1235,0.844733,969,1.0,0.844733,false,59830506.5,8816657.0,84.602,false,true,0,0,0,0,0,0,0.0,false,false,0,0,,,0,false,false
sh.511910,融通易支付货币ETF-E,money,L,2016-07-04,,2016-07-04,2024-12-31,1528,1026,0.701778,502,0.51806,0.51806,false,199987.0,37494.0,8.212,true,false,0,0,0,0,0,0,0.0,false,false,0,0,,,0,false,false
sh.511920,广发货币ETF-E,money,L,2016-03-28,,2016-03-28,2024-12-31,2018,1108,0.757866,910,0.939112,0.757866,false,143598.0,40299.0,6.843,true,false,4,0,0,0,0,4,0.098955,false,false,0,0,,,0,false,false
sh.511930,国联日日盈货币ETF-A,money,L,2015-12-15,,2015-12-15,2024-12-31,1664,1004,0.686731,660,0.681115,0.681115,false,110276.5,28996.0,5.646,true,false,3,0,0,1,0,2,0.100004,false,false,0,0,,,0,false,false
sh.511950,广发添利货币ETF-A,money,L,2016-12-19,,2016-12-19,2024-12-31,1196,509,0.348153,687,0.708978,0.348153,false,40000.0,10208.0,2.481,true,false,4,0,0,3,0,1,0.088673,false,false,0,0,,,0,false,false
sh.511960,嘉实快线货币ETF-H,money,L,2016-01-11,,2016-01-11,2024-12-31,1841,1132,0.774282,709,0.731682,0.731682,false,278692.0,53262.0,9.923,true,false,3,0,0,0,0,3,0.099998,false,false,0,0,,,0,false,false
sh.511970,国寿安保货币ETF-E,money,L,2016-07-18,,2016-07-18,2024-12-31,1407,834,0.570451,573,0.591331,0.570451,false,139987.0,29994.0,6.672,true,false,2,0,0,0,0,2,0.098029,false,false,0,0,,,0,false,false
sh.511980,汇添富添富通货币ETF-E,money,L,2015-11-02,,2015-11-02,2024-12-31,2158,1262,0.863201,896,0.924665,0.863201,false,1747095.0,219928.0,21.642,true,false,0,0,0,0,0,0,0.0,false,false,0,0,,,0,false,false
sh.511990,华宝现金添益货币ETF-A,money,L,2013-01-28,,2015-01-05,2024-12-31,2431,1462,1.0,969,1.0,1.0,true,11991235299.0,9087607646.0,100.0,false,true,0,0,0,0,0,0,0.0,false,false,0,0,,,0,false,true
sh.512000,华宝中证全指证券公司ETF,equity,L,2016-09-14,,2016-09-14,2024-12-31,2014,1045,0.714774,969,1.0,0.714774,false,432820277.0,38402075.0,95.038,false,true,33,0,0,0,0,33,0.100324,false,false,0,0,,,0,false,false
sh.512010,易方达沪深300医药卫生ETF,equity,L,2013-10-28,,2015-01-05,2024-12-31,2429,1461,0.999316,968,0.998968,0.998968,true,55122611.0,1074721.0,83.319,false,true,26,1,0,0,0,25,0.739239,true,true,0,0,,,0,false,true
sh.512020,鹏华中证A500ETF,equity,L,2024-12-02,,2024-12-02,2024-12-31,22,0,0.0,22,0.022704,0.0,false,588929936.5,547342920.0,96.322,false,true,0,0,0,0,0,0,0.0,false,false,0,0,,,0,false,false
sh.512040,富国中证价值ETF,equity,L,2018-11-29,,2018-11-29,2024-12-31,1478,509,0.348153,969,1.0,0.348153,false,13865036.0,4482261.0,61.762,true,true,7,1,1,0,0,5,0.501346,true,true,0,0,,,0,false,false
sh.512050,华夏中证A500ETF,equity,L,2024-11-15,,2024-11-15,2024-12-31,33,0,0.0,33,0.034056,0.0,false,3249755288.0,2955984583.0,99.658,false,true,0,0,0,0,0,0,0.0,false,false,0,0,,,0,false,false
sh.512070,易方达沪深300非银行金融ETF,equity,L,2014-07-18,,2015-01-05,2024-12-31,2430,1462,1.0,968,0.998968,0.998968,true,43499901.0,2844002.0,79.127,false,true,47,1,0,0,0,46,0.662209,true,true,0,0,,,0,false,true
sh.512090,易方达MSCI中国A股国际通ETF,equity,L,2018-06-01,,2018-06-01,2024-12-31,1600,631,0.431601,969,1.0,0.431601,false,19596904.5,12577930.0,67.579,true,true,3,0,0,0,0,3,0.091468,false,false,0,0,,,0,false,false
sh.512100,南方中证1000ETF,equity,L,2016-11-04,,2016-11-04,2024-12-31,1983,1015,0.694254,968,0.998968,0.694254,false,36641716.0,4440978.0,76.989,false,true,14,1,0,0,0,13,1.762729,true,true,0,0,,,0,false,false
sh.512110,华安中证细分地产ETF,equity,D,2014-01-06,2017-01-13,2015-01-05,2016-09-20,400,400,0.273598,0,0.0,0.0,false,45201.0,12681.0,2.823,true,false,29,0,0,2,0,27,0.099198,false,false,0,0,,,0,false,false
sh.512120,华安中证细分医药ETF,equity,L,2014-01-06,,2015-01-05,2024-12-31,2403,1435,0.981532,968,0.998968,0.981532,true,3309722.0,367293.0,30.026,true,true,31,1,0,1,0,29,0.680173,true,true,0,0,,,0,false,true
sh.512150,汇安富时中国A50ETF,equity,L,2019-01-21,,2019-01-21,2024-12-31,1443,474,0.324213,969,1.0,0.324213,false,1552900.0,792017.0,20.701,true,false,5,0,0,0,0,5,0.100065,false,false,0,0,,,0,false,false
sh.512160,南方MSCI中国A股国际通ETF,equity,L,2018-04-27,,2018-04-27,2024-12-31,1623,654,0.447332,969,1.0,0.447332,false,22683947.0,8464655.0,69.632,false,true,7,1,0,0,0,6,0.19411,false,true,0,0,,,0,false,false
sh.512170,华宝中证医疗ETF,equity,L,2019-06-17,,2019-06-17,2024-12-31,1347,379,0.259234,968,0.998968,0.259234,false,316465272.0,126844910.0,93.926,false,true,10,1,0,0,0,9,0.680967,true,true,0,0,,,0,false,false
sh.512180,建信MSCI中国A股国际通ETF,equity,L,2018-05-21,,2018-05-21,2024-12-31,1601,640,0.437756,961,0.991744,0.437756,false,722719.0,169458.0,15.569,true,false,5,0,0,0,0,5,0.09771,false,false,0,0,,,0,false,false
sh.512190,浙商汇金中证浙江凤凰行动50ETF,equity,L,2019-09-09,,2019-09-09,2024-12-31,1265,318,0.21751,947,0.977296,0.21751,false,66264.0,22187.0,4.363,true,false,4,0,0,0,0,4,0.098618,false,false,0,0,,,0,false,false
sh.512200,南方中证全指房地产ETF,equity,L,2017-09-25,,2017-09-25,2024-12-31,1764,795,0.543776,969,1.0,0.543776,false,75825000.0,4467398.0,86.826,false,true,19,1,0,0,0,18,1.70068,true,true,0,0,,,0,false,false
sh.512210,景顺长城中证800食品饮料ETF,equity,D,2014-08-19,2018-08-31,2015-01-05,2018-03-02,716,716,0.48974,0,0.0,0.0,false,31898.5,5358.0,1.711,true,false,30,0,0,5,0,25,0.099954,false,false,0,0,,,0,false,false
sh.512220,景顺长城中证科技传媒通信150ETF,equity,L,2014-08-19,,2015-01-05,2024-12-31,2353,1384,0.946648,969,1.0,0.946648,false,1401703.0,43251.0,19.76,true,false,47,0,0,0,0,47,0.100389,false,false,0,0,,,0,false,false
sh.512230,景顺长城中证医药卫生ETF,equity,D,2014-08-19,2019-01-23,2015-01-05,2018-03-02,723,723,0.494528,0,0.0,0.0,false,37880.0,6244.0,1.967,true,false,24,0,0,1,0,23,0.100386,false,false,0,0,,,0,false,false
sh.512260,华安中证500行业中性低波动ETF,equity,L,2019-01-11,,2019-01-11,2024-12-31,1449,480,0.328317,969,1.0,0.328317,false,3014528.0,1092364.0,28.914,true,true,7,0,0,0,0,7,0.090638,false,false,0,0,,,0,false,false
sh.512270,华安沪深300行业中性低波动ETF,equity,D,2019-03-29,2021-09-23,2019-03-29,2021-08-06,574,430,0.294118,144,0.148607,0.148607,false,715798.5,179679.0,15.398,true,false,1,0,0,0,0,1,0.090164,false,false,0,0,,,0,false,false
sh.512280,景顺长城MSCI中国A股国际通ETF,equity,D,2018-05-25,2025-08-21,2018-05-25,2024-12-31,1604,636,0.435021,968,0.998968,0.435021,false,5501567.0,2499122.0,40.547,true,true,3,0,0,0,0,3,0.090776,false,false,0,0,,,0,false,false
sh.512290,国泰中证生物医药ETF,equity,L,2019-05-20,,2019-05-20,2024-12-31,1367,398,0.27223,969,1.0,0.27223,false,108009769.0,69376313.0,89.991,false,true,7,0,0,0,0,7,0.10022,false,false,0,0,,,0,false,false
sh.512300,南方中证500医药卫生指数ETF,equity,D,2014-12-18,2021-03-12,2015-01-05,2020-12-21,1449,1449,0.991108,0,0.0,0.0,false,813848.0,328355.0,16.339,true,false,25,0,0,0,0,25,0.100369,false,false,0,0,,,0,false,false
sh.512310,南方中证500工业指数ETF,equity,D,2015-05-08,2021-04-16,2015-05-08,2021-01-04,1376,1375,0.940492,1,0.001032,0.001032,false,233169.5,104672.0,8.982,true,false,35,0,0,0,0,35,0.100496,false,false,0,0,,,0,false,false
sh.512320,工银瑞信MSCI中国A股ETF,equity,D,2020-08-07,2024-04-16,2020-08-07,2024-02-22,828,99,0.067715,729,0.752322,0.067715,false,276394.5,61638.0,9.752,true,false,0,0,0,0,0,0,0.0,false,false,0,0,,,0,false,false
sh.512330,南方中证500信息技术指数ETF,equity,L,2015-07-20,,2015-07-20,2024-12-31,2299,1330,0.909713,969,1.0,0.909713,false,2173556.0,559883.0,24.551,true,false,37,0,0,0,0,37,0.10073,false,false,0,0,,,0,false,false
sh.512340,南方中证500原材料指数ETF,equity,D,2015-05-15,2021-04-16,2015-05-15,2021-01-11,1375,1369,0.936389,6,0.006192,0.006192,false,224096.0,87153.0,8.896,true,false,35,0,0,0,0,35,0.100601,false,false,0,0,,,0,false,false
sh.512350,兴业中证福建50ETF,equity,D,2020-09-10,2022-03-17,2020-09-10,2021-12-22,308,75,0.0513,233,0.240454,0.0513,false,189085.0,44119.0,8.041,true,false,0,0,0,0,0,0,0.0,false,false,0,0,,,0,false,false
sh.512360,平安MSCI中国A股国际ETF,equity,L,2018-07-20,,2018-07-20,2024-12-31,1489,593,0.405609,896,0.924665,0.405609,false,51464.0,11520.0,3.507,true,false,4,0,0,0,0,4,0.099674,false,false,0,0,,,0,false,false
sh.512380,银华MSCI中国A股ETF,equity,L,2019-04-30,,2019-04-30,2024-12-31,1378,409,0.279754,969,1.0,0.279754,false,14853849.5,10403263.0,62.874,true,true,3,0,0,0,0,3,0.100244,false,false,0,0,,,0,false,false
sh.512390,平安MSCI中国A股低波动ETF,equity,D,2018-07-13,,2018-07-13,2024-12-31,1472,554,0.378933,918,0.947368,0.378933,false,42367.5,8019.0,2.566,true,false,13,1,1,1,0,10,0.157718,false,true,0,0,,,0,false,false
sh.512400,南方中证申万有色金属ETF,equity,L,2017-09-01,,2017-09-01,2024-12-31,1780,811,0.55472,969,1.0,0.55472,false,90407715.5,12291081.0,88.024,false,true,19,0,0,0,0,19,0.099738,false,false,0,0,,,0,false,false
sh.512480,国联安中证全指半导体产品与设备ETF,equity,L,2019-06-12,,2019-06-12,2024-12-31,1350,382,0.261286,968,0.998968,0.261286,false,573585368.0,307140065.0,95.979,false,true,31,1,0,0,0,30,0.489043,false,true,0,0,,,0,false,false
sh.512500,华夏中证500ETF,equity,L,2015-05-29,,2015-05-29,2024-12-31,2334,1365,0.933653,969,1.0,0.933653,false,123932349.0,2947715.0,90.505,false,true,33,0,0,0,0,33,0.100159,false,false,0,0,,,0,false,false
sh.512510,华泰柏瑞中证500ETF,equity,L,2015-06-12,,2015-06-12,2024-12-31,2324,1355,0.926813,969,1.0,0.926813,false,8118265.5,2219135.0,49.102,true,true,32,0,0,0,0,32,0.100291,false,false,0,0,,,0,false,false
sh.512520,华泰柏瑞MSCI中国A股国际通ETF,equity,L,2018-05-18,,2018-05-18,2024-12-31,1610,641,0.43844,969,1.0,0.43844,false,2061254.0,859835.0,23.695,true,false,4,1,0,0,0,3,0.213775,false,true,0,0,,,0,false,false
sh.512530,建信沪深300红利ETF,equity,L,2019-09-23,,2019-09-23,2024-12-31,1279,310,0.212038,969,1.0,0.212038,false,1448312.0,357142.0,20.103,true,false,5,0,0,0,0,5,0.099502,false,false,0,0,,,0,false,false
sh.512550,嘉实富时中国A50ETF,equity,L,2017-08-07,,2017-08-07,2024-12-31,1799,830,0.567715,969,1.0,0.567715,false,4527236.0,1951010.0,36.612,true,true,8,0,0,0,0,8,0.100227,false,false,0,0,,,0,false,false
sh.512560,易方达中证军工ETF,equity,L,2017-07-28,,2017-07-28,2024-12-31,1802,834,0.570451,968,0.998968,0.570451,false,15006237.0,347666.0,63.216,true,true,25,1,0,0,0,24,0.489647,false,true,0,0,,,0,false,false
sh.512570,易方达中证全指证券公司ETF,equity,L,2017-08-11,,2017-08-11,2024-12-31,1792,823,0.562927,969,1.0,0.562927,false,3486580.5,464104.0,31.565,true,true,27,0,0,0,0,27,0.100329,false,false,0,0,,,0,false,false
sh.512580,广发中证环保产业ETF,equity,L,2017-02-28,,2017-02-28,2024-12-31,1908,939,0.642271,969,1.0,0.642271,false,11643094.0,5678303.0,57.656,true,true,10,0,0,0,0,10,0.100394,false,false,0,0,,,0,false,false
sh.512590,浦银安盛中证高股息精选ETF,equity,D,2019-03-08,2023-04-28,2019-03-08,2023-01-20,944,445,0.304378,499,0.514964,0.304378,false,4998854.0,2235435.0,38.238,true,true,1,0,0,0,0,1,0.086256,false,false,0,0,,,0,false,false
sh.512600,嘉实中证主要消费ETF,equity,L,2014-07-25,,2015-01-05,2024-12-31,2388,1420,0.971272,968,0.998968,0.971272,true,875448.5,78773.0,16.595,true,false,33,1,0,0,0,32,0.798532,true,true,0,0,,,0,false,false
sh.512610,嘉实中证医药卫生ETF,equity,D,2014-07-25,2022-12-22,2015-01-05,2022-10-28,1884,1445,0.988372,439,0.453044,0.453044,false,133342.5,40396.0,6.33,true,false,23,0,0,0,0,23,0.100318,false,false,0,0,,,0,false,false
sh.512640,嘉实中证金融地产ETF,equity,L,2014-07-25,,2015-01-05,2024-12-31,2168,1200,0.820793,968,0.998968,0.820793,false,193953.0,24117.0,8.127,true,false,29,0,0,1,0,28,0.100234,false,false,0,0,,,0,false,false
sh.512650,汇添富中证长三角一体化发展主题ETF,equity,L,2019-10-25,,2019-10-25,2024-12-31,1259,291,0.199042,968,0.998968,0.199042,false,3872890.0,1029275.0,33.533,true,true,4,0,0,0,0,4,0.100559,false,false,0,0,,,0,false,false
sh.512660,国泰中证军工ETF,equity,L,2016-08-08,,2016-08-08,2024-12-31,2041,1072,0.733242,969,1.0,0.733242,false,201122826.0,32477753.0,92.558,false,true,21,0,0,0,0,21,0.10011,false,false,0,0,,,0,false,false
sh.512670,鹏华中证国防ETF,equity,L,2019-08-01,,2019-08-01,2024-12-31,1314,346,0.236662,968,0.998968,0.236662,false,90517622.5,49045387.0,88.109,false,true,22,1,0,0,0,21,0.478473,false,true,0,0,,,0,false,false
sh.512680,广发中证军工ETF,equity,L,2016-10-14,,2016-10-14,2024-12-31,1999,1030,0.704514,969,1.0,0.704514,false,18133296.0,4254135.0,66.809,true,true,20,0,0,0,0,20,0.100394,false,false,0,0,,,0,false,false
sh.512690,鹏华中证酒ETF,equity,L,2019-05-06,,2019-05-06,2024-12-31,1376,408,0.27907,968,0.998968,0.27907,false,413108560.0,175238203.0,94.953,false,true,24,2,0,0,0,22,0.479955,false,true,0,0,,,0,false,false
sh.512700,南方中证银行ETF,equity,L,2017-07-26,,2017-07-26,2024-12-31,1807,838,0.573187,969,1.0,0.573187,false,52529060.0,2064885.0,82.72,false,true,5,0,1,0,0,4,0.099723,false,false,0,0,,,0,false,false
sh.512710,富国中证军工龙头ETF,equity,L,2019-08-26,,2019-08-26,2024-12-31,1297,329,0.225034,968,0.998968,0.225034,false,138466016.0,98398004.0,91.189,false,true,21,1,0,0,0,20,0.496286,false,true,0,0,,,0,false,false
sh.512720,国泰中证计算机主题ETF,equity,L,2019-08-16,,2019-08-16,2024-12-31,1304,335,0.229138,969,1.0,0.229138,false,55424559.5,40983267.0,83.49,false,true,15,0,0,0,0,15,0.10008,false,false,0,0,,,0,false,false
sh.512730,鹏华中证银行ETF,equity,L,2020-02-07,,2020-02-07,2024-12-31,1192,223,0.152531,969,1.0,0.152531,false,10444719.5,7607183.0,53.892,true,true,1,0,0,0,0,1,0.099581,false,false,0,0,,,0,false,false
sh.512750,嘉实中证锐联基本面50ETF,equity,L,2019-07-05,,2019-07-05,2024-12-31,1334,365,0.249658,969,1.0,0.249658,false,7937869.5,5634272.0,48.075,true,true,4,0,0,0,0,4,0.094395,false,false,0,0,,,0,false,false
sh.512760,国泰CES半导体芯片行业ETF,equity,L,2019-06-12,,2019-06-12,2024-12-31,1350,381,0.260602,969,1.0,0.260602,false,391375997.0,265959425.0,94.696,false,true,31,1,0,0,0,30,0.531044,true,true,0,0,,,0,false,false
sh.512770,华夏战略新兴成指ETF,equity,L,2018-08-16,,2018-08-16,2024-12-31,1547,578,0.395349,969,1.0,0.395349,false,1261705.0,472401.0,18.905,true,false,5,0,0,0,0,5,0.100316,false,false,0,0,,,0,false,false
sh.512780,广发中证京津冀协同发展主题ETF,equity,D,2018-05-24,2023-01-12,2018-05-24,2022-10-17,1067,637,0.435705,430,0.443756,0.435705,false,179964.0,62646.0,7.699,true,false,7,0,0,0,0,7,0.099744,false,false,0,0,,,0,false,false
sh.512790,华安中证民企成长ETF,equity,D,2019-09-06,2020-07-31,2019-09-06,2020-06-12,183,183,0.125171,0,0.0,0.0,false,162868.0,63158.0,7.357,true,false,1,0,0,0,0,1,0.099548,false,false,0,0,,,0,false,false
sh.512800,华宝中证银行ETF,equity,L,2017-08-03,,2017-08-03,2024-12-31,1801,832,0.569083,969,1.0,0.569083,false,184740741.0,67633399.0,92.216,false,true,4,0,0,0,0,4,0.100284,false,false,0,0,,,0,false,false
sh.512810,华宝中证军工ETF,equity,L,2016-08-22,,2016-08-22,2024-12-31,2031,1062,0.726402,969,1.0,0.726402,false,13774289.0,1298390.0,61.42,true,true,18,0,0,0,0,18,0.100174,false,false,0,0,,,0,false,false
sh.512820,汇添富中证银行ETF,equity,L,2018-11-23,,2018-11-23,2024-12-31,1481,512,0.350205,969,1.0,0.350205,false,14472550.0,6975830.0,62.275,true,true,4,0,1,0,0,3,0.099631,false,false,0,0,,,0,false,false
sh.512850,中信建投中证北京50ETF,equity,D,2018-11-09,2021-02-19,2018-11-09,2020-12-08,494,494,0.337893,0,0.0,0.0,false,52220.5,15152.0,3.678,true,false,3,0,0,0,0,3,0.088136,false,false,0,0,,,0,false,false
sh.512860,华安MSCI中国A股国际ETF,equity,D,2018-10-26,2021-04-30,2018-10-26,2021-03-08,569,529,0.361833,40,0.04128,0.04128,false,540041.0,182510.0,13.259,true,false,2,0,0,0,0,2,0.084627,false,false,0,0,,,0,false,false
sh.512870,南华中证杭州湾区ETF,equity,L,2019-02-22,,2019-02-22,2024-12-31,1372,455,0.311218,917,0.946336,0.311218,false,104881.5,18278.0,5.56,true,false,9,0,0,0,0,9,0.100457,false,false,0,0,,,0,false,false
sh.512880,国泰中证全指证券公司ETF,equity,L,2016-08-08,,2016-08-08,2024-12-31,2041,1072,0.733242,969,1.0,0.733242,false,805180828.0,88203840.0,97.177,false,true,33,0,0,0,0,33,0.100398,false,false,0,0,,,0,false,false
sh.512890,华泰柏瑞中证红利低波动ETF,equity,L,2019-01-18,,2019-01-18,2024-12-31,1443,475,0.324897,968,0.998968,0.324897,false,10363783.0,1979123.0,53.636,true,true,5,1,0,0,0,4,0.511287,true,true,0,0,,,0,false,false
sh.512900,南方中证全指证券公司ETF,equity,L,2017-03-31,,2017-03-31,2024-12-31,1885,916,0.626539,969,1.0,0.626539,false,39560462.0,10321151.0,77.93,false,true,34,0,0,0,0,34,0.100813,false,false,0,0,,,0,false,false
sh.512910,广发中证A100ETF,equity,L,2019-07-01,,2019-07-01,2024-12-31,1338,369,0.252394,969,1.0,0.252394,false,16408723.5,11711147.0,65.013,true,true,5,0,0,0,0,5,0.10017,false,false,0,0,,,0,false,false
sh.512920,新华MSCI中国A股国际ETF,equity,D,2018-12-07,2023-02-08,2018-12-07,2022-12-02,720,425,0.290698,295,0.304438,0.290698,false,38375.5,3484.0,2.053,true,false,3,0,0,0,0,3,0.080321,false,false,0,0,,,0,false,false
sh.512930,平安中证人工智能主题ETF,equity,L,2019-08-23,,2019-08-23,2024-12-31,1299,330,0.225718,969,1.0,0.225718,false,5101647.0,559821.0,39.008,true,true,12,0,2,0,0,10,0.100193,false,false,0,0,,,0,false,false
sh.512950,华夏中证央企结构调整ETF,equity,L,2019-01-18,,2019-01-18,2024-12-31,1444,475,0.324897,969,1.0,0.324897,false,9089371.5,2586359.0,51.155,true,true,7,0,0,0,0,7,0.100131,false,false,0,0,,,0,false,false
sh.512960,博时中证央企结构调整ETF,equity,L,2019-01-18,,2019-01-18,2024-12-31,1444,475,0.324897,969,1.0,0.324897,false,11755853.0,2078942.0,57.913,true,true,4,0,0,0,0,4,0.092228,false,false,0,0,,,0,false,false
sh.512970,平安中证粤港澳大湾区发展主题ETF,equity,L,2019-11-11,,2019-11-11,2024-12-31,1248,280,0.191518,968,0.998968,0.191518,false,123198.5,46726.0,5.988,true,false,6,0,0,0,0,6,0.099751,false,false,0,0,,,0,false,false
sh.512980,广发中证传媒ETF,equity,L,2018-01-19,,2018-01-19,2024-12-31,1686,717,0.490424,969,1.0,0.490424,false,53110136.5,15904775.0,82.806,false,true,18,0,0,0,0,18,0.100228,false,false,0,0,,,0,false,false
sh.512990,华夏MSCI中国A股国际通ETF,equity,L,2018-09-17,,2015-03-25,2024-12-31,2379,1410,0.964432,969,1.0,0.964432,true,6943908.0,2724367.0,45.167,true,true,17,0,0,0,0,17,0.100478,false,false,0,0,,,0,false,true
sh.513000,易方达奥明日经225ETF(QDII),cross_border,L,2019-06-25,,2019-06-25,2024-12-31,1342,373,0.25513,969,1.0,0.25513,false,3455572.5,1446795.0,31.309,true,true,7,0,0,0,0,7,0.100375,false,false,0,0,,,0,false,false
sh.513010,易方达恒生科技ETF(QDII),cross_border,L,2021-05-25,,2021-05-25,2024-12-31,877,0,0.0,877,0.905057,0.0,false,348449856.0,207971241.0,94.269,false,true,18,0,0,0,0,18,0.101053,false,false,0,0,,,0,false,false
sh.513020,国泰中证港股通科技ETF,cross_border,L,2022-02-08,,2022-02-08,2024-12-31,706,0,0.0,706,0.728586,0.0,false,57408330.0,40728884.0,84.175,false,true,12,0,0,0,0,12,0.100282,false,false,0,0,,,0,false,false
sh.513030,华安国际龙头(DAX)ETF(QDII),cross_border,L,2014-09-05,,2015-01-05,2024-12-31,2431,1462,1.0,969,1.0,1.0,true,3985270.0,1364189.0,34.559,true,true,4,0,0,0,0,4,0.085135,false,false,0,0,,,0,false,true
sh.513040,易方达中证港股通互联网ETF,cross_border,L,2023-06-12,,2023-06-12,2024-12-31,379,0,0.0,379,0.391125,0.0,false,10751128.0,5664876.0,54.833,true,true,6,0,0,0,0,6,0.1,false,false,0,0,,,0,false,false
sh.513050,易方达中证海外中国互联网50ETF(QDII),cross_border,L,2017-01-18,,2017-01-18,2024-12-31,1932,963,0.658687,969,1.0,0.658687,false,327328714.0,38915406.0,94.098,false,true,16,0,0,0,0,16,0.100578,false,false,0,0,,,0,false,false
sh.513060,博时恒生医疗保健ETF(QDII),cross_border,L,2021-03-29,,2021-03-29,2024-12-31,914,0,0.0,914,0.94324,0.0,false,775365390.0,299059134.0,97.006,false,true,17,0,0,0,0,17,0.101235,false,false,0,0,,,0,false,false
sh.513070,易方达中证港股通消费主题ETF,cross_border,L,2022-03-24,,2022-03-24,2024-12-31,674,0,0.0,674,0.695562,0.0,false,11570334.0,7092084.0,57.485,true,true,6,0,0,0,0,6,0.080113,false,false,0,0,,,0,false,false
sh.513080,华安法国CAC40ETF(QDII),cross_border,L,2020-06-12,,2020-06-12,2024-12-31,1106,137,0.093707,969,1.0,0.093707,false,3031010.0,1291220.0,28.999,true,true,0,0,0,0,0,0,0.0,false,false,0,0,,,0,false,false
sh.513090,易方达中证香港证券投资主题ETF,cross_border,L,2020-03-26,,2020-03-26,2024-12-31,1158,189,0.129275,969,1.0,0.129275,false,308414557.0,193303075.0,93.841,false,true,14,0,0,0,0,14,0.100284,false,false,0,0,,,0,false,false
sh.513100,国泰纳斯达克100ETF(QDII),cross_border,L,2013-05-15,,2015-01-05,2024-12-31,2430,1462,1.0,968,0.998968,0.998968,true,68383722.0,8604873.0,85.629,false,true,8,1,0,0,0,7,0.804507,true,true,0,0,,,0,false,true
sh.513110,华泰柏瑞纳斯达克100ETF(QDII),cross_border,L,2023-03-20,,2023-03-20,2024-12-31,435,0,0.0,435,0.448916,0.0,false,51831875.0,32790499.0,82.549,false,true,1,0,0,0,0,1,0.070694,false,false,0,0,,,0,false,false
sh.513120,广发中证香港创新药ETF(QDII),cross_border,L,2022-07-12,,2022-07-12,2024-12-31,602,0,0.0,602,0.621259,0.0,false,677799402.5,153633107.0,96.578,false,true,11,0,0,0,0,11,0.097754,false,false,0,0,,,0,false,false
sh.513130,华泰柏瑞南方东英恒生科技指数ETF(QDII),cross_border,L,2021-06-01,,2021-06-01,2024-12-31,872,0,0.0,872,0.899897,0.0,false,1290336168.5,361754135.0,98.546,false,true,19,0,0,0,0,19,0.1,false,false,0,0,,,0,false,false
sh.513140,华泰柏瑞中证港股通金融服务ETF(QDII),cross_border,L,2023-01-12,,2023-01-12,2024-12-31,477,0,0.0,477,0.49226,0.0,false,5983546.0,3400924.0,42.173,true,true,0,0,0,0,0,0,0.0,false,false,0,0,,,0,false,false
sh.513150,华泰柏瑞中证港股通科技ETF,cross_border,L,2022-02-11,,2022-02-11,2024-12-31,703,0,0.0,703,0.72549,0.0,false,14405559.0,10125976.0,62.19,true,true,13,0,0,0,0,13,0.100457,false,false,0,0,,,0,false,false
sh.513160,银华恒生港股通中国科技ETF,cross_border,L,2022-02-09,,2022-02-09,2024-12-31,705,0,0.0,705,0.727554,0.0,false,35239798.0,26484438.0,76.305,false,true,11,0,0,0,0,11,0.100457,false,false,0,0,,,0,false,false
sh.513170,鹏华恒生中国央企ETF(QDII),cross_border,L,2024-04-19,,2024-04-19,2024-12-31,172,0,0.0,172,0.177503,0.0,false,27447140.0,16037388.0,72.712,false,true,0,0,0,0,0,0,0.0,false,false,0,0,,,0,false,false
sh.513180,华夏恒生科技ETF(QDII),cross_border,L,2021-05-25,,2021-05-25,2024-12-31,877,0,0.0,877,0.905057,0.0,false,1740385978.0,736728436.0,99.145,false,true,18,0,0,0,0,18,0.100228,false,false,0,0,,,0,false,false
sh.513190,华夏中证港股通内地金融ETF,cross_border,L,2023-10-11,,2023-10-11,2024-12-31,300,0,0.0,300,0.309598,0.0,false,7776789.0,3010868.0,47.562,true,true,2,0,0,0,0,2,0.064516,false,false,0,0,,,0,false,false
sh.513200,易方达中证港股通医药卫生综合ETF,cross_border,L,2022-02-11,,2022-02-11,2024-12-31,703,0,0.0,703,0.72549,0.0,false,76742911.0,43118108.0,86.912,false,true,17,0,0,0,0,17,0.100391,false,false,0,0,,,0,false,false
sh.513210,易方达恒生ETF(QDII),cross_border,L,2024-04-22,,2024-04-22,2024-12-31,171,0,0.0,171,0.176471,0.0,false,5028602.0,3240421.0,38.409,true,true,0,0,0,0,0,0,0.0,false,false,0,0,,,0,false,false
sh.513220,招商中证全球中国互联网ETF(QDII),cross_border,L,2022-07-15,,2022-07-15,2024-12-31,599,0,0.0,599,0.618163,0.0,false,25017784.0,17069713.0,71.001,false,true,12,0,0,0,0,12,0.099902,false,false,0,0,,,0,false,false
sh.513230,华夏中证港股通消费主题ETF,cross_border,L,2022-01-24,,2022-01-24,2024-12-31,712,0,0.0,712,0.734778,0.0,false,3939904.5,1966266.0,34.217,true,true,11,0,0,0,0,11,0.100295,false,false,0,0,,,0,false,false
sh.513260,汇添富恒生科技ETF(QDII),cross_border,L,2022-09-13,,2022-09-13,2024-12-31,558,0,0.0,558,0.575851,0.0,false,36171984.0,21289916.0,76.647,false,true,10,0,0,0,0,10,0.097408,false,false,0,0,,,0,false,false
sh.513280,汇添富恒生生物科技ETF(QDII),cross_border,L,2022-07-18,,2022-07-18,2024-12-31,598,0,0.0,598,0.617131,0.0,false,16982163.5,10497869.0,65.697,true,true,10,0,0,0,0,10,0.097183,false,false,0,0,,,0,false,false
sh.513290,汇添富纳斯达克生物科技ETF(QDII),cross_border,L,2022-08-29,,2022-08-29,2024-12-31,568,0,0.0,568,0.586171,0.0,false,14848162.0,4990280.0,62.789,true,true,0,0,0,0,0,0,0.0,false,false,0,0,,,0,false,false
sh.513300,华夏纳斯达克100ETF(QDII),cross_border,L,2020-11-05,,2020-11-05,2024-12-31,1010,41,0.028044,969,1.0,0.028044,false,89118472.5,22412914.0,87.853,false,true,1,0,0,0,0,1,0.079552,false,false,0,0,,,0,false,false
sh.513310,华泰柏瑞中证韩交所中韩半导体ETF(QDII),cross_border,L,2022-12-22,,2022-12-22,2024-12-31,491,0,0.0,491,0.506708,0.0,false,54490947.0,25767371.0,82.977,false,true,4,0,0,0,0,4,0.100149,false,false,0,0,,,0,false,false
sh.513320,易方达恒生港股通新经济ETF,cross_border,L,2022-03-21,,2022-03-21,2024-12-31,677,0,0.0,677,0.698658,0.0,false,16727684.0,4683937.0,65.355,true,true,5,0,0,0,0,5,0.076541,false,false,0,0,,,0,false,false
sh.513330,华夏恒生互联网科技业ETF(QDII),cross_border,L,2021-02-08,,2021-02-08,2024-12-31,944,0,0.0,944,0.9742,0.0,false,1949315182.0,1288441236.0,99.316,false,true,15,0,0,0,0,15,0.100817,false,false,0,0,,,0,false,false
sh.513350,富国标普石油天然气勘探及生产精选行业ETF(QDII),cross_border,L,2023-11-28,,2023-11-28,2024-12-31,266,0,0.0,266,0.27451,0.0,false,9579818.0,5156093.0,51.925,true,true,2,0,0,0,0,2,0.069694,false,false,0,0,,,0,false,false
sh.513360,博时中证全球中国教育主题ETF(QDII),cross_border,L,2021-06-17,,2021-06-17,2024-12-31,861,0,0.0,861,0.888545,0.0,false,77877666.0,49755795.0,86.997,false,true,16,0,0,0,0,16,0.100486,false,false,0,0,,,0,false,false
sh.513380,广发恒生科技ETF(QDII),cross_border,L,2022-05-12,,2022-05-12,2024-12-31,644,0,0.0,644,0.664603,0.0,false,100358986.0,64975811.0,89.05,false,true,10,0,0,0,0,10,0.100465,false,false,0,0,,,0,false,false
sh.513390,博时纳斯达克100ETF(QDII),cross_border,L,2023-05-08,,2023-05-08,2024-12-31,404,0,0.0,404,0.416925,0.0,false,25164262.0,11796620.0,71.257,false,true,1,0,0,0,0,1,0.070152,false,false,0,0,,,0,false,false
sh.513400,鹏华道琼斯工业平均ETF(QDII),cross_border,L,2024-02-02,,2024-02-02,2024-12-31,219,0,0.0,219,0.226006,0.0,false,96243872.0,57330917.0,88.794,false,true,0,0,0,0,0,0,0.0,false,false,0,0,,,0,false,false
sh.513500,博时标普500ETF(QDII),cross_border,L,2014-01-15,,2015-01-05,2024-12-31,2430,1462,1.0,968,0.998968,0.998968,true,55704926.0,3385571.0,83.576,false,true,6,1,0,0,0,5,0.491773,false,true,0,0,,,0,false,true
sh.513520,华夏野村日经225ETF(QDII),cross_border,L,2019-06-25,,2019-06-25,2024-12-31,1342,373,0.25513,969,1.0,0.25513,false,6827752.5,3158470.0,44.825,true,true,9,0,0,0,0,9,0.093123,false,false,0,0,,,0,false,false
sh.513530,华泰柏瑞中证港股通高股息投资ETF(QDII),cross_border,L,2022-04-25,,2022-04-25,2024-12-31,654,0,0.0,654,0.674923,0.0,false,31576929.5,20450058.0,74.337,false,true,0,0,0,0,0,0,0.0,false,false,0,0,,,0,false,false
sh.513550,华泰柏瑞中证港股通50ETF,cross_border,L,2021-01-13,,2021-01-13,2024-12-31,962,0,0.0,962,0.992776,0.0,false,92495972.5,56938224.0,88.281,false,true,3,0,0,0,0,3,0.082963,false,false,0,0,,,0,false,false
sh.513560,兴银中证港股通科技ETF,cross_border,L,2023-02-13,,2023-02-13,2024-12-31,460,0,0.0,460,0.474716,0.0,false,3509627.5,1871379.0,31.737,true,true,2,0,0,0,0,2,0.071429,false,false,0,0,,,0,false,false
sh.513580,华安恒生科技ETF(QDII),cross_border,L,2021-05-27,,2021-05-27,2024-12-31,875,0,0.0,875,0.902993,0.0,false,110631994.0,69175578.0,90.163,false,true,19,0,0,0,0,19,0.100196,false,false,0,0,,,0,false,false
sh.513590,鹏华中证港股通消费主题ETF,cross_border,L,2021-08-19,,2021-08-19,2024-12-31,816,0,0.0,816,0.842105,0.0,false,1566055.0,831473.0,20.873,true,false,11,0,0,0,0,11,0.100511,false,false,0,0,,,0,false,false
sh.513600,南方恒生ETF(QDII),cross_border,L,2015-01-26,,2015-01-26,2024-12-31,2415,1446,0.989056,969,1.0,0.989056,true,7484373.0,569935.0,46.878,true,true,10,0,0,0,0,10,0.100181,false,false,0,0,,,0,false,true
sh.513630,摩根标普港股通低波红利ETF,cross_border,L,2023-12-08,,2023-12-08,2024-12-31,258,0,0.0,258,0.266254,0.0,false,86107317.0,60318755.0,87.767,false,true,1,0,0,0,0,1,0.062839,false,false,0,0,,,0,false,false
sh.513650,南方标普500ETF(QDII),cross_border,L,2023-04-04,,2023-04-04,2024-12-31,424,0,0.0,424,0.437564,0.0,false,25992016.5,6613514.0,71.685,false,true,1,0,0,0,0,1,0.064246,false,false,0,0,,,0,false,false
sh.513660,华夏沪港通恒生ETF,cross_border,L,2015-01-26,,2015-01-26,2024-12-31,2413,1444,0.987688,969,1.0,0.987688,true,6705139.0,521112.0,44.14,true,true,8,0,0,0,0,8,0.09985,false,false,0,0,,,0,false,true
sh.513680,建信港股通恒生中国企业ETF,cross_border,D,2019-01-21,2023-03-27,2019-01-21,2023-01-31,957,457,0.312585,500,0.515996,0.312585,false,207749.0,52623.0,8.469,true,false,6,0,0,0,0,6,0.100281,false,false,0,0,,,0,false,false
sh.513690,博时恒生港股通高股息率ETF,cross_border,L,2021-05-20,,2021-05-20,2024-12-31,880,0,0.0,880,0.908153,0.0,false,36057127.0,19898890.0,76.561,false,true,2,0,0,0,0,2,0.099617,false,false,0,0,,,0,false,false
sh.513700,鹏华中证港股通医药卫生综合ETF,cross_border,L,2021-08-06,,2021-08-06,2024-12-31,825,0,0.0,825,0.851393,0.0,false,39664147.0,17143541.0,78.015,false,true,12,0,0,0,0,12,0.099762,false,false,0,0,,,0,false,false
sh.513730,华泰柏瑞南方东英新交所泛东南亚科技ETF(QDII),cross_border,L,2023-12-01,,2023-12-01,2024-12-31,263,0,0.0,263,0.271414,0.0,false,54557500.0,29379559.0,83.062,false,true,1,0,0,0,0,1,0.069238,false,false,0,0,,,0,false,false
sh.513750,广发中证港股通非银行金融主题ETF,cross_border,L,2023-11-27,,2023-11-27,2024-12-31,267,0,0.0,267,0.275542,0.0,false,22913612.0,11552327.0,69.803,false,true,3,0,0,0,0,3,0.097138,false,false,0,0,,,0,false,false
sh.513770,华宝中证港股通互联网ETF,cross_border,L,2022-02-18,,2022-02-18,2024-12-31,698,0,0.0,698,0.72033,0.0,false,205681144.5,158131908.0,92.9,false,true,16,0,0,0,0,16,0.100639,false,false,0,0,,,0,false,false
sh.513780,景顺长城中证港股通创新药ETF,cross_border,L,2024-10-25,,2024-10-25,2024-12-31,48,0,0.0,48,0.049536,0.0,false,7628061.5,4531257.0,47.305,true,true,0,0,0,0,0,0,0.0,false,false,0,0,,,0,false,false
sh.513800,南方顶峰TOPIXETF(QDII),cross_border,L,2019-06-25,,2019-06-25,2024-12-31,1342,373,0.25513,969,1.0,0.25513,false,265909.0,43260.0,9.495,true,false,1,0,0,0,0,1,0.088522,false,false,0,0,,,0,false,false
sh.513810,华夏中证香港内地国有企业ETF(QDII),cross_border,L,2023-09-01,,2023-09-01,2024-12-31,322,0,0.0,322,0.332301,0.0,false,2320408.0,1152392.0,25.92,true,true,0,0,0,0,0,0,0.0,false,false,0,0,,,0,false,false
sh.513820,汇添富中证港股通高股息投资ETF,cross_border,L,2024-05-16,,2024-05-16,2024-12-31,156,0,0.0,156,0.160991,0.0,false,22397421.5,11328087.0,69.461,false,true,0,0,0,0,0,0,0.0,false,false,0,0,,,0,false,false
sh.513850,易方达MSCI美国50ETF(QDII),cross_border,L,2023-11-17,,2023-11-17,2024-12-31,273,0,0.0,273,0.281734,0.0,false,89907557.0,42092299.0,87.938,false,true,8,0,0,0,0,8,0.100311,false,false,0,0,,,0,false,false
sh.513860,海富通中证港股通科技ETF,cross_border,L,2021-07-02,,2021-07-02,2024-12-31,850,0,0.0,850,0.877193,0.0,false,33313152.0,16235475.0,75.62,false,true,14,0,0,0,0,14,0.101205,false,false,0,0,,,0,false,false
sh.513870,富国纳斯达克100ETF(QDII),cross_border,L,2023-11-02,,2023-11-02,2024-12-31,284,0,0.0,284,0.293086,0.0,false,32537608.5,10443963.0,75.192,false,true,4,0,0,0,0,4,0.100219,false,false,0,0,,,0,false,false
sh.513880,华安三菱日联日经225ETF(QDII),cross_border,L,2019-06-25,,2019-06-25,2024-12-31,1342,373,0.25513,969,1.0,0.25513,false,4120659.0,2097062.0,34.816,true,true,1,0,0,0,0,1,0.100237,false,false,0,0,,,0,false,false
sh.513890,摩根恒生科技ETF(QDII),cross_border,L,2022-01-21,,2022-01-21,2024-12-31,713,0,0.0,713,0.73581,0.0,false,47706363.0,34236632.0,80.582,false,true,17,0,0,0,0,17,0.100719,false,false,0,0,,,0,false,false
sh.513900,华安CES港股通精选100ETF,cross_border,L,2018-05-25,,2018-05-25,2024-12-31,1594,625,0.427497,969,1.0,0.427497,false,10180530.5,1750824.0,53.208,true,true,11,0,0,0,0,11,0.099897,false,false,0,0,,,0,false,false
sh.513910,华夏中证港股通央企红利ETF,cross_border,L,2024-03-04,,2024-03-04,2024-12-31,204,0,0.0,204,0.210526,0.0,false,13635855.0,5433136.0,61.249,true,true,3,0,0,0,0,3,0.080671,false,false,0,0,,,0,false,false
sh.513920,华安恒生港股通中国央企红利ETF,cross_border,L,2024-01-05,,2024-01-05,2024-12-31,239,0,0.0,239,0.246646,0.0,false,23790985.0,13143798.0,70.317,false,true,2,0,0,0,0,2,0.086439,false,false,0,0,,,0,false,false
sh.513950,富国恒生港股通高股息低波动ETF(QDII),cross_border,L,2023-04-28,,2023-04-28,2024-12-31,407,0,0.0,407,0.420021,0.0,false,17309517.0,11225675.0,65.954,true,true,0,0,0,0,0,0,0.0,false,false,0,0,,,0,false,false
sh.513960,博时中证港股通消费主题ETF,cross_border,D,2022-03-18,2024-11-08,2022-03-18,2024-09-09,604,0,0.0,604,0.623323,0.0,false,19452593.0,6311310.0,67.494,true,true,4,0,0,0,0,4,0.100177,false,false,0,0,,,0,false,false
sh.513970,景顺长城恒生消费ETF(QDII),cross_border,L,2023-04-21,,2023-04-21,2024-12-31,412,0,0.0,412,0.425181,0.0,false,17637187.0,12808209.0,66.21,true,true,2,0,0,0,0,2,0.082677,false,false,0,0,,,0,false,false
sh.513980,景顺长城中证港股通科技ETF,cross_border,L,2021-07-02,,2021-07-02,2024-12-31,850,0,0.0,850,0.877193,0.0,false,156492979.5,64053579.0,91.531,false,true,14,0,0,0,0,14,0.099515,false,false,0,0,,,0,false,false
sh.513990,招商上证港股通ETF,cross_border,L,2020-08-18,,2020-08-18,2024-12-31,1061,92,0.062927,969,1.0,0.062927,false,6423837.0,3895296.0,43.541,true,true,5,0,0,0,0,5,0.1,false,false,0,0,,,0,false,false
sh.515000,华宝中证科技龙头ETF,equity,L,2019-08-16,,2019-08-16,2024-12-31,1304,335,0.229138,969,1.0,0.229138,false,82005383.0,58928464.0,87.425,false,true,10,0,0,0,0,10,0.1,false,false,0,0,,,0,false,false
sh.515010,华夏中证全指证券公司ETF,equity,L,2019-11-07,,2019-11-07,2024-12-31,1251,282,0.192886,969,1.0,0.192886,false,11347422.0,6737997.0,56.801,true,true,19,0,0,0,0,19,0.100156,false,false,0,0,,,0,false,false
sh.515020,华夏中证银行ETF,equity,L,2019-12-03,,2019-12-03,2024-12-31,1233,264,0.180575,969,1.0,0.180575,false,5617792.0,2736430.0,41.061,true,true,3,0,0,0,0,3,0.0998,false,false,0,0,,,0,false,false
sh.515030,华夏中证新能源汽车ETF,equity,L,2020-03-04,,2020-03-04,2024-12-31,1174,205,0.140219,969,1.0,0.140219,false,299123628.5,186846099.0,93.67,false,true,20,0,0,0,0,20,0.100251,false,false,0,0,,,0,false,false
sh.515050,华夏中证5G通信主题ETF,equity,L,2019-10-16,,2019-10-16,2024-12-31,1267,298,0.20383,969,1.0,0.20383,false,133731477.0,77565565.0,91.018,false,true,14,0,0,0,0,14,0.100179,false,false,0,0,,,0,false,false
sh.515060,华夏中证全指房地产ETF,equity,L,2020-01-03,,2020-01-03,2024-12-31,1211,242,0.165527,969,1.0,0.165527,false,18589015.0,3196793.0,67.322,true,true,15,0,0,0,0,15,0.100418,false,false,0,0,,,0,false,false
sh.515070,华夏中证人工智能主题ETF,equity,L,2019-12-24,,2019-12-24,2024-12-31,1218,249,0.170315,969,1.0,0.170315,false,27267738.0,10125797.0,72.455,false,true,13,0,0,0,0,13,0.100362,false,false,0,0,,,0,false,false
sh.515080,招商中证红利ETF,equity,L,2019-12-27,,2019-12-27,2024-12-31,1215,246,0.168263,969,1.0,0.168263,false,50298579.0,18093460.0,81.694,false,true,4,0,0,0,0,4,0.096154,false,false,0,0,,,0,false,false
sh.515090,博时中证可持续发展100ETF,equity,L,2020-02-20,,2020-02-20,2024-12-31,1183,214,0.146375,969,1.0,0.146375,false,3895130.0,973377.0,33.961,true,true,4,0,0,0,0,4,0.099515,false,false,0,0,,,0,false,false
sh.515100,景顺长城中证红利低波动100ETF,equity,L,2020-07-03,,2020-07-03,2024-12-31,1093,124,0.084815,969,1.0,0.084815,false,18559195.0,8421078.0,67.151,true,true,4,1,0,0,0,3,0.256425,false,true,0,0,,,0,false,false
sh.515110,易方达中证国企一带一路ETF,equity,L,2020-01-15,,2020-01-15,2024-12-31,1203,234,0.160055,969,1.0,0.160055,false,7448510.0,3351015.0,46.792,true,true,4,0,0,0,0,4,0.100313,false,false,0,0,,,0,false,false
sh.515120,广发中证创新药产业ETF,equity,L,2021-01-04,,2021-01-04,2024-12-31,969,0,0.0,969,1.0,0.0,false,80649348.0,55306505.0,87.169,false,true,7,0,0,0,0,7,0.100885,false,false,0,0,,,0,false,false
sh.515130,博时沪深300ETF,equity,L,2020-05-11,,2020-05-11,2024-12-31,1130,161,0.110123,969,1.0,0.110123,false,10179956.5,7164137.0,53.122,true,true,3,0,0,0,0,3,0.1,false,false,0,0,,,0,false,false
sh.515150,富国中证国企一带一路ETF,equity,L,2020-01-15,,2020-01-15,2024-12-31,1203,234,0.160055,969,1.0,0.160055,false,2840842.0,790964.0,28.144,true,true,5,0,0,0,0,5,0.099482,false,false,0,0,,,0,false,false
sh.515160,招商MSCI中国A股国际通ETF,equity,L,2020-03-02,,2020-03-02,2024-12-31,1176,207,0.141587,969,1.0,0.141587,false,3374281.5,670685.0,30.881,true,true,3,0,0,0,0,3,0.099831,false,false,0,0,,,0,false,false
sh.515170,华夏中证细分食品饮料产业主题ETF,equity,L,2021-01-13,,2021-01-13,2024-12-31,962,0,0.0,962,0.992776,0.0,false,101805165.0,66402240.0,89.307,false,true,7,0,0,0,0,7,0.100813,false,false,0,0,,,0,false,false
sh.515180,易方达中证红利ETF,equity,L,2019-12-20,,2019-12-20,2024-12-31,1220,251,0.171683,969,1.0,0.171683,false,36920770.5,22516988.0,77.074,false,true,3,0,0,0,0,3,0.086519,false,false,0,0,,,0,false,false
sh.515190,中银证券中证500ETF,equity,L,2020-05-27,,2020-05-27,2024-12-31,1106,149,0.101915,957,0.987616,0.101915,false,51016.5,15756.0,3.251,true,false,10,0,0,0,0,10,0.100297,false,false,0,0,,,0,false,false
sh.515200,申万菱信中证研发创新100ETF,equity,L,2019-11-15,,2019-11-15,2024-12-31,1245,276,0.188782,969,1.0,0.188782,false,5046718.0,2870580.0,38.58,true,true,6,0,0,0,0,6,0.100174,false,false,0,0,,,0,false,false
sh.515210,国泰中证钢铁ETF,equity,L,2020-03-02,,2020-03-02,2024-12-31,1176,207,0.141587,969,1.0,0.141587,false,60753541.5,42385155.0,84.773,false,true,10,0,0,0,0,10,0.099772,false,false,0,0,,,0,false,false
sh.515220,国泰中证煤炭ETF,equity,L,2020-03-02,,2020-03-02,2024-12-31,1176,207,0.141587,969,1.0,0.141587,false,162290746.0,102393023.0,91.702,false,true,17,1,0,0,0,16,0.503446,true,true,0,0,,,0,false,false
sh.515230,国泰中证全指软件ETF,equity,L,2021-03-02,,2021-03-02,2024-12-31,933,0,0.0,933,0.962848,0.0,false,46649552.0,32551609.0,80.411,false,true,14,0,0,0,0,14,0.100478,false,false,0,0,,,0,false,false
sh.515250,富国中证智能汽车主题ETF,equity,L,2021-01-08,,2021-01-08,2024-12-31,965,0,0.0,965,0.995872,0.0,false,58723804.0,35062961.0,84.346,false,true,10,0,0,0,0,10,0.100496,false,false,0,0,,,0,false,false
sh.515260,华宝中证电子50ETF,equity,L,2020-07-31,,2020-07-31,2024-12-31,1073,104,0.071135,969,1.0,0.071135,false,14733229.0,10837477.0,62.532,true,true,3,0,0,0,0,3,0.100424,false,false,0,0,,,0,false,false
sh.515280,富国中证银行ETF,equity,D,2020-04-17,2024-09-25,2020-04-17,2024-08-09,1048,174,0.119015,874,0.901961,0.119015,false,13709629.0,9216782.0,61.334,true,true,1,0,0,0,0,1,0.099907,false,false,0,0,,,0,false,false
sh.515290,天弘中证银行ETF,equity,L,2020-12-28,,2020-12-28,2024-12-31,973,4,0.002736,969,1.0,0.002736,false,64267760.0,51782247.0,85.03,false,true,1,0,0,0,0,1,0.075862,false,false,0,0,,,0,false,false
sh.515300,嘉实沪深300红利低波动ETF,equity,L,2019-09-19,,2019-09-19,2024-12-31,1281,312,0.213406,969,1.0,0.213406,false,3779033.0,1317120.0,32.849,true,true,3,0,0,0,0,3,0.100298,false,false,0,0,,,0,false,false
sh.515310,汇添富沪深300ETF,equity,L,2019-12-25,,2019-12-25,2024-12-31,1217,248,0.169631,969,1.0,0.169631,false,3746169.0,1398679.0,32.763,true,true,8,0,0,0,0,8,0.099817,false,false,0,0,,,0,false,false
sh.515320,华安中证电子50ETF,equity,L,2021-01-08,,2021-01-08,2024-12-31,965,0,0.0,965,0.995872,0.0,false,21139303.0,15422713.0,68.52,false,true,3,0,0,0,0,3,0.100752,false,false,0,0,,,0,false,false
sh.515330,天弘沪深300ETF,equity,L,2019-12-26,,2019-12-26,2024-12-31,1216,247,0.168947,969,1.0,0.168947,false,10988866.5,5369301.0,55.86,true,true,5,0,0,0,0,5,0.100239,false,false,0,0,,,0,false,false
sh.515350,民生加银沪深300ETF,equity,L,2020-02-07,,2020-02-07,2024-12-31,1192,223,0.152531,969,1.0,0.152531,false,10950149.0,5660014.0,55.689,true,true,3,0,0,0,0,3,0.071883,false,false,0,0,,,0,false,false
sh.515360,方正富邦沪深300ETF,equity,L,2019-11-01,,2019-11-01,2024-12-31,1251,283,0.19357,968,0.998968,0.19357,false,346966.0,102304.0,10.778,true,false,5,0,0,0,0,5,0.099395,false,false,0,0,,,0,false,false
sh.515380,泰康沪深300ETF,equity,L,2020-03-23,,2020-03-23,2024-12-31,1161,192,0.131327,969,1.0,0.131327,false,102105069.0,81725138.0,89.393,false,true,4,0,0,0,0,4,0.100119,false,false,0,0,,,0,false,false
sh.515390,华安沪深300ETF,equity,L,2020-01-10,,2020-01-10,2024-12-31,1206,237,0.162107,969,1.0,0.162107,false,24830712.5,17943133.0,70.915,false,true,5,0,0,0,0,5,0.099605,false,false,0,0,,,0,false,false
sh.515400,富国中证大数据产业ETF,equity,L,2021-01-20,,2021-01-20,2024-12-31,957,0,0.0,957,0.987616,0.0,false,32189991.0,13995258.0,74.936,false,true,12,0,0,0,0,12,0.100279,false,false,0,0,,,0,false,false
sh.515450,南方标普中国A股大盘红利低波50ETF,equity,L,2020-02-26,,2020-02-26,2024-12-31,1179,210,0.143639,969,1.0,0.143639,false,25711530.0,16169356.0,71.6,false,true,4,0,1,0,0,3,0.107634,false,false,0,0,,,0,false,false
sh.515500,海富通中证长三角领先ETF,equity,D,2020-09-18,2023-04-10,2020-09-18,2023-01-31,562,69,0.047196,493,0.508772,0.047196,false,1430893.5,281365.0,19.846,true,false,0,0,0,0,0,0,0.0,false,false,0,0,,,0,false,false
sh.515510,嘉实中证500成长估值ETF,equity,D,2020-05-06,2023-05-08,2020-05-06,2023-01-30,653,164,0.112175,489,0.504644,0.112175,false,134309.0,28308.0,6.501,true,false,1,0,0,0,0,1,0.072414,false,false,0,0,,,0,false,false
sh.515520,大成MSCI中国A股质优价值100ETF,equity,D,2019-11-18,2023-06-13,2019-11-18,2023-05-05,798,275,0.188098,523,0.539732,0.188098,false,185469.5,27648.0,7.956,true,false,1,0,0,0,0,1,0.093439,false,false,0,0,,,0,false,false
sh.515530,泰康中证500ETF,equity,L,2020-11-09,,2020-11-09,2024-12-31,1008,39,0.026676,969,1.0,0.026676,false,9946805.5,7752577.0,52.438,true,true,7,0,0,0,0,7,0.100036,false,false,0,0,,,0,false,false
sh.515550,国联中证500ETF,equity,L,2019-12-25,,2019-12-25,2024-12-31,1202,247,0.168947,955,0.985552,0.168947,false,64142.0,18647.0,4.192,true,false,15,0,0,0,0,15,0.100094,false,false,0,0,,,0,false,false
sh.515560,建信中证全指证券公司ETF,equity,L,2020-07-20,,2020-07-20,2024-12-31,1082,113,0.077291,969,1.0,0.077291,false,11231966.0,6486393.0,56.373,true,true,12,0,0,0,0,12,0.100442,false,false,0,0,,,0,false,false
sh.515570,山西证券中证红利潜力ETF,equity,D,2020-04-09,2023-12-18,2020-04-09,2023-11-13,870,180,0.123119,690,0.712074,0.123119,false,208250.0,39809.0,8.554,true,false,2,0,0,0,0,2,0.066787,false,false,0,0,,,0,false,false
sh.515580,华泰柏瑞中证科技100ETF,equity,L,2019-10-28,,2019-10-28,2024-12-31,1258,290,0.198358,968,0.998968,0.198358,false,15210482.0,12496476.0,63.559,true,true,6,1,0,0,0,5,0.487179,false,true,0,0,,,0,false,false
sh.515590,前海开源中证500等权重ETF,equity,L,2020-01-20,,2020-01-20,2024-12-31,1199,231,0.158003,968,0.998968,0.158003,false,524021.0,174044.0,12.917,true,false,8,0,0,0,0,8,0.100382,false,false,0,0,,,0,false,false
sh.515600,广发中证央企创新驱动ETF,equity,L,2019-12-18,,2019-12-18,2024-12-31,1219,252,0.172367,967,0.997936,0.172367,false,4195117.0,413179.0,35.073,true,true,5,0,0,0,0,5,0.099781,false,false,0,0,,,0,false,false
sh.515610,中银中证800ETF,equity,D,2020-08-18,2022-09-30,2020-08-18,2022-08-04,471,92,0.062927,379,0.391125,0.062927,false,258835.0,68195.0,9.324,true,false,0,0,0,0,0,0,0.0,false,false,0,0,,,0,false,false
sh.515620,建信中证800ETF,equity,D,2020-05-25,2021-06-08,2020-05-25,2021-04-02,210,151,0.103283,59,0.060888,0.060888,false,508252.5,153538.0,12.746,true,false,1,0,0,0,0,1,0.071481,false,false,0,0,,,0,false,false
sh.515630,鹏华中证800证券保险ETF,equity,L,2020-04-03,,2020-04-03,2024-12-31,1152,183,0.125171,969,1.0,0.125171,false,9338174.5,6811752.0,51.583,true,true,14,0,0,0,0,14,0.100372,false,false,0,0,,,0,false,false
sh.515650,富国中证消费50ETF,equity,L,2019-11-11,,2019-11-11,2024-12-31,1249,280,0.191518,969,1.0,0.191518,false,51716099.0,37752732.0,82.378,false,true,5,0,0,0,0,5,0.1,false,false,0,0,,,0,false,false
sh.515660,国联安沪深300ETF,equity,L,2019-12-24,,2019-12-24,2024-12-31,1218,249,0.170315,969,1.0,0.170315,false,510700.0,167619.0,12.831,true,false,5,0,0,0,0,5,0.099773,false,false,0,0,,,0,false,false
sh.515670,中银中证100ETF,equity,D,2020-05-20,2024-06-28,2020-05-20,2024-04-08,929,150,0.102599,779,0.803922,0.102599,false,1519706.0,82334.0,20.359,true,false,1,0,0,0,0,1,0.100177,false,false,0,0,,,0,false,false
sh.515680,嘉实中证央企创新驱动ETF,equity,L,2019-12-18,,2019-12-18,2024-12-31,1220,253,0.173051,967,0.997936,0.173051,false,4871930.5,438183.0,37.725,true,true,5,0,0,0,0,5,0.099678,false,false,0,0,,,0,false,false
sh.515690,鹏华中证高股息龙头ETF,equity,D,2020-05-13,2022-04-26,2020-05-13,2022-03-10,445,159,0.108755,286,0.29515,0.108755,false,652508.0,279853.0,14.628,true,false,1,0,0,0,0,1,0.064659,false,false,0,0,,,0,false,false
sh.515700,平安中证新能源汽车产业ETF,equity,L,2020-02-10,,2020-02-10,2024-12-31,1191,222,0.151847,969,1.0,0.151847,false,179363884.0,118207291.0,92.13,false,true,24,0,0,0,0,24,0.100189,false,false,0,0,,,0,false,false
sh.515710,华宝中证细分食品饮料产业主题ETF,equity,L,2021-01-07,,2021-01-07,2024-12-31,966,0,0.0,966,0.996904,0.0,false,32027268.5,20776281.0,74.765,false,true,7,0,0,0,0,7,0.100559,false,false,0,0,,,0,false,false
sh.515750,富国中证科技50策略ETF,equity,L,2019-12-06,,2019-12-06,2024-12-31,1230,261,0.178523,969,1.0,0.178523,false,22130319.5,14687379.0,69.29,false,true,7,0,0,0,0,7,0.100362,false,false,0,0,,,0,false,false
sh.515760,华夏中证浙江国资创新发展ETF,equity,L,2020-10-12,,2020-10-12,2024-12-31,1028,59,0.040356,969,1.0,0.040356,false,780294.0,216708.0,16.082,true,false,3,0,0,0,0,3,0.098618,false,false,0,0,,,0,false,false
sh.515770,摩根MSCI中国A股ETF,equity,L,2020-06-19,,2020-06-19,2024-12-31,1101,132,0.090287,969,1.0,0.090287,false,15083353.0,11089506.0,63.388,true,true,6,0,0,0,0,6,0.097696,false,false,0,0,,,0,false,false
sh.515780,浦银安盛MSCI中国A股ETF,equity,D,2020-05-29,2025-05-30,2020-05-29,2024-12-31,1069,147,0.100547,922,0.951496,0.100547,false,7637774.0,704348.0,47.391,true,true,1,0,0,0,0,1,0.100083,false,false,0,0,,,0,false,false
sh.515790,华泰柏瑞中证光伏产业ETF,equity,L,2020-12-18,,2020-12-18,2024-12-31,979,10,0.00684,969,1.0,0.00684,false,587048401.0,385818231.0,96.236,false,true,20,0,0,0,0,20,0.100671,false,false,0,0,,,0,false,false
sh.515800,汇添富中证800ETF,equity,L,2019-12-16,,2019-12-16,2024-12-31,1224,255,0.174419,969,1.0,0.174419,false,43741599.0,33906218.0,79.213,false,true,6,0,1,0,0,5,0.113118,false,false,0,0,,,0,false,false
sh.515810,易方达中证800ETF,equity,L,2019-10-25,,2019-10-25,2024-12-31,1260,291,0.199042,969,1.0,0.199042,false,8008515.0,4560923.0,48.503,true,true,4,0,0,0,0,4,0.100251,false,false,0,0,,,0,false,false
sh.515820,富国中证800ETF,equity,D,2020-05-29,2023-03-22,2020-05-29,2022-09-28,568,147,0.100547,421,0.434469,0.100547,false,431925.0,55660.0,11.805,true,false,1,0,0,0,0,1,0.060198,false,false,0,0,,,0,false,false
sh.515830,工银瑞信中证800ETF,equity,D,2020-07-17,2022-06-15,2020-07-17,2022-03-30,378,114,0.077975,264,0.272446,0.077975,false,223080.0,44132.0,8.811,true,false,1,0,0,0,0,1,0.071135,false,false,0,0,,,0,false,false
sh.515850,富国中证全指证券公司ETF,equity,L,2020-02-21,,2020-02-21,2024-12-31,1182,213,0.145691,969,1.0,0.145691,false,13606274.0,8757985.0,61.078,true,true,19,0,0,0,0,19,0.100369,false,false,0,0,,,0,false,false
sh.515860,嘉实中证新兴科技100策略ETF,equity,L,2019-10-22,,2019-10-22,2024-12-31,1263,294,0.201094,969,1.0,0.201094,false,3892008.0,2166217.0,33.79,true,true,7,0,0,0,0,7,0.100174,false,false,0,0,,,0,false,false
sh.515870,嘉实中证先进制造100策略ETF,equity,D,2020-01-17,2023-03-16,2020-01-17,2023-01-16,727,232,0.158687,495,0.510836,0.158687,false,3620456.0,1531511.0,32.25,true,true,3,0,0,0,0,3,0.1001,false,false,0,0,,,0,false,false
sh.515880,国泰中证全指通信设备ETF,equity,L,2019-09-06,,2019-09-06,2024-12-31,1289,320,0.218878,969,1.0,0.218878,false,100913384.0,52879861.0,89.136,false,true,17,0,0,0,0,17,0.100264,false,false,0,0,,,0,false,false
sh.515890,博时中证红利ETF,equity,L,2020-04-20,,2020-04-20,2024-12-31,1142,173,0.118331,969,1.0,0.118331,false,10098870.5,4846098.0,52.866,true,true,2,0,0,0,0,2,0.075,false,false,0,0,,,0,false,false
sh.515900,博时中证央企创新驱动ETF,equity,L,2019-12-18,,2019-12-18,2024-12-31,1222,253,0.173051,969,1.0,0.173051,false,21311839.0,2996465.0,68.691,false,true,3,0,0,0,0,3,0.100423,false,false,0,0,,,0,false,false
sh.515910,中金MSCI中国A股国际质量ETF,equity,L,2021-02-26,,2021-02-26,2024-12-31,935,0,0.0,935,0.964912,0.0,false,11939960.0,7842061.0,58.426,true,true,4,0,0,0,0,4,0.100806,false,false,0,0,,,0,false,false
sh.515920,博时中证智能消费主题ETF,equity,L,2021-01-20,,2021-01-20,2024-12-31,957,0,0.0,957,0.987616,0.0,false,7985269.0,4758858.0,48.417,true,true,3,0,0,0,0,3,0.099859,false,false,0,0,,,0,false,false
sh.515930,永赢沪深300ETF,equity,D,2020-05-08,2023-07-31,2020-05-08,2023-06-09,751,162,0.110807,589,0.607843,0.110807,false,1197750.0,195783.0,18.392,true,false,3,0,0,0,0,3,0.077274,false,false,0,0,,,0,false,false
sh.515950,富国中证医药50ETF,equity,L,2020-04-01,,2020-04-01,2024-12-31,1154,185,0.126539,969,1.0,0.126539,false,18442714.0,11445509.0,67.066,true,true,10,0,1,0,0,9,0.120451,false,false,0,0,,,0,false,false
sh.515960,嘉实中证医药健康100策略ETF,equity,L,2020-06-10,,2020-06-10,2024-12-31,1108,139,0.095075,969,1.0,0.095075,false,5267766.0,3119455.0,39.778,true,true,8,0,0,0,0,8,0.100141,false,false,0,0,,,0,false,false
sh.515980,华富中证人工智能产业ETF,equity,L,2020-02-10,,2020-02-10,2024-12-31,1191,222,0.151847,969,1.0,0.151847,false,19918066.0,7135457.0,67.836,true,true,8,0,0,0,0,8,0.100645,false,false,0,0,,,0,false,false
sh.515990,汇添富中证国企一带一路ETF,equity,L,2020-01-15,,2020-01-15,2024-12-31,1198,232,0.158687,966,0.996904,0.158687,false,306437.0,43666.0,10.265,true,false,6,0,0,0,0,6,0.08982,false,false,0,0,,,0,false,false
sh.516000,华夏中证大数据产业ETF,equity,L,2021-03-01,,2021-03-01,2024-12-31,934,0,0.0,934,0.96388,0.0,false,2780495.5,1086047.0,27.802,true,true,11,0,0,0,0,11,0.100264,false,false,0,0,,,0,false,false
sh.516010,国泰中证动漫游戏ETF,equity,L,2021-03-05,,2021-03-05,2024-12-31,930,0,0.0,930,0.959752,0.0,false,63088007.5,39328266.0,84.944,false,true,36,0,0,0,0,36,0.100414,false,false,0,0,,,0,false,false
sh.516020,华宝中证细分化工产业主题ETF,equity,L,2021-03-08,,2021-03-08,2024-12-31,929,0,0.0,929,0.95872,0.0,false,20511771.0,15410922.0,68.092,false,true,4,0,0,0,0,4,0.100334,false,false,0,0,,,0,false,false
sh.516050,工银瑞信中证科技龙头ETF,equity,L,2021-02-05,,2021-02-05,2024-12-31,945,0,0.0,945,0.975232,0.0,false,16719730.0,9659143.0,65.269,true,true,4,0,0,0,0,4,0.1008,false,false,0,0,,,0,false,false
sh.516060,工银瑞信中证创新药产业ETF,equity,L,2021-03-01,,2021-03-01,2024-12-31,934,0,0.0,934,0.96388,0.0,false,3995271.5,2309469.0,34.645,true,true,5,0,0,0,0,5,0.100394,false,false,0,0,,,0,false,false
sh.516070,易方达中证内地低碳经济主题ETF,equity,L,2021-04-23,,2021-04-23,2024-12-31,895,0,0.0,895,0.923633,0.0,false,21189500.0,13154181.0,68.606,false,true,7,1,0,0,0,6,0.47918,false,true,0,0,,,0,false,false
sh.516080,易方达中证创新药产业ETF,equity,L,2021-02-23,,2021-02-23,2024-12-31,938,0,0.0,938,0.968008,0.0,false,8644357.0,6223701.0,50.214,true,true,6,0,0,0,0,6,0.099808,false,false,0,0,,,0,false,false
sh.516090,易方达中证新能源ETF,equity,L,2021-03-19,,2021-03-19,2024-12-31,919,0,0.0,919,0.9484,0.0,false,30812935.0,22039652.0,74.08,false,true,14,1,0,0,0,13,0.485235,false,true,0,0,,,0,false,false
sh.516100,华夏中证金融科技主题ETF,equity,L,2021-07-23,,2021-07-23,2024-12-31,835,0,0.0,835,0.861713,0.0,false,1852702.0,948482.0,22.156,true,false,19,0,0,0,0,19,0.100484,false,false,0,0,,,0,false,false
sh.516110,国泰中证800汽车与零部件ETF,equity,L,2021-05-07,,2021-05-07,2024-12-31,889,0,0.0,889,0.917441,0.0,false,61616200.0,36593910.0,84.859,false,true,8,0,0,0,0,8,0.08213,false,false,0,0,,,0,false,false
sh.516120,富国中证细分化工产业主题ETF,equity,L,2021-03-09,,2021-03-09,2024-12-31,928,0,0.0,928,0.957688,0.0,false,18247218.5,13606762.0,66.895,true,true,4,0,0,0,0,4,0.099502,false,false,0,0,,,0,false,false
sh.516130,华宝中证消费龙头ETF,equity,L,2021-10-13,,2021-10-13,2024-12-31,784,0,0.0,784,0.809082,0.0,false,5046181.0,3786816.0,38.494,true,true,4,0,0,0,0,4,0.096961,false,false,0,0,,,0,false,false
sh.516150,嘉实中证稀土产业ETF,equity,L,2021-03-17,,2021-03-17,2024-12-31,922,0,0.0,922,0.951496,0.0,false,58443109.0,34960736.0,84.26,false,true,12,0,0,0,0,12,0.100223,false,false,0,0,,,0,false,false
sh.516160,南方中证新能源ETF,equity,L,2021-02-04,,2021-02-04,2024-12-31,946,0,0.0,946,0.976264,0.0,false,159531203.0,117833499.0,91.617,false,true,15,1,0,0,0,14,2.21328,true,true,0,0,,,0,false,false
sh.516180,平安中证光伏产业ETF,equity,L,2021-03-03,,2021-03-03,2024-12-31,932,0,0.0,932,0.961816,0.0,false,10115363.5,6299160.0,52.951,true,true,15,0,0,0,0,15,0.1,false,false,0,0,,,0,false,false
sh.516190,华夏中证文娱传媒ETF,equity,L,2021-09-17,,2021-09-17,2024-12-31,795,0,0.0,795,0.820433,0.0,false,1752053.0,704367.0,21.728,true,false,9,0,0,0,0,9,0.100242,false,false,0,0,,,0,false,false
sh.516200,华安中证全指证券公司ETF,equity,L,2021-03-22,,2021-03-22,2024-12-31,919,0,0.0,919,0.9484,0.0,false,6870380.0,4387974.0,44.91,true,true,11,0,0,0,0,11,0.1,false,false,0,0,,,0,false,false
sh.516210,华安中证银行ETF,equity,L,2021-09-24,,2021-09-24,2024-12-31,792,0,0.0,792,0.817337,0.0,false,8559811.0,7390460.0,50.043,true,true,2,0,0,0,0,2,0.078947,false,false,0,0,,,0,false,false
sh.516220,国泰中证细分化工产业主题ETF,equity,L,2021-03-10,,2021-03-10,2024-12-31,927,0,0.0,927,0.956656,0.0,false,28420290.0,24119815.0,73.311,false,true,3,0,0,0,0,3,0.094637,false,false,0,0,,,0,false,false
sh.516260,华夏中证物联网主题ETF,equity,L,2021-08-02,,2021-08-02,2024-12-31,829,0,0.0,829,0.855521,0.0,false,676372.0,342152.0,14.97,true,false,4,0,0,0,0,4,0.099861,false,false,0,0,,,0,false,false
sh.516270,华安中证内地新能源主题ETF,equity,L,2021-07-23,,2021-07-23,2024-12-31,835,0,0.0,835,0.861713,0.0,false,10601024.0,8238420.0,54.405,true,true,10,0,0,0,0,10,0.101149,false,false,0,0,,,0,false,false
sh.516290,汇添富中证光伏产业ETF,equity,L,2021-08-23,,2021-08-23,2024-12-31,814,0,0.0,814,0.840041,0.0,false,8975766.5,5656077.0,50.984,true,true,13,0,0,0,0,13,0.101099,false,false,0,0,,,0,false,false
sh.516300,华泰柏瑞中证1000ETF,equity,L,2021-03-24,,2021-03-24,2024-12-31,917,0,0.0,917,0.946336,0.0,false,16182318.0,9739727.0,64.671,true,true,6,1,0,0,0,5,1.406931,true,true,0,0,,,0,false,false
sh.516310,易方达中证银行ETF,equity,L,2021-05-28,,2021-05-28,2024-12-31,874,0,0.0,874,0.901961,0.0,false,15736100.5,12313663.0,64.243,true,true,2,0,0,0,0,2,0.06599,false,false,0,0,,,0,false,false
sh.516320,华夏中证装备产业ETF,equity,L,2021-06-08,,2021-06-08,2024-12-31,867,0,0.0,867,0.894737,0.0,false,3262891.0,2032605.0,29.855,true,true,5,0,0,0,0,5,0.100132,false,false,0,0,,,0,false,false
sh.516330,华泰柏瑞中证物联网主题ETF,equity,L,2021-04-09,,2021-04-09,2024-12-31,906,0,0.0,906,0.934985,0.0,false,1242697.5,505305.0,18.734,true,false,5,0,0,0,0,5,0.1,false,false,0,0,,,0,false,false
sh.516350,易方达中证芯片产业ETF,equity,L,2021-12-23,,2021-12-23,2024-12-31,733,0,0.0,733,0.75645,0.0,false,10499341.0,7509900.0,53.978,true,true,14,0,0,0,0,14,0.100699,false,false,0,0,,,0,false,false
sh.516360,华宝中证新材料主题ETF,equity,L,2021-05-13,,2021-05-13,2024-12-31,885,0,0.0,885,0.913313,0.0,false,5858400.0,3956856.0,41.574,true,true,7,0,0,0,0,7,0.100619,false,false,0,0,,,0,false,false
sh.516380,华宝中证智能电动汽车ETF,equity,L,2021-06-18,,2021-06-18,2024-12-31,860,0,0.0,860,0.887513,0.0,false,1795876.0,877863.0,21.899,true,false,9,0,0,0,0,9,0.10068,false,false,0,0,,,0,false,false
sh.516390,汇添富中证新能源汽车产业ETF,equity,L,2021-06-18,,2021-06-18,2024-12-31,860,0,0.0,860,0.887513,0.0,false,17474085.0,12336565.0,66.039,true,true,11,0,0,0,0,11,0.10084,false,false,0,0,,,0,false,false
sh.516400,富国中证ESG120策略ETF,equity,D,2021-07-01,2022-01-26,2021-07-01,2021-12-14,112,0,0.0,112,0.115583,0.0,false,677719.5,265148.0,15.056,true,false,0,0,0,0,0,0,0.0,false,false,0,0,,,0,false,false
sh.516480,国联安中证新材料主题ETF,equity,D,2021-06-11,2025-10-14,2021-06-11,2024-12-31,864,0,0.0,864,0.891641,0.0,false,453133.5,109380.0,12.062,true,false,5,0,0,0,0,5,0.100162,false,false,0,0,,,0,false,false
sh.516500,华夏中证生物科技主题ETF,equity,L,2021-03-17,,2021-03-17,2024-12-31,922,0,0.0,922,0.951496,0.0,false,3116087.5,1992666.0,29.427,true,true,4,0,0,0,0,4,0.100901,false,false,0,0,,,0,false,false
sh.516510,易方达中证云计算与大数据主题ETF,equity,L,2021-04-07,,2021-04-07,2024-12-31,908,0,0.0,908,0.937049,0.0,false,35458730.0,21770614.0,76.39,false,true,13,0,0,0,0,13,0.100462,false,false,0,0,,,0,false,false
sh.516520,华泰柏瑞中证智能汽车主题ETF,equity,L,2021-03-01,,2021-03-01,2024-12-31,934,0,0.0,934,0.96388,0.0,false,10071119.0,6674096.0,52.78,true,true,6,0,0,0,0,6,0.100524,false,false,0,0,,,0,false,false
sh.516530,银华中证现代物流ETF,equity,L,2022-01-17,,2022-01-17,2024-12-31,717,0,0.0,717,0.739938,0.0,false,2288697.0,1059799.0,25.406,true,true,3,0,0,0,0,3,0.086047,false,false,0,0,,,0,false,false
sh.516550,嘉实中证大农业ETF,equity,L,2021-04-08,,2021-04-08,2024-12-31,907,0,0.0,907,0.936017,0.0,false,8101275.0,5792781.0,48.931,true,true,2,0,0,0,0,2,0.099834,false,false,0,0,,,0,false,false
sh.516560,华宝中证养老产业ETF,equity,L,2021-09-16,,2021-09-16,2024-12-31,796,0,0.0,796,0.821465,0.0,false,2059714.0,1459654.0,23.61,true,false,3,0,0,0,0,3,0.099863,false,false,0,0,,,0,false,false
sh.516570,易方达中证石化产业ETF,equity,L,2021-06-18,,2021-06-18,2024-12-31,860,0,0.0,860,0.887513,0.0,false,5395178.5,2321484.0,40.205,true,true,4,0,0,0,0,4,0.100457,false,false,0,0,,,0,false,false
sh.516580,博时中证新能源ETF,equity,L,2021-07-26,,2021-07-26,2024-12-31,834,0,0.0,834,0.860681,0.0,false,8098545.5,5670957.0,48.845,true,true,10,0,0,0,0,10,0.100823,false,false,0,0,,,0,false,false
sh.516590,易方达中证智能电动汽车ETF,equity,L,2021-05-12,,2021-05-12,2024-12-31,886,0,0.0,886,0.914345,0.0,false,14005302.0,8843254.0,61.848,true,true,6,0,0,0,0,6,0.100239,false,false,0,0,,,0,false,false
sh.516600,工银瑞信中证消费服务领先ETF,equity,L,2021-02-26,,2021-02-26,2024-12-31,935,0,0.0,935,0.964912,0.0,false,3935829.0,2301051.0,34.132,true,true,3,0,0,0,0,3,0.100826,false,false,0,0,,,0,false,false
sh.516610,大成中证全指医疗保健设备与服务ETF,equity,L,2021-05-13,,2021-05-13,2024-12-31,885,0,0.0,885,0.913313,0.0,false,6463550.0,4150251.0,43.627,true,true,7,0,0,0,0,7,0.100457,false,false,0,0,,,0,false,false
sh.516620,国泰中证影视主题ETF,equity,L,2021-11-05,,2021-11-05,2024-12-31,767,0,0.0,767,0.791538,0.0,false,12744266.0,8923055.0,59.709,true,true,13,0,0,0,0,13,0.100211,false,false,0,0,,,0,false,false
sh.516630,华夏中证云计算与大数据主题ETF,equity,L,2021-09-03,,2021-09-03,2024-12-31,805,0,0.0,805,0.830753,0.0,false,6497646.0,3640638.0,43.884,true,true,10,0,0,0,0,10,0.100216,false,false,0,0,,,0,false,false
sh.516640,富国中证芯片产业ETF,equity,L,2021-08-27,,2021-08-27,2024-12-31,810,0,0.0,810,0.835913,0.0,false,39823592.5,30225082.0,78.101,false,true,13,0,0,0,0,13,0.100189,false,false,0,0,,,0,false,false
sh.516650,华夏中证细分有色金属产业主题ETF,equity,L,2021-06-21,,2021-06-21,2024-12-31,859,0,0.0,859,0.886481,0.0,false,2858570.0,1499571.0,28.4,true,true,7,0,0,0,0,7,0.095027,false,false,0,0,,,0,false,false
sh.516660,华安中证新能源汽车ETF,equity,L,2021-02-26,,2021-02-26,2024-12-31,935,0,0.0,935,0.964912,0.0,false,27182643.0,8668244.0,72.284,false,true,13,0,0,0,0,13,0.1,false,false,0,0,,,0,false,false
sh.516670,招商中证畜牧养殖ETF,equity,L,2021-03-26,,2021-03-26,2024-12-31,915,0,0.0,915,0.944272,0.0,false,25202367.0,18269971.0,71.429,false,true,3,0,0,0,0,3,0.099338,false,false,0,0,,,0,false,false
sh.516680,建信中证细分有色金属产业主题ETF,equity,D,2021-03-08,2022-11-30,2021-03-08,2022-09-29,384,0,0.0,384,0.396285,0.0,false,2236594.0,831915.0,25.15,true,true,5,0,0,0,0,5,0.073563,false,false,0,0,,,0,false,false
sh.516690,银华中证细分化工产业主题ETF,equity,D,2021-12-21,2024-08-27,2021-12-21,2024-06-06,595,0,0.0,595,0.614035,0.0,false,2378084.0,1442724.0,26.262,true,true,2,0,0,0,0,2,0.078788,false,false,0,0,,,0,false,false
sh.516700,华宝中证大数据产业ETF,equity,L,2021-05-19,,2021-05-19,2024-12-31,881,0,0.0,881,0.909185,0.0,false,2219778.0,1270442.0,24.979,true,false,9,0,0,0,0,9,0.100629,false,false,0,0,,,0,false,false
sh.516710,华夏中证新材料主题ETF,equity,L,2021-08-17,,2021-08-17,2024-12-31,818,0,0.0,818,0.844169,0.0,false,3124725.5,1819728.0,29.512,true,true,4,0,0,0,0,4,0.100223,false,false,0,0,,,0,false,false
sh.516720,浦银中证ESG120策略ETF,equity,L,2021-08-13,,2021-08-13,2024-12-31,820,0,0.0,820,0.846233,0.0,false,8519298.5,3754173.0,49.957,true,true,3,0,0,0,0,3,0.100244,false,false,0,0,,,0,false,false
sh.516730,浦银中证证券公司30ETF,equity,L,2021-11-12,,2021-11-12,2024-12-31,762,0,0.0,762,0.786378,0.0,false,11911684.5,6979506.0,58.34,true,true,7,0,0,0,0,7,0.100599,false,false,0,0,,,0,false,false
sh.516750,富国中证全指建筑材料ETF,equity,L,2021-11-05,,2021-11-05,2024-12-31,767,0,0.0,767,0.791538,0.0,false,19839986.0,13280607.0,67.665,true,true,6,0,0,0,0,6,0.099855,false,false,0,0,,,0,false,false
sh.516760,平安中证畜牧养殖ETF,equity,L,2021-03-12,,2021-03-12,2024-12-31,925,0,0.0,925,0.954592,0.0,false,5992205.0,3368487.0,42.258,true,true,3,0,0,0,0,3,0.097973,false,false,0,0,,,0,false,false
sh.516770,华泰柏瑞中证动漫游戏ETF,equity,L,2021-03-05,,2021-03-05,2024-12-31,930,0,0.0,930,0.959752,0.0,false,15772296.0,10580502.0,64.328,true,true,29,0,0,0,0,29,0.100346,false,false,0,0,,,0,false,false
sh.516780,华泰柏瑞中证稀土产业ETF,equity,L,2021-03-08,,2021-03-08,2024-12-31,929,0,0.0,929,0.95872,0.0,false,49708472.0,21844752.0,81.18,false,true,12,0,0,0,0,12,0.100233,false,false,0,0,,,0,false,false
sh.516790,华泰柏瑞中证全指医疗保健设备与服务ETF,equity,L,2021-08-23,,2021-08-23,2024-12-31,814,0,0.0,814,0.840041,0.0,false,4587232.0,2135003.0,36.784,true,true,7,0,0,0,0,7,0.100719,false,false,0,0,,,0,false,false
sh.516800,华宝中证智能制造主题ETF,equity,L,2021-02-19,,2021-02-19,2024-12-31,940,0,0.0,940,0.970072,0.0,false,5796183.0,4276204.0,41.488,true,true,5,0,0,0,0,5,0.1,false,false,0,0,,,0,false,false
sh.516810,华夏中证农业主题ETF,equity,L,2022-01-11,,2022-01-11,2024-12-31,721,0,0.0,721,0.744066,0.0,false,8071495.0,5034999.0,48.674,true,true,2,0,0,0,0,2,0.100775,false,false,0,0,,,0,false,false
sh.516820,平安中证医药及医疗器械创新ETF,equity,L,2021-07-01,,2021-07-01,2024-12-31,851,0,0.0,851,0.878225,0.0,false,27830498.0,21888424.0,73.054,false,true,8,0,0,0,0,8,0.101538,false,false,0,0,,,0,false,false
sh.516830,富国沪深300ESG基准ETF,equity,L,2021-07-05,,2021-07-05,2024-12-31,849,0,0.0,849,0.876161,0.0,false,8234301.0,6085219.0,49.273,true,true,3,0,0,0,0,3,0.091026,false,false,0,0,,,0,false,false
sh.516850,华夏中证新能源ETF,equity,L,2021-03-19,,2021-03-19,2024-12-31,920,0,0.0,920,0.949432,0.0,false,4265220.5,2792932.0,35.586,true,true,11,0,0,0,0,11,0.100575,false,false,0,0,,,0,false,false
sh.516860,博时中证金融科技主题ETF,equity,L,2021-10-11,,2021-10-11,2024-12-31,786,0,0.0,786,0.811146,0.0,false,10313705.5,7022342.0,53.464,true,true,21,0,0,0,0,21,0.100427,false,false,0,0,,,0,false,false
sh.516870,银华中证800汽车与零部件ETF,equity,D,2021-07-09,2022-01-26,2021-07-09,2021-11-04,78,0,0.0,78,0.080495,0.0,false,7546223.0,4621081.0,47.049,true,true,0,0,0,0,0,0,0.0,false,false,0,0,,,0,false,false
sh.516880,银华中证光伏产业ETF,equity,L,2021-01-18,,2021-01-18,2024-12-31,959,0,0.0,959,0.98968,0.0,false,36388500.0,23040853.0,76.903,false,true,15,0,0,0,0,15,0.099673,false,false,0,0,,,0,false,false
sh.516890,平安中证新材料主题ETF,equity,L,2021-07-28,,2021-07-28,2024-12-31,832,0,0.0,832,0.858617,0.0,false,2188713.0,986042.0,24.808,true,false,4,0,0,0,0,4,0.100775,false,false,0,0,,,0,false,false
sh.516900,华安中证申万食品饮料ETF,equity,L,2021-04-28,,2021-04-28,2024-12-31,892,0,0.0,892,0.920537,0.0,false,7791470.0,5708181.0,47.733,true,true,7,0,0,0,0,7,0.100334,false,false,0,0,,,0,false,false
sh.516910,富国中证现代物流ETF,equity,L,2021-06-11,,2021-06-11,2024-12-31,864,0,0.0,864,0.891641,0.0,false,21976067.5,16541030.0,69.204,false,true,3,0,0,0,0,3,0.091071,false,false,0,0,,,0,false,false
sh.516920,汇添富中证芯片产业ETF,equity,L,2021-08-16,,2021-08-16,2024-12-31,819,0,0.0,819,0.845201,0.0,false,9152905.0,6624066.0,51.24,true,true,13,0,0,0,0,13,0.100159,false,false,0,0,,,0,false,false
sh.516930,民生加银中证生物科技主题ETF,equity,L,2021-08-18,,2021-08-18,2024-12-31,817,0,0.0,817,0.843137,0.0,false,1935611.0,1000539.0,22.84,true,false,8,0,0,0,0,8,0.100592,false,false,0,0,,,0,false,false
sh.516950,银华中证基建ETF,equity,L,2021-05-14,,2021-05-14,2024-12-31,884,0,0.0,884,0.912281,0.0,false,54707676.0,29682837.0,83.148,false,true,5,0,0,0,0,5,0.099829,false,false,0,0,,,0,false,false
sh.516960,国泰中证细分机械设备产业主题ETF,equity,L,2021-05-07,,2021-05-07,2024-12-31,889,0,0.0,889,0.917441,0.0,false,12294032.0,2557823.0,58.854,true,true,7,0,0,0,0,7,0.100141,false,false,0,0,,,0,false,false
sh.516970,广发中证基建工程ETF,equity,L,2021-07-05,,2021-07-05,2024-12-31,849,0,0.0,849,0.876161,0.0,false,109192698.0,61146678.0,90.077,false,true,5,0,0,0,0,5,0.094542,false,false,0,0,,,0,false,false
sh.516980,华富中证证券公司先锋策略ETF,equity,L,2021-06-24,,2021-06-24,2024-12-31,853,0,0.0,853,0.880289,0.0,false,586311.0,256073.0,13.858,true,false,9,0,0,0,0,9,0.099908,false,false,0,0,,,0,false,false
sh.517000,银华中证沪港深500ETF,equity,L,2021-03-05,,2021-03-05,2024-12-31,930,0,0.0,930,0.959752,0.0,false,3881128.0,1592814.0,33.704,true,true,2,0,0,0,0,2,0.072559,false,false,0,0,,,0,false,false
sh.517010,易方达中证沪港深500ETF,equity,L,2021-08-12,,2021-08-12,2024-12-31,820,0,0.0,820,0.846233,0.0,false,935336.0,256442.0,17.194,true,false,3,0,0,0,0,3,0.100363,false,false,0,0,,,0,false,false
sh.517030,易方达中证沪港深300ETF,equity,L,2021-09-27,,2021-09-27,2024-12-31,790,0,0.0,790,0.815273,0.0,false,1028432.0,303988.0,17.707,true,false,3,0,0,0,0,3,0.099771,false,false,0,0,,,0,false,false
sh.517050,华泰柏瑞中证沪港深互联网ETF,equity,L,2021-02-08,,2021-02-08,2024-12-31,944,0,0.0,944,0.9742,0.0,false,8901944.5,5332943.0,50.642,true,true,7,0,0,0,0,7,0.100592,false,false,0,0,,,0,false,false
sh.517060,华宝中证沪港深500ETF,equity,D,2021-03-26,2022-11-11,2021-03-26,2022-02-16,215,0,0.0,215,0.221878,0.0,false,598423.0,212245.0,14.371,true,false,0,0,0,0,0,0,0.0,false,false,0,0,,,0,false,false
sh.517080,汇添富中证沪港深500ETF,equity,L,2021-02-22,,2021-02-22,2024-12-31,939,0,0.0,939,0.96904,0.0,false,6482102.0,3630706.0,43.713,true,true,2,0,0,0,0,2,0.073107,false,false,0,0,,,0,false,false
sh.517090,国泰富时中国国企开放共赢ETF,equity,L,2021-12-28,,2021-12-28,2024-12-31,730,0,0.0,730,0.753354,0.0,false,10978869.5,4285656.0,55.774,true,true,7,0,0,0,0,7,0.081989,false,false,0,0,,,0,false,false
sh.517100,富国中证沪港深500ETF,equity,L,2021-03-02,,2021-03-02,2024-12-31,933,0,0.0,933,0.962848,0.0,false,2579747.0,1344175.0,27.288,true,true,1,0,0,0,0,1,0.083113,false,false,0,0,,,0,false,false
sh.517110,国泰中证沪港深创新药产业ETF,equity,L,2021-09-30,,2021-09-30,2024-12-31,788,0,0.0,788,0.813209,0.0,false,7245459.5,2423189.0,46.193,true,true,5,0,0,0,0,5,0.1,false,false,0,0,,,0,false,false
sh.517120,华泰柏瑞中证沪港深创新药产业ETF,equity,L,2021-07-19,,2021-07-19,2024-12-31,839,0,0.0,839,0.865841,0.0,false,7977654.0,5378927.0,48.332,true,true,6,0,0,0,0,6,0.10084,false,false,0,0,,,0,false,false
sh.517160,南方中证长江保护主题ETF,equity,L,2022-01-05,,2022-01-05,2024-12-31,723,0,0.0,723,0.74613,0.0,false,893400.0,374903.0,16.681,true,false,3,0,0,0,0,3,0.100309,false,false,0,0,,,0,false,false
sh.517170,华夏中证沪港深500ETF,equity,L,2021-04-20,,2021-04-20,2024-12-31,891,0,0.0,891,0.919505,0.0,false,491710.0,69854.0,12.575,true,false,2,0,0,0,0,2,0.099744,false,false,0,0,,,0,false,false
sh.517180,南方富时中国国企开放共赢ETF,equity,L,2021-12-28,,2021-12-28,2024-12-31,730,0,0.0,730,0.753354,0.0,false,30214443.5,5821390.0,73.909,false,true,5,0,0,0,0,5,0.083072,false,false,0,0,,,0,false,false
sh.517200,嘉实中证沪港深互联网ETF,equity,L,2021-02-08,,2021-02-08,2024-12-31,944,0,0.0,944,0.9742,0.0,false,3180745.5,1839429.0,29.598,true,true,10,0,0,0,0,10,0.100365,false,false,0,0,,,0,false,false
sh.517270,浦银安盛中证沪港深科技龙头ETF,equity,D,2022-01-12,2024-05-20,2022-01-12,2024-03-01,514,0,0.0,514,0.530444,0.0,false,1897026.0,572238.0,22.412,true,false,4,0,0,0,0,4,0.092,false,false,0,0,,,0,false,false
sh.517280,天弘中证沪港深线上消费主题ETF,equity,D,2021-12-03,2024-08-26,2021-12-03,2024-07-05,627,0,0.0,627,0.647059,0.0,false,13779410.0,8917545.0,61.506,true,true,5,0,0,0,0,5,0.099855,false,false,0,0,,,0,false,false
sh.517300,国寿安保中证沪港深300ETF,equity,L,2021-02-24,,2021-02-24,2024-12-31,937,0,0.0,937,0.966976,0.0,false,2255869.0,1170781.0,25.321,true,true,2,0,0,0,0,2,0.092798,false,false,0,0,,,0,false,false
sh.517330,易方达中证长江保护主题ETF,equity,L,2022-01-05,,2022-01-05,2024-12-31,722,0,0.0,722,0.745098,0.0,false,586670.5,145361.0,13.944,true,false,2,0,0,0,0,2,0.09816,false,false,0,0,,,0,false,false
sh.517350,广发中证沪港深科技龙头ETF,equity,L,2021-06-03,,2021-06-03,2024-12-31,870,0,0.0,870,0.897833,0.0,false,1121427.5,649642.0,18.05,true,false,5,0,0,0,0,5,0.100324,false,false,0,0,,,0,false,false
sh.517360,华安中证沪港深科技100ETF,equity,L,2021-07-05,,2021-07-05,2024-12-31,849,0,0.0,849,0.876161,0.0,false,1535852.0,888184.0,20.53,true,false,4,0,0,0,0,4,0.097701,false,false,0,0,,,0,false,false
sh.517380,天弘恒生沪深港创新药精选50ETF,cross_border,L,2021-08-09,,2021-08-09,2024-12-31,824,0,0.0,824,0.850361,0.0,false,6821014.0,4477515.0,44.739,true,true,8,0,0,0,0,8,0.1002,false,false,0,0,,,0,false,false
sh.517390,天弘中证沪港深云计算产业ETF,equity,L,2021-12-23,,2021-12-23,2024-12-31,733,0,0.0,733,0.75645,0.0,false,4763800.0,2877469.0,37.382,true,true,4,0,0,0,0,4,0.099773,false,false,0,0,,,0,false,false
sh.517400,国泰中证沪深港黄金产业股票ETF,equity,L,2024-05-08,,2024-05-08,2024-12-31,162,0,0.0,162,0.167183,0.0,false,5889365.5,4171756.0,41.745,true,true,2,0,0,0,0,2,0.077004,false,false,0,0,,,0,false,false
sh.517500,国泰中证沪港深动漫游戏ETF,equity,D,2022-03-15,2023-12-21,2022-03-15,2023-11-13,405,0,0.0,405,0.417957,0.0,false,2612464.0,1543978.0,27.459,true,true,10,0,0,0,0,10,0.089172,false,false,0,0,,,0,false,false
sh.517520,永赢中证沪深港黄金产业股票ETF,equity,L,2023-11-01,,2023-11-01,2024-12-31,285,0,0.0,285,0.294118,0.0,false,60037660.0,20149372.0,84.688,false,true,3,0,0,0,0,3,0.076677,false,false,0,0,,,0,false,false
sh.517550,招商中证沪港深消费龙头ETF,equity,L,2022-02-08,,2022-02-08,2024-12-31,706,0,0.0,706,0.728586,0.0,false,2069602.0,811848.0,23.781,true,false,7,0,0,0,0,7,0.1,false,false,0,0,,,0,false,false
sh.517660,天弘中证沪港深物联网主题ETF,equity,L,2021-10-25,,2021-10-25,2024-12-31,776,0,0.0,776,0.800826,0.0,false,7288948.5,4530654.0,46.364,true,true,3,0,0,0,0,3,0.092571,false,false,0,0,,,0,false,false
sh.517760,浦银安盛中证沪港深消费龙头ETF,equity,D,2022-04-19,2024-05-29,2022-04-19,2024-03-22,465,0,0.0,465,0.479876,0.0,false,715892.0,92764.0,15.483,true,false,2,0,0,0,0,2,0.078554,false,false,0,0,,,0,false,false
sh.517770,浦银中证沪港深游戏及文化传媒ETF,equity,L,2021-12-03,,2021-12-03,2024-12-31,747,0,0.0,747,0.770898,0.0,false,2196226.0,1180053.0,24.893,true,false,10,0,0,0,0,10,0.100496,false,false,0,0,,,0,false,false
sh.517780,浦银安盛中华交易服务沪深港300ETF,equity,D,2022-03-18,2023-11-14,2022-03-18,2023-01-20,204,0,0.0,204,0.210526,0.0,false,86486.5,10268.0,5.304,true,false,0,0,0,0,0,0,0.0,false,false,0,0,,,0,false,false
sh.517800,方正富邦中证沪港深人工智能50ETF,equity,L,2021-08-26,,2021-08-26,2024-12-31,811,0,0.0,811,0.836945,0.0,false,1277538.0,493080.0,19.076,true,false,6,0,0,0,0,6,0.100464,false,false,0,0,,,0,false,false
sh.517850,汇添富中证沪港深张江自主创新50ETF,equity,L,2022-05-16,,2022-05-16,2024-12-31,642,0,0.0,642,0.662539,0.0,false,1971689.5,555270.0,23.097,true,false,5,0,0,0,0,5,0.100413,false,false,0,0,,,0,false,false
sh.517880,华泰柏瑞中证沪港深品牌消费50ETF,equity,L,2021-12-01,,2021-12-01,2024-12-31,749,0,0.0,749,0.772962,0.0,false,6021009.0,4752886.0,42.686,true,true,5,0,0,0,0,5,0.098174,false,false,0,0,,,0,false,false
sh.517900,招商中证银行AH价格优选ETF,equity,L,2022-03-25,,2022-03-25,2024-12-31,673,0,0.0,673,0.69453,0.0,false,468524.0,174090.0,12.233,true,false,2,0,0,0,0,2,0.069391,false,false,0,0,,,0,false,false
sh.517960,摩根中证沪港深科技100ETF,equity,D,2021-12-23,2024-09-04,2021-12-23,2024-07-02,606,0,0.0,606,0.625387,0.0,false,1022571.5,215659.0,17.622,true,false,0,0,0,0,0,0,0.0,false,false,0,0,,,0,false,false
sh.517990,招商中证沪港深500医药卫生ETF,equity,L,2022-05-19,,2022-05-19,2024-12-31,639,0,0.0,639,0.659443,0.0,false,1270998.0,553292.0,18.991,true,false,6,0,0,0,0,6,0.100671,false,false,0,0,,,0,false,false
sh.518600,广发上海金ETF,commodity,L,2020-08-05,,2020-08-05,2024-12-31,1070,101,0.069083,969,1.0,0.069083,false,3301643.0,1512604.0,29.94,true,true,0,0,0,0,0,0,0.0,false,false,0,0,,,0,false,false
sh.518660,工银瑞信黄金ETF,commodity,L,2020-05-29,,2020-05-29,2024-12-31,1116,147,0.100547,969,1.0,0.100547,false,4234646.5,2147000.0,35.5,true,true,1,0,0,0,0,1,0.063312,false,false,0,0,,,0,false,false
sh.518680,富国上海金ETF,commodity,L,2020-07-28,,2020-07-28,2024-12-31,1076,107,0.073187,969,1.0,0.073187,false,11667709.5,4735009.0,57.827,true,true,0,0,0,0,0,0,0.0,false,false,0,0,,,0,false,false
sh.518800,国泰黄金ETF,commodity,L,2013-07-29,,2015-01-05,2024-12-31,2431,1462,1.0,969,1.0,1.0,true,124246037.0,77118958.0,90.59,false,true,0,0,0,0,0,0,0.0,false,false,0,0,,,0,false,true
sh.518850,华夏黄金ETF,commodity,L,2020-06-05,,2020-06-05,2024-12-31,1111,142,0.097127,969,1.0,0.097127,false,7375715.0,4387375.0,46.707,true,true,1,0,0,0,0,1,0.066774,false,false,0,0,,,0,false,false
sh.518860,建信上海金ETF,commodity,L,2020-09-07,,2020-09-07,2024-12-31,1041,77,0.052668,964,0.99484,0.052668,false,182005.0,55147.0,7.784,true,false,0,0,0,0,0,0,0.0,false,false,0,0,,,0,false,false
sh.518880,华安易富黄金ETF,commodity,L,2013-07-29,,2015-01-05,2024-12-31,2431,1462,1.0,969,1.0,1.0,true,851804044.0,521012337.0,97.69,false,true,1,0,0,0,0,1,0.062074,false,false,0,0,,,0,false,true
sh.518890,中银上海金ETF,commodity,L,2020-09-28,,2020-09-28,2024-12-31,1032,63,0.043092,969,1.0,0.043092,false,2861254.0,1491994.0,28.486,true,true,1,0,0,0,0,1,0.061566,false,false,0,0,,,0,false,false
sh.520500,华泰柏瑞恒生创新药ETF(QDII),cross_border,L,2024-12-27,,2024-12-27,2024-12-31,3,0,0.0,3,0.003096,0.0,false,74384831.0,74384831.0,86.655,false,true,0,0,0,0,0,0,0.0,false,false,0,0,,,0,false,false
sh.520520,华泰柏瑞恒生消费ETF(QDII),cross_border,L,2024-11-01,,2024-11-01,2024-12-31,43,0,0.0,43,0.044376,0.0,false,21735619.0,14273382.0,68.948,false,true,0,0,0,0,0,0,0.0,false,false,0,0,,,0,false,false
sh.520600,广发中证港股通汽车产业主题ETF,cross_border,L,2024-12-30,,2024-12-30,2024-12-31,2,0,0.0,2,0.002064,0.0,false,39513927.5,16002053.0,77.844,false,true,0,0,0,0,0,0,0.0,false,false,0,0,,,0,false,false
sh.520660,南方中证国新港股通央企红利ETF,cross_border,L,2024-07-10,,2024-07-10,2024-12-31,118,0,0.0,118,0.121775,0.0,false,27810978.5,14248647.0,72.968,false,true,0,0,0,0,0,0,0.0,false,false,0,0,,,0,false,false
sh.520700,万家中证港股通创新药ETF,cross_border,L,2024-10-14,,2024-10-14,2024-12-31,57,0,0.0,57,0.058824,0.0,false,9768354.0,6531772.0,52.096,true,true,0,0,0,0,0,0,0.0,false,false,0,0,,,0,false,false
sh.520830,华泰柏瑞南方东英沙特阿拉伯ETF(QDII),cross_border,L,2024-07-16,,2024-07-16,2024-12-31,114,0,0.0,114,0.117647,0.0,false,38770588.0,21710033.0,77.588,false,true,4,0,0,0,0,4,0.100186,false,false,0,0,,,0,false,false
sh.520890,华泰柏瑞恒生港股通高股息低波动ETF,cross_border,L,2024-09-20,,2024-09-20,2024-12-31,68,0,0.0,68,0.070175,0.0,false,2774555.5,1628199.0,27.716,true,true,3,0,0,0,0,3,0.1,false,false,0,0,,,0,false,false
sh.520900,广发中证国新港股通央企红利ETF,cross_border,L,2024-07-10,,2024-07-10,2024-12-31,118,0,0.0,118,0.121775,0.0,false,45790516.5,25286282.0,80.24,false,true,0,0,0,0,0,0,0.0,false,false,0,0,,,0,false,false
sh.520990,景顺长城中证国新港股通央企红利ETF,cross_border,L,2024-07-10,,2024-07-10,2024-12-31,118,0,0.0,118,0.121775,0.0,false,67071363.5,31538884.0,85.458,false,true,0,0,0,0,0,0,0.0,false,false,0,0,,,0,false,false
sh.530000,天弘上证50ETF,equity,L,2024-09-13,,2024-09-13,2024-12-31,71,0,0.0,71,0.073271,0.0,false,3214613.0,1501497.0,29.683,true,true,2,0,0,0,0,2,0.098459,false,false,0,0,,,0,false,false
sh.530050,东财上证50ETF,equity,L,2024-12-04,,2024-12-04,2024-12-31,20,0,0.0,20,0.02064,0.0,false,6231291.5,3610549.0,43.114,true,true,0,0,0,0,0,0,0.0,false,false,0,0,,,0,false,false
sh.530180,易方达上证180ETF,equity,L,2024-12-26,,2024-12-26,2024-12-31,4,0,0.0,4,0.004128,0.0,false,43767083.5,39230465.0,79.299,false,true,0,0,0,0,0,0,0.0,false,false,0,0,,,0,false,false
sh.530880,银河上证国有企业红利ETF,equity,L,2024-11-12,,2024-11-12,2024-12-31,36,0,0.0,36,0.037152,0.0,false,12471997.5,7876515.0,59.281,true,true,0,0,0,0,0,0,0.0,false,false,0,0,,,0,false,false
sh.560000,浦银安盛中证智能电动汽车ETF,equity,D,2021-09-30,2026-07-15,2021-09-30,2024-12-31,788,0,0.0,788,0.813209,0.0,false,1545992.0,506897.0,20.616,true,false,6,0,0,0,0,6,0.100619,false,false,0,0,,,0,false,false
sh.560010,广发中证1000ETF,equity,L,2022-08-04,,2022-08-04,2024-12-31,584,0,0.0,584,0.602683,0.0,false,716218270.5,424239130.0,96.749,false,true,7,1,0,0,0,6,1.792221,true,true,0,0,,,0,false,false
sh.560020,汇添富中证红利ETF,equity,L,2023-10-16,,2023-10-16,2024-12-31,297,0,0.0,297,0.306502,0.0,false,2632855.0,1539342.0,27.545,true,true,2,0,0,0,0,2,0.096532,false,false,0,0,,,0,false,false
sh.560030,汇添富中证800价值ETF,equity,L,2023-07-10,,2023-07-10,2024-12-31,361,0,0.0,361,0.372549,0.0,false,2849895.0,1076124.0,28.229,true,true,3,0,0,0,0,3,0.096923,false,false,0,0,,,0,false,false
sh.560050,汇添富MSCI中国A50互联互通ETF,equity,L,2021-11-08,,2021-11-08,2024-12-31,766,0,0.0,766,0.790506,0.0,false,210019743.0,122058615.0,92.985,false,true,2,0,0,0,0,2,0.095238,false,false,0,0,,,0,false,false
sh.560060,汇添富中证上海环交所碳中和ETF,equity,L,2022-07-21,,2022-07-21,2024-12-31,595,0,0.0,595,0.614035,0.0,false,4830778.0,3064269.0,37.639,true,true,3,0,0,0,0,3,0.099579,false,false,0,0,,,0,false,false
sh.560070,汇添富中证国新央企股东回报ETF,equity,L,2023-06-06,,2023-06-06,2024-12-31,383,0,0.0,383,0.395253,0.0,false,13049746.0,8727201.0,59.966,true,true,2,0,0,0,0,2,0.08878,false,false,0,0,,,0,false,false
sh.560080,汇添富中证中药ETF,equity,L,2022-10-17,,2022-10-17,2024-12-31,539,0,0.0,539,0.556244,0.0,false,49979699.0,37438537.0,81.523,false,true,5,0,0,0,0,5,0.100469,false,false,0,0,,,0,false,false
sh.560090,汇添富中证全指证券公司ETF,equity,L,2023-03-15,,2023-03-15,2024-12-31,438,0,0.0,438,0.452012,0.0,false,13051326.0,9293859.0,60.051,true,true,11,0,0,0,0,11,0.100241,false,false,0,0,,,0,false,false
sh.560100,南方中证500增强策略ETF,equity,L,2022-02-16,,2022-02-16,2024-12-31,700,0,0.0,700,0.722394,0.0,false,13399413.0,9263883.0,60.65,true,true,5,0,0,0,0,5,0.097534,false,false,0,0,,,0,false,false
sh.560110,汇添富中证1000ETF,equity,L,2022-08-08,,2022-08-08,2024-12-31,583,0,0.0,583,0.601651,0.0,false,51416266.0,29560973.0,82.293,false,true,6,0,0,0,0,6,0.099476,false,false,0,0,,,0,false,false
sh.560150,泰康中证红利低波动ETF,equity,L,2024-04-08,,2024-04-08,2024-12-31,181,0,0.0,181,0.186791,0.0,false,11287893.0,10430850.0,56.63,true,true,2,0,0,0,0,2,0.068905,false,false,0,0,,,0,false,false
sh.560170,南方中证国新央企科技引领ETF,equity,L,2023-07-06,,2023-07-06,2024-12-31,363,0,0.0,363,0.374613,0.0,false,45519491.0,34558667.0,80.068,false,true,3,0,0,0,0,3,0.100363,false,false,0,0,,,0,false,false
sh.560180,南方沪深300ESG基准ETF,equity,L,2023-04-21,,2023-04-21,2024-12-31,412,0,0.0,412,0.425181,0.0,false,10135394.0,8340140.0,53.037,true,true,3,0,0,0,0,3,0.091102,false,false,0,0,,,0,false,false
sh.560220,广发中证2000ETF,equity,L,2023-09-18,,2023-09-18,2024-12-31,311,0,0.0,311,0.320949,0.0,false,4483775.0,1610525.0,36.441,true,true,9,0,0,0,0,9,0.1,false,false,0,0,,,0,false,false
sh.560260,广发中证医疗ETF,equity,L,2023-09-15,,2023-09-15,2024-12-31,312,0,0.0,312,0.321981,0.0,false,11660746.5,7952498.0,57.742,true,true,4,0,0,0,0,4,0.10023,false,false,0,0,,,0,false,false
sh.560280,广发中证工程机械主题ETF,equity,L,2023-10-30,,2023-10-30,2024-12-31,287,0,0.0,287,0.296182,0.0,false,9479058.0,2465273.0,51.754,true,true,2,0,0,0,0,2,0.098901,false,false,0,0,,,0,false,false
sh.560300,汇添富中证电信主题ETF,equity,L,2023-12-18,,2023-12-18,2024-12-31,252,0,0.0,252,0.260062,0.0,false,4598971.5,2117786.0,36.869,true,true,2,0,0,0,0,2,0.100082,false,false,0,0,,,0,false,false
sh.560330,申万菱信沪深300价值ETF,equity,L,2023-05-23,,2023-05-23,2024-12-31,393,0,0.0,393,0.405573,0.0,false,8513309.0,5822273.0,49.872,true,true,3,0,0,0,0,3,0.1,false,false,0,0,,,0,false,false
sh.560350,摩根中证A50ETF,equity,L,2024-03-12,,2024-03-12,2024-12-31,198,0,0.0,198,0.204334,0.0,false,202321237.0,160740110.0,92.643,false,true,2,0,0,0,0,2,0.096242,false,false,0,0,,,0,false,false
sh.560360,万家中证软件服务ETF,equity,L,2024-06-24,,2024-06-24,2024-12-31,130,0,0.0,130,0.134159,0.0,false,5114368.0,3277682.0,39.093,true,true,6,0,0,0,0,6,0.100096,false,false,0,0,,,0,false,false
sh.560380,南方中证A100ETF,equity,L,2024-12-27,,2024-12-27,2024-12-31,3,0,0.0,3,0.003096,0.0,false,31357238.0,31357238.0,74.251,false,true,0,0,0,0,0,0,0.0,false,false,0,0,,,0,false,false
sh.560500,鹏扬中证500质量成长ETF,equity,L,2021-09-01,,2021-09-01,2024-12-31,807,0,0.0,807,0.832817,0.0,false,4436554.0,2107001.0,36.185,true,true,4,0,0,0,0,4,0.095732,false,false,0,0,,,0,false,false
sh.560510,泰康中证A500ETF,equity,L,2024-10-15,,2024-10-15,2024-12-31,56,0,0.0,56,0.057792,0.0,false,349556356.5,304374300.0,94.354,false,true,0,0,0,0,0,0,0.0,false,false,0,0,,,0,false,false
sh.560520,大成中证红利低波动100ETF,equity,L,2024-04-18,,2024-04-18,2024-12-31,172,0,0.0,172,0.177503,0.0,false,200958.0,78487.0,8.298,true,false,3,0,0,0,0,3,0.086996,false,false,0,0,,,0,false,false
sh.560530,摩根中证A500ETF,equity,L,2024-10-15,,2024-10-15,2024-12-31,56,0,0.0,56,0.057792,0.0,false,779066769.5,676713094.0,97.092,false,true,0,0,0,0,0,0,0.0,false,false,0,0,,,0,false,false
sh.560550,广发中证上海环交所碳中和ETF,equity,L,2022-07-19,,2022-07-19,2024-12-31,597,0,0.0,597,0.616099,0.0,false,11348960.0,2729046.0,56.886,true,true,3,0,0,0,0,3,0.099174,false,false,0,0,,,0,false,false
sh.560560,泰康中证内地低碳经济主题ETF,equity,L,2021-09-13,,2021-09-13,2024-12-31,799,0,0.0,799,0.824561,0.0,false,7094048.0,4306461.0,45.766,true,true,4,0,0,0,0,4,0.100372,false,false,0,0,,,0,false,false
sh.560580,南方中证全指电力公用事业ETF,equity,L,2023-05-12,,2023-05-12,2024-12-31,400,0,0.0,400,0.412797,0.0,false,5553095.0,3288477.0,40.719,true,true,2,0,0,0,0,2,0.097396,false,false,0,0,,,0,false,false
sh.560590,鹏华中证1000增强策略ETF,equity,L,2023-09-25,,2023-09-25,2024-12-31,305,0,0.0,305,0.314757,0.0,false,500455.0,198439.0,12.66,true,false,6,0,0,0,0,6,0.1,false,false,0,0,,,0,false,false
sh.560600,方正富邦中证医药及医疗器械创新ETF,equity,D,2022-03-15,2023-12-29,2022-03-15,2023-11-09,400,0,0.0,400,0.412797,0.0,false,358254.0,149731.0,11.121,true,false,1,0,0,0,0,1,0.081784,false,false,0,0,,,0,false,false
sh.560610,招商中证A500ETF,equity,L,2024-10-15,,2024-10-15,2024-12-31,56,0,0.0,56,0.057792,0.0,false,1346091949.5,1154187044.0,98.631,false,true,0,0,0,0,0,0,0.0,false,false,0,0,,,0,false,false
sh.560620,万家中证全指公用事业ETF,equity,L,2024-10-09,,2024-10-09,2024-12-31,60,0,0.0,60,0.06192,0.0,false,2176897.0,1693926.0,24.722,true,false,0,0,0,0,0,0,0.0,false,false,0,0,,,0,false,false
sh.560650,民生加银中证企业核心竞争力50ETF,equity,D,2022-06-27,2026-08-24,2022-06-27,2024-12-31,611,0,0.0,611,0.630547,0.0,false,1471440.0,505982.0,20.188,true,false,4,0,0,0,0,4,0.1,false,false,0,0,,,0,false,false
sh.560660,新华中证云计算50ETF,equity,L,2021-08-25,,2021-08-25,2024-12-31,812,0,0.0,812,0.837977,0.0,false,1431572.5,693458.0,19.932,true,false,10,0,0,0,0,10,0.100121,false,false,0,0,,,0,false,false
sh.560680,广发中证主要消费ETF,equity,L,2022-10-31,,2022-10-31,2024-12-31,529,0,0.0,529,0.545924,0.0,false,15647895.0,12295471.0,63.986,true,true,6,0,0,0,0,6,0.100467,false,false,0,0,,,0,false,false
sh.560690,鹏华中证电信主题ETF,equity,L,2024-04-22,,2024-04-22,2024-12-31,171,0,0.0,171,0.176471,0.0,false,1009819.0,346342.0,17.536,true,false,2,0,0,0,0,2,0.100189,false,false,0,0,,,0,false,false
sh.560700,广发中证国新央企股东回报ETF,equity,L,2023-06-06,,2023-06-06,2024-12-31,383,0,0.0,383,0.395253,0.0,false,34451777.0,25403522.0,76.048,false,true,2,0,0,0,0,2,0.08658,false,false,0,0,,,0,false,false
sh.560780,广发中证半导体材料设备主题ETF,equity,L,2023-12-12,,2023-12-12,2024-12-31,256,0,0.0,256,0.26419,0.0,false,3961447.5,2222350.0,34.474,true,true,8,0,0,0,0,8,0.100457,false,false,0,0,,,0,false,false
sh.560800,鹏扬中证数字经济主题ETF,equity,L,2022-01-07,,2022-01-07,2024-12-31,723,0,0.0,723,0.74613,0.0,false,22732034.0,15712031.0,69.718,false,true,6,0,0,0,0,6,0.100707,false,false,0,0,,,0,false,false
sh.560810,融通中证诚通央企ESGETF,equity,L,2024-12-09,,2024-12-09,2024-12-31,17,0,0.0,17,0.017544,0.0,false,4006696.0,3089667.0,34.731,true,true,0,0,0,0,0,0,0.0,false,false,0,0,,,0,false,false
sh.560850,汇添富中证信息技术应用创新产业ETF,equity,L,2024-04-15,,2024-04-15,2024-12-31,176,0,0.0,176,0.181631,0.0,false,7554270.0,5765549.0,47.134,true,true,6,0,0,0,0,6,0.100313,false,false,0,0,,,0,false,false
sh.560860,万家中证工业有色金属主题ETF,equity,L,2023-03-13,,2023-03-13,2024-12-31,440,0,0.0,440,0.454076,0.0,false,13864735.5,7833984.0,61.677,true,true,3,0,0,0,0,3,0.10022,false,false,0,0,,,0,false,false
sh.560880,广发中证全指家用电器ETF,equity,L,2022-04-12,,2022-04-12,2024-12-31,663,0,0.0,663,0.684211,0.0,false,16465273.0,12613861.0,65.098,true,true,3,0,0,0,0,3,0.082927,false,false,0,0,,,0,false,false
sh.560890,新华中证红利低波动ETF,equity,D,2024-09-20,2026-04-01,2024-09-20,2024-12-31,68,0,0.0,68,0.070175,0.0,false,6482835.5,4413966.0,43.798,true,true,0,0,0,0,0,0,0.0,false,false,0,0,,,0,false,false
sh.560900,摩根中证创新药产业ETF,equity,L,2022-06-02,,2022-06-02,2024-12-31,629,0,0.0,629,0.649123,0.0,false,3356398.0,2532845.0,30.796,true,true,9,0,0,0,0,9,0.100662,false,false,0,0,,,0,false,false
sh.560950,汇添富中证500增强策略ETF,equity,L,2023-07-31,,2023-07-31,2024-12-31,346,0,0.0,346,0.357069,0.0,false,2432400.5,1193556.0,26.518,true,true,3,0,0,0,0,3,0.1,false,false,0,0,,,0,false,false
sh.560960,摩根中证碳中和60ETF,equity,D,2023-01-13,2025-06-26,2023-01-13,2024-12-31,476,0,0.0,476,0.491228,0.0,false,11817523.0,7573191.0,57.998,true,true,3,0,0,0,0,3,0.100135,false,false,0,0,,,0,false,false
sh.560980,广发中证光伏龙头30ETF,equity,L,2022-11-29,,2022-11-29,2024-12-31,508,0,0.0,508,0.524252,0.0,false,18020764.0,11924285.0,66.553,true,true,10,0,0,0,0,10,0.100569,false,false,0,0,,,0,false,false
sh.560990,中金中证科技先锋ETF,equity,L,2022-06-27,,2022-06-27,2024-12-31,613,0,0.0,613,0.632611,0.0,false,14048350.0,5633971.0,61.933,true,true,2,0,0,0,0,2,0.1,false,false,0,0,,,0,false,false
sh.561000,华安沪深300增强策略ETF,equity,L,2023-01-11,,2023-01-11,2024-12-31,478,0,0.0,478,0.493292,0.0,false,5510786.5,3654933.0,40.633,true,true,3,0,0,0,0,3,0.100352,false,false,0,0,,,0,false,false
sh.561010,华安中证全指软件开发ETF,equity,L,2023-12-11,,2023-12-11,2024-12-31,257,0,0.0,257,0.265222,0.0,false,2927854.0,1351906.0,28.657,true,true,11,0,0,0,0,11,0.100621,false,false,0,0,,,0,false,false
sh.561060,华安中证国有企业红利ETF,equity,L,2023-09-21,,2023-09-21,2024-12-31,308,0,0.0,308,0.317853,0.0,false,4929300.0,3422729.0,37.981,true,true,4,0,0,0,0,4,0.100086,false,false,0,0,,,0,false,false
sh.561100,富国中证消费电子主题ETF,equity,L,2022-02-08,,2022-02-08,2024-12-31,706,0,0.0,706,0.728586,0.0,false,13362170.5,10347881.0,60.479,true,true,7,0,0,0,0,7,0.100709,false,false,0,0,,,0,false,false
sh.561120,富国中证全指家用电器ETF,equity,L,2022-02-15,,2022-02-15,2024-12-31,701,0,0.0,701,0.723426,0.0,false,27086601.0,18012206.0,72.198,false,true,3,0,0,0,0,3,0.1,false,false,0,0,,,0,false,false
sh.561130,富国中证新华社民族品牌工程ETF,equity,L,2021-10-18,,2021-10-18,2024-12-31,781,0,0.0,781,0.805986,0.0,false,17169229.0,13165532.0,65.783,true,true,2,0,0,0,0,2,0.100629,false,false,0,0,,,0,false,false
sh.561150,富国中证500ESG基准ETF,equity,D,2022-08-08,2022-12-27,2022-08-08,2022-11-15,66,0,0.0,66,0.068111,0.0,false,7789014.0,5435380.0,47.648,true,true,0,0,0,0,0,0,0.0,false,false,0,0,,,0,false,false
sh.561160,富国中证电池主题ETF,equity,L,2022-07-08,,2022-07-08,2024-12-31,604,0,0.0,604,0.623323,0.0,false,35062543.5,24641971.0,76.219,false,true,7,0,0,0,0,7,0.100223,false,false,0,0,,,0,false,false
sh.561170,富国中证绿色电力ETF,equity,L,2023-03-16,,2023-03-16,2024-12-31,437,0,0.0,437,0.45098,0.0,false,10794978.0,7780840.0,55.261,true,true,2,0,0,0,0,2,0.064212,false,false,0,0,,,0,false,false
sh.561180,富国中证A100ETF,equity,L,2022-11-21,,2022-11-21,2024-12-31,514,0,0.0,514,0.530444,0.0,false,9321703.0,6417019.0,51.497,true,true,2,0,0,0,0,2,0.1,false,false,0,0,,,0,false,false
sh.561190,富国中证上海环交所碳中和ETF,equity,L,2022-07-19,,2022-07-19,2024-12-31,597,0,0.0,597,0.616099,0.0,false,24484766.0,12676595.0,70.659,false,true,3,0,0,0,0,3,0.100139,false,false,0,0,,,0,false,false
sh.561200,工银瑞信中证A100ETF,equity,L,2024-01-05,,2024-01-05,2024-12-31,229,0,0.0,229,0.236326,0.0,false,566526.0,27469.0,13.687,true,false,3,0,0,0,0,3,0.095061,false,false,0,0,,,0,false,false
sh.561230,工银瑞信中证A50ETF,equity,L,2024-03-18,,2024-03-18,2024-12-31,194,0,0.0,194,0.200206,0.0,false,49321541.5,37539897.0,80.838,false,true,3,0,0,0,0,3,0.1,false,false,0,0,,,0,false,false
sh.561260,工银瑞信中证国新央企现代能源ETF,equity,L,2023-08-09,,2023-08-09,2024-12-31,339,0,0.0,339,0.349845,0.0,false,15906601.0,10630596.0,64.414,true,true,3,0,0,0,0,3,0.100304,false,false,0,0,,,0,false,false
sh.561280,工银瑞信中证1000增强策略ETF,equity,L,2023-09-22,,2023-09-22,2024-12-31,307,0,0.0,307,0.316821,0.0,false,4756253.0,2845514.0,37.297,true,true,3,0,0,0,0,3,0.100578,false,false,0,0,,,0,false,false
sh.561300,国泰沪深300增强策略ETF,equity,L,2021-12-10,,2021-12-10,2024-12-31,742,0,0.0,742,0.765738,0.0,false,72850281.5,49579095.0,86.57,false,true,2,0,0,0,0,2,0.09247,false,false,0,0,,,0,false,false
sh.561310,国泰中证消费电子主题ETF,equity,L,2021-11-25,,2021-11-25,2024-12-31,753,0,0.0,753,0.77709,0.0,false,8902423.0,6331478.0,50.727,true,true,5,0,0,0,0,5,0.1,false,false,0,0,,,0,false,false
sh.561320,国泰中证内地运输主题ETF,equity,L,2022-12-08,,2022-12-08,2024-12-31,501,0,0.0,501,0.517028,0.0,false,11854840.0,7484461.0,58.084,true,true,1,0,0,0,0,1,0.070089,false,false,0,0,,,0,false,false
sh.561330,国泰中证有色金属矿业主题ETF,equity,L,2022-11-01,,2022-11-01,2024-12-31,528,0,0.0,528,0.544892,0.0,false,12193757.0,7277696.0,58.768,true,true,2,0,0,0,0,2,0.087047,false,false,0,0,,,0,false,false
sh.561350,国泰中证500ETF,equity,L,2021-09-01,,2021-09-01,2024-12-31,807,0,0.0,807,0.832817,0.0,false,54247094.0,42103656.0,82.891,false,true,5,0,0,0,0,5,0.099509,false,false,0,0,,,0,false,false
sh.561360,国泰中证油气产业ETF,equity,L,2023-10-31,,2023-10-31,2024-12-31,286,0,0.0,286,0.29515,0.0,false,13577580.5,11190379.0,60.992,true,true,3,0,0,0,0,3,0.098305,false,false,0,0,,,0,false,false
sh.561370,国泰中证2000ETF,equity,L,2023-09-21,,2023-09-21,2024-12-31,308,0,0.0,308,0.317853,0.0,false,5208931.0,2251401.0,39.435,true,true,7,0,0,0,0,7,0.100394,false,false,0,0,,,0,false,false
sh.561380,国泰恒生A股电网设备ETF,cross_border,L,2024-12-23,,2024-12-23,2024-12-31,7,0,0.0,7,0.007224,0.0,false,14901033.0,9214756.0,62.96,true,true,0,0,0,0,0,0,0.0,false,false,0,0,,,0,false,false
sh.561500,华泰柏瑞中证企业核心竞争力50ETF,equity,L,2021-06-28,,2021-06-28,2024-12-31,854,0,0.0,854,0.881321,0.0,false,1909440.0,964739.0,22.583,true,false,3,0,0,0,0,3,0.1,false,false,0,0,,,0,false,false
sh.561510,华泰柏瑞中证中药ETF,equity,L,2022-08-04,,2022-08-04,2024-12-31,585,0,0.0,585,0.603715,0.0,false,14780460.0,8924372.0,62.703,true,true,4,0,0,0,0,4,0.099808,false,false,0,0,,,0,false,false
sh.561550,华泰柏瑞中证500增强策略ETF,equity,L,2021-12-10,,2021-12-10,2024-12-31,742,0,0.0,742,0.765738,0.0,false,32521533.5,23211182.0,75.107,false,true,7,0,0,0,0,7,0.099902,false,false,0,0,,,0,false,false
sh.561560,华泰柏瑞中证全指电力公用事业ETF,equity,L,2022-05-16,,2022-05-16,2024-12-31,642,0,0.0,642,0.662539,0.0,false,24125400.5,16928290.0,70.573,false,true,1,0,0,0,0,1,0.068852,false,false,0,0,,,0,false,false
sh.561570,华泰柏瑞中证油气产业ETF,equity,L,2024-10-17,,2024-10-17,2024-12-31,54,0,0.0,54,0.055728,0.0,false,312995.0,43856.0,10.351,true,false,0,0,0,0,0,0,0.0,false,false,0,0,,,0,false,false
sh.561580,华泰柏瑞中证中央企业红利ETF,equity,L,2023-05-30,,2023-05-30,2024-12-31,388,0,0.0,388,0.400413,0.0,false,44600891.0,37988854.0,79.726,false,true,2,0,0,0,0,2,0.088584,false,false,0,0,,,0,false,false
sh.561590,华泰柏瑞中证1000增强策略ETF,equity,L,2022-12-12,,2022-12-12,2024-12-31,499,0,0.0,499,0.514964,0.0,false,10529180.0,5655170.0,54.234,true,true,4,0,0,0,0,4,0.100236,false,false,0,0,,,0,false,false
sh.561600,平安中证消费电子主题ETF,equity,L,2021-09-09,,2021-09-09,2024-12-31,801,0,0.0,801,0.826625,0.0,false,3454031.0,1344032.0,31.223,true,true,7,0,0,0,0,7,0.099865,false,false,0,0,,,0,false,false
sh.561700,博时中证全指电力公用事业ETF,equity,L,2022-07-15,,2022-07-15,2024-12-31,599,0,0.0,599,0.618163,0.0,false,10391255.0,6319353.0,53.721,true,true,1,0,0,0,0,1,0.065777,false,false,0,0,,,0,false,false
sh.561710,博时中证疫苗与生物技术ETF,equity,D,2022-11-25,2024-09-20,2022-11-25,2024-07-25,404,0,0.0,404,0.416925,0.0,false,3880758.5,2617569.0,33.618,true,true,1,0,0,0,0,1,0.10052,false,false,0,0,,,0,false,false
sh.561760,博时中证油气资源ETF,equity,L,2024-04-29,,2024-04-29,2024-12-31,166,0,0.0,166,0.171311,0.0,false,1858536.0,430655.0,22.241,true,false,2,0,0,0,0,2,0.08952,false,false,0,0,,,0,false,false
sh.561780,博时中证1000增强策略ETF,equity,L,2023-11-10,,2023-11-10,2024-12-31,278,0,0.0,278,0.286894,0.0,false,2433764.0,750732.0,26.604,true,true,5,0,0,0,0,5,0.100346,false,false,0,0,,,0,false,false
sh.561790,博时中证国新央企现代能源ETF,equity,L,2023-08-09,,2023-08-09,2024-12-31,339,0,0.0,339,0.349845,0.0,false,17679067.0,9528980.0,66.296,true,true,2,0,0,0,0,2,0.075134,false,false,0,0,,,0,false,false
sh.561800,华富中证稀有金属主题ETF,equity,L,2021-08-24,,2021-08-24,2024-12-31,813,0,0.0,813,0.839009,0.0,false,2741750.0,1609124.0,27.63,true,true,13,0,0,0,0,13,0.1,false,false,0,0,,,0,false,false
sh.561900,招商沪深300ESG基准ETF,equity,L,2021-07-15,,2021-07-15,2024-12-31,841,0,0.0,841,0.867905,0.0,false,4705280.0,2698023.0,37.211,true,true,3,0,0,0,0,3,0.100585,false,false,0,0,,,0,false,false
sh.561910,招商中证电池主题ETF,equity,L,2021-08-12,,2021-08-12,2024-12-31,821,0,0.0,821,0.847265,0.0,false,28089680.0,22032887.0,73.139,false,true,11,0,0,0,0,11,0.100223,false,false,0,0,,,0,false,false
sh.561920,招商中证疫苗与生物技术ETF,equity,L,2023-03-29,,2023-03-29,2024-12-31,428,0,0.0,428,0.441692,0.0,false,549843.5,242833.0,13.43,true,false,6,0,0,0,0,6,0.100639,false,false,0,0,,,0,false,false
sh.561930,招商沪深300ETF,equity,L,2024-09-20,,2024-09-20,2024-12-31,68,0,0.0,68,0.070175,0.0,false,40610535.5,22226782.0,78.443,false,true,3,0,0,0,0,3,0.100253,false,false,0,0,,,0,false,false
sh.561950,招商中证500增强策略ETF,equity,L,2023-04-24,,2023-04-24,2024-12-31,411,0,0.0,411,0.424149,0.0,false,4872925.0,3095033.0,37.81,true,true,4,0,0,0,0,4,0.098947,false,false,0,0,,,0,false,false
sh.561960,招商中证国新央企股东回报ETF,equity,L,2023-06-06,,2023-06-06,2024-12-31,383,0,0.0,383,0.395253,0.0,false,5394097.0,2932940.0,40.12,true,true,2,0,0,0,0,2,0.077572,false,false,0,0,,,0,false,false
sh.561980,招商中证半导体产业ETF,equity,L,2023-09-01,,2023-09-01,2024-12-31,322,0,0.0,322,0.332301,0.0,false,23848580.5,13379889.0,70.402,false,true,9,0,0,0,0,9,0.100437,false,false,0,0,,,0,false,false
sh.561990,招商沪深300增强策略ETF,equity,L,2021-12-10,,2021-12-10,2024-12-31,742,0,0.0,742,0.765738,0.0,false,72166184.0,47255342.0,86.484,false,true,2,0,0,0,0,2,0.095037,false,false,0,0,,,0,false,false
sh.562000,华宝中证A100ETF,equity,L,2022-08-01,,2022-08-01,2024-12-31,588,0,0.0,588,0.606811,0.0,false,45033672.5,38130763.0,79.897,false,true,2,0,0,0,0,2,0.099338,false,false,0,0,,,0,false,false
sh.562010,华宝中证绿色能源ETF,equity,L,2023-01-03,,2023-01-03,2024-12-31,484,0,0.0,484,0.499484,0.0,false,1034855.0,518944.0,17.793,true,false,4,0,0,0,0,4,0.095989,false,false,0,0,,,0,false,false
sh.562030,华宝中证信息技术应用创新产业ETF,equity,L,2023-10-12,,2023-10-12,2024-12-31,299,0,0.0,299,0.308566,0.0,false,11081807.0,9215195.0,55.945,true,true,6,0,0,0,0,6,0.100367,false,false,0,0,,,0,false,false
sh.562060,华宝标普中国A股红利机会ETF,equity,L,2023-12-28,,2023-12-28,2024-12-31,244,0,0.0,244,0.251806,0.0,false,56414068.5,40319042.0,83.661,false,true,2,0,0,0,0,2,0.079777,false,false,0,0,,,0,false,false
sh.562260,海富通中证汽车零部件主题ETF,equity,D,2024-05-10,2025-07-28,2024-05-10,2024-12-31,160,0,0.0,160,0.165119,0.0,false,2110333.5,1068240.0,24.209,true,false,3,0,0,0,0,3,0.099312,false,false,0,0,,,0,false,false
sh.562300,银华中证内地低碳经济主题ETF,equity,L,2022-01-05,,2022-01-05,2024-12-31,725,0,0.0,725,0.748194,0.0,false,3076204.0,1862253.0,29.17,true,true,5,0,0,0,0,5,0.100917,false,false,0,0,,,0,false,false
sh.562310,银华沪深300成长ETF,equity,L,2022-09-09,,2022-09-09,2024-12-31,559,0,0.0,559,0.576883,0.0,false,31830988.0,19206519.0,74.594,false,true,4,0,0,0,0,4,0.100271,false,false,0,0,,,0,false,false
sh.562320,银华沪深300价值ETF,equity,L,2023-01-12,,2023-01-12,2024-12-31,477,0,0.0,477,0.49226,0.0,false,7008417.0,4569035.0,45.509,true,true,2,0,0,0,0,2,0.0925,false,false,0,0,,,0,false,false
sh.562330,银华中证500价值ETF,equity,L,2023-04-18,,2023-04-18,2024-12-31,415,0,0.0,415,0.428277,0.0,false,10059827.0,5698136.0,52.695,true,true,2,0,0,0,0,2,0.075758,false,false,0,0,,,0,false,false
sh.562340,银华中证500质量成长ETF,equity,L,2024-05-08,,2024-05-08,2024-12-31,162,0,0.0,162,0.167183,0.0,false,595476.5,220059.0,14.286,true,false,2,0,0,0,0,2,0.1,false,false,0,0,,,0,false,false
sh.562350,银华中证全指电力公用事业ETF,equity,L,2022-07-12,,2022-07-12,2024-12-31,602,0,0.0,602,0.621259,0.0,false,5993584.0,3874551.0,42.344,true,true,2,0,0,0,0,2,0.095865,false,false,0,0,,,0,false,false
sh.562360,银华中证机器人ETF,equity,L,2021-10-15,,2021-10-15,2024-12-31,782,0,0.0,782,0.807018,0.0,false,5245100.5,2524806.0,39.521,true,true,8,0,0,0,0,8,0.100719,false,false,0,0,,,0,false,false
sh.562380,银华中证国新央企科技引领ETF,equity,L,2023-07-06,,2023-07-06,2024-12-31,363,0,0.0,363,0.374613,0.0,false,9467850.0,6445511.0,51.668,true,true,3,0,0,0,0,3,0.099648,false,false,0,0,,,0,false,false
sh.562390,银华中证中药ETF,equity,L,2022-07-28,,2022-07-28,2024-12-31,590,0,0.0,590,0.608875,0.0,false,7867749.5,2919619.0,47.904,true,true,4,0,0,0,0,4,0.095027,false,false,0,0,,,0,false,false
sh.562500,华夏中证机器人ETF,equity,L,2021-12-29,,2021-12-29,2024-12-31,729,0,0.0,729,0.752322,0.0,false,32723643.0,18349513.0,75.364,false,true,6,0,0,0,0,6,0.100282,false,false,0,0,,,0,false,false
sh.562510,华夏中证旅游主题ETF,equity,L,2021-12-30,,2021-12-30,2024-12-31,728,0,0.0,728,0.75129,0.0,false,38404899.0,29034798.0,77.417,false,true,9,0,0,0,0,9,0.100719,false,false,0,0,,,0,false,false
sh.562520,华夏中证智选1000成长创新策略ETF,equity,L,2022-03-22,,2022-03-22,2024-12-31,676,0,0.0,676,0.697626,0.0,false,2512718.0,1498250.0,26.861,true,true,5,0,0,0,0,5,0.100327,false,false,0,0,,,0,false,false
sh.562530,华夏中证智选1000价值稳健策略ETF,equity,L,2022-08-12,,2022-08-12,2024-12-31,579,0,0.0,579,0.597523,0.0,false,1362831.0,689795.0,19.504,true,false,3,0,0,0,0,3,0.099606,false,false,0,0,,,0,false,false
sh.562550,华夏中证绿色电力ETF,equity,L,2023-03-27,,2023-03-27,2024-12-31,430,0,0.0,430,0.443756,0.0,false,3576750.5,2548812.0,31.993,true,true,1,0,0,0,0,1,0.063683,false,false,0,0,,,0,false,false
sh.562560,华夏中证全指信息技术ETF,equity,L,2024-04-12,,2024-04-12,2024-12-31,177,0,0.0,177,0.182663,0.0,false,813646.0,297128.0,16.253,true,false,3,0,0,0,0,3,0.100195,false,false,0,0,,,0,false,false
sh.562570,华夏中证信息技术应用创新产业ETF,equity,L,2024-04-30,,2024-04-30,2024-12-31,165,0,0.0,165,0.170279,0.0,false,2040884.0,542695.0,23.524,true,false,9,0,0,0,0,9,0.099893,false,false,0,0,,,0,false,false
sh.562580,华夏中证全指可选消费ETF,equity,L,2024-03-26,,2024-03-26,2024-12-31,188,0,0.0,188,0.194014,0.0,false,536651.0,191058.0,13.088,true,false,2,0,0,0,0,2,0.09501,false,false,0,0,,,0,false,false
sh.562590,华夏中证半导体材料设备主题ETF,equity,L,2023-10-18,,2023-10-18,2024-12-31,295,0,0.0,295,0.304438,0.0,false,3784722.0,1899956.0,32.934,true,true,8,0,0,0,0,8,0.100106,false,false,0,0,,,0,false,false
sh.562600,华夏中证全指医疗器械ETF,equity,L,2023-12-11,,2023-12-11,2024-12-31,257,0,0.0,257,0.265222,0.0,false,942478.0,367889.0,17.28,true,false,5,0,0,0,0,5,0.100478,false,false,0,0,,,0,false,false
sh.562660,华夏中证2000ETF,equity,L,2023-09-14,,2023-09-14,2024-12-31,313,0,0.0,313,0.323013,0.0,false,11947285.0,6761985.0,58.597,true,true,9,0,0,0,0,9,0.100699,false,false,0,0,,,0,false,false
sh.562700,华夏中证汽车零部件主题ETF,equity,L,2024-05-14,,2024-05-14,2024-12-31,158,0,0.0,158,0.163055,0.0,false,704381.0,348542.0,15.312,true,false,3,0,0,0,0,3,0.099895,false,false,0,0,,,0,false,false
sh.562800,嘉实中证稀有金属主题ETF,equity,L,2021-09-27,,2021-09-27,2024-12-31,791,0,0.0,791,0.816305,0.0,false,49355799.0,36489865.0,81.009,false,true,13,0,0,0,0,13,0.100858,false,false,0,0,,,0,false,false
sh.562820,嘉实中证全指集成电路ETF,equity,L,2024-04-22,,2024-04-22,2024-12-31,171,0,0.0,171,0.176471,0.0,false,10265502.0,7846782.0,53.379,true,true,6,0,0,0,0,6,0.100076,false,false,0,0,,,0,false,false
sh.562850,嘉实中证国新央企现代能源ETF,equity,L,2023-08-09,,2023-08-09,2024-12-31,339,0,0.0,339,0.349845,0.0,false,11414667.0,7821017.0,56.972,true,true,2,0,0,0,0,2,0.095195,false,false,0,0,,,0,false,false
sh.562860,嘉实中证疫苗与生物技术ETF,equity,L,2023-02-24,,2023-02-24,2024-12-31,451,0,0.0,451,0.465428,0.0,false,10349807.0,7527619.0,53.55,true,true,5,0,0,0,0,5,0.100154,false,false,0,0,,,0,false,false
sh.562880,嘉实中证电池主题ETF,equity,L,2021-07-20,,2021-07-20,2024-12-31,838,0,0.0,838,0.864809,0.0,false,17902830.5,10829190.0,66.467,true,true,11,0,0,0,0,11,0.1,false,false,0,0,,,0,false,false
sh.562890,嘉实中证A50ETF,equity,L,2024-03-18,,2024-03-18,2024-12-31,194,0,0.0,194,0.200206,0.0,false,32695439.0,24775585.0,75.278,false,true,3,0,0,0,0,3,0.100187,false,false,0,0,,,0,false,false
sh.562900,易方达中证现代农业主题ETF,equity,L,2021-12-13,,2021-12-13,2024-12-31,741,0,0.0,741,0.764706,0.0,false,12142960.0,8896067.0,58.683,true,true,2,0,0,0,0,2,0.1,false,false,0,0,,,0,false,false
sh.562910,易方达中证装备产业ETF,equity,L,2022-01-10,,2022-01-10,2024-12-31,722,0,0.0,722,0.745098,0.0,false,5049121.5,2757747.0,38.666,true,true,5,0,0,0,0,5,0.099693,false,false,0,0,,,0,false,false
sh.562920,易方达中证信息安全主题ETF,equity,L,2023-06-12,,2023-06-12,2024-12-31,379,0,0.0,379,0.391125,0.0,false,1927877.0,741825.0,22.754,true,false,3,0,0,0,0,3,0.1,false,false,0,0,,,0,false,false
sh.562930,易方达中证软件服务ETF,equity,L,2023-06-05,,2023-06-05,2024-12-31,384,0,0.0,384,0.396285,0.0,false,2135609.0,1383949.0,24.38,true,false,7,0,0,0,0,7,0.10073,false,false,0,0,,,0,false,false
sh.562950,易方达中证消费电子主题ETF,equity,L,2022-01-20,,2022-01-20,2024-12-31,714,0,0.0,714,0.736842,0.0,false,5716250.5,4357576.0,41.317,true,true,6,0,0,0,0,6,0.100413,false,false,0,0,,,0,false,false
sh.562960,易方达中证绿色电力ETF,equity,L,2023-04-12,,2023-04-12,2024-12-31,419,0,0.0,419,0.432405,0.0,false,2851694.0,1777251.0,28.315,true,true,2,0,0,0,0,2,0.077788,false,false,0,0,,,0,false,false
sh.562970,易方达中证光伏产业ETF,equity,L,2024-11-07,,2024-11-07,2024-12-31,39,0,0.0,39,0.040248,0.0,false,2369685.0,1792561.0,26.176,true,true,0,0,0,0,0,0,0.0,false,false,0,0,,,0,false,false
sh.562990,易方达中证上海环交所碳中和ETF,equity,L,2022-07-19,,2022-07-19,2024-12-31,597,0,0.0,597,0.616099,0.0,false,22982992.0,16320533.0,69.974,false,true,3,0,0,0,0,3,0.099585,false,false,0,0,,,0,false,false
sh.563000,易方达MSCI中国A50互联互通ETF,equity,L,2021-11-08,,2021-11-08,2024-12-31,766,0,0.0,766,0.790506,0.0,false,102178146.0,49206553.0,89.478,false,true,2,0,0,0,0,2,0.085396,false,false,0,0,,,0,false,false
sh.563010,易方达中证电信主题ETF,equity,L,2023-07-13,,2023-07-13,2024-12-31,358,0,0.0,358,0.369453,0.0,false,1889101.0,1033754.0,22.327,true,false,3,0,0,0,0,3,0.100441,false,false,0,0,,,0,false,false
sh.563020,易方达中证红利低波动ETF,equity,L,2023-12-14,,2023-12-14,2024-12-31,254,0,0.0,254,0.262126,0.0,false,8232440.5,5671239.0,49.187,true,true,1,0,0,0,0,1,0.073029,false,false,0,0,,,0,false,false
sh.563030,易方达中证500增强策略ETF,equity,L,2023-03-13,,2023-03-13,2024-12-31,440,0,0.0,440,0.454076,0.0,false,6005658.0,4151303.0,42.429,true,true,5,0,0,0,0,5,0.099675,false,false,0,0,,,0,false,false
sh.563050,易方达中证国新央企科技引领ETF,equity,L,2023-07-06,,2023-07-06,2024-12-31,363,0,0.0,363,0.374613,0.0,false,7964789.0,6261040.0,48.161,true,true,3,0,0,0,0,3,0.100473,false,false,0,0,,,0,false,false
sh.563080,易方达中证A50ETF,equity,L,2024-03-18,,2024-03-18,2024-12-31,194,0,0.0,194,0.200206,0.0,false,128832240.5,103544382.0,90.761,false,true,3,0,0,0,0,3,0.100368,false,false,0,0,,,0,false,false
sh.563090,易方达上证50增强策略ETF,equity,L,2024-06-06,,2024-06-06,2024-12-31,141,0,0.0,141,0.145511,0.0,false,2412385.0,1195615.0,26.347,true,true,2,0,0,0,0,2,0.1,false,false,0,0,,,0,false,false
sh.563150,银华中证油气资源ETF,equity,L,2024-05-30,,2024-05-30,2024-12-31,146,0,0.0,146,0.150671,0.0,false,1233911.5,387485.0,18.563,true,false,2,0,0,0,0,2,0.082046,false,false,0,0,,,0,false,false
sh.563180,银华中证高股息策略ETF,equity,L,2024-05-14,,2024-05-14,2024-12-31,158,0,0.0,158,0.163055,0.0,false,5131520.5,2417522.0,39.179,true,true,0,0,0,0,0,0,0.0,false,false,0,0,,,0,false,false
sh.563200,富国中证2000ETF,equity,L,2023-10-18,,2023-10-18,2024-12-31,295,0,0.0,295,0.304438,0.0,false,7086515.0,3778179.0,45.595,true,true,9,0,0,0,0,9,0.096866,false,false,0,0,,,0,false,false
sh.563220,富国中证A500ETF,equity,L,2024-10-15,,2024-10-15,2024-12-31,56,0,0.0,56,0.057792,0.0,false,1152832151.5,1046436968.0,98.289,false,true,0,0,0,0,0,0,0.0,false,false,0,0,,,0,false,false
sh.563280,富国MSCI中国A50互联互通增强策略ETF,equity,L,2024-04-12,,2024-04-12,2024-12-31,177,0,0.0,177,0.182663,0.0,false,477130.0,158618.0,12.318,true,false,3,0,0,0,0,3,0.099915,false,false,0,0,,,0,false,false
sh.563300,华泰柏瑞中证2000ETF,equity,L,2023-09-14,,2023-09-14,2024-12-31,313,0,0.0,313,0.323013,0.0,false,142120738.0,86013861.0,91.36,false,true,8,0,0,0,0,8,0.100289,false,false,0,0,,,0,false,false
sh.563330,华泰柏瑞中证A股ETF,equity,L,2023-11-07,,2023-11-07,2024-12-31,281,0,0.0,281,0.28999,0.0,false,24561667.0,17208243.0,70.744,false,true,4,1,0,0,0,3,2.060136,true,true,0,0,,,0,false,false
sh.563350,华泰柏瑞中证A50ETF,equity,L,2024-03-18,,2024-03-18,2024-12-31,194,0,0.0,194,0.200206,0.0,false,69930417.0,50183014.0,85.885,false,true,3,0,0,0,0,3,0.087671,false,false,0,0,,,0,false,false
sh.563360,华泰柏瑞中证A500ETF,equity,L,2024-10-15,,2024-10-15,2024-12-31,56,0,0.0,56,0.057792,0.0,false,1503118916.0,1139244159.0,98.973,false,true,0,0,0,0,0,0,0.0,false,false,0,0,,,0,false,false
sh.563500,华宝中证A500ETF,equity,L,2024-12-02,,2024-12-02,2024-12-31,22,0,0.0,22,0.022704,0.0,false,455228394.0,415918974.0,95.295,false,true,0,0,0,0,0,0,0.0,false,false,0,0,,,0,false,false
sh.563520,永赢沪深300ETF,equity,L,2024-11-18,,2024-11-18,2024-12-31,32,0,0.0,32,0.033024,0.0,false,16010119.5,10283928.0,64.5,true,true,0,0,0,0,0,0,0.0,false,false,0,0,,,0,false,false
sh.563800,广发中证A500ETF,equity,L,2024-11-18,,2024-11-18,2024-12-31,32,0,0.0,32,0.033024,0.0,false,2318815000.0,2160824316.0,99.401,false,true,0,0,0,0,0,0,0.0,false,false,0,0,,,0,false,false
sh.563880,汇添富中证A500ETF,equity,L,2024-11-25,,2024-11-25,2024-12-31,27,0,0.0,27,0.027864,0.0,false,1016024902.0,915768820.0,98.033,false,true,0,0,0,0,0,0,0.0,false,false,0,0,,,0,false,false
sh.588000,华夏上证科创板50成份ETF,equity,L,2020-11-16,,2020-11-16,2024-12-31,1003,34,0.023256,969,1.0,0.023256,false,1447070256.0,830913644.0,98.717,false,true,8,0,0,0,0,8,0.2,false,false,0,0,,,0,false,false
sh.588010,博时上证科创板新材料ETF,equity,L,2022-10-26,,2022-10-26,2024-12-31,532,0,0.0,532,0.54902,0.0,false,14237648.5,10939713.0,62.104,true,true,7,0,0,0,0,7,0.200846,false,false,0,0,,,0,false,false
sh.588020,易方达上证科创板成长ETF,equity,L,2023-08-31,,2023-08-31,2024-12-31,323,0,0.0,323,0.333333,0.0,false,12723665.0,9271070.0,59.538,true,true,6,0,0,0,0,6,0.200399,false,false,0,0,,,0,false,false
sh.588030,博时上证科创板100ETF,equity,L,2023-09-15,,2023-09-15,2024-12-31,312,0,0.0,312,0.321981,0.0,false,553601062.0,363111567.0,95.808,false,true,7,0,0,0,0,7,0.199778,false,false,0,0,,,0,false,false
sh.588050,工银瑞信上证科创板50成份ETF,equity,L,2020-11-16,,2020-11-16,2024-12-31,1003,34,0.023256,969,1.0,0.023256,false,185064014.0,136058631.0,92.301,false,true,6,0,0,0,0,6,0.200258,false,false,0,0,,,0,false,false
sh.588060,广发上证科创板50成份ETF,equity,L,2021-07-29,,2021-07-29,2024-12-31,831,0,0.0,831,0.857585,0.0,false,49714900.0,6964326.0,81.266,false,true,5,0,0,0,0,5,0.2,false,false,0,0,,,0,false,false
sh.588070,万家上证科创板成长ETF,equity,L,2024-11-14,,2024-11-14,2024-12-31,34,0,0.0,34,0.035088,0.0,false,7191084.0,5355163.0,45.937,true,true,0,0,0,0,0,0,0.0,false,false,0,0,,,0,false,false
sh.588080,易方达上证科创板50成份ETF,equity,L,2020-11-16,,2020-11-16,2024-12-31,1003,34,0.023256,969,1.0,0.023256,false,395474378.0,277844565.0,94.782,false,true,6,0,0,0,0,6,0.200219,false,false,0,0,,,0,false,false
sh.588090,华泰柏瑞上证科创板50成份ETF,equity,L,2020-11-16,,2020-11-16,2024-12-31,1003,34,0.023256,969,1.0,0.023256,false,104054527.0,84102647.0,89.735,false,true,7,0,0,0,0,7,0.199784,false,false,0,0,,,0,false,false
sh.588100,嘉实上证科创板新一代信息技术ETF,equity,L,2022-05-27,,2022-05-27,2024-12-31,633,0,0.0,633,0.653251,0.0,false,51156263.0,33427950.0,82.207,false,true,9,0,0,0,0,9,0.200438,false,false,0,0,,,0,false,false
sh.588110,广发上证科创板成长ETF,equity,L,2023-08-31,,2023-08-31,2024-12-31,323,0,0.0,323,0.333333,0.0,false,25178579.0,18760399.0,71.343,false,true,7,0,0,0,0,7,0.199797,false,false,0,0,,,0,false,false
sh.588120,国泰上证科创板100ETF,equity,L,2023-09-15,,2023-09-15,2024-12-31,312,0,0.0,312,0.321981,0.0,false,200600854.5,134669776.0,92.472,false,true,8,0,0,0,0,8,0.199557,false,false,0,0,,,0,false,false
sh.588150,南方上证科创板50成份ETF,equity,L,2021-12-20,,2021-12-20,2024-12-31,736,0,0.0,736,0.759546,0.0,false,9705656.5,6617700.0,52.01,true,true,7,0,0,0,0,7,0.200765,false,false,0,0,,,0,false,false
sh.588160,南方上证科创板新材料ETF,equity,L,2022-10-26,,2022-10-26,2024-12-31,532,0,0.0,532,0.54902,0.0,false,11427680.5,7200757.0,57.057,true,true,10,0,0,0,0,10,0.2,false,false,0,0,,,0,false,false
sh.588180,国联安上证科创板50成份ETF,equity,L,2021-07-01,,2021-07-01,2024-12-31,851,0,0.0,851,0.878225,0.0,false,27221540.0,18660772.0,72.37,false,true,7,0,0,0,0,7,0.200686,false,false,0,0,,,0,false,false
sh.588190,银华上证科创板100ETF,equity,L,2023-09-15,,2023-09-15,2024-12-31,312,0,0.0,312,0.321981,0.0,false,221975243.5,127293833.0,93.071,false,true,7,0,0,0,0,7,0.199778,false,false,0,0,,,0,false,false
sh.588200,嘉实上证科创板芯片ETF,equity,L,2022-10-26,,2022-10-26,2024-12-31,532,0,0.0,532,0.54902,0.0,false,378659493.5,244764033.0,94.525,false,true,11,0,0,0,0,11,0.200407,false,false,0,0,,,0,false,false
sh.588210,易方达上证科创板100ETF,equity,L,2023-11-16,,2023-11-16,2024-12-31,274,0,0.0,274,0.282766,0.0,false,9864130.0,6097682.0,52.267,true,true,8,0,0,0,0,8,0.199768,false,false,0,0,,,0,false,false
sh.588220,鹏华上证科创板100ETF,equity,L,2023-09-15,,2023-09-15,2024-12-31,312,0,0.0,312,0.321981,0.0,false,577220321.5,360891575.0,96.065,false,true,8,0,0,0,0,8,0.200445,false,false,0,0,,,0,false,false
sh.588230,华泰柏瑞上证科创板200ETF,equity,L,2024-12-24,,2024-12-24,2024-12-31,6,0,0.0,6,0.006192,0.0,false,49334401.5,25031170.0,80.924,false,true,0,0,0,0,0,0,0.0,false,false,0,0,,,0,false,false
sh.588260,华安上证科创板新一代信息技术ETF,equity,L,2022-05-27,,2022-05-27,2024-12-31,633,0,0.0,633,0.653251,0.0,false,23217007.0,13619268.0,70.145,false,true,9,0,0,0,0,9,0.199779,false,false,0,0,,,0,false,false
sh.588280,华安上证科创板50成份ETF,equity,L,2021-10-29,,2021-10-29,2024-12-31,772,0,0.0,772,0.796698,0.0,false,10784710.0,6586233.0,55.175,true,true,6,0,0,0,0,6,0.200743,false,false,0,0,,,0,false,false
sh.588290,华安上证科创板芯片ETF,equity,L,2022-10-26,,2022-10-26,2024-12-31,532,0,0.0,532,0.54902,0.0,false,94230927.5,54361711.0,88.537,false,true,12,0,0,0,0,12,0.20021,false,false,0,0,,,0,false,false
sh.588300,招商中证科创创业50ETF,equity,L,2021-07-05,,2021-07-05,2024-12-31,849,0,0.0,849,0.876161,0.0,false,48782164.0,30521244.0,80.667,false,true,5,0,0,0,0,5,0.200692,false,false,0,0,,,0,false,false
sh.588310,方正富邦中证科创创业50ETF,equity,L,2021-12-02,,2021-12-02,2024-12-31,748,0,0.0,748,0.77193,0.0,false,357506.0,141797.0,11.035,true,false,6,0,0,0,0,6,0.200765,false,false,0,0,,,0,false,false
sh.588320,广发中证科创创业50增强策略ETF,equity,L,2023-01-06,,2023-01-06,2024-12-31,480,0,0.0,480,0.495356,0.0,false,366127.5,119905.0,11.206,true,false,5,0,0,0,0,5,0.199777,false,false,0,0,,,0,false,false
sh.588330,华宝中证科创创业50ETF,equity,L,2021-07-06,,2021-07-06,2024-12-31,848,0,0.0,848,0.875129,0.0,false,33205920.5,22461953.0,75.449,false,true,5,0,0,0,0,5,0.200837,false,false,0,0,,,0,false,false
sh.588350,鹏扬中证科创创业50ETF,equity,L,2022-11-10,,2022-11-10,2024-12-31,521,0,0.0,521,0.537668,0.0,false,4227296.0,1776037.0,35.415,true,true,6,0,0,0,0,6,0.19977,false,false,0,0,,,0,false,false
sh.588360,国泰中证科创创业50ETF,equity,L,2021-07-06,,2021-07-06,2024-12-31,848,0,0.0,848,0.875129,0.0,false,35673133.0,28140522.0,76.476,false,true,5,0,0,0,0,5,0.2,false,false,0,0,,,0,false,false
sh.588370,南方上证科创板50成份增强策略ETF,equity,L,2022-12-13,,2022-12-13,2024-12-31,498,0,0.0,498,0.513932,0.0,false,21442169.0,13041066.0,68.777,false,true,5,0,0,0,0,5,0.199726,false,false,0,0,,,0,false,false
sh.588380,富国中证科创创业50ETF,equity,L,2021-07-06,,2021-07-06,2024-12-31,848,0,0.0,848,0.875129,0.0,false,71315013.0,42419028.0,86.228,false,true,5,0,0,0,0,5,0.200692,false,false,0,0,,,0,false,false
sh.588390,博时中证科创创业50ETF,equity,L,2021-08-30,,2021-08-30,2024-12-31,809,0,0.0,809,0.834881,0.0,false,12636659.0,10026278.0,59.453,true,true,7,0,0,0,0,7,0.200326,false,false,0,0,,,0,false,false
sh.588400,嘉实中证科创创业50ETF,equity,L,2021-07-05,,2021-07-05,2024-12-31,849,0,0.0,849,0.876161,0.0,false,68372582.0,33646329.0,85.543,false,true,6,0,0,0,0,6,0.19965,false,false,0,0,,,0,false,false
sh.588450,招商上证科创板50成份增强策略ETF,equity,L,2024-05-22,,2024-05-22,2024-12-31,152,0,0.0,152,0.156863,0.0,false,7718056.0,2704208.0,47.476,true,true,4,0,0,0,0,4,0.200411,false,false,0,0,,,0,false,false
sh.588460,鹏华上证科创板50成份增强策略ETF,equity,L,2023-01-05,,2023-01-05,2024-12-31,482,0,0.0,482,0.49742,0.0,false,42991525.0,28472273.0,79.042,false,true,6,0,0,0,0,6,0.200204,false,false,0,0,,,0,false,false
sh.588500,易方达上证科创板100增强策略ETF,equity,L,2024-07-19,,2024-07-19,2024-12-31,111,0,0.0,111,0.114551,0.0,false,8401787.0,395596.0,49.701,true,true,8,0,0,0,0,8,0.2,false,false,0,0,,,0,false,false
sh.588680,广发上证科创板100增强策略ETF,equity,L,2024-07-05,,2024-07-05,2024-12-31,121,0,0.0,121,0.124871,0.0,false,5485003.0,3109047.0,40.462,true,true,5,0,0,0,0,5,0.200328,false,false,0,0,,,0,false,false
sh.588700,嘉实上证科创板生物医药ETF,equity,L,2024-01-05,,2024-01-05,2024-12-31,239,0,0.0,239,0.246646,0.0,false,8234847.0,5843150.0,49.358,true,true,7,0,0,0,0,7,0.186951,false,false,0,0,,,0,false,false
sh.588750,汇添富上证科创板芯片ETF,equity,L,2024-12-26,,2024-12-26,2024-12-31,4,0,0.0,4,0.004128,0.0,false,44810739.5,31426924.0,79.812,false,true,0,0,0,0,0,0,0.0,false,false,0,0,,,0,false,false
sh.588780,国联安上证科创板芯片设计主题ETF,equity,L,2024-12-26,,2024-12-26,2024-12-31,4,0,0.0,4,0.004128,0.0,false,51838740.5,32150670.0,82.635,false,true,0,0,0,0,0,0,0.0,false,false,0,0,,,0,false,false
sh.588800,华夏上证科创板100ETF,equity,L,2023-11-16,,2023-11-16,2024-12-31,274,0,0.0,274,0.282766,0.0,false,494015600.5,299190291.0,95.381,false,true,7,0,0,0,0,7,0.200557,false,false,0,0,,,0,false,false
sh.588830,鹏华上证科创板新能源ETF,equity,L,2024-08-09,,2024-08-09,2024-12-31,96,0,0.0,96,0.099071,0.0,false,33783716.5,5097608.0,75.877,false,true,6,0,0,0,0,6,0.2,false,false,0,0,,,0,false,false
sh.588860,工银瑞信上证科创板生物医药ETF,equity,L,2024-08-23,,2024-08-23,2024-12-31,86,0,0.0,86,0.088751,0.0,false,40957416.0,18493701.0,78.529,false,true,4,0,0,0,0,4,0.199226,false,false,0,0,,,0,false,false
sh.588880,华泰柏瑞上证科创板100ETF,equity,L,2023-11-16,,2023-11-16,2024-12-31,274,0,0.0,274,0.282766,0.0,false,41447739.5,27480035.0,78.7,false,true,7,0,0,0,0,7,0.200469,false,false,0,0,,,0,false,false
sh.588890,南方上证科创板芯片ETF,equity,L,2024-04-23,,2024-04-23,2024-12-31,170,0,0.0,170,0.175439,0.0,false,3482916.0,1392919.0,31.48,true,true,8,0,0,0,0,8,0.2,false,false,0,0,,,0,false,false
sh.588900,南方上证科创板100ETF,equity,L,2023-12-18,,2023-12-18,2024-12-31,252,0,0.0,252,0.260062,0.0,false,41218086.0,22498624.0,78.614,false,true,8,0,0,0,0,8,0.200542,false,false,0,0,,,0,false,false
sh.588990,博时上证科创板芯片ETF,equity,L,2024-08-16,,2024-08-16,2024-12-31,91,0,0.0,91,0.093911,0.0,false,37507243.0,9546128.0,77.16,false,true,7,0,0,0,0,7,0.2,false,false,0,0,,,0,false,false
sz.159001,易方达保证金收益货币ETF-A,money,L,2014-10-20,,2015-01-05,2024-12-31,2430,1461,0.999316,969,1.0,0.999316,true,411774404.0,191509542.8,94.867,false,true,0,0,0,0,0,0,0.0,false,false,0,0,,,0,false,true
sz.159003,招商保证金快线货币ETF-A,money,L,2014-10-20,,2015-01-05,2024-12-31,2430,1461,0.999316,969,1.0,0.999316,true,56540278.0,16598057.0,83.747,false,true,0,0,0,0,0,0,0.0,false,false,0,0,,,0,false,true
sz.159005,汇添富收益快钱货币ETF-A,money,L,2015-01-13,,2015-01-13,2024-12-31,2424,1455,0.995212,969,1.0,0.995212,true,11221032.5,2780481.0,56.287,true,true,0,0,0,0,0,0,0.0,false,false,0,0,,,0,false,true
sz.159150,易方达深证50ETF,equity,L,2023-12-11,,2023-12-11,2024-12-31,257,0,0.0,257,0.265222,0.0,false,20634149.0,15371801.0,68.178,false,true,4,0,0,0,0,4,0.1,false,false,0,0,,,0,false,false
sz.159300,富国沪深300ETF,equity,L,2024-06-05,,2024-06-05,2024-12-31,142,0,0.0,142,0.146543,0.0,false,49843319.5,28952347.0,81.352,false,true,5,1,0,0,0,4,2.558068,true,true,0,0,,,0,false,false
sz.159301,华夏中证全指公用事业ETF,equity,L,2024-07-22,,2024-07-22,2024-12-31,110,0,0.0,110,0.113519,0.0,false,6168123.5,4931203.0,42.943,true,true,0,0,0,0,0,0,0.0,false,false,0,0,,,0,false,false
sz.159302,银华中证港股通高股息投资ETF,cross_border,L,2024-09-02,,2024-09-02,2024-12-31,80,0,0.0,80,0.082559,0.0,false,12305457.5,7223272.0,58.939,true,true,0,0,0,0,0,0,0.0,false,false,0,0,,,0,false,false
sz.159303,大成恒生医疗保健ETF(QDII),cross_border,L,2024-06-27,,2024-06-27,2024-12-31,127,0,0.0,127,0.131063,0.0,false,5302362.0,3238744.0,39.863,true,true,2,0,0,0,0,2,0.100362,false,false,0,0,,,0,false,false
sz.159305,广发国证新能源电池ETF,equity,L,2024-09-27,,2024-09-27,2024-12-31,63,0,0.0,63,0.065015,0.0,false,8362871.0,4152053.0,49.615,true,true,4,0,0,0,0,4,0.100358,false,false,0,0,,,0,false,false
sz.159306,平安中证汽车零部件主题ETF,equity,L,2024-05-14,,2024-05-14,2024-12-31,158,0,0.0,158,0.163055,0.0,false,2481547.0,1124132.0,26.689,true,true,3,0,0,0,0,3,0.096436,false,false,0,0,,,0,false,false
sz.159307,博时中证红利低波动100ETF,equity,L,2024-04-25,,2024-04-25,2024-12-31,168,0,0.0,168,0.173375,0.0,false,4506925.5,2549775.0,36.527,true,true,2,0,0,0,0,2,0.072155,false,false,0,0,,,0,false,false
sz.159309,汇添富中证油气资源ETF,equity,L,2024-06-18,,2024-06-18,2024-12-31,134,0,0.0,134,0.138287,0.0,false,7367342.5,5689260.0,46.621,true,true,2,0,0,0,0,2,0.077213,false,false,0,0,,,0,false,false
sz.159310,天弘中证芯片产业ETF,equity,L,2024-04-30,,2024-04-30,2024-12-31,165,0,0.0,165,0.170279,0.0,false,5919418.0,2960548.0,41.831,true,true,6,0,0,0,0,6,0.100392,false,false,0,0,,,0,false,false
sz.159312,广发恒指港股通ETF,cross_border,L,2024-11-08,,2024-11-08,2024-12-31,38,0,0.0,38,0.039216,0.0,false,7590969.0,5397524.0,47.22,true,true,0,0,0,0,0,0,0.0,false,false,0,0,,,0,false,false
sz.159315,工银瑞信中证沪深港黄金产业股票ETF,equity,L,2024-06-14,,2024-06-14,2024-12-31,136,0,0.0,136,0.140351,0.0,false,4444452.5,2610268.0,36.27,true,true,2,0,0,0,0,2,0.071705,false,false,0,0,,,0,false,false
sz.159318,银华恒指港股通ETF,cross_border,L,2024-06-21,,2024-06-21,2024-12-31,131,0,0.0,131,0.135191,0.0,false,6180466.0,3599937.0,43.028,true,true,0,0,0,0,0,0,0.0,false,false,0,0,,,0,false,false
sz.159320,广发恒生A股电网设备ETF,cross_border,L,2024-12-24,,2024-12-24,2024-12-31,6,0,0.0,6,0.006192,0.0,false,14117995.0,4609674.0,62.019,true,true,0,0,0,0,0,0,0.0,false,false,0,0,,,0,false,false
sz.159321,华安中证沪深港黄金产业股票ETF,equity,L,2024-05-27,,2024-05-27,2024-12-31,149,0,0.0,149,0.153767,0.0,false,4972293.0,3261065.0,38.152,true,true,2,0,0,0,0,2,0.082822,false,false,0,0,,,0,false,false
sz.159322,平安中证沪深港黄金产业股票ETF,equity,L,2024-06-14,,2024-06-14,2024-12-31,136,0,0.0,136,0.140351,0.0,false,2319616.0,1310974.0,25.834,true,true,3,0,0,0,0,3,0.100307,false,false,0,0,,,0,false,false
sz.159325,南方中证半导体行业精选ETF,equity,L,2024-11-08,,2024-11-08,2024-12-31,38,0,0.0,38,0.039216,0.0,false,20843477.0,13042774.0,68.349,false,true,0,0,0,0,0,0,0.0,false,false,0,0,,,0,false,false
sz.159326,华夏中证电网设备主题ETF,equity,L,2024-09-09,,2024-09-09,2024-12-31,75,0,0.0,75,0.077399,0.0,false,11095921.0,8918756.0,56.031,true,true,1,0,0,0,0,1,0.099539,false,false,0,0,,,0,false,false
sz.159327,万家中证半导体材料设备主题ETF,equity,L,2024-08-05,,2024-08-05,2024-12-31,100,0,0.0,100,0.103199,0.0,false,11490959.0,6157172.0,57.314,true,true,8,0,0,0,0,8,0.100414,false,false,0,0,,,0,false,false
sz.159328,易方达中证家电龙头ETF,equity,L,2024-11-15,,2024-11-15,2024-12-31,33,0,0.0,33,0.034056,0.0,false,3804427.0,2682648.0,33.02,true,true,0,0,0,0,0,0,0.0,false,false,0,0,,,0,false,false
sz.159329,南方基金南方东英沙特阿拉伯ETF(QDII),cross_border,L,2024-07-16,,2024-07-16,2024-12-31,114,0,0.0,114,0.117647,0.0,false,59043976.5,31586588.0,84.431,false,true,4,0,0,0,0,4,0.100093,false,false,0,0,,,0,false,false
sz.159330,东财沪深300ETF,equity,L,2024-08-19,,2024-08-19,2024-12-31,90,0,0.0,90,0.092879,0.0,false,26224897.0,11340927.0,71.942,false,true,4,0,0,0,0,4,0.100223,false,false,0,0,,,0,false,false
sz.159331,国泰中证港股通高股息投资ETF,cross_border,L,2024-08-01,,2024-08-01,2024-12-31,102,0,0.0,102,0.105263,0.0,false,11867274.0,5343796.0,58.169,true,true,2,0,0,0,0,2,0.100313,false,false,0,0,,,0,false,false
sz.159332,富国中证中央企业红利ETF,equity,L,2024-08-01,,2024-08-01,2024-12-31,102,0,0.0,102,0.105263,0.0,false,7240464.0,5233753.0,46.108,true,true,2,0,0,0,0,2,0.071017,false,false,0,0,,,0,false,false
sz.159333,万家中证港股通央企红利ETF,cross_border,L,2024-09-03,,2024-09-03,2024-12-31,79,0,0.0,79,0.081527,0.0,false,18560818.0,11736270.0,67.237,true,true,5,0,0,0,0,5,0.100291,false,false,0,0,,,0,false,false
sz.159335,融通中证诚通央企科技创新ETF,equity,L,2024-09-05,,2024-09-05,2024-12-31,77,0,0.0,77,0.079463,0.0,false,14764961.0,5793218.0,62.618,true,true,3,0,0,0,0,3,0.093173,false,false,0,0,,,0,false,false
sz.159337,东财中证500ETF,equity,L,2024-09-20,,2024-09-20,2024-12-31,68,0,0.0,68,0.070175,0.0,false,13094016.0,7267255.0,60.137,true,true,4,0,0,0,0,4,0.100085,false,false,0,0,,,0,false,false
sz.159338,国泰中证A500ETF,equity,L,2024-10-15,,2024-10-15,2024-12-31,56,0,0.0,56,0.057792,0.0,false,2870618681.5,2485860094.0,99.572,false,true,0,0,0,0,0,0,0.0,false,false,0,0,,,0,false,false
sz.159339,银华中证A500ETF,equity,L,2024-10-15,,2024-10-15,2024-12-31,56,0,0.0,56,0.057792,0.0,false,819488141.5,734242676.0,97.263,false,true,0,0,0,0,0,0,0.0,false,false,0,0,,,0,false,false
sz.159350,富国深证50ETF,equity,L,2023-12-11,,2023-12-11,2024-12-31,257,0,0.0,257,0.265222,0.0,false,55264813.0,38325906.0,83.405,false,true,4,0,0,0,0,4,0.100402,false,false,0,0,,,0,false,false
sz.159351,嘉实中证A500ETF,equity,L,2024-10-15,,2024-10-15,2024-12-31,56,0,0.0,56,0.057792,0.0,false,1264015526.5,815608671.0,98.46,false,true,0,0,0,0,0,0,0.0,false,false,0,0,,,0,false,false
sz.159352,南方中证A500ETF,equity,L,2024-10-15,,2024-10-15,2024-12-31,56,0,0.0,56,0.057792,0.0,false,1918513817.5,1254225996.0,99.23,false,true,0,0,0,0,0,0,0.0,false,false,0,0,,,0,false,false
sz.159353,景顺长城中证A500ETF,equity,L,2024-10-15,,2024-10-15,2024-12-31,56,0,0.0,56,0.057792,0.0,false,830735816.0,735549743.0,97.434,false,true,0,0,0,0,0,0,0.0,false,false,0,0,,,0,false,false
sz.159355,华宝中证800红利低波动ETF,equity,L,2024-12-03,,2024-12-03,2024-12-31,21,0,0.0,21,0.021672,0.0,false,8780458.0,5949888.0,50.47,true,true,0,0,0,0,0,0,0.0,false,false,0,0,,,0,false,false
sz.159356,万家中证A500ETF,equity,L,2024-12-06,,2024-12-06,2024-12-31,18,0,0.0,18,0.018576,0.0,false,837059602.0,738997686.0,97.519,false,true,0,0,0,0,0,0,0.0,false,false,0,0,,,0,false,false
sz.159357,博时中证A500ETF,equity,L,2024-11-28,,2024-11-28,2024-12-31,24,0,0.0,24,0.024768,0.0,false,844730728.0,757915644.0,97.605,false,true,0,0,0,0,0,0,0.0,false,false,0,0,,,0,false,false
sz.159358,大成中证A500ETF,equity,L,2024-11-29,,2024-11-29,2024-12-31,23,0,0.0,23,0.023736,0.0,false,514174083.0,483754442.0,95.466,false,true,0,0,0,0,0,0,0.0,false,false,0,0,,,0,false,false
sz.159359,华安中证A500ETF,equity,L,2024-12-02,,2024-12-02,2024-12-31,22,0,0.0,22,0.022704,0.0,false,538774379.5,501167168.0,95.723,false,true,0,0,0,0,0,0,0.0,false,false,0,0,,,0,false,false
sz.159360,天弘中证A500ETF,equity,L,2024-11-28,,2024-11-28,2024-12-31,24,0,0.0,24,0.024768,0.0,false,621760257.5,544889018.0,96.407,false,true,0,0,0,0,0,0,0.0,false,false,0,0,,,0,false,false
sz.159361,易方达中证A500ETF,equity,L,2024-11-19,,2024-11-19,2024-12-31,31,0,0.0,31,0.031992,0.0,false,2753043144.0,2324605636.0,99.487,false,true,0,0,0,0,0,0,0.0,false,false,0,0,,,0,false,false
sz.159362,工银瑞信中证A500ETF,equity,L,2024-12-02,,2024-12-02,2024-12-31,22,0,0.0,22,0.022704,0.0,false,279230747.5,206431606.0,93.413,false,true,0,0,0,0,0,0,0.0,false,false,0,0,,,0,false,false
sz.159363,华宝创业板人工智能ETF,equity,L,2024-12-16,,2024-12-16,2024-12-31,12,0,0.0,12,0.012384,0.0,false,103240187.0,90154495.0,89.564,false,true,0,0,0,0,0,0,0.0,false,false,0,0,,,0,false,false
sz.159501,嘉实纳斯达克100ETF(QDII),cross_border,L,2023-06-14,,2023-06-14,2024-12-31,377,0,0.0,377,0.389061,0.0,false,59450996.0,23742220.0,84.517,false,true,1,0,0,0,0,1,0.074219,false,false,0,0,,,0,false,false
sz.159502,嘉实标普生物科技精选行业ETF(QDII),cross_border,L,2024-01-10,,2024-01-10,2024-12-31,236,0,0.0,236,0.24355,0.0,false,65334810.5,42419797.0,85.115,false,true,1,0,0,0,0,1,0.06409,false,false,0,0,,,0,false,false
sz.159503,鹏扬国证财富管理ETF,equity,D,2023-07-20,2024-07-19,2023-07-20,2024-07-11,237,0,0.0,237,0.244582,0.0,false,6994064.0,4679150.0,45.423,true,true,1,0,0,0,0,1,0.072185,false,false,0,0,,,0,false,false
sz.159505,博时国证2000ETF,equity,L,2023-12-04,,2023-12-04,2024-12-30,261,0,0.0,261,0.26935,0.0,false,1820489.0,732768.0,21.985,true,false,7,0,0,0,0,7,0.100287,false,false,0,0,,,0,false,false
sz.159506,富国恒生港股通创新药及医疗保健ETF,cross_border,L,2023-07-03,,2023-07-03,2024-12-31,366,0,0.0,366,0.377709,0.0,false,84796098.5,61374643.0,87.596,false,true,6,0,0,0,0,6,0.099768,false,false,0,0,,,0,false,false
sz.159507,广发国证通信ETF,equity,L,2023-06-21,,2023-06-21,2024-12-31,372,0,0.0,372,0.383901,0.0,false,6264897.0,3781553.0,43.285,true,true,3,0,0,0,0,3,0.100097,false,false,0,0,,,0,false,false
sz.159508,华安国证生物医药ETF,equity,L,2023-07-14,,2023-07-14,2024-12-31,357,0,0.0,357,0.368421,0.0,false,2034187.0,1116228.0,23.439,true,false,5,0,0,0,0,5,0.100391,false,false,0,0,,,0,false,false
sz.159509,景顺长城纳斯达克科技市值加权ETF(QDII),cross_border,L,2023-08-08,,2023-08-08,2024-12-31,340,0,0.0,340,0.350877,0.0,false,765959069.5,99933774.0,96.92,false,true,3,0,0,0,0,3,0.099932,false,false,0,0,,,0,false,false
sz.159510,华夏中证智选300价值稳健策略ETF,equity,L,2023-08-16,,2023-08-16,2024-12-31,334,0,0.0,334,0.344685,0.0,false,3353313.5,2221156.0,30.624,true,true,2,0,0,0,0,2,0.100279,false,false,0,0,,,0,false,false
sz.159511,南方中证通信服务ETF,equity,L,2023-08-07,,2023-08-07,2024-12-31,341,0,0.0,341,0.351909,0.0,false,3386402.0,2124055.0,30.967,true,true,4,0,0,0,0,4,0.100427,false,false,0,0,,,0,false,false
sz.159512,广发中证全指汽车ETF,equity,L,2023-07-25,,2023-07-25,2024-12-31,350,0,0.0,350,0.361197,0.0,false,15560719.0,10507711.0,63.815,true,true,3,0,0,0,0,3,0.100069,false,false,0,0,,,0,false,false
sz.159513,大成纳斯达克100ETF(QDII),cross_border,L,2023-07-28,,2023-07-28,2024-12-31,347,0,0.0,347,0.358101,0.0,false,70987993.0,19343745.0,86.142,false,true,1,0,0,0,0,1,0.070237,false,false,0,0,,,0,false,false
sz.159515,鹏扬中证国有企业红利ETF,equity,L,2023-09-06,,2023-09-06,2024-12-31,319,0,0.0,319,0.329205,0.0,false,2143125.0,1009874.0,24.465,true,false,3,0,0,0,0,3,0.094967,false,false,0,0,,,0,false,false
sz.159516,国泰中证半导体材料设备主题ETF,equity,L,2023-07-27,,2023-07-27,2024-12-31,348,0,0.0,348,0.359133,0.0,false,68599433.5,54863308.0,85.714,false,true,10,0,0,0,0,10,0.100121,false,false,0,0,,,0,false,false
sz.159517,银华中证800增强策略ETF,equity,L,2023-09-05,,2023-09-05,2024-12-31,319,0,0.0,319,0.329205,0.0,false,5614374.0,3645965.0,40.975,true,true,2,0,0,0,0,2,0.077,false,false,0,0,,,0,false,false
sz.159518,嘉实标普石油天然气勘探及生产精选行业ETF(QDII),cross_border,L,2023-11-15,,2023-11-15,2024-12-31,275,0,0.0,275,0.283798,0.0,false,15715772.0,9154455.0,64.157,true,true,3,0,0,0,0,3,0.075893,false,false,0,0,,,0,false,false
sz.159519,国泰中证香港内地国有企业ETF(QDII),cross_border,L,2023-08-31,,2023-08-31,2024-12-31,323,0,0.0,323,0.333333,0.0,false,23182143.0,17050122.0,70.06,false,true,0,0,0,0,0,0,0.0,false,false,0,0,,,0,false,false
sz.159520,工银瑞信中证消费龙头ETF,equity,L,2023-10-31,,2023-10-31,2024-12-31,286,0,0.0,286,0.29515,0.0,false,3850872.0,2761110.0,33.362,true,true,5,0,0,0,0,5,0.100301,false,false,0,0,,,0,false,false
sz.159521,平安国证2000ETF,equity,L,2023-09-07,,2023-09-07,2024-12-31,318,0,0.0,318,0.328173,0.0,false,10617633.0,7259548.0,54.577,true,true,5,0,0,0,0,5,0.099881,false,false,0,0,,,0,false,false
sz.159522,景顺长城国证2000ETF,equity,D,2023-10-16,2024-08-28,2023-10-16,2024-08-19,208,0,0.0,208,0.214654,0.0,false,2505723.0,1156024.0,26.775,true,true,2,0,0,0,0,2,0.069645,false,false,0,0,,,0,false,false
sz.159523,华夏中证智选300成长创新策略ETF,equity,L,2023-09-19,,2023-09-19,2024-12-31,310,0,0.0,310,0.319917,0.0,false,2073316.0,1184979.0,23.952,true,false,4,0,0,0,0,4,0.100168,false,false,0,0,,,0,false,false
sz.159525,富国中证红利低波动ETF,equity,L,2024-05-20,,2024-05-20,2024-12-31,154,0,0.0,154,0.158927,0.0,false,3495956.5,1786084.0,31.651,true,true,1,0,0,0,0,1,0.069877,false,false,0,0,,,0,false,false
sz.159526,嘉实中证机器人ETF,equity,L,2024-04-24,,2024-04-24,2024-12-31,169,0,0.0,169,0.174407,0.0,false,5073079.0,2764206.0,38.837,true,true,6,0,0,0,0,6,0.100209,false,false,0,0,,,0,false,false
sz.159527,广发中证云计算与大数据主题ETF,equity,L,2024-02-01,,2024-02-01,2024-12-31,219,0,0.0,219,0.226006,0.0,false,1959204.0,1101185.0,23.011,true,false,6,0,0,0,0,6,0.09991,false,false,0,0,,,0,false,false
sz.159528,富国中证国有企业改革ETF,equity,L,2024-05-20,,2024-05-20,2024-12-31,154,0,0.0,154,0.158927,0.0,false,2023585.0,549705.0,23.353,true,false,3,0,0,0,0,3,0.100082,false,false,0,0,,,0,false,false
sz.159529,景顺长城标普消费精选ETF(QDII),cross_border,L,2024-02-02,,2024-02-02,2024-12-31,219,0,0.0,219,0.226006,0.0,false,10781606.0,5253565.0,55.09,true,true,3,0,0,0,0,3,0.094644,false,false,0,0,,,0,false,false
sz.159530,易方达国证机器人产业ETF,equity,L,2024-01-18,,2024-01-18,2024-12-31,230,0,0.0,230,0.237358,0.0,false,3350078.0,1612710.0,30.453,true,true,5,0,0,0,0,5,0.100483,false,false,0,0,,,0,false,false
sz.159531,南方中证2000ETF,equity,L,2023-09-18,,2023-09-18,2024-12-31,311,0,0.0,311,0.320949,0.0,false,57130571.0,32724457.0,84.089,false,true,10,0,0,0,0,10,0.100147,false,false,0,0,,,0,false,false
sz.159532,易方达中证2000ETF,equity,L,2023-09-21,,2023-09-21,2024-12-31,308,0,0.0,308,0.317853,0.0,false,10226109.5,4750026.0,53.293,true,true,10,0,0,0,0,10,0.099726,false,false,0,0,,,0,false,false
sz.159533,博时中证2000ETF,equity,L,2024-06-07,,2024-06-07,2024-12-30,139,0,0.0,139,0.143447,0.0,false,851935.0,506241.0,16.51,true,false,5,0,0,0,0,5,0.099291,false,false,0,0,,,0,false,false
sz.159535,嘉实中证2000ETF,equity,L,2023-09-22,,2023-09-22,2024-12-31,307,0,0.0,307,0.316821,0.0,false,7829574.0,4155285.0,47.819,true,true,9,0,0,0,0,9,0.1,false,false,0,0,,,0,false,false
sz.159536,汇添富中证2000ETF,equity,L,2023-09-21,,2023-09-21,2024-12-31,308,0,0.0,308,0.317853,0.0,false,18373038.5,9696642.0,66.98,true,true,10,0,0,0,0,10,0.099855,false,false,0,0,,,0,false,false
sz.159537,国泰国证信息技术创新主题ETF,equity,L,2023-10-10,,2023-10-10,2024-12-31,300,0,0.0,300,0.309598,0.0,false,4224657.0,1341777.0,35.329,true,true,8,0,0,0,0,8,0.100103,false,false,0,0,,,0,false,false
sz.159538,富国国证信息技术创新主题ETF,equity,L,2023-09-22,,2023-09-22,2024-12-31,306,0,0.0,306,0.315789,0.0,false,6308351.0,5311773.0,43.456,true,true,8,0,0,0,0,8,0.100089,false,false,0,0,,,0,false,false
sz.159539,广发国证信息技术创新主题ETF,equity,L,2023-09-28,,2023-09-28,2024-12-31,302,0,0.0,302,0.311662,0.0,false,3631424.5,1945631.0,32.421,true,true,7,0,0,0,0,7,0.100379,false,false,0,0,,,0,false,false
sz.159540,易方达国证信息技术创新主题ETF,equity,L,2023-09-28,,2023-09-28,2024-12-31,303,0,0.0,303,0.312693,0.0,false,2536006.0,1571385.0,27.117,true,true,8,0,0,0,0,8,0.100102,false,false,0,0,,,0,false,false
sz.159541,万家创业板综合ETF,equity,L,2023-10-31,,2023-10-31,2024-12-31,286,0,0.0,286,0.29515,0.0,false,20668732.0,16349631.0,68.263,false,true,5,0,0,0,0,5,0.2,false,false,0,0,,,0,false,false
sz.159542,大成中证工程机械主题ETF,equity,L,2024-06-07,,2024-06-07,2024-12-31,140,0,0.0,140,0.144479,0.0,false,608178.0,325113.0,14.457,true,false,2,0,0,0,0,2,0.084253,false,false,0,0,,,0,false,false
sz.159543,工银瑞信国证2000ETF,equity,L,2023-11-20,,2023-11-20,2024-12-31,272,0,0.0,272,0.280702,0.0,false,1310333.5,654377.0,19.247,true,false,8,0,0,0,0,8,0.100137,false,false,0,0,,,0,false,false
sz.159545,易方达恒生港股通高股息低波动ETF,cross_border,L,2024-04-15,,2024-04-15,2024-12-31,176,0,0.0,176,0.181631,0.0,false,13300417.0,7857036.0,60.393,true,true,1,0,0,0,0,1,0.062602,false,false,0,0,,,0,false,false
sz.159546,国泰中证全指集成电路ETF,equity,L,2023-10-20,,2023-10-20,2024-12-31,293,0,0.0,293,0.302374,0.0,false,12602720.0,8049515.0,59.367,true,true,9,0,0,0,0,9,0.100571,false,false,0,0,,,0,false,false
sz.159547,华夏中证红利低波动ETF,equity,L,2024-02-06,,2024-02-06,2024-12-31,216,0,0.0,216,0.22291,0.0,false,1955275.0,861442.0,22.926,true,false,0,0,0,0,0,0,0.0,false,false,0,0,,,0,false,false
sz.159549,天弘中证红利低波动100ETF,equity,L,2023-12-11,,2023-12-11,2024-12-31,257,0,0.0,257,0.265222,0.0,false,5172703.0,1800278.0,39.264,true,true,2,0,0,0,0,2,0.070093,false,false,0,0,,,0,false,false
sz.159551,国泰中证机器人ETF,equity,L,2023-11-16,,2023-11-16,2024-12-31,274,0,0.0,274,0.282766,0.0,false,10947672.5,5323497.0,55.603,true,true,7,0,0,0,0,7,0.100239,false,false,0,0,,,0,false,false
sz.159552,招商中证2000增强策略ETF,equity,L,2024-06-28,,2024-06-28,2024-12-31,126,0,0.0,126,0.130031,0.0,false,1697862.5,901549.0,21.386,true,false,4,0,0,0,0,4,0.099362,false,false,0,0,,,0,false,false
sz.159553,海富通中证2000增强策略ETF,equity,L,2024-04-15,,2024-04-15,2024-12-31,175,0,0.0,175,0.180599,0.0,false,548431.0,181963.0,13.345,true,false,6,0,0,0,0,6,0.089655,false,false,0,0,,,0,false,false
sz.159555,银华中证2000增强策略ETF,equity,L,2023-12-12,,2023-12-12,2024-12-31,256,0,0.0,256,0.26419,0.0,false,8324175.0,4190887.0,49.444,true,true,11,0,0,0,0,11,0.100281,false,false,0,0,,,0,false,false
sz.159556,平安中证2000增强策略ETF,equity,L,2024-01-10,,2024-01-10,2024-12-31,236,0,0.0,236,0.24355,0.0,false,5097880.5,2567686.0,38.922,true,true,9,0,0,0,0,9,0.099622,false,false,0,0,,,0,false,false
sz.159557,嘉实恒生医疗保健ETF(QDII),cross_border,L,2024-05-22,,2024-05-22,2024-12-31,152,0,0.0,152,0.156863,0.0,false,6774382.5,4582799.0,44.568,true,true,3,0,0,0,0,3,0.099125,false,false,0,0,,,0,false,false
sz.159558,易方达中证半导体材料设备主题ETF,equity,L,2024-06-18,,2024-06-18,2024-12-31,134,0,0.0,134,0.138287,0.0,false,3893305.5,960814.0,33.875,true,true,7,0,0,0,0,7,0.100209,false,false,0,0,,,0,false,false
sz.159559,景顺长城国证机器人产业ETF,equity,L,2023-12-12,,2023-12-12,2024-12-31,256,0,0.0,256,0.26419,0.0,false,3330542.0,1851398.0,30.282,true,true,3,0,0,0,0,3,0.10035,false,false,0,0,,,0,false,false
sz.159560,景顺长城中证芯片产业ETF,equity,L,2023-11-20,,2023-11-20,2024-12-31,272,0,0.0,272,0.280702,0.0,false,8421467.0,5535972.0,49.786,true,true,6,0,0,0,0,6,0.100301,false,false,0,0,,,0,false,false
sz.159561,嘉实德国DAXETF(QDII),cross_border,L,2024-04-30,,2024-04-30,2024-12-31,165,0,0.0,165,0.170279,0.0,false,9499454.0,6639857.0,51.839,true,true,0,0,0,0,0,0,0.0,false,false,0,0,,,0,false,false
sz.159562,华夏中证沪深港黄金产业股票ETF,equity,L,2024-01-22,,2024-01-22,2024-12-31,228,0,0.0,228,0.235294,0.0,false,26071229.5,14065110.0,71.771,false,true,9,0,0,0,0,9,0.100063,false,false,0,0,,,0,false,false
sz.159563,华夏创业板综合ETF,equity,L,2024-02-23,,2024-02-23,2024-12-31,209,0,0.0,209,0.215686,0.0,false,3604028.0,750603.0,32.164,true,true,5,0,0,0,0,5,0.200185,false,false,0,0,,,0,false,false
sz.159565,易方达中证汽车零部件主题ETF,equity,L,2024-02-26,,2024-02-26,2024-12-31,209,0,0.0,209,0.215686,0.0,false,1340169.0,826249.0,19.333,true,false,3,0,0,0,0,3,0.099804,false,false,0,0,,,0,false,false
sz.159566,易方达国证新能源电池ETF,equity,L,2024-02-08,,2024-02-08,2024-12-31,215,0,0.0,215,0.221878,0.0,false,3741767.0,2239611.0,32.678,true,true,4,0,0,0,0,4,0.099698,false,false,0,0,,,0,false,false
sz.159567,银华国证港股通创新药ETF,cross_border,L,2024-01-11,,2024-01-11,2024-12-31,235,0,0.0,235,0.242518,0.0,false,69935334.0,50757622.0,85.971,false,true,4,0,0,0,0,4,0.1,false,false,0,0,,,0,false,false
sz.159568,博时中证港股通互联网ETF,cross_border,L,2024-02-27,,2024-02-27,2024-12-31,208,0,0.0,208,0.214654,0.0,false,7895441.5,4168082.0,47.99,true,true,5,0,0,0,0,5,0.1,false,false,0,0,,,0,false,false
sz.159569,景顺长城国证港股通红利低波动率ETF,cross_border,L,2024-08-22,,2024-08-22,2024-12-31,87,0,0.0,87,0.089783,0.0,false,4806035.0,3173716.0,37.553,true,true,0,0,0,0,0,0,0.0,false,false,0,0,,,0,false,false
sz.159570,汇添富国证港股通创新药ETF,cross_border,L,2024-01-22,,2024-01-22,2024-12-31,228,0,0.0,228,0.235294,0.0,false,37679265.0,27232962.0,77.246,false,true,5,0,0,0,0,5,0.091274,false,false,0,0,,,0,false,false
sz.159571,富国创业板200ETF,equity,L,2024-01-02,,2024-01-02,2024-12-31,242,0,0.0,242,0.249742,0.0,false,2515261.5,690352.0,26.946,true,true,10,0,0,0,0,10,0.200181,false,false,0,0,,,0,false,false
sz.159572,易方达创业板200ETF,equity,L,2023-12-25,,2023-12-25,2024-12-31,247,0,0.0,247,0.254902,0.0,false,6926820.0,2263597.0,45.081,true,true,9,0,0,0,0,9,0.200453,false,false,0,0,,,0,false,false
sz.159573,华夏创业板200ETF,equity,L,2023-12-25,,2023-12-25,2024-12-31,247,0,0.0,247,0.254902,0.0,false,21573142.0,13448295.0,68.862,false,true,7,0,0,0,0,7,0.2,false,false,0,0,,,0,false,false
sz.159575,银华创业板200ETF,equity,L,2024-01-02,,2024-01-02,2024-12-31,242,0,0.0,242,0.249742,0.0,false,3624953.5,2016622.0,32.335,true,true,10,0,0,0,0,10,0.19981,false,false,0,0,,,0,false,false
sz.159576,广发深证100ETF,equity,L,2024-01-03,,2024-01-03,2024-12-31,241,0,0.0,241,0.24871,0.0,false,11946067.0,9586974.0,58.512,true,true,4,0,0,0,0,4,0.100083,false,false,0,0,,,0,false,false
sz.159577,汇添富MSCI美国50ETF(QDII),cross_border,L,2024-02-23,,2024-02-23,2024-12-31,210,0,0.0,210,0.216718,0.0,false,44580350.0,25178015.0,79.555,false,true,1,0,0,0,0,1,0.066787,false,false,0,0,,,0,false,false
sz.159578,南方深证主板50ETF,equity,L,2024-06-07,,2024-06-07,2024-12-31,140,0,0.0,140,0.144479,0.0,false,929299.0,315948.0,17.023,true,false,2,0,0,0,0,2,0.076401,false,false,0,0,,,0,false,false
sz.159579,华安深证主板50ETF,equity,D,2024-07-19,2025-03-20,2024-07-19,2024-12-31,111,0,0.0,111,0.114551,0.0,false,368589.0,96380.0,11.292,true,false,2,0,0,0,0,2,0.078992,false,false,0,0,,,0,false,false
sz.159581,万家中证红利ETF,equity,L,2024-03-15,,2024-03-15,2024-12-31,195,0,0.0,195,0.201238,0.0,false,22194609.0,19054276.0,69.376,false,true,1,0,0,0,0,1,0.090009,false,false,0,0,,,0,false,false
sz.159582,博时中证半导体产业ETF,equity,L,2024-04-16,,2024-04-16,2024-12-31,175,0,0.0,175,0.180599,0.0,false,9912376.0,6265373.0,52.352,true,true,6,0,0,0,0,6,0.100465,false,false,0,0,,,0,false,false
sz.159583,富国中证通信设备主题ETF,equity,L,2024-07-08,,2024-07-08,2024-12-31,120,0,0.0,120,0.123839,0.0,false,4771742.0,2743246.0,37.468,true,true,3,0,0,0,0,3,0.100493,false,false,0,0,,,0,false,false
sz.159586,南方中证全指计算机ETF,equity,L,2024-03-15,,2024-03-15,2024-12-31,194,0,0.0,194,0.200206,0.0,false,5072778.0,3338923.0,38.751,true,true,8,0,0,0,0,8,0.100239,false,false,0,0,,,0,false,false
sz.159587,广发国证粮食产业ETF,equity,L,2024-08-21,,2024-08-21,2024-12-31,88,0,0.0,88,0.090815,0.0,false,4584587.0,3120218.0,36.698,true,true,2,0,0,0,0,2,0.083636,false,false,0,0,,,0,false,false
sz.159588,景顺长城国证石油天然气ETF,equity,L,2024-05-31,,2024-05-31,2024-12-31,145,0,0.0,145,0.149639,0.0,false,7099192.0,4743170.0,45.851,true,true,2,0,0,0,0,2,0.078873,false,false,0,0,,,0,false,false
sz.159589,广发中证红利ETF,equity,L,2024-03-26,,2024-03-26,2024-12-31,187,0,0.0,187,0.192982,0.0,false,5864443.0,4133607.0,41.66,true,true,2,0,0,0,0,2,0.074275,false,false,0,0,,,0,false,false
sz.159590,汇添富中证全指软件ETF,equity,L,2024-11-06,,2024-11-06,2024-12-31,40,0,0.0,40,0.04128,0.0,false,10908915.5,7667774.0,55.518,true,true,0,0,0,0,0,0,0.0,false,false,0,0,,,0,false,false
sz.159591,富国中证A50ETF,equity,L,2024-03-18,,2024-03-18,2024-12-31,194,0,0.0,194,0.200206,0.0,false,81709883.0,59095629.0,87.34,false,true,3,0,0,0,0,3,0.089399,false,false,0,0,,,0,false,false
sz.159592,银华中证A50ETF,equity,L,2024-03-18,,2024-03-18,2024-12-31,194,0,0.0,194,0.200206,0.0,false,226563434.5,184695995.0,93.157,false,true,2,0,0,0,0,2,0.099083,false,false,0,0,,,0,false,false
sz.159593,平安中证A50ETF,equity,L,2024-03-12,,2024-03-12,2024-12-31,198,0,0.0,198,0.204334,0.0,false,281522402.0,224610315.0,93.499,false,true,3,0,0,0,0,3,0.091909,false,false,0,0,,,0,false,false
sz.159595,大成中证A50ETF,equity,L,2024-03-18,,2024-03-18,2024-12-31,194,0,0.0,194,0.200206,0.0,false,272530764.5,214156729.0,93.328,false,true,2,0,0,0,0,2,0.092308,false,false,0,0,,,0,false,false
sz.159596,华宝中证A50ETF,equity,L,2024-03-18,,2024-03-18,2024-12-31,194,0,0.0,194,0.200206,0.0,false,163188148.0,138168868.0,91.788,false,true,2,0,0,0,0,2,0.099258,false,false,0,0,,,0,false,false
sz.159597,易方达创业板成长ETF,equity,L,2024-05-27,,2024-05-27,2024-12-31,149,0,0.0,149,0.153767,0.0,false,4297824.0,2484692.0,35.757,true,true,6,0,0,0,0,6,0.2,false,false,0,0,,,0,false,false
sz.159599,东财中证芯片产业ETF,equity,L,2024-05-08,,2024-05-08,2024-12-31,162,0,0.0,162,0.167183,0.0,false,13006780.0,5559625.0,59.88,true,true,7,0,0,0,0,7,0.100352,false,false,0,0,,,0,false,false
sz.159601,华夏MSCI中国A50互联互通ETF,equity,L,2021-11-08,,2021-11-08,2024-12-31,766,0,0.0,766,0.790506,0.0,false,124352681.5,66425647.0,90.676,false,true,2,0,0,0,0,2,0.079827,false,false,0,0,,,0,false,false
sz.159602,南方MSCI中国A50互联互通ETF,equity,L,2021-11-08,,2021-11-08,2024-12-31,766,0,0.0,766,0.790506,0.0,false,25245860.0,13595761.0,71.514,false,true,2,0,0,0,0,2,0.080808,false,false,0,0,,,0,false,false
sz.159603,天弘中证科创创业50ETF,equity,L,2022-06-08,,2022-06-08,2024-12-31,626,0,0.0,626,0.646027,0.0,false,4479126.0,2719826.0,36.356,true,true,5,0,0,0,0,5,0.199552,false,false,0,0,,,0,false,false
sz.159605,广发中证海外中国互联网30ETF(QDII),cross_border,L,2021-12-02,,2021-12-02,2024-12-31,748,0,0.0,748,0.77193,0.0,false,907416020.0,636260450.0,97.776,false,true,22,0,0,0,0,22,0.100733,false,false,0,0,,,0,false,false
sz.159606,易方达中证500质量成长ETF,equity,L,2021-12-29,,2021-12-29,2024-12-31,729,0,0.0,729,0.752322,0.0,false,10004616.0,6386942.0,52.609,true,true,5,0,0,0,0,5,0.094272,false,false,0,0,,,0,false,false
sz.159607,嘉实中证海外中国互联网30ETF(QDII),cross_border,L,2021-12-02,,2021-12-02,2024-12-31,748,0,0.0,748,0.77193,0.0,false,292584267.0,154657643.0,93.584,false,true,22,0,0,0,0,22,0.100901,false,false,0,0,,,0,false,false
sz.159608,广发中证稀有金属主题ETF,equity,L,2021-12-23,,2021-12-23,2024-12-31,733,0,0.0,733,0.75645,0.0,false,13416089.0,10330499.0,60.736,true,true,13,0,0,0,0,13,0.1,false,false,0,0,,,0,false,false
sz.159609,浦银中证光伏产业ETF,equity,L,2022-07-08,,2022-07-08,2024-12-31,604,0,0.0,604,0.623323,0.0,false,16386736.5,11395093.0,64.927,true,true,11,0,0,0,0,11,0.100917,false,false,0,0,,,0,false,false
sz.159610,景顺长城中证500增强策略ETF,equity,L,2022-01-10,,2022-01-10,2024-12-31,722,0,0.0,722,0.745098,0.0,false,27762810.0,17652437.0,72.883,false,true,7,0,0,0,0,7,0.099741,false,false,0,0,,,0,false,false
sz.159611,广发中证全指电力公用事业ETF,equity,L,2022-01-07,,2022-01-07,2024-12-31,723,0,0.0,723,0.74613,0.0,false,91160856.0,64725178.0,88.195,false,true,1,0,0,0,0,1,0.070866,false,false,0,0,,,0,false,false
sz.159612,国泰标普500ETF(QDII),cross_border,L,2022-05-20,,2022-05-20,2024-12-31,638,0,0.0,638,0.658411,0.0,false,20505687.0,11763023.0,68.007,false,true,1,0,0,0,0,1,0.070998,false,false,0,0,,,0,false,false
sz.159613,嘉实中证信息安全主题ETF,equity,L,2022-01-27,,2022-01-27,2024-12-31,709,0,0.0,709,0.731682,0.0,false,6958640.0,4632182.0,45.338,true,true,5,0,0,0,0,5,0.10073,false,false,0,0,,,0,false,false
sz.159615,南方恒生生物科技ETF(QDII),cross_border,L,2022-06-28,,2022-06-28,2024-12-31,612,0,0.0,612,0.631579,0.0,false,50968363.0,37976590.0,82.036,false,true,11,0,0,0,0,11,0.100418,false,false,0,0,,,0,false,false
sz.159616,建信中证农牧主题ETF,equity,L,2022-08-08,,2022-08-08,2024-12-31,583,0,0.0,583,0.601651,0.0,false,3943223.0,2498057.0,34.303,true,true,2,0,0,0,0,2,0.097744,false,false,0,0,,,0,false,false
sz.159617,华夏中证智选500价值稳健策略ETF,equity,L,2022-06-30,,2022-06-30,2024-12-31,610,0,0.0,610,0.629515,0.0,false,2318472.5,1301747.0,25.749,true,true,4,0,0,0,0,4,0.07623,false,false,0,0,,,0,false,false
sz.159618,华安中证光伏产业ETF,equity,L,2022-04-22,,2022-04-22,2024-12-31,655,0,0.0,655,0.675955,0.0,false,7364471.0,3703222.0,46.536,true,true,12,0,0,0,0,12,0.100334,false,false,0,0,,,0,false,false
sz.159619,国泰中证基建ETF,equity,L,2022-02-18,,2022-02-18,2024-12-31,698,0,0.0,698,0.72033,0.0,false,30006908.5,23709786.0,73.824,false,true,4,0,0,0,0,4,0.092664,false,false,0,0,,,0,false,false
sz.159620,华夏中证智选500成长创新策略ETF,equity,L,2022-08-05,,2022-08-05,2024-12-31,583,0,0.0,583,0.601651,0.0,false,1129413.0,490022.0,18.135,true,false,6,0,0,0,0,6,0.100119,false,false,0,0,,,0,false,false
sz.159621,国泰MSCI中国A股ESG通用ETF,equity,L,2022-09-09,,2022-09-09,2024-12-31,558,0,0.0,558,0.575851,0.0,false,2886084.5,1420188.0,28.571,true,true,2,0,0,0,0,2,0.099562,false,false,0,0,,,0,false,false
sz.159622,东财中证沪港深创新药产业ETF,equity,L,2023-05-09,,2023-05-09,2024-12-31,403,0,0.0,403,0.415893,0.0,false,8361478.0,3673039.0,49.53,true,true,6,0,0,0,0,6,0.1,false,false,0,0,,,0,false,false
sz.159623,博时中证成渝地区双城经济圈成份ETF,equity,L,2022-09-09,,2022-09-09,2024-12-31,559,0,0.0,559,0.576883,0.0,false,7538527.0,5505967.0,46.963,true,true,4,0,0,0,0,4,0.095759,false,false,0,0,,,0,false,false
sz.159625,嘉实国证绿色电力ETF,equity,L,2022-04-29,,2022-04-29,2024-12-31,650,0,0.0,650,0.670795,0.0,false,28320960.0,19212623.0,73.225,false,true,2,0,0,0,0,2,0.075733,false,false,0,0,,,0,false,false
sz.159627,华夏中证A100ETF,equity,L,2022-11-30,,2022-11-30,2024-12-31,506,0,0.0,506,0.522188,0.0,false,2076498.5,829558.0,24.038,true,false,3,0,0,0,0,3,0.098039,false,false,0,0,,,0,false,false
sz.159628,万家国证2000ETF,equity,L,2022-07-18,,2022-07-18,2024-12-31,598,0,0.0,598,0.617131,0.0,false,75712259.5,40915340.0,86.741,false,true,7,0,0,0,0,7,0.100585,false,false,0,0,,,0,false,false
sz.159629,富国中证1000ETF,equity,L,2022-08-03,,2022-08-03,2024-12-31,586,0,0.0,586,0.604747,0.0,false,693410163.5,228634756.0,96.664,false,true,8,2,0,0,0,6,1.120043,true,true,0,0,,,0,false,false
sz.159630,汇添富中证A100ETF,equity,L,2022-11-01,,2022-11-01,2024-12-31,527,0,0.0,527,0.54386,0.0,false,4346096.0,3042991.0,35.928,true,true,3,0,0,0,0,3,0.099812,false,false,0,0,,,0,false,false
sz.159631,招商中证A100ETF,equity,L,2022-08-26,,2022-08-26,2024-12-31,569,0,0.0,569,0.587203,0.0,false,12727242.0,8207123.0,59.624,true,true,3,0,0,0,0,3,0.088849,false,false,0,0,,,0,false,false
sz.159632,华安纳斯达克100ETF(QDII),cross_border,L,2022-08-03,,2022-08-03,2024-12-31,586,0,0.0,586,0.604747,0.0,false,145406066.0,83845651.0,91.446,false,true,1,0,0,0,0,1,0.071291,false,false,0,0,,,0,false,false
sz.159633,易方达中证1000ETF,equity,L,2022-08-04,,2022-08-04,2024-12-31,585,0,0.0,585,0.603715,0.0,false,555381366.0,148726886.0,95.894,false,true,8,2,0,0,0,6,1.137033,true,true,0,0,,,0,false,false
sz.159635,华夏中证基建ETF,equity,L,2022-07-12,,2022-07-12,2024-12-31,602,0,0.0,602,0.621259,0.0,false,14963900.5,11132511.0,63.045,true,true,3,0,0,0,0,3,0.09745,false,false,0,0,,,0,false,false
sz.159636,工银瑞信国证港股通科技ETF,cross_border,L,2022-07-20,,2022-07-20,2024-12-31,596,0,0.0,596,0.615067,0.0,false,56599558.5,37346567.0,83.832,false,true,8,0,0,0,0,8,0.089409,false,false,0,0,,,0,false,false
sz.159637,东财中证新能源汽车ETF,equity,L,2022-09-01,,2022-09-01,2024-12-31,565,0,0.0,565,0.583075,0.0,false,36229565.0,13450013.0,76.732,false,true,6,0,0,0,0,6,0.10084,false,false,0,0,,,0,false,false
sz.159638,嘉实中证智选航空航天科技ETF,equity,L,2022-08-12,,2022-08-12,2024-12-31,579,0,0.0,579,0.597523,0.0,false,49198356.0,36153837.0,80.753,false,true,5,0,0,0,0,5,0.100132,false,false,0,0,,,0,false,false
sz.159639,南方中证上海环交所碳中和ETF,equity,L,2022-07-19,,2022-07-19,2024-12-31,597,0,0.0,597,0.616099,0.0,false,13630328.0,9606228.0,61.163,true,true,3,0,0,0,0,3,0.091281,false,false,0,0,,,0,false,false
sz.159640,工银瑞信中证上海环交所碳中和ETF,equity,L,2022-07-21,,2022-07-21,2024-12-31,595,0,0.0,595,0.614035,0.0,false,10522344.0,6000326.0,54.149,true,true,3,0,0,0,0,3,0.099585,false,false,0,0,,,0,false,false
sz.159641,招商中证上海环交所碳中和ETF,equity,L,2022-07-22,,2022-07-22,2024-12-31,594,0,0.0,594,0.613003,0.0,false,13205184.0,9493060.0,60.222,true,true,3,0,0,0,0,3,0.09276,false,false,0,0,,,0,false,false
sz.159642,大成中证上海环交所碳中和ETF,equity,L,2022-07-21,,2022-07-21,2024-12-31,595,0,0.0,595,0.614035,0.0,false,6264562.0,1709920.0,43.199,true,true,3,0,0,0,0,3,0.095622,false,false,0,0,,,0,false,false
sz.159643,国泰国证疫苗与生物科技ETF,equity,L,2022-08-22,,2022-08-22,2024-12-31,573,0,0.0,573,0.591331,0.0,false,17490426.0,13435657.0,66.125,true,true,5,0,0,0,0,5,0.099541,false,false,0,0,,,0,false,false
sz.159645,富国国证疫苗与生物科技ETF,equity,L,2022-09-26,,2022-09-26,2024-12-31,547,0,0.0,547,0.564499,0.0,false,4673987.0,2263101.0,37.04,true,true,7,0,0,0,0,7,0.099867,false,false,0,0,,,0,false,false
sz.159646,华泰柏瑞国证疫苗与生物科技ETF,equity,D,2022-08-22,2024-06-05,2022-08-22,2024-05-29,427,0,0.0,427,0.44066,0.0,false,3102382.0,1204210.0,29.341,true,true,2,0,0,0,0,2,0.076923,false,false,0,0,,,0,false,false
sz.159647,鹏华中证中药ETF,equity,L,2022-07-28,,2022-07-28,2024-12-31,590,0,0.0,590,0.608875,0.0,false,49408054.0,34301708.0,81.095,false,true,5,0,0,0,0,5,0.098295,false,false,0,0,,,0,false,false
sz.159649,华安中债1-5年国开行债券ETF,bond,L,2022-10-24,,2022-10-24,2024-12-31,534,0,0.0,534,0.551084,0.0,false,1063775080.5,503748130.0,98.118,false,true,0,0,0,0,0,0,0.0,false,false,0,0,,,0,false,false
sz.159650,博时中债0-3年国开行债券ETF,bond,L,2022-10-28,,2022-10-28,2024-12-31,530,0,0.0,530,0.546956,0.0,false,1143935709.5,588849624.0,98.204,false,true,0,0,0,0,0,0,0.0,false,false,0,0,,,0,false,false
sz.159651,平安中债-0-3年国开行债券ETF,bond,L,2022-11-16,,2022-11-16,2024-12-31,517,0,0.0,517,0.53354,0.0,false,381102765.0,184665987.0,94.611,false,true,0,0,0,0,0,0,0.0,false,false,0,0,,,0,false,false
sz.159652,汇添富中证细分有色金属产业主题ETF,equity,L,2023-02-08,,2023-02-08,2024-12-31,463,0,0.0,463,0.477812,0.0,false,10396897.0,6166926.0,53.807,true,true,3,0,0,0,0,3,0.100101,false,false,0,0,,,0,false,false
sz.159653,国联安国证ESG300ETF,equity,L,2023-03-24,,2023-03-24,2024-12-31,417,0,0.0,417,0.430341,0.0,false,176138.0,26164.0,7.528,true,false,3,0,0,0,0,3,0.08209,false,false,0,0,,,0,false,false
sz.159655,华夏标普500ETF(QDII),cross_border,L,2022-10-25,,2022-10-25,2024-12-31,533,0,0.0,533,0.550052,0.0,false,4873625.0,1680649.0,37.896,true,true,5,0,0,0,0,5,0.100202,false,false,0,0,,,0,false,false
sz.159656,万家沪深300成长ETF,equity,L,2023-01-16,,2023-01-16,2024-12-31,475,0,0.0,475,0.490196,0.0,false,9995465.0,4625440.0,52.524,true,true,4,0,0,0,0,4,0.100381,false,false,0,0,,,0,false,false
sz.159657,鹏华国证疫苗与生物科技ETF,equity,L,2023-03-13,,2023-03-13,2024-12-31,440,0,0.0,440,0.454076,0.0,false,1994219.0,1106702.0,23.268,true,false,4,0,0,0,0,4,0.099432,false,false,0,0,,,0,false,false
sz.159658,华安中证数字经济主题ETF,equity,L,2022-10-12,,2022-10-12,2024-12-31,542,0,0.0,542,0.55934,0.0,false,19289650.0,15403448.0,67.408,true,true,7,0,0,0,0,7,0.100437,false,false,0,0,,,0,false,false
sz.159659,招商纳斯达克100ETF(QDII),cross_border,L,2023-04-25,,2023-04-25,2024-12-31,410,0,0.0,410,0.423117,0.0,false,29680028.0,6485172.0,73.653,false,true,1,0,0,0,0,1,0.070442,false,false,0,0,,,0,false,false
sz.159660,汇添富纳斯达克100ETF(QDII),cross_border,L,2023-04-17,,2023-04-17,2024-12-31,416,0,0.0,416,0.429309,0.0,false,16049046.5,9401010.0,64.585,true,true,1,0,0,0,0,1,0.073698,false,false,0,0,,,0,false,false
sz.159661,嘉实中证A100ETF,equity,L,2023-12-01,,2023-12-01,2024-12-31,263,0,0.0,263,0.271414,0.0,false,3951416.0,2487076.0,34.388,true,true,1,0,0,0,0,1,0.100092,false,false,0,0,,,0,false,false
sz.159662,南方国证交通运输行业ETF,equity,L,2022-12-01,,2022-12-01,2024-12-31,505,0,0.0,505,0.521156,0.0,false,22655387.0,12405838.0,69.547,false,true,2,0,0,0,0,2,0.075529,false,false,0,0,,,0,false,false
sz.159663,华夏中证机床ETF,equity,L,2022-10-26,,2022-10-26,2024-12-31,532,0,0.0,532,0.54902,0.0,false,16696474.0,12124966.0,65.184,true,true,3,0,0,0,0,3,0.100599,false,false,0,0,,,0,false,false
sz.159665,工银瑞信国证半导体芯片ETF,equity,L,2023-01-06,,2023-01-06,2024-12-31,481,0,0.0,481,0.496388,0.0,false,21790325.0,15122381.0,69.033,false,true,7,0,0,0,0,7,0.100187,false,false,0,0,,,0,false,false
sz.159666,华夏中证全指运输ETF,equity,L,2023-02-13,,2023-02-13,2024-12-31,460,0,0.0,460,0.474716,0.0,false,4279875.0,1880060.0,35.672,true,true,2,0,0,0,0,2,0.087234,false,false,0,0,,,0,false,false
sz.159667,国泰中证机床ETF,equity,L,2022-10-26,,2022-10-26,2024-12-31,532,0,0.0,532,0.54902,0.0,false,40497655.5,32355977.0,78.358,false,true,5,0,0,0,0,5,0.100119,false,false,0,0,,,0,false,false
sz.159669,国泰国证绿色电力ETF,equity,L,2023-01-11,,2023-01-11,2024-12-31,478,0,0.0,478,0.493292,0.0,false,11209521.5,7782486.0,56.202,true,true,2,0,0,0,0,2,0.073077,false,false,0,0,,,0,false,false
sz.159670,国联安中证消费50ETF,equity,L,2023-05-09,,2023-05-09,2024-12-31,403,0,0.0,403,0.415893,0.0,false,3830699.0,1890356.0,33.276,true,true,4,0,0,0,0,4,0.100184,false,false,0,0,,,0,false,false
sz.159671,工银瑞信中证稀有金属主题ETF,equity,L,2023-03-10,,2023-03-10,2024-12-31,441,0,0.0,441,0.455108,0.0,false,31770510.0,20717211.0,74.423,false,true,4,0,0,0,0,4,0.098613,false,false,0,0,,,0,false,false
sz.159672,博时中证主要消费ETF,equity,L,2023-04-03,,2023-04-03,2024-12-31,425,0,0.0,425,0.438596,0.0,false,5368440.0,2592956.0,40.034,true,true,6,0,0,0,0,6,0.099631,false,false,0,0,,,0,false,false
sz.159673,鹏华沪深300ETF,equity,L,2023-07-17,,2023-07-17,2024-12-31,356,0,0.0,356,0.367389,0.0,false,7088118.0,3199756.0,45.68,true,true,3,0,0,0,0,3,0.100085,false,false,0,0,,,0,false,false
sz.159675,嘉实创业板增强策略ETF,equity,L,2022-12-02,,2022-12-02,2024-12-31,505,0,0.0,505,0.521156,0.0,false,10778416.0,7251592.0,55.004,true,true,6,0,0,0,0,6,0.200258,false,false,0,0,,,0,false,false
sz.159676,富国创业板增强策略ETF,equity,L,2023-04-12,,2023-04-12,2024-12-31,419,0,0.0,419,0.432405,0.0,false,6750595.0,3938880.0,44.397,true,true,5,0,0,0,0,5,0.19958,false,false,0,0,,,0,false,false
sz.159677,银华中证1000增强策略ETF,equity,L,2022-12-05,,2022-12-05,2024-12-31,504,0,0.0,504,0.520124,0.0,false,25077101.0,18334471.0,71.172,false,true,5,0,0,0,0,5,0.092784,false,false,0,0,,,0,false,false
sz.159678,博时中证500增强策略ETF,equity,L,2023-02-27,,2023-02-27,2024-12-31,450,0,0.0,450,0.464396,0.0,false,5454003.5,2838615.0,40.376,true,true,4,0,0,0,0,4,0.082192,false,false,0,0,,,0,false,false
sz.159679,国泰中证1000增强策略ETF,equity,L,2023-02-22,,2023-02-22,2024-12-31,453,0,0.0,453,0.467492,0.0,false,11534609.0,6578802.0,57.399,true,true,4,0,0,0,0,4,0.100119,false,false,0,0,,,0,false,false
sz.159680,招商中证1000增强策略ETF,equity,L,2022-11-30,,2022-11-30,2024-12-31,507,0,0.0,507,0.52322,0.0,false,29286437.0,21755548.0,73.567,false,true,6,0,0,0,0,6,0.100343,false,false,0,0,,,0,false,false
sz.159681,鹏华创业板50ETF,equity,L,2023-01-03,,2023-01-03,2024-12-31,484,0,0.0,484,0.499484,0.0,false,26870879.0,13311726.0,72.113,false,true,6,0,0,0,0,6,0.20024,false,false,0,0,,,0,false,false
sz.159682,景顺长城创业板50ETF,equity,L,2023-01-03,,2023-01-03,2024-12-31,484,0,0.0,484,0.499484,0.0,false,163678878.5,100340961.0,91.873,false,true,7,0,0,0,0,7,0.2,false,false,0,0,,,0,false,false
sz.159683,嘉实中证内地运输主题ETF,equity,D,2023-01-09,2025-01-15,2023-01-09,2024-12-31,480,0,0.0,480,0.495356,0.0,false,5448771.5,4085375.0,40.291,true,true,2,0,0,0,0,2,0.085495,false,false,0,0,,,0,false,false
sz.159685,天弘中证1000增强策略ETF,equity,L,2023-04-03,,2023-04-03,2024-12-31,424,0,0.0,424,0.437564,0.0,false,10559221.5,4437252.0,54.32,true,true,6,0,0,0,0,6,0.09988,false,false,0,0,,,0,false,false
sz.159686,易方达中证A100ETF,equity,L,2023-07-19,,2023-07-19,2024-12-31,353,0,0.0,353,0.364293,0.0,false,418687.0,134823.0,11.548,true,false,3,0,0,0,0,3,0.099217,false,false,0,0,,,0,false,false
sz.159687,南方基金南方东英富时亚太精选ETF(QDII),cross_border,L,2022-12-30,,2022-12-30,2024-12-31,485,0,0.0,485,0.500516,0.0,false,6009394.0,2587268.0,42.515,true,true,5,0,0,0,0,5,0.093881,false,false,0,0,,,0,false,false
sz.159688,华安恒生互联网科技业ETF(QDII),cross_border,L,2023-02-15,,2023-02-15,2024-12-31,458,0,0.0,458,0.472652,0.0,false,93975355.5,69628852.0,88.452,false,true,7,0,0,0,0,7,0.099548,false,false,0,0,,,0,false,false
sz.159689,南方中证主要消费ETF,equity,L,2023-03-13,,2023-03-13,2024-12-31,439,0,0.0,439,0.453044,0.0,false,5201855.0,3761970.0,39.35,true,true,6,0,0,0,0,6,0.1,false,false,0,0,,,0,false,false
sz.159690,招商中证有色金属矿业主题ETF,equity,L,2023-07-06,,2023-07-06,2024-12-31,362,0,0.0,362,0.373581,0.0,false,554914.0,221118.0,13.516,true,false,2,0,0,0,0,2,0.083499,false,false,0,0,,,0,false,false
sz.159691,工银瑞信中证港股通高股息精选ETF,cross_border,L,2023-04-21,,2023-04-21,2024-12-31,412,0,0.0,412,0.425181,0.0,false,56717599.0,22685227.0,83.918,false,true,1,0,0,0,0,1,0.060086,false,false,0,0,,,0,false,false
sz.159692,东财中证证券公司30ETF,equity,L,2023-05-23,,2023-05-23,2024-12-31,393,0,0.0,393,0.405573,0.0,false,11608903.0,9035328.0,57.571,true,true,10,0,0,0,0,10,0.100488,false,false,0,0,,,0,false,false
sz.159693,华泰柏瑞中证有色金属矿业主题ETF,equity,D,2023-12-14,2024-06-07,2023-12-14,2024-05-30,109,0,0.0,109,0.112487,0.0,false,1987453.0,927258.0,23.182,true,false,0,0,0,0,0,0,0.0,false,false,0,0,,,0,false,false
sz.159695,嘉实国证通信ETF,equity,L,2023-05-10,,2023-05-10,2024-12-31,402,0,0.0,402,0.414861,0.0,false,6810649.5,4405925.0,44.654,true,true,5,0,0,0,0,5,0.100379,false,false,0,0,,,0,false,false
sz.159696,易方达纳斯达克100ETF(QDII),cross_border,L,2023-08-25,,2023-08-25,2024-12-31,327,0,0.0,327,0.337461,0.0,false,7254244.0,3601991.0,46.279,true,true,2,0,0,0,0,2,0.069841,false,false,0,0,,,0,false,false
sz.159697,鹏华国证石油天然气ETF,equity,L,2023-05-04,,2023-05-04,2024-12-31,406,0,0.0,406,0.418989,0.0,false,10608752.0,8006411.0,54.491,true,true,3,0,0,0,0,3,0.089565,false,false,0,0,,,0,false,false
sz.159698,鹏华国证粮食产业ETF,equity,L,2023-08-18,,2023-08-18,2024-12-31,332,0,0.0,332,0.342621,0.0,false,4200678.5,2612734.0,35.158,true,true,2,0,0,0,0,2,0.087952,false,false,0,0,,,0,false,false
sz.159699,广发恒生消费ETF(QDII),cross_border,L,2023-08-23,,2023-08-23,2024-12-31,329,0,0.0,329,0.339525,0.0,false,17846746.0,11997590.0,66.382,true,true,1,0,0,0,0,1,0.080048,false,false,0,0,,,0,false,false
sz.159701,招商中证物联网主题ETF,equity,L,2021-12-23,,2021-12-23,2024-12-31,732,0,0.0,732,0.755418,0.0,false,3464931.0,1683154.0,31.394,true,true,7,0,0,0,0,7,0.100143,false,false,0,0,,,0,false,false
sz.159702,汇添富中证人工智能主题ETF,equity,D,2021-05-18,2022-11-29,2021-05-18,2022-11-18,368,0,0.0,368,0.379773,0.0,false,588295.0,307438.0,14.029,true,false,1,0,0,0,0,1,0.068493,false,false,0,0,,,0,false,false
sz.159703,天弘中证新材料主题ETF,equity,L,2021-06-08,,2021-06-08,2024-12-31,867,0,0.0,867,0.894737,0.0,false,5976532.0,4736590.0,42.002,true,true,6,0,0,0,0,6,0.100539,false,false,0,0,,,0,false,false
sz.159706,华安深证100ETF,equity,L,2021-12-20,,2021-12-20,2024-12-31,736,0,0.0,736,0.759546,0.0,false,4956290.0,2300567.0,38.067,true,true,4,0,0,0,0,4,0.099727,false,false,0,0,,,0,false,false
sz.159707,华宝中证800地产ETF,equity,L,2021-11-12,,2021-11-12,2024-12-31,762,0,0.0,762,0.786378,0.0,false,36378269.5,28628337.0,76.818,false,true,13,0,0,0,0,13,0.100583,false,false,0,0,,,0,false,false
sz.159708,西部利得深证红利ETF,equity,L,2021-07-02,,2021-07-02,2024-12-31,850,0,0.0,850,0.877193,0.0,false,13429449.0,10516208.0,60.821,true,true,5,0,0,0,0,5,0.10026,false,false,0,0,,,0,false,false
sz.159709,工银瑞信深证物联网50ETF,equity,L,2021-07-02,,2021-07-02,2024-12-31,850,0,0.0,850,0.877193,0.0,false,291190.5,133071.0,10.094,true,false,4,0,0,0,0,4,0.100121,false,false,0,0,,,0,false,false
sz.159710,建信中证智能电动汽车ETF,equity,D,2021-08-09,2024-01-25,2021-08-09,2024-01-17,594,0,0.0,594,0.613003,0.0,false,770029.5,452867.0,15.911,true,false,5,0,0,0,0,5,0.07177,false,false,0,0,,,0,false,false
sz.159711,华夏中证港股通50ETF,cross_border,L,2021-12-28,,2021-12-28,2024-12-31,729,0,0.0,729,0.752322,0.0,false,1201619.0,552270.0,18.477,true,false,1,0,0,0,0,1,0.066832,false,false,0,0,,,0,false,false
sz.159712,国泰中证港股通50ETF,cross_border,L,2021-11-11,,2021-11-11,2024-12-31,763,0,0.0,763,0.78741,0.0,false,4162464.0,1460638.0,34.987,true,true,1,0,0,0,0,1,0.088977,false,false,0,0,,,0,false,false
sz.159713,富国中证稀土产业ETF,equity,L,2021-08-16,,2021-08-16,2024-12-31,819,0,0.0,819,0.845201,0.0,false,27704923.0,18685802.0,72.797,false,true,10,0,0,0,0,10,0.1,false,false,0,0,,,0,false,false
sz.159715,易方达中证稀土产业ETF,equity,L,2021-09-10,,2021-09-10,2024-12-31,800,0,0.0,800,0.825593,0.0,false,14615516.0,8616085.0,62.447,true,true,9,0,0,0,0,9,0.10052,false,false,0,0,,,0,false,false
sz.159716,华宝深证100ETF,equity,L,2021-06-28,,2021-06-28,2024-12-31,854,0,0.0,854,0.881321,0.0,false,2295299.0,1479022.0,25.577,true,true,4,0,0,0,0,4,0.10043,false,false,0,0,,,0,false,false
sz.159717,鹏华国证ESG300ETF,equity,L,2021-09-29,,2021-09-29,2024-12-31,787,0,0.0,787,0.812178,0.0,false,419730.0,47734.0,11.634,true,false,3,0,0,0,0,3,0.098795,false,false,0,0,,,0,false,false
sz.159718,平安中证港股通医药卫生综合ETF,cross_border,L,2021-12-28,,2021-12-28,2024-12-31,730,0,0.0,730,0.753354,0.0,false,11302977.5,6192545.0,56.715,true,true,16,0,0,0,0,16,0.100324,false,false,0,0,,,0,false,false
sz.159719,平安富时中国国企开放共赢ETF,equity,L,2021-12-28,,2021-12-28,2024-12-31,726,0,0.0,726,0.749226,0.0,false,8062601.0,141737.0,48.589,true,true,8,0,0,0,0,8,0.09555,false,false,0,0,,,0,false,false
sz.159720,泰康中证智能电动汽车ETF,equity,L,2021-07-20,,2021-07-20,2024-12-31,838,0,0.0,838,0.864809,0.0,false,7300168.5,3968094.0,46.45,true,true,7,0,0,0,0,7,0.100162,false,false,0,0,,,0,false,false
sz.159721,永赢深证100ETF,equity,L,2021-06-25,,2021-06-25,2024-12-31,855,0,0.0,855,0.882353,0.0,false,2079055.0,732009.0,24.123,true,false,4,0,0,0,0,4,0.100543,false,false,0,0,,,0,false,false
sz.159723,汇添富中证沪港深科技龙头ETF,equity,L,2021-10-15,,2021-10-15,2024-12-31,781,0,0.0,781,0.805986,0.0,false,2176326.0,983974.0,24.636,true,false,6,0,0,0,0,6,0.100543,false,false,0,0,,,0,false,false
sz.159725,工银瑞信中证线上消费主题ETF,equity,L,2021-07-02,,2021-07-02,2024-12-31,850,0,0.0,850,0.877193,0.0,false,919733.0,455050.0,16.938,true,false,15,0,0,0,0,15,0.100699,false,false,0,0,,,0,false,false
sz.159726,华夏恒生港股通中国内地企业高股息率ETF,cross_border,L,2021-11-23,,2021-11-23,2024-12-31,755,0,0.0,755,0.779154,0.0,false,8877865.0,3747452.0,50.556,true,true,4,0,0,0,0,4,0.1,false,false,0,0,,,0,false,false
sz.159728,南方国证在线消费ETF,equity,L,2022-01-11,,2022-01-11,2024-12-31,719,0,0.0,719,0.742002,0.0,false,2418073.0,1232944.0,26.433,true,true,9,0,0,0,0,9,0.10069,false,false,0,0,,,0,false,false
sz.159729,汇添富中证沪港深互联网ETF,equity,L,2021-07-21,,2021-07-21,2024-12-31,837,0,0.0,837,0.863777,0.0,false,1117017.0,583960.0,17.964,true,false,8,0,0,0,0,8,0.100282,false,false,0,0,,,0,false,false
sz.159730,博时国证龙头家电ETF,equity,L,2021-12-24,,2021-12-24,2024-12-31,732,0,0.0,732,0.755418,0.0,false,6287914.5,3847060.0,43.37,true,true,2,0,0,0,0,2,0.088133,false,false,0,0,,,0,false,false
sz.159731,华夏中证石化产业ETF,equity,L,2021-12-10,,2021-12-10,2024-12-31,741,0,0.0,741,0.764706,0.0,false,746583.0,309205.0,15.825,true,false,2,0,0,0,0,2,0.099626,false,false,0,0,,,0,false,false
sz.159732,华夏国证消费电子主题ETF,equity,L,2021-08-23,,2021-08-23,2024-12-31,814,0,0.0,814,0.840041,0.0,false,11447864.0,6028048.0,57.143,true,true,9,0,0,0,0,9,0.100529,false,false,0,0,,,0,false,false
sz.159733,景顺长城中证消费电子主题ETF,equity,D,2021-09-29,2024-03-06,2021-09-29,2024-02-23,579,0,0.0,579,0.597523,0.0,false,5009388.0,3543744.0,38.323,true,true,1,0,0,0,0,1,0.065053,false,false,0,0,,,0,false,false
sz.159735,银华中证港股通消费主题ETF,cross_border,L,2021-06-04,,2021-06-04,2024-12-31,869,0,0.0,869,0.896801,0.0,false,13520992.0,5843015.0,60.907,true,true,10,0,0,0,0,10,0.100182,false,false,0,0,,,0,false,false
sz.159736,天弘中证食品饮料ETF,equity,L,2021-09-27,,2021-09-27,2024-12-31,791,0,0.0,791,0.816305,0.0,false,26178094.0,20025725.0,71.856,false,true,6,0,0,0,0,6,0.100496,false,false,0,0,,,0,false,false
sz.159738,华泰柏瑞中证沪港深云计算产业ETF,equity,L,2022-01-28,,2022-01-28,2024-12-31,708,0,0.0,708,0.73065,0.0,false,6010168.0,3010100.0,42.601,true,true,8,0,0,0,0,8,0.099896,false,false,0,0,,,0,false,false
sz.159739,鹏华中证云计算与大数据主题ETF,equity,L,2021-11-17,,2021-11-17,2024-12-31,759,0,0.0,759,0.783282,0.0,false,9245798.0,4628825.0,51.411,true,true,12,0,0,0,0,12,0.100535,false,false,0,0,,,0,false,false
sz.159740,大成恒生科技ETF(QDII),cross_border,L,2021-05-27,,2021-05-27,2024-12-31,875,0,0.0,875,0.902993,0.0,false,299669683.0,65576729.0,93.755,false,true,20,0,0,0,0,20,0.100629,false,false,0,0,,,0,false,false
sz.159741,嘉实恒生科技ETF(QDII),cross_border,L,2021-06-03,,2021-06-03,2024-12-31,870,0,0.0,870,0.897833,0.0,false,51043754.5,21177902.0,82.121,false,true,18,0,0,0,0,18,0.100467,false,false,0,0,,,0,false,false
sz.159742,博时恒生科技ETF(QDII),cross_border,L,2021-05-25,,2021-05-25,2024-12-31,877,0,0.0,877,0.905057,0.0,false,105056704.0,54442907.0,89.82,false,true,19,0,0,0,0,19,0.100917,false,false,0,0,,,0,false,false
sz.159743,博时中证湖北新旧动能转换ETF,equity,L,2022-01-11,,2022-01-11,2024-12-31,721,0,0.0,721,0.744066,0.0,false,1356200.0,388999.0,19.418,true,false,4,0,0,0,0,4,0.100509,false,false,0,0,,,0,false,false
sz.159745,国泰中证全指建筑材料ETF,equity,L,2021-06-18,,2021-06-18,2024-12-31,860,0,0.0,860,0.887513,0.0,false,42802628.0,32297614.0,78.956,false,true,5,0,0,0,0,5,0.10101,false,false,0,0,,,0,false,false
sz.159747,南方中证香港科技ETF(QDII),cross_border,L,2021-07-14,,2021-07-14,2024-12-31,842,0,0.0,842,0.868937,0.0,false,41939210.5,29642358.0,78.785,false,true,18,1,0,0,0,17,1.032389,true,true,0,0,,,0,false,false
sz.159748,富国中证沪港深创新药产业ETF,equity,L,2021-12-03,,2021-12-03,2024-12-31,747,0,0.0,747,0.770898,0.0,false,8936575.0,5419147.0,50.898,true,true,6,0,0,0,0,6,0.10084,false,false,0,0,,,0,false,false
sz.159750,招商中证香港科技ETF(QDII),cross_border,L,2022-02-14,,2022-02-14,2024-12-31,701,0,0.0,701,0.723426,0.0,false,23936250.0,14460617.0,70.488,false,true,15,0,0,0,0,15,0.100619,false,false,0,0,,,0,false,false
sz.159751,鹏华中证港股通科技ETF,cross_border,L,2021-12-28,,2021-12-28,2024-12-31,730,0,0.0,730,0.753354,0.0,false,6661753.5,4296252.0,44.055,true,true,12,0,0,0,0,12,0.100662,false,false,0,0,,,0,false,false
sz.159752,申万菱信中证内地新能源主题ETF,equity,L,2021-07-28,,2021-07-28,2024-12-31,832,0,0.0,832,0.858617,0.0,false,8904284.5,6347699.0,50.813,true,true,10,0,0,0,0,10,0.101099,false,false,0,0,,,0,false,false
sz.159755,广发国证新能源车电池ETF,equity,L,2021-06-24,,2021-06-24,2024-12-31,856,0,0.0,856,0.883385,0.0,false,134703842.5,99789748.0,91.104,false,true,15,0,0,0,0,15,0.1,false,false,0,0,,,0,false,false
sz.159757,景顺长城国证新能源车电池ETF,equity,L,2021-08-09,,2021-08-09,2024-12-31,824,0,0.0,824,0.850361,0.0,false,31847290.5,19052808.0,74.679,false,true,13,0,0,0,0,13,0.099448,false,false,0,0,,,0,false,false
sz.159758,华夏中证红利质量ETF,equity,L,2021-12-28,,2021-12-28,2024-12-31,730,0,0.0,730,0.753354,0.0,false,3351657.5,1834131.0,30.539,true,true,4,0,0,0,0,4,0.094857,false,false,0,0,,,0,false,false
sz.159760,泰康国证公共卫生与医疗健康ETF,equity,L,2021-12-20,,2021-12-20,2024-12-31,736,0,0.0,736,0.759546,0.0,false,9240736.5,5918540.0,51.326,true,true,6,0,0,0,0,6,0.100694,false,false,0,0,,,0,false,false
sz.159761,国泰中证新材料主题ETF,equity,L,2021-12-13,,2021-12-13,2024-12-31,741,0,0.0,741,0.764706,0.0,false,18070106.0,12807713.0,66.638,true,true,6,0,0,0,0,6,0.1,false,false,0,0,,,0,false,false
sz.159763,建信中证新材料主题ETF,equity,L,2021-09-13,,2021-09-13,2024-12-31,799,0,0.0,799,0.824561,0.0,false,399312.0,192952.0,11.463,true,false,4,0,0,0,0,4,0.1,false,false,0,0,,,0,false,false
sz.159766,富国中证旅游主题ETF,equity,L,2021-07-23,,2021-07-23,2024-12-31,835,0,0.0,835,0.861713,0.0,false,118879038.0,68652834.0,90.334,false,true,12,0,0,0,0,12,0.099855,false,false,0,0,,,0,false,false
sz.159767,兴银国证新能源车电池ETF,equity,L,2021-08-23,,2021-08-23,2024-12-31,814,0,0.0,814,0.840041,0.0,false,3820806.5,2151899.0,33.191,true,true,12,0,0,0,0,12,0.100186,false,false,0,0,,,0,false,false
sz.159768,银华中证内地地产主题ETF,equity,L,2022-02-16,,2022-02-16,2024-12-31,700,0,0.0,700,0.722394,0.0,false,33772721.0,22735027.0,75.791,false,true,13,0,0,0,0,13,0.100496,false,false,0,0,,,0,false,false
sz.159769,银华中证消费电子主题ETF,equity,D,2022-03-03,2024-07-10,2022-03-03,2024-07-02,566,0,0.0,566,0.584107,0.0,false,1184315.5,558563.0,18.306,true,false,3,0,0,0,0,3,0.07563,false,false,0,0,,,0,false,false
sz.159770,天弘中证机器人ETF,equity,L,2021-11-08,,2021-11-08,2024-12-31,766,0,0.0,766,0.790506,0.0,false,12433959.0,8653245.0,59.196,true,true,8,0,0,0,0,8,0.10045,false,false,0,0,,,0,false,false
sz.159773,华泰柏瑞创业板科技ETF,equity,L,2021-10-08,,2021-10-08,2024-12-31,787,0,0.0,787,0.812178,0.0,false,4668632.0,2438450.0,36.955,true,true,7,0,0,0,0,7,0.199485,false,false,0,0,,,0,false,false
sz.159775,建信国证新能源车电池ETF,equity,L,2022-01-24,,2022-01-24,2024-12-31,712,0,0.0,712,0.734778,0.0,false,2353931.5,1519624.0,26.091,true,true,12,0,0,0,0,12,0.10099,false,false,0,0,,,0,false,false
sz.159776,银华中证港股通医药卫生综合ETF,cross_border,L,2022-03-25,,2022-03-25,2024-12-31,673,0,0.0,673,0.69453,0.0,false,46773713.0,26640269.0,80.496,false,true,9,0,0,0,0,9,0.095808,false,false,0,0,,,0,false,false
sz.159777,国联安创业板科技ETF,equity,L,2021-10-18,,2021-10-18,2024-12-31,779,0,0.0,779,0.803922,0.0,false,154836.0,76902.0,7.186,true,false,8,0,0,0,0,8,0.199288,false,false,0,0,,,0,false,false
sz.159778,鹏华中证工业互联网主题ETF,equity,L,2022-02-17,,2022-02-17,2024-12-31,699,0,0.0,699,0.721362,0.0,false,1473848.0,783701.0,20.274,true,false,6,0,0,0,0,6,0.100699,false,false,0,0,,,0,false,false
sz.159779,招商中证消费电子主题ETF,equity,L,2021-11-26,,2021-11-26,2024-12-31,752,0,0.0,752,0.776058,0.0,false,3870297.0,2535309.0,33.447,true,true,6,0,0,0,0,6,0.1,false,false,0,0,,,0,false,false
sz.159780,南方中证科创创业50ETF,equity,L,2021-07-05,,2021-07-05,2024-12-31,849,0,0.0,849,0.876161,0.0,false,72143843.0,38020276.0,86.399,false,true,5,0,0,0,0,5,0.200418,false,false,0,0,,,0,false,false
sz.159781,易方达中证科创创业50ETF,equity,L,2021-07-05,,2021-07-05,2024-12-31,849,0,0.0,849,0.876161,0.0,false,131053427.0,63639262.0,90.847,false,true,5,0,0,0,0,5,0.199295,false,false,0,0,,,0,false,false
sz.159782,银华中证科创创业50ETF,equity,L,2021-07-07,,2021-07-07,2024-12-31,847,0,0.0,847,0.874097,0.0,false,13804797.0,6906109.0,61.591,true,true,6,0,0,0,0,6,0.2,false,false,0,0,,,0,false,false
sz.159783,华夏中证科创创业50ETF,equity,L,2021-07-05,,2021-07-05,2024-12-31,849,0,0.0,849,0.876161,0.0,false,71631623.0,43163823.0,86.313,false,true,5,0,0,0,0,5,0.2,false,false,0,0,,,0,false,false
sz.159786,银华中证虚拟现实主题ETF,equity,L,2021-08-06,,2021-08-06,2024-12-31,825,0,0.0,825,0.851393,0.0,false,12306995.0,6668719.0,59.025,true,true,7,0,0,0,0,7,0.099719,false,false,0,0,,,0,false,false
sz.159787,易方达中证全指建筑材料ETF,equity,L,2022-03-15,,2022-03-15,2024-12-31,681,0,0.0,681,0.702786,0.0,false,2974650.0,1816343.0,28.743,true,true,5,0,0,0,0,5,0.097913,false,false,0,0,,,0,false,false
sz.159788,易方达中证港股通中国100ETF,cross_border,L,2022-03-02,,2022-03-02,2024-12-31,690,0,0.0,690,0.712074,0.0,false,3321873.5,1491726.0,30.197,true,true,2,0,0,0,0,2,0.086076,false,false,0,0,,,0,false,false
sz.159789,建信中证饮料主题ETF,equity,D,2021-12-20,2023-10-25,2021-12-20,2023-10-17,441,0,0.0,441,0.455108,0.0,false,1674440.0,1095587.0,21.044,true,false,3,0,0,0,0,3,0.085165,false,false,0,0,,,0,false,false
sz.159790,华夏中证内地低碳经济主题ETF,equity,L,2021-08-06,,2021-08-06,2024-12-31,825,0,0.0,825,0.851393,0.0,false,85065552.0,35899906.0,87.682,false,true,5,0,0,0,0,5,0.100295,false,false,0,0,,,0,false,false
sz.159791,华夏沪深300ESG基准ETF,equity,L,2022-03-08,,2022-03-08,2024-12-31,682,0,0.0,682,0.703818,0.0,false,1239187.0,513137.0,18.648,true,false,1,0,0,0,0,1,0.097753,false,false,0,0,,,0,false,false
sz.159792,富国中证港股通互联网ETF,cross_border,L,2021-09-28,,2021-09-28,2024-12-31,790,0,0.0,790,0.815273,0.0,false,450592369.0,224097458.0,95.21,false,true,17,0,0,0,0,17,0.100299,false,false,0,0,,,0,false,false
sz.159793,平安中证沪港深线上消费主题ETF,equity,L,2021-11-24,,2021-11-24,2024-12-30,753,0,0.0,753,0.77709,0.0,false,258961.0,98195.0,9.41,true,false,9,0,0,0,0,9,0.098118,false,false,0,0,,,0,false,false
sz.159795,汇添富中证智能汽车主题ETF,equity,L,2022-02-14,,2022-02-14,2024-12-31,702,0,0.0,702,0.724458,0.0,false,4220241.5,3089599.0,35.244,true,true,4,0,0,0,0,4,0.100654,false,false,0,0,,,0,false,false
sz.159796,汇添富中证电池主题ETF,equity,L,2022-03-14,,2022-03-14,2024-12-31,682,0,0.0,682,0.703818,0.0,false,16344138.5,9925905.0,64.842,true,true,11,0,0,0,0,11,0.100503,false,false,0,0,,,0,false,false
sz.159797,汇添富中证全指医疗器械ETF,equity,L,2022-05-16,,2022-05-16,2024-12-31,642,0,0.0,642,0.662539,0.0,false,2119887.0,946239.0,24.294,true,false,6,0,0,0,0,6,0.100543,false,false,0,0,,,0,false,false
sz.159798,易方达中证消费50ETF,equity,L,2022-05-11,,2022-05-11,2024-12-31,645,0,0.0,645,0.665635,0.0,false,8988172.0,5932320.0,51.069,true,true,3,0,0,0,0,3,0.099895,false,false,0,0,,,0,false,false
sz.159800,鹏华中证800ETF,equity,L,2024-07-12,,2024-07-12,2024-12-31,116,0,0.0,116,0.119711,0.0,false,6097102.0,2401131.0,42.772,true,true,3,0,0,0,0,3,0.085264,false,false,0,0,,,0,false,false
sz.159801,广发国证半导体芯片ETF,equity,L,2020-02-18,,2020-02-18,2024-12-31,1185,216,0.147743,969,1.0,0.147743,false,56994008.0,36350343.0,84.003,false,true,26,1,0,0,0,25,0.493388,false,true,0,0,,,0,false,false
sz.159802,广发中证800ETF,equity,D,2020-05-15,2020-09-23,2020-05-15,2020-09-15,86,86,0.058824,0,0.0,0.0,false,4310972.0,1804084.0,35.843,true,true,0,0,0,0,0,0,0.0,false,false,0,0,,,0,false,false
sz.159803,易方达中证浙江新动能ETF(QDII),cross_border,D,2020-05-26,2021-09-28,2020-05-26,2021-09-16,324,150,0.102599,174,0.179567,0.102599,false,349670.0,143969.0,10.95,true,false,0,0,0,0,0,0,0.0,false,false,0,0,,,0,false,false
sz.159804,国寿安保国证创业板中盘精选88ETF,equity,L,2020-03-31,,2020-03-31,2024-12-31,1155,186,0.127223,969,1.0,0.127223,false,346652.0,107627.0,10.693,true,false,12,0,0,0,0,12,0.198957,false,false,0,0,,,0,false,false
sz.159805,鹏华中证传媒ETF,equity,L,2020-04-17,,2020-04-17,2024-12-31,1143,174,0.119015,969,1.0,0.119015,false,15206712.0,9242091.0,63.473,true,true,14,0,0,0,0,14,0.1,false,false,0,0,,,0,false,false
sz.159806,国泰中证新能源汽车ETF,equity,L,2020-03-20,,2020-03-20,2024-12-31,1162,193,0.132011,969,1.0,0.132011,false,50755625.5,36365410.0,81.95,false,true,21,1,0,0,0,20,0.663624,true,true,0,0,,,0,false,false
sz.159807,易方达中证科技50ETF,equity,L,2020-03-30,,2020-03-30,2024-12-31,1156,187,0.127907,969,1.0,0.127907,false,32330881.5,17250638.0,75.021,false,true,5,1,0,0,0,4,0.500301,true,true,0,0,,,0,false,false
sz.159808,融通创业板ETF,equity,L,2020-09-04,,2020-09-04,2024-12-31,1048,79,0.054036,969,1.0,0.054036,false,2571871.0,1324288.0,27.203,true,true,7,0,0,0,0,7,0.2,false,false,0,0,,,0,false,false
sz.159809,博时恒生沪深港通大湾区综合ETF,cross_border,D,2020-05-21,2021-10-21,2020-05-21,2021-10-12,338,153,0.104651,185,0.190918,0.104651,false,1003287.0,242354.0,17.451,true,false,1,0,0,0,0,1,0.062659,false,false,0,0,,,0,false,false
sz.159810,浦银创业板ETF,equity,L,2020-07-10,,2020-07-10,2024-12-31,1087,119,0.081395,968,0.998968,0.081395,false,3518375.0,2025089.0,31.822,true,true,9,0,0,0,0,9,0.200436,false,false,0,0,,,0,false,false
sz.159811,博时中证5G产业50ETF,equity,L,2020-04-22,,2020-04-22,2024-12-31,1140,171,0.116963,969,1.0,0.116963,false,10840253.5,7365955.0,55.346,true,true,4,0,0,0,0,4,0.100429,false,false,0,0,,,0,false,false
sz.159812,前海开源黄金ETF,commodity,L,2020-05-29,,2020-05-29,2024-12-31,1116,147,0.100547,969,1.0,0.100547,false,582428.0,228266.0,13.772,true,false,1,0,0,0,0,1,0.060023,false,false,0,0,,,0,false,false
sz.159813,鹏华国证半导体芯片ETF,equity,L,2020-05-25,,2020-05-25,2024-12-31,1120,151,0.103283,969,1.0,0.103283,false,82851952.0,48277507.0,87.511,false,true,20,1,0,0,0,19,0.358744,false,true,0,0,,,0,false,false
sz.159814,西部利得创业板大盘ETF,equity,L,2020-07-17,,2020-07-17,2024-12-31,1083,114,0.077975,969,1.0,0.077975,false,19909025.0,15089184.0,67.75,true,true,7,1,0,0,0,6,0.5,false,true,0,0,,,0,false,false
sz.159815,招商中证浙江100ETF,equity,D,2020-08-18,2023-04-28,2020-08-18,2023-04-19,644,92,0.062927,552,0.569659,0.062927,false,242826.0,35752.0,9.068,true,false,2,0,0,0,0,2,0.080882,false,false,0,0,,,0,false,false
sz.159816,鹏华中证0-4年期地方政府债ETF,bond,L,2020-09-04,,2020-09-04,2024-12-31,1042,79,0.054036,963,0.993808,0.054036,false,21081571.0,10956076.0,68.435,false,true,0,0,0,0,0,0,0.0,false,false,0,0,,,0,false,false
sz.159819,易方达中证人工智能主题ETF,equity,L,2020-09-23,,2020-09-23,2024-12-31,1035,66,0.045144,969,1.0,0.045144,false,80734363.0,44519214.0,87.254,false,true,8,0,0,0,0,8,0.10068,false,false,0,0,,,0,false,false
sz.159820,天弘中证500ETF,equity,L,2020-08-24,,2020-08-24,2024-12-31,1057,88,0.060192,969,1.0,0.060192,false,8698095.0,5272259.0,50.299,true,true,6,0,0,0,0,6,0.100094,false,false,0,0,,,0,false,false
sz.159821,中银证券创业板ETF,equity,L,2020-10-29,,2020-10-29,2024-12-31,1012,46,0.031464,966,0.996904,0.031464,false,125235.5,48162.0,6.159,true,false,9,0,0,0,0,9,0.199815,false,false,0,0,,,0,false,false
sz.159822,银华工银南方东英标普中国新经济行业ETF(QDII),cross_border,L,2020-10-23,,2020-10-23,2024-12-31,1019,50,0.0342,969,1.0,0.0342,false,5687463.0,2606220.0,41.146,true,true,9,0,0,0,0,9,0.100592,false,false,0,0,,,0,false,false
sz.159823,嘉实恒生中国企业ETF(QDII),cross_border,D,2020-10-23,2024-08-19,2020-10-23,2024-08-09,924,50,0.0342,874,0.901961,0.0342,false,1687310.0,734009.0,21.3,true,false,4,0,0,0,0,4,0.100694,false,false,0,0,,,0,false,false
sz.159824,博时中证新能源汽车ETF,equity,L,2021-01-11,,2021-01-11,2024-12-31,964,0,0.0,964,0.99484,0.0,false,22920482.0,15033643.0,69.889,false,true,12,0,0,0,0,12,0.100279,false,false,0,0,,,0,false,false
sz.159825,富国中证农业主题ETF,equity,L,2020-12-29,,2020-12-29,2024-12-31,972,3,0.002052,969,1.0,0.002052,false,93955423.0,53864885.0,88.366,false,true,3,0,0,0,0,3,0.093939,false,false,0,0,,,0,false,false
sz.159827,银华中证农业主题ETF,equity,L,2020-12-18,,2020-12-18,2024-12-31,979,10,0.00684,969,1.0,0.00684,false,2838214.0,1566460.0,28.058,true,true,3,0,0,0,0,3,0.082976,false,false,0,0,,,0,false,false
sz.159828,国泰中证医疗ETF,equity,L,2021-01-12,,2021-01-12,2024-12-31,963,0,0.0,963,0.993808,0.0,false,65365967.0,53397095.0,85.201,false,true,9,0,0,0,0,9,0.1,false,false,0,0,,,0,false,false
sz.159830,天弘上海金ETF,commodity,L,2021-07-19,,2021-07-19,2024-12-31,839,0,0.0,839,0.865841,0.0,false,3342070.0,1214741.0,30.368,true,true,1,0,1,0,0,0,0.069556,false,false,0,0,,,0,false,false
sz.159831,嘉实上海金ETF,commodity,L,2022-04-07,,2022-04-07,2024-12-31,666,0,0.0,666,0.687307,0.0,false,6591522.0,3219321.0,43.969,true,true,0,0,0,0,0,0,0.0,false,false,0,0,,,0,false,false
sz.159832,平安上海金ETF,commodity,D,2022-03-18,2023-03-30,2022-03-18,2023-03-22,234,0,0.0,234,0.241486,0.0,false,590276.5,39945.0,14.115,true,false,0,0,0,0,0,0,0.0,false,false,0,0,,,0,false,false
sz.159833,大成上海金ETF,commodity,D,2022-03-29,2023-06-06,2022-03-29,2023-05-29,283,0,0.0,283,0.292054,0.0,false,1728538.0,880638.0,21.557,true,false,0,0,0,0,0,0,0.0,false,false,0,0,,,0,false,false
sz.159834,南方上海金ETF,commodity,L,2022-03-16,,2022-03-16,2024-12-31,680,0,0.0,680,0.701754,0.0,false,2786995.5,1143058.0,27.887,true,true,0,0,0,0,0,0,0.0,false,false,0,0,,,0,false,false
sz.159835,建信中证创新药产业ETF,equity,L,2021-03-29,,2021-03-29,2024-12-31,914,0,0.0,914,0.94324,0.0,false,1634991.0,985602.0,20.958,true,false,6,0,0,0,0,6,0.100855,false,false,0,0,,,0,false,false
sz.159836,天弘创业板300ETF,equity,L,2021-05-25,,2021-05-25,2024-12-31,877,0,0.0,877,0.905057,0.0,false,1843075.0,1091674.0,22.07,true,false,7,0,0,0,0,7,0.199762,false,false,0,0,,,0,false,false
sz.159837,易方达中证生物科技主题ETF,equity,L,2021-01-27,,2021-01-27,2024-12-31,952,0,0.0,952,0.982456,0.0,false,50059902.0,24434302.0,81.608,false,true,6,0,0,0,0,6,0.100228,false,false,0,0,,,0,false,false
sz.159838,博时中证医药50ETF,equity,L,2021-07-30,,2021-07-30,2024-12-31,830,0,0.0,830,0.856553,0.0,false,4138424.5,2743511.0,34.902,true,true,7,0,0,0,0,7,0.100186,false,false,0,0,,,0,false,false
sz.159839,汇添富国证生物医药ETF,equity,L,2021-02-22,,2021-02-22,2024-12-31,939,0,0.0,939,0.96904,0.0,false,17222057.0,12380576.0,65.868,true,true,7,0,0,0,0,7,0.100796,false,false,0,0,,,0,false,false
sz.159840,工银瑞信国证新能源车电池ETF,equity,L,2021-08-20,,2021-08-20,2024-12-31,815,0,0.0,815,0.841073,0.0,false,70357860.0,53667906.0,86.056,false,true,11,0,0,0,0,11,0.100189,false,false,0,0,,,0,false,false
sz.159841,天弘中证全指证券公司ETF,equity,L,2021-02-09,,2021-02-09,2024-12-31,943,0,0.0,943,0.973168,0.0,false,101205584.0,77277926.0,89.222,false,true,13,0,0,0,0,13,0.100105,false,false,0,0,,,0,false,false
sz.159842,银华中证全指证券公司ETF,equity,L,2021-03-19,,2021-03-19,2024-12-31,920,0,0.0,920,0.949432,0.0,false,33257787.5,21986855.0,75.535,false,true,12,0,0,0,0,12,0.100092,false,false,0,0,,,920,true,false
sz.159843,招商国证食品饮料行业ETF,equity,L,2021-02-05,,2021-02-05,2024-12-31,945,0,0.0,945,0.975232,0.0,false,19978083.0,15206861.0,67.921,true,true,7,0,0,0,0,7,0.100159,false,false,0,0,,,0,false,false
sz.159845,华夏中证1000ETF,equity,L,2021-03-31,,2021-03-31,2024-12-31,912,0,0.0,912,0.941176,0.0,false,732932629.5,55881347.0,96.835,false,true,8,2,0,0,0,6,1.769129,true,true,0,0,,,0,false,false
sz.159846,建信中证1000ETF,equity,D,2021-08-16,2022-01-05,2021-08-16,2021-12-27,89,0,0.0,89,0.091847,0.0,false,911644.0,270860.0,16.852,true,false,0,0,0,0,0,0,0.0,false,false,0,0,,,0,false,false
sz.159847,易方达中证医疗ETF,equity,L,2021-07-19,,2021-07-19,2024-12-31,839,0,0.0,839,0.865841,0.0,false,12885311.0,8980774.0,59.795,true,true,10,0,0,0,0,10,0.100985,false,false,0,0,,,0,false,false
sz.159848,国联安中证全指证券公司ETF,equity,L,2021-03-12,,2021-03-12,2024-12-31,925,0,0.0,925,0.954592,0.0,false,5979033.0,3245702.0,42.087,true,true,13,0,0,0,0,13,0.100121,false,false,0,0,,,0,false,false
sz.159849,招商中证生物科技主题ETF,equity,L,2021-03-02,,2021-03-02,2024-12-31,933,0,0.0,933,0.962848,0.0,false,3553917.0,2029192.0,31.908,true,true,6,0,0,0,0,6,0.100791,false,false,0,0,,,0,false,false
sz.159850,华夏恒生中国企业ETF(QDII),cross_border,L,2021-02-19,,2021-02-19,2024-12-31,940,0,0.0,940,0.970072,0.0,false,23324234.0,15814243.0,70.231,false,true,5,0,0,0,0,5,0.100139,false,false,0,0,,,0,false,false
sz.159851,华宝中证金融科技主题ETF,equity,L,2021-03-19,,2021-03-19,2024-12-31,920,0,0.0,920,0.949432,0.0,false,15488688.0,9257415.0,63.73,true,true,21,0,0,0,0,21,0.10011,false,false,0,0,,,0,false,false
sz.159852,嘉实中证软件服务ETF,equity,L,2021-02-09,,2021-02-09,2024-12-31,943,0,0.0,943,0.973168,0.0,false,44442825.0,29795741.0,79.47,false,true,14,0,0,0,0,14,0.100741,false,false,0,0,,,0,false,false
sz.159853,南方中证科技100ETF,equity,D,2021-10-15,2023-11-27,2021-10-15,2023-11-24,515,0,0.0,515,0.531476,0.0,false,3354739.0,1392325.0,30.71,true,true,0,0,0,0,0,0,0.0,false,false,0,0,,,0,false,false
sz.159855,银华中证影视主题ETF,equity,L,2021-02-26,,2021-02-26,2024-12-31,935,0,0.0,935,0.964912,0.0,false,6713461.0,4477778.0,44.311,true,true,12,0,0,0,0,12,0.099648,false,false,0,0,,,0,false,false
sz.159856,工银瑞信中证沪港深互联网ETF,equity,L,2021-02-01,,2021-02-01,2024-12-31,949,0,0.0,949,0.97936,0.0,false,7972250.0,4686722.0,48.246,true,true,8,0,0,0,0,8,0.100746,false,false,0,0,,,0,false,false
sz.159857,天弘中证光伏产业ETF,equity,L,2021-02-24,,2021-02-24,2024-12-31,937,0,0.0,937,0.966976,0.0,false,122440328.0,91803174.0,90.419,false,true,18,0,0,0,0,18,0.1,false,false,0,0,,,0,false,false
sz.159858,南方中证创新药产业ETF,equity,L,2021-03-25,,2021-03-25,2024-12-31,916,0,0.0,916,0.945304,0.0,false,10500435.0,6199568.0,54.063,true,true,6,0,0,0,0,6,0.10084,false,false,0,0,,,0,false,false
sz.159859,天弘国证生物医药ETF,equity,L,2021-07-07,,2021-07-07,2024-12-31,847,0,0.0,847,0.874097,0.0,false,42478621.0,25840679.0,78.871,false,true,8,0,0,0,0,8,0.101093,false,false,0,0,,,0,false,false
sz.159861,国泰中证环保产业50ETF,equity,L,2021-04-02,,2021-04-02,2024-12-31,910,0,0.0,910,0.939112,0.0,false,27290569.5,15072871.0,72.541,false,true,8,0,0,0,0,8,0.099877,false,false,0,0,,,0,false,false
sz.159862,银华中证细分食品饮料产业主题ETF,equity,L,2021-11-08,,2021-11-08,2024-12-31,765,0,0.0,765,0.789474,0.0,false,2225303.0,1369314.0,25.064,true,true,6,0,0,1,0,5,0.1,false,false,0,0,,,0,false,false
sz.159863,鹏华中证光伏产业ETF,equity,L,2021-03-11,,2021-03-11,2024-12-31,926,0,0.0,926,0.955624,0.0,false,13397556.5,8064573.0,60.565,true,true,17,1,0,0,0,16,0.328446,false,true,0,0,,,0,false,false
sz.159864,国泰中证光伏产业ETF,equity,L,2021-08-10,,2021-08-10,2024-12-31,823,0,0.0,823,0.849329,0.0,false,35033325.0,24024827.0,76.133,false,true,13,0,0,0,0,13,0.100386,false,false,0,0,,,0,false,false
sz.159865,国泰中证畜牧养殖ETF,equity,L,2021-03-08,,2021-03-08,2024-12-31,929,0,0.0,929,0.95872,0.0,false,111007800.0,75350180.0,90.248,false,true,3,0,0,0,0,3,0.094139,false,false,0,0,,,0,false,false
sz.159866,工银瑞信大和日经225ETF(QDII),cross_border,L,2021-04-08,,2021-04-08,2024-12-31,907,0,0.0,907,0.936017,0.0,false,1257247.0,262022.0,18.82,true,false,4,0,0,0,0,4,0.095331,false,false,0,0,,,0,false,false
sz.159867,鹏华中证畜牧养殖ETF,equity,L,2021-03-05,,2021-03-05,2024-12-31,930,0,0.0,930,0.959752,0.0,false,28552547.5,18156116.0,73.396,false,true,3,0,0,0,0,3,0.091068,false,false,0,0,,,0,false,false
sz.159869,华夏中证动漫游戏ETF,equity,L,2021-03-05,,2021-03-05,2024-12-31,930,0,0.0,930,0.959752,0.0,false,95614627.0,40077723.0,88.708,false,true,32,0,0,0,0,32,0.10041,false,false,0,0,,,0,false,false
sz.159870,鹏华中证细分化工产业主题ETF,equity,L,2021-03-03,,2021-03-03,2024-12-31,932,0,0.0,932,0.961816,0.0,false,44581360.0,33314389.0,79.641,false,true,5,0,0,0,0,5,0.097938,false,false,0,0,,,0,false,false
sz.159871,银华中证有色金属ETF,equity,L,2021-03-31,,2021-03-31,2024-12-31,912,0,0.0,912,0.941176,0.0,false,9828465.5,7636670.0,52.181,true,true,8,0,0,0,0,8,0.099916,false,false,0,0,,,0,false,false
sz.159872,鹏华中证车联网主题ETF,equity,L,2021-07-01,,2021-07-01,2024-12-31,851,0,0.0,851,0.878225,0.0,false,1897191.0,800792.0,22.498,true,false,6,0,0,0,0,6,0.100119,false,false,0,0,,,0,false,false
sz.159873,天弘中证全指医疗保健设备与服务ETF,equity,L,2021-03-29,,2021-03-29,2024-12-31,914,0,0.0,914,0.94324,0.0,false,8118140.5,5511857.0,49.016,true,true,9,0,0,0,0,9,0.100539,false,false,0,0,,,0,false,false
sz.159875,嘉实中证新能源ETF,equity,L,2021-08-17,,2021-08-17,2024-12-31,818,0,0.0,818,0.844169,0.0,false,43965491.5,32902356.0,79.384,false,true,10,0,0,0,0,10,0.100604,false,false,0,0,,,0,false,false
sz.159876,华宝中证有色金属ETF,equity,L,2021-03-24,,2021-03-24,2024-12-31,916,0,0.0,916,0.945304,0.0,false,3602547.5,2077262.0,32.079,true,true,7,0,0,0,0,7,0.100079,false,false,0,0,,,0,false,false
sz.159877,南方中证全指医疗保健设备与服务ETF,equity,L,2021-11-03,,2021-11-03,2024-12-31,768,0,0.0,768,0.79257,0.0,false,3221773.0,2032764.0,29.769,true,true,8,0,0,0,0,8,0.100324,false,false,0,0,,,0,false,false
sz.159880,鹏华国证有色金属行业ETF,equity,L,2021-03-25,,2021-03-25,2024-12-31,916,0,0.0,916,0.945304,0.0,false,6754457.0,5188393.0,44.482,true,true,8,0,0,0,0,8,0.1,false,false,0,0,,,0,false,false
sz.159881,国泰中证有色金属ETF,equity,L,2021-07-01,,2021-07-01,2024-12-31,851,0,0.0,851,0.878225,0.0,false,29724691.0,24212814.0,73.738,false,true,9,0,0,0,0,9,0.100187,false,false,0,0,,,0,false,false
sz.159883,永赢中证全指医疗器械ETF,equity,L,2021-04-30,,2021-04-30,2024-12-31,891,0,0.0,891,0.919505,0.0,false,39236151.0,28836315.0,77.759,false,true,7,0,0,0,0,7,0.100639,false,false,0,0,,,0,false,false
sz.159885,鹏华中证内地低碳经济主题ETF,equity,L,2021-04-14,,2021-04-14,2024-12-31,903,0,0.0,903,0.931889,0.0,false,8609426.0,4634465.0,50.128,true,true,7,1,0,0,0,6,0.336443,false,true,0,0,,,0,false,false
sz.159886,富国中证细分机械设备产业主题ETF,equity,L,2021-04-28,,2021-04-28,2024-12-31,893,0,0.0,893,0.921569,0.0,false,16760606.0,9933867.0,65.441,true,true,5,0,0,0,0,5,0.100271,false,false,0,0,,,0,false,false
sz.159887,富国中证800银行ETF,equity,L,2021-05-20,,2021-05-20,2024-12-31,880,0,0.0,880,0.908153,0.0,false,45305553.0,32167909.0,79.983,false,true,0,0,0,0,0,0,0.0,false,false,0,0,,,0,false,false
sz.159888,华夏中证智能汽车主题ETF,equity,L,2021-05-21,,2021-05-21,2024-12-31,879,0,0.0,879,0.907121,0.0,false,15656393.0,8157579.0,64.072,true,true,5,0,0,0,0,5,0.100223,false,false,0,0,,,0,false,false
sz.159889,国泰中证智能汽车主题ETF,equity,L,2021-09-09,,2021-09-09,2024-12-31,801,0,0.0,801,0.826625,0.0,false,5558021.0,3111329.0,40.804,true,true,7,0,0,0,0,7,0.100467,false,false,0,0,,,0,false,false
sz.159890,招商中证云计算与大数据主题ETF,equity,L,2021-04-02,,2021-04-02,2024-12-31,910,0,0.0,910,0.939112,0.0,false,10684327.5,5386898.0,54.662,true,true,13,0,0,0,0,13,0.100102,false,false,0,0,,,0,false,false
sz.159891,建信中证全指医疗保健设备与服务ETF,equity,L,2021-06-15,,2021-06-15,2024-12-31,863,0,0.0,863,0.890609,0.0,false,1683700.0,1018843.0,21.129,true,false,5,0,0,0,0,5,0.100939,false,false,0,0,,,0,false,false
sz.159892,华夏恒生生物科技ETF(QDII),cross_border,L,2021-10-19,,2021-10-19,2024-12-31,780,0,0.0,780,0.804954,0.0,false,205483208.5,41161591.0,92.814,false,true,15,0,0,0,0,15,0.099624,false,false,0,0,,,0,false,false
sz.159895,易方达中证物联网主题ETF,equity,L,2021-10-21,,2021-10-21,2024-12-31,773,0,0.0,773,0.79773,0.0,false,2986183.0,764988.0,28.828,true,true,6,0,0,0,0,6,0.099867,false,false,0,0,,,0,false,false
sz.159896,南方中证物联网主题ETF,equity,L,2021-11-24,,2021-11-24,2024-12-31,752,0,0.0,752,0.776058,0.0,false,3817617.0,2144405.0,33.105,true,true,5,0,0,0,0,5,0.100143,false,false,0,0,,,0,false,false
sz.159897,建信中证物联网主题ETF,equity,D,2021-06-21,2022-05-19,2021-06-21,2022-05-11,215,0,0.0,215,0.221878,0.0,false,669653.0,241228.0,14.885,true,false,3,0,0,0,0,3,0.068758,false,false,0,0,,,0,false,false
sz.159898,招商中证全指医疗器械ETF,equity,L,2021-06-04,,2021-06-04,2024-12-31,869,0,0.0,869,0.896801,0.0,false,13250709.0,5914951.0,60.308,true,true,7,0,0,0,0,7,0.10058,false,false,0,0,,,0,false,false
sz.159899,招商中证全指软件ETF,equity,L,2021-06-28,,2021-06-28,2024-12-31,854,0,0.0,854,0.881321,0.0,false,10775777.5,4132359.0,54.919,true,true,12,0,0,0,0,12,0.100719,false,false,0,0,,,0,false,false
sz.159901,易方达深证100ETF,equity,L,2006-04-24,,2015-01-05,2024-12-31,2430,1462,1.0,968,0.998968,0.998968,true,104021327.5,50698368.0,89.649,false,true,33,1,0,0,0,32,0.510322,true,true,0,0,,,0,false,true
sz.159902,华夏中小企业100ETF,equity,L,2006-09-05,,2015-01-05,2024-12-31,2431,1462,1.0,969,1.0,1.0,true,27399855.0,11089543.0,72.626,false,true,36,0,0,0,0,36,0.100128,false,false,0,0,,,0,false,true
sz.159903,南方深证成份ETF,equity,L,2010-02-02,,2015-01-05,2024-12-31,2431,1462,1.0,969,1.0,1.0,true,1684142.0,755681.0,21.215,true,false,30,0,0,0,0,30,0.100295,false,false,0,0,,,0,false,false
sz.159905,工银瑞信深证红利ETF,equity,L,2011-01-11,,2015-01-05,2024-12-31,2431,1462,1.0,969,1.0,1.0,true,32047544.0,3988581.0,74.85,false,true,24,0,0,0,0,24,0.100083,false,false,0,0,,,0,false,true
sz.159906,大成深证成长40ETF,equity,L,2011-02-23,,2015-01-05,2024-12-31,2407,1438,0.983584,969,1.0,0.983584,true,1133563.0,47671.0,18.221,true,false,40,0,0,0,0,40,0.100427,false,false,0,0,,,0,false,false
sz.159907,广发国证2000ETF,equity,L,2011-08-10,,2015-01-05,2024-12-31,2423,1462,1.0,961,0.991744,0.991744,true,292084.0,97704.0,10.18,true,false,37,1,0,0,0,36,0.491828,false,true,0,0,,,0,false,false
sz.159908,博时创业板ETF,equity,L,2018-12-10,,2015-01-05,2024-12-31,2336,1367,0.935021,969,1.0,0.935021,false,1560420.55,51992.0,20.787,true,false,49,0,0,2,0,47,0.199805,false,false,0,0,,,0,false,false
sz.159909,招商深证电子信息传媒产业(TMT)50ETF,equity,L,2011-09-01,,2015-01-05,2024-12-31,2377,1408,0.963064,969,1.0,0.963064,true,451504.0,66803.0,11.976,true,false,48,1,0,2,0,45,0.897149,true,true,0,0,,,0,false,false
sz.159910,嘉实深证基本面120ETF,equity,L,2011-09-27,,2015-01-05,2024-12-31,2386,1417,0.96922,969,1.0,0.96922,true,328947.5,47050.4,10.522,true,false,33,0,0,0,0,33,0.100083,false,false,0,0,,,0,false,false
sz.159911,鹏华深证民营ETF,equity,D,2011-10-14,2020-06-19,2015-01-05,2020-06-10,1149,1149,0.78591,0,0.0,0.0,false,44507.0,11245.3,2.737,true,false,43,0,0,0,0,43,0.100025,false,false,0,0,,,0,false,false
sz.159912,汇添富深证300ETF,equity,L,2011-11-24,,2015-01-05,2024-12-31,2429,1460,0.998632,969,1.0,0.998632,true,348467.0,98492.0,10.864,true,false,25,0,0,0,0,25,0.100259,false,false,0,0,,,0,false,false
sz.159913,交银深证300价值ETF,equity,L,2011-10-25,,2015-01-05,2024-12-31,2354,1415,0.967852,939,0.96904,0.967852,true,49673.5,15140.0,3.165,true,false,40,0,0,2,0,38,0.100134,false,false,0,0,,,0,false,false
sz.159915,易方达创业板ETF,equity,L,2011-12-09,,2015-01-05,2024-12-31,2430,1462,1.0,968,0.998968,0.998968,true,824003385.95,527014904.3,97.348,false,true,53,0,0,0,0,53,0.2,false,false,0,0,,,0,false,true
sz.159916,建信深证基本面60ETF,equity,L,2011-10-24,,2015-01-05,2024-12-31,2379,1414,0.967168,965,0.995872,0.967168,true,143900.0,34860.0,6.929,true,false,53,0,0,1,0,52,0.100121,false,false,0,0,,,0,false,false
sz.159917,国泰中小板300成长ETF,equity,D,2012-04-06,2015-08-27,2015-01-05,2015-08-26,159,159,0.108755,0,0.0,0.0,false,931173.6,492067.7,17.109,true,false,18,0,0,0,0,18,0.10013,false,false,0,0,,,0,false,false
sz.159918,嘉实中创400ETF,equity,L,2012-05-11,,2015-01-05,2024-12-31,2369,1426,0.975376,943,0.973168,0.973168,true,49429.0,16582.0,3.08,true,false,56,0,0,1,0,55,0.100135,false,false,0,0,,,0,false,false
sz.159919,嘉实沪深300ETF,equity,L,2012-05-28,,2015-01-05,2024-12-31,2430,1461,0.999316,969,1.0,0.999316,true,359763896.5,59443780.2,94.44,false,true,23,0,0,0,1,22,0.100939,false,false,1,0,2019-01-14,2019-01-14,0,false,false
sz.159920,华夏恒生ETF(QDII),cross_border,L,2012-10-22,,2015-01-05,2024-12-31,2431,1462,1.0,969,1.0,1.0,true,516472317.0,150792605.0,95.552,false,true,6,0,0,0,0,6,0.100418,false,false,0,0,,,0,false,true
sz.159921,诺安中小板等权重ETF,equity,D,2013-01-31,2017-11-08,2015-01-05,2017-10-30,680,680,0.465116,0,0.0,0.0,false,111489.1,29960.5,5.731,true,false,61,0,0,0,0,61,0.10023,false,false,0,0,,,0,false,false
sz.159922,嘉实中证500ETF,equity,L,2013-03-15,,2015-01-05,2024-12-31,2431,1462,1.0,969,1.0,1.0,true,78109965.0,1514079.0,87.083,false,true,38,1,1,0,0,36,0.614548,true,true,0,0,,,0,false,true
sz.159923,大成中证A100ETF,equity,L,2013-03-05,,2015-01-05,2024-12-31,2423,1454,0.994528,969,1.0,0.994528,true,176755.0,74292.0,7.613,true,false,34,0,0,0,0,34,0.100306,false,false,0,0,,,0,false,false
sz.159924,景顺长城沪深300等权重ETF,equity,D,2013-06-05,2018-03-20,2015-01-05,2018-03-02,751,751,0.51368,0,0.0,0.0,false,139314.0,36296.6,6.587,true,false,34,0,0,0,0,34,0.100334,false,false,0,0,,,0,false,false
sz.159925,南方沪深300ETF,equity,L,2013-04-11,,2015-01-05,2024-12-31,2429,1462,1.0,967,0.997936,0.997936,true,1293666.0,404326.0,19.162,true,false,18,1,0,0,0,17,0.966092,true,true,0,0,,,0,false,false
sz.159926,嘉实中证金边中期国债ETF,bond,D,2013-08-05,2022-06-22,2015-01-05,2022-06-13,1360,1076,0.735978,284,0.293086,0.293086,false,79195.5,32710.4,4.876,true,false,27,0,0,5,0,22,0.100004,false,false,0,0,,,0,false,false
sz.159927,鹏华沪深300ETF,equity,D,2013-08-16,2018-02-14,2015-01-05,2018-02-13,722,722,0.493844,0,0.0,0.0,false,64808.85,15236.0,4.277,true,false,26,0,0,0,0,26,0.100053,false,false,0,0,,,0,false,false
sz.159928,汇添富中证主要消费ETF,equity,L,2013-09-16,,2015-01-05,2024-12-31,2431,1462,1.0,969,1.0,1.0,true,51756718.0,1405190.3,82.464,false,true,28,1,0,0,0,27,0.744737,true,true,0,0,,,0,false,true
sz.159929,汇添富中证医药卫生ETF,equity,L,2013-09-16,,2015-01-05,2024-12-31,2431,1462,1.0,969,1.0,1.0,true,11456179.0,1722360.0,57.228,true,true,31,0,0,0,0,31,0.1,false,false,0,0,,,0,false,true
sz.159930,汇添富中证能源ETF,equity,L,2013-09-16,,2015-01-05,2024-12-31,2427,1458,0.997264,969,1.0,0.997264,true,2295231.4,189279.9,25.492,true,true,31,0,0,0,0,31,0.100503,false,false,0,0,,,0,false,true
sz.159931,汇添富中证金融地产ETF,equity,L,2013-09-16,,2015-01-05,2024-12-31,2427,1458,0.997264,969,1.0,0.997264,true,557524.0,123274.0,13.601,true,false,25,0,0,0,0,25,0.100252,false,false,0,0,,,0,false,false
sz.159932,大成中证500深市ETF,equity,D,2013-10-21,2022-11-22,2015-01-05,2022-11-11,1870,1421,0.971956,449,0.463364,0.463364,false,76837.75,25944.0,4.705,true,false,49,0,0,0,1,48,0.100251,false,false,1,0,2015-06-30,2015-06-30,0,false,false
sz.159933,国投瑞银沪深300金融地产ETF,equity,L,2013-10-16,,2015-01-05,2024-12-31,2334,1376,0.941176,958,0.988648,0.941176,false,43142.5,11212.0,2.652,true,false,40,0,0,0,0,40,0.100166,false,false,0,0,,,0,false,false
sz.159934,易方达黄金ETF,commodity,L,2013-12-16,,2015-01-05,2024-12-31,2431,1462,1.0,969,1.0,1.0,true,133256253.0,26188130.0,90.932,false,true,1,0,0,0,0,1,0.061447,false,false,0,0,,,0,false,true
sz.159935,景顺长城中证500ETF,equity,L,2014-01-21,,2015-01-05,2024-12-31,2323,1356,0.927497,967,0.997936,0.927497,false,54395.0,13145.0,3.764,true,false,53,0,0,3,0,50,0.100372,false,false,0,0,,,0,false,false
sz.159936,广发中证全指可选消费ETF,equity,L,2014-06-25,,2015-01-05,2024-12-31,2364,1395,0.954172,969,1.0,0.954172,true,217322.5,43379.0,8.725,true,false,28,0,0,0,0,28,0.100062,false,false,0,0,,,0,false,false
sz.159937,博时黄金ETF,commodity,L,2014-09-01,,2015-01-05,2024-12-31,2431,1462,1.0,969,1.0,1.0,true,139384885.0,50806675.0,91.275,false,true,2,0,0,0,0,2,0.061176,false,false,0,0,,,0,false,true
sz.159938,广发中证全指医药卫生ETF,equity,L,2015-01-08,,2015-01-08,2024-12-31,2428,1459,0.997948,969,1.0,0.997948,true,16228781.0,4708105.0,64.756,true,true,36,1,0,0,0,35,0.498013,false,true,0,0,,,0,false,true
sz.159939,广发中证全指信息技术ETF,equity,L,2015-02-05,,2015-02-05,2024-12-31,2408,1439,0.984268,969,1.0,0.984268,true,16814795.4,3856871.0,65.526,true,true,72,1,0,0,0,71,0.511804,true,true,0,0,,,0,false,true
sz.159940,广发中证全指金融地产ETF,equity,L,2015-04-17,,2015-04-17,2024-12-31,2361,1392,0.95212,969,1.0,0.95212,true,1388499.0,156009.0,19.589,true,false,16,0,0,0,0,16,0.100443,false,false,0,0,,,0,false,false
sz.159941,广发纳斯达克100ETF(QDII),cross_border,L,2015-07-13,,2015-07-13,2024-12-31,2304,1335,0.913133,969,1.0,0.913133,false,15563016.5,374141.0,63.901,true,true,12,1,0,0,0,11,0.746644,true,true,0,0,,,0,false,false
sz.159942,华润元大中创100ETF,equity,D,2015-06-25,2018-11-06,2015-06-25,2018-11-05,807,807,0.551984,0,0.0,0.0,false,79306.0,23061.2,4.962,true,false,30,0,0,0,0,30,0.100139,false,false,0,0,,,0,false,false
sz.159943,大成深证成份ETF,equity,L,2015-07-08,,2015-07-08,2024-12-31,2307,1338,0.915185,969,1.0,0.915185,false,994336.0,430832.0,17.365,true,false,23,1,0,0,0,22,0.914804,true,true,0,0,,,0,false,false
sz.159944,广发中证全指原材料ETF,equity,L,2015-07-06,,2015-07-06,2024-12-31,2284,1315,0.899453,969,1.0,0.899453,false,256356.25,59186.0,9.239,true,false,31,0,0,0,0,31,0.100787,false,false,0,0,,,0,false,false
sz.159945,广发中证全指能源ETF,equity,L,2015-07-06,,2015-07-06,2024-12-31,2306,1337,0.914501,969,1.0,0.914501,false,898262.85,93167.0,16.766,true,false,23,0,0,0,0,23,0.1,false,false,0,0,,,0,false,false
sz.159946,广发中证全指主要消费ETF,equity,D,2015-07-13,2018-12-28,2015-07-13,2018-12-20,828,828,0.566347,0,0.0,0.0,false,73038.5,21246.0,4.619,true,false,11,0,0,0,0,11,0.099896,false,false,0,0,,,0,false,false
sz.159948,南方创业板ETF,equity,L,2016-05-31,,2016-05-31,2024-12-31,2086,1119,0.76539,967,0.997936,0.76539,false,10742761.25,3976259.3,54.748,true,true,13,0,0,0,0,13,0.200159,false,false,0,0,,,0,false,false
sz.159949,华安创业板50ETF,equity,L,2016-07-22,,2016-07-22,2024-12-31,2052,1083,0.740766,969,1.0,0.740766,false,532679386.0,276376787.0,95.637,false,true,18,0,0,0,0,18,0.200198,false,false,0,0,,,0,false,false
sz.159950,易方达深证成指ETF,equity,D,2017-05-10,2019-07-12,2017-05-10,2019-06-27,505,505,0.345417,0,0.0,0.0,false,39996.0,13214.0,2.395,true,false,9,0,0,0,0,9,0.10023,false,false,0,0,,,0,false,false
sz.159951,嘉实中关村A股ETF,equity,D,2017-07-10,2022-08-24,2017-07-10,2022-08-16,1222,832,0.569083,390,0.402477,0.402477,false,39209.0,12872.0,2.139,true,false,11,0,0,1,0,10,0.100498,false,false,0,0,,,0,false,false
sz.159952,广发创业板ETF,equity,L,2017-05-19,,2017-05-19,2024-12-31,1851,884,0.604651,967,0.997936,0.604651,false,55053560.0,33649278.0,83.234,false,true,12,0,0,0,0,12,0.200297,false,false,0,0,,,0,false,false
sz.159953,广发中证全指工业ETF,equity,D,2017-07-14,2020-12-17,2017-07-14,2020-12-08,807,807,0.551984,0,0.0,0.0,false,62483.0,17838.0,4.021,true,false,3,0,0,0,0,3,0.099738,false,false,0,0,,,0,false,false
sz.159954,南方恒生中国企业ETF(QDII),cross_border,L,2018-03-15,,2018-03-15,2024-12-31,1652,683,0.467168,969,1.0,0.467168,false,7201207.0,2880738.0,46.022,true,true,5,0,0,0,0,5,0.100683,false,false,0,0,,,0,false,false
sz.159955,嘉实创业板ETF,equity,D,2017-08-23,2022-11-30,2017-08-23,2022-11-21,1274,818,0.559508,456,0.470588,0.470588,false,810931.5,426692.0,16.168,true,false,6,0,0,0,0,6,0.09372,false,false,0,0,,,0,false,false
sz.159956,建信创业板ETF,equity,L,2018-03-07,,2018-03-07,2024-12-31,1657,688,0.470588,969,1.0,0.470588,false,243876.0,102686.0,9.153,true,false,19,0,0,0,0,19,0.200282,false,false,0,0,,,0,false,false
sz.159957,华夏创业板ETF,equity,L,2018-01-04,,2018-01-04,2024-12-31,1697,728,0.497948,969,1.0,0.497948,false,2253293.0,1095972.0,25.235,true,true,11,0,0,0,0,11,0.2,false,false,0,0,,,0,false,false
sz.159958,工银瑞信创业板ETF,equity,L,2018-01-19,,2018-01-19,2024-12-31,1686,717,0.490424,969,1.0,0.490424,false,3915534.5,2372115.0,34.046,true,true,13,0,0,0,0,13,0.200356,false,false,0,0,,,0,false,false
sz.159959,银华中证央企结构调整ETF,equity,L,2019-01-18,,2019-01-18,2024-12-31,1444,475,0.324897,969,1.0,0.324897,false,2313558.5,485606.0,25.663,true,true,5,0,0,0,0,5,0.098644,false,false,0,0,,,0,false,false
sz.159960,平安港股通恒生中国企业ETF,cross_border,L,2018-10-22,,2018-10-22,2024-12-31,1502,533,0.364569,969,1.0,0.364569,false,1444428.5,500491.0,20.017,true,false,5,0,2,0,0,3,0.108579,false,false,0,0,,,0,false,false
sz.159961,方正富邦深证100ETF,equity,L,2018-12-19,,2018-12-19,2024-12-31,1448,495,0.338577,953,0.983488,0.338577,false,391369.0,78023.0,11.377,true,false,6,0,0,0,0,6,0.100176,false,false,0,0,,,0,false,false
sz.159962,华夏中证四川国企改革ETF,equity,D,2019-04-18,2022-11-09,2019-04-18,2022-10-31,846,411,0.281122,435,0.448916,0.281122,false,125288.5,35501.0,6.245,true,false,6,0,0,1,0,5,0.099021,false,false,0,0,,,0,false,false
sz.159963,富国恒生中国企业ETF,cross_border,D,2019-03-26,2021-05-25,2019-03-26,2021-05-14,519,433,0.29617,86,0.088751,0.088751,false,3439950.0,1915248.0,31.138,true,true,1,0,0,0,0,1,0.060729,false,false,0,0,,,0,false,false
sz.159964,平安创业板ETF,equity,L,2019-04-19,,2019-04-19,2024-12-31,1385,416,0.284542,969,1.0,0.284542,false,468342.0,142946.0,12.147,true,false,12,0,0,0,0,12,0.2,false,false,0,0,,,0,false,false
sz.159965,国联央视财经50ETF,equity,L,2019-04-24,,2019-04-24,2024-12-31,1382,413,0.28249,969,1.0,0.28249,false,696982.0,350553.0,15.227,true,false,4,0,0,0,0,4,0.082819,false,false,0,0,,,0,false,false
sz.159966,华夏创业板低波价值ETF,equity,L,2019-07-15,,2019-07-15,2024-12-31,1328,359,0.245554,969,1.0,0.245554,false,14513481.0,6081666.0,62.361,true,true,9,1,0,0,0,8,0.682638,true,true,0,0,,,0,false,false
sz.159967,华夏创业板动量成长ETF,equity,L,2019-07-15,,2019-07-15,2024-12-31,1328,359,0.245554,969,1.0,0.245554,false,105728367.0,54400045.0,89.906,false,true,12,1,0,0,0,11,0.730332,true,true,0,0,,,0,false,false
sz.159968,博时中证500ETF,equity,L,2019-10-31,,2019-10-31,2024-12-31,1256,287,0.196306,969,1.0,0.196306,false,15083004.0,9746202.0,63.302,true,true,6,0,0,0,0,6,0.1,false,false,0,0,,,0,false,false
sz.159969,银华深证100ETF,equity,D,2019-08-28,2026-03-12,2019-08-28,2024-12-31,1296,327,0.223666,969,1.0,0.223666,false,1791215.0,820305.0,21.814,true,false,6,0,0,0,0,6,0.100087,false,false,0,0,,,0,false,false
sz.159970,工银瑞信深证100ETF,equity,L,2020-01-10,,2020-01-10,2024-12-31,1202,237,0.162107,965,0.995872,0.162107,false,774160.0,252045.0,15.997,true,false,5,0,0,0,0,5,0.100044,false,false,0,0,,,0,false,false
sz.159971,富国创业板ETF,equity,L,2019-07-02,,2019-07-02,2024-12-31,1335,368,0.25171,967,0.997936,0.25171,false,487168.0,194271.0,12.489,true,false,7,0,0,0,0,7,0.200153,false,false,0,0,,,0,false,false
sz.159972,鹏华中证5年期地方政府债ETF,bond,L,2019-11-08,,2019-11-08,2024-12-31,1245,281,0.192202,964,0.99484,0.192202,false,31033652.0,16270634.0,74.166,false,true,0,0,0,0,0,0,0.0,false,false,0,0,,,0,false,false
sz.159973,弘毅远方国证民企领先100ETF,equity,L,2019-08-09,,2019-08-09,2024-12-31,1297,339,0.231874,958,0.988648,0.231874,false,71402.0,22662.0,4.534,true,false,12,0,0,0,0,12,0.100326,false,false,0,0,,,0,false,false
sz.159974,富国中证央企创新驱动ETF,equity,L,2019-12-18,,2019-12-18,2024-12-31,1217,252,0.172367,965,0.995872,0.172367,false,3314643.0,825220.0,30.111,true,true,5,0,0,0,0,5,0.099562,false,false,0,0,,,0,false,false
sz.159975,招商深证100ETF,equity,L,2020-01-02,,2020-01-02,2024-12-31,1212,243,0.166211,969,1.0,0.166211,false,8096968.5,4886291.0,48.76,true,true,6,1,0,0,0,5,0.900394,true,true,0,0,,,0,false,false
sz.159976,工银瑞信粤港澳大湾区创新100ETF,equity,L,2020-01-17,,2020-01-17,2024-12-31,1197,232,0.158687,965,0.995872,0.158687,false,1399604.0,540841.0,19.675,true,false,5,0,0,0,0,5,0.091707,false,false,0,0,,,0,false,false
sz.159977,天弘创业板ETF,equity,L,2019-09-27,,2019-09-27,2024-12-31,1275,306,0.209302,969,1.0,0.209302,false,34229703.0,23405676.0,75.962,false,true,8,0,0,0,0,8,0.2,false,false,0,0,,,0,false,false
sz.159978,建信中证沪港深粤港澳大湾区发展主题ETF,equity,D,2020-04-14,2023-01-12,2020-04-14,2023-01-03,663,177,0.121067,486,0.501548,0.121067,false,340539.0,153096.0,10.607,true,false,3,0,0,0,0,3,0.075908,false,false,0,0,,,0,false,false
sz.159979,广发粤港澳大湾区创新100ETF,equity,D,2020-02-14,2022-12-21,2020-02-14,2022-12-12,683,218,0.149111,465,0.479876,0.149111,false,79172.0,28026.0,4.79,true,false,1,0,0,0,0,1,0.0659,false,false,0,0,,,0,false,false
sz.159980,大成有色金属期货ETF,commodity,L,2019-12-24,,2019-12-24,2024-12-31,1218,249,0.170315,969,1.0,0.170315,false,45607686.0,27465011.0,80.154,false,true,0,0,0,0,0,0,0.0,false,false,0,0,,,0,false,false
sz.159981,建信易盛郑商所能源化工期货ETF,commodity,L,2020-01-17,,2020-01-17,2024-12-31,1201,232,0.158687,969,1.0,0.158687,false,18119614.0,6983076.0,66.724,true,true,7,0,0,0,0,7,0.099956,false,false,0,0,,,0,false,false
sz.159982,鹏华中证500ETF,equity,L,2020-02-20,,2020-02-20,2024-12-31,1183,214,0.146375,969,1.0,0.146375,false,11153960.0,8104639.0,56.116,true,true,5,0,0,0,0,5,0.096654,false,false,0,0,,,0,false,false
sz.159983,华夏粤港澳大湾区创新100ETF,equity,D,2020-04-23,2024-01-05,2020-04-23,2023-12-25,893,170,0.116279,723,0.74613,0.116279,false,1702991.0,714664.0,21.471,true,false,0,0,0,0,0,0,0.0,false,false,0,0,,,0,false,false
sz.159984,南方粤港澳大湾区创新100ETF,equity,D,2020-01-17,2023-07-10,2020-01-17,2023-07-04,830,232,0.158687,598,0.617131,0.158687,false,278488.0,72923.0,9.837,true,false,1,0,0,0,0,1,0.085279,false,false,0,0,,,0,false,false
sz.159985,华夏饲料豆粕期货ETF,commodity,L,2019-12-05,,2019-12-05,2024-12-31,1231,262,0.179207,969,1.0,0.179207,false,38378724.0,18973729.0,77.331,false,true,2,0,0,0,0,2,0.088872,false,false,0,0,,,0,false,false
sz.159986,弘毅远方国证消费100ETF,equity,D,2020-01-20,2022-10-27,2020-01-20,2022-10-19,664,231,0.158003,433,0.446852,0.158003,false,665688.5,277768.0,14.799,true,false,11,0,0,0,0,11,0.106657,false,false,0,0,,,0,false,false
sz.159987,银华中证研发创新100ETF,equity,D,2019-11-18,2024-09-03,2019-11-18,2024-08-26,1160,275,0.188098,885,0.913313,0.188098,false,3672743.5,727902.0,32.506,true,true,3,0,0,0,0,3,0.097087,false,false,0,0,,,0,false,false
sz.159988,平安中债-0-5年广东省地方政府债ETF,bond,D,2020-05-29,2022-06-30,2020-05-29,2022-06-21,482,139,0.095075,343,0.353973,0.095075,false,15219.0,4170.0,0.599,true,false,0,0,0,0,0,0,0.0,false,false,0,0,,,0,false,false
sz.159990,银华巨潮小盘价值ETF,equity,D,2020-01-20,2024-07-17,2020-01-20,2024-07-09,1082,231,0.158003,851,0.878225,0.158003,false,2072543.5,963046.0,23.867,true,false,2,0,0,0,0,2,0.100104,false,false,0,0,,,0,false,false
sz.159991,招商创业板大盘ETF,equity,L,2020-04-24,,2020-04-24,2024-12-31,1138,169,0.115595,969,1.0,0.115595,false,6925189.5,4193879.0,44.996,true,true,8,1,0,0,0,7,0.644068,true,true,0,0,,,0,false,false
sz.159992,银华中证创新药产业ETF,equity,L,2020-04-10,,2020-04-10,2024-12-31,1148,179,0.122435,969,1.0,0.122435,false,191406809.0,145134543.0,92.387,false,true,8,0,0,0,0,8,0.1,false,false,0,0,,,0,false,false
sz.159993,鹏华国证证券龙头ETF,equity,L,2020-02-07,,2020-02-07,2024-12-31,1192,223,0.152531,969,1.0,0.152531,false,49925921.0,35881648.0,81.437,false,true,18,0,0,0,0,18,0.100249,false,false,0,0,,,0,false,false
sz.159994,银华中证5G通信主题ETF,equity,L,2020-02-28,,2020-02-28,2024-12-31,1177,208,0.142271,969,1.0,0.142271,false,40001564.0,27269065.0,78.272,false,true,11,0,0,0,0,11,0.099878,false,false,0,0,,,0,false,false
sz.159995,华夏国证半导体芯片ETF,equity,L,2020-02-10,,2020-02-10,2024-12-31,1191,222,0.151847,969,1.0,0.151847,false,629774991.0,434820198.0,96.493,false,true,29,0,0,0,0,29,0.100094,false,false,0,0,,,0,false,false
sz.159996,国泰中证全指家用电器ETF,equity,L,2020-03-16,,2020-03-16,2024-12-31,1166,197,0.134747,969,1.0,0.134747,false,68641976.0,49768255.0,85.8,false,true,2,0,0,0,0,2,0.083751,false,false,0,0,,,0,false,false
sz.159997,天弘中证电子ETF,equity,L,2020-03-20,,2020-03-20,2024-12-31,1162,193,0.132011,969,1.0,0.132011,false,46327802.0,34856068.0,80.325,false,true,9,0,0,0,0,9,0.099898,false,false,0,0,,,0,false,false
sz.159998,天弘中证计算机主题ETF,equity,L,2020-04-13,,2020-04-13,2024-12-31,1147,178,0.121751,969,1.0,0.121751,false,29231817.0,12248642.0,73.482,false,true,7,0,0,0,0,7,0.100567,false,false,0,0,,,0,false,false
sz.159999,永赢中证500ETF,equity,D,2020-08-12,2023-03-20,2020-08-12,2023-03-10,606,96,0.065663,510,0.526316,0.065663,false,206723.5,30671.0,8.383,true,false,0,0,0,0,0,0,0.0,false,false,0,0,,,0,false,false
sz.160119,南方中证500ETF联接(LOF)-A,equity,L,2009-11-11,,2015-01-05,2024-12-31,2430,1461,0.999316,969,1.0,0.999316,true,650660.5,345013.0,14.542,true,false,27,0,0,0,0,27,0.100156,false,false,0,0,,,0,false,false
sz.160615,鹏华沪深300ETF联接(LOF)-A,equity,L,2009-05-08,,2015-01-05,2024-12-31,2223,1311,0.896717,912,0.941176,0.896717,false,14157.0,3287.0,0.513,true,false,28,2,2,0,0,24,0.176761,false,true,0,0,,,0,false,false
sz.160706,嘉实沪深300ETF联接(LOF)-A,equity,L,2005-10-17,,2015-01-05,2024-12-31,2431,1462,1.0,969,1.0,1.0,true,2325877.0,1409647.0,26.005,true,true,13,1,0,0,0,12,0.134982,false,true,0,0,,,0,false,true
sz.161121,易方达中证银行ETF联接(LOF)-A,equity,L,2020-08-18,,2020-08-18,2024-12-31,1057,92,0.062927,965,0.995872,0.062927,false,124744.0,45719.0,6.074,true,false,3,0,0,0,0,3,0.092132,false,false,0,0,,,0,false,false
sz.161130,易方达纳斯达克100ETF联接(QDII-LOF)-A-CNY,cross_border,L,2017-07-14,,2017-07-14,2024-12-31,1752,783,0.535568,969,1.0,0.535568,false,1915068.0,115226.0,22.669,true,false,11,0,0,2,0,9,0.100063,false,false,0,0,,,0,false,false
sz.162412,华宝中证医疗ETF联接-A,equity,L,2021-02-26,,2021-02-26,2024-12-31,935,0,0.0,935,0.964912,0.0,false,846670.0,537353.0,16.424,true,false,7,0,0,0,0,7,0.100649,false,false,0,0,,,0,false,false
sz.162711,广发中证500ETF联接(LOF)-A,equity,L,2010-01-08,,2015-01-05,2024-12-31,2390,1452,0.99316,938,0.968008,0.968008,true,39766.0,14232.0,2.224,true,false,33,0,0,0,0,33,0.100309,false,false,0,0,,,0,false,false
