symbol,date,close,preclose,prev_close,close_over_prev_close_minus_1,close_over_preclose_minus_1,preclose_over_prev_close_minus_1,factor_ratio,gap_cal,分类
sh.501011,2018-05-29,1.054,1.161,1.161,-0.092162,-0.092162,0.0,1.0,0,普通大幅波动
sh.501011,2018-10-11,0.809,0.896,0.896,-0.097098,-0.097098,0.0,1.0,0,普通大幅波动
sh.501011,2018-12-21,0.816,0.765,0.765,0.066667,0.066667,0.0,1.0,0,普通大幅波动
sh.501011,2018-12-24,0.748,0.816,0.816,-0.083333,-0.083333,0.0,1.0,0,普通大幅波动
sh.501011,2019-02-25,0.818,0.771,0.771,0.06096,0.06096,0.0,1.0,0,普通大幅波动
sh.501011,2019-05-06,0.829,0.9,0.9,-0.078889,-0.078889,0.0,1.0,0,普通大幅波动
sh.501011,2019-05-13,0.928,0.86,0.86,0.07907,0.07907,0.0,1.0,0,普通大幅波动
sh.501011,2019-05-15,0.869,0.94,0.94,-0.075532,-0.075532,0.0,1.0,0,普通大幅波动
sh.501011,2020-02-03,0.81,0.89,0.89,-0.089888,-0.089888,0.0,1.0,0,普通大幅波动
sh.501011,2020-07-16,0.953,1.017,1.017,-0.06293,-0.06293,0.0,1.0,0,普通大幅波动
sh.501011,2021-05-13,1.063,1.0,1.0,0.063,0.063,0.0,1.0,0,普通大幅波动
sh.501011,2021-07-01,1.32,1.2,1.2,0.1,0.1,0.0,1.0,0,普通大幅波动
sh.501011,2021-07-02,1.452,1.32,1.32,0.1,0.1,0.0,1.0,0,普通大幅波动
sh.501011,2021-07-05,1.307,1.452,1.452,-0.099862,-0.099862,0.0,1.0,0,普通大幅波动
sh.501011,2021-07-06,1.189,1.307,1.307,-0.090283,-0.090283,0.0,1.0,0,普通大幅波动
sh.501011,2021-12-27,1.346,1.251,1.251,0.075939,0.075939,0.0,1.0,0,普通大幅波动
sh.501011,2022-01-04,1.45,1.318,1.318,0.100152,0.100152,0.0,1.0,0,普通大幅波动
sh.501011,2022-01-06,1.465,1.38,1.38,0.061594,0.061594,0.0,1.0,0,普通大幅波动
sh.501011,2022-02-09,1.216,1.146,1.146,0.061082,0.061082,0.0,1.0,0,普通大幅波动
sh.501011,2024-09-30,1.206,1.096,1.096,0.100365,0.100365,0.0,1.0,0,普通大幅波动
sh.501011,2024-10-09,1.161,1.26,1.26,-0.078571,-0.078571,0.0,1.0,0,普通大幅波动
sh.501012,2018-03-27,1.109,1.02,1.02,0.087255,0.087255,0.0,1.0,0,普通大幅波动
sh.501012,2018-06-05,1.19,1.102,1.102,0.079855,0.079855,0.0,1.0,0,普通大幅波动
sh.501012,2018-10-12,0.797,0.854,0.854,-0.066745,-0.066745,0.0,1.0,0,普通大幅波动
sh.501012,2018-11-21,0.882,0.81,0.81,0.088889,0.088889,0.0,1.0,0,普通大幅波动
sh.501012,2018-11-22,0.808,0.882,0.882,-0.0839,-0.0839,0.0,1.0,0,普通大幅波动
sh.501012,2018-11-27,0.776,0.844,0.844,-0.080569,-0.080569,0.0,1.0,0,普通大幅波动
sh.501012,2018-12-21,0.735,0.803,0.803,-0.084682,-0.084682,0.0,1.0,0,普通大幅波动
sh.501012,2019-01-02,0.716,0.79,0.79,-0.093671,-0.093671,0.0,1.0,0,普通大幅波动
sh.501012,2019-04-25,0.875,0.931,0.931,-0.06015,-0.06015,0.0,1.0,0,普通大幅波动
sh.501012,2020-01-21,0.9,0.818,0.818,0.100244,0.100244,0.0,1.0,0,普通大幅波动
sh.501012,2020-01-22,0.99,0.9,0.9,0.1,0.1,0.0,1.0,0,普通大幅波动
sh.501012,2020-01-23,0.891,0.99,0.99,-0.1,-0.1,0.0,1.0,0,普通大幅波动
sh.501012,2020-02-03,0.802,0.891,0.891,-0.099888,-0.099888,0.0,1.0,0,普通大幅波动
sh.501012,2020-02-05,0.863,0.812,0.812,0.062808,0.062808,0.0,1.0,0,普通大幅波动
sh.501012,2021-05-13,1.08,0.983,0.983,0.098678,0.098678,0.0,1.0,0,普通大幅波动
sh.501012,2021-05-14,1.188,1.08,1.08,0.1,0.1,0.0,1.0,0,普通大幅波动
sh.501012,2021-05-18,1.053,1.146,1.146,-0.081152,-0.081152,0.0,1.0,0,普通大幅波动
sh.501012,2021-06-30,1.232,1.143,1.143,0.077865,0.077865,0.0,1.0,0,普通大幅波动
sh.501012,2021-07-01,1.355,1.232,1.232,0.099838,0.099838,0.0,1.0,0,普通大幅波动
sh.501012,2021-07-02,1.473,1.355,1.355,0.087085,0.087085,0.0,1.0,0,普通大幅波动
sh.501012,2021-07-05,1.326,1.473,1.473,-0.099796,-0.099796,0.0,1.0,0,普通大幅波动
sh.501012,2021-07-06,1.193,1.326,1.326,-0.100302,-0.100302,0.0,1.0,0,普通大幅波动
sh.501012,2022-01-04,1.43,1.3,1.3,0.1,0.1,0.0,1.0,0,普通大幅波动
sh.501012,2022-01-05,1.344,1.43,1.43,-0.06014,-0.06014,0.0,1.0,0,普通大幅波动
sh.501012,2022-04-13,1.144,1.22,1.22,-0.062295,-0.062295,0.0,1.0,0,普通大幅波动
sh.501012,2022-06-07,1.14,1.071,1.071,0.064426,0.064426,0.0,1.0,0,普通大幅波动
sh.501012,2024-09-27,1.108,1.038,1.038,0.067437,0.067437,0.0,1.0,0,普通大幅波动
sh.501012,2024-09-30,1.192,1.108,1.108,0.075812,0.075812,0.0,1.0,0,普通大幅波动
sh.501012,2024-10-09,1.131,1.222,1.222,-0.074468,-0.074468,0.0,1.0,0,普通大幅波动
sh.501029,2020-02-03,0.893,0.98,0.98,-0.088776,-0.088776,0.0,1.0,0,普通大幅波动
sh.501029,2022-03-15,1.205,1.283,1.283,-0.060795,-0.060795,0.0,1.0,0,普通大幅波动
sh.501029,2024-09-30,1.678,1.553,1.553,0.080489,0.080489,0.0,1.0,0,普通大幅波动
sh.501029,2024-10-09,1.608,1.727,1.727,-0.068906,-0.068906,0.0,1.0,0,普通大幅波动
sh.501036,2018-08-07,0.766,0.838,0.838,-0.085919,-0.085919,0.0,1.0,0,普通大幅波动
sh.501036,2018-10-11,0.669,0.724,0.724,-0.075967,-0.075967,0.0,1.0,0,普通大幅波动
sh.501036,2019-02-25,0.819,0.76,0.76,0.077632,0.077632,0.0,1.0,0,普通大幅波动
sh.501036,2019-05-08,0.819,0.873,0.873,-0.061856,-0.061856,0.0,1.0,0,普通大幅波动
sh.501036,2020-02-03,0.804,0.879,0.879,-0.085324,-0.085324,0.0,1.0,0,普通大幅波动
sh.501036,2021-09-03,1.42,1.315,1.315,0.079848,0.079848,0.0,1.0,0,普通大幅波动
sh.501036,2021-09-06,1.551,1.42,1.42,0.092254,0.092254,0.0,1.0,0,普通大幅波动
sh.501036,2021-09-07,1.396,1.551,1.551,-0.099936,-0.099936,0.0,1.0,0,普通大幅波动
sh.501036,2024-02-07,0.968,0.911,0.911,0.062569,0.062569,0.0,1.0,0,普通大幅波动
sh.501036,2024-09-26,1.007,0.915,0.915,0.100546,0.100546,0.0,1.0,0,普通大幅波动
sh.501036,2024-09-27,1.108,1.007,1.007,0.100298,0.100298,0.0,1.0,0,普通大幅波动
sh.501036,2024-09-30,1.219,1.108,1.108,0.100181,0.100181,0.0,1.0,0,普通大幅波动
sh.501036,2024-10-09,1.065,1.165,1.165,-0.085837,-0.085837,0.0,1.0,0,普通大幅波动
sh.501037,2018-10-11,0.672,0.727,0.727,-0.075653,-0.075653,0.0,1.0,0,普通大幅波动
sh.501037,2018-10-22,0.699,0.658,0.658,0.06231,0.06231,0.0,1.0,0,普通大幅波动
sh.501037,2018-11-02,0.728,0.671,0.671,0.084948,0.084948,0.0,1.0,4,停牌复牌型
sh.501037,2019-02-11,0.734,0.687,0.687,0.068413,0.068413,0.0,1.0,0,普通大幅波动
sh.501037,2019-03-01,0.845,0.792,0.792,0.066919,0.066919,0.0,1.0,0,普通大幅波动
sh.501037,2019-04-30,0.902,0.847,0.847,0.064935,0.064935,0.0,1.0,0,普通大幅波动
sh.501037,2019-05-08,0.82,0.894,0.894,-0.082774,-0.082774,0.0,1.0,0,普通大幅波动
sh.501037,2020-02-03,0.792,0.87,0.87,-0.089655,-0.089655,0.0,1.0,0,普通大幅波动
sh.501037,2024-02-06,0.908,0.853,0.853,0.064478,0.064478,0.0,1.0,0,普通大幅波动
sh.501037,2024-09-26,0.973,0.903,0.903,0.077519,0.077519,0.0,1.0,0,普通大幅波动
sh.501037,2024-09-27,1.068,0.973,0.973,0.097636,0.097636,0.0,1.0,0,普通大幅波动
sh.501037,2024-10-09,1.066,1.142,1.142,-0.06655,-0.06655,0.0,1.0,0,普通大幅波动
sh.501037,2024-10-15,0.968,1.045,1.045,-0.073684,-0.073684,0.0,1.0,0,普通大幅波动
sh.501047,2018-06-19,0.761,0.846,0.846,-0.100473,-0.100473,0.0,1.0,0,普通大幅波动
sh.501047,2018-10-18,0.612,0.655,0.655,-0.065649,-0.065649,0.0,1.0,0,普通大幅波动
sh.501047,2018-10-22,0.696,0.633,0.633,0.099526,0.099526,0.0,1.0,0,普通大幅波动
sh.501047,2018-10-30,0.767,0.721,0.721,0.0638,0.0638,0.0,1.0,0,普通大幅波动
sh.501047,2019-01-17,0.793,0.847,0.847,-0.063754,-0.063754,0.0,1.0,0,普通大幅波动
sh.501047,2019-02-22,0.957,0.87,0.87,0.1,0.1,0.0,1.0,0,普通大幅波动
sh.501047,2019-02-25,1.053,0.957,0.957,0.100313,0.100313,0.0,1.0,0,普通大幅波动
sh.501047,2019-03-08,1.006,1.111,1.111,-0.094509,-0.094509,0.0,1.0,0,普通大幅波动
sh.501047,2019-06-20,1.017,0.948,0.948,0.072785,0.072785,0.0,1.0,0,普通大幅波动
sh.501047,2019-08-19,0.963,0.908,0.908,0.060573,0.060573,0.0,1.0,0,普通大幅波动
sh.501047,2020-02-03,0.919,1.02,1.02,-0.09902,-0.09902,0.0,1.0,0,普通大幅波动
sh.501047,2020-02-17,1.039,0.96,0.96,0.082292,0.082292,0.0,1.0,0,普通大幅波动
sh.501047,2020-03-02,1.09,1.028,1.028,0.060311,0.060311,0.0,1.0,0,普通大幅波动
sh.501047,2020-03-16,0.98,1.055,1.055,-0.07109,-0.07109,0.0,1.0,0,普通大幅波动
sh.501047,2020-07-02,1.134,1.054,1.054,0.075901,0.075901,0.0,1.0,0,普通大幅波动
sh.501047,2020-07-03,1.241,1.134,1.134,0.094356,0.094356,0.0,1.0,0,普通大幅波动
sh.501047,2020-07-06,1.365,1.241,1.241,0.099919,0.099919,0.0,1.0,0,普通大幅波动
sh.501047,2020-07-07,1.469,1.365,1.365,0.07619,0.07619,0.0,1.0,0,普通大幅波动
sh.501047,2020-07-08,1.377,1.469,1.469,-0.062628,-0.062628,0.0,1.0,0,普通大幅波动
sh.501047,2021-05-14,1.139,1.055,1.055,0.079621,0.079621,0.0,1.0,0,普通大幅波动
sh.501047,2023-07-28,1.037,0.978,0.978,0.060327,0.060327,0.0,1.0,0,普通大幅波动
sh.501047,2023-08-28,1.127,1.034,1.034,0.089942,0.089942,0.0,1.0,0,普通大幅波动
sh.501047,2023-08-30,1.033,1.11,1.11,-0.069369,-0.069369,0.0,1.0,0,普通大幅波动
sh.501047,2024-02-06,0.933,0.872,0.872,0.069954,0.069954,0.0,1.0,0,普通大幅波动
sh.501047,2024-04-16,0.965,0.886,0.886,0.089165,0.089165,0.0,1.0,0,普通大幅波动
sh.501047,2024-04-17,0.888,0.965,0.965,-0.079793,-0.079793,0.0,1.0,0,普通大幅波动
sh.501047,2024-09-30,1.115,1.014,1.014,0.099606,0.099606,0.0,1.0,0,普通大幅波动
sh.501047,2024-10-08,1.227,1.115,1.115,0.100448,0.100448,0.0,1.0,0,普通大幅波动
sh.501047,2024-10-10,1.15,1.228,1.228,-0.063518,-0.063518,0.0,1.0,0,普通大幅波动
sh.501047,2024-10-15,1.07,1.145,1.145,-0.065502,-0.065502,0.0,1.0,0,普通大幅波动
sh.501047,2024-10-18,1.202,1.11,1.11,0.082883,0.082883,0.0,1.0,0,普通大幅波动
sh.501047,2024-11-07,1.36,1.265,1.265,0.075099,0.075099,0.0,1.0,0,普通大幅波动
sh.501048,2018-02-09,0.88,0.94,0.94,-0.06383,-0.06383,0.0,1.0,0,普通大幅波动
sh.501048,2018-03-23,0.848,0.918,0.918,-0.076253,-0.076253,0.0,1.0,0,普通大幅波动
sh.501048,2018-07-20,0.796,0.735,0.735,0.082993,0.082993,0.0,1.0,2,停牌复牌型
sh.501048,2018-08-14,0.797,0.75,0.75,0.062667,0.062667,0.0,1.0,0,普通大幅波动
sh.501048,2018-08-15,0.717,0.797,0.797,-0.100376,-0.100376,0.0,1.0,0,普通大幅波动
sh.501048,2018-10-12,0.676,0.723,0.723,-0.065007,-0.065007,0.0,1.0,0,普通大幅波动
sh.501048,2018-10-22,0.713,0.648,0.648,0.100309,0.100309,0.0,1.0,0,普通大幅波动
sh.501048,2019-02-22,0.938,0.859,0.859,0.091967,0.091967,0.0,1.0,0,普通大幅波动
sh.501048,2019-02-25,1.032,0.938,0.938,0.100213,0.100213,0.0,1.0,0,普通大幅波动
sh.501048,2019-03-29,1.051,0.99,0.99,0.061616,0.061616,0.0,1.0,0,普通大幅波动
sh.501048,2019-05-06,0.945,1.014,1.014,-0.068047,-0.068047,0.0,1.0,0,普通大幅波动
sh.501048,2019-05-10,0.98,0.92,0.92,0.065217,0.065217,0.0,1.0,0,普通大幅波动
sh.501048,2020-02-03,0.925,1.026,1.026,-0.098441,-0.098441,0.0,1.0,0,普通大幅波动
sh.501048,2020-07-02,1.139,1.06,1.06,0.074528,0.074528,0.0,1.0,0,普通大幅波动
sh.501048,2020-07-03,1.221,1.139,1.139,0.071993,0.071993,0.0,1.0,0,普通大幅波动
sh.501048,2020-07-06,1.343,1.221,1.221,0.099918,0.099918,0.0,1.0,0,普通大幅波动
sh.501048,2020-07-08,1.418,1.316,1.316,0.077508,0.077508,0.0,1.0,0,普通大幅波动
sh.501048,2021-05-14,1.129,1.054,1.054,0.071157,0.071157,0.0,1.0,0,普通大幅波动
sh.501048,2023-07-28,1.043,0.979,0.979,0.065373,0.065373,0.0,1.0,0,普通大幅波动
sh.501048,2023-08-28,1.095,1.025,1.025,0.068293,0.068293,0.0,1.0,0,普通大幅波动
sh.501048,2024-09-26,0.971,0.914,0.914,0.062363,0.062363,0.0,1.0,0,普通大幅波动
sh.501048,2024-09-30,1.122,1.02,1.02,0.1,0.1,0.0,1.0,0,普通大幅波动
sh.501048,2024-10-08,1.234,1.122,1.122,0.099822,0.099822,0.0,1.0,0,普通大幅波动
sh.501048,2024-10-10,1.144,1.259,1.259,-0.091342,-0.091342,0.0,1.0,0,普通大幅波动
sh.501048,2024-10-18,1.173,1.106,1.106,0.060579,0.060579,0.0,1.0,0,普通大幅波动
sh.501048,2024-11-07,1.348,1.269,1.269,0.062254,0.062254,0.0,1.0,0,普通大幅波动
sh.501090,2020-02-03,0.856,0.951,0.951,-0.099895,-0.099895,0.0,1.0,0,普通大幅波动
sh.501090,2020-07-16,1.216,1.297,1.297,-0.062452,-0.062452,0.0,1.0,0,普通大幅波动
sh.501090,2024-09-26,1.137,1.069,1.069,0.063611,0.063611,0.0,1.0,0,普通大幅波动
sh.501090,2024-09-30,1.298,1.183,1.183,0.09721,0.09721,0.0,1.0,0,普通大幅波动
sh.501090,2024-10-08,1.38,1.298,1.298,0.063174,0.063174,0.0,1.0,0,普通大幅波动
sh.501090,2024-10-09,1.263,1.38,1.38,-0.084783,-0.084783,0.0,1.0,0,普通大幅波动
sh.501301,2020-02-03,1.112,1.189,1.189,-0.06476,-0.06476,0.0,1.0,0,普通大幅波动
sh.501301,2022-03-16,0.82,0.759,0.759,0.080369,0.080369,0.0,1.0,0,普通大幅波动
sh.501302,2017-09-19,1.1,1.018,1.018,0.08055,0.08055,0.0,1.0,0,普通大幅波动
sh.501302,2017-09-21,1.036,1.115,1.115,-0.070852,-0.070852,0.0,1.0,0,普通大幅波动
sh.501302,2017-10-11,1.109,1.044,1.044,0.062261,0.062261,0.0,1.0,0,普通大幅波动
sh.501302,2018-01-25,1.047,1.152,1.152,-0.091146,-0.091146,0.0,1.0,1,停牌复牌型
sh.501302,2018-01-26,1.152,1.047,1.047,0.100287,0.100287,0.0,1.0,0,普通大幅波动
sh.501302,2018-01-31,1.274,1.169,1.169,0.08982,0.08982,0.0,1.0,0,普通大幅波动
sh.501302,2018-02-01,1.18,1.274,1.274,-0.073783,-0.073783,0.0,1.0,0,普通大幅波动
sh.501302,2018-02-12,1.089,1.009,1.009,0.079286,0.079286,0.0,1.0,0,普通大幅波动
sh.501302,2018-02-13,1.198,1.089,1.089,0.100092,0.100092,0.0,1.0,0,普通大幅波动
sh.501302,2018-02-14,1.318,1.198,1.198,0.100167,0.100167,0.0,1.0,0,普通大幅波动
sh.501302,2018-02-22,1.19,1.318,1.318,-0.097117,-0.097117,0.0,1.0,0,普通大幅波动
sh.501302,2018-03-30,1.197,1.088,1.088,0.100184,0.100184,0.0,1.0,0,普通大幅波动
sh.501302,2018-04-02,1.317,1.197,1.197,0.100251,0.100251,0.0,1.0,0,普通大幅波动
sh.501302,2018-04-03,1.449,1.317,1.317,0.100228,0.100228,0.0,1.0,0,普通大幅波动
sh.501302,2018-04-04,1.304,1.449,1.449,-0.100069,-0.100069,0.0,1.0,0,普通大幅波动
sh.501302,2018-04-09,1.205,1.304,1.304,-0.07592,-0.07592,0.0,1.0,0,普通大幅波动
sh.501302,2018-04-10,1.107,1.205,1.205,-0.081328,-0.081328,0.0,1.0,0,普通大幅波动
sh.501302,2018-10-12,0.971,1.079,1.079,-0.100093,-0.100093,0.0,1.0,0,普通大幅波动
sh.501302,2018-10-17,1.064,0.971,0.971,0.095778,0.095778,0.0,1.0,2,停牌复牌型
sh.501302,2018-10-23,1.0,1.073,1.073,-0.068034,-0.068034,0.0,1.0,0,普通大幅波动
sh.501302,2018-10-25,1.066,1.0,1.0,0.066,0.066,0.0,1.0,1,停牌复牌型
sh.501302,2018-11-05,1.063,0.981,0.981,0.083588,0.083588,0.0,1.0,0,普通大幅波动
sh.501302,2018-12-27,0.969,1.036,1.036,-0.064672,-0.064672,0.0,1.0,13,停牌复牌型
sh.501302,2019-01-02,1.048,0.961,0.961,0.090531,0.090531,0.0,1.0,0,普通大幅波动
sh.501302,2019-04-24,1.107,1.185,1.185,-0.065823,-0.065823,0.0,1.0,0,普通大幅波动
sh.501302,2019-04-26,1.177,1.107,1.107,0.063234,0.063234,0.0,1.0,1,停牌复牌型
sh.501302,2019-04-29,1.295,1.177,1.177,0.100255,0.100255,0.0,1.0,0,普通大幅波动
sh.501302,2019-04-30,1.202,1.295,1.295,-0.071815,-0.071815,0.0,1.0,0,普通大幅波动
sh.501302,2019-05-06,1.317,1.202,1.202,0.095674,0.095674,0.0,1.0,0,普通大幅波动
sh.501302,2019-05-07,1.189,1.317,1.317,-0.097191,-0.097191,0.0,1.0,0,普通大幅波动
sh.501302,2019-05-08,1.115,1.189,1.189,-0.062237,-0.062237,0.0,1.0,0,普通大幅波动
sh.501302,2019-08-05,1.04,1.147,1.147,-0.093287,-0.093287,0.0,1.0,0,普通大幅波动
sh.501302,2019-08-07,1.14,1.04,1.04,0.096154,0.096154,0.0,1.0,1,停牌复牌型
sh.501302,2019-08-12,1.051,1.166,1.166,-0.098628,-0.098628,0.0,1.0,0,普通大幅波动
sh.501302,2020-01-21,1.246,1.141,1.141,0.092025,0.092025,0.0,1.0,0,普通大幅波动
sh.501302,2020-01-22,1.371,1.246,1.246,0.100321,0.100321,0.0,1.0,0,普通大幅波动
sh.501302,2020-01-23,1.508,1.371,1.371,0.099927,0.099927,0.0,1.0,0,普通大幅波动
sh.501302,2020-02-03,1.357,1.508,1.508,-0.100133,-0.100133,0.0,1.0,0,普通大幅波动
sh.501302,2020-02-04,1.231,1.357,1.357,-0.092852,-0.092852,0.0,1.0,0,普通大幅波动
sh.501302,2020-02-05,1.108,1.231,1.231,-0.099919,-0.099919,0.0,1.0,0,普通大幅波动
sh.501302,2020-03-24,0.998,0.925,0.925,0.078919,0.078919,0.0,1.0,0,普通大幅波动
sh.501302,2020-07-07,1.184,1.101,1.101,0.075386,0.075386,0.0,1.0,0,普通大幅波动
sh.501302,2020-07-10,1.117,1.215,1.215,-0.080658,-0.080658,0.0,1.0,0,普通大幅波动
sh.501302,2021-01-19,1.191,1.096,1.096,0.086679,0.086679,0.0,1.0,0,普通大幅波动
sh.501302,2021-09-22,1.048,0.981,0.981,0.068298,0.068298,0.0,1.0,0,普通大幅波动
sh.501302,2022-03-16,0.803,0.755,0.755,0.063576,0.063576,0.0,1.0,0,普通大幅波动
sh.501302,2022-11-11,0.786,0.739,0.739,0.063599,0.063599,0.0,1.0,0,普通大幅波动
sh.501302,2024-05-14,0.979,0.892,0.892,0.097534,0.097534,0.0,1.0,0,普通大幅波动
sh.501302,2024-05-15,0.882,0.979,0.979,-0.099081,-0.099081,0.0,1.0,0,普通大幅波动
sh.501302,2024-09-30,1.011,0.943,0.943,0.07211,0.07211,0.0,1.0,0,普通大幅波动
sh.501302,2024-10-09,0.94,1.021,1.021,-0.079334,-0.079334,0.0,1.0,0,普通大幅波动
sh.501305,2019-08-05,0.86,0.927,0.927,-0.072276,-0.072276,0.0,1.0,1,停牌复牌型
sh.501305,2020-02-03,0.896,0.995,0.995,-0.099497,-0.099497,0.0,1.0,0,普通大幅波动
sh.501305,2020-03-18,0.78,0.843,0.843,-0.074733,-0.074733,0.0,1.0,0,普通大幅波动
sh.501305,2020-03-19,0.728,0.78,0.78,-0.066667,-0.066667,0.0,1.0,0,普通大幅波动
sh.501305,2020-05-25,0.79,0.85,0.85,-0.070588,-0.070588,0.0,1.0,0,普通大幅波动
sh.501305,2021-10-21,0.939,0.871,0.871,0.078071,0.078071,0.0,1.0,0,普通大幅波动
sh.501305,2022-05-23,0.879,0.821,0.821,0.070646,0.070646,0.0,1.0,0,普通大幅波动
sh.501305,2022-05-25,0.883,0.831,0.831,0.062575,0.062575,0.0,1.0,0,普通大幅波动
sh.501305,2022-09-15,0.748,0.824,0.824,-0.092233,-0.092233,0.0,1.0,0,普通大幅波动
sh.501305,2022-09-16,0.822,0.748,0.748,0.09893,0.09893,0.0,1.0,0,普通大幅波动
sh.501305,2022-10-12,0.8,0.733,0.733,0.091405,0.091405,0.0,1.0,0,普通大幅波动
sh.501305,2022-10-13,0.751,0.8,0.8,-0.06125,-0.06125,0.0,1.0,0,普通大幅波动
sh.501306,2018-04-16,0.953,1.033,1.033,-0.077444,-0.077444,0.0,1.0,0,普通大幅波动
sh.501306,2018-08-21,0.969,0.892,0.892,0.086323,0.086323,0.0,1.0,0,普通大幅波动
sh.501306,2018-09-14,0.96,0.89,0.89,0.078652,0.078652,0.0,1.0,0,普通大幅波动
sh.501306,2018-10-09,0.868,0.962,0.962,-0.097713,-0.097713,0.0,1.0,1,停牌复牌型
sh.501306,2018-11-22,0.866,0.931,0.931,-0.069817,-0.069817,0.0,1.0,0,普通大幅波动
sh.501306,2019-01-03,0.821,0.889,0.889,-0.07649,-0.07649,0.0,1.0,0,普通大幅波动
sh.501306,2019-01-16,0.93,0.855,0.855,0.087719,0.087719,0.0,1.0,0,普通大幅波动
sh.501306,2019-02-15,0.922,0.996,0.996,-0.074297,-0.074297,0.0,1.0,0,普通大幅波动
sh.501306,2019-05-06,0.9,0.986,0.986,-0.087221,-0.087221,0.0,1.0,5,停牌复牌型
sh.501306,2019-06-14,0.93,0.874,0.874,0.064073,0.064073,0.0,1.0,4,停牌复牌型
sh.501306,2019-09-20,0.957,0.875,0.875,0.093714,0.093714,0.0,1.0,5,停牌复牌型
sh.501306,2019-09-23,0.898,0.957,0.957,-0.061651,-0.061651,0.0,1.0,0,普通大幅波动
sh.501306,2020-02-03,0.879,0.976,0.976,-0.099385,-0.099385,0.0,1.0,4,停牌复牌型
sh.501306,2020-02-12,0.983,0.915,0.915,0.074317,0.074317,0.0,1.0,1,停牌复牌型
sh.501306,2020-02-20,0.993,0.935,0.935,0.062032,0.062032,0.0,1.0,0,普通大幅波动
sh.501306,2020-03-13,0.8,0.861,0.861,-0.070848,-0.070848,0.0,1.0,1,停牌复牌型
sh.501306,2020-03-19,0.739,0.821,0.821,-0.099878,-0.099878,0.0,1.0,0,普通大幅波动
sh.501306,2020-05-15,0.81,0.863,0.863,-0.061414,-0.061414,0.0,1.0,2,停牌复牌型
sh.501306,2020-07-06,0.95,0.888,0.888,0.06982,0.06982,0.0,1.0,0,普通大幅波动
sh.501306,2021-01-19,0.927,0.854,0.854,0.08548,0.08548,0.0,1.0,0,普通大幅波动
sh.501306,2022-03-15,0.721,0.784,0.784,-0.080357,-0.080357,0.0,1.0,0,普通大幅波动
sh.501306,2022-03-17,0.798,0.725,0.725,0.10069,0.10069,0.0,1.0,0,普通大幅波动
sh.501306,2022-11-01,0.713,0.657,0.657,0.085236,0.085236,0.0,1.0,0,普通大幅波动
sh.501306,2022-12-09,0.856,0.8,0.8,0.07,0.07,0.0,1.0,0,普通大幅波动
sh.501306,2022-12-28,0.914,0.833,0.833,0.097239,0.097239,0.0,1.0,0,普通大幅波动
sh.501306,2022-12-29,0.983,0.914,0.914,0.075492,0.075492,0.0,1.0,0,普通大幅波动
sh.501306,2022-12-30,0.885,0.983,0.983,-0.099695,-0.099695,0.0,1.0,0,普通大幅波动
sh.501306,2023-01-03,0.815,0.885,0.885,-0.079096,-0.079096,0.0,1.0,0,普通大幅波动
sh.501306,2023-07-25,0.883,0.822,0.822,0.074209,0.074209,0.0,1.0,0,普通大幅波动
sh.502056,2015-08-18,0.969,1.031,1.031,-0.060136,-0.060136,0.0,,0,普通大幅波动
sh.502056,2015-08-25,0.796,0.884,0.884,-0.099548,-0.099548,0.0,,0,普通大幅波动
sh.502056,2015-08-26,0.746,0.796,0.796,-0.062814,-0.062814,0.0,,0,普通大幅波动
sh.502056,2015-08-28,0.84,0.779,0.779,0.078306,0.078306,0.0,,0,普通大幅波动
sh.502056,2015-08-31,0.788,0.84,0.84,-0.061905,-0.061905,0.0,,0,普通大幅波动
sh.502056,2015-09-09,0.8,0.749,0.749,0.068091,0.068091,0.0,,0,普通大幅波动
sh.502056,2015-10-08,0.865,0.809,0.809,0.069221,0.069221,0.0,,0,普通大幅波动
sh.502056,2015-10-22,1.027,0.953,0.953,0.07765,0.07765,0.0,,0,普通大幅波动
sh.502056,2015-10-23,1.13,1.027,1.027,0.100292,0.100292,0.0,,0,普通大幅波动
sh.502056,2015-10-26,1.017,1.13,1.13,-0.1,-0.1,0.0,,0,普通大幅波动
sh.502056,2015-11-04,0.968,0.9,0.9,0.075556,0.075556,0.0,,0,普通大幅波动
sh.502056,2016-01-07,0.757,0.833,0.833,-0.091236,-0.091236,0.0,,0,普通大幅波动
sh.502056,2016-01-11,0.722,0.776,0.776,-0.069588,-0.069588,0.0,,0,普通大幅波动
sh.502056,2016-01-26,0.664,0.714,0.714,-0.070028,-0.070028,0.0,,0,普通大幅波动
sh.502056,2016-02-02,1.02,0.99,0.642,0.588785,0.030303,0.542056,,1,无因子缺口缺陷
sh.502056,2016-02-25,1.04,1.11,1.11,-0.063063,-0.063063,0.0,,0,普通大幅波动
sh.502056,2017-04-05,1.119,1.039,1.039,0.076997,0.076997,0.0,,0,普通大幅波动
sh.502056,2017-12-05,0.949,1.015,1.015,-0.065025,-0.065025,0.0,,0,普通大幅波动
sh.502056,2018-10-18,0.853,0.909,0.909,-0.061606,-0.061606,0.0,,0,普通大幅波动
sh.502056,2020-01-23,1.409,1.318,1.318,0.069044,0.069044,0.0,,0,普通大幅波动
sh.502056,2020-02-03,1.55,1.409,1.409,0.100071,0.100071,0.0,,0,普通大幅波动
sh.502056,2020-02-04,1.705,1.55,1.55,0.1,0.1,0.0,,0,普通大幅波动
sh.502056,2020-02-07,1.508,1.625,1.625,-0.072,-0.072,0.0,,0,普通大幅波动
sh.502056,2020-02-10,1.357,1.508,1.508,-0.100133,-0.100133,0.0,,0,普通大幅波动
sh.502056,2020-03-11,0.998,0.999,1.511,-0.33951,-0.001001,-0.338848,,1,无因子缺口缺陷
sh.502056,2020-07-13,1.479,1.368,1.368,0.08114,0.08114,0.0,,0,普通大幅波动
sh.502056,2021-01-22,1.755,1.595,1.595,0.100313,0.100313,0.0,1.0,0,普通大幅波动
sh.502056,2021-01-25,1.931,1.755,1.755,0.100285,0.100285,0.0,1.0,0,普通大幅波动
sh.502056,2021-01-26,1.784,1.931,1.931,-0.076126,-0.076126,0.0,1.0,0,普通大幅波动
sh.502056,2021-01-27,1.637,1.784,1.784,-0.082399,-0.082399,0.0,1.0,0,普通大幅波动
sh.502056,2022-10-14,0.972,0.891,0.891,0.090909,0.090909,0.0,1.0,0,普通大幅波动
sh.502056,2024-02-06,0.655,0.609,0.609,0.075534,0.075534,0.0,1.0,0,普通大幅波动
sh.502056,2024-09-27,0.628,0.579,0.579,0.084629,0.084629,0.0,1.0,0,普通大幅波动
sh.502056,2024-09-30,0.691,0.628,0.628,0.100318,0.100318,0.0,1.0,0,普通大幅波动
sh.502056,2024-10-08,0.76,0.691,0.691,0.099855,0.099855,0.0,1.0,0,普通大幅波动
sh.502056,2024-10-09,0.7,0.76,0.76,-0.078947,-0.078947,0.0,1.0,0,普通大幅波动
sh.510010,2015-01-19,0.986,1.095,1.095,-0.099543,-0.099543,0.0,1.0,0,普通大幅波动
sh.510010,2015-05-28,1.37,1.464,1.464,-0.064208,-0.064208,0.0,1.0,0,普通大幅波动
sh.510010,2015-06-26,1.222,1.326,1.326,-0.078431,-0.078431,0.0,1.0,0,普通大幅波动
sh.510010,2015-06-30,1.259,1.183,1.183,0.064243,0.064243,0.0,1.0,0,普通大幅波动
sh.510010,2015-07-01,1.176,1.259,1.259,-0.065925,-0.065925,0.0,1.0,0,普通大幅波动
sh.510010,2015-07-03,1.071,1.15,1.15,-0.068696,-0.068696,0.0,1.0,0,普通大幅波动
sh.510010,2015-07-06,1.17,1.071,1.071,0.092437,0.092437,0.0,1.0,0,普通大幅波动
sh.510010,2015-07-08,1.026,1.14,1.14,-0.1,-0.1,0.0,1.0,0,普通大幅波动
sh.510010,2015-07-09,1.129,1.026,1.026,0.10039,0.10039,0.0,1.0,0,普通大幅波动
sh.510010,2015-07-10,1.242,1.129,1.129,0.100089,0.100089,0.0,1.0,0,普通大幅波动
sh.510010,2015-07-15,1.121,1.206,1.206,-0.070481,-0.070481,0.0,1.0,0,普通大幅波动
sh.510010,2015-07-27,1.076,1.195,1.195,-0.099582,-0.099582,0.0,1.0,0,普通大幅波动
sh.510010,2015-08-24,0.918,1.02,1.02,-0.1,-0.1,0.0,1.0,0,普通大幅波动
sh.510010,2015-08-25,0.831,0.918,0.918,-0.094771,-0.094771,0.0,1.0,0,普通大幅波动
sh.510010,2017-11-29,1.277,1.204,1.204,0.060631,0.060631,0.0,1.0,0,普通大幅波动
sh.510010,2019-02-25,1.148,1.079,1.079,0.063948,0.063948,0.0,1.0,0,普通大幅波动
sh.510010,2020-02-03,1.082,1.2,1.2,-0.098333,-0.098333,0.0,1.0,0,普通大幅波动
sh.510010,2020-07-06,1.3,1.206,1.206,0.077944,0.077944,0.0,1.0,0,普通大幅波动
sh.510010,2023-05-09,1.565,1.474,1.474,0.061737,0.061737,0.0,1.0,0,普通大幅波动
sh.510010,2024-09-30,1.672,1.521,1.521,0.099277,0.099277,0.0,1.0,0,普通大幅波动
sh.510010,2024-10-09,1.586,1.72,1.72,-0.077907,-0.077907,0.0,1.0,0,普通大幅波动
sh.510010,2024-10-22,1.72,1.614,1.614,0.065675,0.065675,0.0,1.0,0,普通大幅波动
sh.510020,2015-01-19,2.127,2.342,2.342,-0.091802,-0.091802,0.0,1.0,0,普通大幅波动
sh.510020,2015-05-28,3.009,3.249,3.249,-0.073869,-0.073869,0.0,1.0,0,普通大幅波动
sh.510020,2015-06-26,2.631,2.872,2.872,-0.083914,-0.083914,0.0,1.0,0,普通大幅波动
sh.510020,2015-07-03,2.423,2.601,2.601,-0.068435,-0.068435,0.0,1.0,0,普通大幅波动
sh.510020,2015-07-06,2.663,2.423,2.423,0.099051,0.099051,0.0,1.0,0,普通大幅波动
sh.510020,2015-07-08,2.39,2.625,2.625,-0.089524,-0.089524,0.0,1.0,0,普通大幅波动
sh.510020,2015-07-09,2.629,2.39,2.39,0.1,0.1,0.0,1.0,0,普通大幅波动
sh.510020,2015-07-27,2.5,2.672,2.672,-0.064371,-0.064371,0.0,1.0,0,普通大幅波动
sh.510020,2015-08-18,2.408,2.565,2.565,-0.061209,-0.061209,0.0,1.0,0,普通大幅波动
sh.510020,2015-08-24,2.123,2.359,2.359,-0.100042,-0.100042,0.0,1.0,0,普通大幅波动
sh.510020,2015-08-25,1.911,2.123,2.123,-0.099859,-0.099859,0.0,1.0,0,普通大幅波动
sh.510020,2015-08-27,2.073,1.948,1.948,0.064168,0.064168,0.0,1.0,0,普通大幅波动
sh.510020,2016-01-11,2.028,2.174,2.174,-0.067157,-0.067157,0.0,1.0,0,普通大幅波动
sh.510020,2016-01-14,2.18,2.032,2.032,0.072835,0.072835,0.0,1.0,0,普通大幅波动
sh.510020,2016-01-15,1.98,2.18,2.18,-0.091743,-0.091743,0.0,1.0,0,普通大幅波动
sh.510020,2016-09-14,2.056,2.197,2.197,-0.064178,-0.064178,0.0,1.0,0,普通大幅波动
sh.510020,2018-07-30,2.745,2.57,2.57,0.068093,0.068093,0.0,1.0,1,停牌复牌型
sh.510020,2018-10-31,2.62,2.47,2.47,0.060729,0.060729,0.0,1.0,0,普通大幅波动
sh.510020,2020-02-03,2.721,2.957,2.957,-0.079811,-0.079811,0.0,1.0,0,普通大幅波动
sh.510020,2020-07-06,3.42,3.221,3.221,0.061782,0.061782,0.0,1.0,0,普通大幅波动
sh.510020,2022-04-21,3.172,2.97,2.97,0.068013,0.068013,0.0,1.0,0,普通大幅波动
sh.510020,2024-09-30,3.179,2.89,2.89,0.1,0.1,0.0,1.0,0,普通大幅波动
sh.510020,2024-10-08,3.415,3.179,3.179,0.074237,0.074237,0.0,1.0,0,普通大幅波动
sh.510020,2024-10-09,3.16,3.415,3.415,-0.074671,-0.074671,0.0,1.0,0,普通大幅波动
sh.510030,2015-01-19,3.67,4.072,4.072,-0.098723,-0.098723,0.0,1.0,0,普通大幅波动
sh.510030,2015-05-28,4.736,5.06,5.06,-0.064032,-0.064032,0.0,1.0,0,普通大幅波动
sh.510030,2015-06-26,4.488,4.797,4.797,-0.064415,-0.064415,0.0,1.0,0,普通大幅波动
sh.510030,2015-06-30,4.75,4.478,4.478,0.060741,0.060741,0.0,1.0,0,普通大幅波动
sh.510030,2015-07-03,4.293,4.584,4.584,-0.063482,-0.063482,0.0,1.0,0,普通大幅波动
sh.510030,2015-07-06,4.656,4.293,4.293,0.084556,0.084556,0.0,1.0,0,普通大幅波动
sh.510030,2015-07-08,4.19,4.655,4.655,-0.099893,-0.099893,0.0,1.0,0,普通大幅波动
sh.510030,2015-07-09,4.585,4.19,4.19,0.094272,0.094272,0.0,1.0,0,普通大幅波动
sh.510030,2015-07-10,4.927,4.585,4.585,0.074591,0.074591,0.0,1.0,0,普通大幅波动
sh.510030,2015-07-27,4.164,4.547,4.547,-0.084231,-0.084231,0.0,1.0,0,普通大幅波动
sh.510030,2015-08-24,3.49,3.8,3.8,-0.081579,-0.081579,0.0,1.0,0,普通大幅波动
sh.510030,2015-08-25,3.215,3.49,3.49,-0.078797,-0.078797,0.0,1.0,0,普通大幅波动
sh.510030,2015-08-27,3.6,3.291,3.291,0.093892,0.093892,0.0,1.0,0,普通大幅波动
sh.510030,2016-03-21,3.93,3.618,3.618,0.086235,0.086235,0.0,1.0,0,普通大幅波动
sh.510030,2016-03-22,3.69,3.93,3.93,-0.061069,-0.061069,0.0,1.0,0,普通大幅波动
sh.510030,2019-02-25,5.285,4.869,4.869,0.085438,0.085438,0.0,1.0,0,普通大幅波动
sh.510030,2020-02-03,4.965,5.395,5.395,-0.079703,-0.079703,0.0,1.0,0,普通大幅波动
sh.510030,2020-07-06,6.03,5.573,5.573,0.082003,0.082003,0.0,1.0,0,普通大幅波动
sh.510030,2021-06-21,0.798,0.805,6.471,-0.876681,-0.008696,-0.875599,8.0385,1,拆分合并型
sh.510030,2024-09-30,1.03,0.939,0.939,0.096912,0.096912,0.0,1.0,0,普通大幅波动
sh.510050,2015-01-19,2.344,2.604,2.604,-0.099846,-0.099846,0.0,1.0,0,普通大幅波动
sh.510050,2015-01-21,2.503,2.361,2.361,0.060144,0.060144,0.0,1.0,0,普通大幅波动
sh.510050,2015-05-28,3.079,3.285,3.285,-0.062709,-0.062709,0.0,1.0,0,普通大幅波动
sh.510050,2015-06-26,2.686,2.919,2.919,-0.079822,-0.079822,0.0,1.0,0,普通大幅波动
sh.510050,2015-06-30,2.851,2.66,2.66,0.071805,0.071805,0.0,1.0,0,普通大幅波动
sh.510050,2015-07-06,2.742,2.579,2.579,0.063203,0.063203,0.0,1.0,0,普通大幅波动
sh.510050,2015-07-08,2.604,2.79,2.79,-0.066667,-0.066667,0.0,1.0,0,普通大幅波动
sh.510050,2015-07-09,2.792,2.604,2.604,0.072197,0.072197,0.0,1.0,0,普通大幅波动
sh.510050,2015-07-27,2.494,2.745,2.745,-0.091439,-0.091439,0.0,1.0,0,普通大幅波动
sh.510050,2015-08-24,2.047,2.274,2.274,-0.099824,-0.099824,0.0,1.0,0,普通大幅波动
sh.510050,2015-08-25,1.886,2.047,2.047,-0.078652,-0.078652,0.0,1.0,0,普通大幅波动
sh.510050,2015-08-27,2.11,1.946,1.946,0.084275,0.084275,0.0,1.0,0,普通大幅波动
sh.510050,2016-01-07,2.177,2.317,2.317,-0.060423,-0.060423,0.0,1.0,0,普通大幅波动
sh.510050,2019-02-25,2.816,2.618,2.618,0.07563,0.07563,0.0,1.0,0,普通大幅波动
sh.510050,2020-02-03,2.707,2.925,2.925,-0.07453,-0.07453,0.0,1.0,0,普通大幅波动
sh.510050,2020-07-06,3.469,3.187,3.187,0.088484,0.088484,0.0,1.0,0,普通大幅波动
sh.510050,2024-09-30,2.909,2.724,2.724,0.067915,0.067915,0.0,1.0,0,普通大幅波动
sh.510050,2024-10-09,2.763,2.978,2.978,-0.072196,-0.072196,0.0,1.0,0,普通大幅波动
sh.510060,2015-01-19,1.685,1.872,1.872,-0.099893,-0.099893,0.0,1.0,0,普通大幅波动
sh.510060,2015-05-28,2.34,2.49,2.49,-0.060241,-0.060241,0.0,1.0,0,普通大幅波动
sh.510060,2015-06-26,2.052,2.25,2.25,-0.088,-0.088,0.0,1.0,0,普通大幅波动
sh.510060,2015-06-30,2.181,2.05,2.05,0.063902,0.063902,0.0,1.0,0,普通大幅波动
sh.510060,2015-07-06,2.036,1.914,1.914,0.063741,0.063741,0.0,1.0,0,普通大幅波动
sh.510060,2015-07-08,1.81,2.011,2.011,-0.09995,-0.09995,0.0,1.0,0,普通大幅波动
sh.510060,2015-07-09,1.991,1.81,1.81,0.1,0.1,0.0,1.0,0,普通大幅波动
sh.510060,2015-07-10,2.187,1.991,1.991,0.098443,0.098443,0.0,1.0,0,普通大幅波动
sh.510060,2015-07-27,1.898,2.109,2.109,-0.100047,-0.100047,0.0,1.0,0,普通大幅波动
sh.510060,2015-08-18,1.852,1.989,1.989,-0.068879,-0.068879,0.0,1.0,0,普通大幅波动
sh.510060,2015-08-24,1.596,1.773,1.773,-0.099831,-0.099831,0.0,1.0,0,普通大幅波动
sh.510060,2015-08-25,1.436,1.596,1.596,-0.100251,-0.100251,0.0,1.0,0,普通大幅波动
sh.510060,2016-02-25,1.32,1.406,1.406,-0.061166,-0.061166,0.0,1.0,0,普通大幅波动
sh.510060,2019-02-25,1.898,1.787,1.787,0.062115,0.062115,0.0,1.0,0,普通大幅波动
sh.510060,2020-02-03,1.661,1.844,1.844,-0.099241,-0.099241,0.0,1.0,0,普通大幅波动
sh.510060,2020-07-06,2.039,1.886,1.886,0.081124,0.081124,0.0,1.0,0,普通大幅波动
sh.510060,2024-09-30,2.589,2.372,2.372,0.091484,0.091484,0.0,1.0,0,普通大幅波动
sh.510060,2024-10-09,2.489,2.743,2.743,-0.092599,-0.092599,0.0,1.0,0,普通大幅波动
sh.510070,2015-01-19,1.451,1.545,1.545,-0.060841,-0.060841,0.0,1.0,0,普通大幅波动
sh.510070,2015-06-19,2.305,2.47,2.47,-0.066802,-0.066802,0.0,1.0,0,普通大幅波动
sh.510070,2015-06-24,2.56,2.337,2.337,0.095421,0.095421,0.0,1.0,0,普通大幅波动
sh.510070,2015-06-25,2.304,2.56,2.56,-0.1,-0.1,0.0,1.0,0,普通大幅波动
sh.510070,2015-06-26,2.074,2.304,2.304,-0.099826,-0.099826,0.0,1.0,0,普通大幅波动
sh.510070,2015-06-30,2.146,2.019,2.019,0.062902,0.062902,0.0,1.0,0,普通大幅波动
sh.510070,2015-07-06,1.946,2.098,2.098,-0.07245,-0.07245,0.0,1.0,0,普通大幅波动
sh.510070,2015-07-07,1.76,1.946,1.946,-0.095581,-0.095581,0.0,1.0,0,普通大幅波动
sh.510070,2015-07-08,1.588,1.76,1.76,-0.097727,-0.097727,0.0,1.0,0,普通大幅波动
sh.510070,2015-07-09,1.747,1.588,1.588,0.100126,0.100126,0.0,1.0,0,普通大幅波动
sh.510070,2015-07-10,1.922,1.747,1.747,0.100172,0.100172,0.0,1.0,0,普通大幅波动
sh.510070,2015-07-13,2.114,1.922,1.922,0.099896,0.099896,0.0,1.0,0,普通大幅波动
sh.510070,2015-07-27,1.847,2.05,2.05,-0.099024,-0.099024,0.0,1.0,0,普通大幅波动
sh.510070,2015-08-24,1.598,1.769,1.769,-0.096665,-0.096665,0.0,1.0,0,普通大幅波动
sh.510070,2016-01-11,1.535,1.638,1.638,-0.062882,-0.062882,0.0,1.0,0,普通大幅波动
sh.510070,2016-01-27,1.358,1.475,1.475,-0.079322,-0.079322,0.0,1.0,0,普通大幅波动
sh.510070,2018-08-17,1.628,1.518,1.518,0.072464,0.072464,0.0,1.0,8,停牌复牌型
sh.510070,2018-08-23,1.516,1.681,1.681,-0.098156,-0.098156,0.0,1.0,1,停牌复牌型
sh.510070,2018-09-17,1.666,1.53,1.53,0.088889,0.088889,0.0,1.0,14,停牌复牌型
sh.510070,2018-09-19,1.5,1.66,1.66,-0.096386,-0.096386,0.0,1.0,0,普通大幅波动
sh.510070,2018-10-15,1.332,1.478,1.478,-0.098782,-0.098782,0.0,1.0,3,停牌复牌型
sh.510070,2018-10-16,1.462,1.332,1.332,0.097598,0.097598,0.0,1.0,0,普通大幅波动
sh.510070,2018-10-22,1.647,1.52,1.52,0.083553,0.083553,0.0,1.0,2,停牌复牌型
sh.510070,2018-10-25,1.403,1.559,1.559,-0.100064,-0.100064,0.0,1.0,0,普通大幅波动
sh.510070,2018-11-01,1.46,1.377,1.377,0.060276,0.060276,0.0,1.0,0,普通大幅波动
sh.510070,2019-05-06,1.621,1.725,1.725,-0.06029,-0.06029,0.0,1.0,0,普通大幅波动
sh.510070,2020-02-03,1.745,1.938,1.938,-0.099587,-0.099587,0.0,1.0,0,普通大幅波动
sh.510070,2020-06-16,2.227,2.033,2.033,0.095425,0.095425,0.0,1.0,0,普通大幅波动
sh.510090,2015-01-19,1.245,1.369,1.369,-0.090577,-0.090577,0.0,1.0,0,普通大幅波动
sh.510090,2015-01-20,1.345,1.245,1.245,0.080321,0.080321,0.0,1.0,0,普通大幅波动
sh.510090,2015-01-21,1.46,1.345,1.345,0.085502,0.085502,0.0,1.0,0,普通大幅波动
sh.510090,2015-01-22,1.35,1.46,1.46,-0.075342,-0.075342,0.0,1.0,0,普通大幅波动
sh.510090,2015-04-17,1.75,1.6,1.6,0.09375,0.09375,0.0,1.0,0,普通大幅波动
sh.510090,2015-04-20,1.925,1.75,1.75,0.1,0.1,0.0,1.0,0,普通大幅波动
sh.510090,2015-04-22,1.718,1.909,1.909,-0.100052,-0.100052,0.0,1.0,0,普通大幅波动
sh.510090,2015-05-28,1.655,1.78,1.78,-0.070225,-0.070225,0.0,1.0,0,普通大幅波动
sh.510090,2015-06-19,1.61,1.719,1.719,-0.063409,-0.063409,0.0,1.0,0,普通大幅波动
sh.510090,2015-06-26,1.482,1.637,1.637,-0.094685,-0.094685,0.0,1.0,0,普通大幅波动
sh.510090,2015-07-07,1.392,1.536,1.536,-0.09375,-0.09375,0.0,1.0,0,普通大幅波动
sh.510090,2015-07-08,1.253,1.392,1.392,-0.099856,-0.099856,0.0,1.0,0,普通大幅波动
sh.510090,2015-07-09,1.378,1.253,1.253,0.099761,0.099761,0.0,1.0,0,普通大幅波动
sh.510090,2015-07-10,1.516,1.378,1.378,0.100145,0.100145,0.0,1.0,0,普通大幅波动
sh.510090,2015-07-13,1.66,1.516,1.516,0.094987,0.094987,0.0,1.0,0,普通大幅波动
sh.510090,2015-07-27,1.33,1.477,1.477,-0.099526,-0.099526,0.0,1.0,0,普通大幅波动
sh.510090,2015-08-10,1.437,1.355,1.355,0.060517,0.060517,0.0,1.0,0,普通大幅波动
sh.510090,2015-08-24,1.161,1.29,1.29,-0.1,-0.1,0.0,1.0,0,普通大幅波动
sh.510090,2015-08-25,1.046,1.161,1.161,-0.099053,-0.099053,0.0,1.0,0,普通大幅波动
sh.510090,2015-08-27,1.187,1.101,1.101,0.078111,0.078111,0.0,1.0,0,普通大幅波动
sh.510090,2015-09-16,1.276,1.192,1.192,0.07047,0.07047,0.0,1.0,2,停牌复牌型
sh.510090,2015-09-28,1.271,1.186,1.186,0.071669,0.071669,0.0,1.0,0,普通大幅波动
sh.510090,2015-09-29,1.146,1.271,1.271,-0.098348,-0.098348,0.0,1.0,0,普通大幅波动
sh.510090,2015-10-08,1.232,1.146,1.146,0.075044,0.075044,0.0,1.0,1,停牌复牌型
sh.510090,2016-01-11,1.287,1.383,1.383,-0.069414,-0.069414,0.0,1.0,0,普通大幅波动
sh.510090,2016-01-22,1.294,1.176,1.176,0.10034,0.10034,0.0,1.0,0,普通大幅波动
sh.510090,2016-01-26,1.165,1.294,1.294,-0.099691,-0.099691,0.0,1.0,1,停牌复牌型
sh.510090,2016-01-27,1.268,1.165,1.165,0.088412,0.088412,0.0,1.0,0,普通大幅波动
sh.510090,2016-01-28,1.389,1.268,1.268,0.095426,0.095426,0.0,1.0,0,普通大幅波动
sh.510090,2016-01-29,1.25,1.389,1.389,-0.100072,-0.100072,0.0,1.0,0,普通大幅波动
sh.510090,2016-02-03,1.19,1.268,1.268,-0.061514,-0.061514,0.0,1.0,0,普通大幅波动
sh.510090,2016-03-29,1.27,1.177,1.177,0.079014,0.079014,0.0,1.0,0,普通大幅波动
sh.510090,2016-05-11,1.247,1.16,1.16,0.075,0.075,0.0,1.0,0,普通大幅波动
sh.510090,2016-09-19,1.445,1.355,1.355,0.066421,0.066421,0.0,1.0,0,普通大幅波动
sh.510090,2017-07-04,1.623,1.475,1.475,0.100339,0.100339,0.0,1.0,0,普通大幅波动
sh.510090,2017-07-06,1.492,1.606,1.606,-0.070984,-0.070984,0.0,1.0,0,普通大幅波动
sh.510090,2018-02-09,1.644,1.754,1.754,-0.062714,-0.062714,0.0,1.0,0,普通大幅波动
sh.510090,2018-05-14,1.836,1.67,1.67,0.099401,0.099401,0.0,1.0,2,停牌复牌型
sh.510090,2018-05-15,1.662,1.836,1.836,-0.094771,-0.094771,0.0,1.0,0,普通大幅波动
sh.510090,2018-06-04,1.651,1.535,1.535,0.07557,0.07557,0.0,1.0,0,普通大幅波动
sh.510090,2018-06-05,1.76,1.651,1.651,0.066021,0.066021,0.0,1.0,0,普通大幅波动
sh.510090,2018-06-07,1.61,1.744,1.744,-0.076835,-0.076835,0.0,1.0,0,普通大幅波动
sh.510090,2019-02-25,1.75,1.598,1.598,0.095119,0.095119,0.0,1.0,0,普通大幅波动
sh.510090,2019-05-06,1.695,1.81,1.81,-0.063536,-0.063536,0.0,1.0,1,停牌复牌型
sh.510090,2019-08-12,1.877,1.706,1.706,0.100234,0.100234,0.0,1.0,0,普通大幅波动
sh.510090,2019-08-13,1.751,1.877,1.877,-0.067128,-0.067128,0.0,1.0,0,普通大幅波动
sh.510090,2019-08-15,1.849,1.701,1.701,0.087008,0.087008,0.0,1.0,0,普通大幅波动
sh.510090,2020-02-03,1.83,1.949,1.949,-0.061057,-0.061057,0.0,1.0,0,普通大幅波动
sh.510090,2020-03-16,1.767,1.942,1.942,-0.090113,-0.090113,0.0,1.0,0,普通大幅波动
sh.510090,2020-07-06,2.133,1.97,1.97,0.082741,0.082741,0.0,1.0,0,普通大幅波动
sh.510090,2020-07-07,2.327,2.133,2.133,0.090952,0.090952,0.0,1.0,0,普通大幅波动
sh.510090,2020-11-11,2.49,2.331,2.331,0.068211,0.068211,0.0,1.0,0,普通大幅波动
sh.510090,2021-12-30,2.819,2.64,2.64,0.067803,0.067803,0.0,1.0,0,普通大幅波动
sh.510090,2021-12-31,2.552,2.819,2.819,-0.094714,-0.094714,0.0,1.0,0,普通大幅波动
sh.510090,2022-03-15,2.1,2.237,2.237,-0.061243,-0.061243,0.0,1.0,0,普通大幅波动
sh.510090,2024-09-30,2.538,2.338,2.338,0.085543,0.085543,0.0,1.0,0,普通大幅波动
sh.510090,2024-10-08,2.79,2.538,2.538,0.099291,0.099291,0.0,1.0,0,普通大幅波动
sh.510090,2024-10-09,2.517,2.79,2.79,-0.097849,-0.097849,0.0,1.0,0,普通大幅波动
sh.510100,2020-02-03,0.94,1.026,1.026,-0.083821,-0.083821,0.0,1.0,0,普通大幅波动
sh.510100,2020-07-06,1.272,1.156,1.156,0.100346,0.100346,0.0,1.0,0,普通大幅波动
sh.510100,2023-02-13,1.381,1.373,1.157,0.193604,0.005827,0.18669,0.8427,1,拆分合并型
sh.510100,2024-10-09,1.351,1.447,1.447,-0.066344,-0.066344,0.0,1.0,0,普通大幅波动
sh.510110,2015-01-05,3.763,3.55,,,0.06,,,,普通大幅波动
sh.510110,2015-01-19,3.279,3.643,3.643,-0.099918,-0.099918,0.0,1.0,0,普通大幅波动
sh.510110,2015-01-21,3.45,3.224,3.224,0.070099,0.070099,0.0,1.0,0,普通大幅波动
sh.510110,2015-03-30,3.789,3.566,3.566,0.062535,0.062535,0.0,1.0,0,普通大幅波动
sh.510110,2015-05-05,3.714,4.1,4.1,-0.094146,-0.094146,0.0,1.0,0,普通大幅波动
sh.510110,2015-05-06,4.01,3.714,3.714,0.079698,0.079698,0.0,1.0,0,普通大幅波动
sh.510110,2015-06-08,4.445,4.18,4.18,0.063397,0.063397,0.0,1.0,0,普通大幅波动
sh.510110,2015-06-10,4.7,4.34,4.34,0.082949,0.082949,0.0,1.0,0,普通大幅波动
sh.510110,2015-06-18,4.001,4.298,4.298,-0.069102,-0.069102,0.0,1.0,0,普通大幅波动
sh.510110,2015-06-26,3.589,3.88,3.88,-0.075,-0.075,0.0,1.0,0,普通大幅波动
sh.510110,2015-07-06,3.794,3.51,3.51,0.080912,0.080912,0.0,1.0,0,普通大幅波动
sh.510110,2015-07-08,3.465,3.85,3.85,-0.1,-0.1,0.0,1.0,0,普通大幅波动
sh.510110,2015-07-09,3.757,3.465,3.465,0.084271,0.084271,0.0,1.0,0,普通大幅波动
sh.510110,2015-07-10,4.0,3.757,3.757,0.064679,0.064679,0.0,1.0,0,普通大幅波动
sh.510110,2015-07-14,3.542,3.776,3.776,-0.06197,-0.06197,0.0,1.0,0,普通大幅波动
sh.510110,2015-07-27,3.19,3.499,3.499,-0.088311,-0.088311,0.0,1.0,0,普通大幅波动
sh.510110,2015-08-13,3.56,3.357,3.357,0.060471,0.060471,0.0,1.0,0,普通大幅波动
sh.510110,2015-08-20,3.115,3.34,3.34,-0.067365,-0.067365,0.0,1.0,0,普通大幅波动
sh.510110,2015-08-24,2.702,3.002,3.002,-0.099933,-0.099933,0.0,1.0,0,普通大幅波动
sh.510110,2015-08-25,2.436,2.702,2.702,-0.098446,-0.098446,0.0,1.0,0,普通大幅波动
sh.510110,2015-09-16,2.962,2.73,2.73,0.084982,0.084982,0.0,1.0,0,普通大幅波动
sh.510110,2016-01-07,2.874,3.17,3.17,-0.093375,-0.093375,0.0,1.0,0,普通大幅波动
sh.510110,2016-01-08,3.06,2.874,2.874,0.064718,0.064718,0.0,1.0,0,普通大幅波动
sh.510110,2016-01-28,2.693,2.879,2.879,-0.064606,-0.064606,0.0,1.0,0,普通大幅波动
sh.510110,2016-02-05,2.94,2.739,2.739,0.073384,0.073384,0.0,1.0,2,停牌复牌型
sh.510110,2016-02-25,2.78,3.088,3.088,-0.099741,-0.099741,0.0,1.0,1,停牌复牌型
sh.510110,2016-03-07,2.888,2.722,2.722,0.060985,0.060985,0.0,1.0,0,普通大幅波动
sh.510110,2016-03-29,3.118,2.839,2.839,0.098274,0.098274,0.0,1.0,0,普通大幅波动
sh.510110,2016-04-21,3.14,2.919,2.919,0.075711,0.075711,0.0,1.0,0,普通大幅波动
sh.510110,2016-08-15,3.177,2.964,2.964,0.071862,0.071862,0.0,1.0,0,普通大幅波动
sh.510110,2017-01-17,2.951,3.158,3.158,-0.065548,-0.065548,0.0,1.0,0,普通大幅波动
sh.510110,2017-05-09,3.118,2.859,2.859,0.090591,0.090591,0.0,1.0,0,普通大幅波动
sh.510110,2017-08-29,3.89,3.645,3.645,0.067215,0.067215,0.0,1.0,0,普通大幅波动
sh.510110,2018-02-09,3.613,3.888,3.888,-0.07073,-0.07073,0.0,1.0,0,普通大幅波动
sh.510110,2018-02-12,3.83,3.613,3.613,0.060061,0.060061,0.0,1.0,0,普通大幅波动
sh.510110,2018-05-07,3.841,3.539,3.539,0.085335,0.085335,0.0,1.0,0,普通大幅波动
sh.510110,2018-07-16,3.439,3.176,3.176,0.082809,0.082809,0.0,1.0,0,普通大幅波动
sh.510110,2018-07-18,3.12,3.365,3.365,-0.072808,-0.072808,0.0,1.0,0,普通大幅波动
sh.510110,2019-02-25,3.668,3.363,3.363,0.090693,0.090693,0.0,1.0,0,普通大幅波动
sh.510110,2020-02-03,3.468,3.853,3.853,-0.099922,-0.099922,0.0,1.0,0,普通大幅波动
sh.510110,2020-02-05,3.8,3.58,3.58,0.061453,0.061453,0.0,1.0,0,普通大幅波动
sh.510110,2020-05-18,3.894,3.54,3.54,0.1,0.1,0.0,1.0,0,普通大幅波动
sh.510110,2020-05-19,3.566,3.894,3.894,-0.084232,-0.084232,0.0,1.0,0,普通大幅波动
sh.510110,2020-07-06,4.213,3.83,3.83,0.1,0.1,0.0,1.0,0,普通大幅波动
sh.510120,2015-01-05,2.647,2.406,,,0.100166,,,,普通大幅波动
sh.510120,2015-01-19,2.461,2.719,2.719,-0.094888,-0.094888,0.0,1.0,0,普通大幅波动
sh.510120,2015-01-20,2.62,2.461,2.461,0.064608,0.064608,0.0,1.0,0,普通大幅波动
sh.510120,2015-05-28,4.3,4.615,4.615,-0.068256,-0.068256,0.0,1.0,0,普通大幅波动
sh.510120,2015-06-26,3.734,4.121,4.121,-0.093909,-0.093909,0.0,1.0,0,普通大幅波动
sh.510120,2015-07-03,3.072,3.402,3.402,-0.097002,-0.097002,0.0,1.0,0,普通大幅波动
sh.510120,2015-07-08,2.6,2.889,2.889,-0.100035,-0.100035,0.0,1.0,0,普通大幅波动
sh.510120,2015-07-09,2.86,2.6,2.6,0.1,0.1,0.0,1.0,0,普通大幅波动
sh.510120,2015-07-10,3.146,2.86,2.86,0.1,0.1,0.0,1.0,0,普通大幅波动
sh.510120,2015-07-13,3.461,3.146,3.146,0.100127,0.100127,0.0,1.0,0,普通大幅波动
sh.510120,2015-07-27,3.237,3.522,3.522,-0.08092,-0.08092,0.0,1.0,0,普通大幅波动
sh.510120,2015-08-03,3.02,3.23,3.23,-0.065015,-0.065015,0.0,1.0,0,普通大幅波动
sh.510120,2015-08-04,3.258,3.02,3.02,0.078808,0.078808,0.0,1.0,0,普通大幅波动
sh.510120,2015-08-18,3.156,3.451,3.451,-0.085482,-0.085482,0.0,1.0,0,普通大幅波动
sh.510120,2015-08-19,3.436,3.156,3.156,0.08872,0.08872,0.0,1.0,0,普通大幅波动
sh.510120,2015-08-21,3.1,3.313,3.313,-0.064292,-0.064292,0.0,1.0,0,普通大幅波动
sh.510120,2015-08-25,2.727,3.03,3.03,-0.1,-0.1,0.0,1.0,0,普通大幅波动
sh.510120,2015-08-28,2.83,2.58,2.58,0.096899,0.096899,0.0,1.0,0,普通大幅波动
sh.510120,2015-09-07,2.95,2.712,2.712,0.087758,0.087758,0.0,1.0,0,普通大幅波动
sh.510120,2015-09-16,2.956,2.694,2.694,0.097253,0.097253,0.0,1.0,0,普通大幅波动
sh.510120,2015-10-08,2.783,2.623,2.623,0.060999,0.060999,0.0,1.0,0,普通大幅波动
sh.510120,2015-10-30,3.02,2.844,2.844,0.061885,0.061885,0.0,1.0,0,普通大幅波动
sh.510120,2015-11-03,3.297,3.03,3.03,0.088119,0.088119,0.0,1.0,0,普通大幅波动
sh.510120,2015-12-15,3.185,2.999,2.999,0.062021,0.062021,0.0,1.0,0,普通大幅波动
sh.510120,2016-01-04,2.653,2.946,2.946,-0.099457,-0.099457,0.0,1.0,3,停牌复牌型
sh.510120,2016-01-08,3.003,2.799,2.799,0.072883,0.072883,0.0,1.0,1,停牌复牌型
sh.510120,2016-01-19,2.94,2.691,2.691,0.092531,0.092531,0.0,1.0,0,普通大幅波动
sh.510120,2016-01-22,2.52,2.8,2.8,-0.1,-0.1,0.0,1.0,0,普通大幅波动
sh.510120,2016-01-28,2.184,2.327,2.327,-0.061453,-0.061453,0.0,1.0,0,普通大幅波动
sh.510120,2016-02-29,2.497,2.3,2.3,0.085652,0.085652,0.0,1.0,0,普通大幅波动
sh.510120,2016-03-01,2.331,2.497,2.497,-0.06648,-0.06648,0.0,1.0,0,普通大幅波动
sh.510120,2016-07-19,2.713,2.469,2.469,0.098825,0.098825,0.0,1.0,0,普通大幅波动
sh.510120,2016-07-20,2.508,2.713,2.713,-0.075562,-0.075562,0.0,1.0,0,普通大幅波动
sh.510120,2016-07-26,2.679,2.518,2.518,0.06394,0.06394,0.0,1.0,0,普通大幅波动
sh.510120,2016-09-26,2.433,2.595,2.595,-0.062428,-0.062428,0.0,1.0,1,停牌复牌型
sh.510120,2017-08-24,3.113,2.866,2.866,0.086183,0.086183,0.0,1.0,0,普通大幅波动
sh.510120,2018-02-07,3.195,2.99,2.99,0.068562,0.068562,0.0,1.0,0,普通大幅波动
sh.510120,2018-02-12,2.995,3.195,3.195,-0.062598,-0.062598,0.0,1.0,2,停牌复牌型
sh.510120,2018-07-09,3.014,2.743,2.743,0.098797,0.098797,0.0,1.0,3,停牌复牌型
sh.510120,2018-07-11,2.749,3.011,3.011,-0.087014,-0.087014,0.0,1.0,0,普通大幅波动
sh.510120,2018-08-21,2.83,2.634,2.634,0.074412,0.074412,0.0,1.0,0,普通大幅波动
sh.510120,2018-08-22,2.646,2.83,2.83,-0.065018,-0.065018,0.0,1.0,0,普通大幅波动
sh.510120,2018-09-03,2.894,2.71,2.71,0.067897,0.067897,0.0,1.0,0,普通大幅波动
sh.510120,2018-10-15,2.481,2.651,2.651,-0.064127,-0.064127,0.0,1.0,0,普通大幅波动
sh.510120,2018-10-16,2.655,2.481,2.481,0.070133,0.070133,0.0,1.0,0,普通大幅波动
sh.510120,2018-10-18,2.849,2.655,2.655,0.07307,0.07307,0.0,1.0,1,停牌复牌型
sh.510120,2018-10-31,2.41,2.675,2.675,-0.099065,-0.099065,0.0,1.0,6,停牌复牌型
sh.510120,2019-02-25,2.85,2.656,2.656,0.073042,0.073042,0.0,1.0,0,普通大幅波动
sh.510120,2019-04-16,3.3,3.111,3.111,0.060752,0.060752,0.0,1.0,0,普通大幅波动
sh.510120,2019-05-16,3.144,2.86,2.86,0.099301,0.099301,0.0,1.0,0,普通大幅波动
sh.510120,2019-07-05,3.17,2.951,2.951,0.074212,0.074212,0.0,1.0,0,普通大幅波动
sh.510120,2019-07-08,2.965,3.17,3.17,-0.064669,-0.064669,0.0,1.0,0,普通大幅波动
sh.510120,2019-08-26,3.127,2.935,2.935,0.065417,0.065417,0.0,1.0,0,普通大幅波动
sh.510120,2020-02-03,2.8,3.054,3.054,-0.08317,-0.08317,0.0,1.0,0,普通大幅波动
sh.510120,2020-02-05,2.999,2.786,2.786,0.076454,0.076454,0.0,1.0,0,普通大幅波动
sh.510120,2020-02-12,3.22,3.034,3.034,0.061305,0.061305,0.0,1.0,0,普通大幅波动
sh.510120,2020-06-29,3.466,3.7,3.7,-0.063243,-0.063243,0.0,1.0,0,普通大幅波动
sh.510120,2020-11-26,4.35,4.068,4.068,0.069322,0.069322,0.0,1.0,0,普通大幅波动
sh.510120,2021-07-07,4.74,4.375,4.375,0.083429,0.083429,0.0,1.0,0,普通大幅波动
sh.510120,2022-04-26,3.327,3.69,3.69,-0.098374,-0.098374,0.0,1.0,2,停牌复牌型
sh.510120,2022-04-28,3.659,3.327,3.327,0.09979,0.09979,0.0,1.0,1,停牌复牌型
sh.510120,2022-05-06,3.606,3.88,3.88,-0.070619,-0.070619,0.0,1.0,0,普通大幅波动
sh.510120,2022-12-02,3.92,3.564,3.564,0.099888,0.099888,0.0,1.0,0,普通大幅波动
sh.510130,2015-01-19,3.33,3.655,3.655,-0.088919,-0.088919,0.0,1.0,0,普通大幅波动
sh.510130,2015-06-01,5.728,5.35,5.35,0.070654,0.070654,0.0,1.0,0,普通大幅波动
sh.510130,2015-06-19,5.31,5.703,5.703,-0.068911,-0.068911,0.0,1.0,0,普通大幅波动
sh.510130,2015-06-26,4.928,5.405,5.405,-0.088252,-0.088252,0.0,1.0,0,普通大幅波动
sh.510130,2015-06-30,5.01,4.718,4.718,0.061891,0.061891,0.0,1.0,0,普通大幅波动
sh.510130,2015-07-02,4.422,4.731,4.731,-0.065314,-0.065314,0.0,1.0,0,普通大幅波动
sh.510130,2015-07-07,3.835,4.25,4.25,-0.097647,-0.097647,0.0,1.0,0,普通大幅波动
sh.510130,2015-07-08,3.452,3.835,3.835,-0.09987,-0.09987,0.0,1.0,0,普通大幅波动
sh.510130,2015-07-09,3.797,3.452,3.452,0.099942,0.099942,0.0,1.0,0,普通大幅波动
sh.510130,2015-07-10,4.177,3.797,3.797,0.100079,0.100079,0.0,1.0,0,普通大幅波动
sh.510130,2015-07-13,4.595,4.177,4.177,0.100072,0.100072,0.0,1.0,0,普通大幅波动
sh.510130,2015-07-15,4.222,4.691,4.691,-0.099979,-0.099979,0.0,1.0,0,普通大幅波动
sh.510130,2015-07-27,4.2,4.601,4.601,-0.087155,-0.087155,0.0,1.0,0,普通大幅波动
sh.510130,2015-08-10,4.575,4.308,4.308,0.061978,0.061978,0.0,1.0,0,普通大幅波动
sh.510130,2015-08-18,4.42,4.719,4.719,-0.063361,-0.063361,0.0,1.0,0,普通大幅波动
sh.510130,2015-08-24,3.715,4.128,4.128,-0.100048,-0.100048,0.0,1.0,0,普通大幅波动
sh.510130,2015-08-25,3.344,3.715,3.715,-0.099865,-0.099865,0.0,1.0,0,普通大幅波动
sh.510130,2016-01-26,3.066,3.28,3.28,-0.065244,-0.065244,0.0,1.0,0,普通大幅波动
sh.510130,2019-03-19,3.991,3.711,3.711,0.075451,0.075451,0.0,1.0,0,普通大幅波动
sh.510130,2019-06-28,4.24,3.898,3.898,0.087737,0.087737,0.0,1.0,1,停牌复牌型
sh.510130,2020-02-03,3.599,3.999,3.999,-0.100025,-0.100025,0.0,1.0,0,普通大幅波动
sh.510130,2020-02-04,3.86,3.599,3.599,0.07252,0.07252,0.0,1.0,0,普通大幅波动
sh.510130,2020-07-06,4.864,4.43,4.43,0.097968,0.097968,0.0,1.0,0,普通大幅波动
sh.510130,2024-09-30,5.891,5.355,5.355,0.100093,0.100093,0.0,1.0,0,普通大幅波动
sh.510130,2024-10-08,6.48,5.891,5.891,0.099983,0.099983,0.0,1.0,0,普通大幅波动
sh.510130,2024-10-09,5.832,6.48,6.48,-0.1,-0.1,0.0,1.0,0,普通大幅波动
sh.510150,2015-04-28,4.377,4.805,4.805,-0.089074,-0.089074,0.0,1.0,0,普通大幅波动
sh.510150,2015-04-29,4.804,4.377,4.377,0.097555,0.097555,0.0,1.0,0,普通大幅波动
sh.510150,2015-05-28,5.022,5.398,5.398,-0.069655,-0.069655,0.0,1.0,0,普通大幅波动
sh.510150,2015-06-01,5.297,4.978,4.978,0.064082,0.064082,0.0,1.0,0,普通大幅波动
sh.510150,2015-06-10,6.0,5.553,5.553,0.080497,0.080497,0.0,1.0,0,普通大幅波动
sh.510150,2015-06-19,5.493,5.85,5.85,-0.061026,-0.061026,0.0,1.0,0,普通大幅波动
sh.510150,2015-06-23,5.16,5.493,5.493,-0.060623,-0.060623,0.0,1.0,0,普通大幅波动
sh.510150,2015-06-26,4.764,5.11,5.11,-0.06771,-0.06771,0.0,1.0,0,普通大幅波动
sh.510150,2015-06-29,4.33,4.764,4.764,-0.0911,-0.0911,0.0,1.0,0,普通大幅波动
sh.510150,2015-06-30,4.763,4.33,4.33,0.1,0.1,0.0,1.0,0,普通大幅波动
sh.510150,2015-07-02,4.432,4.84,4.84,-0.084298,-0.084298,0.0,1.0,0,普通大幅波动
sh.510150,2015-07-06,4.538,4.221,4.221,0.075101,0.075101,0.0,1.0,0,普通大幅波动
sh.510150,2015-07-07,4.138,4.538,4.538,-0.088145,-0.088145,0.0,1.0,0,普通大幅波动
sh.510150,2015-07-08,3.724,4.138,4.138,-0.100048,-0.100048,0.0,1.0,0,普通大幅波动
sh.510150,2015-07-09,4.096,3.724,3.724,0.099893,0.099893,0.0,1.0,0,普通大幅波动
sh.510150,2015-07-10,4.506,4.096,4.096,0.100098,0.100098,0.0,1.0,0,普通大幅波动
sh.510150,2015-07-15,4.075,4.503,4.503,-0.095048,-0.095048,0.0,1.0,0,普通大幅波动
sh.510150,2015-08-10,4.485,4.215,4.215,0.064057,0.064057,0.0,1.0,0,普通大幅波动
sh.510150,2015-08-25,3.975,4.417,4.417,-0.100068,-0.100068,0.0,1.0,0,普通大幅波动
sh.510150,2015-11-20,4.382,4.097,4.097,0.069563,0.069563,0.0,1.0,0,普通大幅波动
sh.510150,2016-01-12,3.8,4.076,4.076,-0.067713,-0.067713,0.0,1.0,0,普通大幅波动
sh.510150,2016-06-21,3.838,3.507,3.507,0.094383,0.094383,0.0,1.0,0,普通大幅波动
sh.510150,2016-06-24,3.444,3.668,3.668,-0.061069,-0.061069,0.0,1.0,0,普通大幅波动
sh.510150,2017-07-18,4.262,4.566,4.566,-0.066579,-0.066579,0.0,1.0,0,普通大幅波动
sh.510150,2017-09-28,4.845,4.471,4.471,0.08365,0.08365,0.0,1.0,0,普通大幅波动
sh.510150,2018-10-11,4.142,4.441,4.441,-0.067327,-0.067327,0.0,1.0,0,普通大幅波动
sh.510150,2018-10-22,4.29,4.007,4.007,0.070626,0.070626,0.0,1.0,0,普通大幅波动
sh.510150,2020-02-03,4.994,5.525,5.525,-0.096109,-0.096109,0.0,1.0,0,普通大幅波动
sh.510150,2020-02-04,5.436,4.994,4.994,0.088506,0.088506,0.0,1.0,0,普通大幅波动
sh.510150,2020-07-16,7.475,8.029,8.029,-0.069,-0.069,0.0,1.0,0,普通大幅波动
sh.510150,2021-03-08,8.92,9.521,9.521,-0.063124,-0.063124,0.0,1.0,0,普通大幅波动
sh.510150,2021-05-31,0.87,0.863,10.414,-0.916459,0.008111,-0.917131,12.0672,1,拆分合并型
sh.510150,2024-09-26,0.499,0.459,0.459,0.087146,0.087146,0.0,1.0,0,普通大幅波动
sh.510150,2024-09-27,0.549,0.499,0.499,0.1002,0.1002,0.0,1.0,0,普通大幅波动
sh.510150,2024-09-30,0.589,0.549,0.549,0.07286,0.07286,0.0,1.0,0,普通大幅波动
sh.510150,2024-10-09,0.531,0.587,0.587,-0.0954,-0.0954,0.0,1.0,0,普通大幅波动
sh.510160,2015-01-19,0.476,0.521,0.521,-0.086372,-0.086372,0.0,1.0,0,普通大幅波动
sh.510160,2015-04-17,0.725,0.679,0.679,0.067747,0.067747,0.0,1.0,0,普通大幅波动
sh.510160,2015-05-28,0.756,0.807,0.807,-0.063197,-0.063197,0.0,1.0,0,普通大幅波动
sh.510160,2015-06-19,0.712,0.768,0.768,-0.072917,-0.072917,0.0,1.0,0,普通大幅波动
sh.510160,2015-06-26,0.674,0.738,0.738,-0.086721,-0.086721,0.0,1.0,0,普通大幅波动
sh.510160,2015-06-30,0.721,0.661,0.661,0.090772,0.090772,0.0,1.0,0,普通大幅波动
sh.510160,2015-07-01,0.67,0.721,0.721,-0.070735,-0.070735,0.0,1.0,0,普通大幅波动
sh.510160,2015-07-03,0.592,0.632,0.632,-0.063291,-0.063291,0.0,1.0,0,普通大幅波动
sh.510160,2015-07-08,0.527,0.586,0.586,-0.100683,-0.100683,0.0,1.0,0,普通大幅波动
sh.510160,2015-07-09,0.58,0.527,0.527,0.100569,0.100569,0.0,1.0,0,普通大幅波动
sh.510160,2015-07-10,0.638,0.58,0.58,0.1,0.1,0.0,1.0,0,普通大幅波动
sh.510160,2015-07-13,0.692,0.638,0.638,0.084639,0.084639,0.0,1.0,0,普通大幅波动
sh.510160,2015-07-15,0.597,0.652,0.652,-0.084356,-0.084356,0.0,1.0,0,普通大幅波动
sh.510160,2015-07-27,0.583,0.648,0.648,-0.100309,-0.100309,0.0,1.0,0,普通大幅波动
sh.510160,2015-08-10,0.64,0.6,0.6,0.066667,0.066667,0.0,1.0,0,普通大幅波动
sh.510160,2015-08-18,0.594,0.641,0.641,-0.073323,-0.073323,0.0,1.0,0,普通大幅波动
sh.510160,2015-08-24,0.517,0.574,0.574,-0.099303,-0.099303,0.0,1.0,0,普通大幅波动
sh.510160,2015-08-25,0.465,0.517,0.517,-0.10058,-0.10058,0.0,1.0,0,普通大幅波动
sh.510160,2016-02-25,0.415,0.446,0.446,-0.069507,-0.069507,0.0,1.0,0,普通大幅波动
sh.510160,2020-02-03,0.511,0.568,0.568,-0.100352,-0.100352,0.0,1.0,0,普通大幅波动
sh.510160,2020-07-06,0.616,0.576,0.576,0.069444,0.069444,0.0,1.0,0,普通大幅波动
sh.510160,2024-10-09,0.83,0.895,0.895,-0.072626,-0.072626,0.0,1.0,0,普通大幅波动
sh.510170,2015-01-05,2.025,1.841,,,0.099946,,,,普通大幅波动
sh.510170,2015-01-19,1.792,1.92,1.92,-0.066667,-0.066667,0.0,1.0,0,普通大幅波动
sh.510170,2015-06-19,2.8,2.994,2.994,-0.064796,-0.064796,0.0,1.0,0,普通大幅波动
sh.510170,2015-06-26,2.59,2.81,2.81,-0.078292,-0.078292,0.0,1.0,0,普通大幅波动
sh.510170,2015-07-01,2.352,2.523,2.523,-0.067776,-0.067776,0.0,1.0,0,普通大幅波动
sh.510170,2015-07-07,1.926,2.14,2.14,-0.1,-0.1,0.0,1.0,0,普通大幅波动
sh.510170,2015-07-08,1.734,1.926,1.926,-0.099688,-0.099688,0.0,1.0,0,普通大幅波动
sh.510170,2015-07-09,1.907,1.734,1.734,0.099769,0.099769,0.0,1.0,0,普通大幅波动
sh.510170,2015-07-10,2.098,1.907,1.907,0.100157,0.100157,0.0,1.0,0,普通大幅波动
sh.510170,2015-07-13,2.277,2.098,2.098,0.085319,0.085319,0.0,1.0,0,普通大幅波动
sh.510170,2015-07-15,2.055,2.195,2.195,-0.063781,-0.063781,0.0,1.0,0,普通大幅波动
sh.510170,2015-07-27,2.116,2.311,2.311,-0.084379,-0.084379,0.0,1.0,0,普通大幅波动
sh.510170,2015-08-10,2.26,2.103,2.103,0.074655,0.074655,0.0,1.0,0,普通大幅波动
sh.510170,2015-08-25,1.796,1.996,1.996,-0.1002,-0.1002,0.0,1.0,0,普通大幅波动
sh.510170,2015-08-26,1.643,1.796,1.796,-0.085189,-0.085189,0.0,1.0,0,普通大幅波动
sh.510170,2015-09-15,1.619,1.726,1.726,-0.061993,-0.061993,0.0,1.0,0,普通大幅波动
sh.510170,2015-09-16,1.724,1.619,1.619,0.064855,0.064855,0.0,1.0,0,普通大幅波动
sh.510170,2015-11-27,1.788,1.948,1.948,-0.082136,-0.082136,0.0,1.0,0,普通大幅波动
sh.510170,2016-01-07,1.664,1.788,1.788,-0.069351,-0.069351,0.0,1.0,0,普通大幅波动
sh.510170,2016-01-15,1.553,1.679,1.679,-0.075045,-0.075045,0.0,1.0,0,普通大幅波动
sh.510170,2016-01-26,1.486,1.581,1.581,-0.060089,-0.060089,0.0,1.0,0,普通大幅波动
sh.510170,2016-02-02,1.564,1.467,1.467,0.066121,0.066121,0.0,1.0,0,普通大幅波动
sh.510170,2016-02-25,1.76,1.6,1.6,0.1,0.1,0.0,1.0,0,普通大幅波动
sh.510170,2016-02-26,1.649,1.76,1.76,-0.063068,-0.063068,0.0,1.0,0,普通大幅波动
sh.510170,2016-03-09,1.555,1.674,1.674,-0.071087,-0.071087,0.0,1.0,0,普通大幅波动
sh.510170,2016-11-11,1.97,1.815,1.815,0.085399,0.085399,0.0,1.0,0,普通大幅波动
sh.510170,2017-11-08,1.881,2.072,2.072,-0.092181,-0.092181,0.0,1.0,0,普通大幅波动
sh.510170,2017-11-09,2.067,1.881,1.881,0.098884,0.098884,0.0,1.0,0,普通大幅波动
sh.510170,2018-02-09,1.908,2.035,2.035,-0.062408,-0.062408,0.0,1.0,0,普通大幅波动
sh.510170,2018-09-19,1.655,1.554,1.554,0.064994,0.064994,0.0,1.0,0,普通大幅波动
sh.510170,2018-10-11,1.541,1.682,1.682,-0.083829,-0.083829,0.0,1.0,0,普通大幅波动
sh.510170,2019-05-06,1.553,1.673,1.673,-0.071727,-0.071727,0.0,1.0,0,普通大幅波动
sh.510170,2020-02-03,1.575,1.706,1.706,-0.076788,-0.076788,0.0,1.0,0,普通大幅波动
sh.510170,2021-02-18,2.845,2.666,2.666,0.067142,0.067142,0.0,1.0,0,普通大幅波动
sh.510170,2022-03-15,3.241,3.478,3.478,-0.068143,-0.068143,0.0,1.0,0,普通大幅波动
sh.510170,2022-04-25,3.139,3.385,3.385,-0.072674,-0.072674,0.0,1.0,0,普通大幅波动
sh.510170,2022-07-11,0.899,0.921,3.726,-0.758722,-0.023887,-0.752818,4.0456,1,拆分合并型
sh.510170,2024-09-30,0.965,0.877,0.877,0.100342,0.100342,0.0,1.0,0,普通大幅波动
sh.510170,2024-10-09,0.888,0.983,0.983,-0.096643,-0.096643,0.0,1.0,0,普通大幅波动
sh.510180,2015-01-19,2.963,3.292,3.292,-0.099939,-0.099939,0.0,1.0,0,普通大幅波动
sh.510180,2015-05-28,4.213,4.515,4.515,-0.066888,-0.066888,0.0,1.0,0,普通大幅波动
sh.510180,2015-06-19,4.007,4.285,4.285,-0.064877,-0.064877,0.0,1.0,0,普通大幅波动
sh.510180,2015-06-26,3.77,4.068,4.068,-0.073255,-0.073255,0.0,1.0,0,普通大幅波动
sh.510180,2015-06-30,3.922,3.652,3.652,0.073932,0.073932,0.0,1.0,0,普通大幅波动
sh.510180,2015-07-08,3.279,3.531,3.531,-0.071368,-0.071368,0.0,1.0,0,普通大幅波动
sh.510180,2015-07-09,3.593,3.279,3.279,0.095761,0.095761,0.0,1.0,0,普通大幅波动
sh.510180,2015-07-27,3.338,3.688,3.688,-0.094902,-0.094902,0.0,1.0,0,普通大幅波动
sh.510180,2015-08-18,3.342,3.562,3.562,-0.061763,-0.061763,0.0,1.0,0,普通大幅波动
sh.510180,2015-08-24,2.826,3.14,3.14,-0.1,-0.1,0.0,1.0,0,普通大幅波动
sh.510180,2015-08-25,2.58,2.826,2.826,-0.087049,-0.087049,0.0,1.0,0,普通大幅波动
sh.510180,2015-08-27,2.824,2.645,2.645,0.067675,0.067675,0.0,1.0,0,普通大幅波动
sh.510180,2016-01-04,2.961,3.2,3.2,-0.074688,-0.074688,0.0,1.0,0,普通大幅波动
sh.510180,2019-02-25,3.426,3.186,3.186,0.07533,0.07533,0.0,1.0,0,普通大幅波动
sh.510180,2020-02-03,3.115,3.434,3.434,-0.092895,-0.092895,0.0,1.0,0,普通大幅波动
sh.510180,2020-07-06,4.091,3.722,3.722,0.09914,0.09914,0.0,1.0,0,普通大幅波动
sh.510180,2024-09-30,3.85,3.599,3.599,0.069742,0.069742,0.0,1.0,0,普通大幅波动
sh.510180,2024-10-09,3.736,4.04,4.04,-0.075248,-0.075248,0.0,1.0,0,普通大幅波动
sh.510190,2015-01-19,2.9,3.183,3.183,-0.08891,-0.08891,0.0,1.0,0,普通大幅波动
sh.510190,2015-05-25,5.089,4.708,4.708,0.080926,0.080926,0.0,1.0,0,普通大幅波动
sh.510190,2015-06-26,4.3,4.75,4.75,-0.094737,-0.094737,0.0,1.0,0,普通大幅波动
sh.510190,2015-06-29,3.91,4.3,4.3,-0.090698,-0.090698,0.0,1.0,0,普通大幅波动
sh.510190,2015-06-30,4.292,3.91,3.91,0.097698,0.097698,0.0,1.0,0,普通大幅波动
sh.510190,2015-07-03,3.67,4.0,4.0,-0.0825,-0.0825,0.0,1.0,0,普通大幅波动
sh.510190,2015-07-06,3.959,3.67,3.67,0.078747,0.078747,0.0,1.0,0,普通大幅波动
sh.510190,2015-07-07,3.665,3.959,3.959,-0.074261,-0.074261,0.0,1.0,0,普通大幅波动
sh.510190,2015-07-08,3.304,3.665,3.665,-0.098499,-0.098499,0.0,1.0,0,普通大幅波动
sh.510190,2015-07-09,3.634,3.304,3.304,0.099879,0.099879,0.0,1.0,0,普通大幅波动
sh.510190,2015-07-10,3.997,3.634,3.634,0.09989,0.09989,0.0,1.0,0,普通大幅波动
sh.510190,2015-07-13,4.349,3.997,3.997,0.088066,0.088066,0.0,1.0,0,普通大幅波动
sh.510190,2015-07-15,3.822,4.126,4.126,-0.073679,-0.073679,0.0,1.0,0,普通大幅波动
sh.510190,2015-07-17,4.188,3.88,3.88,0.079381,0.079381,0.0,1.0,0,普通大幅波动
sh.510190,2015-07-27,3.661,4.0,4.0,-0.08475,-0.08475,0.0,1.0,0,普通大幅波动
sh.510190,2015-07-29,3.89,3.667,3.667,0.060813,0.060813,0.0,1.0,0,普通大幅波动
sh.510190,2015-08-04,3.801,3.55,3.55,0.070704,0.070704,0.0,1.0,0,普通大幅波动
sh.510190,2015-08-24,3.402,3.78,3.78,-0.1,-0.1,0.0,1.0,0,普通大幅波动
sh.510190,2015-08-25,3.062,3.402,3.402,-0.099941,-0.099941,0.0,1.0,0,普通大幅波动
sh.510190,2015-09-16,3.18,2.916,2.916,0.090535,0.090535,0.0,1.0,0,普通大幅波动
sh.510190,2016-01-04,3.35,3.573,3.573,-0.062413,-0.062413,0.0,1.0,0,普通大幅波动
sh.510190,2017-01-03,3.366,3.15,3.15,0.068571,0.068571,0.0,1.0,0,普通大幅波动
sh.510190,2017-01-20,3.354,3.146,3.146,0.066116,0.066116,0.0,1.0,1,停牌复牌型
sh.510190,2017-05-16,3.457,3.206,3.206,0.078291,0.078291,0.0,1.0,0,普通大幅波动
sh.510190,2018-07-05,3.474,3.27,3.27,0.062385,0.062385,0.0,1.0,1,停牌复牌型
sh.510190,2018-10-12,3.148,2.96,2.96,0.063514,0.063514,0.0,1.0,0,普通大幅波动
sh.510190,2018-10-18,2.768,3.073,3.073,-0.099252,-0.099252,0.0,1.0,0,普通大幅波动
sh.510190,2019-05-06,3.2,3.426,3.426,-0.065966,-0.065966,0.0,1.0,0,普通大幅波动
sh.510190,2020-02-03,3.255,3.527,3.527,-0.077119,-0.077119,0.0,1.0,0,普通大幅波动
sh.510190,2020-07-06,4.242,3.88,3.88,0.093299,0.093299,0.0,1.0,0,普通大幅波动
sh.510190,2022-03-15,3.485,3.725,3.725,-0.06443,-0.06443,0.0,1.0,0,普通大幅波动
sh.510190,2024-09-27,3.911,3.555,3.555,0.100141,0.100141,0.0,1.0,0,普通大幅波动
sh.510190,2024-10-09,3.794,4.215,4.215,-0.099881,-0.099881,0.0,1.0,0,普通大幅波动
sh.510200,2020-07-02,1.169,1.079,1.079,0.083411,0.083411,0.0,1.0,0,普通大幅波动
sh.510200,2020-07-03,1.284,1.169,1.169,0.098375,0.098375,0.0,1.0,0,普通大幅波动
sh.510200,2020-07-06,1.412,1.284,1.284,0.099688,0.099688,0.0,1.0,0,普通大幅波动
sh.510200,2020-07-08,1.448,1.349,1.349,0.073388,0.073388,0.0,1.0,0,普通大幅波动
sh.510200,2020-07-24,1.246,1.339,1.339,-0.069455,-0.069455,0.0,1.0,0,普通大幅波动
sh.510200,2020-08-17,1.404,1.321,1.321,0.062831,0.062831,0.0,1.0,0,普通大幅波动
sh.510200,2021-05-14,1.126,1.05,1.05,0.072381,0.072381,0.0,1.0,0,普通大幅波动
sh.510200,2021-08-18,1.259,1.185,1.185,0.062447,0.062447,0.0,1.0,0,普通大幅波动
sh.510200,2023-07-28,1.166,1.08,1.08,0.07963,0.07963,0.0,1.0,0,普通大幅波动
sh.510200,2024-04-26,1.032,0.965,0.965,0.06943,0.06943,0.0,1.0,0,普通大幅波动
sh.510200,2024-09-27,1.2,1.091,1.091,0.099908,0.099908,0.0,1.0,0,普通大幅波动
sh.510200,2024-09-30,1.32,1.2,1.2,0.1,0.1,0.0,1.0,0,普通大幅波动
sh.510200,2024-10-08,1.452,1.32,1.32,0.1,0.1,0.0,1.0,0,普通大幅波动
sh.510200,2024-10-09,1.332,1.452,1.452,-0.082645,-0.082645,0.0,1.0,0,普通大幅波动
sh.510200,2024-10-18,1.271,1.196,1.196,0.062709,0.062709,0.0,1.0,0,普通大幅波动
sh.510200,2024-11-07,1.436,1.337,1.337,0.074046,0.074046,0.0,1.0,0,普通大幅波动
sh.510210,2015-04-17,4.899,4.5,4.5,0.088667,0.088667,0.0,1.0,0,普通大幅波动
sh.510210,2015-06-01,5.2,4.844,4.844,0.073493,0.073493,0.0,1.0,0,普通大幅波动
sh.510210,2015-06-02,5.56,5.2,5.2,0.069231,0.069231,0.0,1.0,0,普通大幅波动
sh.510210,2015-06-03,5.194,5.56,5.56,-0.065827,-0.065827,0.0,1.0,0,普通大幅波动
sh.510210,2015-06-05,5.5,5.181,5.181,0.061571,0.061571,0.0,1.0,0,普通大幅波动
sh.510210,2015-06-26,4.627,4.939,4.939,-0.063171,-0.063171,0.0,1.0,0,普通大幅波动
sh.510210,2015-06-29,4.28,4.627,4.627,-0.074995,-0.074995,0.0,1.0,0,普通大幅波动
sh.510210,2015-06-30,4.663,4.28,4.28,0.089486,0.089486,0.0,1.0,0,普通大幅波动
sh.510210,2015-07-07,3.811,4.199,4.199,-0.092403,-0.092403,0.0,1.0,0,普通大幅波动
sh.510210,2015-07-08,3.451,3.811,3.811,-0.094463,-0.094463,0.0,1.0,0,普通大幅波动
sh.510210,2015-07-09,3.796,3.451,3.451,0.099971,0.099971,0.0,1.0,0,普通大幅波动
sh.510210,2015-07-10,4.176,3.796,3.796,0.100105,0.100105,0.0,1.0,0,普通大幅波动
sh.510210,2015-07-27,3.911,4.34,4.34,-0.098848,-0.098848,0.0,1.0,0,普通大幅波动
sh.510210,2015-08-24,3.502,3.858,3.858,-0.092276,-0.092276,0.0,1.0,0,普通大幅波动
sh.510210,2015-08-25,3.152,3.502,3.502,-0.099943,-0.099943,0.0,1.0,0,普通大幅波动
sh.510210,2016-01-07,3.441,3.697,3.697,-0.069245,-0.069245,0.0,1.0,0,普通大幅波动
sh.510210,2016-01-11,3.271,3.557,3.557,-0.080405,-0.080405,0.0,1.0,0,普通大幅波动
sh.510210,2016-05-30,3.39,3.108,3.108,0.090734,0.090734,0.0,1.0,0,普通大幅波动
sh.510210,2016-10-18,3.685,3.38,3.38,0.090237,0.090237,0.0,1.0,0,普通大幅波动
sh.510210,2016-10-19,3.436,3.685,3.685,-0.067571,-0.067571,0.0,1.0,0,普通大幅波动
sh.510210,2019-02-25,3.554,3.346,3.346,0.062164,0.062164,0.0,1.0,0,普通大幅波动
sh.510210,2020-02-03,3.505,3.799,3.799,-0.077389,-0.077389,0.0,1.0,0,普通大幅波动
sh.510210,2020-07-06,4.602,4.278,4.278,0.075736,0.075736,0.0,1.0,0,普通大幅波动
sh.510210,2021-01-25,1.006,0.999,5.019,-0.799562,0.007007,-0.800956,5.024,1,拆分合并型
sh.510210,2023-06-20,0.884,0.892,0.968,-0.086777,-0.008969,-0.078512,1.08521099,0,分红型
sh.510210,2023-12-20,0.71,0.716,0.779,-0.088575,-0.00838,-0.080873,1.08800155,0,分红型
sh.510210,2024-09-30,0.838,0.762,0.762,0.099738,0.099738,0.0,1.0,0,普通大幅波动
sh.510210,2024-10-08,0.9,0.838,0.838,0.073986,0.073986,0.0,1.0,0,普通大幅波动
sh.510210,2024-10-09,0.81,0.9,0.9,-0.1,-0.1,0.0,1.0,0,普通大幅波动
sh.510220,2015-04-22,5.642,5.321,5.321,0.060327,0.060327,0.0,1.0,0,普通大幅波动
sh.510220,2015-04-23,6.095,5.642,5.642,0.080291,0.080291,0.0,1.0,0,普通大幅波动
sh.510220,2015-04-27,6.3,5.926,5.926,0.063112,0.063112,0.0,1.0,0,普通大幅波动
sh.510220,2015-04-28,6.93,6.3,6.3,0.1,0.1,0.0,1.0,0,普通大幅波动
sh.510220,2015-05-08,6.105,5.755,5.755,0.060817,0.060817,0.0,1.0,0,普通大幅波动
sh.510220,2015-05-28,6.31,6.774,6.774,-0.068497,-0.068497,0.0,1.0,0,普通大幅波动
sh.510220,2015-06-26,5.736,6.191,6.191,-0.073494,-0.073494,0.0,1.0,0,普通大幅波动
sh.510220,2015-06-30,5.89,5.499,5.499,0.071104,0.071104,0.0,1.0,0,普通大幅波动
sh.510220,2015-07-02,5.38,5.86,5.86,-0.081911,-0.081911,0.0,1.0,0,普通大幅波动
sh.510220,2015-07-03,5.01,5.38,5.38,-0.068773,-0.068773,0.0,1.0,0,普通大幅波动
sh.510220,2015-07-07,4.371,4.799,4.799,-0.089185,-0.089185,0.0,1.0,0,普通大幅波动
sh.510220,2015-07-08,3.934,4.371,4.371,-0.099977,-0.099977,0.0,1.0,0,普通大幅波动
sh.510220,2015-07-09,4.327,3.934,3.934,0.099898,0.099898,0.0,1.0,0,普通大幅波动
sh.510220,2015-07-10,4.76,4.327,4.327,0.100069,0.100069,0.0,1.0,0,普通大幅波动
sh.510220,2015-07-13,5.236,4.76,4.76,0.1,0.1,0.0,1.0,0,普通大幅波动
sh.510220,2015-07-15,4.546,4.99,4.99,-0.088978,-0.088978,0.0,1.0,0,普通大幅波动
sh.510220,2015-07-17,4.985,4.632,4.632,0.076209,0.076209,0.0,1.0,0,普通大幅波动
sh.510220,2015-07-23,5.332,4.932,4.932,0.081103,0.081103,0.0,1.0,0,普通大幅波动
sh.510220,2015-07-27,4.849,5.32,5.32,-0.088534,-0.088534,0.0,1.0,0,普通大幅波动
sh.510220,2015-08-04,4.879,4.452,4.452,0.095912,0.095912,0.0,1.0,0,普通大幅波动
sh.510220,2015-08-24,4.478,4.976,4.976,-0.10008,-0.10008,0.0,1.0,0,普通大幅波动
sh.510220,2015-08-25,4.03,4.478,4.478,-0.100045,-0.100045,0.0,1.0,0,普通大幅波动
sh.510220,2015-09-08,4.29,4.0,4.0,0.0725,0.0725,0.0,1.0,0,普通大幅波动
sh.510220,2015-09-15,3.9,4.202,4.202,-0.071871,-0.071871,0.0,1.0,0,普通大幅波动
sh.510220,2015-09-16,4.28,3.9,3.9,0.097436,0.097436,0.0,1.0,0,普通大幅波动
sh.510220,2015-09-17,4.015,4.28,4.28,-0.061916,-0.061916,0.0,1.0,0,普通大幅波动
sh.510220,2016-01-04,4.198,4.633,4.633,-0.093892,-0.093892,0.0,1.0,0,普通大幅波动
sh.510220,2016-01-07,4.018,4.335,4.335,-0.073126,-0.073126,0.0,1.0,0,普通大幅波动
sh.510220,2016-01-27,3.515,3.77,3.77,-0.067639,-0.067639,0.0,1.0,0,普通大幅波动
sh.510220,2016-01-29,3.67,3.388,3.388,0.083235,0.083235,0.0,1.0,0,普通大幅波动
sh.510220,2018-02-26,4.473,4.1,4.1,0.090976,0.090976,0.0,1.0,0,普通大幅波动
sh.510220,2020-02-03,3.805,4.22,4.22,-0.098341,-0.098341,0.0,1.0,0,普通大幅波动
sh.510220,2020-03-17,4.134,4.46,4.46,-0.073094,-0.073094,0.0,1.0,0,普通大幅波动
sh.510220,2022-03-30,5.938,5.399,5.399,0.099833,0.099833,0.0,1.0,0,普通大幅波动
sh.510220,2022-03-31,5.478,5.938,5.938,-0.077467,-0.077467,0.0,1.0,0,普通大幅波动
sh.510230,2015-01-19,5.403,6.003,6.003,-0.09995,-0.09995,0.0,1.0,0,普通大幅波动
sh.510230,2015-01-21,5.682,5.318,5.318,0.068447,0.068447,0.0,1.0,0,普通大幅波动
sh.510230,2015-05-28,6.364,6.83,6.83,-0.068228,-0.068228,0.0,1.0,0,普通大幅波动
sh.510230,2015-06-26,5.804,6.248,6.248,-0.071063,-0.071063,0.0,1.0,0,普通大幅波动
sh.510230,2015-06-30,6.158,5.715,5.715,0.077515,0.077515,0.0,1.0,0,普通大幅波动
sh.510230,2015-07-06,6.077,5.636,5.636,0.078247,0.078247,0.0,1.0,0,普通大幅波动
sh.510230,2015-07-08,5.549,6.166,6.166,-0.100065,-0.100065,0.0,1.0,0,普通大幅波动
sh.510230,2015-07-09,6.103,5.549,5.549,0.099838,0.099838,0.0,1.0,0,普通大幅波动
sh.510230,2015-07-27,5.245,5.803,5.803,-0.096157,-0.096157,0.0,1.0,0,普通大幅波动
sh.510230,2015-08-24,4.305,4.783,4.783,-0.099937,-0.099937,0.0,1.0,0,普通大幅波动
sh.510230,2015-08-25,3.927,4.305,4.305,-0.087805,-0.087805,0.0,1.0,0,普通大幅波动
sh.510230,2015-08-26,4.197,3.927,3.927,0.068755,0.068755,0.0,1.0,0,普通大幅波动
sh.510230,2015-08-27,4.567,4.197,4.197,0.088158,0.088158,0.0,1.0,0,普通大幅波动
sh.510230,2015-11-04,5.297,4.922,4.922,0.076189,0.076189,0.0,1.0,0,普通大幅波动
sh.510230,2018-12-21,4.744,4.81,5.36,-0.114925,-0.013721,-0.102612,1.1143,0,分红型
sh.510230,2019-02-25,6.063,5.519,5.519,0.098569,0.098569,0.0,1.0,0,普通大幅波动
sh.510230,2020-02-03,5.026,5.514,5.514,-0.088502,-0.088502,0.0,1.0,0,普通大幅波动
sh.510230,2020-07-06,6.223,5.657,5.657,0.100053,0.100053,0.0,1.0,0,普通大幅波动
sh.510230,2020-08-17,1.205,1.156,5.683,-0.787964,0.042388,-0.796586,4.91601866,1,拆分合并型
sh.510230,2024-09-30,1.329,1.208,1.208,0.100166,0.100166,0.0,1.0,0,普通大幅波动
sh.510230,2024-10-08,1.461,1.329,1.329,0.099323,0.099323,0.0,1.0,0,普通大幅波动
sh.510230,2024-10-09,1.315,1.461,1.461,-0.099932,-0.099932,0.0,1.0,0,普通大幅波动
sh.510260,2015-04-16,1.62,1.523,1.523,0.06369,0.06369,0.0,1.0,0,普通大幅波动
sh.510260,2015-04-17,1.782,1.62,1.62,0.1,0.1,0.0,1.0,0,普通大幅波动
sh.510260,2015-04-20,1.96,1.782,1.782,0.099888,0.099888,0.0,1.0,0,普通大幅波动
sh.510260,2015-04-21,1.764,1.96,1.96,-0.1,-0.1,0.0,1.0,0,普通大幅波动
sh.510260,2015-06-19,1.816,1.941,1.941,-0.0644,-0.0644,0.0,1.0,0,普通大幅波动
sh.510260,2015-06-26,1.626,1.807,1.807,-0.100166,-0.100166,0.0,1.0,0,普通大幅波动
sh.510260,2015-06-29,1.512,1.626,1.626,-0.070111,-0.070111,0.0,1.0,0,普通大幅波动
sh.510260,2015-06-30,1.663,1.512,1.512,0.099868,0.099868,0.0,1.0,0,普通大幅波动
sh.510260,2015-07-01,1.556,1.663,1.663,-0.064342,-0.064342,0.0,1.0,0,普通大幅波动
sh.510260,2015-07-03,1.333,1.477,1.477,-0.097495,-0.097495,0.0,1.0,0,普通大幅波动
sh.510260,2015-07-07,1.257,1.397,1.397,-0.100215,-0.100215,0.0,1.0,0,普通大幅波动
sh.510260,2015-07-08,1.131,1.257,1.257,-0.100239,-0.100239,0.0,1.0,0,普通大幅波动
sh.510260,2015-07-09,1.244,1.131,1.131,0.099912,0.099912,0.0,1.0,0,普通大幅波动
sh.510260,2015-07-10,1.368,1.244,1.244,0.099678,0.099678,0.0,1.0,0,普通大幅波动
sh.510260,2015-07-13,1.505,1.368,1.368,0.100146,0.100146,0.0,1.0,0,普通大幅波动
sh.510260,2015-07-15,1.325,1.472,1.472,-0.099864,-0.099864,0.0,1.0,0,普通大幅波动
sh.510260,2015-07-16,1.438,1.325,1.325,0.085283,0.085283,0.0,1.0,0,普通大幅波动
sh.510260,2015-07-27,1.41,1.538,1.538,-0.083225,-0.083225,0.0,1.0,0,普通大幅波动
sh.510260,2015-08-04,1.46,1.36,1.36,0.073529,0.073529,0.0,1.0,0,普通大幅波动
sh.510260,2015-08-10,1.58,1.453,1.453,0.087405,0.087405,0.0,1.0,0,普通大幅波动
sh.510260,2015-08-18,1.448,1.569,1.569,-0.077119,-0.077119,0.0,1.0,0,普通大幅波动
sh.510260,2015-08-24,1.254,1.392,1.392,-0.099138,-0.099138,0.0,1.0,0,普通大幅波动
sh.510260,2015-08-25,1.137,1.254,1.254,-0.093301,-0.093301,0.0,1.0,0,普通大幅波动
sh.510260,2015-09-16,1.167,1.071,1.071,0.089636,0.089636,0.0,1.0,0,普通大幅波动
sh.510260,2016-01-15,1.05,1.119,1.119,-0.061662,-0.061662,0.0,1.0,0,普通大幅波动
sh.510260,2018-02-02,1.246,1.171,1.171,0.064048,0.064048,0.0,1.0,0,普通大幅波动
sh.510260,2019-02-25,1.143,1.039,1.039,0.100096,0.100096,0.0,1.0,0,普通大幅波动
sh.510270,2015-01-19,1.027,1.141,1.141,-0.099912,-0.099912,0.0,1.0,0,普通大幅波动
sh.510270,2015-04-17,1.471,1.385,1.385,0.062094,0.062094,0.0,1.0,0,普通大幅波动
sh.510270,2015-05-28,1.391,1.526,1.526,-0.088467,-0.088467,0.0,1.0,0,普通大幅波动
sh.510270,2015-06-08,1.627,1.531,1.531,0.062704,0.062704,0.0,1.0,0,普通大幅波动
sh.510270,2015-06-26,1.288,1.385,1.385,-0.070036,-0.070036,0.0,1.0,0,普通大幅波动
sh.510270,2015-06-30,1.349,1.259,1.259,0.071485,0.071485,0.0,1.0,0,普通大幅波动
sh.510270,2015-07-01,1.237,1.349,1.349,-0.083024,-0.083024,0.0,1.0,0,普通大幅波动
sh.510270,2015-07-03,1.122,1.199,1.199,-0.06422,-0.06422,0.0,1.0,0,普通大幅波动
sh.510270,2015-07-06,1.233,1.122,1.122,0.09893,0.09893,0.0,1.0,0,普通大幅波动
sh.510270,2015-07-08,1.054,1.171,1.171,-0.099915,-0.099915,0.0,1.0,0,普通大幅波动
sh.510270,2015-07-09,1.159,1.054,1.054,0.09962,0.09962,0.0,1.0,0,普通大幅波动
sh.510270,2015-07-10,1.275,1.159,1.159,0.100086,0.100086,0.0,1.0,0,普通大幅波动
sh.510270,2015-07-14,1.227,1.306,1.306,-0.06049,-0.06049,0.0,1.0,0,普通大幅波动
sh.510270,2015-07-27,1.158,1.248,1.248,-0.072115,-0.072115,0.0,1.0,0,普通大幅波动
sh.510270,2015-08-10,1.236,1.153,1.153,0.071986,0.071986,0.0,1.0,0,普通大幅波动
sh.510270,2015-08-24,0.95,1.056,1.056,-0.100379,-0.100379,0.0,1.0,0,普通大幅波动
sh.510270,2015-08-25,0.856,0.95,0.95,-0.098947,-0.098947,0.0,1.0,0,普通大幅波动
sh.510270,2015-09-16,1.012,0.95,0.95,0.065263,0.065263,0.0,1.0,0,普通大幅波动
sh.510270,2016-01-07,1.002,1.068,1.068,-0.061798,-0.061798,0.0,1.0,0,普通大幅波动
sh.510270,2016-01-27,0.852,0.913,0.913,-0.066813,-0.066813,0.0,1.0,0,普通大幅波动
sh.510270,2018-02-08,1.206,1.285,1.285,-0.061479,-0.061479,0.0,1.0,0,普通大幅波动
sh.510270,2020-02-03,1.016,1.129,1.129,-0.100089,-0.100089,0.0,1.0,0,普通大幅波动
sh.510270,2020-07-03,1.216,1.145,1.145,0.062009,0.062009,0.0,1.0,0,普通大幅波动
sh.510270,2020-07-06,1.318,1.216,1.216,0.083882,0.083882,0.0,1.0,0,普通大幅波动
sh.510270,2020-08-17,1.315,1.232,1.232,0.06737,0.06737,0.0,1.0,0,普通大幅波动
sh.510270,2022-03-15,1.163,1.245,1.245,-0.065863,-0.065863,0.0,1.0,0,普通大幅波动
sh.510270,2024-09-30,1.428,1.305,1.305,0.094253,0.094253,0.0,1.0,0,普通大幅波动
sh.510270,2024-10-09,1.346,1.449,1.449,-0.071084,-0.071084,0.0,1.0,0,普通大幅波动
sh.510280,2015-01-19,1.318,1.444,1.444,-0.087258,-0.087258,0.0,1.0,0,普通大幅波动
sh.510280,2015-05-28,1.736,1.866,1.866,-0.069668,-0.069668,0.0,1.0,0,普通大幅波动
sh.510280,2015-06-26,1.584,1.757,1.757,-0.098463,-0.098463,0.0,1.0,0,普通大幅波动
sh.510280,2015-07-03,1.47,1.602,1.602,-0.082397,-0.082397,0.0,1.0,0,普通大幅波动
sh.510280,2015-07-06,1.581,1.47,1.47,0.07551,0.07551,0.0,1.0,0,普通大幅波动
sh.510280,2015-07-08,1.462,1.624,1.624,-0.099754,-0.099754,0.0,1.0,0,普通大幅波动
sh.510280,2015-07-09,1.608,1.462,1.462,0.099863,0.099863,0.0,1.0,0,普通大幅波动
sh.510280,2015-07-10,1.728,1.608,1.608,0.074627,0.074627,0.0,1.0,0,普通大幅波动
sh.510280,2015-07-14,1.549,1.654,1.654,-0.063482,-0.063482,0.0,1.0,0,普通大幅波动
sh.510280,2015-07-27,1.42,1.56,1.56,-0.089744,-0.089744,0.0,1.0,0,普通大幅波动
sh.510280,2015-08-24,1.261,1.381,1.381,-0.086894,-0.086894,0.0,1.0,0,普通大幅波动
sh.510280,2015-08-25,1.179,1.261,1.261,-0.065028,-0.065028,0.0,1.0,0,普通大幅波动
sh.510280,2016-10-24,1.372,1.292,1.292,0.06192,0.06192,0.0,1.0,3,停牌复牌型
sh.510280,2017-09-12,1.714,1.576,1.576,0.087563,0.087563,0.0,1.0,0,普通大幅波动
sh.510280,2017-11-22,1.914,1.8,1.8,0.063333,0.063333,0.0,1.0,0,普通大幅波动
sh.510280,2018-10-11,1.518,1.65,1.65,-0.08,-0.08,0.0,1.0,0,普通大幅波动
sh.510280,2018-10-12,1.639,1.518,1.518,0.07971,0.07971,0.0,1.0,0,普通大幅波动
sh.510290,2015-05-28,2.361,2.524,2.524,-0.06458,-0.06458,0.0,1.0,0,普通大幅波动
sh.510290,2015-06-19,2.437,2.593,2.593,-0.060162,-0.060162,0.0,1.0,0,普通大幅波动
sh.510290,2015-06-26,2.153,2.391,2.391,-0.09954,-0.09954,0.0,1.0,0,普通大幅波动
sh.510290,2015-07-01,2.012,2.143,2.143,-0.061129,-0.061129,0.0,1.0,0,普通大幅波动
sh.510290,2015-07-02,1.812,2.012,2.012,-0.099404,-0.099404,0.0,1.0,0,普通大幅波动
sh.510290,2015-07-07,1.457,1.619,1.619,-0.100062,-0.100062,0.0,1.0,0,普通大幅波动
sh.510290,2015-07-08,1.311,1.457,1.457,-0.100206,-0.100206,0.0,1.0,0,普通大幅波动
sh.510290,2015-07-09,1.442,1.311,1.311,0.099924,0.099924,0.0,1.0,0,普通大幅波动
sh.510290,2015-07-10,1.586,1.442,1.442,0.099861,0.099861,0.0,1.0,0,普通大幅波动
sh.510290,2015-07-13,1.745,1.586,1.586,0.100252,0.100252,0.0,1.0,0,普通大幅波动
sh.510290,2015-07-14,1.89,1.745,1.745,0.083095,0.083095,0.0,1.0,0,普通大幅波动
sh.510290,2015-07-15,1.733,1.89,1.89,-0.083069,-0.083069,0.0,1.0,0,普通大幅波动
sh.510290,2015-07-17,1.839,1.709,1.709,0.076068,0.076068,0.0,1.0,0,普通大幅波动
sh.510290,2015-07-27,1.805,1.981,1.981,-0.088844,-0.088844,0.0,1.0,0,普通大幅波动
sh.510290,2015-08-04,1.85,1.712,1.712,0.080607,0.080607,0.0,1.0,0,普通大幅波动
sh.510290,2015-08-10,1.98,1.85,1.85,0.07027,0.07027,0.0,1.0,0,普通大幅波动
sh.510290,2015-08-18,1.945,2.124,2.124,-0.084275,-0.084275,0.0,1.0,0,普通大幅波动
sh.510290,2015-08-24,1.64,1.822,1.822,-0.09989,-0.09989,0.0,1.0,0,普通大幅波动
sh.510290,2015-08-25,1.476,1.64,1.64,-0.1,-0.1,0.0,1.0,0,普通大幅波动
sh.510290,2015-08-28,1.635,1.525,1.525,0.072131,0.072131,0.0,1.0,0,普通大幅波动
sh.510290,2015-09-01,1.479,1.579,1.579,-0.063331,-0.063331,0.0,1.0,0,普通大幅波动
sh.510290,2015-09-14,1.452,1.566,1.566,-0.072797,-0.072797,0.0,1.0,0,普通大幅波动
sh.510290,2015-09-16,1.49,1.373,1.373,0.085215,0.085215,0.0,1.0,0,普通大幅波动
sh.510290,2015-10-21,1.629,1.764,1.764,-0.076531,-0.076531,0.0,1.0,0,普通大幅波动
sh.510290,2015-11-04,1.78,1.678,1.678,0.060787,0.060787,0.0,1.0,0,普通大幅波动
sh.510290,2015-11-27,1.775,1.893,1.893,-0.062335,-0.062335,0.0,1.0,0,普通大幅波动
sh.510290,2016-01-04,1.694,1.836,1.836,-0.077342,-0.077342,0.0,1.0,0,普通大幅波动
sh.510290,2016-01-07,1.602,1.718,1.718,-0.06752,-0.06752,0.0,1.0,0,普通大幅波动
sh.510290,2016-01-11,1.494,1.6,1.6,-0.06625,-0.06625,0.0,1.0,0,普通大幅波动
sh.510290,2016-01-26,1.356,1.465,1.465,-0.074403,-0.074403,0.0,1.0,0,普通大幅波动
sh.510290,2016-02-25,1.361,1.473,1.473,-0.076035,-0.076035,0.0,1.0,0,普通大幅波动
sh.510290,2018-10-11,1.181,1.261,1.261,-0.063442,-0.063442,0.0,1.0,0,普通大幅波动
sh.510290,2019-05-06,1.34,1.441,1.441,-0.07009,-0.07009,0.0,1.0,0,普通大幅波动
sh.510290,2020-02-03,1.398,1.516,1.516,-0.077836,-0.077836,0.0,1.0,0,普通大幅波动
sh.510290,2021-09-06,2.408,2.261,2.261,0.065015,0.065015,0.0,1.0,0,普通大幅波动
sh.510290,2022-04-25,1.734,1.846,1.846,-0.060672,-0.060672,0.0,1.0,0,普通大幅波动
sh.510290,2024-09-27,1.879,1.755,1.755,0.070655,0.070655,0.0,1.0,0,普通大幅波动
sh.510290,2024-09-30,2.05,1.879,1.879,0.091006,0.091006,0.0,1.0,0,普通大幅波动
sh.510290,2024-10-09,1.957,2.17,2.17,-0.098157,-0.098157,0.0,1.0,0,普通大幅波动
sh.510300,2015-01-19,3.296,3.662,3.662,-0.099945,-0.099945,0.0,1.0,0,普通大幅波动
sh.510300,2015-05-28,4.815,5.165,5.165,-0.067764,-0.067764,0.0,1.0,0,普通大幅波动
sh.510300,2015-06-19,4.603,4.909,4.909,-0.062334,-0.062334,0.0,1.0,0,普通大幅波动
sh.510300,2015-06-26,4.346,4.696,4.696,-0.074532,-0.074532,0.0,1.0,0,普通大幅波动
sh.510300,2015-06-30,4.484,4.182,4.182,0.072214,0.072214,0.0,1.0,0,普通大幅波动
sh.510300,2015-07-01,4.197,4.484,4.484,-0.064005,-0.064005,0.0,1.0,0,普通大幅波动
sh.510300,2015-07-08,3.463,3.848,3.848,-0.100052,-0.100052,0.0,1.0,0,普通大幅波动
sh.510300,2015-07-09,3.809,3.463,3.463,0.099913,0.099913,0.0,1.0,0,普通大幅波动
sh.510300,2015-07-10,4.189,3.809,3.809,0.099764,0.099764,0.0,1.0,0,普通大幅波动
sh.510300,2015-07-27,3.803,4.218,4.218,-0.098388,-0.098388,0.0,1.0,0,普通大幅波动
sh.510300,2015-08-18,3.827,4.109,4.109,-0.06863,-0.06863,0.0,1.0,0,普通大幅波动
sh.510300,2015-08-24,3.263,3.625,3.625,-0.099862,-0.099862,0.0,1.0,0,普通大幅波动
sh.510300,2015-08-25,2.983,3.263,3.263,-0.085811,-0.085811,0.0,1.0,0,普通大幅波动
sh.510300,2015-08-27,3.257,3.067,3.067,0.06195,0.06195,0.0,1.0,0,普通大幅波动
sh.510300,2015-11-04,3.708,3.498,3.498,0.060034,0.060034,0.0,1.0,0,普通大幅波动
sh.510300,2016-01-04,3.535,3.778,3.778,-0.06432,-0.06432,0.0,1.0,0,普通大幅波动
sh.510300,2016-02-25,2.905,3.103,3.103,-0.063809,-0.063809,0.0,1.0,0,普通大幅波动
sh.510300,2019-02-25,3.775,3.526,3.526,0.070618,0.070618,0.0,1.0,0,普通大幅波动
sh.510300,2020-02-03,3.659,3.996,3.996,-0.084334,-0.084334,0.0,1.0,0,普通大幅波动
sh.510300,2020-07-06,4.784,4.457,4.457,0.073368,0.073368,0.0,1.0,0,普通大幅波动
sh.510300,2024-09-27,3.869,3.64,3.64,0.062912,0.062912,0.0,1.0,0,普通大幅波动
sh.510300,2024-09-30,4.233,3.869,3.869,0.094081,0.094081,0.0,1.0,0,普通大幅波动
sh.510300,2024-10-09,4.022,4.412,4.412,-0.088395,-0.088395,0.0,1.0,0,普通大幅波动
sh.510310,2015-01-19,1.332,1.468,1.468,-0.092643,-0.092643,0.0,1.0,0,普通大幅波动
sh.510310,2015-06-26,1.787,1.907,1.907,-0.062926,-0.062926,0.0,1.0,0,普通大幅波动
sh.510310,2015-07-06,1.68,1.58,1.58,0.063291,0.063291,0.0,1.0,0,普通大幅波动
sh.510310,2015-07-07,1.516,1.68,1.68,-0.097619,-0.097619,0.0,1.0,0,普通大幅波动
sh.510310,2015-07-08,1.367,1.516,1.516,-0.098285,-0.098285,0.0,1.0,0,普通大幅波动
sh.510310,2015-07-09,1.504,1.367,1.367,0.100219,0.100219,0.0,1.0,0,普通大幅波动
sh.510310,2015-07-10,1.654,1.504,1.504,0.099734,0.099734,0.0,1.0,0,普通大幅波动
sh.510310,2015-07-13,1.756,1.654,1.654,0.061669,0.061669,0.0,1.0,0,普通大幅波动
sh.510310,2015-07-15,1.579,1.71,1.71,-0.076608,-0.076608,0.0,1.0,0,普通大幅波动
sh.510310,2015-07-27,1.543,1.695,1.695,-0.089676,-0.089676,0.0,1.0,0,普通大幅波动
sh.510310,2015-08-24,1.345,1.494,1.494,-0.099732,-0.099732,0.0,1.0,0,普通大幅波动
sh.510310,2015-08-25,1.211,1.345,1.345,-0.099628,-0.099628,0.0,1.0,0,普通大幅波动
sh.510310,2015-11-04,1.497,1.406,1.406,0.064723,0.064723,0.0,1.0,0,普通大幅波动
sh.510310,2016-01-04,1.426,1.52,1.52,-0.061842,-0.061842,0.0,1.0,0,普通大幅波动
sh.510310,2019-02-25,1.631,1.527,1.527,0.068107,0.068107,0.0,1.0,0,普通大幅波动
sh.510310,2020-02-03,1.605,1.779,1.779,-0.097808,-0.097808,0.0,1.0,0,普通大幅波动
sh.510310,2020-07-06,2.131,1.983,1.983,0.074634,0.074634,0.0,1.0,0,普通大幅波动
sh.510310,2024-09-23,3.213,3.199,1.599,1.009381,0.004376,1.000625,0.4998,0,拆分合并型
sh.510310,2024-09-30,4.079,3.708,3.708,0.100054,0.100054,0.0,1.0,0,普通大幅波动
sh.510310,2024-10-09,3.934,4.283,4.283,-0.081485,-0.081485,0.0,1.0,0,普通大幅波动
sh.510330,2015-01-19,3.281,3.645,3.645,-0.099863,-0.099863,0.0,1.0,0,普通大幅波动
sh.510330,2015-05-28,4.9,5.215,5.215,-0.060403,-0.060403,0.0,1.0,0,普通大幅波动
sh.510330,2015-06-26,4.346,4.741,4.741,-0.083316,-0.083316,0.0,1.0,0,普通大幅波动
sh.510330,2015-06-30,4.55,4.242,4.242,0.072607,0.072607,0.0,1.0,0,普通大幅波动
sh.510330,2015-07-08,3.589,3.988,3.988,-0.10005,-0.10005,0.0,1.0,0,普通大幅波动
sh.510330,2015-07-09,3.948,3.589,3.589,0.100028,0.100028,0.0,1.0,0,普通大幅波动
sh.510330,2015-07-10,4.289,3.948,3.948,0.086373,0.086373,0.0,1.0,0,普通大幅波动
sh.510330,2015-07-27,3.901,4.266,4.266,-0.08556,-0.08556,0.0,1.0,0,普通大幅波动
sh.510330,2015-08-18,3.901,4.152,4.152,-0.060453,-0.060453,0.0,1.0,0,普通大幅波动
sh.510330,2015-08-24,3.29,3.655,3.655,-0.099863,-0.099863,0.0,1.0,0,普通大幅波动
sh.510330,2015-08-25,3.01,3.29,3.29,-0.085106,-0.085106,0.0,1.0,0,普通大幅波动
sh.510330,2015-09-16,3.375,3.179,3.179,0.061655,0.061655,0.0,1.0,0,普通大幅波动
sh.510330,2019-02-25,3.771,3.525,3.525,0.069787,0.069787,0.0,1.0,0,普通大幅波动
sh.510330,2020-02-03,3.648,4.003,4.003,-0.088683,-0.088683,0.0,1.0,0,普通大幅波动
sh.510330,2020-07-06,4.776,4.463,4.463,0.070132,0.070132,0.0,1.0,0,普通大幅波动
sh.510330,2024-09-30,4.32,3.932,3.932,0.098678,0.098678,0.0,1.0,0,普通大幅波动
sh.510330,2024-10-09,4.112,4.443,4.443,-0.074499,-0.074499,0.0,1.0,0,普通大幅波动
sh.510350,2020-02-03,3.597,3.997,3.997,-0.100075,-0.100075,0.0,1.0,0,普通大幅波动
sh.510350,2020-07-06,4.726,4.422,4.422,0.068747,0.068747,0.0,1.0,0,普通大幅波动
sh.510350,2024-09-30,4.054,3.685,3.685,0.100136,0.100136,0.0,1.0,0,普通大幅波动
sh.510350,2024-10-08,4.323,4.054,4.054,0.066354,0.066354,0.0,1.0,0,普通大幅波动
sh.510350,2024-10-09,4.008,4.323,4.323,-0.072866,-0.072866,0.0,1.0,0,普通大幅波动
sh.510360,2016-01-04,1.02,1.09,1.09,-0.06422,-0.06422,0.0,1.0,0,普通大幅波动
sh.510360,2020-02-03,1.192,1.316,1.316,-0.094225,-0.094225,0.0,1.0,0,普通大幅波动
sh.510360,2020-07-06,1.568,1.468,1.468,0.06812,0.06812,0.0,1.0,0,普通大幅波动
sh.510360,2024-09-30,1.522,1.384,1.384,0.099711,0.099711,0.0,1.0,0,普通大幅波动
sh.510360,2024-10-08,1.634,1.522,1.522,0.073587,0.073587,0.0,1.0,0,普通大幅波动
sh.510360,2024-10-09,1.472,1.634,1.634,-0.099143,-0.099143,0.0,1.0,0,普通大幅波动
sh.510370,2024-09-27,0.868,0.789,0.789,0.100127,0.100127,0.0,1.0,0,普通大幅波动
sh.510370,2024-09-30,0.922,0.868,0.868,0.062212,0.062212,0.0,1.0,0,普通大幅波动
sh.510370,2024-10-08,1.006,0.922,0.922,0.091106,0.091106,0.0,1.0,0,普通大幅波动
sh.510370,2024-10-09,0.905,1.006,1.006,-0.100398,-0.100398,0.0,1.0,0,普通大幅波动
sh.510380,2018-03-29,1.01,0.949,0.949,0.064278,0.064278,0.0,1.0,0,普通大幅波动
sh.510380,2018-06-14,0.996,0.937,0.937,0.062967,0.062967,0.0,1.0,1,停牌复牌型
sh.510380,2018-06-29,0.98,0.892,0.892,0.098655,0.098655,0.0,1.0,0,普通大幅波动
sh.510380,2018-07-03,0.882,0.98,0.98,-0.1,-0.1,0.0,1.0,1,停牌复牌型
sh.510380,2018-07-09,0.9,0.838,0.838,0.073986,0.073986,0.0,1.0,0,普通大幅波动
sh.510380,2018-07-12,0.93,0.845,0.845,0.100592,0.100592,0.0,1.0,0,普通大幅波动
sh.510380,2018-08-07,0.852,0.912,0.912,-0.065789,-0.065789,0.0,1.0,3,停牌复牌型
sh.510380,2018-09-07,0.838,0.9,0.9,-0.068889,-0.068889,0.0,1.0,2,停牌复牌型
sh.510380,2018-10-11,0.787,0.838,0.838,-0.060859,-0.060859,0.0,1.0,0,普通大幅波动
sh.510380,2018-10-15,0.864,0.809,0.809,0.067985,0.067985,0.0,1.0,0,普通大幅波动
sh.510380,2018-10-19,0.802,0.864,0.864,-0.071759,-0.071759,0.0,1.0,0,普通大幅波动
sh.510380,2018-10-30,0.828,0.771,0.771,0.07393,0.07393,0.0,1.0,0,普通大幅波动
sh.510380,2019-02-25,0.936,0.882,0.882,0.061224,0.061224,0.0,1.0,0,普通大幅波动
sh.510380,2019-05-06,0.92,0.981,0.981,-0.062181,-0.062181,0.0,1.0,0,普通大幅波动
sh.510380,2019-05-07,0.995,0.92,0.92,0.081522,0.081522,0.0,1.0,0,普通大幅波动
sh.510380,2019-05-08,0.929,0.995,0.995,-0.066332,-0.066332,0.0,1.0,0,普通大幅波动
sh.510380,2019-05-09,1.014,0.929,0.929,0.091496,0.091496,0.0,1.0,0,普通大幅波动
sh.510380,2019-05-10,0.941,1.014,1.014,-0.071992,-0.071992,0.0,1.0,0,普通大幅波动
sh.510380,2020-02-03,0.927,1.03,1.03,-0.1,-0.1,0.0,1.0,0,普通大幅波动
sh.510380,2020-03-23,0.92,1.014,1.014,-0.092702,-0.092702,0.0,1.0,0,普通大幅波动
sh.510380,2020-07-06,1.236,1.139,1.139,0.085162,0.085162,0.0,1.0,0,普通大幅波动
sh.510380,2020-07-10,1.376,1.251,1.251,0.09992,0.09992,0.0,1.0,0,普通大幅波动
sh.510380,2020-07-13,1.269,1.376,1.376,-0.077762,-0.077762,0.0,1.0,0,普通大幅波动
sh.510380,2023-02-16,1.199,1.129,1.129,0.062002,0.062002,0.0,1.0,0,普通大幅波动
sh.510380,2023-02-17,1.109,1.199,1.199,-0.075063,-0.075063,0.0,1.0,0,普通大幅波动
sh.510380,2024-09-30,1.166,1.062,1.062,0.097928,0.097928,0.0,1.0,0,普通大幅波动
sh.510380,2024-10-08,1.283,1.166,1.166,0.100343,0.100343,0.0,1.0,0,普通大幅波动
sh.510380,2024-10-09,1.155,1.283,1.283,-0.099766,-0.099766,0.0,1.0,0,普通大幅波动
sh.510390,2019-02-25,3.832,3.579,3.579,0.07069,0.07069,0.0,1.0,0,普通大幅波动
sh.510390,2020-02-03,3.75,4.149,4.149,-0.096168,-0.096168,0.0,1.0,0,普通大幅波动
sh.510390,2020-07-06,4.936,4.611,4.611,0.070484,0.070484,0.0,1.0,0,普通大幅波动
sh.510390,2024-09-30,4.422,4.023,4.023,0.09918,0.09918,0.0,1.0,0,普通大幅波动
sh.510390,2024-10-08,4.725,4.422,4.422,0.068521,0.068521,0.0,1.0,0,普通大幅波动
sh.510390,2024-10-09,4.281,4.725,4.725,-0.093968,-0.093968,0.0,1.0,0,普通大幅波动
sh.510410,2015-01-05,0.85,0.774,,,0.098191,,,,普通大幅波动
sh.510410,2015-01-19,0.742,0.799,0.799,-0.071339,-0.071339,0.0,1.0,0,普通大幅波动
sh.510410,2015-05-28,1.04,1.135,1.135,-0.0837,-0.0837,0.0,1.0,0,普通大幅波动
sh.510410,2015-06-01,1.113,1.05,1.05,0.06,0.06,0.0,1.0,0,普通大幅波动
sh.510410,2015-06-19,1.066,1.166,1.166,-0.085763,-0.085763,0.0,1.0,0,普通大幅波动
sh.510410,2015-07-01,0.965,1.03,1.03,-0.063107,-0.063107,0.0,1.0,0,普通大幅波动
sh.510410,2015-07-02,0.89,0.965,0.965,-0.07772,-0.07772,0.0,1.0,0,普通大幅波动
sh.510410,2015-07-03,0.819,0.89,0.89,-0.079775,-0.079775,0.0,1.0,0,普通大幅波动
sh.510410,2015-07-07,0.757,0.833,0.833,-0.091236,-0.091236,0.0,1.0,0,普通大幅波动
sh.510410,2015-07-08,0.681,0.757,0.757,-0.100396,-0.100396,0.0,1.0,0,普通大幅波动
sh.510410,2015-07-09,0.749,0.681,0.681,0.099853,0.099853,0.0,1.0,0,普通大幅波动
sh.510410,2015-07-10,0.824,0.749,0.749,0.100134,0.100134,0.0,1.0,0,普通大幅波动
sh.510410,2015-07-13,0.892,0.824,0.824,0.082524,0.082524,0.0,1.0,0,普通大幅波动
sh.510410,2015-07-15,0.79,0.849,0.849,-0.069494,-0.069494,0.0,1.0,0,普通大幅波动
sh.510410,2015-07-27,0.79,0.873,0.873,-0.095074,-0.095074,0.0,1.0,0,普通大幅波动
sh.510410,2015-08-18,0.841,0.907,0.907,-0.072767,-0.072767,0.0,1.0,0,普通大幅波动
sh.510410,2015-08-24,0.72,0.8,0.8,-0.1,-0.1,0.0,1.0,0,普通大幅波动
sh.510410,2015-08-25,0.648,0.72,0.72,-0.1,-0.1,0.0,1.0,0,普通大幅波动
sh.510410,2017-07-19,0.772,0.722,0.722,0.069252,0.069252,0.0,1.0,0,普通大幅波动
sh.510410,2018-02-09,0.753,0.808,0.808,-0.068069,-0.068069,0.0,1.0,0,普通大幅波动
sh.510410,2019-02-25,0.66,0.617,0.617,0.069692,0.069692,0.0,1.0,0,普通大幅波动
sh.510410,2019-03-08,0.642,0.689,0.689,-0.068215,-0.068215,0.0,1.0,0,普通大幅波动
sh.510410,2020-02-03,0.553,0.614,0.614,-0.099349,-0.099349,0.0,1.0,0,普通大幅波动
sh.510410,2020-07-06,0.64,0.59,0.59,0.084746,0.084746,0.0,1.0,0,普通大幅波动
sh.510410,2021-02-18,0.89,0.819,0.819,0.086691,0.086691,0.0,1.0,0,普通大幅波动
sh.510410,2022-03-15,0.989,1.057,1.057,-0.064333,-0.064333,0.0,1.0,0,普通大幅波动
sh.510410,2022-04-25,0.97,1.032,1.032,-0.060078,-0.060078,0.0,1.0,0,普通大幅波动
sh.510410,2024-09-30,1.341,1.245,1.245,0.077108,0.077108,0.0,1.0,0,普通大幅波动
sh.510410,2024-10-09,1.244,1.358,1.358,-0.083947,-0.083947,0.0,1.0,0,普通大幅波动
sh.510420,2015-01-19,1.411,1.503,1.503,-0.061211,-0.061211,0.0,1.0,0,普通大幅波动
sh.510420,2015-05-28,2.213,2.375,2.375,-0.068211,-0.068211,0.0,1.0,0,普通大幅波动
sh.510420,2015-06-19,2.171,2.33,2.33,-0.06824,-0.06824,0.0,1.0,0,普通大幅波动
sh.510420,2015-06-26,1.996,2.194,2.194,-0.090246,-0.090246,0.0,1.0,0,普通大幅波动
sh.510420,2015-06-30,2.046,1.929,1.929,0.060653,0.060653,0.0,1.0,0,普通大幅波动
sh.510420,2015-07-02,1.831,1.95,1.95,-0.061026,-0.061026,0.0,1.0,0,普通大幅波动
sh.510420,2015-07-03,1.72,1.831,1.831,-0.060623,-0.060623,0.0,1.0,0,普通大幅波动
sh.510420,2015-07-07,1.57,1.72,1.72,-0.087209,-0.087209,0.0,1.0,0,普通大幅波动
sh.510420,2015-07-08,1.426,1.57,1.57,-0.09172,-0.09172,0.0,1.0,0,普通大幅波动
sh.510420,2015-07-09,1.569,1.426,1.426,0.100281,0.100281,0.0,1.0,0,普通大幅波动
sh.510420,2015-07-10,1.726,1.569,1.569,0.100064,0.100064,0.0,1.0,0,普通大幅波动
sh.510420,2015-07-13,1.871,1.726,1.726,0.084009,0.084009,0.0,1.0,0,普通大幅波动
sh.510420,2015-07-27,1.761,1.881,1.881,-0.063796,-0.063796,0.0,1.0,0,普通大幅波动
sh.510420,2015-08-21,1.678,1.8,1.8,-0.067778,-0.067778,0.0,1.0,0,普通大幅波动
sh.510420,2015-08-24,1.516,1.678,1.678,-0.096544,-0.096544,0.0,1.0,0,普通大幅波动
sh.510420,2015-08-25,1.396,1.516,1.516,-0.079156,-0.079156,0.0,1.0,0,普通大幅波动
sh.510420,2016-01-05,1.536,1.666,1.666,-0.078031,-0.078031,0.0,1.0,2,停牌复牌型
sh.510420,2016-01-13,1.395,1.549,1.549,-0.099419,-0.099419,0.0,1.0,2,停牌复牌型
sh.510420,2016-01-26,1.265,1.346,1.346,-0.060178,-0.060178,0.0,1.0,0,普通大幅波动
sh.510420,2016-02-29,1.205,1.327,1.327,-0.091937,-0.091937,0.0,1.0,3,停牌复牌型
sh.510420,2016-03-09,1.232,1.315,1.315,-0.063118,-0.063118,0.0,1.0,1,停牌复牌型
sh.510420,2016-06-28,1.369,1.261,1.261,0.085646,0.085646,0.0,1.0,0,普通大幅波动
sh.510420,2017-05-12,1.55,1.409,1.409,0.100071,0.100071,0.0,1.0,0,普通大幅波动
sh.510420,2017-05-15,1.409,1.55,1.55,-0.090968,-0.090968,0.0,1.0,0,普通大幅波动
sh.510420,2018-07-19,1.392,1.31,1.31,0.062595,0.062595,0.0,1.0,0,普通大幅波动
sh.510420,2018-08-09,1.294,1.397,1.397,-0.073729,-0.073729,0.0,1.0,0,普通大幅波动
sh.510420,2018-10-16,1.129,1.216,1.216,-0.071546,-0.071546,0.0,1.0,1,停牌复牌型
sh.510430,2015-01-19,1.364,1.503,1.503,-0.092482,-0.092482,0.0,1.0,0,普通大幅波动
sh.510430,2015-05-28,1.986,2.134,2.134,-0.069353,-0.069353,0.0,1.0,0,普通大幅波动
sh.510430,2015-06-19,1.823,1.955,1.955,-0.067519,-0.067519,0.0,1.0,0,普通大幅波动
sh.510430,2015-06-30,1.797,1.668,1.668,0.077338,0.077338,0.0,1.0,0,普通大幅波动
sh.510430,2015-07-03,1.535,1.667,1.667,-0.079184,-0.079184,0.0,1.0,0,普通大幅波动
sh.510430,2015-07-06,1.687,1.535,1.535,0.099023,0.099023,0.0,1.0,0,普通大幅波动
sh.510430,2015-07-08,1.586,1.762,1.762,-0.099886,-0.099886,0.0,1.0,0,普通大幅波动
sh.510430,2015-07-09,1.71,1.586,1.586,0.078184,0.078184,0.0,1.0,0,普通大幅波动
sh.510430,2015-07-10,1.819,1.71,1.71,0.063743,0.063743,0.0,1.0,0,普通大幅波动
sh.510430,2015-07-27,1.57,1.725,1.725,-0.089855,-0.089855,0.0,1.0,0,普通大幅波动
sh.510430,2015-08-04,1.616,1.472,1.472,0.097826,0.097826,0.0,1.0,0,普通大幅波动
sh.510430,2015-08-18,1.478,1.613,1.613,-0.083695,-0.083695,0.0,1.0,0,普通大幅波动
sh.510430,2015-08-24,1.321,1.453,1.453,-0.090847,-0.090847,0.0,1.0,0,普通大幅波动
sh.510430,2015-08-25,1.19,1.321,1.321,-0.099167,-0.099167,0.0,1.0,0,普通大幅波动
sh.510430,2015-08-27,1.305,1.219,1.219,0.07055,0.07055,0.0,1.0,0,普通大幅波动
sh.510430,2016-01-26,1.146,1.224,1.224,-0.063725,-0.063725,0.0,1.0,0,普通大幅波动
sh.510430,2016-05-31,1.21,1.137,1.137,0.064204,0.064204,0.0,1.0,0,普通大幅波动
sh.510430,2016-07-01,1.113,1.216,1.216,-0.084704,-0.084704,0.0,1.0,0,普通大幅波动
sh.510430,2016-07-04,1.224,1.113,1.113,0.09973,0.09973,0.0,1.0,0,普通大幅波动
sh.510430,2016-07-06,1.327,1.237,1.237,0.072757,0.072757,0.0,1.0,0,普通大幅波动
sh.510430,2016-09-30,1.371,1.26,1.26,0.088095,0.088095,0.0,1.0,0,普通大幅波动
sh.510430,2016-11-29,1.536,1.4,1.4,0.097143,0.097143,0.0,1.0,0,普通大幅波动
sh.510430,2017-02-13,1.484,1.373,1.373,0.080845,0.080845,0.0,1.0,0,普通大幅波动
sh.510430,2017-02-14,1.374,1.484,1.484,-0.074124,-0.074124,0.0,1.0,0,普通大幅波动
sh.510430,2017-08-14,1.608,1.463,1.463,0.099111,0.099111,0.0,1.0,0,普通大幅波动
sh.510430,2017-08-15,1.487,1.608,1.608,-0.075249,-0.075249,0.0,1.0,0,普通大幅波动
sh.510430,2017-08-16,1.594,1.487,1.487,0.071957,0.071957,0.0,1.0,0,普通大幅波动
sh.510430,2017-08-17,1.49,1.594,1.594,-0.065245,-0.065245,0.0,1.0,0,普通大幅波动
sh.510430,2017-11-08,1.6,1.5,1.5,0.066667,0.066667,0.0,1.0,0,普通大幅波动
sh.510430,2017-12-07,1.64,1.545,1.545,0.061489,0.061489,0.0,1.0,0,普通大幅波动
sh.510430,2017-12-11,1.717,1.598,1.598,0.074468,0.074468,0.0,1.0,0,普通大幅波动
sh.510430,2017-12-12,1.587,1.717,1.717,-0.075713,-0.075713,0.0,1.0,0,普通大幅波动
sh.510430,2018-06-11,1.541,1.44,1.44,0.070139,0.070139,0.0,1.0,1,停牌复牌型
sh.510430,2018-10-19,1.3,1.4,1.4,-0.071429,-0.071429,0.0,1.0,4,停牌复牌型
sh.510430,2018-10-22,1.38,1.3,1.3,0.061538,0.061538,0.0,1.0,0,普通大幅波动
sh.510430,2018-12-13,1.4,1.308,1.308,0.070336,0.070336,0.0,1.0,0,普通大幅波动
sh.510430,2018-12-27,1.216,1.297,1.297,-0.062452,-0.062452,0.0,1.0,1,停牌复牌型
sh.510430,2019-02-26,1.544,1.456,1.456,0.06044,0.06044,0.0,1.0,0,普通大幅波动
sh.510430,2019-03-12,1.467,1.592,1.592,-0.078518,-0.078518,0.0,1.0,0,普通大幅波动
sh.510430,2019-05-10,1.517,1.38,1.38,0.099275,0.099275,0.0,1.0,0,普通大幅波动
sh.510430,2019-05-17,1.377,1.511,1.511,-0.088683,-0.088683,0.0,1.0,0,普通大幅波动
sh.510430,2019-05-29,1.509,1.402,1.402,0.07632,0.07632,0.0,1.0,0,普通大幅波动
sh.510430,2019-05-30,1.403,1.509,1.509,-0.070245,-0.070245,0.0,1.0,0,普通大幅波动
sh.510430,2019-05-31,1.54,1.403,1.403,0.097648,0.097648,0.0,1.0,0,普通大幅波动
sh.510430,2019-06-06,1.41,1.54,1.54,-0.084416,-0.084416,0.0,1.0,0,普通大幅波动
sh.510430,2019-10-17,1.599,1.505,1.505,0.062458,0.062458,0.0,1.0,0,普通大幅波动
sh.510430,2019-10-18,1.48,1.599,1.599,-0.074422,-0.074422,0.0,1.0,0,普通大幅波动
sh.510430,2020-02-03,1.42,1.566,1.566,-0.093231,-0.093231,0.0,1.0,0,普通大幅波动
sh.510430,2020-02-05,1.539,1.438,1.438,0.070236,0.070236,0.0,1.0,0,普通大幅波动
sh.510430,2020-03-20,1.445,1.36,1.36,0.0625,0.0625,0.0,1.0,0,普通大幅波动
sh.510430,2020-07-06,1.815,1.65,1.65,0.1,0.1,0.0,1.0,0,普通大幅波动
sh.510440,2015-04-10,2.405,2.242,2.242,0.072703,0.072703,0.0,1.0,0,普通大幅波动
sh.510440,2015-04-22,2.57,2.41,2.41,0.06639,0.06639,0.0,1.0,0,普通大幅波动
sh.510440,2015-05-25,3.06,2.784,2.784,0.099138,0.099138,0.0,1.0,0,普通大幅波动
sh.510440,2015-05-28,2.772,2.978,2.978,-0.069174,-0.069174,0.0,1.0,0,普通大幅波动
sh.510440,2015-05-29,2.97,2.772,2.772,0.071429,0.071429,0.0,1.0,0,普通大幅波动
sh.510440,2015-06-19,2.9,3.126,3.126,-0.072297,-0.072297,0.0,1.0,0,普通大幅波动
sh.510440,2015-06-26,2.58,2.858,2.858,-0.097271,-0.097271,0.0,1.0,0,普通大幅波动
sh.510440,2015-07-03,2.268,2.52,2.52,-0.1,-0.1,0.0,1.0,0,普通大幅波动
sh.510440,2015-07-06,2.05,2.268,2.268,-0.09612,-0.09612,0.0,1.0,0,普通大幅波动
sh.510440,2015-07-07,1.845,2.05,2.05,-0.1,-0.1,0.0,1.0,0,普通大幅波动
sh.510440,2015-07-09,1.925,1.75,1.75,0.1,0.1,0.0,1.0,0,普通大幅波动
sh.510440,2015-07-10,2.118,1.925,1.925,0.10026,0.10026,0.0,1.0,0,普通大幅波动
sh.510440,2015-07-13,2.287,2.118,2.118,0.079792,0.079792,0.0,1.0,0,普通大幅波动
sh.510440,2015-07-15,2.004,2.212,2.212,-0.094033,-0.094033,0.0,1.0,0,普通大幅波动
sh.510440,2015-07-16,2.17,2.004,2.004,0.082834,0.082834,0.0,1.0,0,普通大幅波动
sh.510440,2015-07-23,2.457,2.267,2.267,0.083811,0.083811,0.0,1.0,0,普通大幅波动
sh.510440,2015-07-27,2.201,2.38,2.38,-0.07521,-0.07521,0.0,1.0,0,普通大幅波动
sh.510440,2015-08-24,1.991,2.212,2.212,-0.09991,-0.09991,0.0,1.0,0,普通大幅波动
sh.510440,2015-08-25,1.84,1.991,1.991,-0.075841,-0.075841,0.0,1.0,0,普通大幅波动
sh.510440,2015-09-15,1.8,1.917,1.917,-0.061033,-0.061033,0.0,1.0,0,普通大幅波动
sh.510440,2015-11-04,2.12,1.985,1.985,0.06801,0.06801,0.0,1.0,0,普通大幅波动
sh.510440,2015-11-16,2.388,2.212,2.212,0.079566,0.079566,0.0,1.0,0,普通大幅波动
sh.510440,2016-01-11,2.07,2.3,2.3,-0.1,-0.1,0.0,1.0,0,普通大幅波动
sh.510440,2016-01-15,1.88,2.086,2.086,-0.098754,-0.098754,0.0,1.0,0,普通大幅波动
sh.510440,2016-01-19,1.981,1.85,1.85,0.070811,0.070811,0.0,1.0,0,普通大幅波动
sh.510440,2016-01-25,2.08,1.917,1.917,0.085029,0.085029,0.0,1.0,0,普通大幅波动
sh.510440,2016-01-26,1.936,2.08,2.08,-0.069231,-0.069231,0.0,1.0,0,普通大幅波动
sh.510440,2016-02-01,1.629,1.81,1.81,-0.1,-0.1,0.0,1.0,0,普通大幅波动
sh.510440,2016-02-04,1.749,1.617,1.617,0.081633,0.081633,0.0,1.0,0,普通大幅波动
sh.510440,2016-05-16,1.774,1.64,1.64,0.081707,0.081707,0.0,1.0,0,普通大幅波动
sh.510440,2017-06-07,1.788,1.675,1.675,0.067463,0.067463,0.0,1.0,1,停牌复牌型
sh.510440,2017-12-29,1.947,1.77,1.77,0.1,0.1,0.0,1.0,0,普通大幅波动
sh.510440,2018-02-02,1.9,1.778,1.778,0.068616,0.068616,0.0,1.0,0,普通大幅波动
sh.510440,2018-02-06,1.778,1.92,1.92,-0.073958,-0.073958,0.0,1.0,0,普通大幅波动
sh.510440,2018-06-21,1.358,1.509,1.509,-0.100066,-0.100066,0.0,1.0,0,普通大幅波动
sh.510440,2018-06-22,1.494,1.358,1.358,0.100147,0.100147,0.0,1.0,0,普通大幅波动
sh.510440,2018-10-11,1.277,1.382,1.382,-0.075977,-0.075977,0.0,1.0,0,普通大幅波动
sh.510440,2018-10-19,1.299,1.201,1.201,0.081599,0.081599,0.0,1.0,0,普通大幅波动
sh.510440,2019-02-25,1.64,1.496,1.496,0.096257,0.096257,0.0,1.0,0,普通大幅波动
sh.510440,2020-02-03,1.451,1.612,1.612,-0.099876,-0.099876,0.0,1.0,0,普通大幅波动
sh.510440,2020-02-05,1.627,1.48,1.48,0.099324,0.099324,0.0,1.0,0,普通大幅波动
sh.510440,2020-07-06,1.95,1.776,1.776,0.097973,0.097973,0.0,1.0,0,普通大幅波动
sh.510440,2021-01-04,2.065,1.924,1.924,0.073285,0.073285,0.0,1.0,0,普通大幅波动
sh.510440,2021-09-07,2.542,2.346,2.346,0.083546,0.083546,0.0,1.0,0,普通大幅波动
sh.510440,2022-03-15,1.935,2.102,2.102,-0.079448,-0.079448,0.0,1.0,0,普通大幅波动
sh.510440,2022-04-26,1.75,1.888,1.888,-0.073093,-0.073093,0.0,1.0,0,普通大幅波动
sh.510450,2015-01-19,1.562,1.722,1.722,-0.092915,-0.092915,0.0,1.0,0,普通大幅波动
sh.510450,2015-05-28,2.369,2.569,2.569,-0.077851,-0.077851,0.0,1.0,0,普通大幅波动
sh.510450,2015-06-26,2.2,2.39,2.39,-0.079498,-0.079498,0.0,1.0,0,普通大幅波动
sh.510450,2015-06-30,2.314,2.174,2.174,0.064397,0.064397,0.0,1.0,0,普通大幅波动
sh.510450,2015-07-01,2.15,2.314,2.314,-0.070873,-0.070873,0.0,1.0,0,普通大幅波动
sh.510450,2015-07-03,1.908,2.085,2.085,-0.084892,-0.084892,0.0,1.0,0,普通大幅波动
sh.510450,2015-07-06,2.091,1.908,1.908,0.095912,0.095912,0.0,1.0,0,普通大幅波动
sh.510450,2015-07-08,1.81,2.011,2.011,-0.09995,-0.09995,0.0,1.0,0,普通大幅波动
sh.510450,2015-07-09,1.991,1.81,1.81,0.1,0.1,0.0,1.0,0,普通大幅波动
sh.510450,2015-07-10,2.17,1.991,1.991,0.089905,0.089905,0.0,1.0,0,普通大幅波动
sh.510450,2015-07-14,2.039,2.23,2.23,-0.08565,-0.08565,0.0,1.0,0,普通大幅波动
sh.510450,2015-07-27,1.889,2.05,2.05,-0.078537,-0.078537,0.0,1.0,0,普通大幅波动
sh.510450,2015-08-04,1.991,1.818,1.818,0.09516,0.09516,0.0,1.0,0,普通大幅波动
sh.510450,2015-08-24,1.655,1.795,1.795,-0.077994,-0.077994,0.0,1.0,0,普通大幅波动
sh.510450,2015-08-25,1.492,1.655,1.655,-0.098489,-0.098489,0.0,1.0,0,普通大幅波动
sh.510450,2015-08-26,1.385,1.492,1.492,-0.071716,-0.071716,0.0,1.0,0,普通大幅波动
sh.510450,2015-08-27,1.52,1.385,1.385,0.097473,0.097473,0.0,1.0,0,普通大幅波动
sh.510450,2015-08-28,1.629,1.52,1.52,0.071711,0.071711,0.0,1.0,0,普通大幅波动
sh.510450,2015-09-01,1.685,1.588,1.588,0.061083,0.061083,0.0,1.0,0,普通大幅波动
sh.510450,2015-09-14,1.55,1.678,1.678,-0.076281,-0.076281,0.0,1.0,0,普通大幅波动
sh.510450,2015-09-16,1.667,1.521,1.521,0.095989,0.095989,0.0,1.0,0,普通大幅波动
sh.510450,2015-09-21,1.631,1.526,1.526,0.068807,0.068807,0.0,1.0,0,普通大幅波动
sh.510450,2015-11-30,1.735,1.877,1.877,-0.075653,-0.075653,0.0,1.0,0,普通大幅波动
sh.510450,2016-01-11,1.535,1.642,1.642,-0.065164,-0.065164,0.0,1.0,0,普通大幅波动
sh.510450,2016-01-29,1.469,1.34,1.34,0.096269,0.096269,0.0,1.0,0,普通大幅波动
sh.510450,2016-02-01,1.601,1.469,1.469,0.089857,0.089857,0.0,1.0,0,普通大幅波动
sh.510450,2016-02-03,1.418,1.517,1.517,-0.06526,-0.06526,0.0,1.0,0,普通大幅波动
sh.510450,2016-02-25,1.349,1.455,1.455,-0.072852,-0.072852,0.0,1.0,0,普通大幅波动
sh.510450,2016-04-29,1.597,1.459,1.459,0.094585,0.094585,0.0,1.0,1,停牌复牌型
sh.510450,2016-05-03,1.491,1.597,1.597,-0.066374,-0.066374,0.0,1.0,0,普通大幅波动
sh.510450,2016-05-19,1.583,1.451,1.451,0.090972,0.090972,0.0,1.0,0,普通大幅波动
sh.510500,2015-04-15,7.818,8.001,2.243,2.48551,-0.022872,2.567098,0.2803,2,拆分合并型
sh.510500,2015-05-28,9.933,10.619,10.619,-0.064601,-0.064601,0.0,1.0,0,普通大幅波动
sh.510500,2015-06-01,10.778,10.136,10.136,0.063339,0.063339,0.0,1.0,0,普通大幅波动
sh.510500,2015-06-19,10.141,10.844,10.844,-0.064828,-0.064828,0.0,1.0,0,普通大幅波动
sh.510500,2015-06-26,8.979,9.977,9.977,-0.10003,-0.10003,0.0,1.0,0,普通大幅波动
sh.510500,2015-06-30,9.095,8.454,8.454,0.075822,0.075822,0.0,1.0,0,普通大幅波动
sh.510500,2015-07-01,8.362,9.095,9.095,-0.080594,-0.080594,0.0,1.0,0,普通大幅波动
sh.510500,2015-07-03,7.409,8.0,8.0,-0.073875,-0.073875,0.0,1.0,0,普通大幅波动
sh.510500,2015-07-07,6.831,7.409,7.409,-0.078013,-0.078013,0.0,1.0,0,普通大幅波动
sh.510500,2015-07-08,6.148,6.831,6.831,-0.099985,-0.099985,0.0,1.0,0,普通大幅波动
sh.510500,2015-07-09,6.763,6.148,6.148,0.100033,0.100033,0.0,1.0,0,普通大幅波动
sh.510500,2015-07-10,7.439,6.763,6.763,0.099956,0.099956,0.0,1.0,0,普通大幅波动
sh.510500,2015-07-13,8.183,7.439,7.439,0.100013,0.100013,0.0,1.0,0,普通大幅波动
sh.510500,2015-07-15,7.202,7.886,7.886,-0.086736,-0.086736,0.0,1.0,0,普通大幅波动
sh.510500,2015-07-17,8.077,7.59,7.59,0.064163,0.064163,0.0,1.0,0,普通大幅波动
sh.510500,2015-07-27,7.729,8.471,8.471,-0.087593,-0.087593,0.0,1.0,0,普通大幅波动
sh.510500,2015-08-04,8.058,7.507,7.507,0.073398,0.073398,0.0,1.0,0,普通大幅波动
sh.510500,2015-08-18,8.159,8.92,8.92,-0.085314,-0.085314,0.0,1.0,0,普通大幅波动
sh.510500,2015-08-24,6.928,7.698,7.698,-0.100026,-0.100026,0.0,1.0,0,普通大幅波动
sh.510500,2015-08-25,6.235,6.928,6.928,-0.100029,-0.100029,0.0,1.0,0,普通大幅波动
sh.510500,2015-08-28,6.891,6.5,6.5,0.060154,0.060154,0.0,1.0,0,普通大幅波动
sh.510500,2015-09-01,6.166,6.621,6.621,-0.068721,-0.068721,0.0,1.0,0,普通大幅波动
sh.510500,2015-09-14,5.998,6.559,6.559,-0.085531,-0.085531,0.0,1.0,0,普通大幅波动
sh.510500,2015-09-16,6.191,5.701,5.701,0.08595,0.08595,0.0,1.0,0,普通大幅波动
sh.510500,2015-11-04,7.512,7.05,7.05,0.065532,0.065532,0.0,1.0,0,普通大幅波动
sh.510500,2016-01-04,7.192,7.838,7.838,-0.082419,-0.082419,0.0,1.0,0,普通大幅波动
sh.510500,2016-01-07,6.622,7.272,7.272,-0.089384,-0.089384,0.0,1.0,0,普通大幅波动
sh.510500,2016-01-11,6.319,6.753,6.753,-0.064268,-0.064268,0.0,1.0,0,普通大幅波动
sh.510500,2016-01-26,5.833,6.216,6.216,-0.061615,-0.061615,0.0,1.0,0,普通大幅波动
sh.510500,2016-02-25,5.789,6.303,6.303,-0.081548,-0.081548,0.0,1.0,0,普通大幅波动
sh.510500,2016-02-29,5.48,5.841,5.841,-0.061804,-0.061804,0.0,1.0,0,普通大幅波动
sh.510500,2018-06-19,5.439,5.807,5.807,-0.063372,-0.063372,0.0,1.0,0,普通大幅波动
sh.510500,2018-10-11,4.554,4.926,4.926,-0.075518,-0.075518,0.0,1.0,0,普通大幅波动
sh.510500,2019-02-25,5.479,5.136,5.136,0.066783,0.066783,0.0,1.0,0,普通大幅波动
sh.510500,2019-05-06,5.254,5.672,5.672,-0.073695,-0.073695,0.0,1.0,0,普通大幅波动
sh.510500,2020-02-03,5.339,5.811,5.811,-0.081225,-0.081225,0.0,1.0,0,普通大幅波动
sh.510500,2022-04-25,6.025,6.446,6.446,-0.065312,-0.065312,0.0,1.0,0,普通大幅波动
sh.510500,2022-08-29,6.3,6.304,7.22,-0.127424,-0.000635,-0.12687,1.14555833,0,分红型
sh.510500,2024-02-06,4.913,4.535,4.535,0.083352,0.083352,0.0,1.0,0,普通大幅波动
sh.510500,2024-02-07,5.225,4.913,4.913,0.063505,0.063505,0.0,1.0,0,普通大幅波动
sh.510500,2024-09-27,5.493,5.061,5.061,0.085359,0.085359,0.0,1.0,0,普通大幅波动
sh.510500,2024-09-30,5.995,5.493,5.493,0.091389,0.091389,0.0,1.0,0,普通大幅波动
sh.510500,2024-10-09,5.863,6.246,6.246,-0.061319,-0.061319,0.0,1.0,0,普通大幅波动
sh.510510,2015-06-01,2.976,2.804,2.804,0.061341,0.061341,0.0,1.0,0,普通大幅波动
sh.510510,2015-06-19,2.823,3.02,3.02,-0.065232,-0.065232,0.0,1.0,0,普通大幅波动
sh.510510,2015-06-26,2.498,2.776,2.776,-0.100144,-0.100144,0.0,1.0,0,普通大幅波动
sh.510510,2015-07-01,2.312,2.498,2.498,-0.07446,-0.07446,0.0,1.0,0,普通大幅波动
sh.510510,2015-07-07,1.839,2.043,2.043,-0.099853,-0.099853,0.0,1.0,0,普通大幅波动
sh.510510,2015-07-08,1.707,1.839,1.839,-0.071778,-0.071778,0.0,1.0,0,普通大幅波动
sh.510510,2015-07-09,1.878,1.707,1.707,0.100176,0.100176,0.0,1.0,0,普通大幅波动
sh.510510,2015-07-10,2.066,1.878,1.878,0.100106,0.100106,0.0,1.0,0,普通大幅波动
sh.510510,2015-07-13,2.273,2.066,2.066,0.100194,0.100194,0.0,1.0,0,普通大幅波动
sh.510510,2015-07-15,2.009,2.199,2.199,-0.086403,-0.086403,0.0,1.0,0,普通大幅波动
sh.510510,2015-07-17,2.267,2.085,2.085,0.08729,0.08729,0.0,1.0,0,普通大幅波动
sh.510510,2015-07-27,2.089,2.302,2.302,-0.092528,-0.092528,0.0,1.0,0,普通大幅波动
sh.510510,2015-08-18,2.22,2.418,2.418,-0.081886,-0.081886,0.0,1.0,0,普通大幅波动
sh.510510,2015-08-24,1.875,2.083,2.083,-0.099856,-0.099856,0.0,1.0,0,普通大幅波动
sh.510510,2015-08-25,1.693,1.875,1.875,-0.097067,-0.097067,0.0,1.0,0,普通大幅波动
sh.510510,2015-09-01,1.664,1.781,1.781,-0.065693,-0.065693,0.0,1.0,0,普通大幅波动
sh.510510,2015-09-14,1.623,1.781,1.781,-0.088714,-0.088714,0.0,1.0,0,普通大幅波动
sh.510510,2015-09-16,1.693,1.547,1.547,0.094376,0.094376,0.0,1.0,0,普通大幅波动
sh.510510,2015-11-04,1.987,1.869,1.869,0.063135,0.063135,0.0,1.0,0,普通大幅波动
sh.510510,2015-11-27,2.0,2.147,2.147,-0.068468,-0.068468,0.0,1.0,0,普通大幅波动
sh.510510,2016-01-04,1.898,2.069,2.069,-0.082649,-0.082649,0.0,1.0,0,普通大幅波动
sh.510510,2016-01-07,1.772,1.92,1.92,-0.077083,-0.077083,0.0,1.0,0,普通大幅波动
sh.510510,2016-01-11,1.665,1.789,1.789,-0.069312,-0.069312,0.0,1.0,0,普通大幅波动
sh.510510,2016-01-26,1.525,1.642,1.642,-0.071255,-0.071255,0.0,1.0,0,普通大幅波动
sh.510510,2016-02-25,1.533,1.666,1.666,-0.079832,-0.079832,0.0,1.0,0,普通大幅波动
sh.510510,2018-06-19,1.438,1.533,1.533,-0.06197,-0.06197,0.0,1.0,0,普通大幅波动
sh.510510,2018-10-11,1.215,1.304,1.304,-0.068252,-0.068252,0.0,1.0,0,普通大幅波动
sh.510510,2019-05-06,1.392,1.505,1.505,-0.075083,-0.075083,0.0,1.0,0,普通大幅波动
sh.510510,2020-02-03,1.406,1.54,1.54,-0.087013,-0.087013,0.0,1.0,0,普通大幅波动
sh.510510,2022-04-25,1.605,1.711,1.711,-0.061952,-0.061952,0.0,1.0,0,普通大幅波动
sh.510510,2024-02-06,1.481,1.384,1.384,0.070087,0.070087,0.0,1.0,0,普通大幅波动
sh.510510,2024-02-07,1.576,1.481,1.481,0.064146,0.064146,0.0,1.0,0,普通大幅波动
sh.510510,2024-09-27,1.689,1.551,1.551,0.088975,0.088975,0.0,1.0,0,普通大幅波动
sh.510510,2024-09-30,1.858,1.689,1.689,0.100059,0.100059,0.0,1.0,0,普通大幅波动
sh.510510,2024-10-09,1.804,1.943,1.943,-0.071539,-0.071539,0.0,1.0,0,普通大幅波动
sh.510520,2015-03-13,1.67,1.546,1.546,0.080207,0.080207,0.0,1.0,0,普通大幅波动
sh.510520,2015-03-16,1.79,1.67,1.67,0.071856,0.071856,0.0,1.0,0,普通大幅波动
sh.510520,2015-06-19,2.342,2.521,2.521,-0.071004,-0.071004,0.0,1.0,0,普通大幅波动
sh.510520,2015-06-26,2.148,2.387,2.387,-0.100126,-0.100126,0.0,1.0,0,普通大幅波动
sh.510520,2015-06-29,1.996,2.148,2.148,-0.070764,-0.070764,0.0,1.0,0,普通大幅波动
sh.510520,2015-06-30,2.142,1.996,1.996,0.073146,0.073146,0.0,1.0,0,普通大幅波动
sh.510520,2015-07-01,2.01,2.142,2.142,-0.061625,-0.061625,0.0,1.0,0,普通大幅波动
sh.510520,2015-07-06,1.671,1.827,1.827,-0.085386,-0.085386,0.0,1.0,0,普通大幅波动
sh.510520,2015-07-08,1.421,1.577,1.577,-0.098922,-0.098922,0.0,1.0,0,普通大幅波动
sh.510520,2015-07-09,1.563,1.421,1.421,0.09993,0.09993,0.0,1.0,0,普通大幅波动
sh.510520,2015-07-10,1.719,1.563,1.563,0.099808,0.099808,0.0,1.0,0,普通大幅波动
sh.510520,2015-07-13,1.891,1.719,1.719,0.100058,0.100058,0.0,1.0,0,普通大幅波动
sh.510520,2015-07-15,1.736,1.857,1.857,-0.065159,-0.065159,0.0,1.0,0,普通大幅波动
sh.510520,2015-07-17,1.888,1.769,1.769,0.06727,0.06727,0.0,1.0,0,普通大幅波动
sh.510520,2015-07-27,1.765,1.96,1.96,-0.09949,-0.09949,0.0,1.0,0,普通大幅波动
sh.510520,2015-08-04,1.813,1.675,1.675,0.082388,0.082388,0.0,1.0,0,普通大幅波动
sh.510520,2015-08-24,1.675,1.861,1.861,-0.099946,-0.099946,0.0,1.0,0,普通大幅波动
sh.510520,2015-08-25,1.511,1.675,1.675,-0.09791,-0.09791,0.0,1.0,0,普通大幅波动
sh.510520,2015-09-09,1.636,1.524,1.524,0.073491,0.073491,0.0,1.0,0,普通大幅波动
sh.510520,2015-09-15,1.46,1.587,1.587,-0.080025,-0.080025,0.0,1.0,0,普通大幅波动
sh.510520,2015-09-16,1.563,1.46,1.46,0.070548,0.070548,0.0,1.0,0,普通大幅波动
sh.510520,2015-09-21,1.538,1.424,1.424,0.080056,0.080056,0.0,1.0,0,普通大幅波动
sh.510520,2015-10-12,1.624,1.506,1.506,0.078353,0.078353,0.0,1.0,0,普通大幅波动
sh.510520,2015-11-27,1.851,1.993,1.993,-0.071249,-0.071249,0.0,1.0,0,普通大幅波动
sh.510520,2015-12-14,1.976,1.847,1.847,0.069843,0.069843,0.0,1.0,0,普通大幅波动
sh.510520,2016-01-08,1.78,1.9,1.9,-0.063158,-0.063158,0.0,1.0,1,停牌复牌型
sh.510520,2016-01-21,1.5,1.596,1.596,-0.06015,-0.06015,0.0,1.0,0,普通大幅波动
sh.510520,2016-01-28,1.419,1.53,1.53,-0.072549,-0.072549,0.0,1.0,0,普通大幅波动
sh.510520,2016-02-05,1.589,1.448,1.448,0.097376,0.097376,0.0,1.0,0,普通大幅波动
sh.510520,2016-02-16,1.74,1.59,1.59,0.09434,0.09434,0.0,1.0,0,普通大幅波动
sh.510520,2016-02-17,1.589,1.74,1.74,-0.086782,-0.086782,0.0,1.0,0,普通大幅波动
sh.510520,2016-04-11,1.7,1.57,1.57,0.082803,0.082803,0.0,1.0,0,普通大幅波动
sh.510520,2016-04-13,1.799,1.685,1.685,0.067656,0.067656,0.0,1.0,0,普通大幅波动
sh.510520,2016-04-20,1.557,1.664,1.664,-0.064303,-0.064303,0.0,1.0,0,普通大幅波动
sh.510520,2017-02-27,1.949,1.82,1.82,0.070879,0.070879,0.0,1.0,0,普通大幅波动
sh.510520,2017-05-09,1.84,1.684,1.684,0.092637,0.092637,0.0,1.0,0,普通大幅波动
sh.510520,2017-05-10,1.72,1.84,1.84,-0.065217,-0.065217,0.0,1.0,0,普通大幅波动
sh.510520,2017-05-25,1.743,1.632,1.632,0.068015,0.068015,0.0,1.0,1,停牌复牌型
sh.510520,2018-07-05,1.308,1.393,1.393,-0.061019,-0.061019,0.0,1.0,1,停牌复牌型
sh.510520,2018-10-08,1.38,1.296,1.296,0.064815,0.064815,0.0,1.0,0,普通大幅波动
sh.510520,2018-10-15,1.264,1.349,1.349,-0.06301,-0.06301,0.0,1.0,0,普通大幅波动
sh.510520,2018-10-18,1.295,1.218,1.218,0.063218,0.063218,0.0,1.0,1,停牌复牌型
sh.510520,2018-10-31,1.198,1.298,1.298,-0.077042,-0.077042,0.0,1.0,2,停牌复牌型
sh.510520,2019-01-09,1.14,1.229,1.229,-0.072417,-0.072417,0.0,1.0,0,普通大幅波动
sh.510520,2019-01-15,1.228,1.145,1.145,0.072489,0.072489,0.0,1.0,0,普通大幅波动
sh.510520,2019-01-17,1.145,1.228,1.228,-0.06759,-0.06759,0.0,1.0,1,停牌复牌型
sh.510520,2019-05-21,1.36,1.248,1.248,0.089744,0.089744,0.0,1.0,0,普通大幅波动
sh.510520,2019-05-27,1.241,1.36,1.36,-0.0875,-0.0875,0.0,1.0,3,停牌复牌型
sh.510530,2020-02-03,4.835,5.372,5.372,-0.099963,-0.099963,0.0,1.0,0,普通大幅波动
sh.510530,2022-03-15,6.013,6.397,6.397,-0.060028,-0.060028,0.0,1.0,0,普通大幅波动
sh.510530,2022-04-25,5.423,5.799,5.799,-0.064839,-0.064839,0.0,1.0,0,普通大幅波动
sh.510530,2024-02-06,5.046,4.673,4.673,0.07982,0.07982,0.0,1.0,0,普通大幅波动
sh.510530,2024-09-27,5.578,5.221,5.221,0.068378,0.068378,0.0,1.0,0,普通大幅波动
sh.510530,2024-09-30,6.136,5.578,5.578,0.100036,0.100036,0.0,1.0,0,普通大幅波动
sh.510530,2024-10-08,6.606,6.136,6.136,0.076597,0.076597,0.0,1.0,0,普通大幅波动
sh.510530,2024-10-09,6.1,6.606,6.606,-0.076597,-0.076597,0.0,1.0,0,普通大幅波动
sh.510550,2019-05-06,1.129,1.218,1.218,-0.073071,-0.073071,0.0,1.0,0,普通大幅波动
sh.510550,2020-02-03,1.144,1.271,1.271,-0.099921,-0.099921,0.0,1.0,0,普通大幅波动
sh.510550,2022-03-15,1.453,1.569,1.569,-0.073932,-0.073932,0.0,1.0,0,普通大幅波动
sh.510550,2022-04-25,1.328,1.417,1.417,-0.062809,-0.062809,0.0,1.0,0,普通大幅波动
sh.510550,2024-02-06,1.209,1.121,1.121,0.078501,0.078501,0.0,1.0,0,普通大幅波动
sh.510550,2024-02-07,1.319,1.209,1.209,0.090984,0.090984,0.0,1.0,0,普通大幅波动
sh.510550,2024-09-27,1.359,1.245,1.245,0.091566,0.091566,0.0,1.0,0,普通大幅波动
sh.510550,2024-09-30,1.495,1.359,1.359,0.100074,0.100074,0.0,1.0,0,普通大幅波动
sh.510550,2024-10-09,1.45,1.576,1.576,-0.079949,-0.079949,0.0,1.0,0,普通大幅波动
sh.510560,2015-07-03,1.469,1.574,,,-0.066709,,,,普通大幅波动
sh.510560,2015-07-07,1.263,1.4,1.4,-0.097857,-0.097857,0.0,1.0,0,普通大幅波动
sh.510560,2015-07-08,1.137,1.263,1.263,-0.099762,-0.099762,0.0,1.0,0,普通大幅波动
sh.510560,2015-07-09,1.251,1.137,1.137,0.100264,0.100264,0.0,1.0,0,普通大幅波动
sh.510560,2015-07-10,1.376,1.251,1.251,0.09992,0.09992,0.0,1.0,0,普通大幅波动
sh.510560,2015-07-13,1.514,1.376,1.376,0.100291,0.100291,0.0,1.0,0,普通大幅波动
sh.510560,2015-07-15,1.438,1.587,1.587,-0.093888,-0.093888,0.0,1.0,0,普通大幅波动
sh.510560,2015-08-10,1.699,1.586,1.586,0.071248,0.071248,0.0,1.0,0,普通大幅波动
sh.510560,2015-08-24,1.38,1.533,1.533,-0.099804,-0.099804,0.0,1.0,0,普通大幅波动
sh.510560,2015-08-25,1.242,1.38,1.38,-0.1,-0.1,0.0,1.0,0,普通大幅波动
sh.510560,2015-08-26,1.348,1.242,1.242,0.085346,0.085346,0.0,1.0,0,普通大幅波动
sh.510560,2015-09-01,1.25,1.333,1.333,-0.062266,-0.062266,0.0,1.0,0,普通大幅波动
sh.510560,2015-09-15,1.141,1.261,1.261,-0.095163,-0.095163,0.0,1.0,0,普通大幅波动
sh.510560,2015-09-16,1.247,1.141,1.141,0.092901,0.092901,0.0,1.0,0,普通大幅波动
sh.510560,2015-11-30,1.448,1.553,1.553,-0.067611,-0.067611,0.0,1.0,0,普通大幅波动
sh.510560,2016-01-05,1.382,1.51,1.51,-0.084768,-0.084768,0.0,1.0,0,普通大幅波动
sh.510560,2016-01-15,1.207,1.311,1.311,-0.079329,-0.079329,0.0,1.0,0,普通大幅波动
sh.510560,2016-01-28,1.114,1.2,1.2,-0.071667,-0.071667,0.0,1.0,0,普通大幅波动
sh.510560,2016-06-27,1.248,1.172,1.172,0.064846,0.064846,0.0,1.0,0,普通大幅波动
sh.510560,2016-09-28,1.393,1.272,1.272,0.095126,0.095126,0.0,1.0,0,普通大幅波动
sh.510560,2016-12-20,1.392,1.309,1.309,0.063407,0.063407,0.0,1.0,1,停牌复牌型
sh.510560,2017-05-26,1.25,1.168,1.168,0.070205,0.070205,0.0,1.0,0,普通大幅波动
sh.510560,2017-06-15,1.35,1.23,1.23,0.097561,0.097561,0.0,1.0,0,普通大幅波动
sh.510560,2017-06-20,1.524,1.388,1.388,0.097983,0.097983,0.0,1.0,0,普通大幅波动
sh.510560,2017-06-23,1.335,1.473,1.473,-0.093686,-0.093686,0.0,1.0,0,普通大幅波动
sh.510560,2017-06-30,1.289,1.377,1.377,-0.063907,-0.063907,0.0,1.0,0,普通大幅波动
sh.510560,2017-10-09,1.472,1.362,1.362,0.080764,0.080764,0.0,1.0,1,停牌复牌型
sh.510560,2018-03-09,1.39,1.281,1.281,0.08509,0.08509,0.0,1.0,0,普通大幅波动
sh.510560,2018-07-20,1.177,1.082,1.082,0.0878,0.0878,0.0,1.0,0,普通大幅波动
sh.510560,2019-02-18,1.06,0.964,0.964,0.099585,0.099585,0.0,1.0,0,普通大幅波动
sh.510560,2019-05-06,1.054,1.134,1.134,-0.070547,-0.070547,0.0,1.0,0,普通大幅波动
sh.510560,2020-02-03,1.066,1.184,1.184,-0.099662,-0.099662,0.0,1.0,0,普通大幅波动
sh.510560,2020-02-28,1.16,1.236,1.236,-0.061489,-0.061489,0.0,1.0,0,普通大幅波动
sh.510560,2020-07-16,1.358,1.456,1.456,-0.067308,-0.067308,0.0,1.0,0,普通大幅波动
sh.510560,2022-04-25,1.18,1.259,1.259,-0.062748,-0.062748,0.0,1.0,0,普通大幅波动
sh.510560,2023-12-28,1.274,1.197,1.197,0.064327,0.064327,0.0,1.0,0,普通大幅波动
sh.510560,2024-02-07,1.156,1.088,1.088,0.0625,0.0625,0.0,1.0,0,普通大幅波动
sh.510560,2024-09-27,1.235,1.141,1.141,0.082384,0.082384,0.0,1.0,0,普通大幅波动
sh.510560,2024-09-30,1.355,1.235,1.235,0.097166,0.097166,0.0,1.0,0,普通大幅波动
sh.510570,2022-01-28,1.06,0.98,0.98,0.081633,0.081633,0.0,1.0,0,普通大幅波动
sh.510570,2022-04-25,0.858,0.952,0.952,-0.098739,-0.098739,0.0,1.0,0,普通大幅波动
sh.510570,2022-04-26,0.782,0.858,0.858,-0.088578,-0.088578,0.0,1.0,0,普通大幅波动
sh.510570,2022-06-16,0.95,0.894,0.894,0.06264,0.06264,0.0,1.0,0,普通大幅波动
sh.510570,2024-02-06,0.755,0.704,0.704,0.072443,0.072443,0.0,1.0,0,普通大幅波动
sh.510570,2024-02-07,0.829,0.755,0.755,0.098013,0.098013,0.0,1.0,0,普通大幅波动
sh.510570,2024-09-27,0.855,0.778,0.778,0.098972,0.098972,0.0,1.0,0,普通大幅波动
sh.510570,2024-09-30,0.924,0.855,0.855,0.080702,0.080702,0.0,1.0,0,普通大幅波动
sh.510570,2024-10-08,1.015,0.924,0.924,0.098485,0.098485,0.0,1.0,0,普通大幅波动
sh.510570,2024-10-09,0.914,1.015,1.015,-0.099507,-0.099507,0.0,1.0,0,普通大幅波动
sh.510580,2015-09-14,5.855,6.505,,,-0.099923,,,,普通大幅波动
sh.510580,2015-09-16,5.985,5.505,5.505,0.087193,0.087193,0.0,1.0,0,普通大幅波动
sh.510580,2016-01-08,6.978,7.438,7.438,-0.061845,-0.061845,0.0,1.0,1,停牌复牌型
sh.510580,2016-01-13,6.449,6.948,6.948,-0.071819,-0.071819,0.0,1.0,1,停牌复牌型
sh.510580,2016-01-26,6.3,6.798,6.798,-0.073257,-0.073257,0.0,1.0,0,普通大幅波动
sh.510580,2016-01-27,5.799,6.3,6.3,-0.079524,-0.079524,0.0,1.0,0,普通大幅波动
sh.510580,2016-07-06,6.787,6.313,6.313,0.075083,0.075083,0.0,1.0,0,普通大幅波动
sh.510580,2016-08-02,6.687,6.18,6.18,0.082039,0.082039,0.0,1.0,0,普通大幅波动
sh.510580,2016-12-13,6.989,6.445,6.445,0.084407,0.084407,0.0,1.0,0,普通大幅波动
sh.510580,2016-12-19,6.999,6.6,6.6,0.060455,0.060455,0.0,1.0,0,普通大幅波动
sh.510580,2016-12-21,6.505,6.999,6.999,-0.070582,-0.070582,0.0,1.0,1,停牌复牌型
sh.510580,2016-12-23,6.935,6.505,6.505,0.066103,0.066103,0.0,1.0,1,停牌复牌型
sh.510580,2016-12-28,6.999,6.55,6.55,0.06855,0.06855,0.0,1.0,0,普通大幅波动
sh.510580,2017-01-03,6.5,6.972,6.972,-0.067699,-0.067699,0.0,1.0,0,普通大幅波动
sh.510580,2017-01-16,6.629,7.366,7.366,-0.100054,-0.100054,0.0,1.0,0,普通大幅波动
sh.510580,2017-01-20,6.96,6.348,6.348,0.096408,0.096408,0.0,1.0,0,普通大幅波动
sh.510580,2017-01-26,6.424,6.853,6.853,-0.0626,-0.0626,0.0,1.0,0,普通大幅波动
sh.510580,2017-02-03,7.053,6.424,6.424,0.097914,0.097914,0.0,1.0,0,普通大幅波动
sh.510580,2017-11-09,6.54,6.988,6.988,-0.06411,-0.06411,0.0,1.0,0,普通大幅波动
sh.510580,2018-07-09,5.539,5.1,5.1,0.086078,0.086078,0.0,1.0,0,普通大幅波动
sh.510580,2018-10-25,4.39,4.679,4.679,-0.061765,-0.061765,0.0,1.0,0,普通大幅波动
sh.510580,2019-02-25,5.18,4.8,4.8,0.079167,0.079167,0.0,1.0,0,普通大幅波动
sh.510580,2019-04-03,6.185,5.83,5.83,0.060892,0.060892,0.0,1.0,0,普通大幅波动
sh.510580,2019-05-06,4.999,5.374,5.374,-0.06978,-0.06978,0.0,1.0,0,普通大幅波动
sh.510580,2020-02-03,5.008,5.546,5.546,-0.097007,-0.097007,0.0,1.0,0,普通大幅波动
sh.510580,2021-07-19,0.787,0.791,7.913,-0.900543,-0.005057,-0.900038,10.0038,1,拆分合并型
sh.510580,2024-02-06,0.589,0.545,0.545,0.080734,0.080734,0.0,1.0,0,普通大幅波动
sh.510580,2024-09-02,2.278,2.323,0.576,2.954861,-0.019372,3.032986,0.24795578,0,拆分合并型
sh.510580,2024-09-27,2.652,2.495,2.495,0.062926,0.062926,0.0,1.0,0,普通大幅波动
sh.510580,2024-09-30,2.917,2.652,2.652,0.099925,0.099925,0.0,1.0,0,普通大幅波动
sh.510580,2024-10-08,3.172,2.917,2.917,0.087419,0.087419,0.0,1.0,0,普通大幅波动
sh.510580,2024-10-09,2.895,3.172,3.172,-0.087327,-0.087327,0.0,1.0,0,普通大幅波动
sh.510590,2018-06-19,5.16,5.526,5.526,-0.066232,-0.066232,0.0,1.0,0,普通大幅波动
sh.510590,2018-10-11,4.351,4.707,4.707,-0.075632,-0.075632,0.0,1.0,0,普通大幅波动
sh.510590,2019-02-25,5.202,4.877,4.877,0.066639,0.066639,0.0,1.0,0,普通大幅波动
sh.510590,2019-05-06,5.002,5.399,5.399,-0.073532,-0.073532,0.0,1.0,0,普通大幅波动
sh.510590,2020-02-03,4.987,5.541,5.541,-0.099982,-0.099982,0.0,1.0,0,普通大幅波动
sh.510590,2021-11-08,7.048,7.026,7.726,-0.087756,0.003131,-0.090603,1.0996,0,分红型
sh.510590,2022-04-25,5.425,5.79,5.79,-0.06304,-0.06304,0.0,1.0,0,普通大幅波动
sh.510590,2024-02-06,5.021,4.677,4.677,0.073551,0.073551,0.0,1.0,0,普通大幅波动
sh.510590,2024-09-27,5.46,5.143,5.143,0.061637,0.061637,0.0,1.0,0,普通大幅波动
sh.510590,2024-09-30,6.006,5.46,5.46,0.1,0.1,0.0,1.0,0,普通大幅波动
sh.510590,2024-10-08,6.599,6.006,6.006,0.098735,0.098735,0.0,1.0,0,普通大幅波动
sh.510590,2024-10-09,6.0,6.599,6.599,-0.090771,-0.090771,0.0,1.0,0,普通大幅波动
sh.510600,2019-02-25,2.78,2.585,2.585,0.075435,0.075435,0.0,1.0,0,普通大幅波动
sh.510600,2020-02-03,2.808,3.076,3.076,-0.087126,-0.087126,0.0,1.0,0,普通大幅波动
sh.510600,2020-07-06,3.767,3.427,3.427,0.099212,0.099212,0.0,1.0,0,普通大幅波动
sh.510600,2024-09-30,3.68,3.348,3.348,0.099164,0.099164,0.0,1.0,0,普通大幅波动
sh.510600,2024-10-09,3.414,3.75,3.75,-0.0896,-0.0896,0.0,1.0,0,普通大幅波动
sh.510610,2015-01-05,1.08,0.982,,,0.099796,,,,普通大幅波动
sh.510610,2015-01-19,0.953,1.027,1.027,-0.072055,-0.072055,0.0,1.0,0,普通大幅波动
sh.510610,2015-04-27,1.37,1.265,1.265,0.083004,0.083004,0.0,1.0,0,普通大幅波动
sh.510610,2015-05-28,1.247,1.353,1.353,-0.078344,-0.078344,0.0,1.0,0,普通大幅波动
sh.510610,2015-06-01,1.311,1.212,1.212,0.081683,0.081683,0.0,1.0,0,普通大幅波动
sh.510610,2015-06-19,1.292,1.381,1.381,-0.064446,-0.064446,0.0,1.0,0,普通大幅波动
sh.510610,2015-06-26,1.238,1.35,1.35,-0.082963,-0.082963,0.0,1.0,0,普通大幅波动
sh.510610,2015-07-01,1.219,1.297,1.297,-0.060139,-0.060139,0.0,1.0,0,普通大幅波动
sh.510610,2015-07-03,1.076,1.149,1.149,-0.063534,-0.063534,0.0,1.0,0,普通大幅波动
sh.510610,2015-07-07,1.022,1.111,1.111,-0.080108,-0.080108,0.0,1.0,0,普通大幅波动
sh.510610,2015-07-08,0.92,1.022,1.022,-0.099804,-0.099804,0.0,1.0,0,普通大幅波动
sh.510610,2015-07-09,1.012,0.92,0.92,0.1,0.1,0.0,1.0,0,普通大幅波动
sh.510610,2015-07-10,1.113,1.012,1.012,0.099802,0.099802,0.0,1.0,0,普通大幅波动
sh.510610,2015-07-27,1.046,1.156,1.156,-0.095156,-0.095156,0.0,1.0,0,普通大幅波动
sh.510610,2015-08-24,0.897,0.992,0.992,-0.095766,-0.095766,0.0,1.0,0,普通大幅波动
sh.510610,2015-08-25,0.816,0.897,0.897,-0.090301,-0.090301,0.0,1.0,0,普通大幅波动
sh.510610,2015-08-28,0.888,0.831,0.831,0.068592,0.068592,0.0,1.0,0,普通大幅波动
sh.510610,2016-01-06,0.884,0.817,0.817,0.082007,0.082007,0.0,1.0,0,普通大幅波动
sh.510610,2016-01-07,0.8,0.884,0.884,-0.095023,-0.095023,0.0,1.0,0,普通大幅波动
sh.510610,2016-01-08,0.864,0.8,0.8,0.08,0.08,0.0,1.0,0,普通大幅波动
sh.510610,2016-01-11,0.81,0.864,0.864,-0.0625,-0.0625,0.0,1.0,0,普通大幅波动
sh.510610,2016-01-26,0.721,0.779,0.779,-0.074454,-0.074454,0.0,1.0,0,普通大幅波动
sh.510620,2015-01-05,1.23,1.158,,,0.062176,,,,普通大幅波动
sh.510620,2015-05-28,1.718,1.835,1.835,-0.06376,-0.06376,0.0,1.0,0,普通大幅波动
sh.510620,2015-06-01,1.82,1.711,1.711,0.063705,0.063705,0.0,1.0,0,普通大幅波动
sh.510620,2015-06-19,1.695,1.832,1.832,-0.074782,-0.074782,0.0,1.0,0,普通大幅波动
sh.510620,2015-06-26,1.539,1.71,1.71,-0.1,-0.1,0.0,1.0,0,普通大幅波动
sh.510620,2015-06-29,1.43,1.539,1.539,-0.070825,-0.070825,0.0,1.0,0,普通大幅波动
sh.510620,2015-06-30,1.535,1.43,1.43,0.073427,0.073427,0.0,1.0,0,普通大幅波动
sh.510620,2015-07-03,1.268,1.378,1.378,-0.079826,-0.079826,0.0,1.0,0,普通大幅波动
sh.510620,2015-07-06,1.377,1.268,1.268,0.085962,0.085962,0.0,1.0,0,普通大幅波动
sh.510620,2015-07-07,1.239,1.377,1.377,-0.100218,-0.100218,0.0,1.0,0,普通大幅波动
sh.510620,2015-07-08,1.115,1.239,1.239,-0.100081,-0.100081,0.0,1.0,0,普通大幅波动
sh.510620,2015-07-09,1.227,1.115,1.115,0.100448,0.100448,0.0,1.0,0,普通大幅波动
sh.510620,2015-07-10,1.35,1.227,1.227,0.100244,0.100244,0.0,1.0,0,普通大幅波动
sh.510620,2015-07-15,1.25,1.355,1.355,-0.077491,-0.077491,0.0,1.0,0,普通大幅波动
sh.510620,2015-07-27,1.246,1.384,1.384,-0.099711,-0.099711,0.0,1.0,0,普通大幅波动
sh.510620,2015-08-04,1.304,1.225,1.225,0.06449,0.06449,0.0,1.0,0,普通大幅波动
sh.510620,2015-08-10,1.38,1.3,1.3,0.061538,0.061538,0.0,1.0,0,普通大幅波动
sh.510620,2015-08-18,1.33,1.43,1.43,-0.06993,-0.06993,0.0,1.0,0,普通大幅波动
sh.510620,2015-08-21,1.257,1.367,1.367,-0.080468,-0.080468,0.0,1.0,0,普通大幅波动
sh.510620,2015-08-24,1.141,1.257,1.257,-0.092283,-0.092283,0.0,1.0,0,普通大幅波动
sh.510620,2015-08-25,1.028,1.141,1.141,-0.099036,-0.099036,0.0,1.0,0,普通大幅波动
sh.510620,2015-09-15,1.0,1.072,1.072,-0.067164,-0.067164,0.0,1.0,0,普通大幅波动
sh.510620,2016-01-06,1.13,1.064,1.064,0.06203,0.06203,0.0,1.0,0,普通大幅波动
sh.510620,2016-02-02,0.936,0.998,0.998,-0.062124,-0.062124,0.0,1.0,0,普通大幅波动
sh.510620,2016-02-16,0.97,0.915,0.915,0.060109,0.060109,0.0,1.0,0,普通大幅波动
sh.510620,2016-02-29,0.906,0.97,0.97,-0.065979,-0.065979,0.0,1.0,0,普通大幅波动
sh.510620,2016-03-02,1.02,0.944,0.944,0.080508,0.080508,0.0,1.0,0,普通大幅波动
sh.510630,2015-06-01,1.974,1.858,1.858,0.062433,0.062433,0.0,1.0,0,普通大幅波动
sh.510630,2015-06-19,1.866,1.996,1.996,-0.06513,-0.06513,0.0,1.0,0,普通大幅波动
sh.510630,2015-06-29,1.7,1.87,1.87,-0.090909,-0.090909,0.0,1.0,0,普通大幅波动
sh.510630,2015-06-30,1.812,1.7,1.7,0.065882,0.065882,0.0,1.0,0,普通大幅波动
sh.510630,2015-07-02,1.604,1.745,1.745,-0.080802,-0.080802,0.0,1.0,0,普通大幅波动
sh.510630,2015-07-07,1.5,1.615,1.615,-0.071207,-0.071207,0.0,1.0,0,普通大幅波动
sh.510630,2015-07-08,1.35,1.5,1.5,-0.1,-0.1,0.0,1.0,0,普通大幅波动
sh.510630,2015-07-09,1.485,1.35,1.35,0.1,0.1,0.0,1.0,0,普通大幅波动
sh.510630,2015-07-10,1.634,1.485,1.485,0.100337,0.100337,0.0,1.0,0,普通大幅波动
sh.510630,2015-07-13,1.747,1.634,1.634,0.069155,0.069155,0.0,1.0,0,普通大幅波动
sh.510630,2015-07-15,1.58,1.69,1.69,-0.065089,-0.065089,0.0,1.0,0,普通大幅波动
sh.510630,2015-07-27,1.572,1.74,1.74,-0.096552,-0.096552,0.0,1.0,0,普通大幅波动
sh.510630,2015-08-24,1.449,1.61,1.61,-0.1,-0.1,0.0,1.0,0,普通大幅波动
sh.510630,2015-08-25,1.305,1.449,1.449,-0.099379,-0.099379,0.0,1.0,0,普通大幅波动
sh.510630,2015-08-26,1.389,1.305,1.305,0.064368,0.064368,0.0,1.0,0,普通大幅波动
sh.510630,2015-09-16,1.466,1.374,1.374,0.066958,0.066958,0.0,1.0,0,普通大幅波动
sh.510630,2016-01-04,1.458,1.579,1.579,-0.076631,-0.076631,0.0,1.0,0,普通大幅波动
sh.510630,2016-02-25,1.255,1.34,1.34,-0.063433,-0.063433,0.0,1.0,0,普通大幅波动
sh.510630,2017-11-23,2.201,2.349,2.349,-0.063006,-0.063006,0.0,1.0,0,普通大幅波动
sh.510630,2018-10-29,1.757,1.904,1.904,-0.077206,-0.077206,0.0,1.0,0,普通大幅波动
sh.510630,2020-02-03,2.625,2.902,2.902,-0.095451,-0.095451,0.0,1.0,0,普通大幅波动
sh.510630,2020-07-16,4.321,4.667,4.667,-0.074138,-0.074138,0.0,1.0,0,普通大幅波动
sh.510630,2021-04-26,1.402,1.433,5.659,-0.752253,-0.021633,-0.746775,3.9491,1,拆分合并型
sh.510630,2022-11-01,1.02,0.96,0.96,0.0625,0.0625,0.0,1.0,0,普通大幅波动
sh.510630,2024-09-24,0.82,0.77,0.77,0.064935,0.064935,0.0,1.0,0,普通大幅波动
sh.510630,2024-09-26,0.902,0.82,0.82,0.1,0.1,0.0,1.0,0,普通大幅波动
sh.510630,2024-09-27,0.992,0.902,0.902,0.099778,0.099778,0.0,1.0,0,普通大幅波动
sh.510630,2024-09-30,1.091,0.992,0.992,0.099798,0.099798,0.0,1.0,0,普通大幅波动
sh.510630,2024-10-09,0.962,1.065,1.065,-0.096714,-0.096714,0.0,1.0,0,普通大幅波动
sh.510630,2024-11-07,1.049,0.978,0.978,0.072597,0.072597,0.0,1.0,0,普通大幅波动
sh.510650,2015-01-19,1.52,1.689,1.689,-0.100059,-0.100059,0.0,1.0,0,普通大幅波动
sh.510650,2015-01-21,1.608,1.507,1.507,0.067021,0.067021,0.0,1.0,0,普通大幅波动
sh.510650,2015-05-28,1.796,1.931,1.931,-0.069912,-0.069912,0.0,1.0,0,普通大幅波动
sh.510650,2015-06-26,1.64,1.772,1.772,-0.074492,-0.074492,0.0,1.0,0,普通大幅波动
sh.510650,2015-06-30,1.732,1.621,1.621,0.068476,0.068476,0.0,1.0,0,普通大幅波动
sh.510650,2015-07-06,1.715,1.603,1.603,0.069869,0.069869,0.0,1.0,0,普通大幅波动
sh.510650,2015-07-08,1.603,1.781,1.781,-0.099944,-0.099944,0.0,1.0,0,普通大幅波动
sh.510650,2015-07-09,1.738,1.603,1.603,0.084217,0.084217,0.0,1.0,0,普通大幅波动
sh.510650,2015-07-27,1.51,1.653,1.653,-0.086509,-0.086509,0.0,1.0,0,普通大幅波动
sh.510650,2015-08-24,1.225,1.361,1.361,-0.099927,-0.099927,0.0,1.0,0,普通大幅波动
sh.510650,2015-08-25,1.111,1.225,1.225,-0.093061,-0.093061,0.0,1.0,0,普通大幅波动
sh.510650,2015-08-26,1.19,1.111,1.111,0.071107,0.071107,0.0,1.0,0,普通大幅波动
sh.510650,2015-08-27,1.302,1.19,1.19,0.094118,0.094118,0.0,1.0,0,普通大幅波动
sh.510650,2015-12-02,1.585,1.467,1.467,0.080436,0.080436,0.0,1.0,0,普通大幅波动
sh.510650,2018-07-09,1.65,1.526,1.526,0.081258,0.081258,0.0,1.0,0,普通大幅波动
sh.510650,2019-02-25,1.947,1.77,1.77,0.1,0.1,0.0,1.0,0,普通大幅波动
sh.510650,2019-07-02,1.87,1.995,1.995,-0.062657,-0.062657,0.0,1.0,0,普通大幅波动
sh.510650,2020-02-03,1.81,1.963,1.963,-0.077942,-0.077942,0.0,1.0,0,普通大幅波动
sh.510650,2020-07-06,2.198,1.998,1.998,0.1001,0.1001,0.0,1.0,0,普通大幅波动
sh.510650,2022-11-11,1.865,1.749,1.749,0.066324,0.066324,0.0,1.0,0,普通大幅波动
sh.510650,2024-09-30,2.68,2.436,2.436,0.100164,0.100164,0.0,1.0,0,普通大幅波动
sh.510650,2024-10-08,2.861,2.68,2.68,0.067537,0.067537,0.0,1.0,0,普通大幅波动
sh.510650,2024-10-09,2.575,2.861,2.861,-0.099965,-0.099965,0.0,1.0,0,普通大幅波动
sh.510660,2015-06-26,1.713,1.899,1.899,-0.097946,-0.097946,0.0,1.0,0,普通大幅波动
sh.510660,2015-06-30,1.806,1.643,1.643,0.099209,0.099209,0.0,1.0,0,普通大幅波动
sh.510660,2015-07-03,1.516,1.646,1.646,-0.078979,-0.078979,0.0,1.0,0,普通大幅波动
sh.510660,2015-07-07,1.434,1.593,1.593,-0.099812,-0.099812,0.0,1.0,0,普通大幅波动
sh.510660,2015-07-08,1.291,1.434,1.434,-0.099721,-0.099721,0.0,1.0,0,普通大幅波动
sh.510660,2015-07-09,1.42,1.291,1.291,0.099923,0.099923,0.0,1.0,0,普通大幅波动
sh.510660,2015-07-10,1.562,1.42,1.42,0.1,0.1,0.0,1.0,0,普通大幅波动
sh.510660,2015-07-13,1.718,1.562,1.562,0.099872,0.099872,0.0,1.0,0,普通大幅波动
sh.510660,2015-07-15,1.56,1.708,1.708,-0.086651,-0.086651,0.0,1.0,0,普通大幅波动
sh.510660,2015-07-17,1.702,1.603,1.603,0.061759,0.061759,0.0,1.0,0,普通大幅波动
sh.510660,2015-07-27,1.554,1.714,1.714,-0.093349,-0.093349,0.0,1.0,0,普通大幅波动
sh.510660,2015-08-24,1.427,1.585,1.585,-0.099685,-0.099685,0.0,1.0,0,普通大幅波动
sh.510660,2015-08-25,1.284,1.427,1.427,-0.10021,-0.10021,0.0,1.0,0,普通大幅波动
sh.510660,2015-08-27,1.393,1.305,1.305,0.067433,0.067433,0.0,1.0,0,普通大幅波动
sh.510660,2015-09-16,1.405,1.315,1.315,0.068441,0.068441,0.0,1.0,0,普通大幅波动
sh.510660,2016-01-04,1.564,1.702,1.702,-0.081081,-0.081081,0.0,1.0,0,普通大幅波动
sh.510660,2016-01-11,1.386,1.48,1.48,-0.063514,-0.063514,0.0,1.0,0,普通大幅波动
sh.510660,2016-02-25,1.292,1.38,1.38,-0.063768,-0.063768,0.0,1.0,0,普通大幅波动
sh.510660,2019-05-06,1.675,1.786,1.786,-0.06215,-0.06215,0.0,1.0,0,普通大幅波动
sh.510660,2019-10-14,2.019,1.885,1.885,0.071088,0.071088,0.0,1.0,0,普通大幅波动
sh.510660,2020-02-05,2.129,2.002,2.002,0.063437,0.063437,0.0,1.0,0,普通大幅波动
sh.510660,2020-07-16,2.786,2.995,2.995,-0.069783,-0.069783,0.0,1.0,0,普通大幅波动
sh.510660,2022-10-14,2.52,2.331,2.331,0.081081,0.081081,0.0,1.0,0,普通大幅波动
sh.510660,2024-02-06,2.064,1.909,1.909,0.081194,0.081194,0.0,1.0,0,普通大幅波动
sh.510660,2024-09-30,2.246,2.042,2.042,0.099902,0.099902,0.0,1.0,0,普通大幅波动
sh.510660,2024-10-08,2.471,2.246,2.246,0.100178,0.100178,0.0,1.0,0,普通大幅波动
sh.510660,2024-10-09,2.255,2.471,2.471,-0.087414,-0.087414,0.0,1.0,0,普通大幅波动
sh.510680,2015-04-07,2.005,1.886,1.886,0.063097,0.063097,0.0,1.0,0,普通大幅波动
sh.510680,2015-05-25,2.448,2.28,2.28,0.073684,0.073684,0.0,1.0,0,普通大幅波动
sh.510680,2015-05-26,2.644,2.448,2.448,0.080065,0.080065,0.0,1.0,0,普通大幅波动
sh.510680,2015-06-19,2.43,2.633,2.633,-0.077098,-0.077098,0.0,1.0,0,普通大幅波动
sh.510680,2015-06-26,2.16,2.388,2.388,-0.095477,-0.095477,0.0,1.0,0,普通大幅波动
sh.510680,2015-07-02,1.888,2.048,2.048,-0.078125,-0.078125,0.0,1.0,0,普通大幅波动
sh.510680,2015-07-03,1.75,1.888,1.888,-0.073093,-0.073093,0.0,1.0,0,普通大幅波动
sh.510680,2015-07-06,1.87,1.75,1.75,0.068571,0.068571,0.0,1.0,0,普通大幅波动
sh.510680,2015-07-07,1.7,1.87,1.87,-0.090909,-0.090909,0.0,1.0,0,普通大幅波动
sh.510680,2015-07-09,1.836,1.669,1.669,0.10006,0.10006,0.0,1.0,0,普通大幅波动
sh.510680,2015-07-15,1.595,1.754,1.754,-0.09065,-0.09065,0.0,1.0,0,普通大幅波动
sh.510680,2015-07-23,1.91,1.751,1.751,0.090805,0.090805,0.0,1.0,0,普通大幅波动
sh.510680,2015-07-27,1.663,1.848,1.848,-0.100108,-0.100108,0.0,1.0,0,普通大幅波动
sh.510680,2015-07-31,1.634,1.741,1.741,-0.061459,-0.061459,0.0,1.0,0,普通大幅波动
sh.510680,2015-08-04,1.69,1.562,1.562,0.081946,0.081946,0.0,1.0,0,普通大幅波动
sh.510680,2015-08-10,1.856,1.732,1.732,0.071594,0.071594,0.0,1.0,0,普通大幅波动
sh.510680,2015-08-21,1.698,1.819,1.819,-0.06652,-0.06652,0.0,1.0,0,普通大幅波动
sh.510680,2015-08-24,1.528,1.698,1.698,-0.100118,-0.100118,0.0,1.0,0,普通大幅波动
sh.510680,2015-08-25,1.375,1.528,1.528,-0.100131,-0.100131,0.0,1.0,0,普通大幅波动
sh.510680,2015-08-28,1.474,1.379,1.379,0.068891,0.068891,0.0,1.0,0,普通大幅波动
sh.510680,2015-09-14,1.339,1.426,1.426,-0.06101,-0.06101,0.0,1.0,0,普通大幅波动
sh.510680,2015-09-16,1.353,1.264,1.264,0.070411,0.070411,0.0,1.0,0,普通大幅波动
sh.510680,2015-11-27,1.618,1.788,1.788,-0.095078,-0.095078,0.0,1.0,0,普通大幅波动
sh.510680,2016-03-29,1.872,1.728,1.728,0.083333,0.083333,0.0,1.0,0,普通大幅波动
sh.510680,2017-03-07,1.997,1.829,1.829,0.091853,0.091853,0.0,1.0,0,普通大幅波动
sh.510680,2017-03-10,1.89,2.1,2.1,-0.1,-0.1,0.0,1.0,0,普通大幅波动
sh.510680,2017-06-21,2.065,1.934,1.934,0.067735,0.067735,0.0,1.0,0,普通大幅波动
sh.510680,2017-08-30,2.379,2.2,2.2,0.081364,0.081364,0.0,1.0,0,普通大幅波动
sh.510680,2017-09-04,2.184,2.38,2.38,-0.082353,-0.082353,0.0,1.0,0,普通大幅波动
sh.510680,2017-11-28,2.768,2.598,2.598,0.065435,0.065435,0.0,1.0,1,停牌复牌型
sh.510680,2017-11-29,2.498,2.768,2.768,-0.097543,-0.097543,0.0,1.0,0,普通大幅波动
sh.510680,2018-02-09,2.388,2.555,2.555,-0.065362,-0.065362,0.0,1.0,0,普通大幅波动
sh.510680,2018-07-02,2.264,2.135,2.135,0.060422,0.060422,0.0,1.0,0,普通大幅波动
sh.510680,2018-08-31,2.297,2.165,2.165,0.06097,0.06097,0.0,1.0,0,普通大幅波动
sh.510680,2018-09-03,2.101,2.297,2.297,-0.085329,-0.085329,0.0,1.0,0,普通大幅波动
sh.510680,2018-10-24,2.299,2.146,2.146,0.071295,0.071295,0.0,1.0,0,普通大幅波动
sh.510680,2018-10-29,2.003,2.188,2.188,-0.084552,-0.084552,0.0,1.0,0,普通大幅波动
sh.510680,2019-05-09,2.29,2.438,2.438,-0.060705,-0.060705,0.0,1.0,1,停牌复牌型
sh.510680,2019-07-23,2.407,2.597,2.597,-0.073161,-0.073161,0.0,1.0,0,普通大幅波动
sh.510680,2019-12-13,2.63,2.459,2.459,0.06954,0.06954,0.0,1.0,0,普通大幅波动
sh.510680,2020-02-21,2.585,2.438,2.438,0.060295,0.060295,0.0,1.0,0,普通大幅波动
sh.510680,2020-03-25,2.4,2.204,2.204,0.088929,0.088929,0.0,1.0,0,普通大幅波动
sh.510680,2020-07-02,2.896,2.633,2.633,0.099886,0.099886,0.0,1.0,0,普通大幅波动
sh.510680,2020-07-03,3.186,2.896,2.896,0.100138,0.100138,0.0,1.0,0,普通大幅波动
sh.510680,2020-07-06,3.505,3.186,3.186,0.100126,0.100126,0.0,1.0,0,普通大幅波动
sh.510680,2020-07-07,3.856,3.505,3.505,0.100143,0.100143,0.0,1.0,0,普通大幅波动
sh.510680,2020-07-08,4.242,3.856,3.856,0.100104,0.100104,0.0,1.0,0,普通大幅波动
sh.510680,2020-07-09,4.666,4.242,4.242,0.099953,0.099953,0.0,1.0,0,普通大幅波动
sh.510680,2020-07-10,4.199,4.666,4.666,-0.100086,-0.100086,0.0,1.0,0,普通大幅波动
sh.510680,2020-07-13,3.779,4.199,4.199,-0.100024,-0.100024,0.0,1.0,0,普通大幅波动
sh.510680,2020-07-14,3.401,3.779,3.779,-0.100026,-0.100026,0.0,1.0,0,普通大幅波动
sh.510680,2020-07-15,3.061,3.401,3.401,-0.099971,-0.099971,0.0,1.0,0,普通大幅波动
sh.510680,2020-07-16,2.843,3.061,3.061,-0.071219,-0.071219,0.0,1.0,0,普通大幅波动
sh.510680,2024-09-30,2.907,2.65,2.65,0.096981,0.096981,0.0,1.0,0,普通大幅波动
sh.510690,2020-07-06,1.234,1.122,1.122,0.099822,0.099822,0.0,1.0,0,普通大幅波动
sh.510700,2015-01-05,2.798,2.63,,,0.063878,,,,普通大幅波动
sh.510700,2015-01-19,2.542,2.75,2.75,-0.075636,-0.075636,0.0,1.0,0,普通大幅波动
sh.510700,2015-04-14,3.59,3.318,3.318,0.081977,0.081977,0.0,1.0,0,普通大幅波动
sh.510700,2015-04-20,3.762,3.52,3.52,0.06875,0.06875,0.0,1.0,0,普通大幅波动
sh.510700,2015-06-26,3.127,3.398,3.398,-0.079753,-0.079753,0.0,1.0,0,普通大幅波动
sh.510700,2015-07-06,3.199,2.908,2.908,0.100069,0.100069,0.0,1.0,0,普通大幅波动
sh.510700,2015-07-08,2.781,3.09,3.09,-0.1,-0.1,0.0,1.0,0,普通大幅波动
sh.510700,2015-07-09,2.992,2.781,2.781,0.075872,0.075872,0.0,1.0,0,普通大幅波动
sh.510700,2015-07-27,2.8,3.075,3.075,-0.089431,-0.089431,0.0,1.0,0,普通大幅波动
sh.510700,2015-08-24,2.477,2.687,2.687,-0.078154,-0.078154,0.0,1.0,0,普通大幅波动
sh.510700,2015-08-25,2.229,2.477,2.477,-0.100121,-0.100121,0.0,1.0,0,普通大幅波动
sh.510700,2015-09-07,2.452,2.311,2.311,0.061013,0.061013,0.0,1.0,0,普通大幅波动
sh.510700,2015-09-16,2.5,2.356,2.356,0.061121,0.061121,0.0,1.0,0,普通大幅波动
sh.510700,2015-09-28,2.346,2.508,2.508,-0.064593,-0.064593,0.0,1.0,3,停牌复牌型
sh.510710,2015-06-26,2.685,2.881,2.881,-0.068032,-0.068032,0.0,1.0,0,普通大幅波动
sh.510710,2015-06-30,2.826,2.628,2.628,0.075342,0.075342,0.0,1.0,0,普通大幅波动
sh.510710,2015-07-06,2.807,2.552,2.552,0.099922,0.099922,0.0,1.0,0,普通大幅波动
sh.510710,2015-07-08,2.428,2.698,2.698,-0.100074,-0.100074,0.0,1.0,0,普通大幅波动
sh.510710,2015-07-09,2.671,2.428,2.428,0.100082,0.100082,0.0,1.0,0,普通大幅波动
sh.510710,2015-07-10,2.914,2.671,2.671,0.090977,0.090977,0.0,1.0,0,普通大幅波动
sh.510710,2015-07-27,2.463,2.707,2.707,-0.090137,-0.090137,0.0,1.0,0,普通大幅波动
sh.510710,2015-08-24,2.025,2.249,2.249,-0.0996,-0.0996,0.0,1.0,0,普通大幅波动
sh.510710,2015-08-25,1.838,2.025,2.025,-0.092346,-0.092346,0.0,1.0,0,普通大幅波动
sh.510710,2015-08-27,2.13,1.942,1.942,0.096807,0.096807,0.0,1.0,0,普通大幅波动
sh.510710,2019-02-25,3.046,2.843,2.843,0.071403,0.071403,0.0,1.0,0,普通大幅波动
sh.510710,2020-02-03,3.041,3.305,3.305,-0.079879,-0.079879,0.0,1.0,0,普通大幅波动
sh.510710,2020-07-06,4.009,3.659,3.659,0.095655,0.095655,0.0,1.0,0,普通大幅波动
sh.510710,2024-09-30,3.84,3.511,3.511,0.093705,0.093705,0.0,1.0,0,普通大幅波动
sh.510710,2024-10-09,3.679,3.956,3.956,-0.07002,-0.07002,0.0,1.0,0,普通大幅波动
sh.510760,2024-09-30,1.147,1.05,1.05,0.092381,0.092381,0.0,1.0,0,普通大幅波动
sh.510760,2024-10-09,1.058,1.159,1.159,-0.087144,-0.087144,0.0,1.0,0,普通大幅波动
sh.510770,2022-03-08,0.853,0.948,0.948,-0.100211,-0.100211,0.0,1.0,0,普通大幅波动
sh.510770,2022-05-12,0.707,0.663,0.663,0.066365,0.066365,0.0,1.0,0,普通大幅波动
sh.510770,2022-10-11,0.691,0.758,0.758,-0.088391,-0.088391,0.0,1.0,0,普通大幅波动
sh.510770,2024-02-06,0.431,0.404,0.404,0.066832,0.066832,0.0,1.0,0,普通大幅波动
sh.510770,2024-09-30,0.514,0.467,0.467,0.100642,0.100642,0.0,1.0,0,普通大幅波动
sh.510770,2024-10-08,0.565,0.514,0.514,0.099222,0.099222,0.0,1.0,0,普通大幅波动
sh.510770,2024-10-11,0.511,0.553,0.553,-0.075949,-0.075949,0.0,1.0,0,普通大幅波动
sh.510770,2024-10-18,0.566,0.515,0.515,0.099029,0.099029,0.0,1.0,0,普通大幅波动
sh.510800,2019-02-25,0.994,0.917,0.917,0.083969,0.083969,0.0,1.0,0,普通大幅波动
sh.510800,2020-02-03,1.0,1.094,1.094,-0.085923,-0.085923,0.0,1.0,0,普通大幅波动
sh.510800,2020-07-06,1.374,1.249,1.249,0.10008,0.10008,0.0,1.0,0,普通大幅波动
sh.510800,2024-09-30,1.301,1.197,1.197,0.086884,0.086884,0.0,1.0,0,普通大幅波动
sh.510800,2024-10-09,1.227,1.347,1.347,-0.089087,-0.089087,0.0,1.0,0,普通大幅波动
sh.510810,2018-10-11,0.768,0.82,0.82,-0.063415,-0.063415,0.0,1.0,0,普通大幅波动
sh.510810,2019-05-06,0.914,0.981,0.981,-0.068298,-0.068298,0.0,1.0,0,普通大幅波动
sh.510810,2020-02-03,0.801,0.89,0.89,-0.1,-0.1,0.0,1.0,0,普通大幅波动
sh.510810,2020-07-06,0.97,0.9,0.9,0.077778,0.077778,0.0,1.0,0,普通大幅波动
sh.510810,2024-09-30,0.869,0.801,0.801,0.084894,0.084894,0.0,1.0,0,普通大幅波动
sh.510810,2024-10-09,0.825,0.907,0.907,-0.090408,-0.090408,0.0,1.0,0,普通大幅波动
sh.510850,2020-02-03,2.713,2.969,2.969,-0.086224,-0.086224,0.0,1.0,0,普通大幅波动
sh.510850,2020-07-06,3.507,3.213,3.213,0.091503,0.091503,0.0,1.0,0,普通大幅波动
sh.510850,2024-09-27,3.04,2.863,2.863,0.061823,0.061823,0.0,1.0,0,普通大幅波动
sh.510850,2024-09-30,3.229,3.04,3.04,0.062171,0.062171,0.0,1.0,0,普通大幅波动
sh.510850,2024-10-09,3.032,3.297,3.297,-0.080376,-0.080376,0.0,1.0,0,普通大幅波动
sh.510880,2015-01-19,2.446,2.692,2.692,-0.091382,-0.091382,0.0,1.0,0,普通大幅波动
sh.510880,2015-06-01,3.785,3.533,3.533,0.071327,0.071327,0.0,1.0,0,普通大幅波动
sh.510880,2015-06-19,3.699,3.98,3.98,-0.070603,-0.070603,0.0,1.0,0,普通大幅波动
sh.510880,2015-06-26,3.368,3.738,3.738,-0.098983,-0.098983,0.0,1.0,0,普通大幅波动
sh.510880,2015-06-30,3.546,3.339,3.339,0.061995,0.061995,0.0,1.0,0,普通大幅波动
sh.510880,2015-07-01,3.314,3.546,3.546,-0.065426,-0.065426,0.0,1.0,0,普通大幅波动
sh.510880,2015-07-03,2.94,3.161,3.161,-0.069915,-0.069915,0.0,1.0,0,普通大幅波动
sh.510880,2015-07-08,2.648,2.942,2.942,-0.099932,-0.099932,0.0,1.0,0,普通大幅波动
sh.510880,2015-07-09,2.913,2.648,2.648,0.100076,0.100076,0.0,1.0,0,普通大幅波动
sh.510880,2015-07-10,3.204,2.913,2.913,0.099897,0.099897,0.0,1.0,0,普通大幅波动
sh.510880,2015-07-27,2.956,3.259,3.259,-0.092973,-0.092973,0.0,1.0,0,普通大幅波动
sh.510880,2015-08-24,2.591,2.879,2.879,-0.100035,-0.100035,0.0,1.0,0,普通大幅波动
sh.510880,2015-08-25,2.354,2.591,2.591,-0.09147,-0.09147,0.0,1.0,0,普通大幅波动
sh.510880,2015-08-27,2.526,2.373,2.373,0.064475,0.064475,0.0,1.0,0,普通大幅波动
sh.510880,2020-02-03,2.418,2.667,2.667,-0.093363,-0.093363,0.0,1.0,0,普通大幅波动
sh.510880,2020-07-06,2.766,2.583,2.583,0.070848,0.070848,0.0,1.0,0,普通大幅波动
sh.510880,2024-09-30,3.399,3.178,3.178,0.069541,0.069541,0.0,1.0,0,普通大幅波动
sh.510880,2024-10-09,3.148,3.404,3.404,-0.075206,-0.075206,0.0,1.0,0,普通大幅波动
sh.510890,2020-07-06,1.11,1.041,1.041,0.066282,0.066282,0.0,1.0,0,普通大幅波动
sh.510890,2020-07-08,1.19,1.108,1.108,0.074007,0.074007,0.0,1.0,0,普通大幅波动
sh.510900,2015-01-05,1.258,1.179,,,0.067006,,,,普通大幅波动
sh.510900,2015-01-12,1.273,1.197,1.197,0.063492,0.063492,0.0,1.0,0,普通大幅波动
sh.510900,2015-01-19,1.125,1.249,1.249,-0.099279,-0.099279,0.0,1.0,0,普通大幅波动
sh.510900,2015-03-30,1.216,1.122,1.122,0.083779,0.083779,0.0,1.0,0,普通大幅波动
sh.510900,2015-04-07,1.368,1.277,1.277,0.071261,0.071261,0.0,1.0,0,普通大幅波动
sh.510900,2015-04-09,1.521,1.383,1.383,0.099783,0.099783,0.0,1.0,0,普通大幅波动
sh.510900,2015-04-13,1.42,1.521,1.521,-0.066404,-0.066404,0.0,1.0,0,普通大幅波动
sh.510900,2015-07-08,1.018,1.13,1.13,-0.099115,-0.099115,0.0,1.0,0,普通大幅波动
sh.510900,2015-07-09,1.12,1.018,1.018,0.100196,0.100196,0.0,1.0,0,普通大幅波动
sh.510900,2015-07-27,1.068,1.144,1.144,-0.066434,-0.066434,0.0,1.0,0,普通大幅波动
sh.510900,2015-08-24,0.958,1.022,1.022,-0.062622,-0.062622,0.0,1.0,0,普通大幅波动
sh.510900,2015-10-08,1.016,0.947,0.947,0.072862,0.072862,0.0,1.0,0,普通大幅波动
sh.510900,2020-07-06,1.288,1.208,1.208,0.066225,0.066225,0.0,1.0,0,普通大幅波动
sh.510900,2022-03-15,0.659,0.712,0.712,-0.074438,-0.074438,0.0,1.0,0,普通大幅波动
sh.510900,2022-03-16,0.725,0.659,0.659,0.100152,0.100152,0.0,1.0,0,普通大幅波动
sh.510900,2022-03-17,0.778,0.725,0.725,0.073103,0.073103,0.0,1.0,0,普通大幅波动
sh.510900,2022-10-24,0.645,0.688,0.688,-0.0625,-0.0625,0.0,1.0,0,普通大幅波动
sh.510950,2024-09-30,1.185,1.079,1.079,0.098239,0.098239,0.0,1.0,0,普通大幅波动
sh.510950,2024-10-09,1.103,1.204,1.204,-0.083887,-0.083887,0.0,1.0,0,普通大幅波动
sh.510980,2024-09-27,1.108,1.035,1.035,0.070531,0.070531,0.0,1.0,0,普通大幅波动
sh.510980,2024-09-30,1.176,1.108,1.108,0.061372,0.061372,0.0,1.0,0,普通大幅波动
sh.510980,2024-10-09,1.107,1.224,1.224,-0.095588,-0.095588,0.0,1.0,0,普通大幅波动
sh.510990,2024-09-30,0.915,0.85,0.85,0.076471,0.076471,0.0,1.0,0,普通大幅波动
sh.510990,2024-10-09,0.904,0.963,0.963,-0.061267,-0.061267,0.0,1.0,0,普通大幅波动
sh.511000,2021-01-29,93.0,100.0,100.0,-0.07,-0.07,0.0,1.0,0,普通大幅波动
sh.511030,2021-01-11,10.21,10.272,101.771,-0.899677,-0.006036,-0.899068,9.90747502,1,拆分合并型
sh.511050,2021-05-06,105.478,97.197,97.197,0.085198,0.085198,0.0,1.0,0,普通大幅波动
sh.511050,2021-05-07,98.995,105.478,105.478,-0.061463,-0.061463,0.0,1.0,0,普通大幅波动
sh.511210,2015-01-09,96.1,106.0,106.0,-0.093396,-0.093396,0.0,1.0,1,停牌复牌型
sh.511210,2015-01-12,105.3,96.1,96.1,0.095734,0.095734,0.0,1.0,0,普通大幅波动
sh.511210,2015-07-09,116.55,108.1,108.1,0.078168,0.078168,0.0,1.0,0,普通大幅波动
sh.511210,2015-07-10,108.03,116.55,116.55,-0.073102,-0.073102,0.0,1.0,0,普通大幅波动
sh.511220,2023-01-16,9.469,9.532,95.318,-0.900659,-0.006609,-0.899998,9.99972522,0,拆分合并型
sh.511230,2017-07-25,114.379,103.99,103.99,0.099904,0.099904,0.0,1.0,0,普通大幅波动
sh.511230,2017-07-26,102.96,114.379,114.379,-0.099835,-0.099835,0.0,1.0,0,普通大幅波动
sh.511230,2017-11-14,105.277,99.0,99.0,0.063404,0.063404,0.0,1.0,0,普通大幅波动
sh.511230,2017-11-15,115.265,105.277,105.277,0.094874,0.094874,0.0,1.0,0,普通大幅波动
sh.511230,2017-11-16,103.739,115.265,115.265,-0.099996,-0.099996,0.0,1.0,0,普通大幅波动
sh.511280,2019-02-26,93.991,103.998,103.998,-0.096223,-0.096223,0.0,1.0,2,停牌复牌型
sh.511280,2019-02-27,102.502,93.991,93.991,0.090551,0.090551,0.0,1.0,0,普通大幅波动
sh.511280,2020-01-21,108.467,102.0,102.0,0.063402,0.063402,0.0,1.0,0,普通大幅波动
sh.511280,2021-01-18,104.5,112.0,112.0,-0.066964,-0.066964,0.0,1.0,3,停牌复牌型
sh.511280,2021-01-19,112.0,104.5,104.5,0.07177,0.07177,0.0,1.0,0,普通大幅波动
sh.511280,2021-05-13,127.888,117.948,117.948,0.084274,0.084274,0.0,1.0,0,普通大幅波动
sh.511280,2021-05-14,115.099,127.888,127.888,-0.100002,-0.100002,0.0,1.0,0,普通大幅波动
sh.511280,2021-07-20,119.8,111.398,111.398,0.075423,0.075423,0.0,1.0,0,普通大幅波动
sh.511280,2021-07-21,129.199,119.8,119.8,0.078456,0.078456,0.0,1.0,0,普通大幅波动
sh.511280,2021-07-22,116.279,129.199,129.199,-0.100001,-0.100001,0.0,1.0,0,普通大幅波动
sh.511280,2021-07-26,118.495,110.999,110.999,0.067532,0.067532,0.0,1.0,0,普通大幅波动
sh.511290,2018-05-17,94.004,100.1,100.1,-0.060899,-0.060899,0.0,1.0,0,普通大幅波动
sh.511290,2018-08-03,94.685,101.1,101.1,-0.063452,-0.063452,0.0,1.0,5,停牌复牌型
sh.511290,2018-08-07,101.3,94.685,94.685,0.069863,0.069863,0.0,1.0,1,停牌复牌型
sh.511290,2019-03-14,96.0,103.9,103.9,-0.076035,-0.076035,0.0,1.0,2,停牌复牌型
sh.511290,2019-05-21,101.552,108.1,108.1,-0.060574,-0.060574,0.0,1.0,0,普通大幅波动
sh.511290,2019-09-12,110.5,101.995,101.995,0.083386,0.083386,0.0,1.0,8,停牌复牌型
sh.511290,2019-09-16,101.04,110.5,110.5,-0.085611,-0.085611,0.0,1.0,0,普通大幅波动
sh.511290,2020-03-11,116.0,108.151,108.151,0.072574,0.072574,0.0,1.0,0,普通大幅波动
sh.511290,2020-04-23,115.988,108.986,108.986,0.064247,0.064247,0.0,1.0,0,普通大幅波动
sh.511310,2020-02-27,111.321,104.441,104.441,0.065875,0.065875,0.0,1.0,0,普通大幅波动
sh.511310,2020-07-16,122.898,112.878,112.878,0.088768,0.088768,0.0,1.0,0,普通大幅波动
sh.511310,2020-07-17,112.966,122.898,122.898,-0.080815,-0.080815,0.0,1.0,0,普通大幅波动
sh.511310,2020-08-03,118.89,110.2,110.2,0.078857,0.078857,0.0,1.0,2,停牌复牌型
sh.511310,2021-02-02,107.1,114.897,114.897,-0.067861,-0.067861,0.0,1.0,1,停牌复牌型
sh.511310,2021-08-06,100.9,112.1,112.1,-0.099911,-0.099911,0.0,1.0,0,普通大幅波动
sh.511310,2021-08-09,110.99,100.9,100.9,0.1,0.1,0.0,1.0,0,普通大幅波动
sh.511600,2024-09-30,107.99,99.996,99.996,0.079943,0.079943,0.0,1.0,0,普通大幅波动
sh.511600,2024-10-08,100.013,107.99,107.99,-0.073868,-0.073868,0.0,1.0,0,普通大幅波动
sh.511620,2020-09-30,110.0,100.093,100.093,0.098978,0.098978,0.0,1.0,0,普通大幅波动
sh.511620,2022-09-30,110.0,100.443,100.443,0.095148,0.095148,0.0,1.0,0,普通大幅波动
sh.511620,2022-10-10,100.034,110.0,110.0,-0.0906,-0.0906,0.0,1.0,0,普通大幅波动
sh.511670,2024-03-08,106.17,100.0,100.0,0.0617,0.0617,0.0,1.0,1,停牌复牌型
sh.511670,2024-03-12,100.999,108.602,108.602,-0.070008,-0.070008,0.0,1.0,0,普通大幅波动
sh.511680,2018-07-03,106.997,99.88,99.88,0.071256,0.071256,0.0,1.0,0,普通大幅波动
sh.511680,2018-07-06,100.003,106.88,106.88,-0.064343,-0.064343,0.0,1.0,0,普通大幅波动
sh.511770,2022-09-23,108.6,99.982,99.982,0.086196,0.086196,0.0,1.0,1,停牌复牌型
sh.511770,2022-09-26,100.87,108.6,108.6,-0.071179,-0.071179,0.0,1.0,0,普通大幅波动
sh.511770,2024-10-08,107.0,100.004,100.004,0.069957,0.069957,0.0,1.0,2,停牌复牌型
sh.511770,2024-10-09,100.2,107.0,107.0,-0.063551,-0.063551,0.0,1.0,0,普通大幅波动
sh.511920,2018-10-15,108.8,100.18,100.18,0.086045,0.086045,0.0,1.0,0,普通大幅波动
sh.511920,2018-10-16,100.055,108.8,108.8,-0.080377,-0.080377,0.0,1.0,0,普通大幅波动
sh.511920,2021-10-19,90.991,99.99,99.99,-0.089999,-0.089999,0.0,1.0,0,普通大幅波动
sh.511920,2021-10-20,99.995,90.991,90.991,0.098955,0.098955,0.0,1.0,0,普通大幅波动
sh.511930,2021-01-04,92.88,100.069,100.069,-0.07184,-0.07184,0.0,1.0,0,普通大幅波动
sh.511930,2022-12-30,90.016,100.015,100.015,-0.099975,-0.099975,0.0,1.0,4,停牌复牌型
sh.511930,2023-01-03,99.018,90.016,90.016,0.100004,0.100004,0.0,1.0,0,普通大幅波动
sh.511950,2019-06-04,107.0,100.929,100.929,0.060151,0.060151,0.0,1.0,0,普通大幅波动
sh.511950,2019-06-06,100.118,107.0,107.0,-0.064318,-0.064318,0.0,1.0,1,停牌复牌型
sh.511950,2019-07-05,108.888,100.019,100.019,0.088673,0.088673,0.0,1.0,1,停牌复牌型
sh.511950,2019-07-09,100.006,108.888,108.888,-0.08157,-0.08157,0.0,1.0,1,停牌复牌型
sh.511960,2024-06-07,106.997,100.31,100.31,0.066663,0.066663,0.0,1.0,0,普通大幅波动
sh.511960,2024-06-11,114.534,106.997,106.997,0.070441,0.070441,0.0,1.0,0,普通大幅波动
sh.511960,2024-06-13,101.783,113.092,113.092,-0.099998,-0.099998,0.0,1.0,0,普通大幅波动
sh.511970,2021-02-10,108.888,99.996,99.996,0.088924,0.088924,0.0,1.0,0,普通大幅波动
sh.511970,2021-02-19,101.0,111.977,111.977,-0.098029,-0.098029,0.0,1.0,0,普通大幅波动
sh.512000,2018-02-09,0.837,0.901,0.901,-0.071032,-0.071032,0.0,1.0,0,普通大幅波动
sh.512000,2018-06-19,0.715,0.766,0.766,-0.06658,-0.06658,0.0,1.0,0,普通大幅波动
sh.512000,2018-10-11,0.619,0.668,0.668,-0.073353,-0.073353,0.0,1.0,0,普通大幅波动
sh.512000,2018-10-22,0.671,0.61,0.61,0.1,0.1,0.0,1.0,0,普通大幅波动
sh.512000,2019-01-04,0.747,0.696,0.696,0.073276,0.073276,0.0,1.0,0,普通大幅波动
sh.512000,2019-02-22,0.927,0.843,0.843,0.099644,0.099644,0.0,1.0,0,普通大幅波动
sh.512000,2019-02-25,1.02,0.927,0.927,0.100324,0.100324,0.0,1.0,0,普通大幅波动
sh.512000,2019-03-08,0.995,1.104,1.104,-0.098732,-0.098732,0.0,1.0,0,普通大幅波动
sh.512000,2019-03-29,1.02,0.94,0.94,0.085106,0.085106,0.0,1.0,0,普通大幅波动
sh.512000,2019-05-06,0.864,0.957,0.957,-0.097179,-0.097179,0.0,1.0,0,普通大幅波动
sh.512000,2019-06-20,0.94,0.886,0.886,0.060948,0.060948,0.0,1.0,0,普通大幅波动
sh.512000,2019-08-19,0.912,0.854,0.854,0.067916,0.067916,0.0,1.0,0,普通大幅波动
sh.512000,2019-12-30,0.999,0.942,0.942,0.06051,0.06051,0.0,1.0,0,普通大幅波动
sh.512000,2020-02-03,0.852,0.947,0.947,-0.100317,-0.100317,0.0,1.0,0,普通大幅波动
sh.512000,2020-02-28,0.938,1.003,1.003,-0.064806,-0.064806,0.0,1.0,0,普通大幅波动
sh.512000,2020-07-02,1.06,0.982,0.982,0.07943,0.07943,0.0,1.0,0,普通大幅波动
sh.512000,2020-07-03,1.16,1.06,1.06,0.09434,0.09434,0.0,1.0,0,普通大幅波动
sh.512000,2020-07-06,1.276,1.16,1.16,0.1,0.1,0.0,1.0,0,普通大幅波动
sh.512000,2020-07-08,1.3,1.218,1.218,0.067323,0.067323,0.0,1.0,0,普通大幅波动
sh.512000,2020-07-24,1.134,1.214,1.214,-0.065898,-0.065898,0.0,1.0,0,普通大幅波动
sh.512000,2021-01-12,1.229,1.151,1.151,0.067767,0.067767,0.0,1.0,0,普通大幅波动
sh.512000,2021-05-14,1.033,0.964,0.964,0.071577,0.071577,0.0,1.0,0,普通大幅波动
sh.512000,2021-08-18,1.107,1.036,1.036,0.068533,0.068533,0.0,1.0,0,普通大幅波动
sh.512000,2022-03-16,0.925,0.871,0.871,0.061998,0.061998,0.0,1.0,0,普通大幅波动
sh.512000,2023-07-28,0.973,0.897,0.897,0.084727,0.084727,0.0,1.0,0,普通大幅波动
sh.512000,2024-04-26,0.843,0.792,0.792,0.064394,0.064394,0.0,1.0,0,普通大幅波动
sh.512000,2024-09-24,0.83,0.782,0.782,0.061381,0.061381,0.0,1.0,0,普通大幅波动
sh.512000,2024-09-26,0.904,0.845,0.845,0.069822,0.069822,0.0,1.0,0,普通大幅波动
sh.512000,2024-09-27,0.994,0.904,0.904,0.099558,0.099558,0.0,1.0,0,普通大幅波动
sh.512000,2024-09-30,1.093,0.994,0.994,0.099598,0.099598,0.0,1.0,0,普通大幅波动
sh.512000,2024-10-08,1.202,1.093,1.093,0.099726,0.099726,0.0,1.0,0,普通大幅波动
sh.512000,2024-10-18,1.114,1.038,1.038,0.073218,0.073218,0.0,1.0,0,普通大幅波动
sh.512000,2024-11-07,1.318,1.202,1.202,0.096506,0.096506,0.0,1.0,0,普通大幅波动
sh.512010,2015-03-20,1.221,1.133,1.133,0.07767,0.07767,0.0,1.0,0,普通大幅波动
sh.512010,2015-05-28,1.471,1.573,1.573,-0.064844,-0.064844,0.0,1.0,0,普通大幅波动
sh.512010,2015-06-26,1.359,1.475,1.475,-0.078644,-0.078644,0.0,1.0,0,普通大幅波动
sh.512010,2015-06-29,1.247,1.359,1.359,-0.082414,-0.082414,0.0,1.0,0,普通大幅波动
sh.512010,2015-06-30,1.372,1.247,1.247,0.100241,0.100241,0.0,1.0,0,普通大幅波动
sh.512010,2015-07-07,1.124,1.249,1.249,-0.10008,-0.10008,0.0,1.0,0,普通大幅波动
sh.512010,2015-07-08,1.012,1.124,1.124,-0.099644,-0.099644,0.0,1.0,0,普通大幅波动
sh.512010,2015-07-09,1.113,1.012,1.012,0.099802,0.099802,0.0,1.0,0,普通大幅波动
sh.512010,2015-07-10,1.224,1.113,1.113,0.09973,0.09973,0.0,1.0,0,普通大幅波动
sh.512010,2015-07-13,1.346,1.224,1.224,0.099673,0.099673,0.0,1.0,0,普通大幅波动
sh.512010,2015-07-15,1.3,1.4,1.4,-0.071429,-0.071429,0.0,1.0,0,普通大幅波动
sh.512010,2015-07-27,1.262,1.362,1.362,-0.073421,-0.073421,0.0,1.0,0,普通大幅波动
sh.512010,2015-08-24,1.126,1.251,1.251,-0.09992,-0.09992,0.0,1.0,0,普通大幅波动
sh.512010,2015-08-25,1.032,1.126,1.126,-0.083481,-0.083481,0.0,1.0,0,普通大幅波动
sh.512010,2015-09-16,1.136,1.058,1.058,0.073724,0.073724,0.0,1.0,0,普通大幅波动
sh.512010,2015-10-08,1.154,1.087,1.087,0.061638,0.061638,0.0,1.0,0,普通大幅波动
sh.512010,2020-02-03,1.805,1.931,1.931,-0.065251,-0.065251,0.0,1.0,0,普通大幅波动
sh.512010,2020-07-16,2.718,2.894,2.894,-0.060815,-0.060815,0.0,1.0,0,普通大幅波动
sh.512010,2021-03-08,2.743,2.936,2.936,-0.065736,-0.065736,0.0,1.0,0,普通大幅波动
sh.512010,2021-06-28,0.836,0.821,3.206,-0.739239,0.01827,-0.743918,3.905,1,拆分合并型
sh.512010,2022-10-14,0.482,0.438,0.438,0.100457,0.100457,0.0,1.0,0,普通大幅波动
sh.512010,2024-02-06,0.363,0.34,0.34,0.067647,0.067647,0.0,1.0,0,普通大幅波动
sh.512010,2024-09-27,0.363,0.335,0.335,0.083582,0.083582,0.0,1.0,0,普通大幅波动
sh.512010,2024-09-30,0.399,0.363,0.363,0.099174,0.099174,0.0,1.0,0,普通大幅波动
sh.512010,2024-10-08,0.439,0.399,0.399,0.100251,0.100251,0.0,1.0,0,普通大幅波动
sh.512010,2024-10-09,0.4,0.439,0.439,-0.088838,-0.088838,0.0,1.0,0,普通大幅波动
sh.512040,2019-05-06,1.093,1.166,1.166,-0.062607,-0.062607,0.0,1.0,0,普通大幅波动
sh.512040,2020-02-03,1.037,1.146,1.146,-0.095113,-0.095113,0.0,1.0,0,普通大幅波动
sh.512040,2022-03-15,1.669,1.79,1.79,-0.067598,-0.067598,0.0,1.0,0,普通大幅波动
sh.512040,2023-10-11,0.926,0.929,1.857,-0.501346,-0.003229,-0.499731,1.9989,0,拆分合并型
sh.512040,2023-12-13,0.833,0.838,0.942,-0.115711,-0.005967,-0.110403,1.12411827,0,分红型
sh.512040,2024-09-30,0.997,0.922,0.922,0.081345,0.081345,0.0,1.0,0,普通大幅波动
sh.512040,2024-10-09,0.934,1.016,1.016,-0.080709,-0.080709,0.0,1.0,0,普通大幅波动
sh.512070,2015-01-19,2.128,2.364,2.364,-0.099831,-0.099831,0.0,1.0,0,普通大幅波动
sh.512070,2015-01-21,2.22,2.05,2.05,0.082927,0.082927,0.0,1.0,0,普通大幅波动
sh.512070,2015-05-19,2.688,2.533,2.533,0.061192,0.061192,0.0,1.0,0,普通大幅波动
sh.512070,2015-05-28,2.619,2.819,2.819,-0.070947,-0.070947,0.0,1.0,0,普通大幅波动
sh.512070,2015-06-26,2.239,2.435,2.435,-0.080493,-0.080493,0.0,1.0,0,普通大幅波动
sh.512070,2015-06-30,2.284,2.12,2.12,0.077358,0.077358,0.0,1.0,0,普通大幅波动
sh.512070,2015-07-08,1.868,2.076,2.076,-0.100193,-0.100193,0.0,1.0,0,普通大幅波动
sh.512070,2015-07-09,2.055,1.868,1.868,0.100107,0.100107,0.0,1.0,0,普通大幅波动
sh.512070,2015-07-10,2.257,2.055,2.055,0.098297,0.098297,0.0,1.0,0,普通大幅波动
sh.512070,2015-07-27,1.853,2.051,2.051,-0.096538,-0.096538,0.0,1.0,0,普通大幅波动
sh.512070,2015-08-10,1.941,1.816,1.816,0.068833,0.068833,0.0,1.0,0,普通大幅波动
sh.512070,2015-08-21,1.607,1.72,1.72,-0.065698,-0.065698,0.0,1.0,0,普通大幅波动
sh.512070,2015-08-24,1.446,1.607,1.607,-0.100187,-0.100187,0.0,1.0,0,普通大幅波动
sh.512070,2015-08-25,1.302,1.446,1.446,-0.099585,-0.099585,0.0,1.0,0,普通大幅波动
sh.512070,2015-08-27,1.436,1.32,1.32,0.087879,0.087879,0.0,1.0,0,普通大幅波动
sh.512070,2015-09-16,1.475,1.39,1.39,0.061151,0.061151,0.0,1.0,0,普通大幅波动
sh.512070,2015-11-04,1.79,1.627,1.627,0.100184,0.100184,0.0,1.0,0,普通大幅波动
sh.512070,2015-11-05,1.915,1.79,1.79,0.069832,0.069832,0.0,1.0,0,普通大幅波动
sh.512070,2015-12-02,1.904,1.793,1.793,0.061907,0.061907,0.0,1.0,0,普通大幅波动
sh.512070,2015-12-14,1.936,1.811,1.811,0.069023,0.069023,0.0,1.0,0,普通大幅波动
sh.512070,2016-01-04,1.747,1.888,1.888,-0.074682,-0.074682,0.0,1.0,0,普通大幅波动
sh.512070,2016-01-07,1.624,1.758,1.758,-0.076223,-0.076223,0.0,1.0,0,普通大幅波动
sh.512070,2016-01-11,1.552,1.665,1.665,-0.067868,-0.067868,0.0,1.0,0,普通大幅波动
sh.512070,2016-01-26,1.395,1.516,1.516,-0.079815,-0.079815,0.0,1.0,0,普通大幅波动
sh.512070,2016-02-25,1.39,1.501,1.501,-0.073951,-0.073951,0.0,1.0,0,普通大幅波动
sh.512070,2016-03-21,1.715,1.563,1.563,0.097249,0.097249,0.0,1.0,0,普通大幅波动
sh.512070,2016-05-31,1.615,1.518,1.518,0.0639,0.0639,0.0,1.0,0,普通大幅波动
sh.512070,2018-02-09,1.877,2.016,2.016,-0.068948,-0.068948,0.0,1.0,0,普通大幅波动
sh.512070,2018-10-22,1.801,1.639,1.639,0.098841,0.098841,0.0,1.0,0,普通大幅波动
sh.512070,2019-02-22,2.04,1.889,1.889,0.079936,0.079936,0.0,1.0,0,普通大幅波动
sh.512070,2019-02-25,2.244,2.04,2.04,0.1,0.1,0.0,1.0,0,普通大幅波动
sh.512070,2019-03-29,2.216,2.086,2.086,0.06232,0.06232,0.0,1.0,0,普通大幅波动
sh.512070,2020-02-03,2.02,2.244,2.244,-0.099822,-0.099822,0.0,1.0,0,普通大幅波动
sh.512070,2020-07-03,2.47,2.326,2.326,0.061909,0.061909,0.0,1.0,0,普通大幅波动
sh.512070,2020-07-06,2.717,2.47,2.47,0.1,0.1,0.0,1.0,0,普通大幅波动
sh.512070,2020-07-20,2.642,2.467,2.467,0.070936,0.070936,0.0,1.0,0,普通大幅波动
sh.512070,2021-05-14,2.323,2.191,2.191,0.060246,0.060246,0.0,1.0,0,普通大幅波动
sh.512070,2021-09-13,0.783,0.781,2.318,-0.662209,0.002561,-0.663072,2.968,1,拆分合并型
sh.512070,2023-07-25,0.667,0.627,0.627,0.063796,0.063796,0.0,1.0,0,普通大幅波动
sh.512070,2023-07-28,0.707,0.661,0.661,0.069592,0.069592,0.0,1.0,0,普通大幅波动
sh.512070,2024-09-24,0.636,0.599,0.599,0.06177,0.06177,0.0,1.0,0,普通大幅波动
sh.512070,2024-09-26,0.684,0.645,0.645,0.060465,0.060465,0.0,1.0,0,普通大幅波动
sh.512070,2024-09-27,0.744,0.684,0.684,0.087719,0.087719,0.0,1.0,0,普通大幅波动
sh.512070,2024-09-30,0.818,0.744,0.744,0.099462,0.099462,0.0,1.0,0,普通大幅波动
sh.512070,2024-10-08,0.9,0.818,0.818,0.100244,0.100244,0.0,1.0,0,普通大幅波动
sh.512070,2024-10-09,0.83,0.9,0.9,-0.077778,-0.077778,0.0,1.0,0,普通大幅波动
sh.512070,2024-11-07,0.943,0.872,0.872,0.081422,0.081422,0.0,1.0,0,普通大幅波动
sh.512090,2020-02-03,1.052,1.149,1.149,-0.084421,-0.084421,0.0,1.0,0,普通大幅波动
sh.512090,2024-09-30,1.599,1.465,1.465,0.091468,0.091468,0.0,1.0,0,普通大幅波动
sh.512090,2024-10-09,1.586,1.691,1.691,-0.062093,-0.062093,0.0,1.0,0,普通大幅波动
sh.512100,2016-12-12,0.925,0.985,0.985,-0.060914,-0.060914,0.0,1.0,0,普通大幅波动
sh.512100,2017-11-17,0.822,0.876,0.876,-0.061644,-0.061644,0.0,1.0,0,普通大幅波动
sh.512100,2018-06-19,0.654,0.705,0.705,-0.07234,-0.07234,0.0,1.0,0,普通大幅波动
sh.512100,2018-10-11,0.533,0.575,0.575,-0.073043,-0.073043,0.0,1.0,0,普通大幅波动
sh.512100,2019-05-06,0.626,0.682,0.682,-0.082111,-0.082111,0.0,1.0,0,普通大幅波动
sh.512100,2020-02-03,0.662,0.735,0.735,-0.09932,-0.09932,0.0,1.0,0,普通大幅波动
sh.512100,2020-02-28,0.759,0.809,0.809,-0.061805,-0.061805,0.0,1.0,0,普通大幅波动
sh.512100,2022-04-25,0.793,0.858,0.858,-0.075758,-0.075758,0.0,1.0,0,普通大幅波动
sh.512100,2022-09-05,2.713,2.711,0.982,1.762729,0.000738,1.760692,0.3622,1,拆分合并型
sh.512100,2024-02-05,1.737,1.849,1.849,-0.060573,-0.060573,0.0,1.0,0,普通大幅波动
sh.512100,2024-02-06,1.855,1.737,1.737,0.067933,0.067933,0.0,1.0,0,普通大幅波动
sh.512100,2024-09-27,2.172,1.994,1.994,0.089268,0.089268,0.0,1.0,0,普通大幅波动
sh.512100,2024-09-30,2.389,2.172,2.172,0.099908,0.099908,0.0,1.0,0,普通大幅波动
sh.512100,2024-10-09,2.324,2.529,2.529,-0.08106,-0.08106,0.0,1.0,0,普通大幅波动
sh.512110,2015-01-05,1.75,1.645,,,0.06383,,,,普通大幅波动
sh.512110,2015-01-19,1.501,1.621,1.621,-0.074028,-0.074028,0.0,1.0,0,普通大幅波动
sh.512110,2015-03-27,1.931,1.767,1.767,0.092813,0.092813,0.0,1.0,0,普通大幅波动
sh.512110,2015-06-19,2.31,2.473,2.473,-0.065912,-0.065912,0.0,1.0,0,普通大幅波动
sh.512110,2015-06-26,2.174,2.347,2.347,-0.073711,-0.073711,0.0,1.0,0,普通大幅波动
sh.512110,2015-06-30,2.24,2.11,2.11,0.061611,0.061611,0.0,1.0,0,普通大幅波动
sh.512110,2015-07-01,2.093,2.24,2.24,-0.065625,-0.065625,0.0,1.0,0,普通大幅波动
sh.512110,2015-07-02,1.946,2.093,2.093,-0.070234,-0.070234,0.0,1.0,0,普通大幅波动
sh.512110,2015-07-09,1.996,1.82,1.82,0.096703,0.096703,0.0,1.0,1,停牌复牌型
sh.512110,2015-07-10,2.194,1.996,1.996,0.099198,0.099198,0.0,1.0,0,普通大幅波动
sh.512110,2015-07-14,2.009,2.161,2.161,-0.070338,-0.070338,0.0,1.0,0,普通大幅波动
sh.512110,2015-07-28,2.144,2.017,2.017,0.062965,0.062965,0.0,1.0,0,普通大幅波动
sh.512110,2015-08-25,1.651,1.817,1.817,-0.091359,-0.091359,0.0,1.0,0,普通大幅波动
sh.512110,2015-09-17,1.779,1.667,1.667,0.067187,0.067187,0.0,1.0,0,普通大幅波动
sh.512110,2015-09-25,1.646,1.76,1.76,-0.064773,-0.064773,0.0,1.0,0,普通大幅波动
sh.512110,2015-09-29,1.57,1.717,1.717,-0.085614,-0.085614,0.0,1.0,0,普通大幅波动
sh.512110,2015-09-30,1.69,1.57,1.57,0.076433,0.076433,0.0,1.0,0,普通大幅波动
sh.512110,2015-11-09,1.98,1.82,1.82,0.087912,0.087912,0.0,1.0,0,普通大幅波动
sh.512110,2015-11-13,1.9,2.059,2.059,-0.077222,-0.077222,0.0,1.0,0,普通大幅波动
sh.512110,2015-11-17,2.039,1.9,1.9,0.073158,0.073158,0.0,1.0,0,普通大幅波动
sh.512110,2015-11-30,1.81,1.939,1.939,-0.066529,-0.066529,0.0,1.0,0,普通大幅波动
sh.512110,2015-12-01,1.935,1.81,1.81,0.069061,0.069061,0.0,1.0,0,普通大幅波动
sh.512110,2016-01-08,1.743,1.9,1.9,-0.082632,-0.082632,0.0,1.0,2,停牌复牌型
sh.512110,2016-01-28,1.533,1.693,1.693,-0.094507,-0.094507,0.0,1.0,0,普通大幅波动
sh.512110,2016-03-02,1.7,1.549,1.549,0.097482,0.097482,0.0,1.0,0,普通大幅波动
sh.512110,2016-08-15,1.639,1.5,1.5,0.092667,0.092667,0.0,1.0,0,普通大幅波动
sh.512110,2016-08-18,1.688,1.588,1.588,0.062972,0.062972,0.0,1.0,0,普通大幅波动
sh.512110,2016-08-22,1.616,1.728,1.728,-0.064815,-0.064815,0.0,1.0,0,普通大幅波动
sh.512110,2016-09-12,1.553,1.678,1.678,-0.074493,-0.074493,0.0,1.0,0,普通大幅波动
sh.512120,2015-04-13,1.553,1.46,1.46,0.063699,0.063699,0.0,1.0,0,普通大幅波动
sh.512120,2015-05-18,1.68,1.57,1.57,0.070064,0.070064,0.0,1.0,0,普通大幅波动
sh.512120,2015-06-26,1.55,1.722,1.722,-0.099884,-0.099884,0.0,1.0,0,普通大幅波动
sh.512120,2015-06-29,1.431,1.55,1.55,-0.076774,-0.076774,0.0,1.0,0,普通大幅波动
sh.512120,2015-07-03,1.37,1.499,1.499,-0.086057,-0.086057,0.0,1.0,0,普通大幅波动
sh.512120,2015-07-06,1.459,1.37,1.37,0.064964,0.064964,0.0,1.0,0,普通大幅波动
sh.512120,2015-07-07,1.329,1.459,1.459,-0.089102,-0.089102,0.0,1.0,0,普通大幅波动
sh.512120,2015-07-09,1.394,1.267,1.267,0.100237,0.100237,0.0,1.0,0,普通大幅波动
sh.512120,2015-07-10,1.533,1.394,1.394,0.099713,0.099713,0.0,1.0,0,普通大幅波动
sh.512120,2015-07-15,1.356,1.486,1.486,-0.087483,-0.087483,0.0,1.0,0,普通大幅波动
sh.512120,2015-08-24,1.331,1.478,1.478,-0.099459,-0.099459,0.0,1.0,0,普通大幅波动
sh.512120,2015-08-25,1.198,1.331,1.331,-0.099925,-0.099925,0.0,1.0,0,普通大幅波动
sh.512120,2015-08-28,1.264,1.17,1.17,0.080342,0.080342,0.0,1.0,0,普通大幅波动
sh.512120,2015-11-27,1.369,1.459,1.459,-0.061686,-0.061686,0.0,1.0,0,普通大幅波动
sh.512120,2015-12-21,1.56,1.46,1.46,0.068493,0.068493,0.0,1.0,0,普通大幅波动
sh.512120,2016-01-04,1.376,1.488,1.488,-0.075269,-0.075269,0.0,1.0,1,停牌复牌型
sh.512120,2016-01-07,1.299,1.408,1.408,-0.077415,-0.077415,0.0,1.0,0,普通大幅波动
sh.512120,2016-03-14,1.219,1.15,1.15,0.06,0.06,0.0,1.0,0,普通大幅波动
sh.512120,2016-08-25,1.483,1.353,1.353,0.096083,0.096083,0.0,1.0,0,普通大幅波动
sh.512120,2016-08-26,1.369,1.483,1.483,-0.076871,-0.076871,0.0,1.0,0,普通大幅波动
sh.512120,2016-12-05,1.483,1.372,1.372,0.080904,0.080904,0.0,1.0,0,普通大幅波动
sh.512120,2016-12-06,1.38,1.483,1.483,-0.069454,-0.069454,0.0,1.0,0,普通大幅波动
sh.512120,2017-03-28,1.535,1.436,1.436,0.068942,0.068942,0.0,1.0,0,普通大幅波动
sh.512120,2017-03-30,1.389,1.5,1.5,-0.074,-0.074,0.0,1.0,0,普通大幅波动
sh.512120,2020-07-16,2.29,2.454,2.454,-0.06683,-0.06683,0.0,1.0,0,普通大幅波动
sh.512120,2022-03-28,0.592,0.598,1.851,-0.680173,-0.010033,-0.676931,3.0953,1,拆分合并型
sh.512120,2022-10-14,0.509,0.472,0.472,0.07839,0.07839,0.0,1.0,0,普通大幅波动
sh.512120,2024-02-06,0.397,0.372,0.372,0.067204,0.067204,0.0,1.0,0,普通大幅波动
sh.512120,2024-09-30,0.444,0.404,0.404,0.09901,0.09901,0.0,1.0,0,普通大幅波动
sh.512120,2024-10-08,0.488,0.444,0.444,0.099099,0.099099,0.0,1.0,0,普通大幅波动
sh.512120,2024-10-09,0.444,0.488,0.488,-0.090164,-0.090164,0.0,1.0,0,普通大幅波动
sh.512150,2019-02-25,1.15,1.079,1.079,0.065802,0.065802,0.0,1.0,0,普通大幅波动
sh.512150,2020-02-03,1.203,1.292,1.292,-0.068885,-0.068885,0.0,1.0,0,普通大幅波动
sh.512150,2020-07-06,1.682,1.534,1.534,0.09648,0.09648,0.0,1.0,0,普通大幅波动
sh.512150,2024-09-27,1.682,1.529,1.529,0.100065,0.100065,0.0,1.0,0,普通大幅波动
sh.512150,2024-10-09,1.649,1.811,1.811,-0.089453,-0.089453,0.0,1.0,0,普通大幅波动
sh.512160,2019-02-25,1.026,0.964,0.964,0.064315,0.064315,0.0,1.0,0,普通大幅波动
sh.512160,2020-02-03,1.043,1.159,1.159,-0.100086,-0.100086,0.0,1.0,0,普通大幅波动
sh.512160,2020-07-06,1.426,1.341,1.341,0.063386,0.063386,0.0,1.0,0,普通大幅波动
sh.512160,2023-01-17,1.204,1.204,1.494,-0.19411,0.0,-0.19411,1.2409,0,拆分合并型
sh.512160,2024-09-30,1.216,1.105,1.105,0.100452,0.100452,0.0,1.0,0,普通大幅波动
sh.512160,2024-10-08,1.301,1.216,1.216,0.069901,0.069901,0.0,1.0,0,普通大幅波动
sh.512160,2024-10-09,1.204,1.301,1.301,-0.074558,-0.074558,0.0,1.0,0,普通大幅波动
sh.512170,2021-01-22,2.799,2.63,2.63,0.064259,0.064259,0.0,1.0,0,普通大幅波动
sh.512170,2021-02-25,0.818,0.822,2.564,-0.680967,-0.004866,-0.679407,3.1192,1,拆分合并型
sh.512170,2021-08-20,0.709,0.758,0.758,-0.064644,-0.064644,0.0,1.0,0,普通大幅波动
sh.512170,2022-10-14,0.51,0.464,0.464,0.099138,0.099138,0.0,1.0,0,普通大幅波动
sh.512170,2022-10-26,0.508,0.479,0.479,0.060543,0.060543,0.0,1.0,0,普通大幅波动
sh.512170,2024-02-06,0.339,0.316,0.316,0.072785,0.072785,0.0,1.0,0,普通大幅波动
sh.512170,2024-09-27,0.32,0.296,0.296,0.081081,0.081081,0.0,1.0,0,普通大幅波动
sh.512170,2024-09-30,0.352,0.32,0.32,0.1,0.1,0.0,1.0,0,普通大幅波动
sh.512170,2024-10-08,0.387,0.352,0.352,0.099432,0.099432,0.0,1.0,0,普通大幅波动
sh.512170,2024-10-09,0.362,0.387,0.387,-0.064599,-0.064599,0.0,1.0,0,普通大幅波动
sh.512180,2019-02-25,1.007,0.942,0.942,0.069002,0.069002,0.0,1.0,0,普通大幅波动
sh.512180,2020-02-03,1.0,1.097,1.097,-0.088423,-0.088423,0.0,1.0,0,普通大幅波动
sh.512180,2024-09-30,1.438,1.31,1.31,0.09771,0.09771,0.0,1.0,0,普通大幅波动
sh.512180,2024-10-08,1.546,1.438,1.438,0.075104,0.075104,0.0,1.0,0,普通大幅波动
sh.512180,2024-10-09,1.42,1.546,1.546,-0.081501,-0.081501,0.0,1.0,0,普通大幅波动
sh.512190,2020-02-03,0.978,1.085,1.085,-0.098618,-0.098618,0.0,1.0,0,普通大幅波动
sh.512190,2020-07-09,1.449,1.366,1.366,0.060761,0.060761,0.0,1.0,0,普通大幅波动
sh.512190,2022-03-07,1.688,1.832,1.832,-0.078603,-0.078603,0.0,1.0,0,普通大幅波动
sh.512190,2024-09-30,1.918,1.761,1.761,0.089154,0.089154,0.0,1.0,0,普通大幅波动
sh.512200,2019-02-25,0.853,0.795,0.795,0.072956,0.072956,0.0,1.0,0,普通大幅波动
sh.512200,2019-05-06,0.847,0.906,0.906,-0.065121,-0.065121,0.0,1.0,0,普通大幅波动
sh.512200,2020-02-03,0.775,0.861,0.861,-0.099884,-0.099884,0.0,1.0,0,普通大幅波动
sh.512200,2020-07-06,1.047,0.952,0.952,0.09979,0.09979,0.0,1.0,0,普通大幅波动
sh.512200,2021-02-25,0.89,0.838,0.838,0.062053,0.062053,0.0,1.0,0,普通大幅波动
sh.512200,2021-11-11,0.78,0.732,0.732,0.065574,0.065574,0.0,1.0,0,普通大幅波动
sh.512200,2022-03-15,0.689,0.754,0.754,-0.086207,-0.086207,0.0,1.0,0,普通大幅波动
sh.512200,2022-03-30,0.864,0.815,0.815,0.060123,0.060123,0.0,1.0,0,普通大幅波动
sh.512200,2022-11-11,0.724,0.672,0.672,0.077381,0.077381,0.0,1.0,0,普通大幅波动
sh.512200,2022-11-29,0.826,0.751,0.751,0.099867,0.099867,0.0,1.0,0,普通大幅波动
sh.512200,2023-07-25,0.66,0.619,0.619,0.066236,0.066236,0.0,1.0,0,普通大幅波动
sh.512200,2024-04-29,0.478,0.442,0.442,0.081448,0.081448,0.0,1.0,0,普通大幅波动
sh.512200,2024-05-17,0.547,0.504,0.504,0.085317,0.085317,0.0,1.0,0,普通大幅波动
sh.512200,2024-08-12,1.191,1.232,0.441,1.70068,-0.033279,1.793651,0.358,0,拆分合并型
sh.512200,2024-09-26,1.395,1.268,1.268,0.100158,0.100158,0.0,1.0,0,普通大幅波动
sh.512200,2024-09-27,1.534,1.395,1.395,0.099642,0.099642,0.0,1.0,0,普通大幅波动
sh.512200,2024-09-30,1.687,1.534,1.534,0.099739,0.099739,0.0,1.0,0,普通大幅波动
sh.512200,2024-10-09,1.486,1.651,1.651,-0.099939,-0.099939,0.0,1.0,0,普通大幅波动
sh.512200,2024-10-17,1.479,1.581,1.581,-0.064516,-0.064516,0.0,1.0,0,普通大幅波动
sh.512210,2015-06-01,1.698,1.593,1.593,0.065913,0.065913,0.0,1.0,0,普通大幅波动
sh.512210,2015-06-19,1.574,1.682,1.682,-0.064209,-0.064209,0.0,1.0,0,普通大幅波动
sh.512210,2015-06-26,1.503,1.641,1.641,-0.084095,-0.084095,0.0,1.0,0,普通大幅波动
sh.512210,2015-07-02,1.38,1.49,1.49,-0.073826,-0.073826,0.0,1.0,0,普通大幅波动
sh.512210,2015-07-06,1.442,1.346,1.346,0.071322,0.071322,0.0,1.0,0,普通大幅波动
sh.512210,2015-07-08,1.273,1.414,1.414,-0.099717,-0.099717,0.0,1.0,0,普通大幅波动
sh.512210,2015-07-09,1.4,1.273,1.273,0.099764,0.099764,0.0,1.0,0,普通大幅波动
sh.512210,2015-07-10,1.492,1.4,1.4,0.065714,0.065714,0.0,1.0,0,普通大幅波动
sh.512210,2015-07-15,1.3,1.415,1.415,-0.081272,-0.081272,0.0,1.0,0,普通大幅波动
sh.512210,2015-07-27,1.348,1.458,1.458,-0.075446,-0.075446,0.0,1.0,0,普通大幅波动
sh.512210,2015-08-24,1.219,1.321,1.321,-0.077214,-0.077214,0.0,1.0,0,普通大幅波动
sh.512210,2015-09-16,1.19,1.117,1.117,0.065354,0.065354,0.0,1.0,0,普通大幅波动
sh.512210,2015-09-22,1.275,1.179,1.179,0.081425,0.081425,0.0,1.0,0,普通大幅波动
sh.512210,2015-09-23,1.171,1.275,1.275,-0.081569,-0.081569,0.0,1.0,0,普通大幅波动
sh.512210,2016-03-09,1.236,1.13,1.13,0.093805,0.093805,0.0,1.0,0,普通大幅波动
sh.512210,2016-03-14,1.16,1.236,1.236,-0.061489,-0.061489,0.0,1.0,1,停牌复牌型
sh.512210,2016-05-03,1.299,1.225,1.225,0.060408,0.060408,0.0,1.0,2,停牌复牌型
sh.512210,2016-05-11,1.31,1.234,1.234,0.061588,0.061588,0.0,1.0,1,停牌复牌型
sh.512210,2016-06-22,1.291,1.41,1.41,-0.084397,-0.084397,0.0,1.0,1,停牌复牌型
sh.512210,2016-07-13,1.557,1.418,1.418,0.098025,0.098025,0.0,1.0,1,停牌复牌型
sh.512210,2016-09-26,1.237,1.359,1.359,-0.089772,-0.089772,0.0,1.0,0,普通大幅波动
sh.512210,2016-09-27,1.341,1.237,1.237,0.084074,0.084074,0.0,1.0,0,普通大幅波动
sh.512210,2017-02-20,1.579,1.442,1.442,0.095007,0.095007,0.0,1.0,0,普通大幅波动
sh.512210,2017-07-24,1.807,1.644,1.644,0.099148,0.099148,0.0,1.0,0,普通大幅波动
sh.512210,2017-08-14,1.886,1.716,1.716,0.099068,0.099068,0.0,1.0,0,普通大幅波动
sh.512210,2017-08-15,1.755,1.886,1.886,-0.069459,-0.069459,0.0,1.0,0,普通大幅波动
sh.512210,2017-11-06,2.15,2.017,2.017,0.06594,0.06594,0.0,1.0,0,普通大幅波动
sh.512210,2017-12-25,2.399,2.181,2.181,0.099954,0.099954,0.0,1.0,0,普通大幅波动
sh.512210,2017-12-28,2.379,2.212,2.212,0.075497,0.075497,0.0,1.0,0,普通大幅波动
sh.512210,2017-12-29,2.212,2.379,2.379,-0.070198,-0.070198,0.0,1.0,0,普通大幅波动
sh.512220,2015-01-16,1.21,1.14,1.14,0.061404,0.061404,0.0,1.0,0,普通大幅波动
sh.512220,2015-02-16,1.437,1.326,1.326,0.08371,0.08371,0.0,1.0,0,普通大幅波动
sh.512220,2015-03-16,1.596,1.48,1.48,0.078378,0.078378,0.0,1.0,0,普通大幅波动
sh.512220,2015-04-21,1.844,1.724,1.724,0.069606,0.069606,0.0,1.0,0,普通大幅波动
sh.512220,2015-06-10,2.663,2.509,2.509,0.061379,0.061379,0.0,1.0,0,普通大幅波动
sh.512220,2015-06-19,2.27,2.438,2.438,-0.068909,-0.068909,0.0,1.0,0,普通大幅波动
sh.512220,2015-06-26,1.98,2.2,2.2,-0.1,-0.1,0.0,1.0,0,普通大幅波动
sh.512220,2015-06-29,1.828,1.98,1.98,-0.076768,-0.076768,0.0,1.0,0,普通大幅波动
sh.512220,2015-06-30,1.963,1.828,1.828,0.073851,0.073851,0.0,1.0,0,普通大幅波动
sh.512220,2015-07-03,1.672,1.8,1.8,-0.071111,-0.071111,0.0,1.0,0,普通大幅波动
sh.512220,2015-07-07,1.428,1.584,1.584,-0.098485,-0.098485,0.0,1.0,0,普通大幅波动
sh.512220,2015-07-08,1.285,1.428,1.428,-0.10014,-0.10014,0.0,1.0,0,普通大幅波动
sh.512220,2015-07-09,1.414,1.285,1.285,0.100389,0.100389,0.0,1.0,0,普通大幅波动
sh.512220,2015-07-10,1.555,1.414,1.414,0.099717,0.099717,0.0,1.0,0,普通大幅波动
sh.512220,2015-07-13,1.71,1.555,1.555,0.099678,0.099678,0.0,1.0,0,普通大幅波动
sh.512220,2015-07-17,1.769,1.667,1.667,0.061188,0.061188,0.0,1.0,0,普通大幅波动
sh.512220,2015-07-27,1.74,1.86,1.86,-0.064516,-0.064516,0.0,1.0,0,普通大幅波动
sh.512220,2015-07-30,1.701,1.813,1.813,-0.061776,-0.061776,0.0,1.0,0,普通大幅波动
sh.512220,2015-08-03,1.586,1.701,1.701,-0.067607,-0.067607,0.0,1.0,0,普通大幅波动
sh.512220,2015-08-04,1.684,1.586,1.586,0.061791,0.061791,0.0,1.0,0,普通大幅波动
sh.512220,2015-08-24,1.498,1.664,1.664,-0.09976,-0.09976,0.0,1.0,0,普通大幅波动
sh.512220,2015-08-25,1.348,1.498,1.498,-0.100134,-0.100134,0.0,1.0,0,普通大幅波动
sh.512220,2015-08-28,1.398,1.317,1.317,0.061503,0.061503,0.0,1.0,0,普通大幅波动
sh.512220,2015-09-07,1.344,1.253,1.253,0.072626,0.072626,0.0,1.0,0,普通大幅波动
sh.512220,2015-09-14,1.271,1.36,1.36,-0.065441,-0.065441,0.0,1.0,0,普通大幅波动
sh.512220,2015-09-16,1.35,1.232,1.232,0.095779,0.095779,0.0,1.0,0,普通大幅波动
sh.512220,2015-09-21,1.4,1.32,1.32,0.060606,0.060606,0.0,1.0,0,普通大幅波动
sh.512220,2015-10-21,1.5,1.61,1.61,-0.068323,-0.068323,0.0,1.0,0,普通大幅波动
sh.512220,2015-10-22,1.59,1.5,1.5,0.06,0.06,0.0,1.0,0,普通大幅波动
sh.512220,2016-01-04,1.625,1.795,1.795,-0.094708,-0.094708,0.0,1.0,0,普通大幅波动
sh.512220,2016-01-26,1.3,1.393,1.393,-0.066762,-0.066762,0.0,1.0,0,普通大幅波动
sh.512220,2016-02-26,1.307,1.432,1.432,-0.087291,-0.087291,0.0,1.0,0,普通大幅波动
sh.512220,2016-03-01,1.359,1.243,1.243,0.093323,0.093323,0.0,1.0,0,普通大幅波动
sh.512220,2016-12-22,1.46,1.366,1.366,0.068814,0.068814,0.0,1.0,0,普通大幅波动
sh.512220,2017-12-21,1.557,1.448,1.448,0.075276,0.075276,0.0,1.0,0,普通大幅波动
sh.512220,2017-12-22,1.461,1.557,1.557,-0.061657,-0.061657,0.0,1.0,0,普通大幅波动
sh.512220,2018-10-12,0.97,1.042,1.042,-0.069098,-0.069098,0.0,1.0,0,普通大幅波动
sh.512220,2019-01-08,1.006,0.941,0.941,0.069075,0.069075,0.0,1.0,0,普通大幅波动
sh.512220,2019-05-06,1.116,1.233,1.233,-0.094891,-0.094891,0.0,1.0,0,普通大幅波动
sh.512220,2020-02-03,1.39,1.544,1.544,-0.099741,-0.099741,0.0,1.0,0,普通大幅波动
sh.512220,2020-02-28,1.651,1.758,1.758,-0.060865,-0.060865,0.0,1.0,0,普通大幅波动
sh.512220,2020-03-16,1.495,1.599,1.599,-0.065041,-0.065041,0.0,1.0,0,普通大幅波动
sh.512220,2022-04-25,1.217,1.301,1.301,-0.064566,-0.064566,0.0,1.0,0,普通大幅波动
sh.512220,2024-09-27,1.41,1.3,1.3,0.084615,0.084615,0.0,1.0,0,普通大幅波动
sh.512220,2024-09-30,1.544,1.41,1.41,0.095035,0.095035,0.0,1.0,0,普通大幅波动
sh.512220,2024-10-08,1.698,1.544,1.544,0.099741,0.099741,0.0,1.0,0,普通大幅波动
sh.512220,2024-10-18,1.63,1.523,1.523,0.070256,0.070256,0.0,1.0,0,普通大幅波动
sh.512230,2015-06-01,1.96,1.846,1.846,0.061755,0.061755,0.0,1.0,0,普通大幅波动
sh.512230,2015-06-26,1.607,1.786,1.786,-0.100224,-0.100224,0.0,1.0,0,普通大幅波动
sh.512230,2015-06-30,1.668,1.53,1.53,0.090196,0.090196,0.0,1.0,0,普通大幅波动
sh.512230,2015-07-02,1.491,1.604,1.604,-0.070449,-0.070449,0.0,1.0,0,普通大幅波动
sh.512230,2015-07-07,1.305,1.447,1.447,-0.098134,-0.098134,0.0,1.0,0,普通大幅波动
sh.512230,2015-07-08,1.177,1.305,1.305,-0.098084,-0.098084,0.0,1.0,0,普通大幅波动
sh.512230,2015-07-09,1.295,1.177,1.177,0.100255,0.100255,0.0,1.0,0,普通大幅波动
sh.512230,2015-07-10,1.425,1.295,1.295,0.100386,0.100386,0.0,1.0,0,普通大幅波动
sh.512230,2015-07-13,1.56,1.425,1.425,0.094737,0.094737,0.0,1.0,0,普通大幅波动
sh.512230,2015-07-15,1.429,1.553,1.553,-0.079845,-0.079845,0.0,1.0,0,普通大幅波动
sh.512230,2015-07-27,1.437,1.572,1.572,-0.085878,-0.085878,0.0,1.0,0,普通大幅波动
sh.512230,2015-08-18,1.483,1.61,1.61,-0.078882,-0.078882,0.0,1.0,0,普通大幅波动
sh.512230,2015-08-24,1.292,1.436,1.436,-0.100279,-0.100279,0.0,1.0,0,普通大幅波动
sh.512230,2015-08-25,1.181,1.292,1.292,-0.085913,-0.085913,0.0,1.0,0,普通大幅波动
sh.512230,2015-09-16,1.287,1.197,1.197,0.075188,0.075188,0.0,1.0,0,普通大幅波动
sh.512230,2016-01-11,1.191,1.286,1.286,-0.073872,-0.073872,0.0,1.0,0,普通大幅波动
sh.512230,2016-02-25,1.118,1.198,1.198,-0.066778,-0.066778,0.0,1.0,0,普通大幅波动
sh.512230,2016-12-19,1.374,1.28,1.28,0.073438,0.073438,0.0,1.0,0,普通大幅波动
sh.512230,2017-01-13,1.39,1.275,1.275,0.090196,0.090196,0.0,1.0,1,停牌复牌型
sh.512230,2017-01-16,1.251,1.39,1.39,-0.1,-0.1,0.0,1.0,0,普通大幅波动
sh.512230,2017-02-13,1.4,1.277,1.277,0.096319,0.096319,0.0,1.0,0,普通大幅波动
sh.512230,2017-02-15,1.32,1.438,1.438,-0.082058,-0.082058,0.0,1.0,0,普通大幅波动
sh.512230,2017-04-24,1.409,1.323,1.323,0.065004,0.065004,0.0,1.0,0,普通大幅波动
sh.512230,2017-05-15,1.356,1.276,1.276,0.062696,0.062696,0.0,1.0,0,普通大幅波动
sh.512260,2019-05-06,1.165,1.25,1.25,-0.068,-0.068,0.0,1.0,0,普通大幅波动
sh.512260,2020-02-03,1.1,1.195,1.195,-0.079498,-0.079498,0.0,1.0,0,普通大幅波动
sh.512260,2024-02-06,1.357,1.265,1.265,0.072727,0.072727,0.0,1.0,0,普通大幅波动
sh.512260,2024-02-07,1.44,1.357,1.357,0.061164,0.061164,0.0,1.0,0,普通大幅波动
sh.512260,2024-09-30,1.539,1.429,1.429,0.076977,0.076977,0.0,1.0,0,普通大幅波动
sh.512260,2024-10-08,1.677,1.539,1.539,0.089669,0.089669,0.0,1.0,0,普通大幅波动
sh.512260,2024-10-09,1.525,1.677,1.677,-0.090638,-0.090638,0.0,1.0,0,普通大幅波动
sh.512270,2020-02-03,0.888,0.976,0.976,-0.090164,-0.090164,0.0,1.0,0,普通大幅波动
sh.512280,2020-02-03,1.005,1.099,1.099,-0.085532,-0.085532,0.0,1.0,0,普通大幅波动
sh.512280,2024-09-30,1.49,1.366,1.366,0.090776,0.090776,0.0,1.0,0,普通大幅波动
sh.512280,2024-10-09,1.475,1.576,1.576,-0.064086,-0.064086,0.0,1.0,0,普通大幅波动
sh.512290,2020-07-24,2.119,2.267,2.267,-0.065285,-0.065285,0.0,1.0,0,普通大幅波动
sh.512290,2022-10-14,1.222,1.114,1.114,0.096948,0.096948,0.0,1.0,0,普通大幅波动
sh.512290,2024-02-06,0.982,0.905,0.905,0.085083,0.085083,0.0,1.0,0,普通大幅波动
sh.512290,2024-09-27,0.908,0.85,0.85,0.068235,0.068235,0.0,1.0,0,普通大幅波动
sh.512290,2024-09-30,0.999,0.908,0.908,0.10022,0.10022,0.0,1.0,0,普通大幅波动
sh.512290,2024-10-08,1.099,0.999,0.999,0.1001,0.1001,0.0,1.0,0,普通大幅波动
sh.512290,2024-10-09,1.022,1.099,1.099,-0.070064,-0.070064,0.0,1.0,0,普通大幅波动
sh.512300,2015-04-13,1.564,1.471,1.471,0.063222,0.063222,0.0,1.0,0,普通大幅波动
sh.512300,2015-06-01,1.964,1.841,1.841,0.066812,0.066812,0.0,1.0,0,普通大幅波动
sh.512300,2015-06-19,1.795,1.928,1.928,-0.068983,-0.068983,0.0,1.0,0,普通大幅波动
sh.512300,2015-06-26,1.633,1.813,1.813,-0.099283,-0.099283,0.0,1.0,0,普通大幅波动
sh.512300,2015-06-30,1.695,1.578,1.578,0.074144,0.074144,0.0,1.0,0,普通大幅波动
sh.512300,2015-07-02,1.52,1.63,1.63,-0.067485,-0.067485,0.0,1.0,0,普通大幅波动
sh.512300,2015-07-03,1.405,1.52,1.52,-0.075658,-0.075658,0.0,1.0,0,普通大幅波动
sh.512300,2015-07-07,1.244,1.382,1.382,-0.099855,-0.099855,0.0,1.0,0,普通大幅波动
sh.512300,2015-07-08,1.12,1.244,1.244,-0.099678,-0.099678,0.0,1.0,0,普通大幅波动
sh.512300,2015-07-09,1.232,1.12,1.12,0.1,0.1,0.0,1.0,0,普通大幅波动
sh.512300,2015-07-10,1.355,1.232,1.232,0.099838,0.099838,0.0,1.0,0,普通大幅波动
sh.512300,2015-07-13,1.491,1.355,1.355,0.100369,0.100369,0.0,1.0,0,普通大幅波动
sh.512300,2015-07-15,1.44,1.565,1.565,-0.079872,-0.079872,0.0,1.0,0,普通大幅波动
sh.512300,2015-07-27,1.49,1.599,1.599,-0.068168,-0.068168,0.0,1.0,0,普通大幅波动
sh.512300,2015-08-18,1.5,1.601,1.601,-0.063086,-0.063086,0.0,1.0,0,普通大幅波动
sh.512300,2015-08-24,1.278,1.42,1.42,-0.1,-0.1,0.0,1.0,0,普通大幅波动
sh.512300,2015-08-25,1.172,1.278,1.278,-0.082942,-0.082942,0.0,1.0,0,普通大幅波动
sh.512300,2015-09-16,1.2,1.131,1.131,0.061008,0.061008,0.0,1.0,0,普通大幅波动
sh.512300,2015-10-23,1.38,1.3,1.3,0.061538,0.061538,0.0,1.0,0,普通大幅波动
sh.512300,2016-01-11,1.151,1.248,1.248,-0.077724,-0.077724,0.0,1.0,0,普通大幅波动
sh.512300,2016-02-25,1.04,1.117,1.117,-0.068935,-0.068935,0.0,1.0,0,普通大幅波动
sh.512300,2018-10-12,0.919,0.99,0.99,-0.071717,-0.071717,0.0,1.0,0,普通大幅波动
sh.512300,2020-02-05,1.33,1.23,1.23,0.081301,0.081301,0.0,1.0,0,普通大幅波动
sh.512300,2020-07-16,1.701,1.814,1.814,-0.062293,-0.062293,0.0,1.0,0,普通大幅波动
sh.512300,2020-07-24,1.699,1.814,1.814,-0.063396,-0.063396,0.0,1.0,0,普通大幅波动
sh.512310,2015-05-28,1.142,1.243,1.243,-0.081255,-0.081255,0.0,1.0,0,普通大幅波动
sh.512310,2015-06-19,1.155,1.256,1.256,-0.080414,-0.080414,0.0,1.0,0,普通大幅波动
sh.512310,2015-06-26,1.064,1.182,1.182,-0.099831,-0.099831,0.0,1.0,0,普通大幅波动
sh.512310,2015-06-29,0.987,1.064,1.064,-0.072368,-0.072368,0.0,1.0,0,普通大幅波动
sh.512310,2015-06-30,1.05,0.987,0.987,0.06383,0.06383,0.0,1.0,0,普通大幅波动
sh.512310,2015-07-02,0.916,0.999,0.999,-0.083083,-0.083083,0.0,1.0,0,普通大幅波动
sh.512310,2015-07-03,0.847,0.916,0.916,-0.075328,-0.075328,0.0,1.0,0,普通大幅波动
sh.512310,2015-07-07,0.745,0.828,0.828,-0.100242,-0.100242,0.0,1.0,0,普通大幅波动
sh.512310,2015-07-08,0.671,0.745,0.745,-0.099329,-0.099329,0.0,1.0,0,普通大幅波动
sh.512310,2015-07-09,0.738,0.671,0.671,0.099851,0.099851,0.0,1.0,0,普通大幅波动
sh.512310,2015-07-10,0.812,0.738,0.738,0.100271,0.100271,0.0,1.0,0,普通大幅波动
sh.512310,2015-07-13,0.893,0.812,0.812,0.099754,0.099754,0.0,1.0,0,普通大幅波动
sh.512310,2015-07-15,0.832,0.924,0.924,-0.099567,-0.099567,0.0,1.0,0,普通大幅波动
sh.512310,2015-07-17,0.93,0.865,0.865,0.075145,0.075145,0.0,1.0,0,普通大幅波动
sh.512310,2015-07-27,0.876,0.97,0.97,-0.096907,-0.096907,0.0,1.0,0,普通大幅波动
sh.512310,2015-08-04,0.936,0.871,0.871,0.074627,0.074627,0.0,1.0,0,普通大幅波动
sh.512310,2015-08-18,0.949,1.021,1.021,-0.070519,-0.070519,0.0,1.0,0,普通大幅波动
sh.512310,2015-08-24,0.806,0.895,0.895,-0.099441,-0.099441,0.0,1.0,0,普通大幅波动
sh.512310,2015-08-25,0.725,0.806,0.806,-0.100496,-0.100496,0.0,1.0,0,普通大幅波动
sh.512310,2015-09-01,0.739,0.794,0.794,-0.06927,-0.06927,0.0,1.0,0,普通大幅波动
sh.512310,2015-09-14,0.733,0.784,0.784,-0.065051,-0.065051,0.0,1.0,0,普通大幅波动
sh.512310,2015-09-16,0.753,0.701,0.701,0.07418,0.07418,0.0,1.0,0,普通大幅波动
sh.512310,2016-01-04,0.735,0.807,0.807,-0.089219,-0.089219,0.0,1.0,0,普通大幅波动
sh.512310,2016-01-07,0.697,0.742,0.742,-0.060647,-0.060647,0.0,1.0,0,普通大幅波动
sh.512310,2016-01-11,0.656,0.698,0.698,-0.060172,-0.060172,0.0,1.0,0,普通大幅波动
sh.512310,2016-01-26,0.592,0.646,0.646,-0.083591,-0.083591,0.0,1.0,0,普通大幅波动
sh.512310,2016-02-25,0.588,0.639,0.639,-0.079812,-0.079812,0.0,1.0,0,普通大幅波动
sh.512310,2016-02-29,0.548,0.59,0.59,-0.071186,-0.071186,0.0,1.0,0,普通大幅波动
sh.512310,2018-06-19,0.479,0.516,0.516,-0.071705,-0.071705,0.0,1.0,0,普通大幅波动
sh.512310,2018-10-11,0.411,0.443,0.443,-0.072235,-0.072235,0.0,1.0,0,普通大幅波动
sh.512310,2019-02-25,0.515,0.469,0.469,0.098081,0.098081,0.0,1.0,0,普通大幅波动
sh.512310,2019-05-06,0.469,0.508,0.508,-0.076772,-0.076772,0.0,1.0,0,普通大幅波动
sh.512310,2020-02-03,0.455,0.505,0.505,-0.09901,-0.09901,0.0,1.0,0,普通大幅波动
sh.512310,2020-07-06,0.618,0.577,0.577,0.071057,0.071057,0.0,1.0,0,普通大幅波动
sh.512310,2020-08-07,0.724,0.668,0.668,0.083832,0.083832,0.0,1.0,0,普通大幅波动
sh.512330,2015-07-27,0.979,1.087,1.087,-0.099356,-0.099356,0.0,1.0,0,普通大幅波动
sh.512330,2015-08-04,0.996,0.933,0.933,0.067524,0.067524,0.0,1.0,0,普通大幅波动
sh.512330,2015-08-18,0.999,1.071,1.071,-0.067227,-0.067227,0.0,1.0,0,普通大幅波动
sh.512330,2015-08-24,0.86,0.953,0.953,-0.097587,-0.097587,0.0,1.0,0,普通大幅波动
sh.512330,2015-08-25,0.774,0.86,0.86,-0.1,-0.1,0.0,1.0,0,普通大幅波动
sh.512330,2015-09-01,0.745,0.794,0.794,-0.061713,-0.061713,0.0,1.0,0,普通大幅波动
sh.512330,2015-09-14,0.741,0.79,0.79,-0.062025,-0.062025,0.0,1.0,0,普通大幅波动
sh.512330,2015-09-15,0.695,0.741,0.741,-0.062078,-0.062078,0.0,1.0,0,普通大幅波动
sh.512330,2015-10-21,0.88,0.941,0.941,-0.064825,-0.064825,0.0,1.0,0,普通大幅波动
sh.512330,2015-11-27,1.034,1.105,1.105,-0.064253,-0.064253,0.0,1.0,0,普通大幅波动
sh.512330,2016-01-04,0.964,1.043,1.043,-0.075743,-0.075743,0.0,1.0,0,普通大幅波动
sh.512330,2016-01-07,0.88,0.951,0.951,-0.074658,-0.074658,0.0,1.0,0,普通大幅波动
sh.512330,2016-01-11,0.812,0.878,0.878,-0.075171,-0.075171,0.0,1.0,0,普通大幅波动
sh.512330,2016-02-25,0.783,0.84,0.84,-0.067857,-0.067857,0.0,1.0,0,普通大幅波动
sh.512330,2016-02-29,0.727,0.779,0.779,-0.066752,-0.066752,0.0,1.0,0,普通大幅波动
sh.512330,2016-06-13,0.801,0.86,0.86,-0.068605,-0.068605,0.0,1.0,0,普通大幅波动
sh.512330,2018-03-23,0.764,0.817,0.817,-0.064871,-0.064871,0.0,1.0,0,普通大幅波动
sh.512330,2018-06-19,0.675,0.728,0.728,-0.072802,-0.072802,0.0,1.0,0,普通大幅波动
sh.512330,2018-10-11,0.569,0.618,0.618,-0.079288,-0.079288,0.0,1.0,0,普通大幅波动
sh.512330,2019-02-25,0.754,0.685,0.685,0.10073,0.10073,0.0,1.0,0,普通大幅波动
sh.512330,2019-03-05,0.779,0.731,0.731,0.065663,0.065663,0.0,1.0,0,普通大幅波动
sh.512330,2019-03-13,0.819,0.872,0.872,-0.06078,-0.06078,0.0,1.0,0,普通大幅波动
sh.512330,2019-05-06,0.701,0.777,0.777,-0.097812,-0.097812,0.0,1.0,0,普通大幅波动
sh.512330,2019-05-10,0.756,0.709,0.709,0.066291,0.066291,0.0,1.0,0,普通大幅波动
sh.512330,2019-10-28,0.944,0.88,0.88,0.072727,0.072727,0.0,1.0,0,普通大幅波动
sh.512330,2020-02-03,0.957,1.063,1.063,-0.099718,-0.099718,0.0,1.0,0,普通大幅波动
sh.512330,2020-02-28,1.139,1.227,1.227,-0.07172,-0.07172,0.0,1.0,0,普通大幅波动
sh.512330,2020-03-09,1.099,1.172,1.172,-0.062287,-0.062287,0.0,1.0,0,普通大幅波动
sh.512330,2020-03-16,1.04,1.109,1.109,-0.062218,-0.062218,0.0,1.0,0,普通大幅波动
sh.512330,2022-04-25,0.744,0.794,0.794,-0.062972,-0.062972,0.0,1.0,0,普通大幅波动
sh.512330,2024-02-06,0.66,0.606,0.606,0.089109,0.089109,0.0,1.0,0,普通大幅波动
sh.512330,2024-02-07,0.715,0.66,0.66,0.083333,0.083333,0.0,1.0,0,普通大幅波动
sh.512330,2024-02-29,0.785,0.738,0.738,0.063686,0.063686,0.0,1.0,0,普通大幅波动
sh.512330,2024-09-27,0.764,0.718,0.718,0.064067,0.064067,0.0,1.0,0,普通大幅波动
sh.512330,2024-09-30,0.84,0.764,0.764,0.099476,0.099476,0.0,1.0,0,普通大幅波动
sh.512330,2024-10-08,0.924,0.84,0.84,0.1,0.1,0.0,1.0,0,普通大幅波动
sh.512330,2024-10-18,0.937,0.876,0.876,0.069635,0.069635,0.0,1.0,0,普通大幅波动
sh.512340,2015-05-28,1.11,1.192,1.192,-0.068792,-0.068792,0.0,1.0,0,普通大幅波动
sh.512340,2015-06-19,1.154,1.254,1.254,-0.079745,-0.079745,0.0,1.0,0,普通大幅波动
sh.512340,2015-06-26,1.049,1.166,1.166,-0.100343,-0.100343,0.0,1.0,0,普通大幅波动
sh.512340,2015-06-30,1.062,0.996,0.996,0.066265,0.066265,0.0,1.0,0,普通大幅波动
sh.512340,2015-07-02,0.927,1.003,1.003,-0.075773,-0.075773,0.0,1.0,0,普通大幅波动
sh.512340,2015-07-03,0.871,0.927,0.927,-0.06041,-0.06041,0.0,1.0,0,普通大幅波动
sh.512340,2015-07-07,0.74,0.822,0.822,-0.099757,-0.099757,0.0,1.0,0,普通大幅波动
sh.512340,2015-07-08,0.666,0.74,0.74,-0.1,-0.1,0.0,1.0,0,普通大幅波动
sh.512340,2015-07-09,0.733,0.666,0.666,0.100601,0.100601,0.0,1.0,0,普通大幅波动
sh.512340,2015-07-10,0.806,0.733,0.733,0.099591,0.099591,0.0,1.0,0,普通大幅波动
sh.512340,2015-07-13,0.887,0.806,0.806,0.100496,0.100496,0.0,1.0,0,普通大幅波动
sh.512340,2015-07-15,0.837,0.927,0.927,-0.097087,-0.097087,0.0,1.0,0,普通大幅波动
sh.512340,2015-07-17,0.928,0.872,0.872,0.06422,0.06422,0.0,1.0,0,普通大幅波动
sh.512340,2015-07-27,0.877,0.949,0.949,-0.075869,-0.075869,0.0,1.0,0,普通大幅波动
sh.512340,2015-08-18,0.926,1.0,1.0,-0.074,-0.074,0.0,1.0,0,普通大幅波动
sh.512340,2015-08-24,0.8,0.874,0.874,-0.084668,-0.084668,0.0,1.0,0,普通大幅波动
sh.512340,2015-08-25,0.72,0.8,0.8,-0.1,-0.1,0.0,1.0,0,普通大幅波动
sh.512340,2015-08-28,0.83,0.774,0.774,0.072351,0.072351,0.0,1.0,0,普通大幅波动
sh.512340,2015-09-01,0.741,0.79,0.79,-0.062025,-0.062025,0.0,1.0,0,普通大幅波动
sh.512340,2015-09-14,0.729,0.782,0.782,-0.067775,-0.067775,0.0,1.0,0,普通大幅波动
sh.512340,2015-09-15,0.685,0.729,0.729,-0.060357,-0.060357,0.0,1.0,0,普通大幅波动
sh.512340,2015-09-16,0.736,0.685,0.685,0.074453,0.074453,0.0,1.0,0,普通大幅波动
sh.512340,2016-01-04,0.8,0.87,0.87,-0.08046,-0.08046,0.0,1.0,0,普通大幅波动
sh.512340,2016-01-07,0.755,0.82,0.82,-0.079268,-0.079268,0.0,1.0,0,普通大幅波动
sh.512340,2016-01-11,0.73,0.778,0.778,-0.061697,-0.061697,0.0,1.0,0,普通大幅波动
sh.512340,2016-01-26,0.663,0.718,0.718,-0.076602,-0.076602,0.0,1.0,0,普通大幅波动
sh.512340,2016-02-25,0.668,0.73,0.73,-0.084932,-0.084932,0.0,1.0,0,普通大幅波动
sh.512340,2018-06-19,0.787,0.846,0.846,-0.06974,-0.06974,0.0,1.0,0,普通大幅波动
sh.512340,2018-10-11,0.683,0.735,0.735,-0.070748,-0.070748,0.0,1.0,0,普通大幅波动
sh.512340,2019-05-06,0.726,0.787,0.787,-0.07751,-0.07751,0.0,1.0,0,普通大幅波动
sh.512340,2020-02-03,0.683,0.759,0.759,-0.100132,-0.100132,0.0,1.0,0,普通大幅波动
sh.512340,2020-07-06,0.849,0.8,0.8,0.06125,0.06125,0.0,1.0,0,普通大幅波动
sh.512340,2020-07-20,0.925,0.842,0.842,0.098575,0.098575,0.0,1.0,0,普通大幅波动
sh.512340,2021-01-07,1.088,0.989,0.989,0.100101,0.100101,0.0,1.0,0,普通大幅波动
sh.512340,2021-01-08,1.197,1.088,1.088,0.100184,0.100184,0.0,1.0,0,普通大幅波动
sh.512360,2020-02-03,1.067,1.159,1.159,-0.079379,-0.079379,0.0,1.0,0,普通大幅波动
sh.512360,2022-06-21,1.631,1.509,1.509,0.080848,0.080848,0.0,1.0,0,普通大幅波动
sh.512360,2024-09-30,1.535,1.416,1.416,0.08404,0.08404,0.0,1.0,0,普通大幅波动
sh.512360,2024-10-08,1.688,1.535,1.535,0.099674,0.099674,0.0,1.0,0,普通大幅波动
sh.512380,2019-05-06,0.912,0.973,0.973,-0.062693,-0.062693,0.0,1.0,0,普通大幅波动
sh.512380,2020-02-03,0.96,1.033,1.033,-0.070668,-0.070668,0.0,1.0,0,普通大幅波动
sh.512380,2024-09-30,1.35,1.227,1.227,0.100244,0.100244,0.0,1.0,0,普通大幅波动
sh.512390,2020-02-03,0.994,1.069,1.069,-0.070159,-0.070159,0.0,1.0,0,普通大幅波动
sh.512390,2020-07-07,1.29,1.213,1.213,0.063479,0.063479,0.0,1.0,0,普通大幅波动
sh.512390,2020-07-22,1.393,1.28,1.28,0.088281,0.088281,0.0,1.0,1,停牌复牌型
sh.512390,2020-07-30,1.436,1.311,1.311,0.095347,0.095347,0.0,1.0,0,普通大幅波动
sh.512390,2020-07-31,1.323,1.436,1.436,-0.078691,-0.078691,0.0,1.0,0,普通大幅波动
sh.512390,2021-11-16,1.589,1.47,1.47,0.080952,0.080952,0.0,1.0,0,普通大幅波动
sh.512390,2021-12-20,1.334,1.343,1.49,-0.104698,-0.006701,-0.098658,1.1095,0,分红型
sh.512390,2022-10-17,1.306,1.19,1.19,0.097479,0.097479,0.0,1.0,0,普通大幅波动
sh.512390,2022-10-19,1.214,1.349,1.349,-0.100074,-0.100074,0.0,1.0,0,普通大幅波动
sh.512390,2024-06-24,1.004,1.01,1.192,-0.157718,-0.005941,-0.152685,1.18017125,0,拆分合并型
sh.512390,2024-09-30,1.136,1.047,1.047,0.085005,0.085005,0.0,1.0,0,普通大幅波动
sh.512390,2024-10-08,1.218,1.136,1.136,0.072183,0.072183,0.0,1.0,0,普通大幅波动
sh.512390,2024-10-09,1.106,1.218,1.218,-0.091954,-0.091954,0.0,1.0,0,普通大幅波动
sh.512400,2018-06-19,0.749,0.802,0.802,-0.066085,-0.066085,0.0,1.0,0,普通大幅波动
sh.512400,2018-10-11,0.596,0.65,0.65,-0.083077,-0.083077,0.0,1.0,0,普通大幅波动
sh.512400,2019-02-25,0.697,0.634,0.634,0.099369,0.099369,0.0,1.0,0,普通大幅波动
sh.512400,2019-03-08,0.686,0.735,0.735,-0.066667,-0.066667,0.0,1.0,0,普通大幅波动
sh.512400,2019-05-06,0.596,0.645,0.645,-0.075969,-0.075969,0.0,1.0,0,普通大幅波动
sh.512400,2020-02-03,0.65,0.722,0.722,-0.099723,-0.099723,0.0,1.0,0,普通大幅波动
sh.512400,2020-02-28,0.705,0.754,0.754,-0.064987,-0.064987,0.0,1.0,0,普通大幅波动
sh.512400,2020-07-06,0.818,0.75,0.75,0.090667,0.090667,0.0,1.0,0,普通大幅波动
sh.512400,2020-07-13,0.898,0.84,0.84,0.069048,0.069048,0.0,1.0,0,普通大幅波动
sh.512400,2021-01-04,1.083,1.019,1.019,0.062807,0.062807,0.0,1.0,0,普通大幅波动
sh.512400,2021-02-18,1.225,1.134,1.134,0.080247,0.080247,0.0,1.0,0,普通大幅波动
sh.512400,2021-03-11,1.121,1.055,1.055,0.062559,0.062559,0.0,1.0,0,普通大幅波动
sh.512400,2021-07-09,1.31,1.23,1.23,0.065041,0.065041,0.0,1.0,0,普通大幅波动
sh.512400,2021-07-29,1.425,1.341,1.341,0.06264,0.06264,0.0,1.0,0,普通大幅波动
sh.512400,2021-09-01,1.556,1.671,1.671,-0.068821,-0.068821,0.0,1.0,0,普通大幅波动
sh.512400,2022-04-25,1.007,1.098,1.098,-0.082878,-0.082878,0.0,1.0,0,普通大幅波动
sh.512400,2022-04-27,1.054,0.975,0.975,0.081026,0.081026,0.0,1.0,0,普通大幅波动
sh.512400,2024-09-30,1.118,1.023,1.023,0.092864,0.092864,0.0,1.0,0,普通大幅波动
sh.512400,2024-10-09,1.029,1.143,1.143,-0.099738,-0.099738,0.0,1.0,0,普通大幅波动
sh.512480,2019-09-09,1.304,1.228,1.228,0.061889,0.061889,0.0,1.0,0,普通大幅波动
sh.512480,2020-02-03,1.649,1.832,1.832,-0.099891,-0.099891,0.0,1.0,0,普通大幅波动
sh.512480,2020-02-26,2.208,2.448,2.448,-0.098039,-0.098039,0.0,1.0,0,普通大幅波动
sh.512480,2020-03-09,1.818,1.969,1.969,-0.076689,-0.076689,0.0,1.0,0,普通大幅波动
sh.512480,2020-03-10,1.964,1.818,1.818,0.080308,0.080308,0.0,1.0,0,普通大幅波动
sh.512480,2020-03-16,1.772,1.913,1.913,-0.073706,-0.073706,0.0,1.0,0,普通大幅波动
sh.512480,2020-03-23,1.651,1.806,1.806,-0.085825,-0.085825,0.0,1.0,0,普通大幅波动
sh.512480,2020-04-02,1.741,1.62,1.62,0.074691,0.074691,0.0,1.0,0,普通大幅波动
sh.512480,2020-04-30,1.821,1.698,1.698,0.072438,0.072438,0.0,1.0,0,普通大幅波动
sh.512480,2020-07-06,2.358,2.144,2.144,0.099813,0.099813,0.0,1.0,0,普通大幅波动
sh.512480,2020-07-15,2.482,2.642,2.642,-0.06056,-0.06056,0.0,1.0,0,普通大幅波动
sh.512480,2020-07-16,2.269,2.482,2.482,-0.085818,-0.085818,0.0,1.0,0,普通大幅波动
sh.512480,2020-11-09,2.334,2.145,2.145,0.088112,0.088112,0.0,1.0,0,普通大幅波动
sh.512480,2021-03-29,0.886,0.883,1.734,-0.489043,0.003398,-0.490773,1.9638,1,拆分合并型
sh.512480,2021-06-17,1.186,1.097,1.097,0.08113,0.08113,0.0,1.0,0,普通大幅波动
sh.512480,2021-07-29,1.516,1.413,1.413,0.072895,0.072895,0.0,1.0,0,普通大幅波动
sh.512480,2021-08-03,1.396,1.496,1.496,-0.066845,-0.066845,0.0,1.0,0,普通大幅波动
sh.512480,2022-02-23,1.168,1.1,1.1,0.061818,0.061818,0.0,1.0,0,普通大幅波动
sh.512480,2022-04-25,0.819,0.885,0.885,-0.074576,-0.074576,0.0,1.0,0,普通大幅波动
sh.512480,2022-04-27,0.85,0.799,0.799,0.06383,0.06383,0.0,1.0,0,普通大幅波动
sh.512480,2022-08-05,1.064,0.983,0.983,0.082401,0.082401,0.0,1.0,0,普通大幅波动
sh.512480,2022-10-10,0.76,0.819,0.819,-0.072039,-0.072039,0.0,1.0,0,普通大幅波动
sh.512480,2022-11-15,0.92,0.864,0.864,0.064815,0.064815,0.0,1.0,0,普通大幅波动
sh.512480,2024-02-06,0.622,0.578,0.578,0.076125,0.076125,0.0,1.0,0,普通大幅波动
sh.512480,2024-02-29,0.736,0.689,0.689,0.068215,0.068215,0.0,1.0,0,普通大幅波动
sh.512480,2024-09-27,0.722,0.678,0.678,0.064897,0.064897,0.0,1.0,0,普通大幅波动
sh.512480,2024-09-30,0.794,0.722,0.722,0.099723,0.099723,0.0,1.0,0,普通大幅波动
sh.512480,2024-10-08,0.873,0.794,0.794,0.099496,0.099496,0.0,1.0,0,普通大幅波动
sh.512480,2024-10-09,0.96,0.873,0.873,0.099656,0.099656,0.0,1.0,0,普通大幅波动
sh.512480,2024-10-18,0.966,0.878,0.878,0.100228,0.100228,0.0,1.0,0,普通大幅波动
sh.512480,2024-11-11,1.121,1.056,1.056,0.061553,0.061553,0.0,1.0,0,普通大幅波动
sh.512500,2015-06-19,4.809,5.173,5.173,-0.070365,-0.070365,0.0,1.0,0,普通大幅波动
sh.512500,2015-06-26,4.348,4.818,4.818,-0.097551,-0.097551,0.0,1.0,0,普通大幅波动
sh.512500,2015-06-30,4.429,4.1,4.1,0.080244,0.080244,0.0,1.0,0,普通大幅波动
sh.512500,2015-07-01,3.998,4.429,4.429,-0.097313,-0.097313,0.0,1.0,0,普通大幅波动
sh.512500,2015-07-02,3.749,3.998,3.998,-0.062281,-0.062281,0.0,1.0,0,普通大幅波动
sh.512500,2015-07-03,3.417,3.749,3.749,-0.088557,-0.088557,0.0,1.0,0,普通大幅波动
sh.512500,2015-07-07,3.164,3.516,3.516,-0.100114,-0.100114,0.0,1.0,0,普通大幅波动
sh.512500,2015-07-08,2.85,3.164,3.164,-0.099241,-0.099241,0.0,1.0,0,普通大幅波动
sh.512500,2015-07-09,3.135,2.85,2.85,0.1,0.1,0.0,1.0,0,普通大幅波动
sh.512500,2015-07-10,3.449,3.135,3.135,0.100159,0.100159,0.0,1.0,0,普通大幅波动
sh.512500,2015-07-13,3.794,3.449,3.449,0.100029,0.100029,0.0,1.0,0,普通大幅波动
sh.512500,2015-07-15,3.44,3.791,3.791,-0.092588,-0.092588,0.0,1.0,0,普通大幅波动
sh.512500,2015-07-17,3.788,3.559,3.559,0.064344,0.064344,0.0,1.0,0,普通大幅波动
sh.512500,2015-07-27,3.66,3.978,3.978,-0.07994,-0.07994,0.0,1.0,0,普通大幅波动
sh.512500,2015-07-29,3.792,3.557,3.557,0.066067,0.066067,0.0,1.0,0,普通大幅波动
sh.512500,2015-08-04,3.701,3.449,3.449,0.073065,0.073065,0.0,1.0,0,普通大幅波动
sh.512500,2015-08-18,3.796,4.113,4.113,-0.077073,-0.077073,0.0,1.0,0,普通大幅波动
sh.512500,2015-08-24,3.299,3.665,3.665,-0.099864,-0.099864,0.0,1.0,0,普通大幅波动
sh.512500,2015-08-25,2.969,3.299,3.299,-0.10003,-0.10003,0.0,1.0,0,普通大幅波动
sh.512500,2015-08-28,3.241,3.011,3.011,0.076387,0.076387,0.0,1.0,0,普通大幅波动
sh.512500,2015-09-01,2.864,3.05,3.05,-0.060984,-0.060984,0.0,1.0,0,普通大幅波动
sh.512500,2015-09-14,2.826,3.065,3.065,-0.077977,-0.077977,0.0,1.0,0,普通大幅波动
sh.512500,2015-09-16,2.893,2.7,2.7,0.071481,0.071481,0.0,1.0,0,普通大幅波动
sh.512500,2018-06-19,2.543,2.707,2.707,-0.060584,-0.060584,0.0,1.0,0,普通大幅波动
sh.512500,2018-10-11,2.135,2.291,2.291,-0.068093,-0.068093,0.0,1.0,0,普通大幅波动
sh.512500,2019-02-25,2.573,2.386,2.386,0.078374,0.078374,0.0,1.0,0,普通大幅波动
sh.512500,2019-05-06,2.437,2.633,2.633,-0.07444,-0.07444,0.0,1.0,0,普通大幅波动
sh.512500,2020-02-03,2.437,2.708,2.708,-0.100074,-0.100074,0.0,1.0,0,普通大幅波动
sh.512500,2024-02-06,2.602,2.404,2.404,0.082363,0.082363,0.0,1.0,0,普通大幅波动
sh.512500,2024-02-07,2.77,2.602,2.602,0.064566,0.064566,0.0,1.0,0,普通大幅波动
sh.512500,2024-09-27,2.89,2.724,2.724,0.06094,0.06094,0.0,1.0,0,普通大幅波动
sh.512500,2024-09-30,3.179,2.89,2.89,0.1,0.1,0.0,1.0,0,普通大幅波动
sh.512500,2024-10-09,3.154,3.368,3.368,-0.063539,-0.063539,0.0,1.0,0,普通大幅波动
sh.512510,2015-06-19,1.976,2.136,2.136,-0.074906,-0.074906,0.0,1.0,0,普通大幅波动
sh.512510,2015-06-26,1.8,1.977,1.977,-0.08953,-0.08953,0.0,1.0,0,普通大幅波动
sh.512510,2015-06-29,1.632,1.8,1.8,-0.093333,-0.093333,0.0,1.0,0,普通大幅波动
sh.512510,2015-06-30,1.77,1.632,1.632,0.084559,0.084559,0.0,1.0,0,普通大幅波动
sh.512510,2015-07-02,1.551,1.672,1.672,-0.072368,-0.072368,0.0,1.0,0,普通大幅波动
sh.512510,2015-07-03,1.451,1.551,1.551,-0.064475,-0.064475,0.0,1.0,0,普通大幅波动
sh.512510,2015-07-07,1.376,1.529,1.529,-0.100065,-0.100065,0.0,1.0,0,普通大幅波动
sh.512510,2015-07-08,1.238,1.376,1.376,-0.100291,-0.100291,0.0,1.0,0,普通大幅波动
sh.512510,2015-07-09,1.362,1.238,1.238,0.100162,0.100162,0.0,1.0,0,普通大幅波动
sh.512510,2015-07-10,1.498,1.362,1.362,0.099853,0.099853,0.0,1.0,0,普通大幅波动
sh.512510,2015-07-13,1.648,1.498,1.498,0.100134,0.100134,0.0,1.0,0,普通大幅波动
sh.512510,2015-07-15,1.4,1.556,1.556,-0.100257,-0.100257,0.0,1.0,0,普通大幅波动
sh.512510,2015-07-27,1.519,1.686,1.686,-0.099051,-0.099051,0.0,1.0,0,普通大幅波动
sh.512510,2015-08-18,1.62,1.747,1.747,-0.072696,-0.072696,0.0,1.0,0,普通大幅波动
sh.512510,2015-08-24,1.385,1.539,1.539,-0.100065,-0.100065,0.0,1.0,0,普通大幅波动
sh.512510,2015-08-25,1.247,1.385,1.385,-0.099639,-0.099639,0.0,1.0,0,普通大幅波动
sh.512510,2015-08-28,1.359,1.275,1.275,0.065882,0.065882,0.0,1.0,0,普通大幅波动
sh.512510,2015-09-01,1.219,1.304,1.304,-0.065184,-0.065184,0.0,1.0,0,普通大幅波动
sh.512510,2015-09-14,1.194,1.28,1.28,-0.067188,-0.067188,0.0,1.0,0,普通大幅波动
sh.512510,2015-09-16,1.226,1.13,1.13,0.084956,0.084956,0.0,1.0,0,普通大幅波动
sh.512510,2016-01-04,1.39,1.521,1.521,-0.086128,-0.086128,0.0,1.0,0,普通大幅波动
sh.512510,2016-01-07,1.288,1.405,1.405,-0.083274,-0.083274,0.0,1.0,0,普通大幅波动
sh.512510,2016-02-25,1.122,1.214,1.214,-0.075783,-0.075783,0.0,1.0,0,普通大幅波动
sh.512510,2018-06-19,1.078,1.148,1.148,-0.060976,-0.060976,0.0,1.0,0,普通大幅波动
sh.512510,2018-10-11,0.91,0.979,0.979,-0.07048,-0.07048,0.0,1.0,0,普通大幅波动
sh.512510,2019-05-06,1.044,1.129,1.129,-0.075288,-0.075288,0.0,1.0,0,普通大幅波动
sh.512510,2020-02-03,1.093,1.214,1.214,-0.099671,-0.099671,0.0,1.0,0,普通大幅波动
sh.512510,2024-02-06,1.334,1.227,1.227,0.087205,0.087205,0.0,1.0,0,普通大幅波动
sh.512510,2024-09-27,1.499,1.409,1.409,0.063875,0.063875,0.0,1.0,0,普通大幅波动
sh.512510,2024-09-30,1.649,1.499,1.499,0.100067,0.100067,0.0,1.0,0,普通大幅波动
sh.512510,2024-10-08,1.814,1.649,1.649,0.100061,0.100061,0.0,1.0,0,普通大幅波动
sh.512510,2024-10-09,1.633,1.814,1.814,-0.099779,-0.099779,0.0,1.0,0,普通大幅波动
sh.512520,2020-02-03,1.045,1.149,1.149,-0.090513,-0.090513,0.0,1.0,0,普通大幅波动
sh.512520,2022-03-22,1.21,1.209,1.539,-0.213775,0.000827,-0.214425,1.273,0,拆分合并型
sh.512520,2024-09-30,1.213,1.103,1.103,0.099728,0.099728,0.0,1.0,0,普通大幅波动
sh.512520,2024-10-08,1.3,1.213,1.213,0.071723,0.071723,0.0,1.0,0,普通大幅波动
sh.512530,2020-02-03,0.905,1.005,1.005,-0.099502,-0.099502,0.0,1.0,0,普通大幅波动
sh.512530,2020-07-06,1.101,1.031,1.031,0.067895,0.067895,0.0,1.0,0,普通大幅波动
sh.512530,2022-03-15,1.108,1.183,1.183,-0.063398,-0.063398,0.0,1.0,0,普通大幅波动
sh.512530,2024-09-30,1.55,1.43,1.43,0.083916,0.083916,0.0,1.0,0,普通大幅波动
sh.512530,2024-10-09,1.458,1.592,1.592,-0.084171,-0.084171,0.0,1.0,0,普通大幅波动
sh.512550,2019-02-25,1.095,1.027,1.027,0.066212,0.066212,0.0,1.0,0,普通大幅波动
sh.512550,2020-02-03,1.127,1.251,1.251,-0.099121,-0.099121,0.0,1.0,0,普通大幅波动
sh.512550,2020-02-04,1.196,1.127,1.127,0.061224,0.061224,0.0,1.0,0,普通大幅波动
sh.512550,2020-07-06,1.552,1.411,1.411,0.099929,0.099929,0.0,1.0,0,普通大幅波动
sh.512550,2024-09-27,1.524,1.431,1.431,0.06499,0.06499,0.0,1.0,0,普通大幅波动
sh.512550,2024-09-30,1.66,1.524,1.524,0.089239,0.089239,0.0,1.0,0,普通大幅波动
sh.512550,2024-10-08,1.766,1.66,1.66,0.063855,0.063855,0.0,1.0,0,普通大幅波动
sh.512550,2024-10-09,1.589,1.766,1.766,-0.100227,-0.100227,0.0,1.0,0,普通大幅波动
sh.512560,2018-02-06,0.802,0.871,0.871,-0.079219,-0.079219,0.0,1.0,0,普通大幅波动
sh.512560,2018-10-17,0.68,0.73,0.73,-0.068493,-0.068493,0.0,1.0,0,普通大幅波动
sh.512560,2019-02-25,0.835,0.782,0.782,0.067775,0.067775,0.0,1.0,0,普通大幅波动
sh.512560,2019-03-25,0.94,0.865,0.865,0.086705,0.086705,0.0,1.0,0,普通大幅波动
sh.512560,2019-05-06,0.777,0.828,0.828,-0.061594,-0.061594,0.0,1.0,0,普通大幅波动
sh.512560,2019-09-02,0.927,0.873,0.873,0.061856,0.061856,0.0,1.0,0,普通大幅波动
sh.512560,2020-02-03,0.761,0.846,0.846,-0.100473,-0.100473,0.0,1.0,0,普通大幅波动
sh.512560,2020-02-17,0.924,0.85,0.85,0.087059,0.087059,0.0,1.0,0,普通大幅波动
sh.512560,2020-07-06,0.976,0.916,0.916,0.065502,0.065502,0.0,1.0,0,普通大幅波动
sh.512560,2020-07-08,1.088,0.989,0.989,0.100101,0.100101,0.0,1.0,0,普通大幅波动
sh.512560,2020-07-20,1.176,1.069,1.069,0.100094,0.100094,0.0,1.0,0,普通大幅波动
sh.512560,2020-08-03,1.244,1.155,1.155,0.077056,0.077056,0.0,1.0,0,普通大幅波动
sh.512560,2021-01-04,1.575,1.463,1.463,0.076555,0.076555,0.0,1.0,0,普通大幅波动
sh.512560,2021-01-26,1.411,1.515,1.515,-0.068647,-0.068647,0.0,1.0,0,普通大幅波动
sh.512560,2021-02-09,1.359,1.28,1.28,0.061719,0.061719,0.0,1.0,0,普通大幅波动
sh.512560,2021-03-08,1.209,1.297,1.297,-0.067849,-0.067849,0.0,1.0,0,普通大幅波动
sh.512560,2021-11-15,0.838,0.851,1.642,-0.489647,-0.015276,-0.48173,1.9295,1,拆分合并型
sh.512560,2022-04-25,0.535,0.578,0.578,-0.074394,-0.074394,0.0,1.0,0,普通大幅波动
sh.512560,2022-04-27,0.548,0.513,0.513,0.068226,0.068226,0.0,1.0,0,普通大幅波动
sh.512560,2024-02-06,0.467,0.437,0.437,0.06865,0.06865,0.0,1.0,0,普通大幅波动
sh.512560,2024-09-30,0.6,0.545,0.545,0.100917,0.100917,0.0,1.0,0,普通大幅波动
sh.512560,2024-10-08,0.66,0.6,0.6,0.1,0.1,0.0,1.0,0,普通大幅波动
sh.512560,2024-10-09,0.614,0.66,0.66,-0.069697,-0.069697,0.0,1.0,0,普通大幅波动
sh.512560,2024-10-11,0.587,0.626,0.626,-0.0623,-0.0623,0.0,1.0,0,普通大幅波动
sh.512560,2024-11-05,0.698,0.654,0.654,0.067278,0.067278,0.0,1.0,0,普通大幅波动
sh.512570,2018-02-09,0.837,0.912,0.912,-0.082237,-0.082237,0.0,1.0,0,普通大幅波动
sh.512570,2018-10-22,0.669,0.608,0.608,0.100329,0.100329,0.0,1.0,0,普通大幅波动
sh.512570,2019-01-04,0.739,0.694,0.694,0.064841,0.064841,0.0,1.0,0,普通大幅波动
sh.512570,2019-02-22,0.922,0.848,0.848,0.087264,0.087264,0.0,1.0,0,普通大幅波动
sh.512570,2019-02-25,1.014,0.922,0.922,0.099783,0.099783,0.0,1.0,0,普通大幅波动
sh.512570,2019-03-07,1.089,1.021,1.021,0.066601,0.066601,0.0,1.0,0,普通大幅波动
sh.512570,2019-03-08,0.99,1.089,1.089,-0.090909,-0.090909,0.0,1.0,0,普通大幅波动
sh.512570,2019-03-29,1.01,0.93,0.93,0.086022,0.086022,0.0,1.0,0,普通大幅波动
sh.512570,2019-05-06,0.855,0.943,0.943,-0.093319,-0.093319,0.0,1.0,0,普通大幅波动
sh.512570,2019-08-19,0.909,0.852,0.852,0.066901,0.066901,0.0,1.0,0,普通大幅波动
sh.512570,2020-02-03,0.854,0.949,0.949,-0.100105,-0.100105,0.0,1.0,0,普通大幅波动
sh.512570,2020-07-02,1.065,0.979,0.979,0.087845,0.087845,0.0,1.0,0,普通大幅波动
sh.512570,2020-07-03,1.171,1.065,1.065,0.099531,0.099531,0.0,1.0,0,普通大幅波动
sh.512570,2020-07-06,1.288,1.171,1.171,0.099915,0.099915,0.0,1.0,0,普通大幅波动
sh.512570,2020-07-08,1.309,1.213,1.213,0.079143,0.079143,0.0,1.0,0,普通大幅波动
sh.512570,2021-05-14,1.063,0.995,0.995,0.068342,0.068342,0.0,1.0,0,普通大幅波动
sh.512570,2022-03-16,0.953,0.899,0.899,0.060067,0.060067,0.0,1.0,0,普通大幅波动
sh.512570,2023-07-28,1.01,0.93,0.93,0.086022,0.086022,0.0,1.0,0,普通大幅波动
sh.512570,2024-04-26,0.885,0.834,0.834,0.061151,0.061151,0.0,1.0,0,普通大幅波动
sh.512570,2024-09-24,0.876,0.825,0.825,0.061818,0.061818,0.0,1.0,0,普通大幅波动
sh.512570,2024-09-26,0.947,0.893,0.893,0.06047,0.06047,0.0,1.0,0,普通大幅波动
sh.512570,2024-09-27,1.019,0.947,0.947,0.07603,0.07603,0.0,1.0,0,普通大幅波动
sh.512570,2024-09-30,1.121,1.019,1.019,0.100098,0.100098,0.0,1.0,0,普通大幅波动
sh.512570,2024-10-08,1.233,1.121,1.121,0.099911,0.099911,0.0,1.0,0,普通大幅波动
sh.512570,2024-10-10,1.138,1.231,1.231,-0.075548,-0.075548,0.0,1.0,0,普通大幅波动
sh.512570,2024-10-18,1.156,1.083,1.083,0.067405,0.067405,0.0,1.0,0,普通大幅波动
sh.512570,2024-11-07,1.354,1.254,1.254,0.079745,0.079745,0.0,1.0,0,普通大幅波动
sh.512580,2018-10-11,0.638,0.687,0.687,-0.071325,-0.071325,0.0,1.0,0,普通大幅波动
sh.512580,2019-05-06,0.727,0.782,0.782,-0.070332,-0.070332,0.0,1.0,0,普通大幅波动
sh.512580,2020-02-03,0.743,0.821,0.821,-0.095006,-0.095006,0.0,1.0,0,普通大幅波动
sh.512580,2021-01-04,1.325,1.235,1.235,0.072874,0.072874,0.0,1.0,0,普通大幅波动
sh.512580,2021-08-04,1.746,1.643,1.643,0.06269,0.06269,0.0,1.0,0,普通大幅波动
sh.512580,2022-04-25,1.22,1.3,1.3,-0.061538,-0.061538,0.0,1.0,0,普通大幅波动
sh.512580,2022-04-27,1.274,1.195,1.195,0.066109,0.066109,0.0,1.0,0,普通大幅波动
sh.512580,2024-09-30,1.016,0.924,0.924,0.099567,0.099567,0.0,1.0,0,普通大幅波动
sh.512580,2024-10-08,1.118,1.016,1.016,0.100394,0.100394,0.0,1.0,0,普通大幅波动
sh.512580,2024-10-09,1.018,1.118,1.118,-0.089445,-0.089445,0.0,1.0,0,普通大幅波动
sh.512590,2020-02-03,0.964,1.055,1.055,-0.086256,-0.086256,0.0,1.0,0,普通大幅波动
sh.512600,2015-04-29,1.774,1.629,1.629,0.089012,0.089012,0.0,1.0,0,普通大幅波动
sh.512600,2015-04-30,1.652,1.774,1.774,-0.068771,-0.068771,0.0,1.0,0,普通大幅波动
sh.512600,2015-05-28,1.812,1.935,1.935,-0.063566,-0.063566,0.0,1.0,0,普通大幅波动
sh.512600,2015-06-19,1.758,1.902,1.902,-0.07571,-0.07571,0.0,1.0,0,普通大幅波动
sh.512600,2015-06-26,1.68,1.832,1.832,-0.082969,-0.082969,0.0,1.0,0,普通大幅波动
sh.512600,2015-06-30,1.738,1.6,1.6,0.08625,0.08625,0.0,1.0,0,普通大幅波动
sh.512600,2015-07-08,1.218,1.353,1.353,-0.099778,-0.099778,0.0,1.0,0,普通大幅波动
sh.512600,2015-07-09,1.34,1.218,1.218,0.100164,0.100164,0.0,1.0,0,普通大幅波动
sh.512600,2015-07-10,1.474,1.34,1.34,0.1,0.1,0.0,1.0,0,普通大幅波动
sh.512600,2015-07-13,1.618,1.474,1.474,0.097693,0.097693,0.0,1.0,0,普通大幅波动
sh.512600,2015-07-15,1.493,1.625,1.625,-0.081231,-0.081231,0.0,1.0,0,普通大幅波动
sh.512600,2015-07-27,1.518,1.615,1.615,-0.060062,-0.060062,0.0,1.0,0,普通大幅波动
sh.512600,2015-08-24,1.376,1.513,1.513,-0.090549,-0.090549,0.0,1.0,0,普通大幅波动
sh.512600,2015-08-25,1.26,1.376,1.376,-0.084302,-0.084302,0.0,1.0,0,普通大幅波动
sh.512600,2017-06-09,1.818,1.711,1.711,0.062537,0.062537,0.0,1.0,0,普通大幅波动
sh.512600,2017-07-05,2.019,1.855,1.855,0.08841,0.08841,0.0,1.0,0,普通大幅波动
sh.512600,2017-09-29,2.18,1.99,1.99,0.095477,0.095477,0.0,1.0,0,普通大幅波动
sh.512600,2017-10-09,2.388,2.18,2.18,0.095413,0.095413,0.0,1.0,0,普通大幅波动
sh.512600,2017-10-10,2.149,2.388,2.388,-0.100084,-0.100084,0.0,1.0,0,普通大幅波动
sh.512600,2018-01-17,2.523,2.697,2.697,-0.064516,-0.064516,0.0,1.0,0,普通大幅波动
sh.512600,2018-02-09,2.234,2.378,2.378,-0.060555,-0.060555,0.0,1.0,0,普通大幅波动
sh.512600,2018-08-17,2.229,2.08,2.08,0.071635,0.071635,0.0,1.0,0,普通大幅波动
sh.512600,2018-08-31,2.286,2.081,2.081,0.09851,0.09851,0.0,1.0,0,普通大幅波动
sh.512600,2018-10-31,1.847,1.969,1.969,-0.06196,-0.06196,0.0,1.0,0,普通大幅波动
sh.512600,2020-02-03,2.59,2.878,2.878,-0.100069,-0.100069,0.0,1.0,0,普通大幅波动
sh.512600,2020-03-05,3.188,3.005,3.005,0.060899,0.060899,0.0,1.0,0,普通大幅波动
sh.512600,2020-07-16,4.021,4.312,4.312,-0.067486,-0.067486,0.0,1.0,0,普通大幅波动
sh.512600,2021-08-16,0.906,0.904,4.497,-0.798532,0.002212,-0.798977,4.9746,1,拆分合并型
sh.512600,2024-09-26,0.67,0.609,0.609,0.100164,0.100164,0.0,1.0,0,普通大幅波动
sh.512600,2024-09-27,0.737,0.67,0.67,0.1,0.1,0.0,1.0,0,普通大幅波动
sh.512600,2024-09-30,0.806,0.737,0.737,0.093623,0.093623,0.0,1.0,0,普通大幅波动
sh.512600,2024-10-09,0.711,0.789,0.789,-0.098859,-0.098859,0.0,1.0,0,普通大幅波动
sh.512600,2024-11-07,0.776,0.726,0.726,0.068871,0.068871,0.0,1.0,0,普通大幅波动
sh.512610,2015-06-26,1.741,1.901,1.901,-0.084166,-0.084166,0.0,1.0,0,普通大幅波动
sh.512610,2015-06-30,1.771,1.651,1.651,0.072683,0.072683,0.0,1.0,0,普通大幅波动
sh.512610,2015-07-03,1.52,1.636,1.636,-0.070905,-0.070905,0.0,1.0,0,普通大幅波动
sh.512610,2015-07-07,1.395,1.55,1.55,-0.1,-0.1,0.0,1.0,0,普通大幅波动
sh.512610,2015-07-08,1.256,1.395,1.395,-0.099642,-0.099642,0.0,1.0,0,普通大幅波动
sh.512610,2015-07-09,1.382,1.256,1.256,0.100318,0.100318,0.0,1.0,0,普通大幅波动
sh.512610,2015-07-10,1.52,1.382,1.382,0.099855,0.099855,0.0,1.0,0,普通大幅波动
sh.512610,2015-07-13,1.672,1.52,1.52,0.1,0.1,0.0,1.0,0,普通大幅波动
sh.512610,2015-07-27,1.59,1.731,1.731,-0.081456,-0.081456,0.0,1.0,0,普通大幅波动
sh.512610,2015-08-18,1.644,1.749,1.749,-0.060034,-0.060034,0.0,1.0,0,普通大幅波动
sh.512610,2015-08-24,1.429,1.556,1.556,-0.08162,-0.08162,0.0,1.0,0,普通大幅波动
sh.512610,2015-08-25,1.304,1.429,1.429,-0.087474,-0.087474,0.0,1.0,0,普通大幅波动
sh.512610,2015-09-16,1.405,1.314,1.314,0.069254,0.069254,0.0,1.0,0,普通大幅波动
sh.512610,2016-01-04,1.471,1.609,1.609,-0.085768,-0.085768,0.0,1.0,0,普通大幅波动
sh.512610,2016-01-07,1.376,1.47,1.47,-0.063946,-0.063946,0.0,1.0,0,普通大幅波动
sh.512610,2016-01-11,1.296,1.383,1.383,-0.062907,-0.062907,0.0,1.0,0,普通大幅波动
sh.512610,2016-01-26,1.218,1.299,1.299,-0.062356,-0.062356,0.0,1.0,0,普通大幅波动
sh.512610,2016-02-25,1.217,1.313,1.313,-0.073115,-0.073115,0.0,1.0,0,普通大幅波动
sh.512610,2019-01-04,1.184,1.1,1.1,0.076364,0.076364,0.0,1.0,0,普通大幅波动
sh.512610,2019-03-18,1.47,1.377,1.377,0.067538,0.067538,0.0,1.0,0,普通大幅波动
sh.512610,2020-07-07,2.155,2.026,2.026,0.063672,0.063672,0.0,1.0,0,普通大幅波动
sh.512610,2022-03-15,1.553,1.654,1.654,-0.061064,-0.061064,0.0,1.0,0,普通大幅波动
sh.512610,2022-10-14,1.488,1.353,1.353,0.099778,0.099778,0.0,1.0,0,普通大幅波动
sh.512640,2015-01-19,1.667,1.852,1.852,-0.099892,-0.099892,0.0,1.0,0,普通大幅波动
sh.512640,2015-01-21,1.747,1.644,1.644,0.062652,0.062652,0.0,1.0,0,普通大幅波动
sh.512640,2015-05-28,2.063,2.203,2.203,-0.06355,-0.06355,0.0,1.0,0,普通大幅波动
sh.512640,2015-06-26,1.87,2.052,2.052,-0.088694,-0.088694,0.0,1.0,0,普通大幅波动
sh.512640,2015-06-30,1.999,1.884,1.884,0.06104,0.06104,0.0,1.0,0,普通大幅波动
sh.512640,2015-07-03,1.741,1.853,1.853,-0.060443,-0.060443,0.0,1.0,0,普通大幅波动
sh.512640,2015-07-06,1.877,1.741,1.741,0.078116,0.078116,0.0,1.0,0,普通大幅波动
sh.512640,2015-07-08,1.683,1.87,1.87,-0.1,-0.1,0.0,1.0,0,普通大幅波动
sh.512640,2015-07-09,1.85,1.683,1.683,0.099228,0.099228,0.0,1.0,0,普通大幅波动
sh.512640,2015-07-10,1.983,1.85,1.85,0.071892,0.071892,0.0,1.0,0,普通大幅波动
sh.512640,2015-07-27,1.665,1.85,1.85,-0.1,-0.1,0.0,1.0,0,普通大幅波动
sh.512640,2015-08-24,1.385,1.539,1.539,-0.100065,-0.100065,0.0,1.0,0,普通大幅波动
sh.512640,2015-08-25,1.288,1.385,1.385,-0.070036,-0.070036,0.0,1.0,0,普通大幅波动
sh.512640,2015-08-27,1.444,1.327,1.327,0.088169,0.088169,0.0,1.0,0,普通大幅波动
sh.512640,2016-01-04,1.69,1.8,1.8,-0.061111,-0.061111,0.0,1.0,0,普通大幅波动
sh.512640,2018-07-23,1.649,1.553,1.553,0.061816,0.061816,0.0,1.0,3,停牌复牌型
sh.512640,2019-02-25,1.962,1.794,1.794,0.093645,0.093645,0.0,1.0,0,普通大幅波动
sh.512640,2019-03-11,2.046,1.915,1.915,0.068407,0.068407,0.0,1.0,0,普通大幅波动
sh.512640,2019-07-04,2.159,2.0,2.0,0.0795,0.0795,0.0,1.0,0,普通大幅波动
sh.512640,2019-07-08,1.955,2.098,2.098,-0.06816,-0.06816,0.0,1.0,0,普通大幅波动
sh.512640,2019-11-18,2.07,1.935,1.935,0.069767,0.069767,0.0,1.0,0,普通大幅波动
sh.512640,2020-02-03,1.825,2.014,2.014,-0.093843,-0.093843,0.0,1.0,0,普通大幅波动
sh.512640,2020-07-02,2.09,1.9,1.9,0.1,0.1,0.0,1.0,0,普通大幅波动
sh.512640,2020-07-06,2.349,2.135,2.135,0.100234,0.100234,0.0,1.0,0,普通大幅波动
sh.512640,2021-09-16,2.044,2.186,2.186,-0.064959,-0.064959,0.0,1.0,0,普通大幅波动
sh.512640,2024-02-06,1.85,1.708,1.708,0.083138,0.083138,0.0,1.0,0,普通大幅波动
sh.512640,2024-09-27,2.189,2.037,2.037,0.07462,0.07462,0.0,1.0,0,普通大幅波动
sh.512640,2024-09-30,2.363,2.189,2.189,0.079488,0.079488,0.0,1.0,0,普通大幅波动
sh.512640,2024-10-09,2.245,2.479,2.479,-0.094393,-0.094393,0.0,1.0,0,普通大幅波动
sh.512650,2020-02-03,0.898,0.992,0.992,-0.094758,-0.094758,0.0,1.0,0,普通大幅波动
sh.512650,2024-09-30,0.985,0.895,0.895,0.100559,0.100559,0.0,1.0,0,普通大幅波动
sh.512650,2024-10-08,1.083,0.985,0.985,0.099492,0.099492,0.0,1.0,0,普通大幅波动
sh.512650,2024-10-09,0.99,1.083,1.083,-0.085873,-0.085873,0.0,1.0,0,普通大幅波动
sh.512660,2018-02-06,0.718,0.764,0.764,-0.060209,-0.060209,0.0,1.0,0,普通大幅波动
sh.512660,2018-10-11,0.624,0.678,0.678,-0.079646,-0.079646,0.0,1.0,0,普通大幅波动
sh.512660,2019-02-25,0.765,0.719,0.719,0.063978,0.063978,0.0,1.0,0,普通大幅波动
sh.512660,2019-05-06,0.701,0.759,0.759,-0.076416,-0.076416,0.0,1.0,0,普通大幅波动
sh.512660,2020-02-03,0.711,0.79,0.79,-0.1,-0.1,0.0,1.0,0,普通大幅波动
sh.512660,2020-02-17,0.849,0.792,0.792,0.07197,0.07197,0.0,1.0,0,普通大幅波动
sh.512660,2020-07-06,0.91,0.857,0.857,0.061844,0.061844,0.0,1.0,0,普通大幅波动
sh.512660,2020-07-08,1.011,0.921,0.921,0.09772,0.09772,0.0,1.0,0,普通大幅波动
sh.512660,2020-07-20,1.1,1.0,1.0,0.1,0.1,0.0,1.0,0,普通大幅波动
sh.512660,2020-08-03,1.17,1.079,1.079,0.084337,0.084337,0.0,1.0,0,普通大幅波动
sh.512660,2021-01-04,1.383,1.288,1.288,0.073758,0.073758,0.0,1.0,0,普通大幅波动
sh.512660,2021-01-26,1.243,1.34,1.34,-0.072388,-0.072388,0.0,1.0,0,普通大幅波动
sh.512660,2021-02-09,1.198,1.128,1.128,0.062057,0.062057,0.0,1.0,0,普通大幅波动
sh.512660,2021-03-08,1.064,1.145,1.145,-0.070742,-0.070742,0.0,1.0,0,普通大幅波动
sh.512660,2022-04-25,0.901,0.976,0.976,-0.076844,-0.076844,0.0,1.0,0,普通大幅波动
sh.512660,2022-04-27,0.923,0.862,0.862,0.070766,0.070766,0.0,1.0,0,普通大幅波动
sh.512660,2024-02-06,0.771,0.724,0.724,0.064917,0.064917,0.0,1.0,0,普通大幅波动
sh.512660,2024-09-30,1.0,0.909,0.909,0.10011,0.10011,0.0,1.0,0,普通大幅波动
sh.512660,2024-10-08,1.1,1.0,1.0,0.1,0.1,0.0,1.0,0,普通大幅波动
sh.512660,2024-10-09,1.015,1.1,1.1,-0.077273,-0.077273,0.0,1.0,0,普通大幅波动
sh.512660,2024-11-05,1.151,1.079,1.079,0.066728,0.066728,0.0,1.0,0,普通大幅波动
sh.512670,2020-02-03,0.989,1.099,1.099,-0.100091,-0.100091,0.0,1.0,0,普通大幅波动
sh.512670,2020-02-17,1.196,1.119,1.119,0.068811,0.068811,0.0,1.0,0,普通大幅波动
sh.512670,2020-02-28,1.17,1.246,1.246,-0.060995,-0.060995,0.0,1.0,0,普通大幅波动
sh.512670,2020-07-06,1.358,1.255,1.255,0.082072,0.082072,0.0,1.0,0,普通大幅波动
sh.512670,2020-07-08,1.498,1.362,1.362,0.099853,0.099853,0.0,1.0,0,普通大幅波动
sh.512670,2020-07-20,1.609,1.463,1.463,0.099795,0.099795,0.0,1.0,0,普通大幅波动
sh.512670,2020-08-03,1.729,1.589,1.589,0.088106,0.088106,0.0,1.0,0,普通大幅波动
sh.512670,2021-01-04,2.272,2.081,2.081,0.091783,0.091783,0.0,1.0,0,普通大幅波动
sh.512670,2021-01-14,2.085,2.226,2.226,-0.063342,-0.063342,0.0,1.0,0,普通大幅波动
sh.512670,2021-01-26,2.019,2.193,2.193,-0.079343,-0.079343,0.0,1.0,0,普通大幅波动
sh.512670,2021-02-09,1.961,1.836,1.836,0.068083,0.068083,0.0,1.0,0,普通大幅波动
sh.512670,2021-03-08,1.66,1.828,1.828,-0.091904,-0.091904,0.0,1.0,0,普通大幅波动
sh.512670,2021-08-23,1.175,1.124,2.253,-0.478473,0.045374,-0.50111,2.0044,1,拆分合并型
sh.512670,2022-04-25,0.71,0.771,0.771,-0.079118,-0.079118,0.0,1.0,0,普通大幅波动
sh.512670,2022-04-27,0.735,0.682,0.682,0.077713,0.077713,0.0,1.0,0,普通大幅波动
sh.512670,2022-04-29,0.792,0.741,0.741,0.068826,0.068826,0.0,1.0,0,普通大幅波动
sh.512670,2022-06-23,0.947,0.881,0.881,0.074915,0.074915,0.0,1.0,0,普通大幅波动
sh.512670,2024-02-06,0.535,0.496,0.496,0.078629,0.078629,0.0,1.0,0,普通大幅波动
sh.512670,2024-09-30,0.681,0.619,0.619,0.100162,0.100162,0.0,1.0,0,普通大幅波动
sh.512670,2024-10-08,0.749,0.681,0.681,0.099853,0.099853,0.0,1.0,0,普通大幅波动
sh.512670,2024-10-09,0.697,0.749,0.749,-0.069426,-0.069426,0.0,1.0,0,普通大幅波动
sh.512670,2024-11-05,0.793,0.735,0.735,0.078912,0.078912,0.0,1.0,0,普通大幅波动
sh.512680,2018-10-11,0.616,0.664,0.664,-0.072289,-0.072289,0.0,1.0,0,普通大幅波动
sh.512680,2019-02-25,0.75,0.707,0.707,0.06082,0.06082,0.0,1.0,0,普通大幅波动
sh.512680,2019-05-06,0.696,0.748,0.748,-0.069519,-0.069519,0.0,1.0,0,普通大幅波动
sh.512680,2020-02-03,0.717,0.797,0.797,-0.100376,-0.100376,0.0,1.0,0,普通大幅波动
sh.512680,2020-02-17,0.854,0.801,0.801,0.066167,0.066167,0.0,1.0,0,普通大幅波动
sh.512680,2020-07-08,1.034,0.94,0.94,0.1,0.1,0.0,1.0,0,普通大幅波动
sh.512680,2020-07-20,1.118,1.016,1.016,0.100394,0.100394,0.0,1.0,0,普通大幅波动
sh.512680,2020-08-03,1.196,1.101,1.101,0.086285,0.086285,0.0,1.0,0,普通大幅波动
sh.512680,2021-01-04,1.405,1.307,1.307,0.074981,0.074981,0.0,1.0,0,普通大幅波动
sh.512680,2021-01-26,1.272,1.368,1.368,-0.070175,-0.070175,0.0,1.0,0,普通大幅波动
sh.512680,2021-02-09,1.224,1.152,1.152,0.0625,0.0625,0.0,1.0,0,普通大幅波动
sh.512680,2021-03-08,1.089,1.171,1.171,-0.070026,-0.070026,0.0,1.0,0,普通大幅波动
sh.512680,2022-04-25,0.929,1.006,1.006,-0.076541,-0.076541,0.0,1.0,0,普通大幅波动
sh.512680,2022-04-27,0.95,0.888,0.888,0.06982,0.06982,0.0,1.0,0,普通大幅波动
sh.512680,2024-02-06,0.786,0.74,0.74,0.062162,0.062162,0.0,1.0,0,普通大幅波动
sh.512680,2024-09-30,1.014,0.922,0.922,0.099783,0.099783,0.0,1.0,0,普通大幅波动
sh.512680,2024-10-08,1.115,1.014,1.014,0.099606,0.099606,0.0,1.0,0,普通大幅波动
sh.512680,2024-10-09,1.043,1.115,1.115,-0.064574,-0.064574,0.0,1.0,0,普通大幅波动
sh.512680,2024-10-11,0.99,1.062,1.062,-0.067797,-0.067797,0.0,1.0,0,普通大幅波动
sh.512680,2024-11-05,1.179,1.107,1.107,0.065041,0.065041,0.0,1.0,0,普通大幅波动
sh.512690,2019-05-06,0.908,1.006,,,-0.097416,,,,普通大幅波动
sh.512690,2020-02-03,1.045,1.161,1.161,-0.099914,-0.099914,0.0,1.0,0,普通大幅波动
sh.512690,2020-07-13,1.838,1.724,1.724,0.066125,0.066125,0.0,1.0,0,普通大幅波动
sh.512690,2020-07-16,1.695,1.856,1.856,-0.086746,-0.086746,0.0,1.0,0,普通大幅波动
sh.512690,2021-01-25,2.828,2.652,2.652,0.066365,0.066365,0.0,1.0,0,普通大幅波动
sh.512690,2021-02-22,2.698,2.919,2.919,-0.075711,-0.075711,0.0,1.0,0,普通大幅波动
sh.512690,2021-03-08,2.174,2.342,2.342,-0.071734,-0.071734,0.0,1.0,0,普通大幅波动
sh.512690,2021-05-17,1.375,1.348,2.644,-0.479955,0.02003,-0.490166,1.9614,1,拆分合并型
sh.512690,2021-06-08,1.447,1.555,1.555,-0.069453,-0.069453,0.0,1.0,0,普通大幅波动
sh.512690,2021-07-26,1.252,1.353,1.353,-0.074649,-0.074649,0.0,1.0,0,普通大幅波动
sh.512690,2021-07-30,1.125,1.201,1.201,-0.063281,-0.063281,0.0,1.0,0,普通大幅波动
sh.512690,2021-08-10,1.26,1.183,1.183,0.065089,0.065089,0.0,1.0,0,普通大幅波动
sh.512690,2021-08-20,1.085,1.159,1.159,-0.063848,-0.063848,0.0,1.0,0,普通大幅波动
sh.512690,2021-09-27,1.251,1.173,1.173,0.066496,0.066496,0.0,1.0,0,普通大幅波动
sh.512690,2021-10-18,1.209,1.296,1.296,-0.06713,-0.06713,0.0,1.0,0,普通大幅波动
sh.512690,2021-12-31,0.965,0.973,1.323,-0.270597,-0.008222,-0.26455,1.35974304,0,拆分合并型
sh.512690,2022-04-12,0.756,0.709,0.709,0.066291,0.066291,0.0,1.0,0,普通大幅波动
sh.512690,2022-11-01,0.694,0.65,0.65,0.067692,0.067692,0.0,1.0,0,普通大幅波动
sh.512690,2024-09-24,0.53,0.5,0.5,0.06,0.06,0.0,1.0,0,普通大幅波动
sh.512690,2024-09-26,0.586,0.533,0.533,0.099437,0.099437,0.0,1.0,0,普通大幅波动
sh.512690,2024-09-27,0.645,0.586,0.586,0.100683,0.100683,0.0,1.0,0,普通大幅波动
sh.512690,2024-09-30,0.71,0.645,0.645,0.100775,0.100775,0.0,1.0,0,普通大幅波动
sh.512690,2024-10-09,0.654,0.727,0.727,-0.100413,-0.100413,0.0,1.0,0,普通大幅波动
sh.512690,2024-11-07,0.706,0.643,0.643,0.097978,0.097978,0.0,1.0,0,普通大幅波动
sh.512700,2019-02-25,1.084,1.018,1.018,0.064833,0.064833,0.0,1.0,0,普通大幅波动
sh.512700,2020-02-03,1.096,1.191,1.191,-0.079765,-0.079765,0.0,1.0,0,普通大幅波动
sh.512700,2020-03-25,0.982,0.961,1.061,-0.074458,0.021852,-0.094251,1.1041,0,分红型
sh.512700,2020-07-06,1.191,1.083,1.083,0.099723,0.099723,0.0,1.0,0,普通大幅波动
sh.512700,2024-10-09,1.364,1.465,1.465,-0.068942,-0.068942,0.0,1.0,0,普通大幅波动
sh.512710,2020-02-03,0.955,1.061,1.061,-0.099906,-0.099906,0.0,1.0,0,普通大幅波动
sh.512710,2020-02-17,1.112,1.044,1.044,0.065134,0.065134,0.0,1.0,0,普通大幅波动
sh.512710,2020-07-06,1.226,1.147,1.147,0.068875,0.068875,0.0,1.0,0,普通大幅波动
sh.512710,2020-07-08,1.352,1.24,1.24,0.090323,0.090323,0.0,1.0,0,普通大幅波动
sh.512710,2020-07-20,1.459,1.326,1.326,0.100302,0.100302,0.0,1.0,0,普通大幅波动
sh.512710,2020-08-03,1.565,1.44,1.44,0.086806,0.086806,0.0,1.0,0,普通大幅波动
sh.512710,2020-12-23,1.667,1.571,1.571,0.061108,0.061108,0.0,1.0,0,普通大幅波动
sh.512710,2021-01-04,1.95,1.831,1.831,0.064992,0.064992,0.0,1.0,0,普通大幅波动
sh.512710,2021-01-26,1.815,1.96,1.96,-0.07398,-0.07398,0.0,1.0,0,普通大幅波动
sh.512710,2021-02-09,1.748,1.647,1.647,0.061324,0.061324,0.0,1.0,0,普通大幅波动
sh.512710,2021-03-08,1.53,1.655,1.655,-0.075529,-0.075529,0.0,1.0,0,普通大幅波动
sh.512710,2021-03-22,0.746,0.742,1.481,-0.496286,0.005391,-0.498987,1.996,1,拆分合并型
sh.512710,2022-04-25,0.649,0.698,0.698,-0.070201,-0.070201,0.0,1.0,0,普通大幅波动
sh.512710,2022-04-27,0.668,0.626,0.626,0.067093,0.067093,0.0,1.0,0,普通大幅波动
sh.512710,2022-04-29,0.714,0.673,0.673,0.060921,0.060921,0.0,1.0,0,普通大幅波动
sh.512710,2022-06-23,0.8,0.752,0.752,0.06383,0.06383,0.0,1.0,0,普通大幅波动
sh.512710,2024-02-06,0.476,0.444,0.444,0.072072,0.072072,0.0,1.0,0,普通大幅波动
sh.512710,2024-09-30,0.616,0.56,0.56,0.1,0.1,0.0,1.0,0,普通大幅波动
sh.512710,2024-10-08,0.678,0.616,0.616,0.100649,0.100649,0.0,1.0,0,普通大幅波动
sh.512710,2024-10-09,0.623,0.678,0.678,-0.081121,-0.081121,0.0,1.0,0,普通大幅波动
sh.512710,2024-11-05,0.704,0.659,0.659,0.068285,0.068285,0.0,1.0,0,普通大幅波动
sh.512720,2019-10-28,1.188,1.094,1.094,0.085923,0.085923,0.0,1.0,0,普通大幅波动
sh.512720,2020-02-03,1.124,1.249,1.249,-0.10008,-0.10008,0.0,1.0,0,普通大幅波动
sh.512720,2020-02-28,1.359,1.472,1.472,-0.076766,-0.076766,0.0,1.0,0,普通大幅波动
sh.512720,2020-03-09,1.328,1.414,1.414,-0.06082,-0.06082,0.0,1.0,0,普通大幅波动
sh.512720,2020-03-23,1.215,1.294,1.294,-0.061051,-0.061051,0.0,1.0,0,普通大幅波动
sh.512720,2020-07-06,1.54,1.445,1.445,0.065744,0.065744,0.0,1.0,0,普通大幅波动
sh.512720,2022-04-25,0.925,0.988,0.988,-0.063765,-0.063765,0.0,1.0,0,普通大幅波动
sh.512720,2022-04-29,0.976,0.915,0.915,0.066667,0.066667,0.0,1.0,0,普通大幅波动
sh.512720,2023-04-10,1.424,1.517,1.517,-0.061305,-0.061305,0.0,1.0,0,普通大幅波动
sh.512720,2024-02-06,0.751,0.696,0.696,0.079023,0.079023,0.0,1.0,0,普通大幅波动
sh.512720,2024-09-27,0.831,0.763,0.763,0.089122,0.089122,0.0,1.0,0,普通大幅波动
sh.512720,2024-09-30,0.914,0.831,0.831,0.09988,0.09988,0.0,1.0,0,普通大幅波动
sh.512720,2024-10-08,1.005,0.914,0.914,0.099562,0.099562,0.0,1.0,0,普通大幅波动
sh.512720,2024-10-18,0.988,0.93,0.93,0.062366,0.062366,0.0,1.0,0,普通大幅波动
sh.512720,2024-11-05,1.069,1.006,1.006,0.062624,0.062624,0.0,1.0,0,普通大幅波动
sh.512730,2020-07-06,1.049,0.954,0.954,0.099581,0.099581,0.0,1.0,0,普通大幅波动
sh.512750,2020-02-03,0.921,1.017,1.017,-0.094395,-0.094395,0.0,1.0,0,普通大幅波动
sh.512750,2020-07-06,1.098,1.02,1.02,0.076471,0.076471,0.0,1.0,0,普通大幅波动
sh.512750,2024-09-30,1.409,1.326,1.326,0.062594,0.062594,0.0,1.0,0,普通大幅波动
sh.512750,2024-10-09,1.374,1.481,1.481,-0.072248,-0.072248,0.0,1.0,0,普通大幅波动
sh.512760,2020-02-03,1.76,1.955,1.955,-0.099744,-0.099744,0.0,1.0,0,普通大幅波动
sh.512760,2020-02-26,2.359,2.602,2.602,-0.09339,-0.09339,0.0,1.0,0,普通大幅波动
sh.512760,2020-03-09,1.948,2.108,2.108,-0.075901,-0.075901,0.0,1.0,0,普通大幅波动
sh.512760,2020-03-10,2.102,1.948,1.948,0.079055,0.079055,0.0,1.0,0,普通大幅波动
sh.512760,2020-03-16,1.913,2.066,2.066,-0.074056,-0.074056,0.0,1.0,0,普通大幅波动
sh.512760,2020-03-23,1.792,1.96,1.96,-0.085714,-0.085714,0.0,1.0,0,普通大幅波动
sh.512760,2020-04-02,1.866,1.74,1.74,0.072414,0.072414,0.0,1.0,0,普通大幅波动
sh.512760,2020-04-30,1.979,1.849,1.849,0.070308,0.070308,0.0,1.0,0,普通大幅波动
sh.512760,2020-07-06,2.586,2.351,2.351,0.099957,0.099957,0.0,1.0,0,普通大幅波动
sh.512760,2020-07-16,2.468,2.701,2.701,-0.086264,-0.086264,0.0,1.0,0,普通大幅波动
sh.512760,2020-07-24,2.376,2.534,2.534,-0.062352,-0.062352,0.0,1.0,0,普通大幅波动
sh.512760,2020-09-10,1.065,1.084,2.271,-0.531044,-0.017528,-0.522677,2.095,1,拆分合并型
sh.512760,2020-11-09,1.284,1.188,1.188,0.080808,0.080808,0.0,1.0,0,普通大幅波动
sh.512760,2021-06-17,1.369,1.26,1.26,0.086508,0.086508,0.0,1.0,0,普通大幅波动
sh.512760,2021-07-29,1.733,1.607,1.607,0.078407,0.078407,0.0,1.0,0,普通大幅波动
sh.512760,2021-08-03,1.607,1.718,1.718,-0.06461,-0.06461,0.0,1.0,0,普通大幅波动
sh.512760,2022-02-23,1.36,1.283,1.283,0.060016,0.060016,0.0,1.0,0,普通大幅波动
sh.512760,2022-04-25,0.934,1.008,1.008,-0.073413,-0.073413,0.0,1.0,0,普通大幅波动
sh.512760,2022-04-27,0.966,0.907,0.907,0.06505,0.06505,0.0,1.0,0,普通大幅波动
sh.512760,2022-08-05,1.21,1.128,1.128,0.072695,0.072695,0.0,1.0,0,普通大幅波动
sh.512760,2022-10-10,0.864,0.931,0.931,-0.071966,-0.071966,0.0,1.0,0,普通大幅波动
sh.512760,2022-11-15,1.048,0.984,0.984,0.065041,0.065041,0.0,1.0,0,普通大幅波动
sh.512760,2024-02-06,0.711,0.664,0.664,0.070783,0.070783,0.0,1.0,0,普通大幅波动
sh.512760,2024-02-29,0.833,0.782,0.782,0.065217,0.065217,0.0,1.0,0,普通大幅波动
sh.512760,2024-09-27,0.817,0.762,0.762,0.072178,0.072178,0.0,1.0,0,普通大幅波动
sh.512760,2024-09-30,0.899,0.817,0.817,0.100367,0.100367,0.0,1.0,0,普通大幅波动
sh.512760,2024-10-08,0.989,0.899,0.899,0.100111,0.100111,0.0,1.0,0,普通大幅波动
sh.512760,2024-10-09,1.088,0.989,0.989,0.100101,0.100101,0.0,1.0,0,普通大幅波动
sh.512760,2024-10-11,0.986,1.051,1.051,-0.061846,-0.061846,0.0,1.0,0,普通大幅波动
sh.512760,2024-10-18,1.078,0.98,0.98,0.1,0.1,0.0,1.0,0,普通大幅波动
sh.512760,2024-11-11,1.26,1.184,1.184,0.064189,0.064189,0.0,1.0,0,普通大幅波动
sh.512770,2020-02-03,1.165,1.266,1.266,-0.079779,-0.079779,0.0,1.0,0,普通大幅波动
sh.512770,2020-07-06,1.745,1.632,1.632,0.06924,0.06924,0.0,1.0,0,普通大幅波动
sh.512770,2024-09-30,1.266,1.151,1.151,0.099913,0.099913,0.0,1.0,0,普通大幅波动
sh.512770,2024-10-08,1.393,1.266,1.266,0.100316,0.100316,0.0,1.0,0,普通大幅波动
sh.512770,2024-10-18,1.332,1.246,1.246,0.069021,0.069021,0.0,1.0,0,普通大幅波动
sh.512780,2018-06-19,0.819,0.876,0.876,-0.065068,-0.065068,0.0,1.0,0,普通大幅波动
sh.512780,2018-10-11,0.673,0.732,0.732,-0.080601,-0.080601,0.0,1.0,0,普通大幅波动
sh.512780,2019-05-06,0.781,0.841,0.841,-0.071344,-0.071344,0.0,1.0,0,普通大幅波动
sh.512780,2020-02-03,0.704,0.782,0.782,-0.099744,-0.099744,0.0,1.0,0,普通大幅波动
sh.512780,2020-03-02,0.839,0.773,0.773,0.085382,0.085382,0.0,1.0,0,普通大幅波动
sh.512780,2022-04-21,0.895,0.954,0.954,-0.061845,-0.061845,0.0,1.0,0,普通大幅波动
sh.512780,2022-04-25,0.81,0.87,0.87,-0.068966,-0.068966,0.0,1.0,0,普通大幅波动
sh.512790,2020-02-03,0.995,1.105,1.105,-0.099548,-0.099548,0.0,1.0,0,普通大幅波动
sh.512800,2019-02-25,1.049,0.985,0.985,0.064975,0.064975,0.0,1.0,0,普通大幅波动
sh.512800,2020-02-03,1.001,1.085,1.085,-0.077419,-0.077419,0.0,1.0,0,普通大幅波动
sh.512800,2020-07-06,1.163,1.057,1.057,0.100284,0.100284,0.0,1.0,0,普通大幅波动
sh.512800,2024-10-09,1.354,1.46,1.46,-0.072603,-0.072603,0.0,1.0,0,普通大幅波动
sh.512810,2018-10-11,0.594,0.638,0.638,-0.068966,-0.068966,0.0,1.0,0,普通大幅波动
sh.512810,2019-02-25,0.721,0.679,0.679,0.061856,0.061856,0.0,1.0,0,普通大幅波动
sh.512810,2019-05-06,0.671,0.724,0.724,-0.073204,-0.073204,0.0,1.0,0,普通大幅波动
sh.512810,2020-02-03,0.689,0.765,0.765,-0.099346,-0.099346,0.0,1.0,0,普通大幅波动
sh.512810,2020-07-06,0.888,0.836,0.836,0.062201,0.062201,0.0,1.0,0,普通大幅波动
sh.512810,2020-07-08,0.994,0.905,0.905,0.098343,0.098343,0.0,1.0,0,普通大幅波动
sh.512810,2020-07-20,1.067,0.97,0.97,0.1,0.1,0.0,1.0,0,普通大幅波动
sh.512810,2020-08-03,1.133,1.048,1.048,0.081107,0.081107,0.0,1.0,0,普通大幅波动
sh.512810,2021-01-04,1.388,1.294,1.294,0.072643,0.072643,0.0,1.0,0,普通大幅波动
sh.512810,2021-01-26,1.26,1.355,1.355,-0.070111,-0.070111,0.0,1.0,0,普通大幅波动
sh.512810,2021-03-08,1.092,1.167,1.167,-0.064267,-0.064267,0.0,1.0,0,普通大幅波动
sh.512810,2022-04-25,1.013,1.095,1.095,-0.074886,-0.074886,0.0,1.0,0,普通大幅波动
sh.512810,2022-04-27,1.038,0.97,0.97,0.070103,0.070103,0.0,1.0,0,普通大幅波动
sh.512810,2024-02-06,0.88,0.827,0.827,0.064087,0.064087,0.0,1.0,0,普通大幅波动
sh.512810,2024-09-30,1.148,1.044,1.044,0.099617,0.099617,0.0,1.0,0,普通大幅波动
sh.512810,2024-10-08,1.263,1.148,1.148,0.100174,0.100174,0.0,1.0,0,普通大幅波动
sh.512810,2024-10-09,1.162,1.263,1.263,-0.079968,-0.079968,0.0,1.0,0,普通大幅波动
sh.512810,2024-11-05,1.317,1.237,1.237,0.064673,0.064673,0.0,1.0,0,普通大幅波动
sh.512820,2020-02-03,1.043,1.118,1.118,-0.067084,-0.067084,0.0,1.0,0,普通大幅波动
sh.512820,2020-07-06,1.192,1.084,1.084,0.099631,0.099631,0.0,1.0,0,普通大幅波动
sh.512820,2024-10-09,1.374,1.489,1.489,-0.077233,-0.077233,0.0,1.0,0,普通大幅波动
sh.512820,2024-11-22,1.256,1.283,1.349,-0.06894,-0.021044,-0.048925,1.05146567,0,分红型
sh.512850,2019-02-25,1.113,1.044,1.044,0.066092,0.066092,0.0,1.0,0,普通大幅波动
sh.512850,2019-05-06,1.034,1.124,1.124,-0.080071,-0.080071,0.0,1.0,0,普通大幅波动
sh.512850,2020-02-03,1.076,1.18,1.18,-0.088136,-0.088136,0.0,1.0,0,普通大幅波动
sh.512860,2019-05-06,1.15,1.231,1.231,-0.0658,-0.0658,0.0,1.0,0,普通大幅波动
sh.512860,2020-02-03,1.179,1.288,1.288,-0.084627,-0.084627,0.0,1.0,0,普通大幅波动
sh.512870,2019-05-06,1.109,1.199,1.199,-0.075063,-0.075063,0.0,1.0,0,普通大幅波动
sh.512870,2020-02-03,1.2,1.317,1.317,-0.088838,-0.088838,0.0,1.0,0,普通大幅波动
sh.512870,2022-03-15,1.529,1.637,1.637,-0.065974,-0.065974,0.0,1.0,0,普通大幅波动
sh.512870,2022-04-25,1.259,1.399,1.399,-0.100071,-0.100071,0.0,1.0,0,普通大幅波动
sh.512870,2024-02-06,0.981,0.916,0.916,0.070961,0.070961,0.0,1.0,0,普通大幅波动
sh.512870,2024-09-27,1.095,1.01,1.01,0.084158,0.084158,0.0,1.0,0,普通大幅波动
sh.512870,2024-09-30,1.205,1.095,1.095,0.100457,0.100457,0.0,1.0,0,普通大幅波动
sh.512870,2024-10-08,1.326,1.205,1.205,0.100415,0.100415,0.0,1.0,0,普通大幅波动
sh.512870,2024-10-09,1.193,1.326,1.326,-0.100302,-0.100302,0.0,1.0,0,普通大幅波动
sh.512880,2017-07-19,1.065,1.002,1.002,0.062874,0.062874,0.0,1.0,0,普通大幅波动
sh.512880,2018-02-09,0.881,0.951,0.951,-0.073607,-0.073607,0.0,1.0,0,普通大幅波动
sh.512880,2018-06-19,0.747,0.807,0.807,-0.074349,-0.074349,0.0,1.0,0,普通大幅波动
sh.512880,2018-10-11,0.649,0.702,0.702,-0.075499,-0.075499,0.0,1.0,0,普通大幅波动
sh.512880,2018-10-22,0.705,0.641,0.641,0.099844,0.099844,0.0,1.0,0,普通大幅波动
sh.512880,2019-01-04,0.784,0.729,0.729,0.075446,0.075446,0.0,1.0,0,普通大幅波动
sh.512880,2019-02-22,0.971,0.883,0.883,0.09966,0.09966,0.0,1.0,0,普通大幅波动
sh.512880,2019-02-25,1.068,0.971,0.971,0.099897,0.099897,0.0,1.0,0,普通大幅波动
sh.512880,2019-03-08,1.04,1.153,1.153,-0.098005,-0.098005,0.0,1.0,0,普通大幅波动
sh.512880,2019-03-29,1.077,0.988,0.988,0.090081,0.090081,0.0,1.0,0,普通大幅波动
sh.512880,2019-05-06,0.905,1.004,1.004,-0.098606,-0.098606,0.0,1.0,0,普通大幅波动
sh.512880,2019-06-20,0.988,0.931,0.931,0.061224,0.061224,0.0,1.0,0,普通大幅波动
sh.512880,2019-08-19,0.96,0.898,0.898,0.069042,0.069042,0.0,1.0,0,普通大幅波动
sh.512880,2020-02-03,0.895,0.994,0.994,-0.099598,-0.099598,0.0,1.0,0,普通大幅波动
sh.512880,2020-02-20,1.068,0.999,0.999,0.069069,0.069069,0.0,1.0,0,普通大幅波动
sh.512880,2020-02-28,0.987,1.055,1.055,-0.064455,-0.064455,0.0,1.0,0,普通大幅波动
sh.512880,2020-07-02,1.116,1.031,1.031,0.082444,0.082444,0.0,1.0,0,普通大幅波动
sh.512880,2020-07-03,1.228,1.116,1.116,0.100358,0.100358,0.0,1.0,0,普通大幅波动
sh.512880,2020-07-06,1.351,1.228,1.228,0.100163,0.100163,0.0,1.0,0,普通大幅波动
sh.512880,2020-07-24,1.191,1.27,1.27,-0.062205,-0.062205,0.0,1.0,0,普通大幅波动
sh.512880,2021-01-12,1.286,1.202,1.202,0.069884,0.069884,0.0,1.0,0,普通大幅波动
sh.512880,2021-05-14,1.081,1.006,1.006,0.074553,0.074553,0.0,1.0,0,普通大幅波动
sh.512880,2021-08-18,1.157,1.082,1.082,0.069316,0.069316,0.0,1.0,0,普通大幅波动
sh.512880,2022-03-16,0.967,0.909,0.909,0.063806,0.063806,0.0,1.0,0,普通大幅波动
sh.512880,2023-07-28,1.017,0.936,0.936,0.086538,0.086538,0.0,1.0,0,普通大幅波动
sh.512880,2024-04-26,0.878,0.827,0.827,0.061669,0.061669,0.0,1.0,0,普通大幅波动
sh.512880,2024-09-24,0.866,0.816,0.816,0.061275,0.061275,0.0,1.0,0,普通大幅波动
sh.512880,2024-09-26,0.938,0.882,0.882,0.063492,0.063492,0.0,1.0,0,普通大幅波动
sh.512880,2024-09-27,1.006,0.938,0.938,0.072495,0.072495,0.0,1.0,0,普通大幅波动
sh.512880,2024-09-30,1.107,1.006,1.006,0.100398,0.100398,0.0,1.0,0,普通大幅波动
sh.512880,2024-10-08,1.218,1.107,1.107,0.100271,0.100271,0.0,1.0,0,普通大幅波动
sh.512880,2024-10-18,1.169,1.088,1.088,0.074449,0.074449,0.0,1.0,0,普通大幅波动
sh.512880,2024-11-07,1.364,1.257,1.257,0.085123,0.085123,0.0,1.0,0,普通大幅波动
sh.512890,2020-02-03,1.047,1.156,1.156,-0.094291,-0.094291,0.0,1.0,0,普通大幅波动
sh.512890,2020-07-06,1.304,1.223,1.223,0.066231,0.066231,0.0,1.0,0,普通大幅波动
sh.512890,2021-10-25,0.801,0.801,1.639,-0.511287,0.0,-0.511287,2.0462,1,拆分合并型
sh.512890,2024-09-30,1.127,1.062,1.062,0.061205,0.061205,0.0,1.0,0,普通大幅波动
sh.512890,2024-10-09,1.054,1.142,1.142,-0.077058,-0.077058,0.0,1.0,0,普通大幅波动
sh.512900,2018-02-09,0.843,0.911,0.911,-0.074643,-0.074643,0.0,1.0,0,普通大幅波动
sh.512900,2018-06-19,0.718,0.772,0.772,-0.069948,-0.069948,0.0,1.0,0,普通大幅波动
sh.512900,2018-10-11,0.624,0.674,0.674,-0.074184,-0.074184,0.0,1.0,0,普通大幅波动
sh.512900,2018-10-22,0.677,0.615,0.615,0.100813,0.100813,0.0,1.0,0,普通大幅波动
sh.512900,2019-01-04,0.755,0.702,0.702,0.075499,0.075499,0.0,1.0,0,普通大幅波动
sh.512900,2019-02-18,0.838,0.79,0.79,0.060759,0.060759,0.0,1.0,0,普通大幅波动
sh.512900,2019-02-22,0.938,0.853,0.853,0.099648,0.099648,0.0,1.0,0,普通大幅波动
sh.512900,2019-02-25,1.032,0.938,0.938,0.100213,0.100213,0.0,1.0,0,普通大幅波动
sh.512900,2019-03-08,1.009,1.115,1.115,-0.095067,-0.095067,0.0,1.0,0,普通大幅波动
sh.512900,2019-03-29,1.033,0.952,0.952,0.085084,0.085084,0.0,1.0,0,普通大幅波动
sh.512900,2019-05-06,0.876,0.968,0.968,-0.095041,-0.095041,0.0,1.0,0,普通大幅波动
sh.512900,2019-06-20,0.951,0.897,0.897,0.060201,0.060201,0.0,1.0,0,普通大幅波动
sh.512900,2019-08-19,0.931,0.873,0.873,0.066438,0.066438,0.0,1.0,0,普通大幅波动
sh.512900,2020-02-03,0.869,0.966,0.966,-0.100414,-0.100414,0.0,1.0,0,普通大幅波动
sh.512900,2020-02-20,1.035,0.972,0.972,0.064815,0.064815,0.0,1.0,0,普通大幅波动
sh.512900,2020-02-28,0.962,1.03,1.03,-0.066019,-0.066019,0.0,1.0,0,普通大幅波动
sh.512900,2020-07-02,1.09,1.006,1.006,0.083499,0.083499,0.0,1.0,0,普通大幅波动
sh.512900,2020-07-03,1.19,1.09,1.09,0.091743,0.091743,0.0,1.0,0,普通大幅波动
sh.512900,2020-07-06,1.309,1.19,1.19,0.1,0.1,0.0,1.0,0,普通大幅波动
sh.512900,2020-07-08,1.348,1.246,1.246,0.081862,0.081862,0.0,1.0,0,普通大幅波动
sh.512900,2020-07-24,1.169,1.25,1.25,-0.0648,-0.0648,0.0,1.0,0,普通大幅波动
sh.512900,2021-01-12,1.268,1.196,1.196,0.060201,0.060201,0.0,1.0,0,普通大幅波动
sh.512900,2021-05-14,1.07,1.0,1.0,0.07,0.07,0.0,1.0,0,普通大幅波动
sh.512900,2021-08-18,1.146,1.074,1.074,0.067039,0.067039,0.0,1.0,0,普通大幅波动
sh.512900,2022-09-16,0.861,0.918,0.918,-0.062092,-0.062092,0.0,1.0,0,普通大幅波动
sh.512900,2023-07-28,1.007,0.928,0.928,0.085129,0.085129,0.0,1.0,0,普通大幅波动
sh.512900,2024-04-26,0.872,0.821,0.821,0.062119,0.062119,0.0,1.0,0,普通大幅波动
sh.512900,2024-09-24,0.86,0.81,0.81,0.061728,0.061728,0.0,1.0,0,普通大幅波动
sh.512900,2024-09-26,0.93,0.877,0.877,0.060433,0.060433,0.0,1.0,0,普通大幅波动
sh.512900,2024-09-27,0.999,0.93,0.93,0.074194,0.074194,0.0,1.0,0,普通大幅波动
sh.512900,2024-09-30,1.099,0.999,0.999,0.1001,0.1001,0.0,1.0,0,普通大幅波动
sh.512900,2024-10-08,1.209,1.099,1.099,0.100091,0.100091,0.0,1.0,0,普通大幅波动
sh.512900,2024-10-18,1.148,1.074,1.074,0.068901,0.068901,0.0,1.0,0,普通大幅波动
sh.512900,2024-11-07,1.347,1.243,1.243,0.083669,0.083669,0.0,1.0,0,普通大幅波动
sh.512910,2020-02-03,0.98,1.074,1.074,-0.087523,-0.087523,0.0,1.0,0,普通大幅波动
sh.512910,2020-07-06,1.293,1.19,1.19,0.086555,0.086555,0.0,1.0,0,普通大幅波动
sh.512910,2024-09-30,1.071,0.974,0.974,0.099589,0.099589,0.0,1.0,0,普通大幅波动
sh.512910,2024-10-08,1.178,1.071,1.071,0.099907,0.099907,0.0,1.0,0,普通大幅波动
sh.512910,2024-10-09,1.06,1.178,1.178,-0.10017,-0.10017,0.0,1.0,0,普通大幅波动
sh.512920,2019-05-06,1.127,1.209,1.209,-0.067825,-0.067825,0.0,1.0,0,普通大幅波动
sh.512920,2019-09-09,1.345,1.245,1.245,0.080321,0.080321,0.0,1.0,0,普通大幅波动
sh.512920,2020-02-03,1.202,1.296,1.296,-0.072531,-0.072531,0.0,1.0,0,普通大幅波动
sh.512930,2020-02-03,1.204,1.337,1.337,-0.099476,-0.099476,0.0,1.0,0,普通大幅波动
sh.512930,2020-02-28,1.451,1.558,1.558,-0.068678,-0.068678,0.0,1.0,0,普通大幅波动
sh.512930,2020-03-09,1.402,1.494,1.494,-0.06158,-0.06158,0.0,1.0,0,普通大幅波动
sh.512930,2020-03-16,1.324,1.419,1.419,-0.066949,-0.066949,0.0,1.0,0,普通大幅波动
sh.512930,2020-03-23,1.254,1.341,1.341,-0.064877,-0.064877,0.0,1.0,0,普通大幅波动
sh.512930,2021-11-09,1.476,1.457,1.607,-0.081518,0.01304,-0.093342,1.103,0,分红型
sh.512930,2022-04-25,1.014,1.086,1.086,-0.066298,-0.066298,0.0,1.0,0,普通大幅波动
sh.512930,2024-02-06,0.936,0.87,0.87,0.075862,0.075862,0.0,1.0,0,普通大幅波动
sh.512930,2024-06-24,1.042,1.069,1.123,-0.072128,-0.025257,-0.048085,1.05049864,0,分红型
sh.512930,2024-09-30,1.142,1.038,1.038,0.100193,0.100193,0.0,1.0,0,普通大幅波动
sh.512930,2024-10-08,1.256,1.142,1.142,0.099825,0.099825,0.0,1.0,0,普通大幅波动
sh.512930,2024-10-18,1.269,1.18,1.18,0.075424,0.075424,0.0,1.0,0,普通大幅波动
sh.512950,2019-05-06,0.968,1.032,1.032,-0.062016,-0.062016,0.0,1.0,0,普通大幅波动
sh.512950,2020-02-03,0.873,0.97,0.97,-0.1,-0.1,0.0,1.0,0,普通大幅波动
sh.512950,2020-07-06,1.063,1.001,1.001,0.061938,0.061938,0.0,1.0,0,普通大幅波动
sh.512950,2022-03-15,1.125,1.197,1.197,-0.06015,-0.06015,0.0,1.0,0,普通大幅波动
sh.512950,2024-09-30,1.421,1.301,1.301,0.092237,0.092237,0.0,1.0,0,普通大幅波动
sh.512950,2024-10-08,1.528,1.421,1.421,0.075299,0.075299,0.0,1.0,0,普通大幅波动
sh.512950,2024-10-09,1.375,1.528,1.528,-0.100131,-0.100131,0.0,1.0,0,普通大幅波动
sh.512960,2019-05-06,0.967,1.033,1.033,-0.063892,-0.063892,0.0,1.0,0,普通大幅波动
sh.512960,2020-02-03,0.876,0.965,0.965,-0.092228,-0.092228,0.0,1.0,0,普通大幅波动
sh.512960,2020-07-06,1.057,0.997,0.997,0.060181,0.060181,0.0,1.0,0,普通大幅波动
sh.512960,2024-09-30,1.35,1.26,1.26,0.071429,0.071429,0.0,1.0,0,普通大幅波动
sh.512970,2020-02-03,0.962,1.059,1.059,-0.091596,-0.091596,0.0,1.0,0,普通大幅波动
sh.512970,2022-03-08,1.223,1.304,1.304,-0.062117,-0.062117,0.0,1.0,0,普通大幅波动
sh.512970,2022-04-26,1.071,1.16,1.16,-0.076724,-0.076724,0.0,1.0,0,普通大幅波动
sh.512970,2024-09-30,1.203,1.094,1.094,0.099634,0.099634,0.0,1.0,0,普通大幅波动
sh.512970,2024-10-08,1.323,1.203,1.203,0.099751,0.099751,0.0,1.0,0,普通大幅波动
sh.512970,2024-10-09,1.227,1.323,1.323,-0.072562,-0.072562,0.0,1.0,0,普通大幅波动
sh.512980,2018-06-19,0.81,0.862,0.862,-0.060325,-0.060325,0.0,1.0,0,普通大幅波动
sh.512980,2018-10-11,0.635,0.679,0.679,-0.064801,-0.064801,0.0,1.0,0,普通大幅波动
sh.512980,2019-02-25,0.809,0.756,0.756,0.070106,0.070106,0.0,1.0,0,普通大幅波动
sh.512980,2019-05-06,0.741,0.799,0.799,-0.072591,-0.072591,0.0,1.0,0,普通大幅波动
sh.512980,2020-02-03,0.79,0.878,0.878,-0.100228,-0.100228,0.0,1.0,0,普通大幅波动
sh.512980,2020-02-06,0.909,0.849,0.849,0.070671,0.070671,0.0,1.0,0,普通大幅波动
sh.512980,2022-01-25,0.754,0.804,0.804,-0.062189,-0.062189,0.0,1.0,0,普通大幅波动
sh.512980,2022-03-15,0.608,0.647,0.647,-0.060278,-0.060278,0.0,1.0,0,普通大幅波动
sh.512980,2022-04-25,0.55,0.589,0.589,-0.066214,-0.066214,0.0,1.0,0,普通大幅波动
sh.512980,2022-04-29,0.59,0.55,0.55,0.072727,0.072727,0.0,1.0,0,普通大幅波动
sh.512980,2023-04-28,0.961,0.88,0.88,0.092045,0.092045,0.0,1.0,0,普通大幅波动
sh.512980,2023-05-04,1.019,0.961,0.961,0.060354,0.060354,0.0,1.0,0,普通大幅波动
sh.512980,2023-06-21,0.941,1.019,1.019,-0.076546,-0.076546,0.0,1.0,0,普通大幅波动
sh.512980,2023-12-22,0.71,0.783,0.783,-0.093231,-0.093231,0.0,1.0,0,普通大幅波动
sh.512980,2024-02-06,0.621,0.58,0.58,0.07069,0.07069,0.0,1.0,0,普通大幅波动
sh.512980,2024-09-30,0.738,0.671,0.671,0.099851,0.099851,0.0,1.0,0,普通大幅波动
sh.512980,2024-10-08,0.805,0.738,0.738,0.090786,0.090786,0.0,1.0,0,普通大幅波动
sh.512980,2024-10-09,0.725,0.805,0.805,-0.099379,-0.099379,0.0,1.0,0,普通大幅波动
sh.512990,2015-05-28,1.407,1.502,1.502,-0.063249,-0.063249,0.0,1.0,0,普通大幅波动
sh.512990,2015-06-19,1.363,1.455,1.455,-0.06323,-0.06323,0.0,1.0,0,普通大幅波动
sh.512990,2015-06-26,1.252,1.381,1.381,-0.093411,-0.093411,0.0,1.0,0,普通大幅波动
sh.512990,2015-07-07,1.056,1.128,1.128,-0.06383,-0.06383,0.0,1.0,0,普通大幅波动
sh.512990,2015-07-08,0.95,1.056,1.056,-0.100379,-0.100379,0.0,1.0,0,普通大幅波动
sh.512990,2015-07-09,1.045,0.95,0.95,0.1,0.1,0.0,1.0,0,普通大幅波动
sh.512990,2015-07-10,1.15,1.045,1.045,0.100478,0.100478,0.0,1.0,0,普通大幅波动
sh.512990,2015-07-13,1.245,1.15,1.15,0.082609,0.082609,0.0,1.0,0,普通大幅波动
sh.512990,2015-07-15,1.082,1.191,1.191,-0.09152,-0.09152,0.0,1.0,0,普通大幅波动
sh.512990,2015-07-27,1.075,1.187,1.187,-0.094356,-0.094356,0.0,1.0,0,普通大幅波动
sh.512990,2015-08-24,0.956,1.062,1.062,-0.099812,-0.099812,0.0,1.0,0,普通大幅波动
sh.512990,2015-08-25,0.861,0.956,0.956,-0.099372,-0.099372,0.0,1.0,0,普通大幅波动
sh.512990,2015-09-16,0.962,0.901,0.901,0.067703,0.067703,0.0,1.0,0,普通大幅波动
sh.512990,2016-02-25,0.834,0.888,0.888,-0.060811,-0.060811,0.0,1.0,0,普通大幅波动
sh.512990,2020-02-03,1.134,1.248,1.248,-0.091346,-0.091346,0.0,1.0,0,普通大幅波动
sh.512990,2024-09-30,1.642,1.495,1.495,0.098328,0.098328,0.0,1.0,0,普通大幅波动
sh.512990,2024-10-09,1.618,1.74,1.74,-0.070115,-0.070115,0.0,1.0,0,普通大幅波动
sh.513000,2020-03-16,0.825,0.888,0.888,-0.070946,-0.070946,0.0,1.0,0,普通大幅波动
sh.513000,2020-03-24,0.853,0.799,0.799,0.067584,0.067584,0.0,1.0,0,普通大幅波动
sh.513000,2023-05-18,1.335,1.259,1.259,0.060365,0.060365,0.0,1.0,0,普通大幅波动
sh.513000,2023-05-19,1.469,1.335,1.335,0.100375,0.100375,0.0,1.0,0,普通大幅波动
sh.513000,2023-05-22,1.324,1.469,1.469,-0.098707,-0.098707,0.0,1.0,0,普通大幅波动
sh.513000,2023-05-23,1.225,1.324,1.324,-0.074773,-0.074773,0.0,1.0,0,普通大幅波动
sh.513000,2024-08-05,1.219,1.344,1.344,-0.093006,-0.093006,0.0,1.0,0,普通大幅波动
sh.513010,2021-07-27,0.793,0.861,0.861,-0.078978,-0.078978,0.0,1.0,0,普通大幅波动
sh.513010,2021-07-29,0.86,0.803,0.803,0.070984,0.070984,0.0,1.0,0,普通大幅波动
sh.513010,2022-03-14,0.474,0.517,0.517,-0.083172,-0.083172,0.0,1.0,0,普通大幅波动
sh.513010,2022-03-15,0.432,0.474,0.474,-0.088608,-0.088608,0.0,1.0,0,普通大幅波动
sh.513010,2022-03-16,0.475,0.432,0.432,0.099537,0.099537,0.0,1.0,0,普通大幅波动
sh.513010,2022-03-17,0.523,0.475,0.475,0.101053,0.101053,0.0,1.0,0,普通大幅波动
sh.513010,2022-03-25,0.532,0.567,0.567,-0.061728,-0.061728,0.0,1.0,0,普通大幅波动
sh.513010,2022-04-29,0.559,0.511,0.511,0.093933,0.093933,0.0,1.0,0,普通大幅波动
sh.513010,2022-10-24,0.401,0.436,0.436,-0.080275,-0.080275,0.0,1.0,0,普通大幅波动
sh.513010,2022-11-01,0.433,0.402,0.402,0.077114,0.077114,0.0,1.0,0,普通大幅波动
sh.513010,2022-11-04,0.459,0.428,0.428,0.07243,0.07243,0.0,1.0,0,普通大幅波动
sh.513010,2022-11-11,0.473,0.445,0.445,0.062921,0.062921,0.0,1.0,0,普通大幅波动
sh.513010,2022-11-15,0.514,0.483,0.483,0.064182,0.064182,0.0,1.0,0,普通大幅波动
sh.513010,2022-12-05,0.567,0.526,0.526,0.077947,0.077947,0.0,1.0,0,普通大幅波动
sh.513010,2024-02-06,0.449,0.421,0.421,0.066508,0.066508,0.0,1.0,0,普通大幅波动
sh.513010,2024-05-06,0.557,0.515,0.515,0.081553,0.081553,0.0,1.0,0,普通大幅波动
sh.513010,2024-09-26,0.57,0.536,0.536,0.063433,0.063433,0.0,1.0,0,普通大幅波动
sh.513010,2024-09-30,0.661,0.604,0.604,0.094371,0.094371,0.0,1.0,0,普通大幅波动
sh.513020,2022-03-14,0.698,0.767,0.767,-0.089961,-0.089961,0.0,1.0,0,普通大幅波动
sh.513020,2022-03-15,0.644,0.698,0.698,-0.077364,-0.077364,0.0,1.0,0,普通大幅波动
sh.513020,2022-03-16,0.708,0.644,0.644,0.099379,0.099379,0.0,1.0,0,普通大幅波动
sh.513020,2022-03-17,0.779,0.708,0.708,0.100282,0.100282,0.0,1.0,0,普通大幅波动
sh.513020,2022-04-29,0.809,0.744,0.744,0.087366,0.087366,0.0,1.0,0,普通大幅波动
sh.513020,2022-10-24,0.599,0.649,0.649,-0.077042,-0.077042,0.0,1.0,0,普通大幅波动
sh.513020,2022-11-01,0.651,0.608,0.608,0.070724,0.070724,0.0,1.0,0,普通大幅波动
sh.513020,2022-11-04,0.697,0.656,0.656,0.0625,0.0625,0.0,1.0,0,普通大幅波动
sh.513020,2022-11-11,0.712,0.669,0.669,0.064275,0.064275,0.0,1.0,0,普通大幅波动
sh.513020,2024-02-06,0.577,0.542,0.542,0.064576,0.064576,0.0,1.0,0,普通大幅波动
sh.513020,2024-05-06,0.71,0.666,0.666,0.066066,0.066066,0.0,1.0,0,普通大幅波动
sh.513020,2024-09-30,0.88,0.803,0.803,0.09589,0.09589,0.0,1.0,0,普通大幅波动
sh.513030,2020-03-16,0.82,0.874,0.874,-0.061785,-0.061785,0.0,1.0,0,普通大幅波动
sh.513030,2020-03-25,0.803,0.74,0.74,0.085135,0.085135,0.0,1.0,0,普通大幅波动
sh.513030,2020-04-07,0.855,0.795,0.795,0.075472,0.075472,0.0,1.0,0,普通大幅波动
sh.513030,2022-03-10,0.983,0.923,0.923,0.065005,0.065005,0.0,1.0,0,普通大幅波动
sh.513040,2024-01-17,0.775,0.825,0.825,-0.060606,-0.060606,0.0,1.0,0,普通大幅波动
sh.513040,2024-05-06,1.037,0.963,0.963,0.076843,0.076843,0.0,1.0,0,普通大幅波动
sh.513040,2024-09-26,1.03,0.967,0.967,0.06515,0.06515,0.0,1.0,0,普通大幅波动
sh.513040,2024-09-27,1.1,1.03,1.03,0.067961,0.067961,0.0,1.0,0,普通大幅波动
sh.513040,2024-09-30,1.21,1.1,1.1,0.1,0.1,0.0,1.0,0,普通大幅波动
sh.513040,2024-10-09,1.136,1.217,1.217,-0.066557,-0.066557,0.0,1.0,0,普通大幅波动
sh.513050,2018-02-06,1.445,1.547,1.547,-0.065934,-0.065934,0.0,1.0,0,普通大幅波动
sh.513050,2018-10-08,1.224,1.305,1.305,-0.062069,-0.062069,0.0,1.0,0,普通大幅波动
sh.513050,2018-11-02,1.204,1.12,1.12,0.075,0.075,0.0,1.0,0,普通大幅波动
sh.513050,2020-07-21,2.009,1.893,1.893,0.061278,0.061278,0.0,1.0,0,普通大幅波动
sh.513050,2021-07-26,1.645,1.76,1.76,-0.065341,-0.065341,0.0,1.0,0,普通大幅波动
sh.513050,2022-03-14,0.945,1.02,1.02,-0.073529,-0.073529,0.0,1.0,0,普通大幅波动
sh.513050,2022-03-15,0.865,0.945,0.945,-0.084656,-0.084656,0.0,1.0,0,普通大幅波动
sh.513050,2022-03-16,0.952,0.865,0.865,0.100578,0.100578,0.0,1.0,0,普通大幅波动
sh.513050,2022-03-17,1.022,0.952,0.952,0.073529,0.073529,0.0,1.0,0,普通大幅波动
sh.513050,2022-04-29,1.064,0.967,0.967,0.10031,0.10031,0.0,1.0,0,普通大幅波动
sh.513050,2022-08-25,1.078,1.015,1.015,0.062069,0.062069,0.0,1.0,0,普通大幅波动
sh.513050,2022-11-04,0.921,0.864,0.864,0.065972,0.065972,0.0,1.0,0,普通大幅波动
sh.513050,2023-12-22,0.908,0.966,0.966,-0.060041,-0.060041,0.0,1.0,0,普通大幅波动
sh.513050,2024-05-06,1.084,1.01,1.01,0.073267,0.073267,0.0,1.0,0,普通大幅波动
sh.513050,2024-09-26,1.161,1.087,1.087,0.068077,0.068077,0.0,1.0,0,普通大幅波动
sh.513050,2024-09-30,1.306,1.218,1.218,0.07225,0.07225,0.0,1.0,0,普通大幅波动
sh.513060,2021-07-26,1.014,1.096,1.096,-0.074818,-0.074818,0.0,1.0,0,普通大幅波动
sh.513060,2021-07-27,0.914,1.014,1.014,-0.098619,-0.098619,0.0,1.0,0,普通大幅波动
sh.513060,2021-08-20,0.868,0.927,0.927,-0.063646,-0.063646,0.0,1.0,0,普通大幅波动
sh.513060,2021-12-15,0.689,0.746,0.746,-0.076408,-0.076408,0.0,1.0,0,普通大幅波动
sh.513060,2022-03-14,0.459,0.494,0.494,-0.07085,-0.07085,0.0,1.0,0,普通大幅波动
sh.513060,2022-03-15,0.414,0.459,0.459,-0.098039,-0.098039,0.0,1.0,0,普通大幅波动
sh.513060,2022-03-16,0.455,0.414,0.414,0.099034,0.099034,0.0,1.0,0,普通大幅波动
sh.513060,2022-03-17,0.501,0.455,0.455,0.101099,0.101099,0.0,1.0,0,普通大幅波动
sh.513060,2022-03-23,0.543,0.511,0.511,0.062622,0.062622,0.0,1.0,0,普通大幅波动
sh.513060,2022-03-25,0.522,0.563,0.563,-0.072824,-0.072824,0.0,1.0,0,普通大幅波动
sh.513060,2022-10-14,0.471,0.44,0.44,0.070455,0.070455,0.0,1.0,0,普通大幅波动
sh.513060,2022-10-24,0.452,0.487,0.487,-0.071869,-0.071869,0.0,1.0,0,普通大幅波动
sh.513060,2022-11-01,0.491,0.463,0.463,0.060475,0.060475,0.0,1.0,0,普通大幅波动
sh.513060,2024-02-06,0.361,0.338,0.338,0.068047,0.068047,0.0,1.0,0,普通大幅波动
sh.513060,2024-09-27,0.405,0.38,0.38,0.065789,0.065789,0.0,1.0,0,普通大幅波动
sh.513060,2024-09-30,0.446,0.405,0.405,0.101235,0.101235,0.0,1.0,0,普通大幅波动
sh.513060,2024-10-09,0.424,0.461,0.461,-0.08026,-0.08026,0.0,1.0,0,普通大幅波动
sh.513070,2022-10-24,0.782,0.843,0.843,-0.072361,-0.072361,0.0,1.0,0,普通大幅波动
sh.513070,2022-11-01,0.818,0.764,0.764,0.070681,0.070681,0.0,1.0,0,普通大幅波动
sh.513070,2022-11-04,0.882,0.824,0.824,0.070388,0.070388,0.0,1.0,0,普通大幅波动
sh.513070,2022-11-11,0.901,0.848,0.848,0.0625,0.0625,0.0,1.0,0,普通大幅波动
sh.513070,2024-09-26,1.011,0.95,0.95,0.064211,0.064211,0.0,1.0,0,普通大幅波动
sh.513070,2024-09-30,1.146,1.061,1.061,0.080113,0.080113,0.0,1.0,0,普通大幅波动
sh.513090,2020-07-02,1.207,1.123,1.123,0.0748,0.0748,0.0,1.0,0,普通大幅波动
sh.513090,2020-07-03,1.283,1.207,1.207,0.062966,0.062966,0.0,1.0,0,普通大幅波动
sh.513090,2020-07-06,1.411,1.283,1.283,0.099766,0.099766,0.0,1.0,0,普通大幅波动
sh.513090,2021-01-19,1.437,1.349,1.349,0.065234,0.065234,0.0,1.0,0,普通大幅波动
sh.513090,2022-03-16,1.057,0.99,0.99,0.067677,0.067677,0.0,1.0,0,普通大幅波动
sh.513090,2023-07-25,1.148,1.078,1.078,0.064935,0.064935,0.0,1.0,0,普通大幅波动
sh.513090,2023-07-28,1.221,1.142,1.142,0.069177,0.069177,0.0,1.0,0,普通大幅波动
sh.513090,2024-04-26,0.962,0.906,0.906,0.06181,0.06181,0.0,1.0,0,普通大幅波动
sh.513090,2024-09-24,0.98,0.921,0.921,0.064061,0.064061,0.0,1.0,0,普通大幅波动
sh.513090,2024-09-27,1.163,1.057,1.057,0.100284,0.100284,0.0,1.0,0,普通大幅波动
sh.513090,2024-09-30,1.279,1.163,1.163,0.099742,0.099742,0.0,1.0,0,普通大幅波动
sh.513090,2024-10-08,1.407,1.279,1.279,0.100078,0.100078,0.0,1.0,0,普通大幅波动
sh.513090,2024-10-18,1.461,1.345,1.345,0.086245,0.086245,0.0,1.0,0,普通大幅波动
sh.513090,2024-11-07,1.737,1.61,1.61,0.078882,0.078882,0.0,1.0,0,普通大幅波动
sh.513100,2015-08-24,1.375,1.487,1.487,-0.075319,-0.075319,0.0,1.0,0,普通大幅波动
sh.513100,2018-10-11,2.51,2.685,2.685,-0.065177,-0.065177,0.0,1.0,0,普通大幅波动
sh.513100,2020-03-09,3.258,3.493,3.493,-0.067277,-0.067277,0.0,1.0,0,普通大幅波动
sh.513100,2020-03-16,3.015,3.217,3.217,-0.062791,-0.062791,0.0,1.0,0,普通大幅波动
sh.513100,2020-09-04,4.846,5.305,5.305,-0.086522,-0.086522,0.0,1.0,0,普通大幅波动
sh.513100,2020-09-07,4.484,4.846,4.846,-0.074701,-0.074701,0.0,1.0,0,普通大幅波动
sh.513100,2022-01-14,1.015,1.038,5.192,-0.804507,-0.022158,-0.800077,5.0019,1,拆分合并型
sh.513100,2024-08-05,1.287,1.396,1.396,-0.07808,-0.07808,0.0,1.0,0,普通大幅波动
sh.513110,2024-08-05,1.446,1.556,1.556,-0.070694,-0.070694,0.0,1.0,0,普通大幅波动
sh.513120,2022-10-14,0.78,0.728,0.728,0.071429,0.071429,0.0,1.0,0,普通大幅波动
sh.513120,2022-10-24,0.76,0.817,0.817,-0.069767,-0.069767,0.0,1.0,0,普通大幅波动
sh.513120,2022-11-01,0.829,0.78,0.78,0.062821,0.062821,0.0,1.0,0,普通大幅波动
sh.513120,2023-04-11,0.931,0.991,0.991,-0.060545,-0.060545,0.0,1.0,0,普通大幅波动
sh.513120,2023-10-27,0.857,0.804,0.804,0.06592,0.06592,0.0,1.0,0,普通大幅波动
sh.513120,2023-12-04,0.812,0.871,0.871,-0.067738,-0.067738,0.0,1.0,0,普通大幅波动
sh.513120,2024-01-26,0.652,0.706,0.706,-0.076487,-0.076487,0.0,1.0,0,普通大幅波动
sh.513120,2024-02-06,0.636,0.592,0.592,0.074324,0.074324,0.0,1.0,0,普通大幅波动
sh.513120,2024-09-27,0.757,0.706,0.706,0.072238,0.072238,0.0,1.0,0,普通大幅波动
sh.513120,2024-09-30,0.831,0.757,0.757,0.097754,0.097754,0.0,1.0,0,普通大幅波动
sh.513120,2024-10-09,0.793,0.854,0.854,-0.071429,-0.071429,0.0,1.0,0,普通大幅波动
sh.513130,2021-07-27,0.796,0.867,0.867,-0.081892,-0.081892,0.0,1.0,0,普通大幅波动
sh.513130,2021-07-29,0.859,0.805,0.805,0.067081,0.067081,0.0,1.0,0,普通大幅波动
sh.513130,2022-03-14,0.474,0.517,0.517,-0.083172,-0.083172,0.0,1.0,0,普通大幅波动
sh.513130,2022-03-15,0.431,0.474,0.474,-0.090717,-0.090717,0.0,1.0,0,普通大幅波动
sh.513130,2022-03-16,0.474,0.431,0.431,0.099768,0.099768,0.0,1.0,0,普通大幅波动
sh.513130,2022-03-17,0.521,0.474,0.474,0.099156,0.099156,0.0,1.0,0,普通大幅波动
sh.513130,2022-03-25,0.532,0.567,0.567,-0.061728,-0.061728,0.0,1.0,0,普通大幅波动
sh.513130,2022-04-29,0.56,0.511,0.511,0.09589,0.09589,0.0,1.0,0,普通大幅波动
sh.513130,2022-10-24,0.395,0.428,0.428,-0.077103,-0.077103,0.0,1.0,0,普通大幅波动
sh.513130,2022-11-01,0.426,0.395,0.395,0.078481,0.078481,0.0,1.0,0,普通大幅波动
sh.513130,2022-11-04,0.45,0.42,0.42,0.071429,0.071429,0.0,1.0,0,普通大幅波动
sh.513130,2022-11-11,0.465,0.435,0.435,0.068966,0.068966,0.0,1.0,0,普通大幅波动
sh.513130,2022-11-15,0.507,0.475,0.475,0.067368,0.067368,0.0,1.0,0,普通大幅波动
sh.513130,2022-11-29,0.495,0.466,0.466,0.062232,0.062232,0.0,1.0,0,普通大幅波动
sh.513130,2022-12-05,0.559,0.519,0.519,0.077071,0.077071,0.0,1.0,0,普通大幅波动
sh.513130,2024-02-06,0.431,0.405,0.405,0.064198,0.064198,0.0,1.0,0,普通大幅波动
sh.513130,2024-05-06,0.529,0.489,0.489,0.0818,0.0818,0.0,1.0,0,普通大幅波动
sh.513130,2024-09-26,0.553,0.518,0.518,0.067568,0.067568,0.0,1.0,0,普通大幅波动
sh.513130,2024-09-30,0.638,0.58,0.58,0.1,0.1,0.0,1.0,0,普通大幅波动
sh.513150,2022-03-14,0.715,0.776,0.776,-0.078608,-0.078608,0.0,1.0,0,普通大幅波动
sh.513150,2022-03-15,0.657,0.715,0.715,-0.081119,-0.081119,0.0,1.0,0,普通大幅波动
sh.513150,2022-03-16,0.723,0.657,0.657,0.100457,0.100457,0.0,1.0,0,普通大幅波动
sh.513150,2022-03-17,0.795,0.723,0.723,0.099585,0.099585,0.0,1.0,0,普通大幅波动
sh.513150,2022-03-25,0.795,0.849,0.849,-0.063604,-0.063604,0.0,1.0,0,普通大幅波动
sh.513150,2022-04-29,0.824,0.764,0.764,0.078534,0.078534,0.0,1.0,0,普通大幅波动
sh.513150,2022-10-24,0.606,0.659,0.659,-0.080425,-0.080425,0.0,1.0,0,普通大幅波动
sh.513150,2022-11-01,0.664,0.618,0.618,0.074434,0.074434,0.0,1.0,0,普通大幅波动
sh.513150,2022-11-04,0.714,0.665,0.665,0.073684,0.073684,0.0,1.0,0,普通大幅波动
sh.513150,2022-11-11,0.731,0.685,0.685,0.067153,0.067153,0.0,1.0,0,普通大幅波动
sh.513150,2024-02-06,0.592,0.558,0.558,0.060932,0.060932,0.0,1.0,0,普通大幅波动
sh.513150,2024-05-06,0.732,0.684,0.684,0.070175,0.070175,0.0,1.0,0,普通大幅波动
sh.513150,2024-09-30,0.879,0.812,0.812,0.082512,0.082512,0.0,1.0,0,普通大幅波动
sh.513160,2022-03-14,0.703,0.751,0.751,-0.063915,-0.063915,0.0,1.0,0,普通大幅波动
sh.513160,2022-03-15,0.657,0.703,0.703,-0.065434,-0.065434,0.0,1.0,0,普通大幅波动
sh.513160,2022-03-16,0.723,0.657,0.657,0.100457,0.100457,0.0,1.0,0,普通大幅波动
sh.513160,2022-03-17,0.786,0.723,0.723,0.087137,0.087137,0.0,1.0,0,普通大幅波动
sh.513160,2022-04-29,0.779,0.725,0.725,0.074483,0.074483,0.0,1.0,0,普通大幅波动
sh.513160,2022-10-24,0.606,0.65,0.65,-0.067692,-0.067692,0.0,1.0,0,普通大幅波动
sh.513160,2024-02-06,0.607,0.572,0.572,0.061189,0.061189,0.0,1.0,0,普通大幅波动
sh.513160,2024-05-06,0.744,0.696,0.696,0.068966,0.068966,0.0,1.0,0,普通大幅波动
sh.513160,2024-09-30,0.891,0.822,0.822,0.083942,0.083942,0.0,1.0,0,普通大幅波动
sh.513160,2024-10-08,0.958,0.891,0.891,0.075196,0.075196,0.0,1.0,0,普通大幅波动
sh.513160,2024-10-09,0.895,0.958,0.958,-0.065762,-0.065762,0.0,1.0,0,普通大幅波动
sh.513180,2021-07-27,0.801,0.869,0.869,-0.078251,-0.078251,0.0,1.0,0,普通大幅波动
sh.513180,2021-07-29,0.864,0.808,0.808,0.069307,0.069307,0.0,1.0,0,普通大幅波动
sh.513180,2022-03-14,0.482,0.521,0.521,-0.074856,-0.074856,0.0,1.0,0,普通大幅波动
sh.513180,2022-03-15,0.439,0.482,0.482,-0.089212,-0.089212,0.0,1.0,0,普通大幅波动
sh.513180,2022-03-16,0.483,0.439,0.439,0.100228,0.100228,0.0,1.0,0,普通大幅波动
sh.513180,2022-03-17,0.531,0.483,0.483,0.099379,0.099379,0.0,1.0,0,普通大幅波动
sh.513180,2022-03-25,0.531,0.565,0.565,-0.060177,-0.060177,0.0,1.0,0,普通大幅波动
sh.513180,2022-04-29,0.559,0.509,0.509,0.098232,0.098232,0.0,1.0,0,普通大幅波动
sh.513180,2022-10-24,0.4,0.433,0.433,-0.076212,-0.076212,0.0,1.0,0,普通大幅波动
sh.513180,2022-11-01,0.433,0.4,0.4,0.0825,0.0825,0.0,1.0,0,普通大幅波动
sh.513180,2022-11-04,0.455,0.427,0.427,0.065574,0.065574,0.0,1.0,0,普通大幅波动
sh.513180,2022-11-11,0.466,0.437,0.437,0.066362,0.066362,0.0,1.0,0,普通大幅波动
sh.513180,2022-11-15,0.506,0.475,0.475,0.065263,0.065263,0.0,1.0,0,普通大幅波动
sh.513180,2022-12-05,0.559,0.521,0.521,0.072937,0.072937,0.0,1.0,0,普通大幅波动
sh.513180,2024-02-06,0.436,0.409,0.409,0.066015,0.066015,0.0,1.0,0,普通大幅波动
sh.513180,2024-05-06,0.541,0.5,0.5,0.082,0.082,0.0,1.0,0,普通大幅波动
sh.513180,2024-09-26,0.556,0.523,0.523,0.063098,0.063098,0.0,1.0,0,普通大幅波动
sh.513180,2024-09-30,0.643,0.586,0.586,0.09727,0.09727,0.0,1.0,0,普通大幅波动
sh.513190,2024-09-30,1.267,1.195,1.195,0.060251,0.060251,0.0,1.0,0,普通大幅波动
sh.513190,2024-10-09,1.247,1.333,1.333,-0.064516,-0.064516,0.0,1.0,0,普通大幅波动
sh.513200,2022-03-14,0.767,0.824,0.824,-0.069175,-0.069175,0.0,1.0,0,普通大幅波动
sh.513200,2022-03-15,0.699,0.767,0.767,-0.088657,-0.088657,0.0,1.0,0,普通大幅波动
sh.513200,2022-03-16,0.767,0.699,0.699,0.097282,0.097282,0.0,1.0,0,普通大幅波动
sh.513200,2022-03-17,0.844,0.767,0.767,0.100391,0.100391,0.0,1.0,0,普通大幅波动
sh.513200,2022-03-25,0.877,0.938,0.938,-0.065032,-0.065032,0.0,1.0,0,普通大幅波动
sh.513200,2022-06-24,0.967,0.91,0.91,0.062637,0.062637,0.0,1.0,0,普通大幅波动
sh.513200,2022-10-14,0.797,0.751,0.751,0.061252,0.061252,0.0,1.0,0,普通大幅波动
sh.513200,2022-10-24,0.78,0.837,0.837,-0.0681,-0.0681,0.0,1.0,0,普通大幅波动
sh.513200,2023-04-07,1.018,0.952,0.952,0.069328,0.069328,0.0,1.0,0,普通大幅波动
sh.513200,2023-04-11,0.983,1.055,1.055,-0.068246,-0.068246,0.0,1.0,0,普通大幅波动
sh.513200,2023-10-27,0.858,0.809,0.809,0.060569,0.060569,0.0,1.0,0,普通大幅波动
sh.513200,2023-12-04,0.817,0.871,0.871,-0.061998,-0.061998,0.0,1.0,0,普通大幅波动
sh.513200,2024-01-26,0.652,0.694,0.694,-0.060519,-0.060519,0.0,1.0,0,普通大幅波动
sh.513200,2024-02-06,0.632,0.593,0.593,0.065767,0.065767,0.0,1.0,0,普通大幅波动
sh.513200,2024-09-27,0.726,0.676,0.676,0.073964,0.073964,0.0,1.0,0,普通大幅波动
sh.513200,2024-09-30,0.793,0.726,0.726,0.092287,0.092287,0.0,1.0,0,普通大幅波动
sh.513200,2024-10-09,0.751,0.804,0.804,-0.06592,-0.06592,0.0,1.0,0,普通大幅波动
sh.513220,2022-07-29,0.907,0.968,0.968,-0.063017,-0.063017,0.0,1.0,0,普通大幅波动
sh.513220,2022-10-24,0.667,0.735,0.735,-0.092517,-0.092517,0.0,1.0,0,普通大幅波动
sh.513220,2022-11-01,0.716,0.664,0.664,0.078313,0.078313,0.0,1.0,0,普通大幅波动
sh.513220,2022-11-04,0.769,0.703,0.703,0.093883,0.093883,0.0,1.0,0,普通大幅波动
sh.513220,2022-11-11,0.79,0.722,0.722,0.094183,0.094183,0.0,1.0,0,普通大幅波动
sh.513220,2022-11-15,0.857,0.798,0.798,0.073935,0.073935,0.0,1.0,0,普通大幅波动
sh.513220,2022-11-29,0.856,0.792,0.792,0.080808,0.080808,0.0,1.0,0,普通大幅波动
sh.513220,2022-12-05,0.972,0.907,0.907,0.071665,0.071665,0.0,1.0,0,普通大幅波动
sh.513220,2024-05-06,0.977,0.908,0.908,0.075991,0.075991,0.0,1.0,0,普通大幅波动
sh.513220,2024-09-26,1.021,0.954,0.954,0.070231,0.070231,0.0,1.0,0,普通大幅波动
sh.513220,2024-09-27,1.123,1.021,1.021,0.099902,0.099902,0.0,1.0,0,普通大幅波动
sh.513220,2024-09-30,1.235,1.123,1.123,0.099733,0.099733,0.0,1.0,0,普通大幅波动
sh.513230,2022-03-14,0.721,0.77,0.77,-0.063636,-0.063636,0.0,1.0,0,普通大幅波动
sh.513230,2022-03-16,0.746,0.678,0.678,0.100295,0.100295,0.0,1.0,0,普通大幅波动
sh.513230,2022-03-17,0.798,0.746,0.746,0.069705,0.069705,0.0,1.0,0,普通大幅波动
sh.513230,2022-10-24,0.632,0.679,0.679,-0.069219,-0.069219,0.0,1.0,0,普通大幅波动
sh.513230,2022-10-28,0.613,0.653,0.653,-0.061256,-0.061256,0.0,1.0,0,普通大幅波动
sh.513230,2022-11-04,0.712,0.664,0.664,0.072289,0.072289,0.0,1.0,0,普通大幅波动
sh.513230,2022-11-11,0.72,0.678,0.678,0.061947,0.061947,0.0,1.0,0,普通大幅波动
sh.513230,2024-09-26,0.802,0.754,0.754,0.06366,0.06366,0.0,1.0,0,普通大幅波动
sh.513230,2024-09-27,0.882,0.802,0.802,0.099751,0.099751,0.0,1.0,0,普通大幅波动
sh.513230,2024-09-30,0.97,0.882,0.882,0.099773,0.099773,0.0,1.0,0,普通大幅波动
sh.513230,2024-10-08,0.904,0.97,0.97,-0.068041,-0.068041,0.0,1.0,0,普通大幅波动
sh.513260,2022-10-24,0.734,0.809,0.809,-0.092707,-0.092707,0.0,1.0,0,普通大幅波动
sh.513260,2022-11-01,0.806,0.747,0.747,0.078983,0.078983,0.0,1.0,0,普通大幅波动
sh.513260,2022-11-04,0.858,0.793,0.793,0.081967,0.081967,0.0,1.0,0,普通大幅波动
sh.513260,2022-11-11,0.886,0.824,0.824,0.075243,0.075243,0.0,1.0,0,普通大幅波动
sh.513260,2022-11-29,0.94,0.886,0.886,0.060948,0.060948,0.0,1.0,0,普通大幅波动
sh.513260,2022-12-05,1.056,0.982,0.982,0.075356,0.075356,0.0,1.0,0,普通大幅波动
sh.513260,2024-02-06,0.836,0.784,0.784,0.066327,0.066327,0.0,1.0,0,普通大幅波动
sh.513260,2024-05-06,1.038,0.959,0.959,0.082377,0.082377,0.0,1.0,0,普通大幅波动
sh.513260,2024-09-26,1.062,1.0,1.0,0.062,0.062,0.0,1.0,0,普通大幅波动
sh.513260,2024-09-30,1.228,1.119,1.119,0.097408,0.097408,0.0,1.0,0,普通大幅波动
sh.513280,2022-10-14,0.789,0.74,0.74,0.066216,0.066216,0.0,1.0,0,普通大幅波动
sh.513280,2022-10-24,0.763,0.823,0.823,-0.072904,-0.072904,0.0,1.0,0,普通大幅波动
sh.513280,2022-11-02,0.877,0.823,0.823,0.065614,0.065614,0.0,1.0,0,普通大幅波动
sh.513280,2022-11-14,0.949,0.895,0.895,0.060335,0.060335,0.0,1.0,0,普通大幅波动
sh.513280,2023-10-27,0.808,0.762,0.762,0.060367,0.060367,0.0,1.0,0,普通大幅波动
sh.513280,2023-12-04,0.79,0.843,0.843,-0.062871,-0.062871,0.0,1.0,0,普通大幅波动
sh.513280,2024-02-06,0.611,0.572,0.572,0.068182,0.068182,0.0,1.0,0,普通大幅波动
sh.513280,2024-09-27,0.71,0.655,0.655,0.083969,0.083969,0.0,1.0,0,普通大幅波动
sh.513280,2024-09-30,0.779,0.71,0.71,0.097183,0.097183,0.0,1.0,0,普通大幅波动
sh.513280,2024-10-09,0.736,0.789,0.789,-0.067174,-0.067174,0.0,1.0,0,普通大幅波动
sh.513300,2024-08-05,1.643,1.785,1.785,-0.079552,-0.079552,0.0,1.0,0,普通大幅波动
sh.513310,2024-08-05,1.155,1.256,1.256,-0.080414,-0.080414,0.0,1.0,0,普通大幅波动
sh.513310,2024-09-30,1.338,1.24,1.24,0.079032,0.079032,0.0,1.0,0,普通大幅波动
sh.513310,2024-10-08,1.472,1.338,1.338,0.100149,0.100149,0.0,1.0,0,普通大幅波动
sh.513310,2024-10-18,1.466,1.371,1.371,0.069292,0.069292,0.0,1.0,0,普通大幅波动
sh.513320,2022-10-24,0.79,0.851,0.851,-0.07168,-0.07168,0.0,1.0,0,普通大幅波动
sh.513320,2022-11-01,0.84,0.788,0.788,0.06599,0.06599,0.0,1.0,0,普通大幅波动
sh.513320,2022-11-04,0.896,0.845,0.845,0.060355,0.060355,0.0,1.0,0,普通大幅波动
sh.513320,2024-05-06,0.93,0.877,0.877,0.060433,0.060433,0.0,1.0,0,普通大幅波动
sh.513320,2024-09-30,1.083,1.006,1.006,0.076541,0.076541,0.0,1.0,0,普通大幅波动
sh.513330,2021-07-27,0.651,0.706,0.706,-0.077904,-0.077904,0.0,1.0,0,普通大幅波动
sh.513330,2021-07-29,0.706,0.663,0.663,0.064857,0.064857,0.0,1.0,0,普通大幅波动
sh.513330,2022-03-14,0.406,0.441,0.441,-0.079365,-0.079365,0.0,1.0,0,普通大幅波动
sh.513330,2022-03-15,0.367,0.406,0.406,-0.096059,-0.096059,0.0,1.0,0,普通大幅波动
sh.513330,2022-03-16,0.404,0.367,0.367,0.100817,0.100817,0.0,1.0,0,普通大幅波动
sh.513330,2022-03-17,0.444,0.404,0.404,0.09901,0.09901,0.0,1.0,0,普通大幅波动
sh.513330,2022-03-23,0.5,0.47,0.47,0.06383,0.06383,0.0,1.0,0,普通大幅波动
sh.513330,2022-04-29,0.475,0.432,0.432,0.099537,0.099537,0.0,1.0,0,普通大幅波动
sh.513330,2022-11-15,0.423,0.398,0.398,0.062814,0.062814,0.0,1.0,0,普通大幅波动
sh.513330,2022-12-05,0.461,0.433,0.433,0.064665,0.064665,0.0,1.0,0,普通大幅波动
sh.513330,2023-12-22,0.33,0.356,0.356,-0.073034,-0.073034,0.0,1.0,0,普通大幅波动
sh.513330,2024-05-06,0.406,0.374,0.374,0.085561,0.085561,0.0,1.0,0,普通大幅波动
sh.513330,2024-09-26,0.409,0.382,0.382,0.070681,0.070681,0.0,1.0,0,普通大幅波动
sh.513330,2024-09-27,0.434,0.409,0.409,0.061125,0.061125,0.0,1.0,0,普通大幅波动
sh.513330,2024-09-30,0.476,0.434,0.434,0.096774,0.096774,0.0,1.0,0,普通大幅波动
sh.513350,2024-08-05,0.976,1.041,1.041,-0.06244,-0.06244,0.0,1.0,0,普通大幅波动
sh.513350,2024-10-08,1.013,0.947,0.947,0.069694,0.069694,0.0,1.0,0,普通大幅波动
sh.513360,2021-06-17,0.899,0.998,,,-0.099198,,,,普通大幅波动
sh.513360,2021-07-23,0.761,0.817,0.817,-0.068543,-0.068543,0.0,1.0,0,普通大幅波动
sh.513360,2021-07-26,0.685,0.761,0.761,-0.099869,-0.099869,0.0,1.0,0,普通大幅波动
sh.513360,2021-07-27,0.617,0.685,0.685,-0.09927,-0.09927,0.0,1.0,0,普通大幅波动
sh.513360,2021-07-28,0.555,0.617,0.617,-0.100486,-0.100486,0.0,1.0,0,普通大幅波动
sh.513360,2022-01-27,0.358,0.388,0.388,-0.07732,-0.07732,0.0,1.0,0,普通大幅波动
sh.513360,2022-03-15,0.307,0.336,0.336,-0.08631,-0.08631,0.0,1.0,0,普通大幅波动
sh.513360,2022-03-16,0.334,0.307,0.307,0.087948,0.087948,0.0,1.0,0,普通大幅波动
sh.513360,2022-04-29,0.32,0.296,0.296,0.081081,0.081081,0.0,1.0,0,普通大幅波动
sh.513360,2022-06-16,0.44,0.4,0.4,0.1,0.1,0.0,1.0,0,普通大幅波动
sh.513360,2022-10-24,0.39,0.418,0.418,-0.066986,-0.066986,0.0,1.0,0,普通大幅波动
sh.513360,2022-10-27,0.427,0.401,0.401,0.064838,0.064838,0.0,1.0,0,普通大幅波动
sh.513360,2022-12-22,0.583,0.549,0.549,0.061931,0.061931,0.0,1.0,0,普通大幅波动
sh.513360,2024-02-19,0.584,0.531,0.531,0.099812,0.099812,0.0,1.0,0,普通大幅波动
sh.513360,2024-09-27,0.488,0.454,0.454,0.07489,0.07489,0.0,1.0,0,普通大幅波动
sh.513360,2024-09-30,0.537,0.488,0.488,0.10041,0.10041,0.0,1.0,0,普通大幅波动
sh.513380,2022-10-24,0.715,0.786,0.786,-0.090331,-0.090331,0.0,1.0,0,普通大幅波动
sh.513380,2022-11-01,0.779,0.724,0.724,0.075967,0.075967,0.0,1.0,0,普通大幅波动
sh.513380,2022-11-04,0.83,0.771,0.771,0.076524,0.076524,0.0,1.0,0,普通大幅波动
sh.513380,2022-11-11,0.86,0.804,0.804,0.069652,0.069652,0.0,1.0,0,普通大幅波动
sh.513380,2022-11-15,0.936,0.878,0.878,0.066059,0.066059,0.0,1.0,0,普通大幅波动
sh.513380,2022-12-05,1.035,0.96,0.96,0.078125,0.078125,0.0,1.0,0,普通大幅波动
sh.513380,2024-02-06,0.798,0.747,0.747,0.068273,0.068273,0.0,1.0,0,普通大幅波动
sh.513380,2024-05-06,0.981,0.903,0.903,0.086379,0.086379,0.0,1.0,0,普通大幅波动
sh.513380,2024-09-26,1.019,0.954,0.954,0.068134,0.068134,0.0,1.0,0,普通大幅波动
sh.513380,2024-09-30,1.183,1.075,1.075,0.100465,0.100465,0.0,1.0,0,普通大幅波动
sh.513390,2024-08-05,1.405,1.511,1.511,-0.070152,-0.070152,0.0,1.0,0,普通大幅波动
sh.513500,2016-12-28,1.677,1.84,1.84,-0.088587,-0.088587,0.0,1.0,0,普通大幅波动
sh.513500,2017-01-03,1.451,1.577,1.577,-0.079899,-0.079899,0.0,1.0,0,普通大幅波动
sh.513500,2020-03-23,1.652,1.758,1.758,-0.060296,-0.060296,0.0,1.0,0,普通大幅波动
sh.513500,2020-09-04,2.317,2.465,2.465,-0.060041,-0.060041,0.0,1.0,0,普通大幅波动
sh.513500,2022-03-30,1.39,1.378,2.735,-0.491773,0.008708,-0.496161,1.9848,1,拆分合并型
sh.513500,2024-08-05,1.785,1.912,1.912,-0.066423,-0.066423,0.0,1.0,0,普通大幅波动
sh.513520,2020-03-16,0.82,0.888,0.888,-0.076577,-0.076577,0.0,1.0,0,普通大幅波动
sh.513520,2020-03-24,0.857,0.807,0.807,0.061958,0.061958,0.0,1.0,0,普通大幅波动
sh.513520,2023-05-18,1.29,1.213,1.213,0.063479,0.063479,0.0,1.0,0,普通大幅波动
sh.513520,2023-05-19,1.396,1.29,1.29,0.082171,0.082171,0.0,1.0,0,普通大幅波动
sh.513520,2023-05-22,1.266,1.396,1.396,-0.093123,-0.093123,0.0,1.0,0,普通大幅波动
sh.513520,2024-01-22,1.552,1.46,1.46,0.063014,0.063014,0.0,1.0,0,普通大幅波动
sh.513520,2024-01-24,1.526,1.628,1.628,-0.062654,-0.062654,0.0,1.0,0,普通大幅波动
sh.513520,2024-01-25,1.403,1.526,1.526,-0.080603,-0.080603,0.0,1.0,0,普通大幅波动
sh.513520,2024-08-05,1.286,1.409,1.409,-0.087296,-0.087296,0.0,1.0,0,普通大幅波动
sh.513550,2021-01-19,1.177,1.095,1.095,0.074886,0.074886,0.0,1.0,0,普通大幅波动
sh.513550,2021-01-20,1.098,1.177,1.177,-0.06712,-0.06712,0.0,1.0,0,普通大幅波动
sh.513550,2022-03-16,0.731,0.675,0.675,0.082963,0.082963,0.0,1.0,0,普通大幅波动
sh.513560,2024-09-27,0.96,0.896,0.896,0.071429,0.071429,0.0,1.0,0,普通大幅波动
sh.513560,2024-09-30,1.019,0.96,0.96,0.061458,0.061458,0.0,1.0,0,普通大幅波动
sh.513580,2021-07-27,0.791,0.861,0.861,-0.081301,-0.081301,0.0,1.0,0,普通大幅波动
sh.513580,2021-07-29,0.859,0.804,0.804,0.068408,0.068408,0.0,1.0,0,普通大幅波动
sh.513580,2022-03-14,0.474,0.516,0.516,-0.081395,-0.081395,0.0,1.0,0,普通大幅波动
sh.513580,2022-03-15,0.43,0.474,0.474,-0.092827,-0.092827,0.0,1.0,0,普通大幅波动
sh.513580,2022-03-16,0.473,0.43,0.43,0.1,0.1,0.0,1.0,0,普通大幅波动
sh.513580,2022-03-17,0.52,0.473,0.473,0.099366,0.099366,0.0,1.0,0,普通大幅波动
sh.513580,2022-03-25,0.531,0.566,0.566,-0.061837,-0.061837,0.0,1.0,0,普通大幅波动
sh.513580,2022-04-29,0.56,0.509,0.509,0.100196,0.100196,0.0,1.0,0,普通大幅波动
sh.513580,2022-10-24,0.393,0.431,0.431,-0.088167,-0.088167,0.0,1.0,0,普通大幅波动
sh.513580,2022-11-01,0.428,0.398,0.398,0.075377,0.075377,0.0,1.0,0,普通大幅波动
sh.513580,2022-11-04,0.455,0.422,0.422,0.078199,0.078199,0.0,1.0,0,普通大幅波动
sh.513580,2022-11-11,0.469,0.439,0.439,0.068337,0.068337,0.0,1.0,0,普通大幅波动
sh.513580,2022-11-15,0.511,0.479,0.479,0.066806,0.066806,0.0,1.0,0,普通大幅波动
sh.513580,2022-12-05,0.564,0.525,0.525,0.074286,0.074286,0.0,1.0,0,普通大幅波动
sh.513580,2024-02-06,0.442,0.414,0.414,0.067633,0.067633,0.0,1.0,0,普通大幅波动
sh.513580,2024-05-06,0.543,0.502,0.502,0.081673,0.081673,0.0,1.0,0,普通大幅波动
sh.513580,2024-09-26,0.555,0.521,0.521,0.065259,0.065259,0.0,1.0,0,普通大幅波动
sh.513580,2024-09-27,0.604,0.555,0.555,0.088288,0.088288,0.0,1.0,0,普通大幅波动
sh.513580,2024-09-30,0.664,0.604,0.604,0.099338,0.099338,0.0,1.0,0,普通大幅波动
sh.513590,2022-03-14,0.626,0.671,0.671,-0.067064,-0.067064,0.0,1.0,0,普通大幅波动
sh.513590,2022-03-15,0.587,0.626,0.626,-0.0623,-0.0623,0.0,1.0,0,普通大幅波动
sh.513590,2022-03-16,0.646,0.587,0.587,0.100511,0.100511,0.0,1.0,0,普通大幅波动
sh.513590,2022-03-17,0.704,0.646,0.646,0.089783,0.089783,0.0,1.0,0,普通大幅波动
sh.513590,2022-04-29,0.724,0.682,0.682,0.061584,0.061584,0.0,1.0,0,普通大幅波动
sh.513590,2022-10-28,0.549,0.587,0.587,-0.064736,-0.064736,0.0,1.0,0,普通大幅波动
sh.513590,2022-11-01,0.594,0.554,0.554,0.072202,0.072202,0.0,1.0,0,普通大幅波动
sh.513590,2022-11-04,0.643,0.597,0.597,0.077052,0.077052,0.0,1.0,0,普通大幅波动
sh.513590,2022-11-11,0.658,0.617,0.617,0.066451,0.066451,0.0,1.0,0,普通大幅波动
sh.513590,2024-09-26,0.725,0.682,0.682,0.06305,0.06305,0.0,1.0,0,普通大幅波动
sh.513590,2024-09-27,0.776,0.725,0.725,0.070345,0.070345,0.0,1.0,0,普通大幅波动
sh.513600,2015-04-03,2.206,2.016,2.016,0.094246,0.094246,0.0,1.0,0,普通大幅波动
sh.513600,2015-04-07,2.427,2.206,2.206,0.100181,0.100181,0.0,1.0,0,普通大幅波动
sh.513600,2015-04-08,2.67,2.427,2.427,0.100124,0.100124,0.0,1.0,0,普通大幅波动
sh.513600,2015-04-09,2.403,2.67,2.67,-0.1,-0.1,0.0,1.0,0,普通大幅波动
sh.513600,2015-05-25,2.357,2.199,2.199,0.071851,0.071851,0.0,1.0,0,普通大幅波动
sh.513600,2015-07-08,1.772,1.969,1.969,-0.100051,-0.100051,0.0,1.0,0,普通大幅波动
sh.513600,2015-07-09,1.888,1.772,1.772,0.065463,0.065463,0.0,1.0,0,普通大幅波动
sh.513600,2015-08-24,1.745,1.878,1.878,-0.07082,-0.07082,0.0,1.0,0,普通大幅波动
sh.513600,2021-01-19,2.901,2.7,2.7,0.074444,0.074444,0.0,1.0,0,普通大幅波动
sh.513600,2022-03-16,1.911,1.77,1.77,0.079661,0.079661,0.0,1.0,0,普通大幅波动
sh.513630,2024-10-09,1.208,1.289,1.289,-0.062839,-0.062839,0.0,1.0,0,普通大幅波动
sh.513650,2024-08-05,1.34,1.432,1.432,-0.064246,-0.064246,0.0,1.0,0,普通大幅波动
sh.513660,2015-04-03,2.203,2.003,2.003,0.09985,0.09985,0.0,1.0,0,普通大幅波动
sh.513660,2015-04-09,2.242,2.107,2.107,0.064072,0.064072,0.0,1.0,0,普通大幅波动
sh.513660,2015-07-06,1.942,2.069,2.069,-0.061382,-0.061382,0.0,1.0,0,普通大幅波动
sh.513660,2015-07-08,1.75,1.939,1.939,-0.097473,-0.097473,0.0,1.0,0,普通大幅波动
sh.513660,2015-07-09,1.858,1.75,1.75,0.061714,0.061714,0.0,1.0,0,普通大幅波动
sh.513660,2015-10-08,1.828,1.712,1.712,0.067757,0.067757,0.0,1.0,0,普通大幅波动
sh.513660,2021-01-18,2.877,2.705,2.705,0.063586,0.063586,0.0,1.0,0,普通大幅波动
sh.513660,2022-03-16,1.978,1.829,1.829,0.081465,0.081465,0.0,1.0,0,普通大幅波动
sh.513680,2019-07-31,0.861,0.956,0.956,-0.099372,-0.099372,0.0,1.0,0,普通大幅波动
sh.513680,2019-08-01,0.938,0.861,0.861,0.089431,0.089431,0.0,1.0,0,普通大幅波动
sh.513680,2020-07-06,1.067,0.97,0.97,0.1,0.1,0.0,1.0,0,普通大幅波动
sh.513680,2020-07-07,1.174,1.067,1.067,0.100281,0.100281,0.0,1.0,0,普通大幅波动
sh.513680,2020-07-09,1.062,1.149,1.149,-0.075718,-0.075718,0.0,1.0,0,普通大幅波动
sh.513680,2022-03-16,0.679,0.629,0.629,0.079491,0.079491,0.0,1.0,0,普通大幅波动
sh.513690,2022-03-17,0.861,0.783,0.783,0.099617,0.099617,0.0,1.0,0,普通大幅波动
sh.513690,2022-07-08,0.794,0.861,0.861,-0.077816,-0.077816,0.0,1.0,0,普通大幅波动
sh.513700,2021-12-15,0.691,0.741,0.741,-0.067476,-0.067476,0.0,1.0,0,普通大幅波动
sh.513700,2022-03-14,0.466,0.502,0.502,-0.071713,-0.071713,0.0,1.0,0,普通大幅波动
sh.513700,2022-03-15,0.421,0.466,0.466,-0.096567,-0.096567,0.0,1.0,0,普通大幅波动
sh.513700,2022-03-16,0.463,0.421,0.421,0.099762,0.099762,0.0,1.0,0,普通大幅波动
sh.513700,2022-03-17,0.509,0.463,0.463,0.099352,0.099352,0.0,1.0,0,普通大幅波动
sh.513700,2022-03-25,0.531,0.569,0.569,-0.066784,-0.066784,0.0,1.0,0,普通大幅波动
sh.513700,2022-10-14,0.487,0.459,0.459,0.061002,0.061002,0.0,1.0,0,普通大幅波动
sh.513700,2022-10-24,0.471,0.503,0.503,-0.063618,-0.063618,0.0,1.0,0,普通大幅波动
sh.513700,2022-11-14,0.594,0.554,0.554,0.072202,0.072202,0.0,1.0,0,普通大幅波动
sh.513700,2024-02-06,0.384,0.361,0.361,0.063712,0.063712,0.0,1.0,0,普通大幅波动
sh.513700,2024-09-30,0.475,0.432,0.432,0.099537,0.099537,0.0,1.0,0,普通大幅波动
sh.513700,2024-10-09,0.451,0.484,0.484,-0.068182,-0.068182,0.0,1.0,0,普通大幅波动
sh.513730,2024-08-05,1.062,1.141,1.141,-0.069238,-0.069238,0.0,1.0,0,普通大幅波动
sh.513750,2024-09-27,1.153,1.064,1.064,0.083647,0.083647,0.0,1.0,0,普通大幅波动
sh.513750,2024-09-30,1.265,1.153,1.153,0.097138,0.097138,0.0,1.0,0,普通大幅波动
sh.513750,2024-10-09,1.196,1.319,1.319,-0.093252,-0.093252,0.0,1.0,0,普通大幅波动
sh.513770,2022-03-14,0.69,0.75,0.75,-0.08,-0.08,0.0,1.0,0,普通大幅波动
sh.513770,2022-03-15,0.626,0.69,0.69,-0.092754,-0.092754,0.0,1.0,0,普通大幅波动
sh.513770,2022-03-16,0.689,0.626,0.626,0.100639,0.100639,0.0,1.0,0,普通大幅波动
sh.513770,2022-03-17,0.758,0.689,0.689,0.100145,0.100145,0.0,1.0,0,普通大幅波动
sh.513770,2022-04-29,0.806,0.737,0.737,0.093623,0.093623,0.0,1.0,0,普通大幅波动
sh.513770,2022-10-24,0.587,0.644,0.644,-0.088509,-0.088509,0.0,1.0,0,普通大幅波动
sh.513770,2022-11-01,0.656,0.603,0.603,0.087894,0.087894,0.0,1.0,0,普通大幅波动
sh.513770,2022-11-04,0.705,0.659,0.659,0.069803,0.069803,0.0,1.0,0,普通大幅波动
sh.513770,2022-11-11,0.726,0.677,0.677,0.072378,0.072378,0.0,1.0,0,普通大幅波动
sh.513770,2022-11-29,0.764,0.719,0.719,0.062587,0.062587,0.0,1.0,0,普通大幅波动
sh.513770,2022-12-05,0.883,0.814,0.814,0.084767,0.084767,0.0,1.0,0,普通大幅波动
sh.513770,2024-01-17,0.578,0.617,0.617,-0.063209,-0.063209,0.0,1.0,0,普通大幅波动
sh.513770,2024-05-06,0.775,0.716,0.716,0.082402,0.082402,0.0,1.0,0,普通大幅波动
sh.513770,2024-09-26,0.778,0.726,0.726,0.071625,0.071625,0.0,1.0,0,普通大幅波动
sh.513770,2024-09-27,0.828,0.778,0.778,0.064267,0.064267,0.0,1.0,0,普通大幅波动
sh.513770,2024-09-30,0.905,0.828,0.828,0.092995,0.092995,0.0,1.0,0,普通大幅波动
sh.513800,2024-08-05,1.215,1.333,1.333,-0.088522,-0.088522,0.0,1.0,0,普通大幅波动
sh.513850,2024-01-22,1.169,1.063,1.063,0.099718,0.099718,0.0,1.0,0,普通大幅波动
sh.513850,2024-01-23,1.286,1.169,1.169,0.100086,0.100086,0.0,1.0,0,普通大幅波动
sh.513850,2024-01-24,1.415,1.286,1.286,0.100311,0.100311,0.0,1.0,0,普通大幅波动
sh.513850,2024-01-25,1.539,1.415,1.415,0.087633,0.087633,0.0,1.0,0,普通大幅波动
sh.513850,2024-01-29,1.379,1.532,1.532,-0.099869,-0.099869,0.0,1.0,0,普通大幅波动
sh.513850,2024-01-30,1.241,1.379,1.379,-0.100073,-0.100073,0.0,1.0,0,普通大幅波动
sh.513850,2024-01-31,1.119,1.241,1.241,-0.098308,-0.098308,0.0,1.0,0,普通大幅波动
sh.513850,2024-08-05,1.16,1.253,1.253,-0.074222,-0.074222,0.0,1.0,0,普通大幅波动
sh.513860,2021-07-27,0.793,0.866,0.866,-0.084296,-0.084296,0.0,1.0,0,普通大幅波动
sh.513860,2021-07-29,0.866,0.813,0.813,0.065191,0.065191,0.0,1.0,0,普通大幅波动
sh.513860,2022-03-14,0.45,0.485,0.485,-0.072165,-0.072165,0.0,1.0,0,普通大幅波动
sh.513860,2022-03-15,0.415,0.45,0.45,-0.077778,-0.077778,0.0,1.0,0,普通大幅波动
sh.513860,2022-03-16,0.457,0.415,0.415,0.101205,0.101205,0.0,1.0,0,普通大幅波动
sh.513860,2022-03-17,0.5,0.457,0.457,0.094092,0.094092,0.0,1.0,0,普通大幅波动
sh.513860,2022-04-29,0.517,0.473,0.473,0.093023,0.093023,0.0,1.0,0,普通大幅波动
sh.513860,2022-10-24,0.386,0.419,0.419,-0.078759,-0.078759,0.0,1.0,0,普通大幅波动
sh.513860,2022-11-01,0.422,0.393,0.393,0.073791,0.073791,0.0,1.0,0,普通大幅波动
sh.513860,2022-11-04,0.45,0.424,0.424,0.061321,0.061321,0.0,1.0,0,普通大幅波动
sh.513860,2022-11-11,0.463,0.433,0.433,0.069284,0.069284,0.0,1.0,0,普通大幅波动
sh.513860,2024-05-06,0.463,0.435,0.435,0.064368,0.064368,0.0,1.0,0,普通大幅波动
sh.513860,2024-09-30,0.555,0.514,0.514,0.079767,0.079767,0.0,1.0,0,普通大幅波动
sh.513860,2024-10-18,0.559,0.526,0.526,0.062738,0.062738,0.0,1.0,0,普通大幅波动
sh.513870,2024-01-22,1.271,1.177,1.177,0.079864,0.079864,0.0,1.0,0,普通大幅波动
sh.513870,2024-01-23,1.398,1.271,1.271,0.099921,0.099921,0.0,1.0,0,普通大幅波动
sh.513870,2024-01-25,1.23,1.367,1.367,-0.100219,-0.100219,0.0,1.0,0,普通大幅波动
sh.513870,2024-08-05,1.191,1.278,1.278,-0.068075,-0.068075,0.0,1.0,0,普通大幅波动
sh.513880,2024-08-05,1.14,1.267,1.267,-0.100237,-0.100237,0.0,1.0,0,普通大幅波动
sh.513890,2022-03-14,0.689,0.747,0.747,-0.077644,-0.077644,0.0,1.0,0,普通大幅波动
sh.513890,2022-03-15,0.632,0.689,0.689,-0.082729,-0.082729,0.0,1.0,0,普通大幅波动
sh.513890,2022-03-16,0.695,0.632,0.632,0.099684,0.099684,0.0,1.0,0,普通大幅波动
sh.513890,2022-03-17,0.765,0.695,0.695,0.100719,0.100719,0.0,1.0,0,普通大幅波动
sh.513890,2022-04-29,0.803,0.736,0.736,0.091033,0.091033,0.0,1.0,0,普通大幅波动
sh.513890,2022-10-24,0.584,0.64,0.64,-0.0875,-0.0875,0.0,1.0,0,普通大幅波动
sh.513890,2022-11-01,0.642,0.596,0.596,0.077181,0.077181,0.0,1.0,0,普通大幅波动
sh.513890,2022-11-04,0.678,0.632,0.632,0.072785,0.072785,0.0,1.0,0,普通大幅波动
sh.513890,2022-11-11,0.692,0.649,0.649,0.066256,0.066256,0.0,1.0,0,普通大幅波动
sh.513890,2022-11-15,0.751,0.706,0.706,0.063739,0.063739,0.0,1.0,0,普通大幅波动
sh.513890,2022-11-29,0.735,0.692,0.692,0.062139,0.062139,0.0,1.0,0,普通大幅波动
sh.513890,2022-12-05,0.821,0.765,0.765,0.073203,0.073203,0.0,1.0,0,普通大幅波动
sh.513890,2024-02-06,0.663,0.622,0.622,0.065916,0.065916,0.0,1.0,0,普通大幅波动
sh.513890,2024-05-06,0.798,0.735,0.735,0.085714,0.085714,0.0,1.0,0,普通大幅波动
sh.513890,2024-09-26,0.827,0.776,0.776,0.065722,0.065722,0.0,1.0,0,普通大幅波动
sh.513890,2024-09-27,0.886,0.827,0.827,0.071342,0.071342,0.0,1.0,0,普通大幅波动
sh.513890,2024-09-30,0.966,0.886,0.886,0.090293,0.090293,0.0,1.0,0,普通大幅波动
sh.513900,2019-02-13,1.068,0.971,0.971,0.099897,0.099897,0.0,1.0,0,普通大幅波动
sh.513900,2019-02-14,0.983,1.068,1.068,-0.079588,-0.079588,0.0,1.0,0,普通大幅波动
sh.513900,2019-03-27,0.986,0.93,0.93,0.060215,0.060215,0.0,1.0,0,普通大幅波动
sh.513900,2019-05-17,1.049,0.987,0.987,0.062817,0.062817,0.0,1.0,0,普通大幅波动
sh.513900,2019-05-20,0.97,1.049,1.049,-0.07531,-0.07531,0.0,1.0,0,普通大幅波动
sh.513900,2021-01-18,1.243,1.157,1.157,0.07433,0.07433,0.0,1.0,0,普通大幅波动
sh.513900,2021-01-19,1.367,1.243,1.243,0.099759,0.099759,0.0,1.0,0,普通大幅波动
sh.513900,2021-01-20,1.232,1.367,1.367,-0.098756,-0.098756,0.0,1.0,0,普通大幅波动
sh.513900,2022-03-16,0.794,0.727,0.727,0.09216,0.09216,0.0,1.0,0,普通大幅波动
sh.513900,2022-10-24,0.673,0.717,0.717,-0.061367,-0.061367,0.0,1.0,0,普通大幅波动
sh.513900,2022-11-01,0.69,0.649,0.649,0.063174,0.063174,0.0,1.0,0,普通大幅波动
sh.513910,2024-09-30,1.252,1.164,1.164,0.075601,0.075601,0.0,1.0,0,普通大幅波动
sh.513910,2024-10-08,1.353,1.252,1.252,0.080671,0.080671,0.0,1.0,0,普通大幅波动
sh.513910,2024-10-09,1.247,1.353,1.353,-0.078344,-0.078344,0.0,1.0,0,普通大幅波动
sh.513920,2024-10-09,1.261,1.359,1.359,-0.072112,-0.072112,0.0,1.0,0,普通大幅波动
sh.513920,2024-10-10,1.37,1.261,1.261,0.086439,0.086439,0.0,1.0,0,普通大幅波动
sh.513960,2022-06-14,1.241,1.128,1.128,0.100177,0.100177,0.0,1.0,0,普通大幅波动
sh.513960,2022-11-01,0.96,0.886,0.886,0.083521,0.083521,0.0,1.0,0,普通大幅波动
sh.513960,2022-11-04,1.028,0.962,0.962,0.068607,0.068607,0.0,1.0,0,普通大幅波动
sh.513960,2022-11-11,1.061,0.994,0.994,0.067404,0.067404,0.0,1.0,0,普通大幅波动
sh.513970,2024-09-26,0.825,0.762,0.762,0.082677,0.082677,0.0,1.0,0,普通大幅波动
sh.513970,2024-09-27,0.875,0.825,0.825,0.060606,0.060606,0.0,1.0,0,普通大幅波动
sh.513980,2021-07-27,0.799,0.872,0.872,-0.083716,-0.083716,0.0,1.0,0,普通大幅波动
sh.513980,2021-07-29,0.871,0.815,0.815,0.068712,0.068712,0.0,1.0,0,普通大幅波动
sh.513980,2022-03-14,0.445,0.482,0.482,-0.076763,-0.076763,0.0,1.0,0,普通大幅波动
sh.513980,2022-03-15,0.412,0.445,0.445,-0.074157,-0.074157,0.0,1.0,0,普通大幅波动
sh.513980,2022-03-16,0.453,0.412,0.412,0.099515,0.099515,0.0,1.0,0,普通大幅波动
sh.513980,2022-03-17,0.498,0.453,0.453,0.099338,0.099338,0.0,1.0,0,普通大幅波动
sh.513980,2022-03-23,0.535,0.503,0.503,0.063618,0.063618,0.0,1.0,0,普通大幅波动
sh.513980,2022-04-29,0.523,0.48,0.48,0.089583,0.089583,0.0,1.0,0,普通大幅波动
sh.513980,2022-10-24,0.387,0.419,0.419,-0.076372,-0.076372,0.0,1.0,0,普通大幅波动
sh.513980,2022-11-01,0.421,0.392,0.392,0.07398,0.07398,0.0,1.0,0,普通大幅波动
sh.513980,2022-11-11,0.459,0.433,0.433,0.060046,0.060046,0.0,1.0,0,普通大幅波动
sh.513980,2024-02-06,0.373,0.351,0.351,0.062678,0.062678,0.0,1.0,0,普通大幅波动
sh.513980,2024-05-06,0.463,0.433,0.433,0.069284,0.069284,0.0,1.0,0,普通大幅波动
sh.513980,2024-09-30,0.553,0.512,0.512,0.080078,0.080078,0.0,1.0,0,普通大幅波动
sh.513990,2021-01-19,1.237,1.125,1.125,0.099556,0.099556,0.0,1.0,0,普通大幅波动
sh.513990,2022-03-15,0.69,0.735,0.735,-0.061224,-0.061224,0.0,1.0,0,普通大幅波动
sh.513990,2022-03-16,0.758,0.69,0.69,0.098551,0.098551,0.0,1.0,0,普通大幅波动
sh.513990,2024-09-30,1.001,0.91,0.91,0.1,0.1,0.0,1.0,0,普通大幅波动
sh.513990,2024-10-09,0.896,0.976,0.976,-0.081967,-0.081967,0.0,1.0,0,普通大幅波动
sh.515000,2020-02-03,1.269,1.41,1.41,-0.1,-0.1,0.0,1.0,0,普通大幅波动
sh.515000,2020-02-04,1.36,1.269,1.269,0.07171,0.07171,0.0,1.0,0,普通大幅波动
sh.515000,2020-02-26,1.561,1.669,1.669,-0.064709,-0.064709,0.0,1.0,0,普通大幅波动
sh.515000,2020-03-16,1.342,1.438,1.438,-0.066759,-0.066759,0.0,1.0,0,普通大幅波动
sh.515000,2020-07-16,1.748,1.86,1.86,-0.060215,-0.060215,0.0,1.0,0,普通大幅波动
sh.515000,2022-04-25,1.14,1.217,1.217,-0.06327,-0.06327,0.0,1.0,0,普通大幅波动
sh.515000,2024-09-27,1.101,1.03,1.03,0.068932,0.068932,0.0,1.0,0,普通大幅波动
sh.515000,2024-09-30,1.211,1.101,1.101,0.099909,0.099909,0.0,1.0,0,普通大幅波动
sh.515000,2024-10-08,1.332,1.211,1.211,0.099917,0.099917,0.0,1.0,0,普通大幅波动
sh.515000,2024-10-18,1.283,1.194,1.194,0.074539,0.074539,0.0,1.0,0,普通大幅波动
sh.515010,2020-02-03,0.923,1.025,1.025,-0.099512,-0.099512,0.0,1.0,0,普通大幅波动
sh.515010,2020-02-20,1.097,1.034,1.034,0.060928,0.060928,0.0,1.0,0,普通大幅波动
sh.515010,2020-02-28,1.023,1.09,1.09,-0.061468,-0.061468,0.0,1.0,0,普通大幅波动
sh.515010,2020-07-02,1.17,1.086,1.086,0.077348,0.077348,0.0,1.0,0,普通大幅波动
sh.515010,2020-07-03,1.278,1.17,1.17,0.092308,0.092308,0.0,1.0,0,普通大幅波动
sh.515010,2020-07-06,1.406,1.278,1.278,0.100156,0.100156,0.0,1.0,0,普通大幅波动
sh.515010,2020-07-08,1.438,1.344,1.344,0.06994,0.06994,0.0,1.0,0,普通大幅波动
sh.515010,2020-07-24,1.265,1.349,1.349,-0.062268,-0.062268,0.0,1.0,0,普通大幅波动
sh.515010,2021-01-12,1.392,1.312,1.312,0.060976,0.060976,0.0,1.0,0,普通大幅波动
sh.515010,2021-05-14,1.188,1.108,1.108,0.072202,0.072202,0.0,1.0,0,普通大幅波动
sh.515010,2021-08-18,1.29,1.212,1.212,0.064356,0.064356,0.0,1.0,0,普通大幅波动
sh.515010,2023-07-28,1.157,1.069,1.069,0.08232,0.08232,0.0,1.0,0,普通大幅波动
sh.515010,2024-04-26,1.005,0.947,0.947,0.061246,0.061246,0.0,1.0,0,普通大幅波动
sh.515010,2024-09-26,1.081,1.012,1.012,0.068182,0.068182,0.0,1.0,0,普通大幅波动
sh.515010,2024-09-27,1.189,1.081,1.081,0.099907,0.099907,0.0,1.0,0,普通大幅波动
sh.515010,2024-09-30,1.308,1.189,1.189,0.100084,0.100084,0.0,1.0,0,普通大幅波动
sh.515010,2024-10-08,1.439,1.308,1.308,0.100153,0.100153,0.0,1.0,0,普通大幅波动
sh.515010,2024-10-18,1.335,1.235,1.235,0.080972,0.080972,0.0,1.0,0,普通大幅波动
sh.515010,2024-11-07,1.552,1.426,1.426,0.088359,0.088359,0.0,1.0,0,普通大幅波动
sh.515020,2020-02-03,0.909,0.991,0.991,-0.082745,-0.082745,0.0,1.0,0,普通大幅波动
sh.515020,2020-07-06,1.102,1.002,1.002,0.0998,0.0998,0.0,1.0,0,普通大幅波动
sh.515020,2024-10-09,1.433,1.526,1.526,-0.060944,-0.060944,0.0,1.0,0,普通大幅波动
sh.515030,2020-03-16,0.816,0.879,0.879,-0.071672,-0.071672,0.0,1.0,0,普通大幅波动
sh.515030,2020-03-23,0.719,0.782,0.782,-0.080563,-0.080563,0.0,1.0,0,普通大幅波动
sh.515030,2020-07-24,1.031,1.106,1.106,-0.067812,-0.067812,0.0,1.0,0,普通大幅波动
sh.515030,2020-10-09,1.167,1.099,1.099,0.061874,0.061874,0.0,1.0,0,普通大幅波动
sh.515030,2020-11-05,1.393,1.314,1.314,0.060122,0.060122,0.0,1.0,0,普通大幅波动
sh.515030,2021-01-04,1.788,1.664,1.664,0.074519,0.074519,0.0,1.0,0,普通大幅波动
sh.515030,2021-04-19,1.599,1.497,1.497,0.068136,0.068136,0.0,1.0,0,普通大幅波动
sh.515030,2021-06-16,1.792,1.917,1.917,-0.065206,-0.065206,0.0,1.0,0,普通大幅波动
sh.515030,2021-07-07,2.269,2.14,2.14,0.06028,0.06028,0.0,1.0,0,普通大幅波动
sh.515030,2021-08-04,2.568,2.359,2.359,0.088597,0.088597,0.0,1.0,0,普通大幅波动
sh.515030,2022-03-16,1.99,1.877,1.877,0.060202,0.060202,0.0,1.0,0,普通大幅波动
sh.515030,2022-04-11,1.757,1.883,1.883,-0.066914,-0.066914,0.0,1.0,0,普通大幅波动
sh.515030,2022-04-25,1.499,1.606,1.606,-0.066625,-0.066625,0.0,1.0,0,普通大幅波动
sh.515030,2022-04-27,1.61,1.47,1.47,0.095238,0.095238,0.0,1.0,0,普通大幅波动
sh.515030,2024-02-06,0.986,0.93,0.93,0.060215,0.060215,0.0,1.0,0,普通大幅波动
sh.515030,2024-03-11,1.147,1.072,1.072,0.069963,0.069963,0.0,1.0,0,普通大幅波动
sh.515030,2024-09-27,1.088,1.005,1.005,0.082587,0.082587,0.0,1.0,0,普通大幅波动
sh.515030,2024-09-30,1.197,1.088,1.088,0.100184,0.100184,0.0,1.0,0,普通大幅波动
sh.515030,2024-10-08,1.317,1.197,1.197,0.100251,0.100251,0.0,1.0,0,普通大幅波动
sh.515030,2024-10-09,1.235,1.317,1.317,-0.062263,-0.062263,0.0,1.0,0,普通大幅波动
sh.515050,2020-02-03,1.006,1.118,1.118,-0.100179,-0.100179,0.0,1.0,0,普通大幅波动
sh.515050,2020-02-24,1.391,1.288,1.288,0.079969,0.079969,0.0,1.0,0,普通大幅波动
sh.515050,2020-02-26,1.316,1.419,1.419,-0.072586,-0.072586,0.0,1.0,0,普通大幅波动
sh.515050,2020-03-10,1.248,1.174,1.174,0.063032,0.063032,0.0,1.0,0,普通大幅波动
sh.515050,2020-03-16,1.094,1.196,1.196,-0.085284,-0.085284,0.0,1.0,0,普通大幅波动
sh.515050,2020-03-23,1.016,1.081,1.081,-0.06013,-0.06013,0.0,1.0,0,普通大幅波动
sh.515050,2020-06-01,1.12,1.055,1.055,0.061611,0.061611,0.0,1.0,0,普通大幅波动
sh.515050,2020-07-16,1.299,1.395,1.395,-0.068817,-0.068817,0.0,1.0,0,普通大幅波动
sh.515050,2022-04-25,0.754,0.81,0.81,-0.069136,-0.069136,0.0,1.0,0,普通大幅波动
sh.515050,2024-02-06,0.762,0.715,0.715,0.065734,0.065734,0.0,1.0,0,普通大幅波动
sh.515050,2024-02-27,0.903,0.85,0.85,0.062353,0.062353,0.0,1.0,0,普通大幅波动
sh.515050,2024-09-30,1.09,0.991,0.991,0.099899,0.099899,0.0,1.0,0,普通大幅波动
sh.515050,2024-10-08,1.199,1.09,1.09,0.1,0.1,0.0,1.0,0,普通大幅波动
sh.515050,2024-10-18,1.151,1.074,1.074,0.071695,0.071695,0.0,1.0,0,普通大幅波动
sh.515060,2020-02-03,0.85,0.944,0.944,-0.099576,-0.099576,0.0,1.0,0,普通大幅波动
sh.515060,2020-07-06,1.148,1.044,1.044,0.099617,0.099617,0.0,1.0,0,普通大幅波动
sh.515060,2021-11-11,0.988,0.931,0.931,0.061224,0.061224,0.0,1.0,0,普通大幅波动
sh.515060,2022-03-15,0.881,0.954,0.954,-0.07652,-0.07652,0.0,1.0,0,普通大幅波动
sh.515060,2022-11-11,0.926,0.86,0.86,0.076744,0.076744,0.0,1.0,0,普通大幅波动
sh.515060,2022-11-29,1.052,0.956,0.956,0.100418,0.100418,0.0,1.0,0,普通大幅波动
sh.515060,2023-07-25,0.855,0.802,0.802,0.066085,0.066085,0.0,1.0,0,普通大幅波动
sh.515060,2024-04-29,0.629,0.584,0.584,0.077055,0.077055,0.0,1.0,0,普通大幅波动
sh.515060,2024-05-17,0.718,0.667,0.667,0.076462,0.076462,0.0,1.0,0,普通大幅波动
sh.515060,2024-09-26,0.663,0.603,0.603,0.099502,0.099502,0.0,1.0,0,普通大幅波动
sh.515060,2024-09-27,0.729,0.663,0.663,0.099548,0.099548,0.0,1.0,0,普通大幅波动
sh.515060,2024-09-30,0.802,0.729,0.729,0.100137,0.100137,0.0,1.0,0,普通大幅波动
sh.515060,2024-10-09,0.701,0.779,0.779,-0.100128,-0.100128,0.0,1.0,0,普通大幅波动
sh.515060,2024-10-16,0.756,0.713,0.713,0.060309,0.060309,0.0,1.0,0,普通大幅波动
sh.515060,2024-10-17,0.704,0.756,0.756,-0.068783,-0.068783,0.0,1.0,0,普通大幅波动
sh.515070,2020-02-03,0.995,1.106,1.106,-0.100362,-0.100362,0.0,1.0,0,普通大幅波动
sh.515070,2020-02-26,1.296,1.381,1.381,-0.06155,-0.06155,0.0,1.0,0,普通大幅波动
sh.515070,2020-02-28,1.216,1.3,1.3,-0.064615,-0.064615,0.0,1.0,0,普通大幅波动
sh.515070,2020-03-16,1.112,1.188,1.188,-0.063973,-0.063973,0.0,1.0,0,普通大幅波动
sh.515070,2020-03-23,1.055,1.125,1.125,-0.062222,-0.062222,0.0,1.0,0,普通大幅波动
sh.515070,2022-04-25,0.857,0.915,0.915,-0.063388,-0.063388,0.0,1.0,0,普通大幅波动
sh.515070,2023-04-21,1.198,1.275,1.275,-0.060392,-0.060392,0.0,1.0,0,普通大幅波动
sh.515070,2024-02-06,0.785,0.732,0.732,0.072404,0.072404,0.0,1.0,0,普通大幅波动
sh.515070,2024-02-19,0.887,0.829,0.829,0.069964,0.069964,0.0,1.0,0,普通大幅波动
sh.515070,2024-09-27,0.927,0.871,0.871,0.064294,0.064294,0.0,1.0,0,普通大幅波动
sh.515070,2024-09-30,1.02,0.927,0.927,0.100324,0.100324,0.0,1.0,0,普通大幅波动
sh.515070,2024-10-08,1.122,1.02,1.02,0.1,0.1,0.0,1.0,0,普通大幅波动
sh.515070,2024-10-18,1.129,1.048,1.048,0.07729,0.07729,0.0,1.0,0,普通大幅波动
sh.515080,2020-02-03,0.94,1.04,1.04,-0.096154,-0.096154,0.0,1.0,0,普通大幅波动
sh.515080,2022-03-15,1.307,1.405,1.405,-0.069751,-0.069751,0.0,1.0,0,普通大幅波动
sh.515080,2024-09-30,1.62,1.502,1.502,0.078562,0.078562,0.0,1.0,0,普通大幅波动
sh.515080,2024-10-09,1.5,1.631,1.631,-0.080319,-0.080319,0.0,1.0,0,普通大幅波动
sh.515090,2020-02-20,1.094,1.019,,,0.073602,,,,普通大幅波动
sh.515090,2024-09-30,1.236,1.13,1.13,0.093805,0.093805,0.0,1.0,0,普通大幅波动
sh.515090,2024-10-08,1.359,1.236,1.236,0.099515,0.099515,0.0,1.0,0,普通大幅波动
sh.515090,2024-10-09,1.225,1.359,1.359,-0.098602,-0.098602,0.0,1.0,0,普通大幅波动
sh.515100,2020-07-06,1.138,1.065,1.065,0.068545,0.068545,0.0,1.0,0,普通大幅波动
sh.515100,2023-12-21,1.273,1.275,1.712,-0.256425,-0.001569,-0.255257,1.3427,0,拆分合并型
sh.515100,2024-09-30,1.481,1.396,1.396,0.060888,0.060888,0.0,1.0,0,普通大幅波动
sh.515100,2024-10-09,1.388,1.506,1.506,-0.078353,-0.078353,0.0,1.0,0,普通大幅波动
sh.515110,2020-02-03,0.861,0.957,0.957,-0.100313,-0.100313,0.0,1.0,0,普通大幅波动
sh.515110,2020-03-02,0.994,0.92,0.92,0.080435,0.080435,0.0,1.0,0,普通大幅波动
sh.515110,2024-09-30,1.397,1.287,1.287,0.08547,0.08547,0.0,1.0,0,普通大幅波动
sh.515110,2024-10-09,1.35,1.455,1.455,-0.072165,-0.072165,0.0,1.0,0,普通大幅波动
sh.515120,2022-04-25,0.666,0.709,0.709,-0.060649,-0.060649,0.0,1.0,0,普通大幅波动
sh.515120,2022-10-14,0.68,0.629,0.629,0.081081,0.081081,0.0,1.0,0,普通大幅波动
sh.515120,2024-02-06,0.499,0.454,0.454,0.099119,0.099119,0.0,1.0,0,普通大幅波动
sh.515120,2024-09-27,0.514,0.479,0.479,0.073069,0.073069,0.0,1.0,0,普通大幅波动
sh.515120,2024-09-30,0.565,0.514,0.514,0.099222,0.099222,0.0,1.0,0,普通大幅波动
sh.515120,2024-10-08,0.622,0.565,0.565,0.100885,0.100885,0.0,1.0,0,普通大幅波动
sh.515120,2024-10-09,0.572,0.622,0.622,-0.080386,-0.080386,0.0,1.0,0,普通大幅波动
sh.515130,2020-07-06,1.269,1.163,1.163,0.091144,0.091144,0.0,1.0,0,普通大幅波动
sh.515130,2024-09-30,1.309,1.19,1.19,0.1,0.1,0.0,1.0,0,普通大幅波动
sh.515130,2024-10-09,1.24,1.355,1.355,-0.084871,-0.084871,0.0,1.0,0,普通大幅波动
sh.515150,2020-02-03,0.869,0.965,0.965,-0.099482,-0.099482,0.0,1.0,0,普通大幅波动
sh.515150,2020-07-06,1.019,0.96,0.96,0.061458,0.061458,0.0,1.0,0,普通大幅波动
sh.515150,2022-03-15,1.117,1.19,1.19,-0.061345,-0.061345,0.0,1.0,0,普通大幅波动
sh.515150,2024-09-27,1.29,1.18,1.18,0.09322,0.09322,0.0,1.0,0,普通大幅波动
sh.515150,2024-10-09,1.28,1.371,1.371,-0.066375,-0.066375,0.0,1.0,0,普通大幅波动
sh.515160,2024-09-30,1.3,1.182,1.182,0.099831,0.099831,0.0,1.0,0,普通大幅波动
sh.515160,2024-10-08,1.394,1.3,1.3,0.072308,0.072308,0.0,1.0,0,普通大幅波动
sh.515160,2024-10-09,1.282,1.394,1.394,-0.080344,-0.080344,0.0,1.0,0,普通大幅波动
sh.515170,2021-02-22,0.973,1.038,1.038,-0.06262,-0.06262,0.0,1.0,0,普通大幅波动
sh.515170,2024-09-24,0.505,0.476,0.476,0.060924,0.060924,0.0,1.0,0,普通大幅波动
sh.515170,2024-09-26,0.559,0.508,0.508,0.100394,0.100394,0.0,1.0,0,普通大幅波动
sh.515170,2024-09-27,0.615,0.559,0.559,0.100179,0.100179,0.0,1.0,0,普通大幅波动
sh.515170,2024-09-30,0.677,0.615,0.615,0.100813,0.100813,0.0,1.0,0,普通大幅波动
sh.515170,2024-10-09,0.608,0.676,0.676,-0.100592,-0.100592,0.0,1.0,0,普通大幅波动
sh.515170,2024-11-07,0.66,0.611,0.611,0.080196,0.080196,0.0,1.0,0,普通大幅波动
sh.515180,2020-02-03,0.908,0.994,0.994,-0.086519,-0.086519,0.0,1.0,0,普通大幅波动
sh.515180,2020-07-06,1.1,1.036,1.036,0.061776,0.061776,0.0,1.0,0,普通大幅波动
sh.515180,2024-10-09,1.37,1.494,1.494,-0.082999,-0.082999,0.0,1.0,0,普通大幅波动
sh.515190,2020-07-06,1.215,1.121,1.121,0.083854,0.083854,0.0,1.0,0,普通大幅波动
sh.515190,2022-04-26,1.069,1.188,1.188,-0.100168,-0.100168,0.0,1.0,0,普通大幅波动
sh.515190,2022-05-23,1.286,1.205,1.205,0.06722,0.06722,0.0,1.0,0,普通大幅波动
sh.515190,2024-02-06,0.97,0.91,0.91,0.065934,0.065934,0.0,1.0,0,普通大幅波动
sh.515190,2024-02-07,1.067,0.97,0.97,0.1,0.1,0.0,1.0,0,普通大幅波动
sh.515190,2024-09-26,1.05,0.99,0.99,0.060606,0.060606,0.0,1.0,0,普通大幅波动
sh.515190,2024-09-27,1.14,1.05,1.05,0.085714,0.085714,0.0,1.0,0,普通大幅波动
sh.515190,2024-09-30,1.254,1.14,1.14,0.1,0.1,0.0,1.0,0,普通大幅波动
sh.515190,2024-10-08,1.346,1.254,1.254,0.073365,0.073365,0.0,1.0,0,普通大幅波动
sh.515190,2024-10-09,1.211,1.346,1.346,-0.100297,-0.100297,0.0,1.0,0,普通大幅波动
sh.515200,2020-02-03,1.033,1.148,1.148,-0.100174,-0.100174,0.0,1.0,0,普通大幅波动
sh.515200,2020-02-04,1.106,1.033,1.033,0.070668,0.070668,0.0,1.0,0,普通大幅波动
sh.515200,2023-11-03,1.595,1.486,1.486,0.073351,0.073351,0.0,1.0,0,普通大幅波动
sh.515200,2024-09-27,1.348,1.27,1.27,0.061417,0.061417,0.0,1.0,0,普通大幅波动
sh.515200,2024-09-30,1.482,1.348,1.348,0.099407,0.099407,0.0,1.0,0,普通大幅波动
sh.515200,2024-10-08,1.63,1.482,1.482,0.099865,0.099865,0.0,1.0,0,普通大幅波动
sh.515210,2021-02-22,1.413,1.326,1.326,0.065611,0.065611,0.0,1.0,0,普通大幅波动
sh.515210,2021-03-03,1.498,1.389,1.389,0.078474,0.078474,0.0,1.0,0,普通大幅波动
sh.515210,2021-03-05,1.451,1.546,1.546,-0.061449,-0.061449,0.0,1.0,0,普通大幅波动
sh.515210,2021-05-06,1.658,1.558,1.558,0.064185,0.064185,0.0,1.0,0,普通大幅波动
sh.515210,2021-09-09,2.392,2.251,2.251,0.062639,0.062639,0.0,1.0,0,普通大幅波动
sh.515210,2021-09-27,1.952,2.098,2.098,-0.06959,-0.06959,0.0,1.0,0,普通大幅波动
sh.515210,2022-03-15,1.402,1.516,1.516,-0.075198,-0.075198,0.0,1.0,0,普通大幅波动
sh.515210,2022-04-25,1.339,1.444,1.444,-0.072715,-0.072715,0.0,1.0,0,普通大幅波动
sh.515210,2024-09-30,1.26,1.168,1.168,0.078767,0.078767,0.0,1.0,0,普通大幅波动
sh.515210,2024-10-09,1.182,1.313,1.313,-0.099772,-0.099772,0.0,1.0,0,普通大幅波动
sh.515220,2020-07-06,1.149,1.056,1.056,0.088068,0.088068,0.0,1.0,0,普通大幅波动
sh.515220,2021-02-18,1.32,1.23,1.23,0.073171,0.073171,0.0,1.0,0,普通大幅波动
sh.515220,2021-05-10,1.71,1.612,1.612,0.060794,0.060794,0.0,1.0,0,普通大幅波动
sh.515220,2021-09-09,2.635,2.473,2.473,0.065507,0.065507,0.0,1.0,0,普通大幅波动
sh.515220,2021-09-17,2.428,2.6,2.6,-0.066154,-0.066154,0.0,1.0,0,普通大幅波动
sh.515220,2021-09-24,2.339,2.521,2.521,-0.072194,-0.072194,0.0,1.0,0,普通大幅波动
sh.515220,2021-10-18,2.368,2.227,2.227,0.063314,0.063314,0.0,1.0,0,普通大幅波动
sh.515220,2021-10-20,2.179,2.368,2.368,-0.079814,-0.079814,0.0,1.0,0,普通大幅波动
sh.515220,2021-10-28,1.963,2.109,2.109,-0.069227,-0.069227,0.0,1.0,0,普通大幅波动
sh.515220,2021-12-16,2.119,1.978,1.978,0.071284,0.071284,0.0,1.0,0,普通大幅波动
sh.515220,2022-03-15,1.925,2.1,2.1,-0.083333,-0.083333,0.0,1.0,0,普通大幅波动
sh.515220,2022-04-25,2.098,2.245,2.245,-0.065479,-0.065479,0.0,1.0,0,普通大幅波动
sh.515220,2022-07-06,2.424,2.586,2.586,-0.062645,-0.062645,0.0,1.0,0,普通大幅波动
sh.515220,2024-04-12,1.297,1.306,2.612,-0.503446,-0.006891,-0.5,2.0,0,拆分合并型
sh.515220,2024-09-30,1.314,1.239,1.239,0.060533,0.060533,0.0,1.0,0,普通大幅波动
sh.515220,2024-10-09,1.181,1.293,1.293,-0.08662,-0.08662,0.0,1.0,0,普通大幅波动
sh.515220,2024-10-10,1.255,1.181,1.181,0.062659,0.062659,0.0,1.0,0,普通大幅波动
sh.515230,2022-01-17,1.048,0.988,0.988,0.060729,0.060729,0.0,1.0,0,普通大幅波动
sh.515230,2022-04-25,0.638,0.686,0.686,-0.069971,-0.069971,0.0,1.0,0,普通大幅波动
sh.515230,2022-04-29,0.67,0.625,0.625,0.072,0.072,0.0,1.0,0,普通大幅波动
sh.515230,2023-03-31,1.12,1.055,1.055,0.061611,0.061611,0.0,1.0,0,普通大幅波动
sh.515230,2023-04-10,1.082,1.172,1.172,-0.076792,-0.076792,0.0,1.0,0,普通大幅波动
sh.515230,2023-04-21,1.042,1.111,1.111,-0.062106,-0.062106,0.0,1.0,0,普通大幅波动
sh.515230,2024-02-06,0.564,0.528,0.528,0.068182,0.068182,0.0,1.0,0,普通大幅波动
sh.515230,2024-09-27,0.627,0.57,0.57,0.1,0.1,0.0,1.0,0,普通大幅波动
sh.515230,2024-09-30,0.69,0.627,0.627,0.100478,0.100478,0.0,1.0,0,普通大幅波动
sh.515230,2024-10-08,0.759,0.69,0.69,0.1,0.1,0.0,1.0,0,普通大幅波动
sh.515230,2024-10-09,0.813,0.759,0.759,0.071146,0.071146,0.0,1.0,0,普通大幅波动
sh.515230,2024-10-10,0.732,0.813,0.813,-0.099631,-0.099631,0.0,1.0,0,普通大幅波动
sh.515230,2024-10-14,0.748,0.699,0.699,0.0701,0.0701,0.0,1.0,0,普通大幅波动
sh.515230,2024-11-05,0.828,0.762,0.762,0.086614,0.086614,0.0,1.0,0,普通大幅波动
sh.515250,2021-04-19,0.964,0.909,0.909,0.060506,0.060506,0.0,1.0,0,普通大幅波动
sh.515250,2022-04-11,0.775,0.825,0.825,-0.060606,-0.060606,0.0,1.0,0,普通大幅波动
sh.515250,2022-04-25,0.691,0.75,0.75,-0.078667,-0.078667,0.0,1.0,0,普通大幅波动
sh.515250,2022-04-27,0.714,0.671,0.671,0.064083,0.064083,0.0,1.0,0,普通大幅波动
sh.515250,2024-02-06,0.652,0.611,0.611,0.067103,0.067103,0.0,1.0,0,普通大幅波动
sh.515250,2024-07-09,0.769,0.725,0.725,0.06069,0.06069,0.0,1.0,0,普通大幅波动
sh.515250,2024-09-27,0.806,0.758,0.758,0.063325,0.063325,0.0,1.0,0,普通大幅波动
sh.515250,2024-09-30,0.887,0.806,0.806,0.100496,0.100496,0.0,1.0,0,普通大幅波动
sh.515250,2024-10-08,0.976,0.887,0.887,0.100338,0.100338,0.0,1.0,0,普通大幅波动
sh.515250,2024-10-18,0.912,0.858,0.858,0.062937,0.062937,0.0,1.0,0,普通大幅波动
sh.515260,2024-09-30,0.778,0.707,0.707,0.100424,0.100424,0.0,1.0,0,普通大幅波动
sh.515260,2024-10-08,0.856,0.778,0.778,0.100257,0.100257,0.0,1.0,0,普通大幅波动
sh.515260,2024-10-18,0.863,0.794,0.794,0.086902,0.086902,0.0,1.0,0,普通大幅波动
sh.515280,2020-07-06,1.189,1.081,1.081,0.099907,0.099907,0.0,1.0,0,普通大幅波动
sh.515290,2024-10-09,1.206,1.305,1.305,-0.075862,-0.075862,0.0,1.0,0,普通大幅波动
sh.515300,2020-02-03,0.906,1.007,1.007,-0.100298,-0.100298,0.0,1.0,0,普通大幅波动
sh.515300,2020-07-06,1.077,1.002,1.002,0.07485,0.07485,0.0,1.0,0,普通大幅波动
sh.515300,2024-09-30,1.467,1.376,1.376,0.066134,0.066134,0.0,1.0,0,普通大幅波动
sh.515310,2020-02-03,0.905,1.005,1.005,-0.099502,-0.099502,0.0,1.0,0,普通大幅波动
sh.515310,2020-07-06,1.224,1.113,1.113,0.09973,0.09973,0.0,1.0,0,普通大幅波动
sh.515310,2022-03-15,1.243,1.149,1.149,0.08181,0.08181,0.0,1.0,0,普通大幅波动
sh.515310,2022-03-16,1.144,1.243,1.243,-0.079646,-0.079646,0.0,1.0,0,普通大幅波动
sh.515310,2022-04-26,1.038,1.121,1.121,-0.074041,-0.074041,0.0,1.0,0,普通大幅波动
sh.515310,2024-09-30,1.201,1.092,1.092,0.099817,0.099817,0.0,1.0,0,普通大幅波动
sh.515310,2024-10-08,1.292,1.201,1.201,0.07577,0.07577,0.0,1.0,0,普通大幅波动
sh.515310,2024-10-09,1.176,1.292,1.292,-0.089783,-0.089783,0.0,1.0,0,普通大幅波动
sh.515320,2024-09-30,0.732,0.665,0.665,0.100752,0.100752,0.0,1.0,0,普通大幅波动
sh.515320,2024-10-08,0.805,0.732,0.732,0.099727,0.099727,0.0,1.0,0,普通大幅波动
sh.515320,2024-10-18,0.806,0.743,0.743,0.084791,0.084791,0.0,1.0,0,普通大幅波动
sh.515330,2020-02-03,0.907,1.008,1.008,-0.100198,-0.100198,0.0,1.0,0,普通大幅波动
sh.515330,2020-07-06,1.19,1.121,1.121,0.061552,0.061552,0.0,1.0,0,普通大幅波动
sh.515330,2024-09-30,1.143,1.039,1.039,0.100096,0.100096,0.0,1.0,0,普通大幅波动
sh.515330,2024-10-08,1.257,1.143,1.143,0.099738,0.099738,0.0,1.0,0,普通大幅波动
sh.515330,2024-10-09,1.131,1.257,1.257,-0.100239,-0.100239,0.0,1.0,0,普通大幅波动
sh.515350,2024-09-30,5.189,4.85,4.85,0.069897,0.069897,0.0,1.0,0,普通大幅波动
sh.515350,2024-10-08,5.562,5.189,5.189,0.071883,0.071883,0.0,1.0,0,普通大幅波动
sh.515350,2024-10-09,5.219,5.562,5.562,-0.061668,-0.061668,0.0,1.0,0,普通大幅波动
sh.515360,2020-02-03,3.57,3.964,3.964,-0.099395,-0.099395,0.0,1.0,0,普通大幅波动
sh.515360,2020-07-16,4.813,5.13,5.13,-0.061793,-0.061793,0.0,1.0,0,普通大幅波动
sh.515360,2024-09-30,5.505,5.033,5.033,0.093781,0.093781,0.0,1.0,0,普通大幅波动
sh.515360,2024-10-08,5.989,5.505,5.505,0.08792,0.08792,0.0,1.0,0,普通大幅波动
sh.515360,2024-10-09,5.525,5.989,5.989,-0.077475,-0.077475,0.0,1.0,0,普通大幅波动
sh.515380,2020-07-06,4.751,4.47,4.47,0.062864,0.062864,0.0,1.0,0,普通大幅波动
sh.515380,2024-09-30,4.615,4.195,4.195,0.100119,0.100119,0.0,1.0,0,普通大幅波动
sh.515380,2024-10-08,5.018,4.615,4.615,0.087324,0.087324,0.0,1.0,0,普通大幅波动
sh.515380,2024-10-09,4.516,5.018,5.018,-0.10004,-0.10004,0.0,1.0,0,普通大幅波动
sh.515390,2020-02-03,0.878,0.975,0.975,-0.099487,-0.099487,0.0,1.0,0,普通大幅波动
sh.515390,2020-07-06,1.156,1.084,1.084,0.066421,0.066421,0.0,1.0,0,普通大幅波动
sh.515390,2024-09-27,1.1,1.009,1.009,0.090188,0.090188,0.0,1.0,0,普通大幅波动
sh.515390,2024-09-30,1.195,1.1,1.1,0.086364,0.086364,0.0,1.0,0,普通大幅波动
sh.515390,2024-10-09,1.139,1.265,1.265,-0.099605,-0.099605,0.0,1.0,0,普通大幅波动
sh.515400,2022-04-25,0.638,0.685,0.685,-0.068613,-0.068613,0.0,1.0,0,普通大幅波动
sh.515400,2022-04-26,0.597,0.638,0.638,-0.064263,-0.064263,0.0,1.0,0,普通大幅波动
sh.515400,2022-04-29,0.657,0.616,0.616,0.066558,0.066558,0.0,1.0,0,普通大幅波动
sh.515400,2023-01-03,0.787,0.742,0.742,0.060647,0.060647,0.0,1.0,0,普通大幅波动
sh.515400,2023-04-10,1.042,1.112,1.112,-0.06295,-0.06295,0.0,1.0,0,普通大幅波动
sh.515400,2024-02-06,0.581,0.541,0.541,0.073937,0.073937,0.0,1.0,0,普通大幅波动
sh.515400,2024-02-27,0.73,0.687,0.687,0.062591,0.062591,0.0,1.0,0,普通大幅波动
sh.515400,2024-09-27,0.653,0.604,0.604,0.081126,0.081126,0.0,1.0,0,普通大幅波动
sh.515400,2024-09-30,0.718,0.653,0.653,0.099541,0.099541,0.0,1.0,0,普通大幅波动
sh.515400,2024-10-08,0.79,0.718,0.718,0.100279,0.100279,0.0,1.0,0,普通大幅波动
sh.515400,2024-11-05,0.847,0.797,0.797,0.062735,0.062735,0.0,1.0,0,普通大幅波动
sh.515400,2024-11-11,0.97,0.909,0.909,0.067107,0.067107,0.0,1.0,0,普通大幅波动
sh.515450,2020-07-06,1.056,0.989,0.989,0.067745,0.067745,0.0,1.0,0,普通大幅波动
sh.515450,2023-12-18,1.169,1.17,1.31,-0.107634,-0.000855,-0.10687,1.11964253,0,分红型
sh.515450,2024-09-30,1.452,1.362,1.362,0.066079,0.066079,0.0,1.0,0,普通大幅波动
sh.515450,2024-10-09,1.374,1.491,1.491,-0.078471,-0.078471,0.0,1.0,0,普通大幅波动
sh.515510,2022-03-15,1.345,1.45,1.45,-0.072414,-0.072414,0.0,1.0,0,普通大幅波动
sh.515520,2020-02-03,0.912,1.006,1.006,-0.093439,-0.093439,0.0,1.0,0,普通大幅波动
sh.515530,2023-10-30,3.194,2.904,2.904,0.099862,0.099862,0.0,1.0,0,普通大幅波动
sh.515530,2023-10-31,2.925,3.194,3.194,-0.08422,-0.08422,0.0,1.0,0,普通大幅波动
sh.515530,2024-02-06,2.537,2.36,2.36,0.075,0.075,0.0,1.0,0,普通大幅波动
sh.515530,2024-02-07,2.699,2.537,2.537,0.063855,0.063855,0.0,1.0,0,普通大幅波动
sh.515530,2024-09-30,3.079,2.799,2.799,0.100036,0.100036,0.0,1.0,0,普通大幅波动
sh.515530,2024-10-08,3.3,3.079,3.079,0.071777,0.071777,0.0,1.0,0,普通大幅波动
sh.515530,2024-10-09,3.094,3.3,3.3,-0.062424,-0.062424,0.0,1.0,0,普通大幅波动
sh.515550,2020-02-03,0.962,1.069,1.069,-0.100094,-0.100094,0.0,1.0,0,普通大幅波动
sh.515550,2020-09-08,1.348,1.253,1.253,0.075818,0.075818,0.0,1.0,0,普通大幅波动
sh.515550,2021-07-27,1.526,1.43,1.43,0.067133,0.067133,0.0,1.0,0,普通大幅波动
sh.515550,2022-03-01,1.549,1.43,1.43,0.083217,0.083217,0.0,1.0,0,普通大幅波动
sh.515550,2022-03-15,1.252,1.356,1.356,-0.076696,-0.076696,0.0,1.0,0,普通大幅波动
sh.515550,2022-03-17,1.369,1.261,1.261,0.085646,0.085646,0.0,1.0,0,普通大幅波动
sh.515550,2022-06-01,1.28,1.4,1.4,-0.085714,-0.085714,0.0,1.0,0,普通大幅波动
sh.515550,2022-09-30,1.329,1.243,1.243,0.069187,0.069187,0.0,1.0,0,普通大幅波动
sh.515550,2022-10-10,1.218,1.329,1.329,-0.083521,-0.083521,0.0,1.0,0,普通大幅波动
sh.515550,2023-12-29,1.269,1.163,1.163,0.091144,0.091144,0.0,1.0,0,普通大幅波动
sh.515550,2024-01-02,1.175,1.269,1.269,-0.074074,-0.074074,0.0,1.0,0,普通大幅波动
sh.515550,2024-02-07,1.112,1.036,1.036,0.073359,0.073359,0.0,1.0,0,普通大幅波动
sh.515550,2024-09-30,1.269,1.154,1.154,0.099653,0.099653,0.0,1.0,0,普通大幅波动
sh.515550,2024-10-08,1.396,1.269,1.269,0.100079,0.100079,0.0,1.0,0,普通大幅波动
sh.515550,2024-10-10,1.267,1.348,1.348,-0.060089,-0.060089,0.0,1.0,0,普通大幅波动
sh.515560,2020-07-24,1.036,1.104,1.104,-0.061594,-0.061594,0.0,1.0,0,普通大幅波动
sh.515560,2021-01-12,1.128,1.064,1.064,0.06015,0.06015,0.0,1.0,0,普通大幅波动
sh.515560,2021-05-14,0.958,0.898,0.898,0.066815,0.066815,0.0,1.0,0,普通大幅波动
sh.515560,2023-07-28,0.915,0.85,0.85,0.076471,0.076471,0.0,1.0,0,普通大幅波动
sh.515560,2024-04-26,0.802,0.756,0.756,0.060847,0.060847,0.0,1.0,0,普通大幅波动
sh.515560,2024-09-24,0.791,0.746,0.746,0.060322,0.060322,0.0,1.0,0,普通大幅波动
sh.515560,2024-09-26,0.854,0.805,0.805,0.06087,0.06087,0.0,1.0,0,普通大幅波动
sh.515560,2024-09-27,0.906,0.854,0.854,0.06089,0.06089,0.0,1.0,0,普通大幅波动
sh.515560,2024-09-30,0.997,0.906,0.906,0.100442,0.100442,0.0,1.0,0,普通大幅波动
sh.515560,2024-10-08,1.097,0.997,0.997,0.100301,0.100301,0.0,1.0,0,普通大幅波动
sh.515560,2024-10-18,1.06,0.992,0.992,0.068548,0.068548,0.0,1.0,0,普通大幅波动
sh.515560,2024-11-07,1.234,1.144,1.144,0.078671,0.078671,0.0,1.0,0,普通大幅波动
sh.515570,2022-03-15,1.03,1.101,1.101,-0.064487,-0.064487,0.0,1.0,0,普通大幅波动
sh.515570,2022-12-14,1.182,1.108,1.108,0.066787,0.066787,0.0,1.0,0,普通大幅波动
sh.515580,2020-02-03,1.047,1.163,1.163,-0.099742,-0.099742,0.0,1.0,0,普通大幅波动
sh.515580,2020-03-16,1.096,1.175,1.175,-0.067234,-0.067234,0.0,1.0,0,普通大幅波动
sh.515580,2021-11-01,0.92,0.915,1.794,-0.487179,0.005464,-0.489967,1.96062756,1,拆分合并型
sh.515580,2024-09-27,0.721,0.68,0.68,0.060294,0.060294,0.0,1.0,0,普通大幅波动
sh.515580,2024-09-30,0.793,0.721,0.721,0.099861,0.099861,0.0,1.0,0,普通大幅波动
sh.515580,2024-10-08,0.872,0.793,0.793,0.099622,0.099622,0.0,1.0,0,普通大幅波动
sh.515590,2020-02-03,0.941,1.046,1.046,-0.100382,-0.100382,0.0,1.0,0,普通大幅波动
sh.515590,2022-04-25,1.249,1.333,1.333,-0.063016,-0.063016,0.0,1.0,0,普通大幅波动
sh.515590,2024-02-06,1.189,1.112,1.112,0.069245,0.069245,0.0,1.0,0,普通大幅波动
sh.515590,2024-02-07,1.267,1.189,1.189,0.065601,0.065601,0.0,1.0,0,普通大幅波动
sh.515590,2024-09-27,1.3,1.216,1.216,0.069079,0.069079,0.0,1.0,0,普通大幅波动
sh.515590,2024-09-30,1.429,1.3,1.3,0.099231,0.099231,0.0,1.0,0,普通大幅波动
sh.515590,2024-10-08,1.528,1.429,1.429,0.069279,0.069279,0.0,1.0,0,普通大幅波动
sh.515590,2024-10-09,1.418,1.528,1.528,-0.07199,-0.07199,0.0,1.0,0,普通大幅波动
sh.515600,2020-02-03,0.821,0.912,0.912,-0.099781,-0.099781,0.0,1.0,0,普通大幅波动
sh.515600,2020-07-06,0.94,0.884,0.884,0.063348,0.063348,0.0,1.0,0,普通大幅波动
sh.515600,2021-01-13,1.169,1.095,1.095,0.06758,0.06758,0.0,1.0,0,普通大幅波动
sh.515600,2024-09-30,1.527,1.43,1.43,0.067832,0.067832,0.0,1.0,0,普通大幅波动
sh.515600,2024-10-09,1.466,1.594,1.594,-0.080301,-0.080301,0.0,1.0,0,普通大幅波动
sh.515620,2021-02-10,1.454,1.357,1.357,0.071481,0.071481,0.0,1.0,0,普通大幅波动
sh.515630,2020-07-02,1.113,1.05,1.05,0.06,0.06,0.0,1.0,0,普通大幅波动
sh.515630,2020-07-03,1.191,1.113,1.113,0.070081,0.070081,0.0,1.0,0,普通大幅波动
sh.515630,2020-07-06,1.31,1.191,1.191,0.099916,0.099916,0.0,1.0,0,普通大幅波动
sh.515630,2020-07-20,1.3,1.214,1.214,0.07084,0.07084,0.0,1.0,0,普通大幅波动
sh.515630,2020-09-18,1.316,1.238,1.238,0.063005,0.063005,0.0,1.0,0,普通大幅波动
sh.515630,2021-01-12,1.384,1.303,1.303,0.062164,0.062164,0.0,1.0,0,普通大幅波动
sh.515630,2021-05-14,1.19,1.117,1.117,0.065354,0.065354,0.0,1.0,0,普通大幅波动
sh.515630,2023-07-28,1.168,1.08,1.08,0.081481,0.081481,0.0,1.0,0,普通大幅波动
sh.515630,2024-09-27,1.223,1.112,1.112,0.09982,0.09982,0.0,1.0,0,普通大幅波动
sh.515630,2024-09-30,1.345,1.223,1.223,0.099755,0.099755,0.0,1.0,0,普通大幅波动
sh.515630,2024-10-08,1.48,1.345,1.345,0.100372,0.100372,0.0,1.0,0,普通大幅波动
sh.515630,2024-10-09,1.345,1.48,1.48,-0.091216,-0.091216,0.0,1.0,0,普通大幅波动
sh.515630,2024-10-18,1.346,1.263,1.263,0.065717,0.065717,0.0,1.0,0,普通大幅波动
sh.515630,2024-11-07,1.556,1.419,1.419,0.096547,0.096547,0.0,1.0,0,普通大幅波动
sh.515650,2020-02-03,0.873,0.97,0.97,-0.1,-0.1,0.0,1.0,0,普通大幅波动
sh.515650,2020-07-16,1.279,1.373,1.373,-0.068463,-0.068463,0.0,1.0,0,普通大幅波动
sh.515650,2024-09-26,1.123,1.04,1.04,0.079808,0.079808,0.0,1.0,0,普通大幅波动
sh.515650,2024-09-30,1.279,1.175,1.175,0.088511,0.088511,0.0,1.0,0,普通大幅波动
sh.515650,2024-10-09,1.21,1.344,1.344,-0.099702,-0.099702,0.0,1.0,0,普通大幅波动
sh.515660,2020-02-03,3.696,4.1,4.1,-0.098537,-0.098537,0.0,1.0,0,普通大幅波动
sh.515660,2020-07-06,4.778,4.468,4.468,0.069382,0.069382,0.0,1.0,0,普通大幅波动
sh.515660,2024-09-30,4.85,4.41,4.41,0.099773,0.099773,0.0,1.0,0,普通大幅波动
sh.515660,2024-10-08,5.28,4.85,4.85,0.08866,0.08866,0.0,1.0,0,普通大幅波动
sh.515660,2024-10-09,4.955,5.28,5.28,-0.061553,-0.061553,0.0,1.0,0,普通大幅波动
sh.515670,2020-07-06,1.241,1.128,1.128,0.100177,0.100177,0.0,1.0,0,普通大幅波动
sh.515680,2020-02-03,0.84,0.933,0.933,-0.099678,-0.099678,0.0,1.0,0,普通大幅波动
sh.515680,2020-07-06,0.967,0.905,0.905,0.068508,0.068508,0.0,1.0,0,普通大幅波动
sh.515680,2022-03-15,1.131,1.207,1.207,-0.062966,-0.062966,0.0,1.0,0,普通大幅波动
sh.515680,2024-09-30,1.531,1.411,1.411,0.085046,0.085046,0.0,1.0,0,普通大幅波动
sh.515680,2024-10-09,1.481,1.602,1.602,-0.075531,-0.075531,0.0,1.0,0,普通大幅波动
sh.515690,2020-07-06,1.202,1.129,1.129,0.064659,0.064659,0.0,1.0,0,普通大幅波动
sh.515700,2020-02-28,1.103,1.185,1.185,-0.069198,-0.069198,0.0,1.0,0,普通大幅波动
sh.515700,2020-03-16,0.972,1.05,1.05,-0.074286,-0.074286,0.0,1.0,0,普通大幅波动
sh.515700,2020-03-23,0.864,0.94,0.94,-0.080851,-0.080851,0.0,1.0,0,普通大幅波动
sh.515700,2020-07-13,1.458,1.373,1.373,0.061908,0.061908,0.0,1.0,0,普通大幅波动
sh.515700,2020-07-24,1.272,1.358,1.358,-0.063328,-0.063328,0.0,1.0,0,普通大幅波动
sh.515700,2020-12-21,2.011,1.884,1.884,0.06741,0.06741,0.0,1.0,0,普通大幅波动
sh.515700,2021-01-04,2.255,2.08,2.08,0.084135,0.084135,0.0,1.0,0,普通大幅波动
sh.515700,2021-03-04,1.937,2.075,2.075,-0.066506,-0.066506,0.0,1.0,0,普通大幅波动
sh.515700,2021-04-19,2.009,1.872,1.872,0.073184,0.073184,0.0,1.0,0,普通大幅波动
sh.515700,2021-06-16,2.289,2.448,2.448,-0.064951,-0.064951,0.0,1.0,0,普通大幅波动
sh.515700,2021-07-27,2.873,3.06,3.06,-0.061111,-0.061111,0.0,1.0,0,普通大幅波动
sh.515700,2021-07-29,3.069,2.891,2.891,0.06157,0.06157,0.0,1.0,0,普通大幅波动
sh.515700,2021-08-04,3.283,3.018,3.018,0.087806,0.087806,0.0,1.0,0,普通大幅波动
sh.515700,2022-03-16,2.574,2.426,2.426,0.061006,0.061006,0.0,1.0,0,普通大幅波动
sh.515700,2022-04-11,2.268,2.434,2.434,-0.0682,-0.0682,0.0,1.0,0,普通大幅波动
sh.515700,2022-04-25,1.927,2.083,2.083,-0.074892,-0.074892,0.0,1.0,0,普通大幅波动
sh.515700,2022-04-27,2.074,1.903,1.903,0.089858,0.089858,0.0,1.0,0,普通大幅波动
sh.515700,2024-02-06,1.302,1.218,1.218,0.068966,0.068966,0.0,1.0,0,普通大幅波动
sh.515700,2024-03-11,1.506,1.412,1.412,0.066572,0.066572,0.0,1.0,0,普通大幅波动
sh.515700,2024-09-27,1.443,1.331,1.331,0.084147,0.084147,0.0,1.0,0,普通大幅波动
sh.515700,2024-09-30,1.587,1.443,1.443,0.099792,0.099792,0.0,1.0,0,普通大幅波动
sh.515700,2024-10-08,1.746,1.587,1.587,0.100189,0.100189,0.0,1.0,0,普通大幅波动
sh.515700,2024-10-09,1.625,1.746,1.746,-0.069301,-0.069301,0.0,1.0,0,普通大幅波动
sh.515700,2024-10-11,1.522,1.62,1.62,-0.060494,-0.060494,0.0,1.0,0,普通大幅波动
sh.515710,2021-02-22,0.992,1.056,1.056,-0.060606,-0.060606,0.0,1.0,0,普通大幅波动
sh.515710,2022-11-01,0.649,0.611,0.611,0.062193,0.062193,0.0,1.0,0,普通大幅波动
sh.515710,2024-09-26,0.591,0.537,0.537,0.100559,0.100559,0.0,1.0,0,普通大幅波动
sh.515710,2024-09-27,0.65,0.591,0.591,0.099831,0.099831,0.0,1.0,0,普通大幅波动
sh.515710,2024-09-30,0.71,0.65,0.65,0.092308,0.092308,0.0,1.0,0,普通大幅波动
sh.515710,2024-10-09,0.639,0.704,0.704,-0.09233,-0.09233,0.0,1.0,0,普通大幅波动
sh.515710,2024-11-07,0.7,0.648,0.648,0.080247,0.080247,0.0,1.0,0,普通大幅波动
sh.515750,2020-02-03,1.047,1.163,1.163,-0.099742,-0.099742,0.0,1.0,0,普通大幅波动
sh.515750,2020-02-26,1.312,1.399,1.399,-0.062187,-0.062187,0.0,1.0,0,普通大幅波动
sh.515750,2020-03-16,1.151,1.233,1.233,-0.066504,-0.066504,0.0,1.0,0,普通大幅波动
sh.515750,2020-07-16,1.463,1.559,1.559,-0.061578,-0.061578,0.0,1.0,0,普通大幅波动
sh.515750,2024-09-30,1.217,1.106,1.106,0.100362,0.100362,0.0,1.0,0,普通大幅波动
sh.515750,2024-10-08,1.339,1.217,1.217,0.100247,0.100247,0.0,1.0,0,普通大幅波动
sh.515750,2024-10-18,1.278,1.201,1.201,0.064113,0.064113,0.0,1.0,0,普通大幅波动
sh.515760,2024-09-30,1.192,1.085,1.085,0.098618,0.098618,0.0,1.0,0,普通大幅波动
sh.515760,2024-10-08,1.278,1.192,1.192,0.072148,0.072148,0.0,1.0,0,普通大幅波动
sh.515760,2024-10-09,1.175,1.278,1.278,-0.080595,-0.080595,0.0,1.0,0,普通大幅波动
sh.515770,2024-01-05,1.057,0.997,0.997,0.060181,0.060181,0.0,1.0,0,普通大幅波动
sh.515770,2024-01-08,0.981,1.057,1.057,-0.071902,-0.071902,0.0,1.0,0,普通大幅波动
sh.515770,2024-02-02,0.937,0.999,0.999,-0.062062,-0.062062,0.0,1.0,0,普通大幅波动
sh.515770,2024-09-30,1.191,1.085,1.085,0.097696,0.097696,0.0,1.0,0,普通大幅波动
sh.515770,2024-10-08,1.27,1.191,1.191,0.066331,0.066331,0.0,1.0,0,普通大幅波动
sh.515770,2024-10-09,1.165,1.27,1.27,-0.082677,-0.082677,0.0,1.0,0,普通大幅波动
sh.515780,2024-09-30,1.33,1.209,1.209,0.100083,0.100083,0.0,1.0,0,普通大幅波动
sh.515790,2020-12-29,1.09,1.16,1.16,-0.060345,-0.060345,0.0,1.0,0,普通大幅波动
sh.515790,2021-03-04,1.081,1.154,1.154,-0.063258,-0.063258,0.0,1.0,0,普通大幅波动
sh.515790,2021-07-27,1.439,1.547,1.547,-0.069813,-0.069813,0.0,1.0,0,普通大幅波动
sh.515790,2021-07-29,1.571,1.432,1.432,0.097067,0.097067,0.0,1.0,0,普通大幅波动
sh.515790,2021-08-04,1.67,1.555,1.555,0.073955,0.073955,0.0,1.0,0,普通大幅波动
sh.515790,2022-04-25,1.079,1.156,1.156,-0.066609,-0.066609,0.0,1.0,0,普通大幅波动
sh.515790,2022-04-27,1.149,1.056,1.056,0.088068,0.088068,0.0,1.0,0,普通大幅波动
sh.515790,2022-08-31,1.608,1.716,1.716,-0.062937,-0.062937,0.0,1.0,0,普通大幅波动
sh.515790,2022-09-15,1.532,1.642,1.642,-0.066991,-0.066991,0.0,1.0,0,普通大幅波动
sh.515790,2022-12-26,1.329,1.252,1.252,0.061502,0.061502,0.0,1.0,0,普通大幅波动
sh.515790,2023-04-26,1.296,1.215,1.215,0.066667,0.066667,0.0,1.0,0,普通大幅波动
sh.515790,2023-12-28,0.901,0.829,0.829,0.086852,0.086852,0.0,1.0,0,普通大幅波动
sh.515790,2024-01-29,0.792,0.846,0.846,-0.06383,-0.06383,0.0,1.0,0,普通大幅波动
sh.515790,2024-02-06,0.765,0.718,0.718,0.06546,0.06546,0.0,1.0,0,普通大幅波动
sh.515790,2024-05-22,0.829,0.78,0.78,0.062821,0.062821,0.0,1.0,0,普通大幅波动
sh.515790,2024-09-27,0.745,0.687,0.687,0.084425,0.084425,0.0,1.0,0,普通大幅波动
sh.515790,2024-09-30,0.82,0.745,0.745,0.100671,0.100671,0.0,1.0,0,普通大幅波动
sh.515790,2024-10-08,0.902,0.82,0.82,0.1,0.1,0.0,1.0,0,普通大幅波动
sh.515790,2024-10-09,0.813,0.902,0.902,-0.09867,-0.09867,0.0,1.0,0,普通大幅波动
sh.515790,2024-10-25,0.905,0.829,0.829,0.091677,0.091677,0.0,1.0,0,普通大幅波动
sh.515800,2020-02-03,0.89,0.989,0.989,-0.100101,-0.100101,0.0,1.0,0,普通大幅波动
sh.515800,2020-07-06,1.164,1.097,1.097,0.061076,0.061076,0.0,1.0,0,普通大幅波动
sh.515800,2023-09-21,0.933,0.94,1.052,-0.113118,-0.007447,-0.106464,1.1191,0,分红型
sh.515800,2024-09-30,1.037,0.943,0.943,0.099682,0.099682,0.0,1.0,0,普通大幅波动
sh.515800,2024-10-08,1.102,1.037,1.037,0.062681,0.062681,0.0,1.0,0,普通大幅波动
sh.515800,2024-10-09,1.007,1.102,1.102,-0.086207,-0.086207,0.0,1.0,0,普通大幅波动
sh.515810,2020-02-03,0.895,0.993,0.993,-0.098691,-0.098691,0.0,1.0,0,普通大幅波动
sh.515810,2024-09-30,1.317,1.197,1.197,0.100251,0.100251,0.0,1.0,0,普通大幅波动
sh.515810,2024-10-08,1.439,1.317,1.317,0.092635,0.092635,0.0,1.0,0,普通大幅波动
sh.515810,2024-10-09,1.311,1.439,1.439,-0.088951,-0.088951,0.0,1.0,0,普通大幅波动
sh.515820,2020-07-06,1.18,1.113,1.113,0.060198,0.060198,0.0,1.0,0,普通大幅波动
sh.515830,2021-07-27,5.197,5.595,5.595,-0.071135,-0.071135,0.0,1.0,0,普通大幅波动
sh.515850,2020-02-28,1.036,1.105,1.105,-0.062443,-0.062443,0.0,1.0,0,普通大幅波动
sh.515850,2020-07-02,1.178,1.096,1.096,0.074818,0.074818,0.0,1.0,0,普通大幅波动
sh.515850,2020-07-03,1.286,1.178,1.178,0.091681,0.091681,0.0,1.0,0,普通大幅波动
sh.515850,2020-07-06,1.415,1.286,1.286,0.100311,0.100311,0.0,1.0,0,普通大幅波动
sh.515850,2020-07-08,1.45,1.352,1.352,0.072485,0.072485,0.0,1.0,0,普通大幅波动
sh.515850,2020-07-24,1.278,1.369,1.369,-0.066472,-0.066472,0.0,1.0,0,普通大幅波动
sh.515850,2020-08-17,1.437,1.355,1.355,0.060517,0.060517,0.0,1.0,0,普通大幅波动
sh.515850,2021-01-12,1.444,1.355,1.355,0.065683,0.065683,0.0,1.0,0,普通大幅波动
sh.515850,2021-05-14,1.246,1.162,1.162,0.072289,0.072289,0.0,1.0,0,普通大幅波动
sh.515850,2021-08-18,1.373,1.286,1.286,0.067652,0.067652,0.0,1.0,0,普通大幅波动
sh.515850,2022-03-16,1.165,1.096,1.096,0.062956,0.062956,0.0,1.0,0,普通大幅波动
sh.515850,2023-07-28,1.23,1.141,1.141,0.078002,0.078002,0.0,1.0,0,普通大幅波动
sh.515850,2024-04-26,1.077,1.015,1.015,0.061084,0.061084,0.0,1.0,0,普通大幅波动
sh.515850,2024-09-24,1.064,1.0,1.0,0.064,0.064,0.0,1.0,0,普通大幅波动
sh.515850,2024-09-27,1.232,1.146,1.146,0.075044,0.075044,0.0,1.0,0,普通大幅波动
sh.515850,2024-09-30,1.355,1.232,1.232,0.099838,0.099838,0.0,1.0,0,普通大幅波动
sh.515850,2024-10-08,1.491,1.355,1.355,0.100369,0.100369,0.0,1.0,0,普通大幅波动
sh.515850,2024-10-18,1.42,1.325,1.325,0.071698,0.071698,0.0,1.0,0,普通大幅波动
sh.515850,2024-11-07,1.666,1.535,1.535,0.085342,0.085342,0.0,1.0,0,普通大幅波动
sh.515860,2020-02-03,1.088,1.209,1.209,-0.100083,-0.100083,0.0,1.0,0,普通大幅波动
sh.515860,2020-02-04,1.176,1.088,1.088,0.080882,0.080882,0.0,1.0,0,普通大幅波动
sh.515860,2020-03-16,1.147,1.222,1.222,-0.061375,-0.061375,0.0,1.0,0,普通大幅波动
sh.515860,2024-02-06,1.005,0.939,0.939,0.070288,0.070288,0.0,1.0,0,普通大幅波动
sh.515860,2024-09-27,1.044,0.963,0.963,0.084112,0.084112,0.0,1.0,0,普通大幅波动
sh.515860,2024-09-30,1.148,1.044,1.044,0.099617,0.099617,0.0,1.0,0,普通大幅波动
sh.515860,2024-10-08,1.263,1.148,1.148,0.100174,0.100174,0.0,1.0,0,普通大幅波动
sh.515870,2020-02-03,0.899,0.999,0.999,-0.1001,-0.1001,0.0,1.0,0,普通大幅波动
sh.515870,2020-07-20,1.199,1.11,1.11,0.08018,0.08018,0.0,1.0,0,普通大幅波动
sh.515870,2021-08-02,1.422,1.329,1.329,0.069977,0.069977,0.0,1.0,0,普通大幅波动
sh.515880,2019-09-09,1.123,1.053,1.053,0.066477,0.066477,0.0,1.0,0,普通大幅波动
sh.515880,2020-02-03,1.023,1.137,1.137,-0.100264,-0.100264,0.0,1.0,0,普通大幅波动
sh.515880,2020-02-17,1.174,1.107,1.107,0.060524,0.060524,0.0,1.0,0,普通大幅波动
sh.515880,2020-02-24,1.352,1.245,1.245,0.085944,0.085944,0.0,1.0,0,普通大幅波动
sh.515880,2020-02-26,1.296,1.388,1.388,-0.066282,-0.066282,0.0,1.0,0,普通大幅波动
sh.515880,2020-02-28,1.215,1.299,1.299,-0.064665,-0.064665,0.0,1.0,0,普通大幅波动
sh.515880,2020-03-02,1.296,1.215,1.215,0.066667,0.066667,0.0,1.0,0,普通大幅波动
sh.515880,2020-03-10,1.332,1.23,1.23,0.082927,0.082927,0.0,1.0,0,普通大幅波动
sh.515880,2020-03-16,1.189,1.301,1.301,-0.086088,-0.086088,0.0,1.0,0,普通大幅波动
sh.515880,2023-09-22,1.11,1.046,1.046,0.061185,0.061185,0.0,1.0,0,普通大幅波动
sh.515880,2024-02-06,0.914,0.856,0.856,0.067757,0.067757,0.0,1.0,0,普通大幅波动
sh.515880,2024-02-19,1.044,0.961,0.961,0.086368,0.086368,0.0,1.0,0,普通大幅波动
sh.515880,2024-02-27,1.115,1.045,1.045,0.066986,0.066986,0.0,1.0,0,普通大幅波动
sh.515880,2024-02-28,1.047,1.115,1.115,-0.060987,-0.060987,0.0,1.0,0,普通大幅波动
sh.515880,2024-09-30,1.297,1.179,1.179,0.100085,0.100085,0.0,1.0,0,普通大幅波动
sh.515880,2024-10-08,1.427,1.297,1.297,0.100231,0.100231,0.0,1.0,0,普通大幅波动
sh.515880,2024-10-18,1.375,1.274,1.274,0.079278,0.079278,0.0,1.0,0,普通大幅波动
sh.515890,2024-09-30,1.427,1.339,1.339,0.065721,0.065721,0.0,1.0,0,普通大幅波动
sh.515890,2024-10-09,1.332,1.44,1.44,-0.075,-0.075,0.0,1.0,0,普通大幅波动
sh.515900,2020-02-03,0.851,0.946,0.946,-0.100423,-0.100423,0.0,1.0,0,普通大幅波动
sh.515900,2024-09-30,1.531,1.438,1.438,0.064673,0.064673,0.0,1.0,0,普通大幅波动
sh.515900,2024-10-09,1.48,1.601,1.601,-0.075578,-0.075578,0.0,1.0,0,普通大幅波动
sh.515910,2024-09-26,0.474,0.443,0.443,0.069977,0.069977,0.0,1.0,0,普通大幅波动
sh.515910,2024-09-30,0.546,0.496,0.496,0.100806,0.100806,0.0,1.0,0,普通大幅波动
sh.515910,2024-10-08,0.593,0.546,0.546,0.086081,0.086081,0.0,1.0,0,普通大幅波动
sh.515910,2024-10-09,0.546,0.593,0.593,-0.079258,-0.079258,0.0,1.0,0,普通大幅波动
sh.515920,2024-09-30,0.782,0.711,0.711,0.099859,0.099859,0.0,1.0,0,普通大幅波动
sh.515920,2024-10-08,0.86,0.782,0.782,0.099744,0.099744,0.0,1.0,0,普通大幅波动
sh.515920,2024-10-18,0.848,0.79,0.79,0.073418,0.073418,0.0,1.0,0,普通大幅波动
sh.515930,2020-07-06,4.763,4.484,4.484,0.062221,0.062221,0.0,1.0,0,普通大幅波动
sh.515930,2023-04-07,4.827,5.19,5.19,-0.069942,-0.069942,0.0,1.0,0,普通大幅波动
sh.515930,2023-04-10,5.2,4.827,4.827,0.077274,0.077274,0.0,1.0,0,普通大幅波动
sh.515950,2020-07-16,1.475,1.577,1.577,-0.06468,-0.06468,0.0,1.0,0,普通大幅波动
sh.515950,2021-03-08,1.553,1.654,1.654,-0.061064,-0.061064,0.0,1.0,0,普通大幅波动
sh.515950,2021-08-20,1.566,1.668,1.668,-0.061151,-0.061151,0.0,1.0,0,普通大幅波动
sh.515950,2022-10-14,1.22,1.126,1.126,0.083481,0.083481,0.0,1.0,0,普通大幅波动
sh.515950,2023-11-22,1.015,1.027,1.154,-0.120451,-0.011685,-0.110052,1.12361347,0,分红型
sh.515950,2024-02-06,0.865,0.814,0.814,0.062654,0.062654,0.0,1.0,0,普通大幅波动
sh.515950,2024-09-27,0.831,0.779,0.779,0.066752,0.066752,0.0,1.0,0,普通大幅波动
sh.515950,2024-09-30,0.914,0.831,0.831,0.09988,0.09988,0.0,1.0,0,普通大幅波动
sh.515950,2024-10-08,1.005,0.914,0.914,0.099562,0.099562,0.0,1.0,0,普通大幅波动
sh.515950,2024-10-09,0.937,1.005,1.005,-0.067662,-0.067662,0.0,1.0,0,普通大幅波动
sh.515960,2020-07-16,1.26,1.342,1.342,-0.061103,-0.061103,0.0,1.0,0,普通大幅波动
sh.515960,2020-07-24,1.301,1.386,1.386,-0.061328,-0.061328,0.0,1.0,0,普通大幅波动
sh.515960,2021-07-26,1.315,1.405,1.405,-0.064057,-0.064057,0.0,1.0,0,普通大幅波动
sh.515960,2022-10-14,0.934,0.868,0.868,0.076037,0.076037,0.0,1.0,0,普通大幅波动
sh.515960,2024-02-06,0.743,0.69,0.69,0.076812,0.076812,0.0,1.0,0,普通大幅波动
sh.515960,2024-09-30,0.78,0.709,0.709,0.100141,0.100141,0.0,1.0,0,普通大幅波动
sh.515960,2024-10-08,0.858,0.78,0.78,0.1,0.1,0.0,1.0,0,普通大幅波动
sh.515960,2024-10-09,0.788,0.858,0.858,-0.081585,-0.081585,0.0,1.0,0,普通大幅波动
sh.515980,2020-02-28,1.152,1.237,1.237,-0.068715,-0.068715,0.0,1.0,0,普通大幅波动
sh.515980,2022-04-25,0.738,0.796,0.796,-0.072864,-0.072864,0.0,1.0,0,普通大幅波动
sh.515980,2024-02-06,0.655,0.61,0.61,0.07377,0.07377,0.0,1.0,0,普通大幅波动
sh.515980,2024-02-19,0.753,0.693,0.693,0.08658,0.08658,0.0,1.0,0,普通大幅波动
sh.515980,2024-02-27,0.806,0.759,0.759,0.061924,0.061924,0.0,1.0,0,普通大幅波动
sh.515980,2024-09-30,0.853,0.775,0.775,0.100645,0.100645,0.0,1.0,0,普通大幅波动
sh.515980,2024-10-08,0.938,0.853,0.853,0.099648,0.099648,0.0,1.0,0,普通大幅波动
sh.515980,2024-10-18,0.951,0.883,0.883,0.07701,0.07701,0.0,1.0,0,普通大幅波动
sh.515990,2020-02-05,0.912,1.002,1.002,-0.08982,-0.08982,0.0,1.0,0,普通大幅波动
sh.515990,2020-04-07,0.958,0.9,0.9,0.064444,0.064444,0.0,1.0,0,普通大幅波动
sh.515990,2020-07-06,1.024,0.963,0.963,0.063344,0.063344,0.0,1.0,0,普通大幅波动
sh.515990,2022-11-04,1.217,1.123,1.123,0.083704,0.083704,0.0,1.0,0,普通大幅波动
sh.515990,2024-09-30,1.348,1.261,1.261,0.068993,0.068993,0.0,1.0,0,普通大幅波动
sh.515990,2024-10-09,1.298,1.393,1.393,-0.068198,-0.068198,0.0,1.0,0,普通大幅波动
sh.516000,2022-04-25,0.675,0.724,0.724,-0.06768,-0.06768,0.0,1.0,0,普通大幅波动
sh.516000,2022-04-29,0.693,0.653,0.653,0.061256,0.061256,0.0,1.0,0,普通大幅波动
sh.516000,2022-08-05,0.81,0.757,0.757,0.070013,0.070013,0.0,1.0,0,普通大幅波动
sh.516000,2023-04-03,1.185,1.117,1.117,0.060877,0.060877,0.0,1.0,0,普通大幅波动
sh.516000,2023-06-26,1.093,1.167,1.167,-0.06341,-0.06341,0.0,1.0,0,普通大幅波动
sh.516000,2024-02-06,0.612,0.572,0.572,0.06993,0.06993,0.0,1.0,0,普通大幅波动
sh.516000,2024-02-27,0.772,0.724,0.724,0.066298,0.066298,0.0,1.0,0,普通大幅波动
sh.516000,2024-09-27,0.689,0.639,0.639,0.078247,0.078247,0.0,1.0,0,普通大幅波动
sh.516000,2024-09-30,0.758,0.689,0.689,0.100145,0.100145,0.0,1.0,0,普通大幅波动
sh.516000,2024-10-08,0.834,0.758,0.758,0.100264,0.100264,0.0,1.0,0,普通大幅波动
sh.516000,2024-11-11,1.038,0.97,0.97,0.070103,0.070103,0.0,1.0,0,普通大幅波动
sh.516010,2021-09-01,0.874,0.821,0.821,0.064555,0.064555,0.0,1.0,0,普通大幅波动
sh.516010,2021-09-08,0.993,0.917,0.917,0.082879,0.082879,0.0,1.0,0,普通大幅波动
sh.516010,2022-01-25,0.97,1.032,1.032,-0.060078,-0.060078,0.0,1.0,0,普通大幅波动
sh.516010,2022-03-15,0.782,0.835,0.835,-0.063473,-0.063473,0.0,1.0,0,普通大幅波动
sh.516010,2022-03-17,0.865,0.814,0.814,0.062654,0.062654,0.0,1.0,0,普通大幅波动
sh.516010,2022-04-25,0.702,0.766,0.766,-0.083551,-0.083551,0.0,1.0,0,普通大幅波动
sh.516010,2022-04-29,0.764,0.715,0.715,0.068531,0.068531,0.0,1.0,0,普通大幅波动
sh.516010,2023-03-24,1.156,1.087,1.087,0.063477,0.063477,0.0,1.0,0,普通大幅波动
sh.516010,2023-03-31,1.206,1.116,1.116,0.080645,0.080645,0.0,1.0,0,普通大幅波动
sh.516010,2023-04-03,1.302,1.206,1.206,0.079602,0.079602,0.0,1.0,0,普通大幅波动
sh.516010,2023-04-10,1.246,1.352,1.352,-0.078402,-0.078402,0.0,1.0,0,普通大幅波动
sh.516010,2023-04-12,1.41,1.312,1.312,0.074695,0.074695,0.0,1.0,0,普通大幅波动
sh.516010,2023-04-20,1.395,1.311,1.311,0.064073,0.064073,0.0,1.0,0,普通大幅波动
sh.516010,2023-04-24,1.429,1.344,1.344,0.063244,0.063244,0.0,1.0,0,普通大幅波动
sh.516010,2023-04-27,1.377,1.477,1.477,-0.067705,-0.067705,0.0,1.0,0,普通大幅波动
sh.516010,2023-04-28,1.515,1.377,1.377,0.100218,0.100218,0.0,1.0,0,普通大幅波动
sh.516010,2023-05-04,1.617,1.515,1.515,0.067327,0.067327,0.0,1.0,0,普通大幅波动
sh.516010,2023-05-30,1.453,1.369,1.369,0.061359,0.061359,0.0,1.0,0,普通大幅波动
sh.516010,2023-06-09,1.535,1.442,1.442,0.064494,0.064494,0.0,1.0,0,普通大幅波动
sh.516010,2023-06-21,1.512,1.667,1.667,-0.092981,-0.092981,0.0,1.0,0,普通大幅波动
sh.516010,2023-06-26,1.421,1.512,1.512,-0.060185,-0.060185,0.0,1.0,0,普通大幅波动
sh.516010,2023-07-03,1.341,1.457,1.457,-0.079616,-0.079616,0.0,1.0,0,普通大幅波动
sh.516010,2023-09-22,1.069,1.004,1.004,0.064741,0.064741,0.0,1.0,0,普通大幅波动
sh.516010,2023-11-06,1.096,1.028,1.028,0.066148,0.066148,0.0,1.0,0,普通大幅波动
sh.516010,2023-12-01,1.117,1.029,1.029,0.08552,0.08552,0.0,1.0,0,普通大幅波动
sh.516010,2023-12-22,1.022,1.136,1.136,-0.100352,-0.100352,0.0,1.0,0,普通大幅波动
sh.516010,2024-01-22,0.895,0.958,0.958,-0.065762,-0.065762,0.0,1.0,0,普通大幅波动
sh.516010,2024-02-05,0.774,0.846,0.846,-0.085106,-0.085106,0.0,1.0,0,普通大幅波动
sh.516010,2024-02-06,0.836,0.774,0.774,0.080103,0.080103,0.0,1.0,0,普通大幅波动
sh.516010,2024-02-19,0.942,0.875,0.875,0.076571,0.076571,0.0,1.0,0,普通大幅波动
sh.516010,2024-06-26,0.798,0.749,0.749,0.065421,0.065421,0.0,1.0,0,普通大幅波动
sh.516010,2024-09-27,0.878,0.825,0.825,0.064242,0.064242,0.0,1.0,0,普通大幅波动
sh.516010,2024-09-30,0.966,0.878,0.878,0.100228,0.100228,0.0,1.0,0,普通大幅波动
sh.516010,2024-10-08,1.063,0.966,0.966,0.100414,0.100414,0.0,1.0,0,普通大幅波动
sh.516010,2024-10-09,0.957,1.063,1.063,-0.099718,-0.099718,0.0,1.0,0,普通大幅波动
sh.516010,2024-11-18,1.001,1.066,1.066,-0.060976,-0.060976,0.0,1.0,0,普通大幅波动
sh.516020,2022-04-25,0.746,0.806,0.806,-0.074442,-0.074442,0.0,1.0,0,普通大幅波动
sh.516020,2024-02-06,0.547,0.516,0.516,0.060078,0.060078,0.0,1.0,0,普通大幅波动
sh.516020,2024-09-30,0.658,0.598,0.598,0.100334,0.100334,0.0,1.0,0,普通大幅波动
sh.516020,2024-10-09,0.623,0.679,0.679,-0.082474,-0.082474,0.0,1.0,0,普通大幅波动
sh.516050,2024-09-27,0.568,0.533,0.533,0.065666,0.065666,0.0,1.0,0,普通大幅波动
sh.516050,2024-09-30,0.625,0.568,0.568,0.100352,0.100352,0.0,1.0,0,普通大幅波动
sh.516050,2024-10-08,0.688,0.625,0.625,0.1008,0.1008,0.0,1.0,0,普通大幅波动
sh.516050,2024-10-18,0.668,0.622,0.622,0.073955,0.073955,0.0,1.0,0,普通大幅波动
sh.516060,2022-04-26,0.618,0.659,0.659,-0.062215,-0.062215,0.0,1.0,0,普通大幅波动
sh.516060,2022-10-14,0.623,0.58,0.58,0.074138,0.074138,0.0,1.0,0,普通大幅波动
sh.516060,2024-02-06,0.459,0.418,0.418,0.098086,0.098086,0.0,1.0,0,普通大幅波动
sh.516060,2024-09-30,0.508,0.462,0.462,0.099567,0.099567,0.0,1.0,0,普通大幅波动
sh.516060,2024-10-08,0.559,0.508,0.508,0.100394,0.100394,0.0,1.0,0,普通大幅波动
sh.516070,2021-07-29,1.415,1.332,1.332,0.062312,0.062312,0.0,1.0,0,普通大幅波动
sh.516070,2021-11-22,0.813,0.791,1.561,-0.47918,0.027813,-0.493274,1.9735,1,拆分合并型
sh.516070,2022-04-25,0.522,0.558,0.558,-0.064516,-0.064516,0.0,1.0,0,普通大幅波动
sh.516070,2022-04-27,0.548,0.512,0.512,0.070312,0.070312,0.0,1.0,0,普通大幅波动
sh.516070,2024-09-30,0.471,0.428,0.428,0.100467,0.100467,0.0,1.0,0,普通大幅波动
sh.516070,2024-10-08,0.518,0.471,0.471,0.099788,0.099788,0.0,1.0,0,普通大幅波动
sh.516070,2024-10-09,0.475,0.518,0.518,-0.083012,-0.083012,0.0,1.0,0,普通大幅波动
sh.516080,2022-10-14,0.665,0.614,0.614,0.083062,0.083062,0.0,1.0,0,普通大幅波动
sh.516080,2024-02-06,0.507,0.461,0.461,0.099783,0.099783,0.0,1.0,0,普通大幅波动
sh.516080,2024-09-27,0.521,0.489,0.489,0.06544,0.06544,0.0,1.0,0,普通大幅波动
sh.516080,2024-09-30,0.573,0.521,0.521,0.099808,0.099808,0.0,1.0,0,普通大幅波动
sh.516080,2024-10-08,0.63,0.573,0.573,0.099476,0.099476,0.0,1.0,0,普通大幅波动
sh.516080,2024-10-09,0.583,0.63,0.63,-0.074603,-0.074603,0.0,1.0,0,普通大幅波动
sh.516090,2021-06-16,1.142,1.22,1.22,-0.063934,-0.063934,0.0,1.0,0,普通大幅波动
sh.516090,2021-07-27,1.431,1.527,1.527,-0.062868,-0.062868,0.0,1.0,0,普通大幅波动
sh.516090,2021-07-29,1.536,1.435,1.435,0.070383,0.070383,0.0,1.0,0,普通大幅波动
sh.516090,2021-08-04,1.594,1.492,1.492,0.068365,0.068365,0.0,1.0,0,普通大幅波动
sh.516090,2021-11-29,0.889,0.876,1.727,-0.485235,0.01484,-0.492762,1.9715,1,拆分合并型
sh.516090,2022-04-25,0.515,0.557,0.557,-0.075404,-0.075404,0.0,1.0,0,普通大幅波动
sh.516090,2022-04-27,0.549,0.505,0.505,0.087129,0.087129,0.0,1.0,0,普通大幅波动
sh.516090,2023-12-28,0.402,0.378,0.378,0.063492,0.063492,0.0,1.0,0,普通大幅波动
sh.516090,2024-03-11,0.406,0.382,0.382,0.062827,0.062827,0.0,1.0,0,普通大幅波动
sh.516090,2024-09-27,0.359,0.335,0.335,0.071642,0.071642,0.0,1.0,0,普通大幅波动
sh.516090,2024-09-30,0.395,0.359,0.359,0.100279,0.100279,0.0,1.0,0,普通大幅波动
sh.516090,2024-10-08,0.435,0.395,0.395,0.101266,0.101266,0.0,1.0,0,普通大幅波动
sh.516090,2024-10-09,0.406,0.435,0.435,-0.066667,-0.066667,0.0,1.0,0,普通大幅波动
sh.516090,2024-10-18,0.385,0.363,0.363,0.060606,0.060606,0.0,1.0,0,普通大幅波动
sh.516100,2022-01-27,0.935,0.998,0.998,-0.063126,-0.063126,0.0,1.0,0,普通大幅波动
sh.516100,2022-02-09,1.024,0.964,0.964,0.062241,0.062241,0.0,1.0,0,普通大幅波动
sh.516100,2022-04-25,0.687,0.739,0.739,-0.070365,-0.070365,0.0,1.0,0,普通大幅波动
sh.516100,2023-04-03,1.113,1.042,1.042,0.068138,0.068138,0.0,1.0,0,普通大幅波动
sh.516100,2024-02-05,0.628,0.698,0.698,-0.100287,-0.100287,0.0,1.0,0,普通大幅波动
sh.516100,2024-07-31,0.65,0.607,0.607,0.07084,0.07084,0.0,1.0,0,普通大幅波动
sh.516100,2024-09-24,0.689,0.635,0.635,0.085039,0.085039,0.0,1.0,0,普通大幅波动
sh.516100,2024-09-26,0.751,0.701,0.701,0.071327,0.071327,0.0,1.0,0,普通大幅波动
sh.516100,2024-09-27,0.826,0.751,0.751,0.099867,0.099867,0.0,1.0,0,普通大幅波动
sh.516100,2024-09-30,0.909,0.826,0.826,0.100484,0.100484,0.0,1.0,0,普通大幅波动
sh.516100,2024-10-08,1.0,0.909,0.909,0.10011,0.10011,0.0,1.0,0,普通大幅波动
sh.516100,2024-10-09,1.1,1.0,1.0,0.1,0.1,0.0,1.0,0,普通大幅波动
sh.516100,2024-10-10,0.998,1.1,1.1,-0.092727,-0.092727,0.0,1.0,0,普通大幅波动
sh.516100,2024-10-14,1.059,0.988,0.988,0.071862,0.071862,0.0,1.0,0,普通大幅波动
sh.516100,2024-10-18,1.164,1.072,1.072,0.085821,0.085821,0.0,1.0,0,普通大幅波动
sh.516100,2024-11-01,1.096,1.181,1.181,-0.071973,-0.071973,0.0,1.0,0,普通大幅波动
sh.516100,2024-11-05,1.246,1.143,1.143,0.090114,0.090114,0.0,1.0,0,普通大幅波动
sh.516100,2024-11-07,1.339,1.239,1.239,0.08071,0.08071,0.0,1.0,0,普通大幅波动
sh.516100,2024-11-29,1.297,1.219,1.219,0.063987,0.063987,0.0,1.0,0,普通大幅波动
sh.516110,2021-06-16,1.083,1.153,1.153,-0.060711,-0.060711,0.0,1.0,0,普通大幅波动
sh.516110,2022-04-25,0.841,0.896,0.896,-0.061384,-0.061384,0.0,1.0,0,普通大幅波动
sh.516110,2022-05-13,0.998,0.939,0.939,0.062833,0.062833,0.0,1.0,0,普通大幅波动
sh.516110,2022-06-23,1.255,1.18,1.18,0.063559,0.063559,0.0,1.0,0,普通大幅波动
sh.516110,2022-06-29,1.231,1.312,1.312,-0.061738,-0.061738,0.0,1.0,0,普通大幅波动
sh.516110,2024-09-27,1.199,1.108,1.108,0.08213,0.08213,0.0,1.0,0,普通大幅波动
sh.516110,2024-09-30,1.295,1.199,1.199,0.080067,0.080067,0.0,1.0,0,普通大幅波动
sh.516110,2024-10-09,1.213,1.317,1.317,-0.078967,-0.078967,0.0,1.0,0,普通大幅波动
sh.516120,2022-04-25,0.75,0.805,0.805,-0.068323,-0.068323,0.0,1.0,0,普通大幅波动
sh.516120,2024-02-06,0.555,0.523,0.523,0.061185,0.061185,0.0,1.0,0,普通大幅波动
sh.516120,2024-09-30,0.663,0.603,0.603,0.099502,0.099502,0.0,1.0,0,普通大幅波动
sh.516120,2024-10-09,0.634,0.691,0.691,-0.082489,-0.082489,0.0,1.0,0,普通大幅波动
sh.516130,2024-09-26,0.758,0.691,0.691,0.096961,0.096961,0.0,1.0,0,普通大幅波动
sh.516130,2024-09-27,0.82,0.758,0.758,0.081794,0.081794,0.0,1.0,0,普通大幅波动
sh.516130,2024-09-30,0.889,0.82,0.82,0.084146,0.084146,0.0,1.0,0,普通大幅波动
sh.516130,2024-10-09,0.803,0.87,0.87,-0.077011,-0.077011,0.0,1.0,0,普通大幅波动
sh.516150,2021-07-09,1.213,1.127,1.127,0.076309,0.076309,0.0,1.0,0,普通大幅波动
sh.516150,2021-07-29,1.397,1.288,1.288,0.084627,0.084627,0.0,1.0,0,普通大幅波动
sh.516150,2021-09-01,1.592,1.705,1.705,-0.066276,-0.066276,0.0,1.0,0,普通大幅波动
sh.516150,2021-09-27,1.443,1.578,1.578,-0.085551,-0.085551,0.0,1.0,0,普通大幅波动
sh.516150,2022-04-25,0.961,1.049,1.049,-0.083889,-0.083889,0.0,1.0,0,普通大幅波动
sh.516150,2022-04-27,0.998,0.928,0.928,0.075431,0.075431,0.0,1.0,0,普通大幅波动
sh.516150,2024-02-06,0.775,0.719,0.719,0.077886,0.077886,0.0,1.0,0,普通大幅波动
sh.516150,2024-02-07,0.851,0.775,0.775,0.098065,0.098065,0.0,1.0,0,普通大幅波动
sh.516150,2024-09-30,0.988,0.898,0.898,0.100223,0.100223,0.0,1.0,0,普通大幅波动
sh.516150,2024-10-08,1.065,0.988,0.988,0.077935,0.077935,0.0,1.0,0,普通大幅波动
sh.516150,2024-10-09,0.964,1.065,1.065,-0.094836,-0.094836,0.0,1.0,0,普通大幅波动
sh.516150,2024-11-01,1.14,1.05,1.05,0.085714,0.085714,0.0,1.0,0,普通大幅波动
sh.516160,2021-03-04,0.862,0.922,0.922,-0.065076,-0.065076,0.0,1.0,0,普通大幅波动
sh.516160,2021-07-07,1.172,1.104,1.104,0.061594,0.061594,0.0,1.0,0,普通大幅波动
sh.516160,2021-07-27,1.209,1.29,1.29,-0.062791,-0.062791,0.0,1.0,0,普通大幅波动
sh.516160,2021-07-29,1.291,1.204,1.204,0.072259,0.072259,0.0,1.0,0,普通大幅波动
sh.516160,2021-08-04,1.347,1.26,1.26,0.069048,0.069048,0.0,1.0,0,普通大幅波动
sh.516160,2022-04-25,0.854,0.921,0.921,-0.072747,-0.072747,0.0,1.0,0,普通大幅波动
sh.516160,2022-04-27,0.919,0.835,0.835,0.100599,0.100599,0.0,1.0,0,普通大幅波动
sh.516160,2023-12-28,0.65,0.608,0.608,0.069079,0.069079,0.0,1.0,0,普通大幅波动
sh.516160,2024-02-06,0.555,0.523,0.523,0.061185,0.061185,0.0,1.0,0,普通大幅波动
sh.516160,2024-09-18,1.597,1.608,0.497,2.21328,-0.006841,2.235412,0.3091,0,拆分合并型
sh.516160,2024-09-27,1.854,1.737,1.737,0.067358,0.067358,0.0,1.0,0,普通大幅波动
sh.516160,2024-09-30,2.039,1.854,1.854,0.099784,0.099784,0.0,1.0,0,普通大幅波动
sh.516160,2024-10-08,2.243,2.039,2.039,0.100049,0.100049,0.0,1.0,0,普通大幅波动
sh.516160,2024-10-09,2.089,2.243,2.243,-0.068658,-0.068658,0.0,1.0,0,普通大幅波动
sh.516160,2024-10-25,2.198,2.072,2.072,0.060811,0.060811,0.0,1.0,0,普通大幅波动
sh.516180,2021-03-04,0.852,0.912,0.912,-0.065789,-0.065789,0.0,1.0,0,普通大幅波动
sh.516180,2021-07-29,1.262,1.158,1.158,0.08981,0.08981,0.0,1.0,0,普通大幅波动
sh.516180,2021-08-04,1.341,1.248,1.248,0.074519,0.074519,0.0,1.0,0,普通大幅波动
sh.516180,2022-04-25,0.898,0.956,0.956,-0.060669,-0.060669,0.0,1.0,0,普通大幅波动
sh.516180,2022-04-27,0.946,0.881,0.881,0.07378,0.07378,0.0,1.0,0,普通大幅波动
sh.516180,2022-08-31,1.327,1.413,1.413,-0.060863,-0.060863,0.0,1.0,0,普通大幅波动
sh.516180,2022-12-26,1.094,1.031,1.031,0.061106,0.061106,0.0,1.0,0,普通大幅波动
sh.516180,2023-04-26,1.067,1.003,1.003,0.063809,0.063809,0.0,1.0,0,普通大幅波动
sh.516180,2023-12-28,0.743,0.69,0.69,0.076812,0.076812,0.0,1.0,0,普通大幅波动
sh.516180,2024-02-06,0.634,0.598,0.598,0.060201,0.060201,0.0,1.0,0,普通大幅波动
sh.516180,2024-09-27,0.61,0.567,0.567,0.075838,0.075838,0.0,1.0,0,普通大幅波动
sh.516180,2024-09-30,0.671,0.61,0.61,0.1,0.1,0.0,1.0,0,普通大幅波动
sh.516180,2024-10-08,0.738,0.671,0.671,0.099851,0.099851,0.0,1.0,0,普通大幅波动
sh.516180,2024-10-09,0.672,0.738,0.738,-0.089431,-0.089431,0.0,1.0,0,普通大幅波动
sh.516180,2024-10-25,0.743,0.683,0.683,0.087848,0.087848,0.0,1.0,0,普通大幅波动
sh.516190,2022-03-15,0.806,0.865,0.865,-0.068208,-0.068208,0.0,1.0,0,普通大幅波动
sh.516190,2022-04-29,0.805,0.753,0.753,0.069057,0.069057,0.0,1.0,0,普通大幅波动
sh.516190,2023-04-28,1.256,1.161,1.161,0.081826,0.081826,0.0,1.0,0,普通大幅波动
sh.516190,2023-06-21,1.218,1.307,1.307,-0.068095,-0.068095,0.0,1.0,0,普通大幅波动
sh.516190,2023-12-22,0.913,0.984,0.984,-0.072154,-0.072154,0.0,1.0,0,普通大幅波动
sh.516190,2024-02-06,0.796,0.749,0.749,0.06275,0.06275,0.0,1.0,0,普通大幅波动
sh.516190,2024-09-30,0.911,0.828,0.828,0.100242,0.100242,0.0,1.0,0,普通大幅波动
sh.516190,2024-10-08,1.002,0.911,0.911,0.09989,0.09989,0.0,1.0,0,普通大幅波动
sh.516190,2024-10-09,0.902,1.002,1.002,-0.0998,-0.0998,0.0,1.0,0,普通大幅波动
sh.516200,2021-05-14,1.052,0.978,0.978,0.075665,0.075665,0.0,1.0,0,普通大幅波动
sh.516200,2021-08-18,1.119,1.045,1.045,0.070813,0.070813,0.0,1.0,0,普通大幅波动
sh.516200,2022-03-16,0.935,0.881,0.881,0.061294,0.061294,0.0,1.0,0,普通大幅波动
sh.516200,2023-07-28,0.974,0.903,0.903,0.078627,0.078627,0.0,1.0,0,普通大幅波动
sh.516200,2024-04-26,0.847,0.798,0.798,0.061404,0.061404,0.0,1.0,0,普通大幅波动
sh.516200,2024-09-27,0.964,0.899,0.899,0.072303,0.072303,0.0,1.0,0,普通大幅波动
sh.516200,2024-09-30,1.06,0.964,0.964,0.099585,0.099585,0.0,1.0,0,普通大幅波动
sh.516200,2024-10-08,1.166,1.06,1.06,0.1,0.1,0.0,1.0,0,普通大幅波动
sh.516200,2024-10-10,1.068,1.139,1.139,-0.062335,-0.062335,0.0,1.0,0,普通大幅波动
sh.516200,2024-10-18,1.111,1.04,1.04,0.068269,0.068269,0.0,1.0,0,普通大幅波动
sh.516200,2024-11-07,1.297,1.201,1.201,0.079933,0.079933,0.0,1.0,0,普通大幅波动
sh.516210,2024-09-30,1.23,1.14,1.14,0.078947,0.078947,0.0,1.0,0,普通大幅波动
sh.516210,2024-10-09,1.149,1.233,1.233,-0.068127,-0.068127,0.0,1.0,0,普通大幅波动
sh.516220,2022-04-25,0.782,0.838,0.838,-0.066826,-0.066826,0.0,1.0,0,普通大幅波动
sh.516220,2024-09-30,0.694,0.634,0.634,0.094637,0.094637,0.0,1.0,0,普通大幅波动
sh.516220,2024-10-09,0.669,0.731,0.731,-0.084815,-0.084815,0.0,1.0,0,普通大幅波动
sh.516260,2022-04-25,0.66,0.706,0.706,-0.065156,-0.065156,0.0,1.0,0,普通大幅波动
sh.516260,2024-09-30,0.793,0.721,0.721,0.099861,0.099861,0.0,1.0,0,普通大幅波动
sh.516260,2024-10-08,0.872,0.793,0.793,0.099622,0.099622,0.0,1.0,0,普通大幅波动
sh.516260,2024-10-18,0.86,0.802,0.802,0.072319,0.072319,0.0,1.0,0,普通大幅波动
sh.516270,2021-07-29,1.027,0.964,0.964,0.065353,0.065353,0.0,1.0,0,普通大幅波动
sh.516270,2021-08-04,1.074,1.01,1.01,0.063366,0.063366,0.0,1.0,0,普通大幅波动
sh.516270,2022-04-25,0.689,0.742,0.742,-0.071429,-0.071429,0.0,1.0,0,普通大幅波动
sh.516270,2022-04-27,0.731,0.679,0.679,0.076583,0.076583,0.0,1.0,0,普通大幅波动
sh.516270,2023-12-28,0.482,0.452,0.452,0.066372,0.066372,0.0,1.0,0,普通大幅波动
sh.516270,2024-03-11,0.491,0.463,0.463,0.060475,0.060475,0.0,1.0,0,普通大幅波动
sh.516270,2024-09-27,0.435,0.406,0.406,0.071429,0.071429,0.0,1.0,0,普通大幅波动
sh.516270,2024-09-30,0.479,0.435,0.435,0.101149,0.101149,0.0,1.0,0,普通大幅波动
sh.516270,2024-10-08,0.527,0.479,0.479,0.100209,0.100209,0.0,1.0,0,普通大幅波动
sh.516270,2024-10-25,0.522,0.488,0.488,0.069672,0.069672,0.0,1.0,0,普通大幅波动
sh.516290,2022-04-25,0.663,0.711,0.711,-0.067511,-0.067511,0.0,1.0,0,普通大幅波动
sh.516290,2022-04-27,0.703,0.652,0.652,0.078221,0.078221,0.0,1.0,0,普通大幅波动
sh.516290,2022-08-31,0.99,1.058,1.058,-0.064272,-0.064272,0.0,1.0,0,普通大幅波动
sh.516290,2022-09-15,0.939,1.006,1.006,-0.0666,-0.0666,0.0,1.0,0,普通大幅波动
sh.516290,2023-04-26,0.798,0.75,0.75,0.064,0.064,0.0,1.0,0,普通大幅波动
sh.516290,2023-12-28,0.555,0.514,0.514,0.079767,0.079767,0.0,1.0,0,普通大幅波动
sh.516290,2024-01-29,0.493,0.525,0.525,-0.060952,-0.060952,0.0,1.0,0,普通大幅波动
sh.516290,2024-02-06,0.473,0.444,0.444,0.065315,0.065315,0.0,1.0,0,普通大幅波动
sh.516290,2024-09-27,0.455,0.424,0.424,0.073113,0.073113,0.0,1.0,0,普通大幅波动
sh.516290,2024-09-30,0.501,0.455,0.455,0.101099,0.101099,0.0,1.0,0,普通大幅波动
sh.516290,2024-10-08,0.551,0.501,0.501,0.0998,0.0998,0.0,1.0,0,普通大幅波动
sh.516290,2024-10-09,0.512,0.551,0.551,-0.07078,-0.07078,0.0,1.0,0,普通大幅波动
sh.516290,2024-10-25,0.56,0.513,0.513,0.091618,0.091618,0.0,1.0,0,普通大幅波动
sh.516300,2022-04-25,0.872,0.937,0.937,-0.06937,-0.06937,0.0,1.0,0,普通大幅波动
sh.516300,2024-09-27,0.875,0.823,0.823,0.063183,0.063183,0.0,1.0,0,普通大幅波动
sh.516300,2024-09-30,0.963,0.875,0.875,0.100571,0.100571,0.0,1.0,0,普通大幅波动
sh.516300,2024-10-08,1.059,0.963,0.963,0.099688,0.099688,0.0,1.0,0,普通大幅波动
sh.516300,2024-10-09,0.96,1.059,1.059,-0.093484,-0.093484,0.0,1.0,0,普通大幅波动
sh.516300,2024-10-28,2.431,2.395,1.01,1.406931,0.015031,1.371287,0.4217,0,拆分合并型
sh.516310,2024-09-30,1.151,1.085,1.085,0.060829,0.060829,0.0,1.0,0,普通大幅波动
sh.516310,2024-10-09,1.104,1.182,1.182,-0.06599,-0.06599,0.0,1.0,0,普通大幅波动
sh.516320,2022-04-25,0.785,0.841,0.841,-0.066587,-0.066587,0.0,1.0,0,普通大幅波动
sh.516320,2022-04-27,0.82,0.764,0.764,0.073298,0.073298,0.0,1.0,0,普通大幅波动
sh.516320,2024-09-30,0.759,0.69,0.69,0.1,0.1,0.0,1.0,0,普通大幅波动
sh.516320,2024-10-08,0.835,0.759,0.759,0.100132,0.100132,0.0,1.0,0,普通大幅波动
sh.516320,2024-10-09,0.778,0.835,0.835,-0.068263,-0.068263,0.0,1.0,0,普通大幅波动
sh.516330,2022-04-25,0.802,0.857,0.857,-0.064177,-0.064177,0.0,1.0,0,普通大幅波动
sh.516330,2022-04-27,0.833,0.783,0.783,0.063857,0.063857,0.0,1.0,0,普通大幅波动
sh.516330,2024-09-30,0.95,0.867,0.867,0.095732,0.095732,0.0,1.0,0,普通大幅波动
sh.516330,2024-10-08,1.045,0.95,0.95,0.1,0.1,0.0,1.0,0,普通大幅波动
sh.516330,2024-10-18,1.005,0.942,0.942,0.066879,0.066879,0.0,1.0,0,普通大幅波动
sh.516350,2022-02-23,0.921,0.867,0.867,0.062284,0.062284,0.0,1.0,0,普通大幅波动
sh.516350,2022-04-25,0.64,0.69,0.69,-0.072464,-0.072464,0.0,1.0,0,普通大幅波动
sh.516350,2022-04-27,0.663,0.622,0.622,0.065916,0.065916,0.0,1.0,0,普通大幅波动
sh.516350,2022-08-05,0.823,0.774,0.774,0.063307,0.063307,0.0,1.0,0,普通大幅波动
sh.516350,2022-10-10,0.598,0.642,0.642,-0.068536,-0.068536,0.0,1.0,0,普通大幅波动
sh.516350,2022-11-15,0.724,0.676,0.676,0.071006,0.071006,0.0,1.0,0,普通大幅波动
sh.516350,2024-02-06,0.508,0.477,0.477,0.06499,0.06499,0.0,1.0,0,普通大幅波动
sh.516350,2024-02-29,0.599,0.564,0.564,0.062057,0.062057,0.0,1.0,0,普通大幅波动
sh.516350,2024-09-27,0.594,0.553,0.553,0.074141,0.074141,0.0,1.0,0,普通大幅波动
sh.516350,2024-09-30,0.653,0.594,0.594,0.099327,0.099327,0.0,1.0,0,普通大幅波动
sh.516350,2024-10-08,0.718,0.653,0.653,0.099541,0.099541,0.0,1.0,0,普通大幅波动
sh.516350,2024-10-09,0.79,0.718,0.718,0.100279,0.100279,0.0,1.0,0,普通大幅波动
sh.516350,2024-10-11,0.72,0.766,0.766,-0.060052,-0.060052,0.0,1.0,0,普通大幅波动
sh.516350,2024-10-18,0.787,0.715,0.715,0.100699,0.100699,0.0,1.0,0,普通大幅波动
sh.516360,2022-04-25,0.897,0.963,0.963,-0.068536,-0.068536,0.0,1.0,0,普通大幅波动
sh.516360,2022-04-27,0.946,0.882,0.882,0.072562,0.072562,0.0,1.0,0,普通大幅波动
sh.516360,2024-02-06,0.593,0.558,0.558,0.062724,0.062724,0.0,1.0,0,普通大幅波动
sh.516360,2024-09-27,0.646,0.593,0.593,0.089376,0.089376,0.0,1.0,0,普通大幅波动
sh.516360,2024-09-30,0.711,0.646,0.646,0.100619,0.100619,0.0,1.0,0,普通大幅波动
sh.516360,2024-10-08,0.782,0.711,0.711,0.099859,0.099859,0.0,1.0,0,普通大幅波动
sh.516360,2024-10-09,0.721,0.782,0.782,-0.078005,-0.078005,0.0,1.0,0,普通大幅波动
sh.516380,2021-08-04,1.235,1.16,1.16,0.064655,0.064655,0.0,1.0,0,普通大幅波动
sh.516380,2022-04-11,0.868,0.924,0.924,-0.060606,-0.060606,0.0,1.0,0,普通大幅波动
sh.516380,2022-04-25,0.751,0.809,0.809,-0.071693,-0.071693,0.0,1.0,0,普通大幅波动
sh.516380,2022-04-27,0.795,0.737,0.737,0.078697,0.078697,0.0,1.0,0,普通大幅波动
sh.516380,2022-05-11,0.87,0.817,0.817,0.064871,0.064871,0.0,1.0,0,普通大幅波动
sh.516380,2024-09-30,0.735,0.668,0.668,0.100299,0.100299,0.0,1.0,0,普通大幅波动
sh.516380,2024-10-08,0.809,0.735,0.735,0.10068,0.10068,0.0,1.0,0,普通大幅波动
sh.516380,2024-10-09,0.757,0.809,0.809,-0.064277,-0.064277,0.0,1.0,0,普通大幅波动
sh.516380,2024-10-18,0.743,0.696,0.696,0.067529,0.067529,0.0,1.0,0,普通大幅波动
sh.516390,2021-08-04,1.348,1.252,1.252,0.076677,0.076677,0.0,1.0,0,普通大幅波动
sh.516390,2022-03-16,1.059,0.998,0.998,0.061122,0.061122,0.0,1.0,0,普通大幅波动
sh.516390,2022-04-11,0.942,1.009,1.009,-0.066402,-0.066402,0.0,1.0,0,普通大幅波动
sh.516390,2022-04-25,0.801,0.862,0.862,-0.070766,-0.070766,0.0,1.0,0,普通大幅波动
sh.516390,2022-04-27,0.851,0.785,0.785,0.084076,0.084076,0.0,1.0,0,普通大幅波动
sh.516390,2024-03-11,0.617,0.577,0.577,0.069324,0.069324,0.0,1.0,0,普通大幅波动
sh.516390,2024-09-27,0.595,0.542,0.542,0.097786,0.097786,0.0,1.0,0,普通大幅波动
sh.516390,2024-09-30,0.655,0.595,0.595,0.10084,0.10084,0.0,1.0,0,普通大幅波动
sh.516390,2024-10-08,0.721,0.655,0.655,0.100763,0.100763,0.0,1.0,0,普通大幅波动
sh.516390,2024-10-09,0.668,0.721,0.721,-0.073509,-0.073509,0.0,1.0,0,普通大幅波动
sh.516390,2024-10-11,0.624,0.667,0.667,-0.064468,-0.064468,0.0,1.0,0,普通大幅波动
sh.516480,2024-02-06,0.526,0.496,0.496,0.060484,0.060484,0.0,1.0,0,普通大幅波动
sh.516480,2024-02-08,0.502,0.536,0.536,-0.063433,-0.063433,0.0,1.0,0,普通大幅波动
sh.516480,2024-02-19,0.552,0.502,0.502,0.099602,0.099602,0.0,1.0,0,普通大幅波动
sh.516480,2024-09-30,0.619,0.563,0.563,0.099467,0.099467,0.0,1.0,0,普通大幅波动
sh.516480,2024-10-08,0.681,0.619,0.619,0.100162,0.100162,0.0,1.0,0,普通大幅波动
sh.516500,2022-10-14,0.783,0.716,0.716,0.093575,0.093575,0.0,1.0,0,普通大幅波动
sh.516500,2024-02-06,0.583,0.533,0.533,0.093809,0.093809,0.0,1.0,0,普通大幅波动
sh.516500,2024-09-30,0.611,0.555,0.555,0.100901,0.100901,0.0,1.0,0,普通大幅波动
sh.516500,2024-10-08,0.672,0.611,0.611,0.099836,0.099836,0.0,1.0,0,普通大幅波动
sh.516510,2021-07-12,1.102,1.039,1.039,0.060635,0.060635,0.0,1.0,0,普通大幅波动
sh.516510,2022-01-17,1.058,0.995,0.995,0.063317,0.063317,0.0,1.0,0,普通大幅波动
sh.516510,2022-04-25,0.655,0.697,0.697,-0.060258,-0.060258,0.0,1.0,0,普通大幅波动
sh.516510,2022-04-29,0.685,0.644,0.644,0.063665,0.063665,0.0,1.0,0,普通大幅波动
sh.516510,2023-04-03,1.275,1.189,1.189,0.07233,0.07233,0.0,1.0,0,普通大幅波动
sh.516510,2023-04-10,1.177,1.265,1.265,-0.069565,-0.069565,0.0,1.0,0,普通大幅波动
sh.516510,2023-06-26,1.238,1.322,1.322,-0.06354,-0.06354,0.0,1.0,0,普通大幅波动
sh.516510,2024-02-06,0.736,0.679,0.679,0.083947,0.083947,0.0,1.0,0,普通大幅波动
sh.516510,2024-02-19,0.835,0.781,0.781,0.069142,0.069142,0.0,1.0,0,普通大幅波动
sh.516510,2024-02-27,0.914,0.859,0.859,0.064028,0.064028,0.0,1.0,0,普通大幅波动
sh.516510,2024-09-27,0.866,0.81,0.81,0.069136,0.069136,0.0,1.0,0,普通大幅波动
sh.516510,2024-09-30,0.953,0.866,0.866,0.100462,0.100462,0.0,1.0,0,普通大幅波动
sh.516510,2024-10-08,1.048,0.953,0.953,0.099685,0.099685,0.0,1.0,0,普通大幅波动
sh.516520,2022-04-25,0.728,0.788,0.788,-0.076142,-0.076142,0.0,1.0,0,普通大幅波动
sh.516520,2022-04-27,0.757,0.707,0.707,0.070721,0.070721,0.0,1.0,0,普通大幅波动
sh.516520,2024-02-06,0.71,0.662,0.662,0.072508,0.072508,0.0,1.0,0,普通大幅波动
sh.516520,2024-09-30,0.955,0.868,0.868,0.10023,0.10023,0.0,1.0,0,普通大幅波动
sh.516520,2024-10-08,1.051,0.955,0.955,0.100524,0.100524,0.0,1.0,0,普通大幅波动
sh.516520,2024-10-18,0.997,0.937,0.937,0.064034,0.064034,0.0,1.0,0,普通大幅波动
sh.516530,2022-04-25,0.829,0.884,0.884,-0.062217,-0.062217,0.0,1.0,0,普通大幅波动
sh.516530,2024-09-30,0.934,0.86,0.86,0.086047,0.086047,0.0,1.0,0,普通大幅波动
sh.516530,2024-10-09,0.874,0.955,0.955,-0.084817,-0.084817,0.0,1.0,0,普通大幅波动
sh.516550,2024-09-30,0.661,0.601,0.601,0.099834,0.099834,0.0,1.0,0,普通大幅波动
sh.516550,2024-10-09,0.63,0.678,0.678,-0.070796,-0.070796,0.0,1.0,0,普通大幅波动
sh.516560,2024-09-30,0.804,0.731,0.731,0.099863,0.099863,0.0,1.0,0,普通大幅波动
sh.516560,2024-10-08,0.861,0.804,0.804,0.070896,0.070896,0.0,1.0,0,普通大幅波动
sh.516560,2024-10-09,0.781,0.861,0.861,-0.092915,-0.092915,0.0,1.0,0,普通大幅波动
sh.516570,2022-04-25,0.792,0.845,0.845,-0.062722,-0.062722,0.0,1.0,0,普通大幅波动
sh.516570,2024-09-30,0.815,0.747,0.747,0.091031,0.091031,0.0,1.0,0,普通大幅波动
sh.516570,2024-10-08,0.876,0.815,0.815,0.074847,0.074847,0.0,1.0,0,普通大幅波动
sh.516570,2024-10-09,0.788,0.876,0.876,-0.100457,-0.100457,0.0,1.0,0,普通大幅波动
sh.516580,2021-07-29,1.008,0.946,0.946,0.065539,0.065539,0.0,1.0,0,普通大幅波动
sh.516580,2021-08-04,1.047,0.982,0.982,0.066191,0.066191,0.0,1.0,0,普通大幅波动
sh.516580,2022-04-25,0.669,0.718,0.718,-0.068245,-0.068245,0.0,1.0,0,普通大幅波动
sh.516580,2022-04-27,0.706,0.654,0.654,0.079511,0.079511,0.0,1.0,0,普通大幅波动
sh.516580,2023-12-28,0.499,0.47,0.47,0.061702,0.061702,0.0,1.0,0,普通大幅波动
sh.516580,2024-09-27,0.442,0.413,0.413,0.070218,0.070218,0.0,1.0,0,普通大幅波动
sh.516580,2024-09-30,0.486,0.442,0.442,0.099548,0.099548,0.0,1.0,0,普通大幅波动
sh.516580,2024-10-08,0.535,0.486,0.486,0.100823,0.100823,0.0,1.0,0,普通大幅波动
sh.516580,2024-10-09,0.496,0.535,0.535,-0.072897,-0.072897,0.0,1.0,0,普通大幅波动
sh.516580,2024-10-25,0.525,0.49,0.49,0.071429,0.071429,0.0,1.0,0,普通大幅波动
sh.516590,2021-08-04,1.48,1.396,1.396,0.060172,0.060172,0.0,1.0,0,普通大幅波动
sh.516590,2022-03-16,1.201,1.131,1.131,0.061892,0.061892,0.0,1.0,0,普通大幅波动
sh.516590,2022-04-25,0.926,0.991,0.991,-0.06559,-0.06559,0.0,1.0,0,普通大幅波动
sh.516590,2022-04-27,0.971,0.908,0.908,0.069383,0.069383,0.0,1.0,0,普通大幅波动
sh.516590,2024-09-30,0.922,0.838,0.838,0.100239,0.100239,0.0,1.0,0,普通大幅波动
sh.516590,2024-10-08,1.014,0.922,0.922,0.099783,0.099783,0.0,1.0,0,普通大幅波动
sh.516600,2024-09-30,0.605,0.55,0.55,0.1,0.1,0.0,1.0,0,普通大幅波动
sh.516600,2024-10-08,0.666,0.605,0.605,0.100826,0.100826,0.0,1.0,0,普通大幅波动
sh.516600,2024-10-09,0.61,0.666,0.666,-0.084084,-0.084084,0.0,1.0,0,普通大幅波动
sh.516610,2021-08-20,0.863,0.921,0.921,-0.062975,-0.062975,0.0,1.0,0,普通大幅波动
sh.516610,2022-10-14,0.689,0.635,0.635,0.085039,0.085039,0.0,1.0,0,普通大幅波动
sh.516610,2024-02-06,0.49,0.456,0.456,0.074561,0.074561,0.0,1.0,0,普通大幅波动
sh.516610,2024-09-27,0.482,0.438,0.438,0.100457,0.100457,0.0,1.0,0,普通大幅波动
sh.516610,2024-09-30,0.53,0.482,0.482,0.099585,0.099585,0.0,1.0,0,普通大幅波动
sh.516610,2024-10-08,0.583,0.53,0.53,0.1,0.1,0.0,1.0,0,普通大幅波动
sh.516610,2024-10-09,0.53,0.583,0.583,-0.090909,-0.090909,0.0,1.0,0,普通大幅波动
sh.516620,2021-12-30,1.262,1.186,1.186,0.064081,0.064081,0.0,1.0,0,普通大幅波动
sh.516620,2022-04-25,0.806,0.866,0.866,-0.069284,-0.069284,0.0,1.0,0,普通大幅波动
sh.516620,2022-04-29,0.859,0.802,0.802,0.071072,0.071072,0.0,1.0,0,普通大幅波动
sh.516620,2023-04-12,1.252,1.165,1.165,0.074678,0.074678,0.0,1.0,0,普通大幅波动
sh.516620,2023-04-28,1.182,1.114,1.114,0.061041,0.061041,0.0,1.0,0,普通大幅波动
sh.516620,2023-05-04,1.253,1.182,1.182,0.060068,0.060068,0.0,1.0,0,普通大幅波动
sh.516620,2023-05-12,1.183,1.264,1.264,-0.064082,-0.064082,0.0,1.0,0,普通大幅波动
sh.516620,2023-12-22,0.941,1.027,1.027,-0.083739,-0.083739,0.0,1.0,0,普通大幅波动
sh.516620,2024-01-22,0.815,0.873,0.873,-0.066438,-0.066438,0.0,1.0,0,普通大幅波动
sh.516620,2024-02-05,0.714,0.774,0.774,-0.077519,-0.077519,0.0,1.0,0,普通大幅波动
sh.516620,2024-09-30,0.88,0.8,0.8,0.1,0.1,0.0,1.0,0,普通大幅波动
sh.516620,2024-10-08,0.948,0.88,0.88,0.077273,0.077273,0.0,1.0,0,普通大幅波动
sh.516620,2024-10-09,0.853,0.948,0.948,-0.100211,-0.100211,0.0,1.0,0,普通大幅波动
sh.516630,2022-04-25,0.644,0.692,0.692,-0.069364,-0.069364,0.0,1.0,0,普通大幅波动
sh.516630,2022-04-29,0.677,0.636,0.636,0.064465,0.064465,0.0,1.0,0,普通大幅波动
sh.516630,2023-04-03,1.256,1.18,1.18,0.064407,0.064407,0.0,1.0,0,普通大幅波动
sh.516630,2023-04-10,1.172,1.252,1.252,-0.063898,-0.063898,0.0,1.0,0,普通大幅波动
sh.516630,2024-02-06,0.716,0.664,0.664,0.078313,0.078313,0.0,1.0,0,普通大幅波动
sh.516630,2024-02-19,0.815,0.76,0.76,0.072368,0.072368,0.0,1.0,0,普通大幅波动
sh.516630,2024-02-27,0.894,0.835,0.835,0.070659,0.070659,0.0,1.0,0,普通大幅波动
sh.516630,2024-09-27,0.844,0.786,0.786,0.073791,0.073791,0.0,1.0,0,普通大幅波动
sh.516630,2024-09-30,0.928,0.844,0.844,0.099526,0.099526,0.0,1.0,0,普通大幅波动
sh.516630,2024-10-08,1.021,0.928,0.928,0.100216,0.100216,0.0,1.0,0,普通大幅波动
sh.516640,2022-04-25,0.595,0.64,0.64,-0.070313,-0.070313,0.0,1.0,0,普通大幅波动
sh.516640,2022-04-27,0.612,0.572,0.572,0.06993,0.06993,0.0,1.0,0,普通大幅波动
sh.516640,2022-08-05,0.766,0.716,0.716,0.069832,0.069832,0.0,1.0,0,普通大幅波动
sh.516640,2022-10-10,0.554,0.594,0.594,-0.06734,-0.06734,0.0,1.0,0,普通大幅波动
sh.516640,2022-11-15,0.669,0.628,0.628,0.065287,0.065287,0.0,1.0,0,普通大幅波动
sh.516640,2024-02-06,0.465,0.435,0.435,0.068966,0.068966,0.0,1.0,0,普通大幅波动
sh.516640,2024-02-29,0.545,0.511,0.511,0.066536,0.066536,0.0,1.0,0,普通大幅波动
sh.516640,2024-09-30,0.582,0.529,0.529,0.100189,0.100189,0.0,1.0,0,普通大幅波动
sh.516640,2024-10-08,0.64,0.582,0.582,0.099656,0.099656,0.0,1.0,0,普通大幅波动
sh.516640,2024-10-09,0.704,0.64,0.64,0.1,0.1,0.0,1.0,0,普通大幅波动
sh.516640,2024-10-11,0.649,0.691,0.691,-0.060781,-0.060781,0.0,1.0,0,普通大幅波动
sh.516640,2024-10-18,0.706,0.642,0.642,0.099688,0.099688,0.0,1.0,0,普通大幅波动
sh.516640,2024-11-11,0.826,0.777,0.777,0.063063,0.063063,0.0,1.0,0,普通大幅波动
sh.516650,2021-07-09,1.161,1.092,1.092,0.063187,0.063187,0.0,1.0,0,普通大幅波动
sh.516650,2021-09-01,1.42,1.514,1.514,-0.062087,-0.062087,0.0,1.0,0,普通大幅波动
sh.516650,2021-09-27,1.264,1.347,1.347,-0.061618,-0.061618,0.0,1.0,0,普通大幅波动
sh.516650,2022-04-26,0.89,0.961,0.961,-0.073881,-0.073881,0.0,1.0,0,普通大幅波动
sh.516650,2022-04-27,0.945,0.89,0.89,0.061798,0.061798,0.0,1.0,0,普通大幅波动
sh.516650,2024-09-30,1.096,1.005,1.005,0.090547,0.090547,0.0,1.0,0,普通大幅波动
sh.516650,2024-10-09,1.019,1.126,1.126,-0.095027,-0.095027,0.0,1.0,0,普通大幅波动
sh.516660,2021-04-19,0.98,0.919,0.919,0.066376,0.066376,0.0,1.0,0,普通大幅波动
sh.516660,2021-07-29,1.465,1.379,1.379,0.062364,0.062364,0.0,1.0,0,普通大幅波动
sh.516660,2021-08-04,1.561,1.451,1.451,0.07581,0.07581,0.0,1.0,0,普通大幅波动
sh.516660,2022-04-11,1.095,1.17,1.17,-0.064103,-0.064103,0.0,1.0,0,普通大幅波动
sh.516660,2022-04-25,0.937,1.005,1.005,-0.067662,-0.067662,0.0,1.0,0,普通大幅波动
sh.516660,2022-04-27,1.0,0.915,0.915,0.092896,0.092896,0.0,1.0,0,普通大幅波动
sh.516660,2022-06-06,1.301,1.227,1.227,0.06031,0.06031,0.0,1.0,0,普通大幅波动
sh.516660,2024-02-06,0.618,0.578,0.578,0.069204,0.069204,0.0,1.0,0,普通大幅波动
sh.516660,2024-03-11,0.708,0.664,0.664,0.066265,0.066265,0.0,1.0,0,普通大幅波动
sh.516660,2024-09-27,0.673,0.62,0.62,0.085484,0.085484,0.0,1.0,0,普通大幅波动
sh.516660,2024-09-30,0.74,0.673,0.673,0.099554,0.099554,0.0,1.0,0,普通大幅波动
sh.516660,2024-10-08,0.814,0.74,0.74,0.1,0.1,0.0,1.0,0,普通大幅波动
sh.516660,2024-10-09,0.754,0.814,0.814,-0.07371,-0.07371,0.0,1.0,0,普通大幅波动
sh.516670,2022-07-04,0.961,0.887,0.887,0.083427,0.083427,0.0,1.0,0,普通大幅波动
sh.516670,2024-09-30,0.664,0.604,0.604,0.099338,0.099338,0.0,1.0,0,普通大幅波动
sh.516670,2024-10-09,0.614,0.676,0.676,-0.091716,-0.091716,0.0,1.0,0,普通大幅波动
sh.516680,2021-03-11,0.934,0.87,0.87,0.073563,0.073563,0.0,1.0,0,普通大幅波动
sh.516680,2021-09-01,1.299,1.402,1.402,-0.073466,-0.073466,0.0,1.0,0,普通大幅波动
sh.516680,2021-09-27,1.183,1.259,1.259,-0.060365,-0.060365,0.0,1.0,0,普通大幅波动
sh.516680,2022-04-25,0.874,0.932,0.932,-0.062232,-0.062232,0.0,1.0,0,普通大幅波动
sh.516680,2022-04-27,0.887,0.83,0.83,0.068675,0.068675,0.0,1.0,0,普通大幅波动
sh.516690,2022-04-25,0.703,0.751,0.751,-0.063915,-0.063915,0.0,1.0,0,普通大幅波动
sh.516690,2024-02-07,0.534,0.495,0.495,0.078788,0.078788,0.0,1.0,0,普通大幅波动
sh.516700,2022-04-25,0.678,0.736,0.736,-0.078804,-0.078804,0.0,1.0,0,普通大幅波动
sh.516700,2022-04-29,0.709,0.664,0.664,0.067771,0.067771,0.0,1.0,0,普通大幅波动
sh.516700,2023-06-26,1.081,1.154,1.154,-0.063258,-0.063258,0.0,1.0,0,普通大幅波动
sh.516700,2024-02-06,0.619,0.579,0.579,0.069085,0.069085,0.0,1.0,0,普通大幅波动
sh.516700,2024-02-27,0.771,0.726,0.726,0.061983,0.061983,0.0,1.0,0,普通大幅波动
sh.516700,2024-09-27,0.7,0.636,0.636,0.100629,0.100629,0.0,1.0,0,普通大幅波动
sh.516700,2024-09-30,0.77,0.7,0.7,0.1,0.1,0.0,1.0,0,普通大幅波动
sh.516700,2024-10-08,0.847,0.77,0.77,0.1,0.1,0.0,1.0,0,普通大幅波动
sh.516700,2024-11-11,1.032,0.955,0.955,0.080628,0.080628,0.0,1.0,0,普通大幅波动
sh.516710,2022-04-27,0.694,0.633,0.633,0.096367,0.096367,0.0,1.0,0,普通大幅波动
sh.516710,2024-02-06,0.422,0.398,0.398,0.060302,0.060302,0.0,1.0,0,普通大幅波动
sh.516710,2024-09-30,0.494,0.449,0.449,0.100223,0.100223,0.0,1.0,0,普通大幅波动
sh.516710,2024-10-08,0.543,0.494,0.494,0.09919,0.09919,0.0,1.0,0,普通大幅波动
sh.516720,2024-09-30,0.9,0.818,0.818,0.100244,0.100244,0.0,1.0,0,普通大幅波动
sh.516720,2024-10-08,0.958,0.9,0.9,0.064444,0.064444,0.0,1.0,0,普通大幅波动
sh.516720,2024-10-09,0.897,0.958,0.958,-0.063674,-0.063674,0.0,1.0,0,普通大幅波动
sh.516730,2023-07-28,0.904,0.837,0.837,0.080048,0.080048,0.0,1.0,0,普通大幅波动
sh.516730,2024-09-27,0.919,0.835,0.835,0.100599,0.100599,0.0,1.0,0,普通大幅波动
sh.516730,2024-09-30,1.011,0.919,0.919,0.100109,0.100109,0.0,1.0,0,普通大幅波动
sh.516730,2024-10-08,1.112,1.011,1.011,0.099901,0.099901,0.0,1.0,0,普通大幅波动
sh.516730,2024-10-18,1.041,0.972,0.972,0.070988,0.070988,0.0,1.0,0,普通大幅波动
sh.516730,2024-11-05,1.128,1.063,1.063,0.061148,0.061148,0.0,1.0,0,普通大幅波动
sh.516730,2024-11-07,1.21,1.138,1.138,0.063269,0.063269,0.0,1.0,0,普通大幅波动
sh.516750,2021-11-11,1.031,0.972,0.972,0.0607,0.0607,0.0,1.0,0,普通大幅波动
sh.516750,2022-03-15,0.927,0.996,0.996,-0.069277,-0.069277,0.0,1.0,0,普通大幅波动
sh.516750,2024-09-26,0.586,0.548,0.548,0.069343,0.069343,0.0,1.0,0,普通大幅波动
sh.516750,2024-09-27,0.634,0.586,0.586,0.081911,0.081911,0.0,1.0,0,普通大幅波动
sh.516750,2024-09-30,0.697,0.634,0.634,0.099369,0.099369,0.0,1.0,0,普通大幅波动
sh.516750,2024-10-09,0.622,0.691,0.691,-0.099855,-0.099855,0.0,1.0,0,普通大幅波动
sh.516760,2022-07-04,0.947,0.877,0.877,0.079818,0.079818,0.0,1.0,0,普通大幅波动
sh.516760,2024-09-30,0.65,0.592,0.592,0.097973,0.097973,0.0,1.0,0,普通大幅波动
sh.516760,2024-10-09,0.604,0.656,0.656,-0.079268,-0.079268,0.0,1.0,0,普通大幅波动
sh.516770,2021-09-08,0.969,0.899,0.899,0.077864,0.077864,0.0,1.0,0,普通大幅波动
sh.516770,2022-03-15,0.787,0.839,0.839,-0.061979,-0.061979,0.0,1.0,0,普通大幅波动
sh.516770,2022-04-25,0.704,0.771,0.771,-0.0869,-0.0869,0.0,1.0,0,普通大幅波动
sh.516770,2022-04-29,0.764,0.715,0.715,0.068531,0.068531,0.0,1.0,0,普通大幅波动
sh.516770,2023-03-24,1.163,1.092,1.092,0.065018,0.065018,0.0,1.0,0,普通大幅波动
sh.516770,2023-03-31,1.218,1.129,1.129,0.078831,0.078831,0.0,1.0,0,普通大幅波动
sh.516770,2023-04-03,1.313,1.218,1.218,0.077997,0.077997,0.0,1.0,0,普通大幅波动
sh.516770,2023-04-10,1.26,1.359,1.359,-0.072848,-0.072848,0.0,1.0,0,普通大幅波动
sh.516770,2023-04-12,1.427,1.319,1.319,0.08188,0.08188,0.0,1.0,0,普通大幅波动
sh.516770,2023-04-24,1.436,1.351,1.351,0.062916,0.062916,0.0,1.0,0,普通大幅波动
sh.516770,2023-04-27,1.389,1.485,1.485,-0.064646,-0.064646,0.0,1.0,0,普通大幅波动
sh.516770,2023-04-28,1.528,1.389,1.389,0.100072,0.100072,0.0,1.0,0,普通大幅波动
sh.516770,2023-05-04,1.629,1.528,1.528,0.066099,0.066099,0.0,1.0,0,普通大幅波动
sh.516770,2023-06-09,1.54,1.452,1.452,0.060606,0.060606,0.0,1.0,0,普通大幅波动
sh.516770,2023-06-21,1.523,1.673,1.673,-0.089659,-0.089659,0.0,1.0,0,普通大幅波动
sh.516770,2023-07-03,1.353,1.466,1.466,-0.07708,-0.07708,0.0,1.0,0,普通大幅波动
sh.516770,2023-09-22,1.088,1.02,1.02,0.066667,0.066667,0.0,1.0,0,普通大幅波动
sh.516770,2023-11-06,1.114,1.049,1.049,0.061964,0.061964,0.0,1.0,0,普通大幅波动
sh.516770,2023-12-01,1.132,1.05,1.05,0.078095,0.078095,0.0,1.0,0,普通大幅波动
sh.516770,2023-12-22,1.04,1.156,1.156,-0.100346,-0.100346,0.0,1.0,0,普通大幅波动
sh.516770,2024-01-22,0.92,0.981,0.981,-0.062181,-0.062181,0.0,1.0,0,普通大幅波动
sh.516770,2024-02-05,0.803,0.872,0.872,-0.079128,-0.079128,0.0,1.0,0,普通大幅波动
sh.516770,2024-02-06,0.852,0.803,0.803,0.061021,0.061021,0.0,1.0,0,普通大幅波动
sh.516770,2024-02-19,0.97,0.896,0.896,0.082589,0.082589,0.0,1.0,0,普通大幅波动
sh.516770,2024-06-26,0.825,0.771,0.771,0.070039,0.070039,0.0,1.0,0,普通大幅波动
sh.516770,2024-09-30,0.983,0.894,0.894,0.099553,0.099553,0.0,1.0,0,普通大幅波动
sh.516770,2024-10-08,1.081,0.983,0.983,0.099695,0.099695,0.0,1.0,0,普通大幅波动
sh.516770,2024-10-09,0.987,1.081,1.081,-0.086957,-0.086957,0.0,1.0,0,普通大幅波动
sh.516770,2024-11-18,1.038,1.13,1.13,-0.081416,-0.081416,0.0,1.0,0,普通大幅波动
sh.516780,2021-07-09,1.131,1.049,1.049,0.07817,0.07817,0.0,1.0,0,普通大幅波动
sh.516780,2021-07-29,1.307,1.202,1.202,0.087354,0.087354,0.0,1.0,0,普通大幅波动
sh.516780,2021-09-01,1.482,1.578,1.578,-0.060837,-0.060837,0.0,1.0,0,普通大幅波动
sh.516780,2021-09-27,1.34,1.472,1.472,-0.089674,-0.089674,0.0,1.0,0,普通大幅波动
sh.516780,2022-04-25,0.898,0.984,0.984,-0.087398,-0.087398,0.0,1.0,0,普通大幅波动
sh.516780,2022-04-27,0.94,0.872,0.872,0.077982,0.077982,0.0,1.0,0,普通大幅波动
sh.516780,2024-02-06,0.738,0.69,0.69,0.069565,0.069565,0.0,1.0,0,普通大幅波动
sh.516780,2024-02-07,0.803,0.738,0.738,0.088076,0.088076,0.0,1.0,0,普通大幅波动
sh.516780,2024-09-30,0.944,0.858,0.858,0.100233,0.100233,0.0,1.0,0,普通大幅波动
sh.516780,2024-10-08,1.033,0.944,0.944,0.09428,0.09428,0.0,1.0,0,普通大幅波动
sh.516780,2024-10-09,0.93,1.033,1.033,-0.09971,-0.09971,0.0,1.0,0,普通大幅波动
sh.516780,2024-11-01,1.097,1.005,1.005,0.091542,0.091542,0.0,1.0,0,普通大幅波动
sh.516790,2022-09-27,0.716,0.674,0.674,0.062315,0.062315,0.0,1.0,0,普通大幅波动
sh.516790,2022-10-14,0.791,0.729,0.729,0.085048,0.085048,0.0,1.0,0,普通大幅波动
sh.516790,2024-02-06,0.574,0.535,0.535,0.072897,0.072897,0.0,1.0,0,普通大幅波动
sh.516790,2024-09-27,0.556,0.518,0.518,0.073359,0.073359,0.0,1.0,0,普通大幅波动
sh.516790,2024-09-30,0.612,0.556,0.556,0.100719,0.100719,0.0,1.0,0,普通大幅波动
sh.516790,2024-10-08,0.673,0.612,0.612,0.099673,0.099673,0.0,1.0,0,普通大幅波动
sh.516790,2024-10-09,0.622,0.673,0.673,-0.07578,-0.07578,0.0,1.0,0,普通大幅波动
sh.516800,2022-04-25,0.819,0.873,0.873,-0.061856,-0.061856,0.0,1.0,0,普通大幅波动
sh.516800,2022-04-27,0.844,0.796,0.796,0.060302,0.060302,0.0,1.0,0,普通大幅波动
sh.516800,2024-09-30,0.924,0.84,0.84,0.1,0.1,0.0,1.0,0,普通大幅波动
sh.516800,2024-10-08,1.016,0.924,0.924,0.099567,0.099567,0.0,1.0,0,普通大幅波动
sh.516800,2024-10-18,1.032,0.95,0.95,0.086316,0.086316,0.0,1.0,0,普通大幅波动
sh.516810,2024-09-30,0.71,0.645,0.645,0.100775,0.100775,0.0,1.0,0,普通大幅波动
sh.516810,2024-10-09,0.672,0.736,0.736,-0.086957,-0.086957,0.0,1.0,0,普通大幅波动
sh.516820,2021-07-26,0.868,0.924,0.924,-0.060606,-0.060606,0.0,1.0,0,普通大幅波动
sh.516820,2021-08-20,0.758,0.813,0.813,-0.067651,-0.067651,0.0,1.0,0,普通大幅波动
sh.516820,2021-09-06,0.784,0.736,0.736,0.065217,0.065217,0.0,1.0,0,普通大幅波动
sh.516820,2022-10-14,0.539,0.496,0.496,0.086694,0.086694,0.0,1.0,0,普通大幅波动
sh.516820,2022-10-26,0.53,0.5,0.5,0.06,0.06,0.0,1.0,0,普通大幅波动
sh.516820,2024-09-27,0.325,0.301,0.301,0.079734,0.079734,0.0,1.0,0,普通大幅波动
sh.516820,2024-09-30,0.358,0.325,0.325,0.101538,0.101538,0.0,1.0,0,普通大幅波动
sh.516820,2024-10-08,0.394,0.358,0.358,0.100559,0.100559,0.0,1.0,0,普通大幅波动
sh.516830,2024-09-30,0.851,0.78,0.78,0.091026,0.091026,0.0,1.0,0,普通大幅波动
sh.516830,2024-10-08,0.915,0.851,0.851,0.075206,0.075206,0.0,1.0,0,普通大幅波动
sh.516830,2024-10-09,0.85,0.915,0.915,-0.071038,-0.071038,0.0,1.0,0,普通大幅波动
sh.516850,2021-07-21,1.538,1.443,1.443,0.065835,0.065835,0.0,1.0,0,普通大幅波动
sh.516850,2021-07-29,1.519,1.422,1.422,0.068214,0.068214,0.0,1.0,0,普通大幅波动
sh.516850,2021-08-04,1.588,1.481,1.481,0.072248,0.072248,0.0,1.0,0,普通大幅波动
sh.516850,2022-04-25,1.0,1.097,1.097,-0.088423,-0.088423,0.0,1.0,0,普通大幅波动
sh.516850,2022-04-27,1.079,0.997,0.997,0.082247,0.082247,0.0,1.0,0,普通大幅波动
sh.516850,2023-12-28,0.768,0.721,0.721,0.065187,0.065187,0.0,1.0,0,普通大幅波动
sh.516850,2024-09-27,0.696,0.633,0.633,0.099526,0.099526,0.0,1.0,0,普通大幅波动
sh.516850,2024-09-30,0.766,0.696,0.696,0.100575,0.100575,0.0,1.0,0,普通大幅波动
sh.516850,2024-10-08,0.843,0.766,0.766,0.100522,0.100522,0.0,1.0,0,普通大幅波动
sh.516850,2024-10-09,0.77,0.843,0.843,-0.086595,-0.086595,0.0,1.0,0,普通大幅波动
sh.516850,2024-10-25,0.802,0.755,0.755,0.062252,0.062252,0.0,1.0,0,普通大幅波动
sh.516860,2022-01-17,1.113,1.049,1.049,0.06101,0.06101,0.0,1.0,0,普通大幅波动
sh.516860,2022-01-27,0.997,1.065,1.065,-0.06385,-0.06385,0.0,1.0,0,普通大幅波动
sh.516860,2022-02-09,1.093,1.029,1.029,0.062196,0.062196,0.0,1.0,0,普通大幅波动
sh.516860,2022-04-25,0.724,0.782,0.782,-0.074169,-0.074169,0.0,1.0,0,普通大幅波动
sh.516860,2023-04-03,1.169,1.095,1.095,0.06758,0.06758,0.0,1.0,0,普通大幅波动
sh.516860,2024-02-05,0.644,0.689,0.689,-0.065312,-0.065312,0.0,1.0,0,普通大幅波动
sh.516860,2024-02-06,0.688,0.644,0.644,0.068323,0.068323,0.0,1.0,0,普通大幅波动
sh.516860,2024-07-31,0.674,0.633,0.633,0.064771,0.064771,0.0,1.0,0,普通大幅波动
sh.516860,2024-09-24,0.713,0.662,0.662,0.077039,0.077039,0.0,1.0,0,普通大幅波动
sh.516860,2024-09-26,0.774,0.73,0.73,0.060274,0.060274,0.0,1.0,0,普通大幅波动
sh.516860,2024-09-27,0.851,0.774,0.774,0.099483,0.099483,0.0,1.0,0,普通大幅波动
sh.516860,2024-09-30,0.936,0.851,0.851,0.099882,0.099882,0.0,1.0,0,普通大幅波动
sh.516860,2024-10-08,1.03,0.936,0.936,0.100427,0.100427,0.0,1.0,0,普通大幅波动
sh.516860,2024-10-09,1.133,1.03,1.03,0.1,0.1,0.0,1.0,0,普通大幅波动
sh.516860,2024-10-10,1.035,1.133,1.133,-0.086496,-0.086496,0.0,1.0,0,普通大幅波动
sh.516860,2024-10-14,1.125,1.058,1.058,0.063327,0.063327,0.0,1.0,0,普通大幅波动
sh.516860,2024-10-18,1.203,1.121,1.121,0.073149,0.073149,0.0,1.0,0,普通大幅波动
sh.516860,2024-11-01,1.154,1.248,1.248,-0.075321,-0.075321,0.0,1.0,0,普通大幅波动
sh.516860,2024-11-05,1.316,1.203,1.203,0.093932,0.093932,0.0,1.0,0,普通大幅波动
sh.516860,2024-11-07,1.41,1.304,1.304,0.081288,0.081288,0.0,1.0,0,普通大幅波动
sh.516860,2024-11-29,1.367,1.282,1.282,0.066303,0.066303,0.0,1.0,0,普通大幅波动
sh.516880,2021-03-04,0.908,0.966,0.966,-0.060041,-0.060041,0.0,1.0,0,普通大幅波动
sh.516880,2021-07-29,1.3,1.19,1.19,0.092437,0.092437,0.0,1.0,0,普通大幅波动
sh.516880,2021-08-04,1.377,1.294,1.294,0.064142,0.064142,0.0,1.0,0,普通大幅波动
sh.516880,2022-04-25,0.894,0.963,0.963,-0.071651,-0.071651,0.0,1.0,0,普通大幅波动
sh.516880,2022-04-27,0.954,0.883,0.883,0.080408,0.080408,0.0,1.0,0,普通大幅波动
sh.516880,2022-08-31,1.329,1.414,1.414,-0.060113,-0.060113,0.0,1.0,0,普通大幅波动
sh.516880,2022-09-15,1.263,1.354,1.354,-0.067208,-0.067208,0.0,1.0,0,普通大幅波动
sh.516880,2022-12-26,1.104,1.033,1.033,0.068732,0.068732,0.0,1.0,0,普通大幅波动
sh.516880,2023-04-26,1.073,1.008,1.008,0.064484,0.064484,0.0,1.0,0,普通大幅波动
sh.516880,2023-12-28,0.745,0.688,0.688,0.082849,0.082849,0.0,1.0,0,普通大幅波动
sh.516880,2024-09-27,0.612,0.572,0.572,0.06993,0.06993,0.0,1.0,0,普通大幅波动
sh.516880,2024-09-30,0.673,0.612,0.612,0.099673,0.099673,0.0,1.0,0,普通大幅波动
sh.516880,2024-10-08,0.74,0.673,0.673,0.099554,0.099554,0.0,1.0,0,普通大幅波动
sh.516880,2024-10-09,0.684,0.74,0.74,-0.075676,-0.075676,0.0,1.0,0,普通大幅波动
sh.516880,2024-10-25,0.758,0.693,0.693,0.093795,0.093795,0.0,1.0,0,普通大幅波动
sh.516890,2022-04-25,0.685,0.736,0.736,-0.069293,-0.069293,0.0,1.0,0,普通大幅波动
sh.516890,2022-04-27,0.723,0.677,0.677,0.067947,0.067947,0.0,1.0,0,普通大幅波动
sh.516890,2024-09-30,0.516,0.469,0.469,0.100213,0.100213,0.0,1.0,0,普通大幅波动
sh.516890,2024-10-08,0.568,0.516,0.516,0.100775,0.100775,0.0,1.0,0,普通大幅波动
sh.516900,2021-09-27,0.933,0.868,0.868,0.074885,0.074885,0.0,1.0,0,普通大幅波动
sh.516900,2022-11-01,0.684,0.642,0.642,0.065421,0.065421,0.0,1.0,0,普通大幅波动
sh.516900,2024-09-26,0.598,0.544,0.544,0.099265,0.099265,0.0,1.0,0,普通大幅波动
sh.516900,2024-09-27,0.658,0.598,0.598,0.100334,0.100334,0.0,1.0,0,普通大幅波动
sh.516900,2024-09-30,0.724,0.658,0.658,0.100304,0.100304,0.0,1.0,0,普通大幅波动
sh.516900,2024-10-09,0.647,0.719,0.719,-0.100139,-0.100139,0.0,1.0,0,普通大幅波动
sh.516900,2024-11-07,0.701,0.654,0.654,0.071865,0.071865,0.0,1.0,0,普通大幅波动
sh.516910,2022-04-25,0.962,1.024,1.024,-0.060547,-0.060547,0.0,1.0,0,普通大幅波动
sh.516910,2024-09-30,1.095,1.005,1.005,0.089552,0.089552,0.0,1.0,0,普通大幅波动
sh.516910,2024-10-09,1.018,1.12,1.12,-0.091071,-0.091071,0.0,1.0,0,普通大幅波动
sh.516920,2022-04-25,0.59,0.63,0.63,-0.063492,-0.063492,0.0,1.0,0,普通大幅波动
sh.516920,2022-04-27,0.6,0.566,0.566,0.060071,0.060071,0.0,1.0,0,普通大幅波动
sh.516920,2022-08-05,0.746,0.703,0.703,0.061166,0.061166,0.0,1.0,0,普通大幅波动
sh.516920,2022-10-10,0.543,0.58,0.58,-0.063793,-0.063793,0.0,1.0,0,普通大幅波动
sh.516920,2022-11-15,0.656,0.612,0.612,0.071895,0.071895,0.0,1.0,0,普通大幅波动
sh.516920,2024-02-06,0.452,0.42,0.42,0.07619,0.07619,0.0,1.0,0,普通大幅波动
sh.516920,2024-02-29,0.532,0.501,0.501,0.061876,0.061876,0.0,1.0,0,普通大幅波动
sh.516920,2024-09-27,0.52,0.487,0.487,0.067762,0.067762,0.0,1.0,0,普通大幅波动
sh.516920,2024-09-30,0.572,0.52,0.52,0.1,0.1,0.0,1.0,0,普通大幅波动
sh.516920,2024-10-08,0.629,0.572,0.572,0.09965,0.09965,0.0,1.0,0,普通大幅波动
sh.516920,2024-10-09,0.692,0.629,0.629,0.100159,0.100159,0.0,1.0,0,普通大幅波动
sh.516920,2024-10-18,0.692,0.629,0.629,0.100159,0.100159,0.0,1.0,0,普通大幅波动
sh.516920,2024-11-11,0.806,0.759,0.759,0.061924,0.061924,0.0,1.0,0,普通大幅波动
sh.516930,2021-08-20,0.898,0.956,0.956,-0.060669,-0.060669,0.0,1.0,0,普通大幅波动
sh.516930,2022-10-14,0.639,0.585,0.585,0.092308,0.092308,0.0,1.0,0,普通大幅波动
sh.516930,2024-02-06,0.468,0.429,0.429,0.090909,0.090909,0.0,1.0,0,普通大幅波动
sh.516930,2024-09-27,0.461,0.428,0.428,0.077103,0.077103,0.0,1.0,0,普通大幅波动
sh.516930,2024-09-30,0.507,0.461,0.461,0.099783,0.099783,0.0,1.0,0,普通大幅波动
sh.516930,2024-10-08,0.558,0.507,0.507,0.100592,0.100592,0.0,1.0,0,普通大幅波动
sh.516930,2024-10-09,0.52,0.558,0.558,-0.0681,-0.0681,0.0,1.0,0,普通大幅波动
sh.516930,2024-10-18,0.493,0.462,0.462,0.0671,0.0671,0.0,1.0,0,普通大幅波动
sh.516950,2022-03-15,0.951,1.014,1.014,-0.06213,-0.06213,0.0,1.0,0,普通大幅波动
sh.516950,2022-12-05,1.053,0.992,0.992,0.061492,0.061492,0.0,1.0,0,普通大幅波动
sh.516950,2024-09-30,1.105,1.014,1.014,0.089744,0.089744,0.0,1.0,0,普通大幅波动
sh.516950,2024-10-08,1.172,1.105,1.105,0.060633,0.060633,0.0,1.0,0,普通大幅波动
sh.516950,2024-10-09,1.055,1.172,1.172,-0.099829,-0.099829,0.0,1.0,0,普通大幅波动
sh.516960,2021-07-29,1.231,1.161,1.161,0.060293,0.060293,0.0,1.0,0,普通大幅波动
sh.516960,2021-08-04,1.307,1.225,1.225,0.066939,0.066939,0.0,1.0,0,普通大幅波动
sh.516960,2022-04-27,0.893,0.826,0.826,0.081114,0.081114,0.0,1.0,0,普通大幅波动
sh.516960,2024-09-30,0.78,0.709,0.709,0.100141,0.100141,0.0,1.0,0,普通大幅波动
sh.516960,2024-10-08,0.854,0.78,0.78,0.094872,0.094872,0.0,1.0,0,普通大幅波动
sh.516960,2024-10-09,0.797,0.854,0.854,-0.066745,-0.066745,0.0,1.0,0,普通大幅波动
sh.516960,2024-10-18,0.775,0.726,0.726,0.067493,0.067493,0.0,1.0,0,普通大幅波动
sh.516970,2022-02-07,1.273,1.187,1.187,0.072452,0.072452,0.0,1.0,0,普通大幅波动
sh.516970,2022-03-15,1.063,1.14,1.14,-0.067544,-0.067544,0.0,1.0,0,普通大幅波动
sh.516970,2024-09-30,1.123,1.026,1.026,0.094542,0.094542,0.0,1.0,0,普通大幅波动
sh.516970,2024-10-09,1.062,1.172,1.172,-0.093857,-0.093857,0.0,1.0,0,普通大幅波动
sh.516970,2024-10-10,1.143,1.062,1.062,0.076271,0.076271,0.0,1.0,0,普通大幅波动
sh.516980,2021-08-18,1.102,1.026,1.026,0.074074,0.074074,0.0,1.0,0,普通大幅波动
sh.516980,2023-07-28,1.013,0.922,0.922,0.098698,0.098698,0.0,1.0,0,普通大幅波动
sh.516980,2024-02-06,0.86,0.806,0.806,0.066998,0.066998,0.0,1.0,0,普通大幅波动
sh.516980,2024-09-27,0.992,0.928,0.928,0.068966,0.068966,0.0,1.0,0,普通大幅波动
sh.516980,2024-09-30,1.091,0.992,0.992,0.099798,0.099798,0.0,1.0,0,普通大幅波动
sh.516980,2024-10-08,1.2,1.091,1.091,0.099908,0.099908,0.0,1.0,0,普通大幅波动
sh.516980,2024-10-10,1.097,1.179,1.179,-0.06955,-0.06955,0.0,1.0,0,普通大幅波动
sh.516980,2024-10-18,1.159,1.062,1.062,0.091337,0.091337,0.0,1.0,0,普通大幅波动
sh.516980,2024-11-07,1.317,1.233,1.233,0.068127,0.068127,0.0,1.0,0,普通大幅波动
sh.517000,2022-03-16,0.736,0.691,0.691,0.065123,0.065123,0.0,1.0,0,普通大幅波动
sh.517000,2024-09-30,0.813,0.758,0.758,0.072559,0.072559,0.0,1.0,0,普通大幅波动
sh.517010,2024-09-27,0.91,0.827,0.827,0.100363,0.100363,0.0,1.0,0,普通大幅波动
sh.517010,2024-09-30,1.001,0.91,0.91,0.1,0.1,0.0,1.0,0,普通大幅波动
sh.517010,2024-10-09,0.906,0.993,0.993,-0.087613,-0.087613,0.0,1.0,0,普通大幅波动
sh.517030,2024-09-30,0.959,0.872,0.872,0.099771,0.099771,0.0,1.0,0,普通大幅波动
sh.517030,2024-10-08,1.022,0.959,0.959,0.065693,0.065693,0.0,1.0,0,普通大幅波动
sh.517030,2024-10-09,0.938,1.022,1.022,-0.082192,-0.082192,0.0,1.0,0,普通大幅波动
sh.517050,2021-07-27,0.775,0.829,0.829,-0.065139,-0.065139,0.0,1.0,0,普通大幅波动
sh.517050,2022-03-15,0.502,0.539,0.539,-0.068646,-0.068646,0.0,1.0,0,普通大幅波动
sh.517050,2022-03-16,0.552,0.502,0.502,0.099602,0.099602,0.0,1.0,0,普通大幅波动
sh.517050,2022-04-29,0.558,0.507,0.507,0.100592,0.100592,0.0,1.0,0,普通大幅波动
sh.517050,2024-02-06,0.46,0.431,0.431,0.067285,0.067285,0.0,1.0,0,普通大幅波动
sh.517050,2024-09-30,0.649,0.59,0.59,0.1,0.1,0.0,1.0,0,普通大幅波动
sh.517050,2024-10-08,0.714,0.649,0.649,0.100154,0.100154,0.0,1.0,0,普通大幅波动
sh.517080,2024-09-30,0.822,0.766,0.766,0.073107,0.073107,0.0,1.0,0,普通大幅波动
sh.517080,2024-10-09,0.804,0.861,0.861,-0.066202,-0.066202,0.0,1.0,0,普通大幅波动
sh.517090,2022-02-07,1.071,1.003,1.003,0.067797,0.067797,0.0,1.0,0,普通大幅波动
sh.517090,2022-03-15,0.924,0.99,0.99,-0.066667,-0.066667,0.0,1.0,0,普通大幅波动
sh.517090,2022-12-05,1.169,1.085,1.085,0.077419,0.077419,0.0,1.0,0,普通大幅波动
sh.517090,2024-01-25,1.289,1.212,1.212,0.063531,0.063531,0.0,1.0,0,普通大幅波动
sh.517090,2024-09-30,1.577,1.461,1.461,0.079398,0.079398,0.0,1.0,0,普通大幅波动
sh.517090,2024-10-09,1.488,1.6,1.6,-0.07,-0.07,0.0,1.0,0,普通大幅波动
sh.517090,2024-10-10,1.61,1.488,1.488,0.081989,0.081989,0.0,1.0,0,普通大幅波动
sh.517100,2024-09-30,0.821,0.758,0.758,0.083113,0.083113,0.0,1.0,0,普通大幅波动
sh.517110,2022-10-14,0.642,0.597,0.597,0.075377,0.075377,0.0,1.0,0,普通大幅波动
sh.517110,2024-02-06,0.479,0.447,0.447,0.071588,0.071588,0.0,1.0,0,普通大幅波动
sh.517110,2024-09-30,0.561,0.51,0.51,0.1,0.1,0.0,1.0,0,普通大幅波动
sh.517110,2024-10-08,0.617,0.561,0.561,0.099822,0.099822,0.0,1.0,0,普通大幅波动
sh.517110,2024-10-09,0.572,0.617,0.617,-0.072934,-0.072934,0.0,1.0,0,普通大幅波动
sh.517120,2022-10-14,0.583,0.541,0.541,0.077634,0.077634,0.0,1.0,0,普通大幅波动
sh.517120,2023-12-04,0.569,0.608,0.608,-0.064145,-0.064145,0.0,1.0,0,普通大幅波动
sh.517120,2024-02-06,0.449,0.421,0.421,0.066508,0.066508,0.0,1.0,0,普通大幅波动
sh.517120,2024-09-30,0.524,0.476,0.476,0.10084,0.10084,0.0,1.0,0,普通大幅波动
sh.517120,2024-10-08,0.573,0.524,0.524,0.093511,0.093511,0.0,1.0,0,普通大幅波动
sh.517120,2024-10-09,0.52,0.573,0.573,-0.092496,-0.092496,0.0,1.0,0,普通大幅波动
sh.517160,2024-09-30,0.713,0.648,0.648,0.100309,0.100309,0.0,1.0,0,普通大幅波动
sh.517160,2024-10-08,0.771,0.713,0.713,0.081346,0.081346,0.0,1.0,0,普通大幅波动
sh.517160,2024-10-09,0.716,0.771,0.771,-0.071336,-0.071336,0.0,1.0,0,普通大幅波动
sh.517170,2024-09-30,0.86,0.782,0.782,0.099744,0.099744,0.0,1.0,0,普通大幅波动
sh.517170,2024-10-09,0.825,0.91,0.91,-0.093407,-0.093407,0.0,1.0,0,普通大幅波动
sh.517180,2022-03-15,0.932,1.002,1.002,-0.06986,-0.06986,0.0,1.0,0,普通大幅波动
sh.517180,2024-01-25,1.382,1.276,1.276,0.083072,0.083072,0.0,1.0,0,普通大幅波动
sh.517180,2024-09-30,1.591,1.473,1.473,0.080109,0.080109,0.0,1.0,0,普通大幅波动
sh.517180,2024-10-09,1.486,1.616,1.616,-0.080446,-0.080446,0.0,1.0,0,普通大幅波动
sh.517180,2024-10-10,1.594,1.486,1.486,0.072678,0.072678,0.0,1.0,0,普通大幅波动
sh.517200,2021-07-27,0.753,0.812,0.812,-0.07266,-0.07266,0.0,1.0,0,普通大幅波动
sh.517200,2022-03-15,0.473,0.509,0.509,-0.070727,-0.070727,0.0,1.0,0,普通大幅波动
sh.517200,2022-03-16,0.52,0.473,0.473,0.099366,0.099366,0.0,1.0,0,普通大幅波动
sh.517200,2022-03-17,0.554,0.52,0.52,0.065385,0.065385,0.0,1.0,0,普通大幅波动
sh.517200,2022-04-29,0.528,0.48,0.48,0.1,0.1,0.0,1.0,0,普通大幅波动
sh.517200,2024-02-06,0.422,0.394,0.394,0.071066,0.071066,0.0,1.0,0,普通大幅波动
sh.517200,2024-09-26,0.514,0.484,0.484,0.061983,0.061983,0.0,1.0,0,普通大幅波动
sh.517200,2024-09-27,0.548,0.514,0.514,0.066148,0.066148,0.0,1.0,0,普通大幅波动
sh.517200,2024-09-30,0.603,0.548,0.548,0.100365,0.100365,0.0,1.0,0,普通大幅波动
sh.517200,2024-10-08,0.663,0.603,0.603,0.099502,0.099502,0.0,1.0,0,普通大幅波动
sh.517270,2022-03-16,0.819,0.75,0.75,0.092,0.092,0.0,1.0,0,普通大幅波动
sh.517270,2022-04-29,0.778,0.731,0.731,0.064295,0.064295,0.0,1.0,0,普通大幅波动
sh.517270,2024-01-18,0.662,0.62,0.62,0.067742,0.067742,0.0,1.0,0,普通大幅波动
sh.517270,2024-02-06,0.612,0.577,0.577,0.060659,0.060659,0.0,1.0,0,普通大幅波动
sh.517280,2022-03-15,0.691,0.747,0.747,-0.074967,-0.074967,0.0,1.0,0,普通大幅波动
sh.517280,2022-03-16,0.76,0.691,0.691,0.099855,0.099855,0.0,1.0,0,普通大幅波动
sh.517280,2022-04-29,0.773,0.711,0.711,0.087201,0.087201,0.0,1.0,0,普通大幅波动
sh.517280,2023-12-22,0.684,0.73,0.73,-0.063014,-0.063014,0.0,1.0,0,普通大幅波动
sh.517280,2024-02-06,0.595,0.561,0.561,0.060606,0.060606,0.0,1.0,0,普通大幅波动
sh.517300,2024-09-30,0.789,0.722,0.722,0.092798,0.092798,0.0,1.0,0,普通大幅波动
sh.517300,2024-10-09,0.766,0.827,0.827,-0.073761,-0.073761,0.0,1.0,0,普通大幅波动
sh.517330,2024-09-30,0.716,0.652,0.652,0.09816,0.09816,0.0,1.0,0,普通大幅波动
sh.517330,2024-10-08,0.779,0.716,0.716,0.087989,0.087989,0.0,1.0,0,普通大幅波动
sh.517350,2022-03-16,0.651,0.607,0.607,0.072488,0.072488,0.0,1.0,0,普通大幅波动
sh.517350,2022-04-29,0.635,0.578,0.578,0.098616,0.098616,0.0,1.0,0,普通大幅波动
sh.517350,2024-09-30,0.68,0.618,0.618,0.100324,0.100324,0.0,1.0,0,普通大幅波动
sh.517350,2024-10-08,0.748,0.68,0.68,0.1,0.1,0.0,1.0,0,普通大幅波动
sh.517350,2024-10-09,0.692,0.748,0.748,-0.074866,-0.074866,0.0,1.0,0,普通大幅波动
sh.517360,2022-03-16,0.727,0.682,0.682,0.065982,0.065982,0.0,1.0,0,普通大幅波动
sh.517360,2024-09-30,0.87,0.793,0.793,0.0971,0.0971,0.0,1.0,0,普通大幅波动
sh.517360,2024-10-08,0.955,0.87,0.87,0.097701,0.097701,0.0,1.0,0,普通大幅波动
sh.517360,2024-10-09,0.869,0.955,0.955,-0.090052,-0.090052,0.0,1.0,0,普通大幅波动
sh.517380,2022-03-16,0.67,0.632,0.632,0.060127,0.060127,0.0,1.0,0,普通大幅波动
sh.517380,2022-07-04,0.777,0.723,0.723,0.074689,0.074689,0.0,1.0,0,普通大幅波动
sh.517380,2022-10-14,0.613,0.569,0.569,0.077329,0.077329,0.0,1.0,0,普通大幅波动
sh.517380,2024-01-26,0.484,0.519,0.519,-0.067437,-0.067437,0.0,1.0,0,普通大幅波动
sh.517380,2024-02-06,0.462,0.429,0.429,0.076923,0.076923,0.0,1.0,0,普通大幅波动
sh.517380,2024-09-30,0.549,0.499,0.499,0.1002,0.1002,0.0,1.0,0,普通大幅波动
sh.517380,2024-10-08,0.603,0.549,0.549,0.098361,0.098361,0.0,1.0,0,普通大幅波动
sh.517380,2024-10-09,0.561,0.603,0.603,-0.069652,-0.069652,0.0,1.0,0,普通大幅波动
sh.517390,2022-04-29,0.691,0.632,0.632,0.093354,0.093354,0.0,1.0,0,普通大幅波动
sh.517390,2024-02-06,0.658,0.615,0.615,0.069919,0.069919,0.0,1.0,0,普通大幅波动
sh.517390,2024-09-30,0.882,0.802,0.802,0.099751,0.099751,0.0,1.0,0,普通大幅波动
sh.517390,2024-10-08,0.97,0.882,0.882,0.099773,0.099773,0.0,1.0,0,普通大幅波动
sh.517400,2024-09-30,1.021,0.948,0.948,0.077004,0.077004,0.0,1.0,0,普通大幅波动
sh.517400,2024-10-09,0.933,1.01,1.01,-0.076238,-0.076238,0.0,1.0,0,普通大幅波动
sh.517500,2022-03-15,0.891,0.96,,,-0.071875,,,,普通大幅波动
sh.517500,2022-03-16,0.959,0.891,0.891,0.076319,0.076319,0.0,1.0,0,普通大幅波动
sh.517500,2022-04-29,0.894,0.84,0.84,0.064286,0.064286,0.0,1.0,0,普通大幅波动
sh.517500,2023-03-17,1.145,1.063,1.063,0.07714,0.07714,0.0,1.0,0,普通大幅波动
sh.517500,2023-03-24,1.368,1.256,1.256,0.089172,0.089172,0.0,1.0,0,普通大幅波动
sh.517500,2023-03-31,1.389,1.305,1.305,0.064368,0.064368,0.0,1.0,0,普通大幅波动
sh.517500,2023-04-03,1.498,1.389,1.389,0.078474,0.078474,0.0,1.0,0,普通大幅波动
sh.517500,2023-04-28,1.641,1.514,1.514,0.083884,0.083884,0.0,1.0,0,普通大幅波动
sh.517500,2023-06-21,1.598,1.734,1.734,-0.078431,-0.078431,0.0,1.0,0,普通大幅波动
sh.517500,2023-11-06,1.261,1.169,1.169,0.0787,0.0787,0.0,1.0,0,普通大幅波动
sh.517520,2024-05-20,1.39,1.307,1.307,0.063504,0.063504,0.0,1.0,0,普通大幅波动
sh.517520,2024-09-30,1.27,1.185,1.185,0.07173,0.07173,0.0,1.0,0,普通大幅波动
sh.517520,2024-10-09,1.156,1.252,1.252,-0.076677,-0.076677,0.0,1.0,0,普通大幅波动
sh.517550,2022-03-14,0.776,0.826,0.826,-0.060533,-0.060533,0.0,1.0,0,普通大幅波动
sh.517550,2022-03-16,0.795,0.741,0.741,0.072874,0.072874,0.0,1.0,0,普通大幅波动
sh.517550,2022-11-01,0.706,0.665,0.665,0.061654,0.061654,0.0,1.0,0,普通大幅波动
sh.517550,2024-09-26,0.702,0.653,0.653,0.075038,0.075038,0.0,1.0,0,普通大幅波动
sh.517550,2024-09-27,0.772,0.702,0.702,0.099715,0.099715,0.0,1.0,0,普通大幅波动
sh.517550,2024-09-30,0.849,0.772,0.772,0.099741,0.099741,0.0,1.0,0,普通大幅波动
sh.517550,2024-10-09,0.756,0.84,0.84,-0.1,-0.1,0.0,1.0,0,普通大幅波动
sh.517660,2022-03-16,0.798,0.748,0.748,0.066845,0.066845,0.0,1.0,0,普通大幅波动
sh.517660,2024-09-30,0.875,0.801,0.801,0.092385,0.092385,0.0,1.0,0,普通大幅波动
sh.517660,2024-10-08,0.956,0.875,0.875,0.092571,0.092571,0.0,1.0,0,普通大幅波动
sh.517760,2022-11-01,0.865,0.802,0.802,0.078554,0.078554,0.0,1.0,0,普通大幅波动
sh.517760,2022-11-04,0.908,0.853,0.853,0.064478,0.064478,0.0,1.0,0,普通大幅波动
sh.517770,2022-03-15,0.732,0.793,0.793,-0.076923,-0.076923,0.0,1.0,0,普通大幅波动
sh.517770,2022-03-16,0.803,0.732,0.732,0.096995,0.096995,0.0,1.0,0,普通大幅波动
sh.517770,2022-04-29,0.793,0.728,0.728,0.089286,0.089286,0.0,1.0,0,普通大幅波动
sh.517770,2023-04-28,1.075,1.014,1.014,0.060158,0.060158,0.0,1.0,0,普通大幅波动
sh.517770,2023-07-13,1.049,0.989,0.989,0.060667,0.060667,0.0,1.0,0,普通大幅波动
sh.517770,2023-12-22,0.829,0.89,0.89,-0.068539,-0.068539,0.0,1.0,0,普通大幅波动
sh.517770,2024-09-26,0.806,0.76,0.76,0.060526,0.060526,0.0,1.0,0,普通大幅波动
sh.517770,2024-09-27,0.887,0.806,0.806,0.100496,0.100496,0.0,1.0,0,普通大幅波动
sh.517770,2024-09-30,0.976,0.887,0.887,0.100338,0.100338,0.0,1.0,0,普通大幅波动
sh.517770,2024-10-09,0.929,1.032,1.032,-0.099806,-0.099806,0.0,1.0,0,普通大幅波动
sh.517800,2022-03-16,0.702,0.657,0.657,0.068493,0.068493,0.0,1.0,0,普通大幅波动
sh.517800,2022-04-29,0.66,0.608,0.608,0.085526,0.085526,0.0,1.0,0,普通大幅波动
sh.517800,2023-03-23,0.815,0.741,0.741,0.099865,0.099865,0.0,1.0,0,普通大幅波动
sh.517800,2024-09-30,0.647,0.588,0.588,0.10034,0.10034,0.0,1.0,0,普通大幅波动
sh.517800,2024-10-08,0.712,0.647,0.647,0.100464,0.100464,0.0,1.0,0,普通大幅波动
sh.517800,2024-10-18,0.699,0.656,0.656,0.065549,0.065549,0.0,1.0,0,普通大幅波动
sh.517850,2024-09-30,0.727,0.661,0.661,0.099849,0.099849,0.0,1.0,0,普通大幅波动
sh.517850,2024-10-08,0.8,0.727,0.727,0.100413,0.100413,0.0,1.0,0,普通大幅波动
sh.517850,2024-10-09,0.88,0.8,0.8,0.1,0.1,0.0,1.0,0,普通大幅波动
sh.517850,2024-10-10,0.826,0.88,0.88,-0.061364,-0.061364,0.0,1.0,0,普通大幅波动
sh.517850,2024-10-18,0.827,0.752,0.752,0.099734,0.099734,0.0,1.0,0,普通大幅波动
sh.517880,2022-03-15,0.749,0.8,0.8,-0.06375,-0.06375,0.0,1.0,0,普通大幅波动
sh.517880,2022-03-16,0.801,0.749,0.749,0.069426,0.069426,0.0,1.0,0,普通大幅波动
sh.517880,2024-09-26,0.839,0.788,0.788,0.064721,0.064721,0.0,1.0,0,普通大幅波动
sh.517880,2024-09-30,0.962,0.876,0.876,0.098174,0.098174,0.0,1.0,0,普通大幅波动
sh.517880,2024-10-09,0.901,0.973,0.973,-0.073998,-0.073998,0.0,1.0,0,普通大幅波动
sh.517900,2024-12-25,1.387,1.297,1.297,0.069391,0.069391,0.0,1.0,0,普通大幅波动
sh.517900,2024-12-27,1.312,1.402,1.402,-0.064194,-0.064194,0.0,1.0,0,普通大幅波动
sh.517990,2022-10-14,0.982,0.914,0.914,0.074398,0.074398,0.0,1.0,0,普通大幅波动
sh.517990,2024-02-06,0.724,0.681,0.681,0.063142,0.063142,0.0,1.0,0,普通大幅波动
sh.517990,2024-09-27,0.745,0.698,0.698,0.067335,0.067335,0.0,1.0,0,普通大幅波动
sh.517990,2024-09-30,0.82,0.745,0.745,0.100671,0.100671,0.0,1.0,0,普通大幅波动
sh.517990,2024-10-08,0.902,0.82,0.82,0.1,0.1,0.0,1.0,0,普通大幅波动
sh.517990,2024-10-09,0.837,0.902,0.902,-0.072062,-0.072062,0.0,1.0,0,普通大幅波动
sh.518660,2020-08-12,4.039,4.312,4.312,-0.063312,-0.063312,0.0,1.0,0,普通大幅波动
sh.518850,2020-08-12,4.039,4.328,4.328,-0.066774,-0.066774,0.0,1.0,0,普通大幅波动
sh.518880,2020-08-12,3.989,4.253,4.253,-0.062074,-0.062074,0.0,1.0,0,普通大幅波动
sh.518890,2022-07-13,3.704,3.947,3.947,-0.061566,-0.061566,0.0,1.0,0,普通大幅波动
sh.520830,2024-07-16,1.078,0.98,,,0.1,,,,普通大幅波动
sh.520830,2024-07-17,1.186,1.078,1.078,0.100186,0.100186,0.0,1.0,0,普通大幅波动
sh.520830,2024-07-18,1.102,1.186,1.186,-0.070826,-0.070826,0.0,1.0,0,普通大幅波动
sh.520830,2024-08-05,0.944,1.005,1.005,-0.060697,-0.060697,0.0,1.0,0,普通大幅波动
sh.520890,2024-10-09,1.11,1.191,1.191,-0.06801,-0.06801,0.0,1.0,0,普通大幅波动
sh.520890,2024-12-26,1.364,1.24,1.24,0.1,0.1,0.0,1.0,0,普通大幅波动
sh.520890,2024-12-27,1.228,1.364,1.364,-0.099707,-0.099707,0.0,1.0,0,普通大幅波动
sh.530000,2024-09-30,1.283,1.168,1.168,0.098459,0.098459,0.0,1.0,0,普通大幅波动
sh.530000,2024-10-09,1.197,1.297,1.297,-0.077101,-0.077101,0.0,1.0,0,普通大幅波动
sh.560000,2022-04-11,0.78,0.833,0.833,-0.063625,-0.063625,0.0,1.0,0,普通大幅波动
sh.560000,2022-04-25,0.686,0.737,0.737,-0.069199,-0.069199,0.0,1.0,0,普通大幅波动
sh.560000,2022-04-27,0.722,0.675,0.675,0.06963,0.06963,0.0,1.0,0,普通大幅波动
sh.560000,2024-09-30,0.646,0.587,0.587,0.100511,0.100511,0.0,1.0,0,普通大幅波动
sh.560000,2024-10-08,0.711,0.646,0.646,0.100619,0.100619,0.0,1.0,0,普通大幅波动
sh.560000,2024-10-11,0.638,0.68,0.68,-0.061765,-0.061765,0.0,1.0,0,普通大幅波动
sh.560010,2022-09-14,2.728,2.761,0.977,1.792221,-0.011952,1.825998,0.3539,1,拆分合并型
sh.560010,2024-02-05,1.721,1.834,1.834,-0.061614,-0.061614,0.0,1.0,0,普通大幅波动
sh.560010,2024-02-06,1.843,1.721,1.721,0.070889,0.070889,0.0,1.0,0,普通大幅波动
sh.560010,2024-09-27,2.163,1.997,1.997,0.083125,0.083125,0.0,1.0,0,普通大幅波动
sh.560010,2024-09-30,2.364,2.163,2.163,0.092926,0.092926,0.0,1.0,0,普通大幅波动
sh.560010,2024-10-08,2.536,2.364,2.364,0.072758,0.072758,0.0,1.0,0,普通大幅波动
sh.560010,2024-10-09,2.329,2.536,2.536,-0.081625,-0.081625,0.0,1.0,0,普通大幅波动
sh.560020,2024-09-30,1.17,1.067,1.067,0.096532,0.096532,0.0,1.0,0,普通大幅波动
sh.560020,2024-10-09,1.071,1.164,1.164,-0.079897,-0.079897,0.0,1.0,0,普通大幅波动
sh.560030,2024-09-30,1.211,1.12,1.12,0.08125,0.08125,0.0,1.0,0,普通大幅波动
sh.560030,2024-10-08,1.3,1.211,1.211,0.073493,0.073493,0.0,1.0,0,普通大幅波动
sh.560030,2024-10-09,1.174,1.3,1.3,-0.096923,-0.096923,0.0,1.0,0,普通大幅波动
sh.560050,2024-09-30,0.874,0.798,0.798,0.095238,0.095238,0.0,1.0,0,普通大幅波动
sh.560050,2024-10-09,0.846,0.915,0.915,-0.07541,-0.07541,0.0,1.0,0,普通大幅波动
sh.560060,2024-09-30,0.784,0.713,0.713,0.099579,0.099579,0.0,1.0,0,普通大幅波动
sh.560060,2024-10-08,0.844,0.784,0.784,0.076531,0.076531,0.0,1.0,0,普通大幅波动
sh.560060,2024-10-09,0.768,0.844,0.844,-0.090047,-0.090047,0.0,1.0,0,普通大幅波动
sh.560070,2024-09-30,1.116,1.025,1.025,0.08878,0.08878,0.0,1.0,0,普通大幅波动
sh.560070,2024-10-09,1.063,1.146,1.146,-0.072426,-0.072426,0.0,1.0,0,普通大幅波动
sh.560080,2022-11-14,1.257,1.176,1.176,0.068878,0.068878,0.0,1.0,0,普通大幅波动
sh.560080,2024-02-06,1.036,0.975,0.975,0.062564,0.062564,0.0,1.0,0,普通大幅波动
sh.560080,2024-09-30,1.172,1.065,1.065,0.100469,0.100469,0.0,1.0,0,普通大幅波动
sh.560080,2024-10-08,1.256,1.172,1.172,0.071672,0.071672,0.0,1.0,0,普通大幅波动
sh.560080,2024-10-09,1.13,1.256,1.256,-0.100318,-0.100318,0.0,1.0,0,普通大幅波动
sh.560090,2023-07-28,1.102,1.019,1.019,0.081452,0.081452,0.0,1.0,0,普通大幅波动
sh.560090,2024-04-26,0.959,0.898,0.898,0.067929,0.067929,0.0,1.0,0,普通大幅波动
sh.560090,2024-09-24,0.94,0.885,0.885,0.062147,0.062147,0.0,1.0,0,普通大幅波动
sh.560090,2024-09-26,1.031,0.962,0.962,0.071726,0.071726,0.0,1.0,0,普通大幅波动
sh.560090,2024-09-27,1.134,1.031,1.031,0.099903,0.099903,0.0,1.0,0,普通大幅波动
sh.560090,2024-09-30,1.247,1.134,1.134,0.099647,0.099647,0.0,1.0,0,普通大幅波动
sh.560090,2024-10-08,1.372,1.247,1.247,0.100241,0.100241,0.0,1.0,0,普通大幅波动
sh.560090,2024-10-09,1.287,1.372,1.372,-0.061953,-0.061953,0.0,1.0,0,普通大幅波动
sh.560090,2024-10-10,1.203,1.287,1.287,-0.065268,-0.065268,0.0,1.0,0,普通大幅波动
sh.560090,2024-10-18,1.261,1.168,1.168,0.079623,0.079623,0.0,1.0,0,普通大幅波动
sh.560090,2024-11-07,1.481,1.351,1.351,0.096225,0.096225,0.0,1.0,0,普通大幅波动
sh.560100,2022-04-25,0.821,0.875,0.875,-0.061714,-0.061714,0.0,1.0,0,普通大幅波动
sh.560100,2024-02-06,0.787,0.737,0.737,0.067843,0.067843,0.0,1.0,0,普通大幅波动
sh.560100,2024-09-30,0.979,0.892,0.892,0.097534,0.097534,0.0,1.0,0,普通大幅波动
sh.560100,2024-10-08,1.05,0.979,0.979,0.072523,0.072523,0.0,1.0,0,普通大幅波动
sh.560100,2024-10-09,0.952,1.05,1.05,-0.093333,-0.093333,0.0,1.0,0,普通大幅波动
sh.560110,2024-02-05,0.616,0.666,0.666,-0.075075,-0.075075,0.0,1.0,0,普通大幅波动
sh.560110,2024-02-06,0.668,0.616,0.616,0.084416,0.084416,0.0,1.0,0,普通大幅波动
sh.560110,2024-09-27,0.764,0.718,0.718,0.064067,0.064067,0.0,1.0,0,普通大幅波动
sh.560110,2024-09-30,0.84,0.764,0.764,0.099476,0.099476,0.0,1.0,0,普通大幅波动
sh.560110,2024-10-08,0.909,0.84,0.84,0.082143,0.082143,0.0,1.0,0,普通大幅波动
sh.560110,2024-10-09,0.842,0.909,0.909,-0.073707,-0.073707,0.0,1.0,0,普通大幅波动
sh.560150,2024-09-30,1.121,1.052,1.052,0.065589,0.065589,0.0,1.0,0,普通大幅波动
sh.560150,2024-10-09,1.054,1.132,1.132,-0.068905,-0.068905,0.0,1.0,0,普通大幅波动
sh.560170,2024-02-06,0.691,0.648,0.648,0.066358,0.066358,0.0,1.0,0,普通大幅波动
sh.560170,2024-09-30,0.827,0.752,0.752,0.099734,0.099734,0.0,1.0,0,普通大幅波动
sh.560170,2024-10-08,0.91,0.827,0.827,0.100363,0.100363,0.0,1.0,0,普通大幅波动
sh.560180,2024-09-30,1.03,0.944,0.944,0.091102,0.091102,0.0,1.0,0,普通大幅波动
sh.560180,2024-10-08,1.104,1.03,1.03,0.071845,0.071845,0.0,1.0,0,普通大幅波动
sh.560180,2024-10-09,1.016,1.104,1.104,-0.07971,-0.07971,0.0,1.0,0,普通大幅波动
sh.560220,2024-02-05,0.707,0.778,0.778,-0.09126,-0.09126,0.0,1.0,0,普通大幅波动
sh.560220,2024-02-08,0.774,0.704,0.704,0.099432,0.099432,0.0,1.0,0,普通大幅波动
sh.560220,2024-02-23,0.902,0.841,0.841,0.072533,0.072533,0.0,1.0,0,普通大幅波动
sh.560220,2024-02-28,0.852,0.913,0.913,-0.066813,-0.066813,0.0,1.0,0,普通大幅波动
sh.560220,2024-04-16,0.812,0.873,0.873,-0.069874,-0.069874,0.0,1.0,0,普通大幅波动
sh.560220,2024-04-17,0.864,0.812,0.812,0.064039,0.064039,0.0,1.0,0,普通大幅波动
sh.560220,2024-09-30,0.97,0.885,0.885,0.096045,0.096045,0.0,1.0,0,普通大幅波动
sh.560220,2024-10-08,1.067,0.97,0.97,0.1,0.1,0.0,1.0,0,普通大幅波动
sh.560220,2024-10-09,0.972,1.067,1.067,-0.089035,-0.089035,0.0,1.0,0,普通大幅波动
sh.560260,2024-02-06,0.848,0.787,0.787,0.07751,0.07751,0.0,1.0,0,普通大幅波动
sh.560260,2024-09-27,0.789,0.735,0.735,0.073469,0.073469,0.0,1.0,0,普通大幅波动
sh.560260,2024-09-30,0.868,0.789,0.789,0.100127,0.100127,0.0,1.0,0,普通大幅波动
sh.560260,2024-10-08,0.955,0.868,0.868,0.10023,0.10023,0.0,1.0,0,普通大幅波动
sh.560280,2024-09-30,1.239,1.129,1.129,0.097431,0.097431,0.0,1.0,0,普通大幅波动
sh.560280,2024-10-09,1.148,1.274,1.274,-0.098901,-0.098901,0.0,1.0,0,普通大幅波动
sh.560300,2024-09-30,1.219,1.11,1.11,0.098198,0.098198,0.0,1.0,0,普通大幅波动
sh.560300,2024-10-08,1.341,1.219,1.219,0.100082,0.100082,0.0,1.0,0,普通大幅波动
sh.560330,2024-09-30,1.18,1.076,1.076,0.096654,0.096654,0.0,1.0,0,普通大幅波动
sh.560330,2024-10-08,1.26,1.18,1.18,0.067797,0.067797,0.0,1.0,0,普通大幅波动
sh.560330,2024-10-09,1.134,1.26,1.26,-0.1,-0.1,0.0,1.0,0,普通大幅波动
sh.560350,2024-09-30,1.196,1.091,1.091,0.096242,0.096242,0.0,1.0,0,普通大幅波动
sh.560350,2024-10-09,1.148,1.252,1.252,-0.083067,-0.083067,0.0,1.0,0,普通大幅波动
sh.560360,2024-09-27,1.039,0.967,0.967,0.074457,0.074457,0.0,1.0,0,普通大幅波动
sh.560360,2024-09-30,1.143,1.039,1.039,0.100096,0.100096,0.0,1.0,0,普通大幅波动
sh.560360,2024-10-08,1.257,1.143,1.143,0.099738,0.099738,0.0,1.0,0,普通大幅波动
sh.560360,2024-10-10,1.224,1.313,1.313,-0.067784,-0.067784,0.0,1.0,0,普通大幅波动
sh.560360,2024-10-14,1.268,1.185,1.185,0.070042,0.070042,0.0,1.0,0,普通大幅波动
sh.560360,2024-11-05,1.406,1.3,1.3,0.081538,0.081538,0.0,1.0,0,普通大幅波动
sh.560500,2022-03-15,0.92,0.981,0.981,-0.062181,-0.062181,0.0,1.0,0,普通大幅波动
sh.560500,2024-02-06,0.768,0.722,0.722,0.063712,0.063712,0.0,1.0,0,普通大幅波动
sh.560500,2024-09-30,0.95,0.867,0.867,0.095732,0.095732,0.0,1.0,0,普通大幅波动
sh.560500,2024-10-08,1.008,0.95,0.95,0.061053,0.061053,0.0,1.0,0,普通大幅波动
sh.560520,2024-09-24,0.968,0.912,0.912,0.061404,0.061404,0.0,1.0,0,普通大幅波动
sh.560520,2024-09-30,1.082,1.0,1.0,0.082,0.082,0.0,1.0,0,普通大幅波动
sh.560520,2024-10-09,1.018,1.115,1.115,-0.086996,-0.086996,0.0,1.0,0,普通大幅波动
sh.560550,2024-09-30,0.798,0.726,0.726,0.099174,0.099174,0.0,1.0,0,普通大幅波动
sh.560550,2024-10-08,0.85,0.798,0.798,0.065163,0.065163,0.0,1.0,0,普通大幅波动
sh.560550,2024-10-09,0.78,0.85,0.85,-0.082353,-0.082353,0.0,1.0,0,普通大幅波动
sh.560560,2022-04-27,0.725,0.683,0.683,0.061493,0.061493,0.0,1.0,0,普通大幅波动
sh.560560,2024-09-30,0.592,0.538,0.538,0.100372,0.100372,0.0,1.0,0,普通大幅波动
sh.560560,2024-10-08,0.651,0.592,0.592,0.099662,0.099662,0.0,1.0,0,普通大幅波动
sh.560560,2024-10-09,0.605,0.651,0.651,-0.070661,-0.070661,0.0,1.0,0,普通大幅波动
sh.560580,2024-09-30,1.138,1.037,1.037,0.097396,0.097396,0.0,1.0,0,普通大幅波动
sh.560580,2024-10-09,1.058,1.128,1.128,-0.062057,-0.062057,0.0,1.0,0,普通大幅波动
sh.560590,2024-02-05,0.738,0.791,0.791,-0.067004,-0.067004,0.0,1.0,0,普通大幅波动
sh.560590,2024-02-06,0.787,0.738,0.738,0.066396,0.066396,0.0,1.0,0,普通大幅波动
sh.560590,2024-09-27,0.96,0.892,0.892,0.076233,0.076233,0.0,1.0,0,普通大幅波动
sh.560590,2024-09-30,1.056,0.96,0.96,0.1,0.1,0.0,1.0,0,普通大幅波动
sh.560590,2024-10-09,1.033,1.115,1.115,-0.073543,-0.073543,0.0,1.0,0,普通大幅波动
sh.560590,2024-10-18,1.042,0.981,0.981,0.062181,0.062181,0.0,1.0,0,普通大幅波动
sh.560600,2022-10-14,0.873,0.807,0.807,0.081784,0.081784,0.0,1.0,0,普通大幅波动
sh.560650,2024-09-30,0.84,0.764,0.764,0.099476,0.099476,0.0,1.0,0,普通大幅波动
sh.560650,2024-10-08,0.924,0.84,0.84,0.1,0.1,0.0,1.0,0,普通大幅波动
sh.560650,2024-10-09,0.838,0.924,0.924,-0.093074,-0.093074,0.0,1.0,0,普通大幅波动
sh.560650,2024-10-18,0.83,0.782,0.782,0.061381,0.061381,0.0,1.0,0,普通大幅波动
sh.560660,2022-01-17,0.971,0.914,0.914,0.062363,0.062363,0.0,1.0,0,普通大幅波动
sh.560660,2022-04-25,0.603,0.645,0.645,-0.065116,-0.065116,0.0,1.0,0,普通大幅波动
sh.560660,2022-04-29,0.637,0.594,0.594,0.072391,0.072391,0.0,1.0,0,普通大幅波动
sh.560660,2023-04-03,1.143,1.072,1.072,0.066231,0.066231,0.0,1.0,0,普通大幅波动
sh.560660,2023-06-26,1.128,1.209,1.209,-0.066998,-0.066998,0.0,1.0,0,普通大幅波动
sh.560660,2024-02-06,0.672,0.624,0.624,0.076923,0.076923,0.0,1.0,0,普通大幅波动
sh.560660,2024-02-19,0.781,0.712,0.712,0.09691,0.09691,0.0,1.0,0,普通大幅波动
sh.560660,2024-02-27,0.849,0.793,0.793,0.070618,0.070618,0.0,1.0,0,普通大幅波动
sh.560660,2024-09-30,0.912,0.829,0.829,0.100121,0.100121,0.0,1.0,0,普通大幅波动
sh.560660,2024-10-08,1.003,0.912,0.912,0.099781,0.099781,0.0,1.0,0,普通大幅波动
sh.560680,2024-09-24,0.775,0.731,0.731,0.060192,0.060192,0.0,1.0,0,普通大幅波动
sh.560680,2024-09-26,0.856,0.779,0.779,0.098845,0.098845,0.0,1.0,0,普通大幅波动
sh.560680,2024-09-27,0.942,0.856,0.856,0.100467,0.100467,0.0,1.0,0,普通大幅波动
sh.560680,2024-09-30,1.035,0.942,0.942,0.098726,0.098726,0.0,1.0,0,普通大幅波动
sh.560680,2024-10-09,0.91,1.011,1.011,-0.099901,-0.099901,0.0,1.0,0,普通大幅波动
sh.560680,2024-11-07,0.989,0.93,0.93,0.063441,0.063441,0.0,1.0,0,普通大幅波动
sh.560690,2024-09-30,1.164,1.058,1.058,0.100189,0.100189,0.0,1.0,0,普通大幅波动
sh.560690,2024-10-08,1.28,1.164,1.164,0.099656,0.099656,0.0,1.0,0,普通大幅波动
sh.560700,2024-09-30,1.126,1.046,1.046,0.076482,0.076482,0.0,1.0,0,普通大幅波动
sh.560700,2024-10-09,1.055,1.155,1.155,-0.08658,-0.08658,0.0,1.0,0,普通大幅波动
sh.560780,2024-02-29,0.919,0.851,0.851,0.079906,0.079906,0.0,1.0,0,普通大幅波动
sh.560780,2024-09-27,0.876,0.821,0.821,0.066991,0.066991,0.0,1.0,0,普通大幅波动
sh.560780,2024-09-30,0.964,0.876,0.876,0.100457,0.100457,0.0,1.0,0,普通大幅波动
sh.560780,2024-10-08,1.06,0.964,0.964,0.099585,0.099585,0.0,1.0,0,普通大幅波动
sh.560780,2024-10-09,1.155,1.06,1.06,0.089623,0.089623,0.0,1.0,0,普通大幅波动
sh.560780,2024-10-11,1.02,1.088,1.088,-0.0625,-0.0625,0.0,1.0,0,普通大幅波动
sh.560780,2024-10-18,1.113,1.012,1.012,0.099802,0.099802,0.0,1.0,0,普通大幅波动
sh.560780,2024-11-08,1.298,1.214,1.214,0.069193,0.069193,0.0,1.0,0,普通大幅波动
sh.560800,2022-04-27,0.661,0.621,0.621,0.064412,0.064412,0.0,1.0,0,普通大幅波动
sh.560800,2024-09-27,0.566,0.527,0.527,0.074004,0.074004,0.0,1.0,0,普通大幅波动
sh.560800,2024-09-30,0.623,0.566,0.566,0.100707,0.100707,0.0,1.0,0,普通大幅波动
sh.560800,2024-10-08,0.685,0.623,0.623,0.099518,0.099518,0.0,1.0,0,普通大幅波动
sh.560800,2024-10-09,0.742,0.685,0.685,0.083212,0.083212,0.0,1.0,0,普通大幅波动
sh.560800,2024-10-18,0.722,0.656,0.656,0.10061,0.10061,0.0,1.0,0,普通大幅波动
sh.560850,2024-09-27,0.957,0.892,0.892,0.07287,0.07287,0.0,1.0,0,普通大幅波动
sh.560850,2024-09-30,1.053,0.957,0.957,0.100313,0.100313,0.0,1.0,0,普通大幅波动
sh.560850,2024-10-08,1.158,1.053,1.053,0.099715,0.099715,0.0,1.0,0,普通大幅波动
sh.560850,2024-10-18,1.188,1.12,1.12,0.060714,0.060714,0.0,1.0,0,普通大幅波动
sh.560850,2024-11-05,1.244,1.173,1.173,0.060529,0.060529,0.0,1.0,0,普通大幅波动
sh.560850,2024-11-11,1.459,1.326,1.326,0.100302,0.100302,0.0,1.0,0,普通大幅波动
sh.560860,2024-02-06,0.693,0.65,0.65,0.066154,0.066154,0.0,1.0,0,普通大幅波动
sh.560860,2024-09-30,0.874,0.806,0.806,0.084367,0.084367,0.0,1.0,0,普通大幅波动
sh.560860,2024-10-09,0.817,0.908,0.908,-0.10022,-0.10022,0.0,1.0,0,普通大幅波动
sh.560880,2022-04-29,1.002,0.945,0.945,0.060317,0.060317,0.0,1.0,0,普通大幅波动
sh.560880,2024-09-30,1.368,1.285,1.285,0.064591,0.064591,0.0,1.0,0,普通大幅波动
sh.560880,2024-10-09,1.316,1.435,1.435,-0.082927,-0.082927,0.0,1.0,0,普通大幅波动
sh.560900,2022-10-14,0.992,0.923,0.923,0.074756,0.074756,0.0,1.0,0,普通大幅波动
sh.560900,2022-10-26,1.006,0.948,0.948,0.061181,0.061181,0.0,1.0,0,普通大幅波动
sh.560900,2024-01-05,0.95,0.865,0.865,0.098266,0.098266,0.0,1.0,0,普通大幅波动
sh.560900,2024-01-08,0.855,0.95,0.95,-0.1,-0.1,0.0,1.0,0,普通大幅波动
sh.560900,2024-02-06,0.717,0.655,0.655,0.094656,0.094656,0.0,1.0,0,普通大幅波动
sh.560900,2024-09-27,0.755,0.688,0.688,0.097384,0.097384,0.0,1.0,0,普通大幅波动
sh.560900,2024-09-30,0.831,0.755,0.755,0.100662,0.100662,0.0,1.0,0,普通大幅波动
sh.560900,2024-10-08,0.914,0.831,0.831,0.09988,0.09988,0.0,1.0,0,普通大幅波动
sh.560900,2024-10-09,0.832,0.914,0.914,-0.089716,-0.089716,0.0,1.0,0,普通大幅波动
sh.560950,2024-02-06,0.829,0.775,0.775,0.069677,0.069677,0.0,1.0,0,普通大幅波动
sh.560950,2024-09-30,1.078,0.98,0.98,0.1,0.1,0.0,1.0,0,普通大幅波动
sh.560950,2024-10-09,1.036,1.119,1.119,-0.074173,-0.074173,0.0,1.0,0,普通大幅波动
sh.560960,2024-09-30,0.813,0.739,0.739,0.100135,0.100135,0.0,1.0,0,普通大幅波动
sh.560960,2024-10-08,0.889,0.813,0.813,0.093481,0.093481,0.0,1.0,0,普通大幅波动
sh.560960,2024-10-09,0.813,0.889,0.889,-0.085489,-0.085489,0.0,1.0,0,普通大幅波动
sh.560980,2022-12-26,0.904,0.851,0.851,0.06228,0.06228,0.0,1.0,0,普通大幅波动
sh.560980,2023-04-26,0.891,0.835,0.835,0.067066,0.067066,0.0,1.0,0,普通大幅波动
sh.560980,2023-12-28,0.602,0.547,0.547,0.100548,0.100548,0.0,1.0,0,普通大幅波动
sh.560980,2024-01-29,0.525,0.564,0.564,-0.069149,-0.069149,0.0,1.0,0,普通大幅波动
sh.560980,2024-05-22,0.547,0.513,0.513,0.066277,0.066277,0.0,1.0,0,普通大幅波动
sh.560980,2024-09-27,0.479,0.447,0.447,0.071588,0.071588,0.0,1.0,0,普通大幅波动
sh.560980,2024-09-30,0.527,0.479,0.479,0.100209,0.100209,0.0,1.0,0,普通大幅波动
sh.560980,2024-10-08,0.58,0.527,0.527,0.100569,0.100569,0.0,1.0,0,普通大幅波动
sh.560980,2024-10-09,0.542,0.58,0.58,-0.065517,-0.065517,0.0,1.0,0,普通大幅波动
sh.560980,2024-10-25,0.598,0.547,0.547,0.093236,0.093236,0.0,1.0,0,普通大幅波动
sh.560990,2024-09-30,0.814,0.74,0.74,0.1,0.1,0.0,1.0,0,普通大幅波动
sh.560990,2024-10-08,0.895,0.814,0.814,0.099509,0.099509,0.0,1.0,0,普通大幅波动
sh.561000,2024-09-30,1.136,1.033,1.033,0.09971,0.09971,0.0,1.0,0,普通大幅波动
sh.561000,2024-10-08,1.25,1.136,1.136,0.100352,0.100352,0.0,1.0,0,普通大幅波动
sh.561000,2024-10-09,1.159,1.25,1.25,-0.0728,-0.0728,0.0,1.0,0,普通大幅波动
sh.561010,2024-02-05,0.663,0.713,0.713,-0.070126,-0.070126,0.0,1.0,0,普通大幅波动
sh.561010,2024-02-06,0.713,0.663,0.663,0.075415,0.075415,0.0,1.0,0,普通大幅波动
sh.561010,2024-02-08,0.764,0.72,0.72,0.061111,0.061111,0.0,1.0,0,普通大幅波动
sh.561010,2024-09-27,0.805,0.732,0.732,0.099727,0.099727,0.0,1.0,0,普通大幅波动
sh.561010,2024-09-30,0.886,0.805,0.805,0.100621,0.100621,0.0,1.0,0,普通大幅波动
sh.561010,2024-10-08,0.975,0.886,0.886,0.100451,0.100451,0.0,1.0,0,普通大幅波动
sh.561010,2024-10-14,0.977,0.901,0.901,0.084351,0.084351,0.0,1.0,0,普通大幅波动
sh.561010,2024-10-18,1.031,0.97,0.97,0.062887,0.062887,0.0,1.0,0,普通大幅波动
sh.561010,2024-11-01,0.973,1.04,1.04,-0.064423,-0.064423,0.0,1.0,0,普通大幅波动
sh.561010,2024-11-05,1.071,0.997,0.997,0.074223,0.074223,0.0,1.0,0,普通大幅波动
sh.561010,2024-11-18,1.033,1.11,1.11,-0.069369,-0.069369,0.0,1.0,0,普通大幅波动
sh.561060,2024-09-30,1.15,1.06,1.06,0.084906,0.084906,0.0,1.0,0,普通大幅波动
sh.561060,2024-10-09,1.043,1.159,1.159,-0.100086,-0.100086,0.0,1.0,0,普通大幅波动
sh.561060,2024-10-11,1.175,1.09,1.09,0.077982,0.077982,0.0,1.0,0,普通大幅波动
sh.561060,2024-10-14,1.103,1.175,1.175,-0.061277,-0.061277,0.0,1.0,0,普通大幅波动
sh.561100,2022-04-25,0.659,0.71,0.71,-0.071831,-0.071831,0.0,1.0,0,普通大幅波动
sh.561100,2022-04-27,0.683,0.639,0.639,0.068858,0.068858,0.0,1.0,0,普通大幅波动
sh.561100,2024-02-06,0.572,0.53,0.53,0.079245,0.079245,0.0,1.0,0,普通大幅波动
sh.561100,2024-09-27,0.705,0.663,0.663,0.063348,0.063348,0.0,1.0,0,普通大幅波动
sh.561100,2024-09-30,0.776,0.705,0.705,0.100709,0.100709,0.0,1.0,0,普通大幅波动
sh.561100,2024-10-08,0.854,0.776,0.776,0.100515,0.100515,0.0,1.0,0,普通大幅波动
sh.561100,2024-10-18,0.852,0.779,0.779,0.09371,0.09371,0.0,1.0,0,普通大幅波动
sh.561120,2024-09-30,1.199,1.09,1.09,0.1,0.1,0.0,1.0,0,普通大幅波动
sh.561120,2024-10-08,1.315,1.199,1.199,0.096747,0.096747,0.0,1.0,0,普通大幅波动
sh.561120,2024-10-09,1.184,1.315,1.315,-0.09962,-0.09962,0.0,1.0,0,普通大幅波动
sh.561130,2024-09-30,0.795,0.723,0.723,0.099585,0.099585,0.0,1.0,0,普通大幅波动
sh.561130,2024-10-08,0.875,0.795,0.795,0.100629,0.100629,0.0,1.0,0,普通大幅波动
sh.561160,2023-04-26,0.665,0.624,0.624,0.065705,0.065705,0.0,1.0,0,普通大幅波动
sh.561160,2024-02-06,0.401,0.373,0.373,0.075067,0.075067,0.0,1.0,0,普通大幅波动
sh.561160,2024-03-11,0.484,0.44,0.44,0.1,0.1,0.0,1.0,0,普通大幅波动
sh.561160,2024-09-27,0.449,0.415,0.415,0.081928,0.081928,0.0,1.0,0,普通大幅波动
sh.561160,2024-09-30,0.494,0.449,0.449,0.100223,0.100223,0.0,1.0,0,普通大幅波动
sh.561160,2024-10-08,0.543,0.494,0.494,0.09919,0.09919,0.0,1.0,0,普通大幅波动
sh.561160,2024-10-18,0.497,0.467,0.467,0.06424,0.06424,0.0,1.0,0,普通大幅波动
sh.561170,2024-09-30,1.151,1.085,1.085,0.060829,0.060829,0.0,1.0,0,普通大幅波动
sh.561170,2024-10-09,1.093,1.168,1.168,-0.064212,-0.064212,0.0,1.0,0,普通大幅波动
sh.561180,2024-09-30,1.1,1.0,1.0,0.1,0.1,0.0,1.0,0,普通大幅波动
sh.561180,2024-10-09,1.075,1.162,1.162,-0.074871,-0.074871,0.0,1.0,0,普通大幅波动
sh.561190,2024-09-30,0.791,0.719,0.719,0.100139,0.100139,0.0,1.0,0,普通大幅波动
sh.561190,2024-10-08,0.853,0.791,0.791,0.078382,0.078382,0.0,1.0,0,普通大幅波动
sh.561190,2024-10-09,0.778,0.853,0.853,-0.087925,-0.087925,0.0,1.0,0,普通大幅波动
sh.561200,2024-09-27,1.175,1.073,1.073,0.095061,0.095061,0.0,1.0,0,普通大幅波动
sh.561200,2024-09-30,1.27,1.175,1.175,0.080851,0.080851,0.0,1.0,0,普通大幅波动
sh.561200,2024-10-09,1.187,1.283,1.283,-0.074825,-0.074825,0.0,1.0,0,普通大幅波动
sh.561230,2024-09-30,1.155,1.05,1.05,0.1,0.1,0.0,1.0,0,普通大幅波动
sh.561230,2024-10-08,1.246,1.155,1.155,0.078788,0.078788,0.0,1.0,0,普通大幅波动
sh.561230,2024-10-09,1.139,1.246,1.246,-0.085875,-0.085875,0.0,1.0,0,普通大幅波动
sh.561260,2024-09-30,1.206,1.111,1.111,0.085509,0.085509,0.0,1.0,0,普通大幅波动
sh.561260,2024-10-08,1.316,1.206,1.206,0.091211,0.091211,0.0,1.0,0,普通大幅波动
sh.561260,2024-10-09,1.184,1.316,1.316,-0.100304,-0.100304,0.0,1.0,0,普通大幅波动
sh.561280,2024-02-06,0.779,0.714,0.714,0.091036,0.091036,0.0,1.0,0,普通大幅波动
sh.561280,2024-09-30,0.952,0.865,0.865,0.100578,0.100578,0.0,1.0,0,普通大幅波动
sh.561280,2024-10-08,1.047,0.952,0.952,0.09979,0.09979,0.0,1.0,0,普通大幅波动
sh.561300,2024-09-27,0.827,0.757,0.757,0.09247,0.09247,0.0,1.0,0,普通大幅波动
sh.561300,2024-10-09,0.814,0.89,0.89,-0.085393,-0.085393,0.0,1.0,0,普通大幅波动
sh.561310,2022-04-25,0.605,0.649,0.649,-0.067797,-0.067797,0.0,1.0,0,普通大幅波动
sh.561310,2024-02-06,0.526,0.496,0.496,0.060484,0.060484,0.0,1.0,0,普通大幅波动
sh.561310,2024-09-30,0.704,0.64,0.64,0.1,0.1,0.0,1.0,0,普通大幅波动
sh.561310,2024-10-08,0.774,0.704,0.704,0.099432,0.099432,0.0,1.0,0,普通大幅波动
sh.561310,2024-10-18,0.766,0.71,0.71,0.078873,0.078873,0.0,1.0,0,普通大幅波动
sh.561320,2024-10-09,0.942,1.013,1.013,-0.070089,-0.070089,0.0,1.0,0,普通大幅波动
sh.561330,2024-09-30,1.049,0.965,0.965,0.087047,0.087047,0.0,1.0,0,普通大幅波动
sh.561330,2024-10-09,0.986,1.077,1.077,-0.084494,-0.084494,0.0,1.0,0,普通大幅波动
sh.561350,2024-02-06,0.726,0.67,0.67,0.083582,0.083582,0.0,1.0,0,普通大幅波动
sh.561350,2024-02-07,0.771,0.726,0.726,0.061983,0.061983,0.0,1.0,0,普通大幅波动
sh.561350,2024-09-27,0.814,0.761,0.761,0.069645,0.069645,0.0,1.0,0,普通大幅波动
sh.561350,2024-09-30,0.895,0.814,0.814,0.099509,0.099509,0.0,1.0,0,普通大幅波动
sh.561350,2024-10-09,0.884,0.948,0.948,-0.067511,-0.067511,0.0,1.0,0,普通大幅波动
sh.561360,2024-09-30,1.1,1.026,1.026,0.072125,0.072125,0.0,1.0,0,普通大幅波动
sh.561360,2024-10-08,1.18,1.1,1.1,0.072727,0.072727,0.0,1.0,0,普通大幅波动
sh.561360,2024-10-09,1.064,1.18,1.18,-0.098305,-0.098305,0.0,1.0,0,普通大幅波动
sh.561370,2024-02-05,0.706,0.768,0.768,-0.080729,-0.080729,0.0,1.0,0,普通大幅波动
sh.561370,2024-02-08,0.762,0.708,0.708,0.076271,0.076271,0.0,1.0,0,普通大幅波动
sh.561370,2024-02-28,0.829,0.894,0.894,-0.072707,-0.072707,0.0,1.0,0,普通大幅波动
sh.561370,2024-04-16,0.797,0.855,0.855,-0.067836,-0.067836,0.0,1.0,0,普通大幅波动
sh.561370,2024-09-27,0.88,0.807,0.807,0.090458,0.090458,0.0,1.0,0,普通大幅波动
sh.561370,2024-09-30,0.964,0.88,0.88,0.095455,0.095455,0.0,1.0,0,普通大幅波动
sh.561370,2024-10-09,0.914,1.016,1.016,-0.100394,-0.100394,0.0,1.0,0,普通大幅波动
sh.561500,2024-09-30,0.66,0.6,0.6,0.1,0.1,0.0,1.0,0,普通大幅波动
sh.561500,2024-10-08,0.724,0.66,0.66,0.09697,0.09697,0.0,1.0,0,普通大幅波动
sh.561500,2024-10-09,0.663,0.724,0.724,-0.084254,-0.084254,0.0,1.0,0,普通大幅波动
sh.561510,2022-11-14,1.194,1.123,1.123,0.063224,0.063224,0.0,1.0,0,普通大幅波动
sh.561510,2024-02-06,1.025,0.958,0.958,0.069937,0.069937,0.0,1.0,0,普通大幅波动
sh.561510,2024-09-30,1.146,1.042,1.042,0.099808,0.099808,0.0,1.0,0,普通大幅波动
sh.561510,2024-10-09,1.094,1.194,1.194,-0.083752,-0.083752,0.0,1.0,0,普通大幅波动
sh.561550,2022-04-25,0.785,0.837,0.837,-0.062127,-0.062127,0.0,1.0,0,普通大幅波动
sh.561550,2024-02-06,0.76,0.706,0.706,0.076487,0.076487,0.0,1.0,0,普通大幅波动
sh.561550,2024-02-07,0.806,0.76,0.76,0.060526,0.060526,0.0,1.0,0,普通大幅波动
sh.561550,2024-09-27,0.856,0.804,0.804,0.064677,0.064677,0.0,1.0,0,普通大幅波动
sh.561550,2024-09-30,0.941,0.856,0.856,0.099299,0.099299,0.0,1.0,0,普通大幅波动
sh.561550,2024-10-08,1.021,0.941,0.941,0.085016,0.085016,0.0,1.0,0,普通大幅波动
sh.561550,2024-10-09,0.919,1.021,1.021,-0.099902,-0.099902,0.0,1.0,0,普通大幅波动
sh.561560,2024-09-30,1.304,1.22,1.22,0.068852,0.068852,0.0,1.0,0,普通大幅波动
sh.561580,2024-09-30,1.192,1.095,1.095,0.088584,0.088584,0.0,1.0,0,普通大幅波动
sh.561580,2024-10-09,1.14,1.215,1.215,-0.061728,-0.061728,0.0,1.0,0,普通大幅波动
sh.561590,2024-02-05,0.712,0.775,0.775,-0.08129,-0.08129,0.0,1.0,0,普通大幅波动
sh.561590,2024-02-06,0.756,0.712,0.712,0.061798,0.061798,0.0,1.0,0,普通大幅波动
sh.561590,2024-09-30,0.933,0.848,0.848,0.100236,0.100236,0.0,1.0,0,普通大幅波动
sh.561590,2024-10-08,1.026,0.933,0.933,0.099678,0.099678,0.0,1.0,0,普通大幅波动
sh.561600,2022-04-25,0.665,0.718,0.718,-0.073816,-0.073816,0.0,1.0,0,普通大幅波动
sh.561600,2022-04-29,0.725,0.681,0.681,0.064611,0.064611,0.0,1.0,0,普通大幅波动
sh.561600,2022-11-15,0.735,0.691,0.691,0.063676,0.063676,0.0,1.0,0,普通大幅波动
sh.561600,2024-02-06,0.552,0.519,0.519,0.063584,0.063584,0.0,1.0,0,普通大幅波动
sh.561600,2024-09-30,0.741,0.674,0.674,0.099407,0.099407,0.0,1.0,0,普通大幅波动
sh.561600,2024-10-08,0.815,0.741,0.741,0.099865,0.099865,0.0,1.0,0,普通大幅波动
sh.561600,2024-10-18,0.806,0.745,0.745,0.081879,0.081879,0.0,1.0,0,普通大幅波动
sh.561700,2024-09-30,1.118,1.049,1.049,0.065777,0.065777,0.0,1.0,0,普通大幅波动
sh.561710,2024-02-06,0.635,0.577,0.577,0.10052,0.10052,0.0,1.0,0,普通大幅波动
sh.561760,2024-09-30,0.998,0.916,0.916,0.08952,0.08952,0.0,1.0,0,普通大幅波动
sh.561760,2024-10-09,0.959,1.038,1.038,-0.076108,-0.076108,0.0,1.0,0,普通大幅波动
sh.561780,2024-02-05,0.746,0.799,0.799,-0.066333,-0.066333,0.0,1.0,0,普通大幅波动
sh.561780,2024-02-06,0.802,0.746,0.746,0.075067,0.075067,0.0,1.0,0,普通大幅波动
sh.561780,2024-09-27,0.954,0.867,0.867,0.100346,0.100346,0.0,1.0,0,普通大幅波动
sh.561780,2024-09-30,1.04,0.954,0.954,0.090147,0.090147,0.0,1.0,0,普通大幅波动
sh.561780,2024-10-09,1.005,1.097,1.097,-0.083865,-0.083865,0.0,1.0,0,普通大幅波动
sh.561790,2024-09-30,1.202,1.118,1.118,0.075134,0.075134,0.0,1.0,0,普通大幅波动
sh.561790,2024-10-09,1.135,1.213,1.213,-0.064303,-0.064303,0.0,1.0,0,普通大幅波动
sh.561800,2021-09-01,1.109,1.197,1.197,-0.073517,-0.073517,0.0,1.0,0,普通大幅波动
sh.561800,2021-09-27,0.964,1.035,1.035,-0.068599,-0.068599,0.0,1.0,0,普通大幅波动
sh.561800,2022-04-11,0.774,0.835,0.835,-0.073054,-0.073054,0.0,1.0,0,普通大幅波动
sh.561800,2022-04-25,0.658,0.711,0.711,-0.074543,-0.074543,0.0,1.0,0,普通大幅波动
sh.561800,2022-04-27,0.704,0.64,0.64,0.1,0.1,0.0,1.0,0,普通大幅波动
sh.561800,2022-06-06,0.922,0.856,0.856,0.077103,0.077103,0.0,1.0,0,普通大幅波动
sh.561800,2024-02-06,0.455,0.417,0.417,0.091127,0.091127,0.0,1.0,0,普通大幅波动
sh.561800,2024-09-27,0.5,0.465,0.465,0.075269,0.075269,0.0,1.0,0,普通大幅波动
sh.561800,2024-09-30,0.55,0.5,0.5,0.1,0.1,0.0,1.0,0,普通大幅波动
sh.561800,2024-10-08,0.588,0.55,0.55,0.069091,0.069091,0.0,1.0,0,普通大幅波动
sh.561800,2024-10-09,0.531,0.588,0.588,-0.096939,-0.096939,0.0,1.0,0,普通大幅波动
sh.561800,2024-11-01,0.582,0.542,0.542,0.073801,0.073801,0.0,1.0,0,普通大幅波动
sh.561800,2024-11-19,0.602,0.565,0.565,0.065487,0.065487,0.0,1.0,0,普通大幅波动
sh.561900,2024-09-30,0.855,0.785,0.785,0.089172,0.089172,0.0,1.0,0,普通大幅波动
sh.561900,2024-10-08,0.941,0.855,0.855,0.100585,0.100585,0.0,1.0,0,普通大幅波动
sh.561900,2024-10-09,0.847,0.941,0.941,-0.099894,-0.099894,0.0,1.0,0,普通大幅波动
sh.561910,2022-04-25,0.587,0.637,0.637,-0.078493,-0.078493,0.0,1.0,0,普通大幅波动
sh.561910,2022-04-27,0.626,0.569,0.569,0.100176,0.100176,0.0,1.0,0,普通大幅波动
sh.561910,2023-04-26,0.648,0.608,0.608,0.065789,0.065789,0.0,1.0,0,普通大幅波动
sh.561910,2024-02-06,0.396,0.37,0.37,0.07027,0.07027,0.0,1.0,0,普通大幅波动
sh.561910,2024-03-11,0.476,0.433,0.433,0.099307,0.099307,0.0,1.0,0,普通大幅波动
sh.561910,2024-09-27,0.449,0.413,0.413,0.087167,0.087167,0.0,1.0,0,普通大幅波动
sh.561910,2024-09-30,0.494,0.449,0.449,0.100223,0.100223,0.0,1.0,0,普通大幅波动
sh.561910,2024-10-08,0.543,0.494,0.494,0.09919,0.09919,0.0,1.0,0,普通大幅波动
sh.561910,2024-10-11,0.486,0.519,0.519,-0.063584,-0.063584,0.0,1.0,0,普通大幅波动
sh.561910,2024-10-18,0.498,0.464,0.464,0.073276,0.073276,0.0,1.0,0,普通大幅波动
sh.561910,2024-10-25,0.53,0.5,0.5,0.06,0.06,0.0,1.0,0,普通大幅波动
sh.561920,2024-02-06,0.701,0.652,0.652,0.075153,0.075153,0.0,1.0,0,普通大幅波动
sh.561920,2024-07-31,0.608,0.573,0.573,0.061082,0.061082,0.0,1.0,0,普通大幅波动
sh.561920,2024-09-27,0.626,0.59,0.59,0.061017,0.061017,0.0,1.0,0,普通大幅波动
sh.561920,2024-09-30,0.689,0.626,0.626,0.100639,0.100639,0.0,1.0,0,普通大幅波动
sh.561920,2024-10-08,0.758,0.689,0.689,0.100145,0.100145,0.0,1.0,0,普通大幅波动
sh.561920,2024-10-11,0.678,0.722,0.722,-0.060942,-0.060942,0.0,1.0,0,普通大幅波动
sh.561930,2024-09-30,1.306,1.187,1.187,0.100253,0.100253,0.0,1.0,0,普通大幅波动
sh.561930,2024-10-08,1.42,1.306,1.306,0.087289,0.087289,0.0,1.0,0,普通大幅波动
sh.561930,2024-10-09,1.278,1.42,1.42,-0.1,-0.1,0.0,1.0,0,普通大幅波动
sh.561950,2024-02-06,0.806,0.757,0.757,0.064729,0.064729,0.0,1.0,0,普通大幅波动
sh.561950,2024-09-27,0.95,0.889,0.889,0.068616,0.068616,0.0,1.0,0,普通大幅波动
sh.561950,2024-09-30,1.044,0.95,0.95,0.098947,0.098947,0.0,1.0,0,普通大幅波动
sh.561950,2024-10-09,1.009,1.098,1.098,-0.081056,-0.081056,0.0,1.0,0,普通大幅波动
sh.561960,2024-09-30,1.154,1.073,1.073,0.075489,0.075489,0.0,1.0,0,普通大幅波动
sh.561960,2024-10-09,1.094,1.186,1.186,-0.077572,-0.077572,0.0,1.0,0,普通大幅波动
sh.561980,2024-02-06,0.8,0.745,0.745,0.073826,0.073826,0.0,1.0,0,普通大幅波动
sh.561980,2024-02-29,0.942,0.872,0.872,0.080275,0.080275,0.0,1.0,0,普通大幅波动
sh.561980,2024-09-27,0.946,0.886,0.886,0.06772,0.06772,0.0,1.0,0,普通大幅波动
sh.561980,2024-09-30,1.041,0.946,0.946,0.100423,0.100423,0.0,1.0,0,普通大幅波动
sh.561980,2024-10-08,1.145,1.041,1.041,0.099904,0.099904,0.0,1.0,0,普通大幅波动
sh.561980,2024-10-09,1.26,1.145,1.145,0.100437,0.100437,0.0,1.0,0,普通大幅波动
sh.561980,2024-10-11,1.144,1.219,1.219,-0.061526,-0.061526,0.0,1.0,0,普通大幅波动
sh.561980,2024-10-18,1.241,1.128,1.128,0.100177,0.100177,0.0,1.0,0,普通大幅波动
sh.561980,2024-11-11,1.501,1.41,1.41,0.064539,0.064539,0.0,1.0,0,普通大幅波动
sh.561990,2024-09-30,0.901,0.824,0.824,0.093447,0.093447,0.0,1.0,0,普通大幅波动
sh.561990,2024-10-09,0.857,0.947,0.947,-0.095037,-0.095037,0.0,1.0,0,普通大幅波动
sh.562000,2024-09-30,0.996,0.906,0.906,0.099338,0.099338,0.0,1.0,0,普通大幅波动
sh.562000,2024-10-09,0.962,1.042,1.042,-0.076775,-0.076775,0.0,1.0,0,普通大幅波动
sh.562010,2024-09-27,0.698,0.648,0.648,0.07716,0.07716,0.0,1.0,0,普通大幅波动
sh.562010,2024-09-30,0.765,0.698,0.698,0.095989,0.095989,0.0,1.0,0,普通大幅波动
sh.562010,2024-10-08,0.836,0.765,0.765,0.09281,0.09281,0.0,1.0,0,普通大幅波动
sh.562010,2024-10-09,0.76,0.836,0.836,-0.090909,-0.090909,0.0,1.0,0,普通大幅波动
sh.562030,2024-02-27,0.839,0.79,0.79,0.062025,0.062025,0.0,1.0,0,普通大幅波动
sh.562030,2024-09-27,0.743,0.676,0.676,0.099112,0.099112,0.0,1.0,0,普通大幅波动
sh.562030,2024-09-30,0.817,0.743,0.743,0.099596,0.099596,0.0,1.0,0,普通大幅波动
sh.562030,2024-10-08,0.899,0.817,0.817,0.100367,0.100367,0.0,1.0,0,普通大幅波动
sh.562030,2024-10-11,0.821,0.876,0.876,-0.062785,-0.062785,0.0,1.0,0,普通大幅波动
sh.562030,2024-10-18,0.894,0.843,0.843,0.060498,0.060498,0.0,1.0,0,普通大幅波动
sh.562060,2024-09-30,1.164,1.078,1.078,0.079777,0.079777,0.0,1.0,0,普通大幅波动
sh.562060,2024-10-09,1.101,1.195,1.195,-0.078661,-0.078661,0.0,1.0,0,普通大幅波动
sh.562260,2024-09-30,1.017,0.938,0.938,0.084222,0.084222,0.0,1.0,0,普通大幅波动
sh.562260,2024-10-08,1.118,1.017,1.017,0.099312,0.099312,0.0,1.0,0,普通大幅波动
sh.562260,2024-10-09,1.05,1.118,1.118,-0.060823,-0.060823,0.0,1.0,0,普通大幅波动
sh.562300,2022-04-25,0.702,0.753,0.753,-0.067729,-0.067729,0.0,1.0,0,普通大幅波动
sh.562300,2022-04-27,0.731,0.689,0.689,0.060958,0.060958,0.0,1.0,0,普通大幅波动
sh.562300,2024-09-30,0.6,0.545,0.545,0.100917,0.100917,0.0,1.0,0,普通大幅波动
sh.562300,2024-10-08,0.66,0.6,0.6,0.1,0.1,0.0,1.0,0,普通大幅波动
sh.562300,2024-10-09,0.605,0.66,0.66,-0.083333,-0.083333,0.0,1.0,0,普通大幅波动
sh.562310,2024-09-27,0.738,0.682,0.682,0.082111,0.082111,0.0,1.0,0,普通大幅波动
sh.562310,2024-09-30,0.812,0.738,0.738,0.100271,0.100271,0.0,1.0,0,普通大幅波动
sh.562310,2024-10-08,0.893,0.812,0.812,0.099754,0.099754,0.0,1.0,0,普通大幅波动
sh.562310,2024-10-09,0.81,0.893,0.893,-0.092945,-0.092945,0.0,1.0,0,普通大幅波动
sh.562320,2024-09-30,1.311,1.2,1.2,0.0925,0.0925,0.0,1.0,0,普通大幅波动
sh.562320,2024-10-09,1.235,1.359,1.359,-0.091244,-0.091244,0.0,1.0,0,普通大幅波动
sh.562330,2024-02-06,0.91,0.85,0.85,0.070588,0.070588,0.0,1.0,0,普通大幅波动
sh.562330,2024-09-30,1.065,0.99,0.99,0.075758,0.075758,0.0,1.0,0,普通大幅波动
sh.562340,2024-09-30,1.045,0.95,0.95,0.1,0.1,0.0,1.0,0,普通大幅波动
sh.562340,2024-10-08,1.114,1.045,1.045,0.066029,0.066029,0.0,1.0,0,普通大幅波动
sh.562350,2024-09-30,1.166,1.064,1.064,0.095865,0.095865,0.0,1.0,0,普通大幅波动
sh.562350,2024-10-09,1.053,1.144,1.144,-0.079545,-0.079545,0.0,1.0,0,普通大幅波动
sh.562360,2022-03-15,0.82,0.878,0.878,-0.066059,-0.066059,0.0,1.0,0,普通大幅波动
sh.562360,2022-04-27,0.706,0.664,0.664,0.063253,0.063253,0.0,1.0,0,普通大幅波动
sh.562360,2024-02-28,0.744,0.792,0.792,-0.060606,-0.060606,0.0,1.0,0,普通大幅波动
sh.562360,2024-09-30,0.765,0.695,0.695,0.100719,0.100719,0.0,1.0,0,普通大幅波动
sh.562360,2024-10-08,0.842,0.765,0.765,0.100654,0.100654,0.0,1.0,0,普通大幅波动
sh.562360,2024-10-11,0.741,0.79,0.79,-0.062025,-0.062025,0.0,1.0,0,普通大幅波动
sh.562360,2024-10-18,0.786,0.738,0.738,0.065041,0.065041,0.0,1.0,0,普通大幅波动
sh.562360,2024-11-04,0.807,0.759,0.759,0.063241,0.063241,0.0,1.0,0,普通大幅波动
sh.562380,2024-02-06,0.707,0.661,0.661,0.069592,0.069592,0.0,1.0,0,普通大幅波动
sh.562380,2024-09-30,0.853,0.776,0.776,0.099227,0.099227,0.0,1.0,0,普通大幅波动
sh.562380,2024-10-08,0.938,0.853,0.853,0.099648,0.099648,0.0,1.0,0,普通大幅波动
sh.562390,2022-11-14,1.141,1.066,1.066,0.070356,0.070356,0.0,1.0,0,普通大幅波动
sh.562390,2024-02-06,0.951,0.895,0.895,0.06257,0.06257,0.0,1.0,0,普通大幅波动
sh.562390,2024-09-30,1.072,0.98,0.98,0.093878,0.093878,0.0,1.0,0,普通大幅波动
sh.562390,2024-10-09,1.019,1.126,1.126,-0.095027,-0.095027,0.0,1.0,0,普通大幅波动
sh.562500,2022-04-25,0.605,0.655,0.655,-0.076336,-0.076336,0.0,1.0,0,普通大幅波动
sh.562500,2024-02-28,0.675,0.72,0.72,-0.0625,-0.0625,0.0,1.0,0,普通大幅波动
sh.562500,2024-09-27,0.644,0.604,0.604,0.066225,0.066225,0.0,1.0,0,普通大幅波动
sh.562500,2024-09-30,0.708,0.644,0.644,0.099379,0.099379,0.0,1.0,0,普通大幅波动
sh.562500,2024-10-08,0.779,0.708,0.708,0.100282,0.100282,0.0,1.0,0,普通大幅波动
sh.562500,2024-11-04,0.743,0.698,0.698,0.06447,0.06447,0.0,1.0,0,普通大幅波动
sh.562510,2022-03-14,0.913,0.977,0.977,-0.065507,-0.065507,0.0,1.0,0,普通大幅波动
sh.562510,2022-03-16,0.96,0.874,0.874,0.098398,0.098398,0.0,1.0,0,普通大幅波动
sh.562510,2022-04-12,1.023,0.94,0.94,0.088298,0.088298,0.0,1.0,0,普通大幅波动
sh.562510,2022-05-06,0.864,0.92,0.92,-0.06087,-0.06087,0.0,1.0,0,普通大幅波动
sh.562510,2022-11-01,0.99,0.916,0.916,0.080786,0.080786,0.0,1.0,0,普通大幅波动
sh.562510,2022-11-29,1.046,0.984,0.984,0.063008,0.063008,0.0,1.0,0,普通大幅波动
sh.562510,2024-09-26,0.658,0.618,0.618,0.064725,0.064725,0.0,1.0,0,普通大幅波动
sh.562510,2024-09-30,0.765,0.695,0.695,0.100719,0.100719,0.0,1.0,0,普通大幅波动
sh.562510,2024-10-09,0.684,0.759,0.759,-0.098814,-0.098814,0.0,1.0,0,普通大幅波动
sh.562520,2022-04-25,0.805,0.871,0.871,-0.075775,-0.075775,0.0,1.0,0,普通大幅波动
sh.562520,2024-02-06,0.757,0.699,0.699,0.082976,0.082976,0.0,1.0,0,普通大幅波动
sh.562520,2024-09-30,0.917,0.834,0.834,0.09952,0.09952,0.0,1.0,0,普通大幅波动
sh.562520,2024-10-08,1.009,0.917,0.917,0.100327,0.100327,0.0,1.0,0,普通大幅波动
sh.562520,2024-10-11,0.891,0.948,0.948,-0.060127,-0.060127,0.0,1.0,0,普通大幅波动
sh.562530,2024-02-06,0.885,0.833,0.833,0.062425,0.062425,0.0,1.0,0,普通大幅波动
sh.562530,2024-09-30,1.115,1.014,1.014,0.099606,0.099606,0.0,1.0,0,普通大幅波动
sh.562530,2024-10-09,1.06,1.17,1.17,-0.094017,-0.094017,0.0,1.0,0,普通大幅波动
sh.562550,2024-10-09,1.088,1.162,1.162,-0.063683,-0.063683,0.0,1.0,0,普通大幅波动
sh.562560,2024-09-30,1.131,1.028,1.028,0.100195,0.100195,0.0,1.0,0,普通大幅波动
sh.562560,2024-10-08,1.244,1.131,1.131,0.099912,0.099912,0.0,1.0,0,普通大幅波动
sh.562560,2024-10-18,1.266,1.177,1.177,0.075616,0.075616,0.0,1.0,0,普通大幅波动
sh.562570,2024-06-25,0.862,0.921,0.921,-0.064061,-0.064061,0.0,1.0,0,普通大幅波动
sh.562570,2024-09-27,0.931,0.868,0.868,0.072581,0.072581,0.0,1.0,0,普通大幅波动
sh.562570,2024-09-30,1.024,0.931,0.931,0.099893,0.099893,0.0,1.0,0,普通大幅波动
sh.562570,2024-10-08,1.126,1.024,1.024,0.099609,0.099609,0.0,1.0,0,普通大幅波动
sh.562570,2024-10-09,1.224,1.126,1.126,0.087034,0.087034,0.0,1.0,0,普通大幅波动
sh.562570,2024-10-10,1.126,1.224,1.224,-0.080065,-0.080065,0.0,1.0,0,普通大幅波动
sh.562570,2024-10-11,1.058,1.126,1.126,-0.060391,-0.060391,0.0,1.0,0,普通大幅波动
sh.562570,2024-10-18,1.17,1.09,1.09,0.073394,0.073394,0.0,1.0,0,普通大幅波动
sh.562570,2024-11-11,1.384,1.294,1.294,0.069552,0.069552,0.0,1.0,0,普通大幅波动
sh.562580,2024-09-30,1.141,1.042,1.042,0.09501,0.09501,0.0,1.0,0,普通大幅波动
sh.562580,2024-10-09,1.123,1.202,1.202,-0.065724,-0.065724,0.0,1.0,0,普通大幅波动
sh.562590,2024-02-06,0.753,0.708,0.708,0.063559,0.063559,0.0,1.0,0,普通大幅波动
sh.562590,2024-02-29,0.895,0.825,0.825,0.084848,0.084848,0.0,1.0,0,普通大幅波动
sh.562590,2024-09-30,0.939,0.854,0.854,0.099532,0.099532,0.0,1.0,0,普通大幅波动
sh.562590,2024-10-08,1.033,0.939,0.939,0.100106,0.100106,0.0,1.0,0,普通大幅波动
sh.562590,2024-10-09,1.136,1.033,1.033,0.09971,0.09971,0.0,1.0,0,普通大幅波动
sh.562590,2024-10-11,1.006,1.08,1.08,-0.068519,-0.068519,0.0,1.0,0,普通大幅波动
sh.562590,2024-10-18,1.089,0.99,0.99,0.1,0.1,0.0,1.0,0,普通大幅波动
sh.562590,2024-11-11,1.336,1.24,1.24,0.077419,0.077419,0.0,1.0,0,普通大幅波动
sh.562600,2024-02-06,0.874,0.823,0.823,0.061968,0.061968,0.0,1.0,0,普通大幅波动
sh.562600,2024-09-27,0.836,0.785,0.785,0.064968,0.064968,0.0,1.0,0,普通大幅波动
sh.562600,2024-09-30,0.92,0.836,0.836,0.100478,0.100478,0.0,1.0,0,普通大幅波动
sh.562600,2024-10-08,1.012,0.92,0.92,0.1,0.1,0.0,1.0,0,普通大幅波动
sh.562600,2024-10-09,0.943,1.012,1.012,-0.068182,-0.068182,0.0,1.0,0,普通大幅波动
sh.562660,2024-01-22,0.899,0.959,0.959,-0.062565,-0.062565,0.0,1.0,0,普通大幅波动
sh.562660,2024-02-05,0.71,0.787,0.787,-0.09784,-0.09784,0.0,1.0,0,普通大幅波动
sh.562660,2024-02-08,0.787,0.715,0.715,0.100699,0.100699,0.0,1.0,0,普通大幅波动
sh.562660,2024-02-28,0.844,0.91,0.91,-0.072527,-0.072527,0.0,1.0,0,普通大幅波动
sh.562660,2024-04-16,0.826,0.883,0.883,-0.064553,-0.064553,0.0,1.0,0,普通大幅波动
sh.562660,2024-04-17,0.881,0.826,0.826,0.066586,0.066586,0.0,1.0,0,普通大幅波动
sh.562660,2024-09-30,1.023,0.93,0.93,0.1,0.1,0.0,1.0,0,普通大幅波动
sh.562660,2024-10-08,1.125,1.023,1.023,0.099707,0.099707,0.0,1.0,0,普通大幅波动
sh.562660,2024-10-09,1.013,1.125,1.125,-0.099556,-0.099556,0.0,1.0,0,普通大幅波动
sh.562700,2024-09-30,1.046,0.951,0.951,0.099895,0.099895,0.0,1.0,0,普通大幅波动
sh.562700,2024-10-08,1.136,1.046,1.046,0.086042,0.086042,0.0,1.0,0,普通大幅波动
sh.562700,2024-10-09,1.035,1.136,1.136,-0.088908,-0.088908,0.0,1.0,0,普通大幅波动
sh.562800,2021-09-27,0.89,0.965,,,-0.07772,,,,普通大幅波动
sh.562800,2022-03-08,0.813,0.87,0.87,-0.065517,-0.065517,0.0,1.0,0,普通大幅波动
sh.562800,2022-04-11,0.711,0.768,0.768,-0.074219,-0.074219,0.0,1.0,0,普通大幅波动
sh.562800,2022-04-25,0.604,0.66,0.66,-0.084848,-0.084848,0.0,1.0,0,普通大幅波动
sh.562800,2022-04-27,0.65,0.591,0.591,0.099831,0.099831,0.0,1.0,0,普通大幅波动
sh.562800,2022-06-06,0.853,0.792,0.792,0.07702,0.07702,0.0,1.0,0,普通大幅波动
sh.562800,2022-11-04,0.802,0.754,0.754,0.06366,0.06366,0.0,1.0,0,普通大幅波动
sh.562800,2023-05-15,0.658,0.618,0.618,0.064725,0.064725,0.0,1.0,0,普通大幅波动
sh.562800,2024-02-06,0.422,0.392,0.392,0.076531,0.076531,0.0,1.0,0,普通大幅波动
sh.562800,2024-09-27,0.466,0.435,0.435,0.071264,0.071264,0.0,1.0,0,普通大幅波动
sh.562800,2024-09-30,0.513,0.466,0.466,0.100858,0.100858,0.0,1.0,0,普通大幅波动
sh.562800,2024-10-08,0.55,0.513,0.513,0.072125,0.072125,0.0,1.0,0,普通大幅波动
sh.562800,2024-10-09,0.497,0.55,0.55,-0.096364,-0.096364,0.0,1.0,0,普通大幅波动
sh.562820,2024-09-27,1.082,1.016,1.016,0.064961,0.064961,0.0,1.0,0,普通大幅波动
sh.562820,2024-09-30,1.19,1.082,1.082,0.099815,0.099815,0.0,1.0,0,普通大幅波动
sh.562820,2024-10-08,1.309,1.19,1.19,0.1,0.1,0.0,1.0,0,普通大幅波动
sh.562820,2024-10-09,1.44,1.309,1.309,0.100076,0.100076,0.0,1.0,0,普通大幅波动
sh.562820,2024-10-11,1.335,1.44,1.44,-0.072917,-0.072917,0.0,1.0,0,普通大幅波动
sh.562820,2024-10-18,1.476,1.342,1.342,0.099851,0.099851,0.0,1.0,0,普通大幅波动
sh.562850,2024-09-30,1.208,1.103,1.103,0.095195,0.095195,0.0,1.0,0,普通大幅波动
sh.562850,2024-10-09,1.131,1.212,1.212,-0.066832,-0.066832,0.0,1.0,0,普通大幅波动
sh.562860,2024-02-06,0.668,0.61,0.61,0.095082,0.095082,0.0,1.0,0,普通大幅波动
sh.562860,2024-07-31,0.579,0.545,0.545,0.062385,0.062385,0.0,1.0,0,普通大幅波动
sh.562860,2024-09-30,0.649,0.59,0.59,0.1,0.1,0.0,1.0,0,普通大幅波动
sh.562860,2024-10-08,0.714,0.649,0.649,0.100154,0.100154,0.0,1.0,0,普通大幅波动
sh.562860,2024-10-11,0.645,0.687,0.687,-0.061135,-0.061135,0.0,1.0,0,普通大幅波动
sh.562880,2021-07-29,1.026,0.961,0.961,0.067638,0.067638,0.0,1.0,0,普通大幅波动
sh.562880,2021-08-04,1.076,1.0,1.0,0.076,0.076,0.0,1.0,0,普通大幅波动
sh.562880,2022-04-11,0.773,0.824,0.824,-0.061893,-0.061893,0.0,1.0,0,普通大幅波动
sh.562880,2022-04-25,0.622,0.673,0.673,-0.07578,-0.07578,0.0,1.0,0,普通大幅波动
sh.562880,2022-04-27,0.663,0.604,0.604,0.097682,0.097682,0.0,1.0,0,普通大幅波动
sh.562880,2023-04-26,0.688,0.646,0.646,0.065015,0.065015,0.0,1.0,0,普通大幅波动
sh.562880,2024-03-11,0.502,0.458,0.458,0.09607,0.09607,0.0,1.0,0,普通大幅波动
sh.562880,2024-09-27,0.464,0.43,0.43,0.07907,0.07907,0.0,1.0,0,普通大幅波动
sh.562880,2024-09-30,0.51,0.464,0.464,0.099138,0.099138,0.0,1.0,0,普通大幅波动
sh.562880,2024-10-08,0.561,0.51,0.51,0.1,0.1,0.0,1.0,0,普通大幅波动
sh.562880,2024-10-18,0.514,0.483,0.483,0.064182,0.064182,0.0,1.0,0,普通大幅波动
sh.562890,2024-09-30,1.175,1.068,1.068,0.100187,0.100187,0.0,1.0,0,普通大幅波动
sh.562890,2024-10-08,1.258,1.175,1.175,0.070638,0.070638,0.0,1.0,0,普通大幅波动
sh.562890,2024-10-09,1.151,1.258,1.258,-0.085056,-0.085056,0.0,1.0,0,普通大幅波动
sh.562900,2024-09-30,0.77,0.7,0.7,0.1,0.1,0.0,1.0,0,普通大幅波动
sh.562900,2024-10-09,0.729,0.801,0.801,-0.089888,-0.089888,0.0,1.0,0,普通大幅波动
sh.562910,2022-04-25,0.684,0.732,0.732,-0.065574,-0.065574,0.0,1.0,0,普通大幅波动
sh.562910,2022-04-27,0.717,0.67,0.67,0.070149,0.070149,0.0,1.0,0,普通大幅波动
sh.562910,2024-09-30,0.652,0.593,0.593,0.099494,0.099494,0.0,1.0,0,普通大幅波动
sh.562910,2024-10-08,0.717,0.652,0.652,0.099693,0.099693,0.0,1.0,0,普通大幅波动
sh.562910,2024-10-09,0.669,0.717,0.717,-0.066946,-0.066946,0.0,1.0,0,普通大幅波动
sh.562920,2024-02-27,0.799,0.746,0.746,0.071046,0.071046,0.0,1.0,0,普通大幅波动
sh.562920,2024-09-30,0.781,0.71,0.71,0.1,0.1,0.0,1.0,0,普通大幅波动
sh.562920,2024-10-08,0.859,0.781,0.781,0.099872,0.099872,0.0,1.0,0,普通大幅波动
sh.562930,2024-02-06,0.575,0.541,0.541,0.062847,0.062847,0.0,1.0,0,普通大幅波动
sh.562930,2024-09-27,0.623,0.566,0.566,0.100707,0.100707,0.0,1.0,0,普通大幅波动
sh.562930,2024-09-30,0.685,0.623,0.623,0.099518,0.099518,0.0,1.0,0,普通大幅波动
sh.562930,2024-10-08,0.754,0.685,0.685,0.10073,0.10073,0.0,1.0,0,普通大幅波动
sh.562930,2024-10-09,0.8,0.754,0.754,0.061008,0.061008,0.0,1.0,0,普通大幅波动
sh.562930,2024-10-10,0.734,0.8,0.8,-0.0825,-0.0825,0.0,1.0,0,普通大幅波动
sh.562930,2024-11-05,0.818,0.76,0.76,0.076316,0.076316,0.0,1.0,0,普通大幅波动
sh.562950,2022-04-25,0.634,0.681,0.681,-0.069016,-0.069016,0.0,1.0,0,普通大幅波动
sh.562950,2022-04-27,0.651,0.613,0.613,0.06199,0.06199,0.0,1.0,0,普通大幅波动
sh.562950,2024-02-06,0.541,0.509,0.509,0.062868,0.062868,0.0,1.0,0,普通大幅波动
sh.562950,2024-09-30,0.727,0.661,0.661,0.099849,0.099849,0.0,1.0,0,普通大幅波动
sh.562950,2024-10-08,0.8,0.727,0.727,0.100413,0.100413,0.0,1.0,0,普通大幅波动
sh.562950,2024-10-18,0.808,0.736,0.736,0.097826,0.097826,0.0,1.0,0,普通大幅波动
sh.562960,2024-09-30,1.15,1.067,1.067,0.077788,0.077788,0.0,1.0,0,普通大幅波动
sh.562960,2024-10-09,1.09,1.173,1.173,-0.070759,-0.070759,0.0,1.0,0,普通大幅波动
sh.562990,2024-09-30,0.795,0.723,0.723,0.099585,0.099585,0.0,1.0,0,普通大幅波动
sh.562990,2024-10-08,0.85,0.795,0.795,0.069182,0.069182,0.0,1.0,0,普通大幅波动
sh.562990,2024-10-09,0.773,0.85,0.85,-0.090588,-0.090588,0.0,1.0,0,普通大幅波动
sh.563000,2024-09-30,0.877,0.808,0.808,0.085396,0.085396,0.0,1.0,0,普通大幅波动
sh.563000,2024-10-09,0.851,0.926,0.926,-0.080994,-0.080994,0.0,1.0,0,普通大幅波动
sh.563010,2024-09-30,1.135,1.036,1.036,0.09556,0.09556,0.0,1.0,0,普通大幅波动
sh.563010,2024-10-08,1.249,1.135,1.135,0.100441,0.100441,0.0,1.0,0,普通大幅波动
sh.563010,2024-10-18,1.253,1.17,1.17,0.07094,0.07094,0.0,1.0,0,普通大幅波动
sh.563020,2024-10-09,1.117,1.205,1.205,-0.073029,-0.073029,0.0,1.0,0,普通大幅波动
sh.563030,2024-02-06,0.801,0.743,0.743,0.078062,0.078062,0.0,1.0,0,普通大幅波动
sh.563030,2024-09-27,0.923,0.857,0.857,0.077013,0.077013,0.0,1.0,0,普通大幅波动
sh.563030,2024-09-30,1.015,0.923,0.923,0.099675,0.099675,0.0,1.0,0,普通大幅波动
sh.563030,2024-10-08,1.082,1.015,1.015,0.06601,0.06601,0.0,1.0,0,普通大幅波动
sh.563030,2024-10-09,0.999,1.082,1.082,-0.07671,-0.07671,0.0,1.0,0,普通大幅波动
sh.563050,2024-02-06,0.707,0.664,0.664,0.064759,0.064759,0.0,1.0,0,普通大幅波动
sh.563050,2024-09-30,0.846,0.769,0.769,0.10013,0.10013,0.0,1.0,0,普通大幅波动
sh.563050,2024-10-08,0.931,0.846,0.846,0.100473,0.100473,0.0,1.0,0,普通大幅波动
sh.563080,2024-09-30,1.195,1.086,1.086,0.100368,0.100368,0.0,1.0,0,普通大幅波动
sh.563080,2024-10-08,1.296,1.195,1.195,0.084519,0.084519,0.0,1.0,0,普通大幅波动
sh.563080,2024-10-09,1.167,1.296,1.296,-0.099537,-0.099537,0.0,1.0,0,普通大幅波动
sh.563090,2024-09-30,1.133,1.034,1.034,0.095745,0.095745,0.0,1.0,0,普通大幅波动
sh.563090,2024-10-09,1.071,1.19,1.19,-0.1,-0.1,0.0,1.0,0,普通大幅波动
sh.563150,2024-09-30,0.984,0.927,0.927,0.061489,0.061489,0.0,1.0,0,普通大幅波动
sh.563150,2024-10-09,0.951,1.036,1.036,-0.082046,-0.082046,0.0,1.0,0,普通大幅波动
sh.563200,2024-02-05,0.705,0.771,0.771,-0.085603,-0.085603,0.0,1.0,0,普通大幅波动
sh.563200,2024-02-08,0.76,0.694,0.694,0.095101,0.095101,0.0,1.0,0,普通大幅波动
sh.563200,2024-02-28,0.828,0.893,0.893,-0.072788,-0.072788,0.0,1.0,0,普通大幅波动
sh.563200,2024-04-16,0.8,0.857,0.857,-0.066511,-0.066511,0.0,1.0,0,普通大幅波动
sh.563200,2024-04-17,0.855,0.8,0.8,0.06875,0.06875,0.0,1.0,0,普通大幅波动
sh.563200,2024-09-27,0.901,0.846,0.846,0.065012,0.065012,0.0,1.0,0,普通大幅波动
sh.563200,2024-09-30,0.975,0.901,0.901,0.082131,0.082131,0.0,1.0,0,普通大幅波动
sh.563200,2024-10-08,1.053,0.975,0.975,0.08,0.08,0.0,1.0,0,普通大幅波动
sh.563200,2024-10-09,0.951,1.053,1.053,-0.096866,-0.096866,0.0,1.0,0,普通大幅波动
sh.563280,2024-09-30,1.171,1.086,1.086,0.078269,0.078269,0.0,1.0,0,普通大幅波动
sh.563280,2024-10-08,1.288,1.171,1.171,0.099915,0.099915,0.0,1.0,0,普通大幅波动
sh.563280,2024-10-09,1.16,1.288,1.288,-0.099379,-0.099379,0.0,1.0,0,普通大幅波动
sh.563300,2024-01-22,0.874,0.933,0.933,-0.063237,-0.063237,0.0,1.0,0,普通大幅波动
sh.563300,2024-02-05,0.706,0.769,0.769,-0.081925,-0.081925,0.0,1.0,0,普通大幅波动
sh.563300,2024-02-08,0.783,0.712,0.712,0.099719,0.099719,0.0,1.0,0,普通大幅波动
sh.563300,2024-02-28,0.832,0.893,0.893,-0.068309,-0.068309,0.0,1.0,0,普通大幅波动
sh.563300,2024-09-27,0.881,0.809,0.809,0.088999,0.088999,0.0,1.0,0,普通大幅波动
sh.563300,2024-09-30,0.958,0.881,0.881,0.087401,0.087401,0.0,1.0,0,普通大幅波动
sh.563300,2024-10-08,1.037,0.958,0.958,0.082463,0.082463,0.0,1.0,0,普通大幅波动
sh.563300,2024-10-09,0.933,1.037,1.037,-0.100289,-0.100289,0.0,1.0,0,普通大幅波动
sh.563330,2024-09-30,1.067,0.97,0.97,0.1,0.1,0.0,1.0,0,普通大幅波动
sh.563330,2024-10-08,1.174,1.067,1.067,0.100281,0.100281,0.0,1.0,0,普通大幅波动
sh.563330,2024-10-09,1.066,1.174,1.174,-0.091993,-0.091993,0.0,1.0,0,普通大幅波动
sh.563330,2024-10-14,3.155,3.096,1.031,2.060136,0.019057,2.00291,0.333,0,拆分合并型
sh.563350,2024-09-30,1.191,1.095,1.095,0.087671,0.087671,0.0,1.0,0,普通大幅波动
sh.563350,2024-10-08,1.274,1.191,1.191,0.069689,0.069689,0.0,1.0,0,普通大幅波动
sh.563350,2024-10-09,1.164,1.274,1.274,-0.086342,-0.086342,0.0,1.0,0,普通大幅波动
sh.588000,2022-04-25,0.924,0.983,0.983,-0.06002,-0.06002,0.0,1.0,0,普通大幅波动
sh.588000,2024-02-06,0.757,0.709,0.709,0.067701,0.067701,0.0,1.0,0,普通大幅波动
sh.588000,2024-09-27,0.792,0.728,0.728,0.087912,0.087912,0.0,1.0,0,普通大幅波动
sh.588000,2024-09-30,0.95,0.792,0.792,0.199495,0.199495,0.0,1.0,0,普通大幅波动
sh.588000,2024-10-08,1.14,0.95,0.95,0.2,0.2,0.0,1.0,0,普通大幅波动
sh.588000,2024-10-10,1.026,1.096,1.096,-0.063869,-0.063869,0.0,1.0,0,普通大幅波动
sh.588000,2024-10-11,0.951,1.026,1.026,-0.073099,-0.073099,0.0,1.0,0,普通大幅波动
sh.588000,2024-10-18,1.041,0.926,0.926,0.12419,0.12419,0.0,1.0,0,普通大幅波动
sh.588010,2024-02-06,0.471,0.441,0.441,0.068027,0.068027,0.0,1.0,0,普通大幅波动
sh.588010,2024-09-27,0.473,0.443,0.443,0.06772,0.06772,0.0,1.0,0,普通大幅波动
sh.588010,2024-09-30,0.568,0.473,0.473,0.200846,0.200846,0.0,1.0,0,普通大幅波动
sh.588010,2024-10-08,0.682,0.568,0.568,0.200704,0.200704,0.0,1.0,0,普通大幅波动
sh.588010,2024-10-09,0.579,0.682,0.682,-0.151026,-0.151026,0.0,1.0,0,普通大幅波动
sh.588010,2024-10-18,0.565,0.52,0.52,0.086538,0.086538,0.0,1.0,0,普通大幅波动
sh.588010,2024-11-11,0.693,0.644,0.644,0.076087,0.076087,0.0,1.0,0,普通大幅波动
sh.588020,2024-02-06,0.752,0.694,0.694,0.083573,0.083573,0.0,1.0,0,普通大幅波动
sh.588020,2024-09-27,0.836,0.783,0.783,0.067688,0.067688,0.0,1.0,0,普通大幅波动
sh.588020,2024-09-30,1.003,0.836,0.836,0.199761,0.199761,0.0,1.0,0,普通大幅波动
sh.588020,2024-10-08,1.204,1.003,1.003,0.200399,0.200399,0.0,1.0,0,普通大幅波动
sh.588020,2024-10-09,1.095,1.204,1.204,-0.090532,-0.090532,0.0,1.0,0,普通大幅波动
sh.588020,2024-10-18,1.085,0.975,0.975,0.112821,0.112821,0.0,1.0,0,普通大幅波动
sh.588030,2024-02-06,0.727,0.659,0.659,0.103187,0.103187,0.0,1.0,0,普通大幅波动
sh.588030,2024-09-27,0.752,0.695,0.695,0.082014,0.082014,0.0,1.0,0,普通大幅波动
sh.588030,2024-09-30,0.901,0.752,0.752,0.198138,0.198138,0.0,1.0,0,普通大幅波动
sh.588030,2024-10-08,1.081,0.901,0.901,0.199778,0.199778,0.0,1.0,0,普通大幅波动
sh.588030,2024-10-09,0.935,1.081,1.081,-0.13506,-0.13506,0.0,1.0,0,普通大幅波动
sh.588030,2024-10-11,0.836,0.902,0.902,-0.073171,-0.073171,0.0,1.0,0,普通大幅波动
sh.588030,2024-10-18,0.903,0.828,0.828,0.09058,0.09058,0.0,1.0,0,普通大幅波动
sh.588050,2024-02-06,0.742,0.698,0.698,0.063037,0.063037,0.0,1.0,0,普通大幅波动
sh.588050,2024-09-27,0.774,0.715,0.715,0.082517,0.082517,0.0,1.0,0,普通大幅波动
sh.588050,2024-09-30,0.929,0.774,0.774,0.200258,0.200258,0.0,1.0,0,普通大幅波动
sh.588050,2024-10-08,1.115,0.929,0.929,0.200215,0.200215,0.0,1.0,0,普通大幅波动
sh.588050,2024-10-09,1.032,1.115,1.115,-0.074439,-0.074439,0.0,1.0,0,普通大幅波动
sh.588050,2024-10-18,1.019,0.905,0.905,0.125967,0.125967,0.0,1.0,0,普通大幅波动
sh.588060,2024-02-06,0.46,0.431,0.431,0.067285,0.067285,0.0,1.0,0,普通大幅波动
sh.588060,2024-09-30,0.56,0.467,0.467,0.199143,0.199143,0.0,1.0,0,普通大幅波动
sh.588060,2024-10-08,0.672,0.56,0.56,0.2,0.2,0.0,1.0,0,普通大幅波动
sh.588060,2024-10-11,0.573,0.61,0.61,-0.060656,-0.060656,0.0,1.0,0,普通大幅波动
sh.588060,2024-10-18,0.63,0.561,0.561,0.122995,0.122995,0.0,1.0,0,普通大幅波动
sh.588080,2024-02-06,0.739,0.693,0.693,0.066378,0.066378,0.0,1.0,0,普通大幅波动
sh.588080,2024-09-27,0.762,0.711,0.711,0.07173,0.07173,0.0,1.0,0,普通大幅波动
sh.588080,2024-09-30,0.914,0.762,0.762,0.199475,0.199475,0.0,1.0,0,普通大幅波动
sh.588080,2024-10-08,1.097,0.914,0.914,0.200219,0.200219,0.0,1.0,0,普通大幅波动
sh.588080,2024-10-09,1.023,1.097,1.097,-0.067457,-0.067457,0.0,1.0,0,普通大幅波动
sh.588080,2024-10-18,1.013,0.901,0.901,0.124306,0.124306,0.0,1.0,0,普通大幅波动
sh.588090,2024-02-06,0.745,0.701,0.701,0.062767,0.062767,0.0,1.0,0,普通大幅波动
sh.588090,2024-09-27,0.772,0.716,0.716,0.078212,0.078212,0.0,1.0,0,普通大幅波动
sh.588090,2024-09-30,0.926,0.772,0.772,0.199482,0.199482,0.0,1.0,0,普通大幅波动
sh.588090,2024-10-08,1.111,0.926,0.926,0.199784,0.199784,0.0,1.0,0,普通大幅波动
sh.588090,2024-10-09,1.036,1.111,1.111,-0.067507,-0.067507,0.0,1.0,0,普通大幅波动
sh.588090,2024-10-11,0.927,0.987,0.987,-0.06079,-0.06079,0.0,1.0,0,普通大幅波动
sh.588090,2024-10-18,1.021,0.906,0.906,0.126932,0.126932,0.0,1.0,0,普通大幅波动
sh.588100,2022-06-02,1.093,1.029,1.029,0.062196,0.062196,0.0,1.0,0,普通大幅波动
sh.588100,2022-08-05,1.12,1.038,1.038,0.078998,0.078998,0.0,1.0,0,普通大幅波动
sh.588100,2022-10-10,0.832,0.888,0.888,-0.063063,-0.063063,0.0,1.0,0,普通大幅波动
sh.588100,2024-02-06,0.838,0.778,0.778,0.077121,0.077121,0.0,1.0,0,普通大幅波动
sh.588100,2024-09-27,0.913,0.859,0.859,0.062864,0.062864,0.0,1.0,0,普通大幅波动
sh.588100,2024-09-30,1.096,0.913,0.913,0.200438,0.200438,0.0,1.0,0,普通大幅波动
sh.588100,2024-10-08,1.315,1.096,1.096,0.199818,0.199818,0.0,1.0,0,普通大幅波动
sh.588100,2024-10-11,1.134,1.207,1.207,-0.060481,-0.060481,0.0,1.0,0,普通大幅波动
sh.588100,2024-10-18,1.279,1.12,1.12,0.141964,0.141964,0.0,1.0,0,普通大幅波动
sh.588110,2024-02-06,0.752,0.69,0.69,0.089855,0.089855,0.0,1.0,0,普通大幅波动
sh.588110,2024-09-27,0.822,0.775,0.775,0.060645,0.060645,0.0,1.0,0,普通大幅波动
sh.588110,2024-09-30,0.986,0.822,0.822,0.199513,0.199513,0.0,1.0,0,普通大幅波动
sh.588110,2024-10-08,1.183,0.986,0.986,0.199797,0.199797,0.0,1.0,0,普通大幅波动
sh.588110,2024-10-09,1.083,1.183,1.183,-0.084531,-0.084531,0.0,1.0,0,普通大幅波动
sh.588110,2024-10-11,0.965,1.035,1.035,-0.067633,-0.067633,0.0,1.0,0,普通大幅波动
sh.588110,2024-10-21,1.069,0.986,0.986,0.084178,0.084178,0.0,1.0,0,普通大幅波动
sh.588120,2024-02-06,0.73,0.663,0.663,0.101056,0.101056,0.0,1.0,0,普通大幅波动
sh.588120,2024-07-31,0.73,0.688,0.688,0.061047,0.061047,0.0,1.0,0,普通大幅波动
sh.588120,2024-09-27,0.752,0.697,0.697,0.07891,0.07891,0.0,1.0,0,普通大幅波动
sh.588120,2024-09-30,0.902,0.752,0.752,0.199468,0.199468,0.0,1.0,0,普通大幅波动
sh.588120,2024-10-08,1.082,0.902,0.902,0.199557,0.199557,0.0,1.0,0,普通大幅波动
sh.588120,2024-10-09,0.933,1.082,1.082,-0.137708,-0.137708,0.0,1.0,0,普通大幅波动
sh.588120,2024-10-11,0.843,0.905,0.905,-0.068508,-0.068508,0.0,1.0,0,普通大幅波动
sh.588120,2024-10-18,0.904,0.83,0.83,0.089157,0.089157,0.0,1.0,0,普通大幅波动
sh.588150,2022-04-25,0.621,0.662,0.662,-0.061934,-0.061934,0.0,1.0,0,普通大幅波动
sh.588150,2024-02-06,0.505,0.474,0.474,0.065401,0.065401,0.0,1.0,0,普通大幅波动
sh.588150,2024-09-27,0.523,0.484,0.484,0.080579,0.080579,0.0,1.0,0,普通大幅波动
sh.588150,2024-09-30,0.628,0.523,0.523,0.200765,0.200765,0.0,1.0,0,普通大幅波动
sh.588150,2024-10-08,0.754,0.628,0.628,0.200637,0.200637,0.0,1.0,0,普通大幅波动
sh.588150,2024-10-09,0.707,0.754,0.754,-0.062334,-0.062334,0.0,1.0,0,普通大幅波动
sh.588150,2024-10-18,0.693,0.615,0.615,0.126829,0.126829,0.0,1.0,0,普通大幅波动
sh.588160,2024-01-22,0.538,0.573,0.573,-0.061082,-0.061082,0.0,1.0,0,普通大幅波动
sh.588160,2024-02-06,0.472,0.443,0.443,0.065463,0.065463,0.0,1.0,0,普通大幅波动
sh.588160,2024-04-29,0.537,0.504,0.504,0.065476,0.065476,0.0,1.0,0,普通大幅波动
sh.588160,2024-09-27,0.48,0.446,0.446,0.076233,0.076233,0.0,1.0,0,普通大幅波动
sh.588160,2024-09-30,0.576,0.48,0.48,0.2,0.2,0.0,1.0,0,普通大幅波动
sh.588160,2024-10-08,0.691,0.576,0.576,0.199653,0.199653,0.0,1.0,0,普通大幅波动
sh.588160,2024-10-09,0.585,0.691,0.691,-0.153401,-0.153401,0.0,1.0,0,普通大幅波动
sh.588160,2024-10-11,0.536,0.572,0.572,-0.062937,-0.062937,0.0,1.0,0,普通大幅波动
sh.588160,2024-10-18,0.571,0.526,0.526,0.085551,0.085551,0.0,1.0,0,普通大幅波动
sh.588160,2024-11-11,0.716,0.652,0.652,0.09816,0.09816,0.0,1.0,0,普通大幅波动
sh.588180,2022-04-25,0.573,0.61,0.61,-0.060656,-0.060656,0.0,1.0,0,普通大幅波动
sh.588180,2024-02-06,0.466,0.439,0.439,0.061503,0.061503,0.0,1.0,0,普通大幅波动
sh.588180,2024-09-27,0.486,0.449,0.449,0.082405,0.082405,0.0,1.0,0,普通大幅波动
sh.588180,2024-09-30,0.583,0.486,0.486,0.199588,0.199588,0.0,1.0,0,普通大幅波动
sh.588180,2024-10-08,0.7,0.583,0.583,0.200686,0.200686,0.0,1.0,0,普通大幅波动
sh.588180,2024-10-09,0.645,0.7,0.7,-0.078571,-0.078571,0.0,1.0,0,普通大幅波动
sh.588180,2024-10-18,0.64,0.568,0.568,0.126761,0.126761,0.0,1.0,0,普通大幅波动
sh.588190,2024-02-06,0.732,0.661,0.661,0.107413,0.107413,0.0,1.0,0,普通大幅波动
sh.588190,2024-09-27,0.751,0.696,0.696,0.079023,0.079023,0.0,1.0,0,普通大幅波动
sh.588190,2024-09-30,0.901,0.751,0.751,0.199734,0.199734,0.0,1.0,0,普通大幅波动
sh.588190,2024-10-08,1.081,0.901,0.901,0.199778,0.199778,0.0,1.0,0,普通大幅波动
sh.588190,2024-10-09,0.932,1.081,1.081,-0.137835,-0.137835,0.0,1.0,0,普通大幅波动
sh.588190,2024-10-11,0.836,0.894,0.894,-0.064877,-0.064877,0.0,1.0,0,普通大幅波动
sh.588190,2024-10-18,0.904,0.826,0.826,0.094431,0.094431,0.0,1.0,0,普通大幅波动
sh.588200,2022-11-15,1.168,1.101,1.101,0.060854,0.060854,0.0,1.0,0,普通大幅波动
sh.588200,2023-04-14,1.491,1.406,1.406,0.060455,0.060455,0.0,1.0,0,普通大幅波动
sh.588200,2024-02-06,0.868,0.804,0.804,0.079602,0.079602,0.0,1.0,0,普通大幅波动
sh.588200,2024-02-29,1.014,0.953,0.953,0.064008,0.064008,0.0,1.0,0,普通大幅波动
sh.588200,2024-09-27,0.983,0.915,0.915,0.074317,0.074317,0.0,1.0,0,普通大幅波动
sh.588200,2024-09-30,1.18,0.983,0.983,0.200407,0.200407,0.0,1.0,0,普通大幅波动
sh.588200,2024-10-08,1.416,1.18,1.18,0.2,0.2,0.0,1.0,0,普通大幅波动
sh.588200,2024-10-10,1.325,1.491,1.491,-0.111335,-0.111335,0.0,1.0,0,普通大幅波动
sh.588200,2024-10-11,1.237,1.325,1.325,-0.066415,-0.066415,0.0,1.0,0,普通大幅波动
sh.588200,2024-10-18,1.434,1.224,1.224,0.171569,0.171569,0.0,1.0,0,普通大幅波动
sh.588200,2024-11-11,1.58,1.481,1.481,0.066847,0.066847,0.0,1.0,0,普通大幅波动
sh.588210,2024-02-06,0.699,0.645,0.645,0.083721,0.083721,0.0,1.0,0,普通大幅波动
sh.588210,2024-02-07,0.741,0.699,0.699,0.060086,0.060086,0.0,1.0,0,普通大幅波动
sh.588210,2024-09-27,0.725,0.671,0.671,0.080477,0.080477,0.0,1.0,0,普通大幅波动
sh.588210,2024-09-30,0.861,0.725,0.725,0.187586,0.187586,0.0,1.0,0,普通大幅波动
sh.588210,2024-10-08,1.033,0.861,0.861,0.199768,0.199768,0.0,1.0,0,普通大幅波动
sh.588210,2024-10-09,0.906,1.033,1.033,-0.122943,-0.122943,0.0,1.0,0,普通大幅波动
sh.588210,2024-10-11,0.814,0.875,0.875,-0.069714,-0.069714,0.0,1.0,0,普通大幅波动
sh.588210,2024-10-18,0.873,0.801,0.801,0.089888,0.089888,0.0,1.0,0,普通大幅波动
sh.588220,2024-02-06,0.726,0.664,0.664,0.093373,0.093373,0.0,1.0,0,普通大幅波动
sh.588220,2024-02-07,0.77,0.726,0.726,0.060606,0.060606,0.0,1.0,0,普通大幅波动
sh.588220,2024-09-27,0.755,0.698,0.698,0.081662,0.081662,0.0,1.0,0,普通大幅波动
sh.588220,2024-09-30,0.898,0.755,0.755,0.189404,0.189404,0.0,1.0,0,普通大幅波动
sh.588220,2024-10-08,1.078,0.898,0.898,0.200445,0.200445,0.0,1.0,0,普通大幅波动
sh.588220,2024-10-09,0.934,1.078,1.078,-0.133581,-0.133581,0.0,1.0,0,普通大幅波动
sh.588220,2024-10-11,0.841,0.905,0.905,-0.070718,-0.070718,0.0,1.0,0,普通大幅波动
sh.588220,2024-10-18,0.901,0.829,0.829,0.086852,0.086852,0.0,1.0,0,普通大幅波动
sh.588260,2022-06-02,1.099,1.035,1.035,0.061836,0.061836,0.0,1.0,0,普通大幅波动
sh.588260,2022-08-05,1.121,1.049,1.049,0.068637,0.068637,0.0,1.0,0,普通大幅波动
sh.588260,2022-10-10,0.834,0.894,0.894,-0.067114,-0.067114,0.0,1.0,0,普通大幅波动
sh.588260,2024-02-06,0.831,0.774,0.774,0.073643,0.073643,0.0,1.0,0,普通大幅波动
sh.588260,2024-09-27,0.906,0.854,0.854,0.06089,0.06089,0.0,1.0,0,普通大幅波动
sh.588260,2024-09-30,1.087,0.906,0.906,0.199779,0.199779,0.0,1.0,0,普通大幅波动
sh.588260,2024-10-08,1.304,1.087,1.087,0.199632,0.199632,0.0,1.0,0,普通大幅波动
sh.588260,2024-10-11,1.116,1.197,1.197,-0.067669,-0.067669,0.0,1.0,0,普通大幅波动
sh.588260,2024-10-18,1.274,1.109,1.109,0.148783,0.148783,0.0,1.0,0,普通大幅波动
sh.588280,2024-02-06,0.522,0.488,0.488,0.069672,0.069672,0.0,1.0,0,普通大幅波动
sh.588280,2024-09-27,0.538,0.501,0.501,0.073852,0.073852,0.0,1.0,0,普通大幅波动
sh.588280,2024-09-30,0.646,0.538,0.538,0.200743,0.200743,0.0,1.0,0,普通大幅波动
sh.588280,2024-10-08,0.775,0.646,0.646,0.19969,0.19969,0.0,1.0,0,普通大幅波动
sh.588280,2024-10-11,0.651,0.695,0.695,-0.063309,-0.063309,0.0,1.0,0,普通大幅波动
sh.588280,2024-10-18,0.719,0.635,0.635,0.132283,0.132283,0.0,1.0,0,普通大幅波动
sh.588290,2022-11-15,1.145,1.078,1.078,0.062152,0.062152,0.0,1.0,0,普通大幅波动
sh.588290,2023-04-14,1.461,1.372,1.372,0.064869,0.064869,0.0,1.0,0,普通大幅波动
sh.588290,2023-04-21,1.431,1.529,1.529,-0.064094,-0.064094,0.0,1.0,0,普通大幅波动
sh.588290,2024-02-06,0.848,0.788,0.788,0.076142,0.076142,0.0,1.0,0,普通大幅波动
sh.588290,2024-02-29,0.992,0.932,0.932,0.064378,0.064378,0.0,1.0,0,普通大幅波动
sh.588290,2024-09-27,0.954,0.891,0.891,0.070707,0.070707,0.0,1.0,0,普通大幅波动
sh.588290,2024-09-30,1.145,0.954,0.954,0.20021,0.20021,0.0,1.0,0,普通大幅波动
sh.588290,2024-10-08,1.374,1.145,1.145,0.2,0.2,0.0,1.0,0,普通大幅波动
sh.588290,2024-10-10,1.294,1.422,1.422,-0.090014,-0.090014,0.0,1.0,0,普通大幅波动
sh.588290,2024-10-11,1.21,1.294,1.294,-0.064915,-0.064915,0.0,1.0,0,普通大幅波动
sh.588290,2024-10-18,1.41,1.2,1.2,0.175,0.175,0.0,1.0,0,普通大幅波动
sh.588290,2024-11-11,1.54,1.448,1.448,0.063536,0.063536,0.0,1.0,0,普通大幅波动
sh.588300,2024-09-27,0.482,0.452,0.452,0.066372,0.066372,0.0,1.0,0,普通大幅波动
sh.588300,2024-09-30,0.578,0.482,0.482,0.19917,0.19917,0.0,1.0,0,普通大幅波动
sh.588300,2024-10-08,0.694,0.578,0.578,0.200692,0.200692,0.0,1.0,0,普通大幅波动
sh.588300,2024-10-09,0.627,0.694,0.694,-0.096542,-0.096542,0.0,1.0,0,普通大幅波动
sh.588300,2024-10-18,0.594,0.542,0.542,0.095941,0.095941,0.0,1.0,0,普通大幅波动
sh.588310,2022-09-28,0.545,0.676,0.676,-0.193787,-0.193787,0.0,1.0,0,普通大幅波动
sh.588310,2022-09-29,0.654,0.545,0.545,0.2,0.2,0.0,1.0,0,普通大幅波动
sh.588310,2024-09-30,0.628,0.523,0.523,0.200765,0.200765,0.0,1.0,0,普通大幅波动
sh.588310,2024-10-08,0.754,0.628,0.628,0.200637,0.200637,0.0,1.0,0,普通大幅波动
sh.588310,2024-10-09,0.682,0.754,0.754,-0.095491,-0.095491,0.0,1.0,0,普通大幅波动
sh.588310,2024-10-18,0.653,0.585,0.585,0.116239,0.116239,0.0,1.0,0,普通大幅波动
sh.588320,2024-09-27,0.75,0.7,0.7,0.071429,0.071429,0.0,1.0,0,普通大幅波动
sh.588320,2024-09-30,0.896,0.75,0.75,0.194667,0.194667,0.0,1.0,0,普通大幅波动
sh.588320,2024-10-08,1.075,0.896,0.896,0.199777,0.199777,0.0,1.0,0,普通大幅波动
sh.588320,2024-10-09,0.937,1.075,1.075,-0.128372,-0.128372,0.0,1.0,0,普通大幅波动
sh.588320,2024-10-18,0.926,0.839,0.839,0.103695,0.103695,0.0,1.0,0,普通大幅波动
sh.588330,2024-09-27,0.478,0.448,0.448,0.066964,0.066964,0.0,1.0,0,普通大幅波动
sh.588330,2024-09-30,0.574,0.478,0.478,0.200837,0.200837,0.0,1.0,0,普通大幅波动
sh.588330,2024-10-08,0.689,0.574,0.574,0.200348,0.200348,0.0,1.0,0,普通大幅波动
sh.588330,2024-10-09,0.616,0.689,0.689,-0.105951,-0.105951,0.0,1.0,0,普通大幅波动
sh.588330,2024-10-18,0.599,0.539,0.539,0.111317,0.111317,0.0,1.0,0,普通大幅波动
sh.588350,2024-09-27,0.726,0.678,0.678,0.070796,0.070796,0.0,1.0,0,普通大幅波动
sh.588350,2024-09-30,0.871,0.726,0.726,0.199725,0.199725,0.0,1.0,0,普通大幅波动
sh.588350,2024-10-08,1.045,0.871,0.871,0.19977,0.19977,0.0,1.0,0,普通大幅波动
sh.588350,2024-10-09,0.95,1.045,1.045,-0.090909,-0.090909,0.0,1.0,0,普通大幅波动
sh.588350,2024-10-11,0.855,0.911,0.911,-0.061471,-0.061471,0.0,1.0,0,普通大幅波动
sh.588350,2024-10-18,0.93,0.818,0.818,0.136919,0.136919,0.0,1.0,0,普通大幅波动
sh.588360,2024-09-27,0.505,0.472,0.472,0.069915,0.069915,0.0,1.0,0,普通大幅波动
sh.588360,2024-09-30,0.606,0.505,0.505,0.2,0.2,0.0,1.0,0,普通大幅波动
sh.588360,2024-10-08,0.727,0.606,0.606,0.19967,0.19967,0.0,1.0,0,普通大幅波动
sh.588360,2024-10-09,0.643,0.727,0.727,-0.115543,-0.115543,0.0,1.0,0,普通大幅波动
sh.588360,2024-10-18,0.624,0.566,0.566,0.102473,0.102473,0.0,1.0,0,普通大幅波动
sh.588370,2024-09-30,0.877,0.731,0.731,0.199726,0.199726,0.0,1.0,0,普通大幅波动
sh.588370,2024-10-08,1.052,0.877,0.877,0.199544,0.199544,0.0,1.0,0,普通大幅波动
sh.588370,2024-10-09,0.977,1.052,1.052,-0.071293,-0.071293,0.0,1.0,0,普通大幅波动
sh.588370,2024-10-11,0.88,0.937,0.937,-0.060832,-0.060832,0.0,1.0,0,普通大幅波动
sh.588370,2024-10-18,0.968,0.872,0.872,0.110092,0.110092,0.0,1.0,0,普通大幅波动
sh.588380,2024-09-27,0.482,0.45,0.45,0.071111,0.071111,0.0,1.0,0,普通大幅波动
sh.588380,2024-09-30,0.578,0.482,0.482,0.19917,0.19917,0.0,1.0,0,普通大幅波动
sh.588380,2024-10-08,0.694,0.578,0.578,0.200692,0.200692,0.0,1.0,0,普通大幅波动
sh.588380,2024-10-09,0.628,0.694,0.694,-0.095101,-0.095101,0.0,1.0,0,普通大幅波动
sh.588380,2024-10-18,0.596,0.54,0.54,0.103704,0.103704,0.0,1.0,0,普通大幅波动
sh.588390,2022-04-25,0.601,0.64,0.64,-0.060938,-0.060938,0.0,1.0,0,普通大幅波动
sh.588390,2024-09-27,0.512,0.482,0.482,0.062241,0.062241,0.0,1.0,0,普通大幅波动
sh.588390,2024-09-30,0.614,0.512,0.512,0.199219,0.199219,0.0,1.0,0,普通大幅波动
sh.588390,2024-10-08,0.737,0.614,0.614,0.200326,0.200326,0.0,1.0,0,普通大幅波动
sh.588390,2024-10-09,0.664,0.737,0.737,-0.09905,-0.09905,0.0,1.0,0,普通大幅波动
sh.588390,2024-10-11,0.605,0.644,0.644,-0.060559,-0.060559,0.0,1.0,0,普通大幅波动
sh.588390,2024-10-18,0.643,0.579,0.579,0.110535,0.110535,0.0,1.0,0,普通大幅波动
sh.588400,2024-09-27,0.476,0.445,0.445,0.069663,0.069663,0.0,1.0,0,普通大幅波动
sh.588400,2024-09-30,0.571,0.476,0.476,0.19958,0.19958,0.0,1.0,0,普通大幅波动
sh.588400,2024-10-08,0.685,0.571,0.571,0.19965,0.19965,0.0,1.0,0,普通大幅波动
sh.588400,2024-10-09,0.609,0.685,0.685,-0.110949,-0.110949,0.0,1.0,0,普通大幅波动
sh.588400,2024-10-11,0.558,0.594,0.594,-0.060606,-0.060606,0.0,1.0,0,普通大幅波动
sh.588400,2024-10-18,0.59,0.534,0.534,0.104869,0.104869,0.0,1.0,0,普通大幅波动
sh.588450,2024-09-30,1.168,0.973,0.973,0.200411,0.200411,0.0,1.0,0,普通大幅波动
sh.588450,2024-10-08,1.402,1.168,1.168,0.200342,0.200342,0.0,1.0,0,普通大幅波动
sh.588450,2024-10-09,1.316,1.402,1.402,-0.061341,-0.061341,0.0,1.0,0,普通大幅波动
sh.588450,2024-10-18,1.279,1.152,1.152,0.110243,0.110243,0.0,1.0,0,普通大幅波动
sh.588460,2024-02-06,0.755,0.709,0.709,0.06488,0.06488,0.0,1.0,0,普通大幅波动
sh.588460,2024-09-30,0.979,0.816,0.816,0.199755,0.199755,0.0,1.0,0,普通大幅波动
sh.588460,2024-10-08,1.175,0.979,0.979,0.200204,0.200204,0.0,1.0,0,普通大幅波动
sh.588460,2024-10-09,1.103,1.175,1.175,-0.061277,-0.061277,0.0,1.0,0,普通大幅波动
sh.588460,2024-10-11,0.992,1.06,1.06,-0.064151,-0.064151,0.0,1.0,0,普通大幅波动
sh.588460,2024-10-18,1.098,0.978,0.978,0.122699,0.122699,0.0,1.0,0,普通大幅波动
sh.588500,2024-09-26,1.035,0.926,0.926,0.117711,0.117711,0.0,1.0,0,普通大幅波动
sh.588500,2024-09-27,1.242,1.035,1.035,0.2,0.2,0.0,1.0,0,普通大幅波动
sh.588500,2024-10-08,1.556,1.297,1.297,0.199692,0.199692,0.0,1.0,0,普通大幅波动
sh.588500,2024-10-09,1.297,1.556,1.556,-0.166452,-0.166452,0.0,1.0,0,普通大幅波动
sh.588500,2024-10-11,1.185,1.264,1.264,-0.0625,-0.0625,0.0,1.0,0,普通大幅波动
sh.588500,2024-10-18,1.266,1.172,1.172,0.080205,0.080205,0.0,1.0,0,普通大幅波动
sh.588500,2024-11-05,1.314,1.236,1.236,0.063107,0.063107,0.0,1.0,0,普通大幅波动
sh.588500,2024-11-11,1.438,1.355,1.355,0.061255,0.061255,0.0,1.0,0,普通大幅波动
sh.588680,2024-09-30,1.218,1.015,1.015,0.2,0.2,0.0,1.0,0,普通大幅波动
sh.588680,2024-10-08,1.462,1.218,1.218,0.200328,0.200328,0.0,1.0,0,普通大幅波动
sh.588680,2024-10-09,1.243,1.462,1.462,-0.149795,-0.149795,0.0,1.0,0,普通大幅波动
sh.588680,2024-10-11,1.144,1.231,1.231,-0.070674,-0.070674,0.0,1.0,0,普通大幅波动
sh.588680,2024-10-18,1.245,1.149,1.149,0.083551,0.083551,0.0,1.0,0,普通大幅波动
sh.588700,2024-02-06,0.841,0.772,0.772,0.089378,0.089378,0.0,1.0,0,普通大幅波动
sh.588700,2024-09-27,0.797,0.74,0.74,0.077027,0.077027,0.0,1.0,0,普通大幅波动
sh.588700,2024-09-30,0.946,0.797,0.797,0.186951,0.186951,0.0,1.0,0,普通大幅波动
sh.588700,2024-10-08,1.119,0.946,0.946,0.182875,0.182875,0.0,1.0,0,普通大幅波动
sh.588700,2024-10-09,0.915,1.119,1.119,-0.182306,-0.182306,0.0,1.0,0,普通大幅波动
sh.588700,2024-10-11,0.856,0.918,0.918,-0.067538,-0.067538,0.0,1.0,0,普通大幅波动
sh.588700,2024-10-18,0.88,0.828,0.828,0.062802,0.062802,0.0,1.0,0,普通大幅波动
sh.588800,2024-02-06,0.696,0.635,0.635,0.096063,0.096063,0.0,1.0,0,普通大幅波动
sh.588800,2024-09-27,0.718,0.669,0.669,0.073244,0.073244,0.0,1.0,0,普通大幅波动
sh.588800,2024-09-30,0.862,0.718,0.718,0.200557,0.200557,0.0,1.0,0,普通大幅波动
sh.588800,2024-10-08,1.034,0.862,0.862,0.199536,0.199536,0.0,1.0,0,普通大幅波动
sh.588800,2024-10-09,0.911,1.034,1.034,-0.118956,-0.118956,0.0,1.0,0,普通大幅波动
sh.588800,2024-10-11,0.815,0.873,0.873,-0.066438,-0.066438,0.0,1.0,0,普通大幅波动
sh.588800,2024-10-18,0.869,0.801,0.801,0.084894,0.084894,0.0,1.0,0,普通大幅波动
sh.588830,2024-09-30,1.242,1.035,1.035,0.2,0.2,0.0,1.0,0,普通大幅波动
sh.588830,2024-10-08,1.49,1.242,1.242,0.199678,0.199678,0.0,1.0,0,普通大幅波动
sh.588830,2024-10-09,1.241,1.49,1.49,-0.167114,-0.167114,0.0,1.0,0,普通大幅波动
sh.588830,2024-10-18,1.172,1.1,1.1,0.065455,0.065455,0.0,1.0,0,普通大幅波动
sh.588830,2024-10-25,1.364,1.238,1.238,0.101777,0.101777,0.0,1.0,0,普通大幅波动
sh.588830,2024-11-11,1.456,1.372,1.372,0.061224,0.061224,0.0,1.0,0,普通大幅波动
sh.588860,2024-09-30,1.24,1.034,1.034,0.199226,0.199226,0.0,1.0,0,普通大幅波动
sh.588860,2024-10-08,1.483,1.24,1.24,0.195968,0.195968,0.0,1.0,0,普通大幅波动
sh.588860,2024-10-09,1.218,1.483,1.483,-0.178692,-0.178692,0.0,1.0,0,普通大幅波动
sh.588860,2024-10-18,1.169,1.097,1.097,0.065634,0.065634,0.0,1.0,0,普通大幅波动
sh.588880,2024-02-06,0.699,0.64,0.64,0.092187,0.092187,0.0,1.0,0,普通大幅波动
sh.588880,2024-09-27,0.723,0.668,0.668,0.082335,0.082335,0.0,1.0,0,普通大幅波动
sh.588880,2024-09-30,0.853,0.723,0.723,0.179806,0.179806,0.0,1.0,0,普通大幅波动
sh.588880,2024-10-08,1.024,0.853,0.853,0.200469,0.200469,0.0,1.0,0,普通大幅波动
sh.588880,2024-10-09,0.91,1.024,1.024,-0.111328,-0.111328,0.0,1.0,0,普通大幅波动
sh.588880,2024-10-11,0.811,0.87,0.87,-0.067816,-0.067816,0.0,1.0,0,普通大幅波动
sh.588880,2024-10-18,0.865,0.796,0.796,0.086683,0.086683,0.0,1.0,0,普通大幅波动
sh.588890,2024-07-31,1.144,1.073,1.073,0.06617,0.06617,0.0,1.0,0,普通大幅波动
sh.588890,2024-09-27,1.219,1.018,1.018,0.197446,0.197446,0.0,1.0,0,普通大幅波动
sh.588890,2024-09-30,1.35,1.219,1.219,0.107465,0.107465,0.0,1.0,0,普通大幅波动
sh.588890,2024-10-08,1.62,1.35,1.35,0.2,0.2,0.0,1.0,0,普通大幅波动
sh.588890,2024-10-10,1.483,1.612,1.612,-0.080025,-0.080025,0.0,1.0,0,普通大幅波动
sh.588890,2024-10-11,1.385,1.483,1.483,-0.066082,-0.066082,0.0,1.0,0,普通大幅波动
sh.588890,2024-10-18,1.613,1.369,1.369,0.178232,0.178232,0.0,1.0,0,普通大幅波动
sh.588890,2024-11-11,1.776,1.669,1.669,0.06411,0.06411,0.0,1.0,0,普通大幅波动
sh.588900,2024-01-31,0.717,0.765,0.765,-0.062745,-0.062745,0.0,1.0,0,普通大幅波动
sh.588900,2024-02-06,0.725,0.664,0.664,0.091867,0.091867,0.0,1.0,0,普通大幅波动
sh.588900,2024-09-27,0.738,0.693,0.693,0.064935,0.064935,0.0,1.0,0,普通大幅波动
sh.588900,2024-09-30,0.886,0.738,0.738,0.200542,0.200542,0.0,1.0,0,普通大幅波动
sh.588900,2024-10-08,1.062,0.886,0.886,0.198646,0.198646,0.0,1.0,0,普通大幅波动
sh.588900,2024-10-09,0.931,1.062,1.062,-0.123352,-0.123352,0.0,1.0,0,普通大幅波动
sh.588900,2024-10-11,0.836,0.899,0.899,-0.070078,-0.070078,0.0,1.0,0,普通大幅波动
sh.588900,2024-10-18,0.903,0.827,0.827,0.091898,0.091898,0.0,1.0,0,普通大幅波动
sh.588990,2024-09-30,1.22,1.017,1.017,0.199607,0.199607,0.0,1.0,0,普通大幅波动
sh.588990,2024-10-08,1.464,1.22,1.22,0.2,0.2,0.0,1.0,0,普通大幅波动
sh.588990,2024-10-09,1.579,1.464,1.464,0.078552,0.078552,0.0,1.0,0,普通大幅波动
sh.588990,2024-10-10,1.387,1.579,1.579,-0.121596,-0.121596,0.0,1.0,0,普通大幅波动
sh.588990,2024-10-11,1.295,1.387,1.387,-0.06633,-0.06633,0.0,1.0,0,普通大幅波动
sh.588990,2024-10-18,1.516,1.28,1.28,0.184375,0.184375,0.0,1.0,0,普通大幅波动
sh.588990,2024-11-11,1.65,1.55,1.55,0.064516,0.064516,0.0,1.0,0,普通大幅波动
sz.159150,2024-09-27,1.11,1.039,1.039,0.068335,0.068335,0.0,1.0,0,普通大幅波动
sz.159150,2024-09-30,1.221,1.11,1.11,0.1,0.1,0.0,1.0,0,普通大幅波动
sz.159150,2024-10-08,1.343,1.221,1.221,0.099918,0.099918,0.0,1.0,0,普通大幅波动
sz.159150,2024-10-09,1.229,1.343,1.343,-0.084885,-0.084885,0.0,1.0,0,普通大幅波动
sz.159300,2024-06-25,3.462,3.489,0.973,2.558068,-0.007739,2.585817,0.2789,0,拆分合并型
sz.159300,2024-09-27,3.909,3.645,3.645,0.072428,0.072428,0.0,1.0,0,普通大幅波动
sz.159300,2024-09-30,4.271,3.909,3.909,0.092607,0.092607,0.0,1.0,0,普通大幅波动
sz.159300,2024-10-08,4.531,4.271,4.271,0.060876,0.060876,0.0,1.0,0,普通大幅波动
sz.159300,2024-10-09,4.078,4.531,4.531,-0.099978,-0.099978,0.0,1.0,0,普通大幅波动
sz.159303,2024-09-30,1.217,1.106,1.106,0.100362,0.100362,0.0,1.0,0,普通大幅波动
sz.159303,2024-10-09,1.159,1.244,1.244,-0.068328,-0.068328,0.0,1.0,0,普通大幅波动
sz.159305,2024-09-27,1.116,1.026,,,0.087719,,,,普通大幅波动
sz.159305,2024-09-30,1.228,1.116,1.116,0.100358,0.100358,0.0,1.0,0,普通大幅波动
sz.159305,2024-10-08,1.351,1.228,1.228,0.100163,0.100163,0.0,1.0,0,普通大幅波动
sz.159305,2024-10-09,1.26,1.351,1.351,-0.067358,-0.067358,0.0,1.0,0,普通大幅波动
sz.159306,2024-09-30,1.046,0.954,0.954,0.096436,0.096436,0.0,1.0,0,普通大幅波动
sz.159306,2024-10-08,1.121,1.046,1.046,0.071702,0.071702,0.0,1.0,0,普通大幅波动
sz.159306,2024-10-09,1.039,1.121,1.121,-0.073149,-0.073149,0.0,1.0,0,普通大幅波动
sz.159307,2024-09-30,1.057,0.987,0.987,0.070922,0.070922,0.0,1.0,0,普通大幅波动
sz.159307,2024-10-09,1.003,1.081,1.081,-0.072155,-0.072155,0.0,1.0,0,普通大幅波动
sz.159309,2024-09-30,1.019,0.954,0.954,0.068134,0.068134,0.0,1.0,0,普通大幅波动
sz.159309,2024-10-09,0.98,1.062,1.062,-0.077213,-0.077213,0.0,1.0,0,普通大幅波动
sz.159310,2024-09-27,1.054,0.958,0.958,0.100209,0.100209,0.0,1.0,0,普通大幅波动
sz.159310,2024-09-30,1.159,1.054,1.054,0.09962,0.09962,0.0,1.0,0,普通大幅波动
sz.159310,2024-10-08,1.275,1.159,1.159,0.100086,0.100086,0.0,1.0,0,普通大幅波动
sz.159310,2024-10-09,1.403,1.275,1.275,0.100392,0.100392,0.0,1.0,0,普通大幅波动
sz.159310,2024-10-11,1.251,1.347,1.347,-0.071269,-0.071269,0.0,1.0,0,普通大幅波动
sz.159310,2024-10-18,1.363,1.239,1.239,0.100081,0.100081,0.0,1.0,0,普通大幅波动
sz.159315,2024-09-30,1.05,0.985,0.985,0.06599,0.06599,0.0,1.0,0,普通大幅波动
sz.159315,2024-10-09,0.958,1.032,1.032,-0.071705,-0.071705,0.0,1.0,0,普通大幅波动
sz.159321,2024-09-30,0.994,0.937,0.937,0.060832,0.060832,0.0,1.0,0,普通大幅波动
sz.159321,2024-10-09,0.897,0.978,0.978,-0.082822,-0.082822,0.0,1.0,0,普通大幅波动
sz.159322,2024-09-30,1.057,0.992,0.992,0.065524,0.065524,0.0,1.0,0,普通大幅波动
sz.159322,2024-10-09,0.974,1.042,1.042,-0.065259,-0.065259,0.0,1.0,0,普通大幅波动
sz.159322,2024-10-11,1.075,0.977,0.977,0.100307,0.100307,0.0,1.0,0,普通大幅波动
sz.159326,2024-09-30,1.193,1.085,1.085,0.099539,0.099539,0.0,1.0,0,普通大幅波动
sz.159327,2024-09-27,0.966,0.906,0.906,0.066225,0.066225,0.0,1.0,0,普通大幅波动
sz.159327,2024-09-30,1.063,0.966,0.966,0.100414,0.100414,0.0,1.0,0,普通大幅波动
sz.159327,2024-10-08,1.169,1.063,1.063,0.099718,0.099718,0.0,1.0,0,普通大幅波动
sz.159327,2024-10-09,1.286,1.169,1.169,0.100086,0.100086,0.0,1.0,0,普通大幅波动
sz.159327,2024-10-10,1.206,1.286,1.286,-0.062208,-0.062208,0.0,1.0,0,普通大幅波动
sz.159327,2024-10-11,1.126,1.206,1.206,-0.066335,-0.066335,0.0,1.0,0,普通大幅波动
sz.159327,2024-10-18,1.231,1.119,1.119,0.100089,0.100089,0.0,1.0,0,普通大幅波动
sz.159327,2024-11-11,1.498,1.399,1.399,0.070765,0.070765,0.0,1.0,0,普通大幅波动
sz.159329,2024-07-16,1.079,0.981,,,0.099898,,,,普通大幅波动
sz.159329,2024-07-17,1.187,1.079,1.079,0.100093,0.100093,0.0,1.0,0,普通大幅波动
sz.159329,2024-07-18,1.108,1.187,1.187,-0.066554,-0.066554,0.0,1.0,0,普通大幅波动
sz.159329,2024-08-05,0.95,1.028,1.028,-0.075875,-0.075875,0.0,1.0,0,普通大幅波动
sz.159330,2024-09-27,1.17,1.07,1.07,0.093458,0.093458,0.0,1.0,0,普通大幅波动
sz.159330,2024-09-30,1.26,1.17,1.17,0.076923,0.076923,0.0,1.0,0,普通大幅波动
sz.159330,2024-10-08,1.347,1.26,1.26,0.069048,0.069048,0.0,1.0,0,普通大幅波动
sz.159330,2024-10-09,1.212,1.347,1.347,-0.100223,-0.100223,0.0,1.0,0,普通大幅波动
sz.159331,2024-12-26,1.276,1.16,1.16,0.1,0.1,0.0,1.0,0,普通大幅波动
sz.159331,2024-12-27,1.148,1.276,1.276,-0.100313,-0.100313,0.0,1.0,0,普通大幅波动
sz.159332,2024-09-30,1.116,1.042,1.042,0.071017,0.071017,0.0,1.0,0,普通大幅波动
sz.159332,2024-10-09,1.066,1.136,1.136,-0.06162,-0.06162,0.0,1.0,0,普通大幅波动
sz.159333,2024-09-30,1.124,1.056,1.056,0.064394,0.064394,0.0,1.0,0,普通大幅波动
sz.159333,2024-10-08,1.219,1.124,1.124,0.08452,0.08452,0.0,1.0,0,普通大幅波动
sz.159333,2024-10-09,1.11,1.219,1.219,-0.089418,-0.089418,0.0,1.0,0,普通大幅波动
sz.159333,2024-12-25,1.303,1.217,1.217,0.070666,0.070666,0.0,1.0,0,普通大幅波动
sz.159333,2024-12-27,1.238,1.376,1.376,-0.100291,-0.100291,0.0,1.0,0,普通大幅波动
sz.159335,2024-09-30,1.185,1.084,1.084,0.093173,0.093173,0.0,1.0,0,普通大幅波动
sz.159335,2024-10-08,1.273,1.185,1.185,0.074262,0.074262,0.0,1.0,0,普通大幅波动
sz.159335,2024-10-09,1.156,1.273,1.273,-0.091909,-0.091909,0.0,1.0,0,普通大幅波动
sz.159337,2024-09-27,1.179,1.094,1.094,0.077697,0.077697,0.0,1.0,0,普通大幅波动
sz.159337,2024-09-30,1.297,1.179,1.179,0.100085,0.100085,0.0,1.0,0,普通大幅波动
sz.159337,2024-10-08,1.41,1.297,1.297,0.087124,0.087124,0.0,1.0,0,普通大幅波动
sz.159337,2024-10-09,1.269,1.41,1.41,-0.1,-0.1,0.0,1.0,0,普通大幅波动
sz.159350,2024-09-27,1.132,1.036,1.036,0.092664,0.092664,0.0,1.0,0,普通大幅波动
sz.159350,2024-09-30,1.245,1.132,1.132,0.099823,0.099823,0.0,1.0,0,普通大幅波动
sz.159350,2024-10-08,1.37,1.245,1.245,0.100402,0.100402,0.0,1.0,0,普通大幅波动
sz.159350,2024-10-09,1.233,1.37,1.37,-0.1,-0.1,0.0,1.0,0,普通大幅波动
sz.159501,2024-08-05,1.185,1.28,1.28,-0.074219,-0.074219,0.0,1.0,0,普通大幅波动
sz.159502,2024-02-28,1.129,1.061,1.061,0.06409,0.06409,0.0,1.0,0,普通大幅波动
sz.159503,2023-07-28,1.114,1.039,1.039,0.072185,0.072185,0.0,1.0,0,普通大幅波动
sz.159505,2024-02-05,0.712,0.763,0.763,-0.066841,-0.066841,0.0,1.0,0,普通大幅波动
sz.159505,2024-02-08,0.816,0.759,0.759,0.075099,0.075099,0.0,1.0,0,普通大幅波动
sz.159505,2024-09-27,0.867,0.813,0.813,0.066421,0.066421,0.0,1.0,0,普通大幅波动
sz.159505,2024-09-30,0.952,0.867,0.867,0.098039,0.098039,0.0,1.0,0,普通大幅波动
sz.159505,2024-10-08,1.047,0.952,0.952,0.09979,0.09979,0.0,1.0,0,普通大幅波动
sz.159505,2024-10-09,0.942,1.047,1.047,-0.100287,-0.100287,0.0,1.0,0,普通大幅波动
sz.159505,2024-10-18,0.96,0.901,0.901,0.065483,0.065483,0.0,1.0,0,普通大幅波动
sz.159506,2023-10-27,1.004,0.947,0.947,0.06019,0.06019,0.0,1.0,0,普通大幅波动
sz.159506,2023-12-04,0.966,1.028,1.028,-0.060311,-0.060311,0.0,1.0,0,普通大幅波动
sz.159506,2024-02-06,0.757,0.71,0.71,0.066197,0.066197,0.0,1.0,0,普通大幅波动
sz.159506,2024-09-27,0.862,0.801,0.801,0.076155,0.076155,0.0,1.0,0,普通大幅波动
sz.159506,2024-09-30,0.948,0.862,0.862,0.099768,0.099768,0.0,1.0,0,普通大幅波动
sz.159506,2024-10-09,0.888,0.958,0.958,-0.073069,-0.073069,0.0,1.0,0,普通大幅波动
sz.159507,2024-02-19,0.855,0.805,0.805,0.062112,0.062112,0.0,1.0,0,普通大幅波动
sz.159507,2024-09-30,1.029,0.941,0.941,0.093518,0.093518,0.0,1.0,0,普通大幅波动
sz.159507,2024-10-08,1.132,1.029,1.029,0.100097,0.100097,0.0,1.0,0,普通大幅波动
sz.159508,2024-02-06,0.816,0.748,0.748,0.090909,0.090909,0.0,1.0,0,普通大幅波动
sz.159508,2024-09-27,0.767,0.713,0.713,0.075736,0.075736,0.0,1.0,0,普通大幅波动
sz.159508,2024-09-30,0.844,0.767,0.767,0.100391,0.100391,0.0,1.0,0,普通大幅波动
sz.159508,2024-10-08,0.928,0.844,0.844,0.099526,0.099526,0.0,1.0,0,普通大幅波动
sz.159508,2024-10-11,0.804,0.873,0.873,-0.079038,-0.079038,0.0,1.0,0,普通大幅波动
sz.159509,2024-08-02,1.481,1.59,1.59,-0.068553,-0.068553,0.0,1.0,0,普通大幅波动
sz.159509,2024-08-05,1.333,1.481,1.481,-0.099932,-0.099932,0.0,1.0,0,普通大幅波动
sz.159509,2024-09-04,1.445,1.575,1.575,-0.08254,-0.08254,0.0,1.0,0,普通大幅波动
sz.159510,2024-09-30,1.185,1.077,1.077,0.100279,0.100279,0.0,1.0,0,普通大幅波动
sz.159510,2024-10-09,1.121,1.245,1.245,-0.099598,-0.099598,0.0,1.0,0,普通大幅波动
sz.159511,2024-02-19,0.87,0.819,0.819,0.062271,0.062271,0.0,1.0,0,普通大幅波动
sz.159511,2024-09-30,1.03,0.936,0.936,0.100427,0.100427,0.0,1.0,0,普通大幅波动
sz.159511,2024-10-08,1.133,1.03,1.03,0.1,0.1,0.0,1.0,0,普通大幅波动
sz.159511,2024-10-09,1.053,1.133,1.133,-0.070609,-0.070609,0.0,1.0,0,普通大幅波动
sz.159512,2024-09-30,1.309,1.19,1.19,0.1,0.1,0.0,1.0,0,普通大幅波动
sz.159512,2024-10-08,1.439,1.309,1.309,0.099312,0.099312,0.0,1.0,0,普通大幅波动
sz.159512,2024-10-09,1.295,1.439,1.439,-0.100069,-0.100069,0.0,1.0,0,普通大幅波动
sz.159513,2024-08-05,1.059,1.139,1.139,-0.070237,-0.070237,0.0,1.0,0,普通大幅波动
sz.159515,2024-09-30,1.153,1.053,1.053,0.094967,0.094967,0.0,1.0,0,普通大幅波动
sz.159515,2024-10-09,1.05,1.137,1.137,-0.076517,-0.076517,0.0,1.0,0,普通大幅波动
sz.159515,2024-10-10,1.114,1.05,1.05,0.060952,0.060952,0.0,1.0,0,普通大幅波动
sz.159516,2024-02-06,0.713,0.668,0.668,0.067365,0.067365,0.0,1.0,0,普通大幅波动
sz.159516,2024-02-29,0.847,0.784,0.784,0.080357,0.080357,0.0,1.0,0,普通大幅波动
sz.159516,2024-09-27,0.829,0.765,0.765,0.08366,0.08366,0.0,1.0,0,普通大幅波动
sz.159516,2024-09-30,0.912,0.829,0.829,0.100121,0.100121,0.0,1.0,0,普通大幅波动
sz.159516,2024-10-08,1.003,0.912,0.912,0.099781,0.099781,0.0,1.0,0,普通大幅波动
sz.159516,2024-10-09,1.094,1.003,1.003,0.090728,0.090728,0.0,1.0,0,普通大幅波动
sz.159516,2024-10-10,1.014,1.094,1.094,-0.073126,-0.073126,0.0,1.0,0,普通大幅波动
sz.159516,2024-10-11,0.948,1.014,1.014,-0.065089,-0.065089,0.0,1.0,0,普通大幅波动
sz.159516,2024-10-18,1.036,0.942,0.942,0.099788,0.099788,0.0,1.0,0,普通大幅波动
sz.159516,2024-11-11,1.27,1.181,1.181,0.07536,0.07536,0.0,1.0,0,普通大幅波动
sz.159517,2024-09-30,1.077,1.0,1.0,0.077,0.077,0.0,1.0,0,普通大幅波动
sz.159517,2024-10-09,1.065,1.139,1.139,-0.064969,-0.064969,0.0,1.0,0,普通大幅波动
sz.159518,2024-08-05,0.938,1.001,1.001,-0.062937,-0.062937,0.0,1.0,0,普通大幅波动
sz.159518,2024-10-08,0.971,0.91,0.91,0.067033,0.067033,0.0,1.0,0,普通大幅波动
sz.159518,2024-12-23,0.964,0.896,0.896,0.075893,0.075893,0.0,1.0,0,普通大幅波动
sz.159520,2024-02-06,0.952,0.893,0.893,0.066069,0.066069,0.0,1.0,0,普通大幅波动
sz.159520,2024-09-26,0.997,0.928,0.928,0.074353,0.074353,0.0,1.0,0,普通大幅波动
sz.159520,2024-09-27,1.097,0.997,0.997,0.100301,0.100301,0.0,1.0,0,普通大幅波动
sz.159520,2024-09-30,1.18,1.097,1.097,0.075661,0.075661,0.0,1.0,0,普通大幅波动
sz.159520,2024-10-09,1.056,1.171,1.171,-0.098207,-0.098207,0.0,1.0,0,普通大幅波动
sz.159521,2024-02-05,0.723,0.77,0.77,-0.061039,-0.061039,0.0,1.0,0,普通大幅波动
sz.159521,2024-09-27,0.841,0.785,0.785,0.071338,0.071338,0.0,1.0,0,普通大幅波动
sz.159521,2024-09-30,0.925,0.841,0.841,0.099881,0.099881,0.0,1.0,0,普通大幅波动
sz.159521,2024-10-08,0.995,0.925,0.925,0.075676,0.075676,0.0,1.0,0,普通大幅波动
sz.159521,2024-10-09,0.899,0.995,0.995,-0.096482,-0.096482,0.0,1.0,0,普通大幅波动
sz.159522,2024-02-05,0.708,0.761,0.761,-0.069645,-0.069645,0.0,1.0,0,普通大幅波动
sz.159522,2024-02-08,0.804,0.757,0.757,0.062087,0.062087,0.0,1.0,0,普通大幅波动
sz.159523,2024-09-27,0.998,0.911,0.911,0.095499,0.095499,0.0,1.0,0,普通大幅波动
sz.159523,2024-09-30,1.085,0.998,0.998,0.087174,0.087174,0.0,1.0,0,普通大幅波动
sz.159523,2024-10-08,1.188,1.085,1.085,0.094931,0.094931,0.0,1.0,0,普通大幅波动
sz.159523,2024-10-09,1.069,1.188,1.188,-0.100168,-0.100168,0.0,1.0,0,普通大幅波动
sz.159525,2024-10-09,0.985,1.059,1.059,-0.069877,-0.069877,0.0,1.0,0,普通大幅波动
sz.159526,2024-09-27,0.958,0.89,0.89,0.076404,0.076404,0.0,1.0,0,普通大幅波动
sz.159526,2024-09-30,1.054,0.958,0.958,0.100209,0.100209,0.0,1.0,0,普通大幅波动
sz.159526,2024-10-08,1.159,1.054,1.054,0.09962,0.09962,0.0,1.0,0,普通大幅波动
sz.159526,2024-10-09,1.08,1.159,1.159,-0.068162,-0.068162,0.0,1.0,0,普通大幅波动
sz.159526,2024-11-04,1.092,1.025,1.025,0.065366,0.065366,0.0,1.0,0,普通大幅波动
sz.159526,2024-11-29,1.163,1.093,1.093,0.064044,0.064044,0.0,1.0,0,普通大幅波动
sz.159527,2024-02-06,0.945,0.878,0.878,0.07631,0.07631,0.0,1.0,0,普通大幅波动
sz.159527,2024-02-27,1.167,1.089,1.089,0.071625,0.071625,0.0,1.0,0,普通大幅波动
sz.159527,2024-09-27,1.111,1.035,1.035,0.07343,0.07343,0.0,1.0,0,普通大幅波动
sz.159527,2024-09-30,1.222,1.111,1.111,0.09991,0.09991,0.0,1.0,0,普通大幅波动
sz.159527,2024-10-08,1.344,1.222,1.222,0.099836,0.099836,0.0,1.0,0,普通大幅波动
sz.159527,2024-10-18,1.38,1.297,1.297,0.063994,0.063994,0.0,1.0,0,普通大幅波动
sz.159528,2024-09-30,1.134,1.039,1.039,0.091434,0.091434,0.0,1.0,0,普通大幅波动
sz.159528,2024-10-08,1.219,1.134,1.134,0.074956,0.074956,0.0,1.0,0,普通大幅波动
sz.159528,2024-10-09,1.097,1.219,1.219,-0.100082,-0.100082,0.0,1.0,0,普通大幅波动
sz.159529,2024-11-27,1.492,1.363,1.363,0.094644,0.094644,0.0,1.0,0,普通大幅波动
sz.159529,2024-12-19,1.444,1.552,1.552,-0.069588,-0.069588,0.0,1.0,0,普通大幅波动
sz.159529,2024-12-25,1.629,1.536,1.536,0.060547,0.060547,0.0,1.0,0,普通大幅波动
sz.159530,2024-02-06,0.87,0.81,0.81,0.074074,0.074074,0.0,1.0,0,普通大幅波动
sz.159530,2024-09-27,0.941,0.884,0.884,0.06448,0.06448,0.0,1.0,0,普通大幅波动
sz.159530,2024-09-30,1.035,0.941,0.941,0.099894,0.099894,0.0,1.0,0,普通大幅波动
sz.159530,2024-10-08,1.139,1.035,1.035,0.100483,0.100483,0.0,1.0,0,普通大幅波动
sz.159530,2024-10-18,1.071,1.009,1.009,0.061447,0.061447,0.0,1.0,0,普通大幅波动
sz.159531,2024-01-22,0.863,0.92,0.92,-0.061957,-0.061957,0.0,1.0,0,普通大幅波动
sz.159531,2024-02-05,0.685,0.756,0.756,-0.093915,-0.093915,0.0,1.0,0,普通大幅波动
sz.159531,2024-02-08,0.747,0.679,0.679,0.100147,0.100147,0.0,1.0,0,普通大幅波动
sz.159531,2024-02-28,0.814,0.876,0.876,-0.070776,-0.070776,0.0,1.0,0,普通大幅波动
sz.159531,2024-04-16,0.778,0.836,0.836,-0.069378,-0.069378,0.0,1.0,0,普通大幅波动
sz.159531,2024-04-17,0.83,0.778,0.778,0.066838,0.066838,0.0,1.0,0,普通大幅波动
sz.159531,2024-09-27,0.87,0.797,0.797,0.091593,0.091593,0.0,1.0,0,普通大幅波动
sz.159531,2024-09-30,0.955,0.87,0.87,0.097701,0.097701,0.0,1.0,0,普通大幅波动
sz.159531,2024-10-08,1.04,0.955,0.955,0.089005,0.089005,0.0,1.0,0,普通大幅波动
sz.159531,2024-10-09,0.936,1.04,1.04,-0.1,-0.1,0.0,1.0,0,普通大幅波动
sz.159532,2024-01-22,0.883,0.94,0.94,-0.060638,-0.060638,0.0,1.0,0,普通大幅波动
sz.159532,2024-02-05,0.709,0.78,0.78,-0.091026,-0.091026,0.0,1.0,0,普通大幅波动
sz.159532,2024-02-08,0.784,0.713,0.713,0.099579,0.099579,0.0,1.0,0,普通大幅波动
sz.159532,2024-02-28,0.85,0.909,0.909,-0.064906,-0.064906,0.0,1.0,0,普通大幅波动
sz.159532,2024-04-16,0.82,0.875,0.875,-0.062857,-0.062857,0.0,1.0,0,普通大幅波动
sz.159532,2024-04-17,0.872,0.82,0.82,0.063415,0.063415,0.0,1.0,0,普通大幅波动
sz.159532,2024-09-27,0.922,0.852,0.852,0.08216,0.08216,0.0,1.0,0,普通大幅波动
sz.159532,2024-09-30,1.012,0.922,0.922,0.097614,0.097614,0.0,1.0,0,普通大幅波动
sz.159532,2024-10-08,1.093,1.012,1.012,0.08004,0.08004,0.0,1.0,0,普通大幅波动
sz.159532,2024-10-09,0.984,1.093,1.093,-0.099726,-0.099726,0.0,1.0,0,普通大幅波动
sz.159533,2024-09-03,0.937,0.878,0.878,0.067198,0.067198,0.0,1.0,0,普通大幅波动
sz.159533,2024-09-27,0.987,0.93,0.93,0.06129,0.06129,0.0,1.0,0,普通大幅波动
sz.159533,2024-09-30,1.085,0.987,0.987,0.099291,0.099291,0.0,1.0,0,普通大幅波动
sz.159533,2024-10-08,1.165,1.085,1.085,0.073733,0.073733,0.0,1.0,0,普通大幅波动
sz.159533,2024-10-09,1.052,1.165,1.165,-0.096996,-0.096996,0.0,1.0,0,普通大幅波动
sz.159535,2024-01-22,0.883,0.94,0.94,-0.060638,-0.060638,0.0,1.0,0,普通大幅波动
sz.159535,2024-02-05,0.721,0.783,0.783,-0.079183,-0.079183,0.0,1.0,0,普通大幅波动
sz.159535,2024-02-08,0.79,0.719,0.719,0.098748,0.098748,0.0,1.0,0,普通大幅波动
sz.159535,2024-02-28,0.84,0.897,0.897,-0.063545,-0.063545,0.0,1.0,0,普通大幅波动
sz.159535,2024-04-17,0.872,0.82,0.82,0.063415,0.063415,0.0,1.0,0,普通大幅波动
sz.159535,2024-09-27,0.912,0.845,0.845,0.07929,0.07929,0.0,1.0,0,普通大幅波动
sz.159535,2024-09-30,1.001,0.912,0.912,0.097588,0.097588,0.0,1.0,0,普通大幅波动
sz.159535,2024-10-08,1.09,1.001,1.001,0.088911,0.088911,0.0,1.0,0,普通大幅波动
sz.159535,2024-10-09,0.981,1.09,1.09,-0.1,-0.1,0.0,1.0,0,普通大幅波动
sz.159536,2024-01-22,0.873,0.929,0.929,-0.06028,-0.06028,0.0,1.0,0,普通大幅波动
sz.159536,2024-02-05,0.693,0.768,0.768,-0.097656,-0.097656,0.0,1.0,0,普通大幅波动
sz.159536,2024-02-08,0.76,0.691,0.691,0.099855,0.099855,0.0,1.0,0,普通大幅波动
sz.159536,2024-02-28,0.823,0.888,0.888,-0.073198,-0.073198,0.0,1.0,0,普通大幅波动
sz.159536,2024-04-16,0.789,0.85,0.85,-0.071765,-0.071765,0.0,1.0,0,普通大幅波动
sz.159536,2024-04-17,0.842,0.789,0.789,0.067174,0.067174,0.0,1.0,0,普通大幅波动
sz.159536,2024-09-27,0.872,0.806,0.806,0.081886,0.081886,0.0,1.0,0,普通大幅波动
sz.159536,2024-09-30,0.932,0.872,0.872,0.068807,0.068807,0.0,1.0,0,普通大幅波动
sz.159536,2024-10-08,1.003,0.932,0.932,0.07618,0.07618,0.0,1.0,0,普通大幅波动
sz.159536,2024-10-09,0.91,1.003,1.003,-0.092722,-0.092722,0.0,1.0,0,普通大幅波动
sz.159537,2024-02-27,0.891,0.839,0.839,0.061979,0.061979,0.0,1.0,0,普通大幅波动
sz.159537,2024-09-27,0.881,0.801,0.801,0.099875,0.099875,0.0,1.0,0,普通大幅波动
sz.159537,2024-09-30,0.969,0.881,0.881,0.099886,0.099886,0.0,1.0,0,普通大幅波动
sz.159537,2024-10-08,1.066,0.969,0.969,0.100103,0.100103,0.0,1.0,0,普通大幅波动
sz.159537,2024-10-09,1.172,1.066,1.066,0.099437,0.099437,0.0,1.0,0,普通大幅波动
sz.159537,2024-10-10,1.056,1.172,1.172,-0.098976,-0.098976,0.0,1.0,0,普通大幅波动
sz.159537,2024-10-11,0.987,1.056,1.056,-0.065341,-0.065341,0.0,1.0,0,普通大幅波动
sz.159537,2024-10-18,1.088,1.006,1.006,0.081511,0.081511,0.0,1.0,0,普通大幅波动
sz.159538,2024-02-27,0.904,0.85,0.85,0.063529,0.063529,0.0,1.0,0,普通大幅波动
sz.159538,2024-09-27,0.874,0.815,0.815,0.072393,0.072393,0.0,1.0,0,普通大幅波动
sz.159538,2024-09-30,0.961,0.874,0.874,0.099542,0.099542,0.0,1.0,0,普通大幅波动
sz.159538,2024-10-08,1.057,0.961,0.961,0.099896,0.099896,0.0,1.0,0,普通大幅波动
sz.159538,2024-10-09,1.14,1.057,1.057,0.078524,0.078524,0.0,1.0,0,普通大幅波动
sz.159538,2024-10-11,1.016,1.129,1.129,-0.100089,-0.100089,0.0,1.0,0,普通大幅波动
sz.159538,2024-10-18,1.115,1.017,1.017,0.096362,0.096362,0.0,1.0,0,普通大幅波动
sz.159538,2024-11-11,1.304,1.225,1.225,0.06449,0.06449,0.0,1.0,0,普通大幅波动
sz.159539,2024-09-27,0.873,0.794,0.794,0.099496,0.099496,0.0,1.0,0,普通大幅波动
sz.159539,2024-09-30,0.96,0.873,0.873,0.099656,0.099656,0.0,1.0,0,普通大幅波动
sz.159539,2024-10-08,1.056,0.96,0.96,0.1,0.1,0.0,1.0,0,普通大幅波动
sz.159539,2024-10-09,1.162,1.056,1.056,0.100379,0.100379,0.0,1.0,0,普通大幅波动
sz.159539,2024-10-10,1.046,1.162,1.162,-0.099828,-0.099828,0.0,1.0,0,普通大幅波动
sz.159539,2024-10-18,1.08,1.001,1.001,0.078921,0.078921,0.0,1.0,0,普通大幅波动
sz.159539,2024-11-11,1.286,1.206,1.206,0.066335,0.066335,0.0,1.0,0,普通大幅波动
sz.159540,2024-02-29,0.917,0.864,0.864,0.061343,0.061343,0.0,1.0,0,普通大幅波动
sz.159540,2024-09-27,0.89,0.812,0.812,0.096059,0.096059,0.0,1.0,0,普通大幅波动
sz.159540,2024-09-30,0.979,0.89,0.89,0.1,0.1,0.0,1.0,0,普通大幅波动
sz.159540,2024-10-08,1.077,0.979,0.979,0.100102,0.100102,0.0,1.0,0,普通大幅波动
sz.159540,2024-10-09,1.145,1.077,1.077,0.063138,0.063138,0.0,1.0,0,普通大幅波动
sz.159540,2024-10-10,1.075,1.145,1.145,-0.061135,-0.061135,0.0,1.0,0,普通大幅波动
sz.159540,2024-10-11,1.003,1.075,1.075,-0.066977,-0.066977,0.0,1.0,0,普通大幅波动
sz.159540,2024-10-18,1.1,1.021,1.021,0.077375,0.077375,0.0,1.0,0,普通大幅波动
sz.159541,2024-09-27,0.945,0.859,0.859,0.100116,0.100116,0.0,1.0,0,普通大幅波动
sz.159541,2024-09-30,1.13,0.945,0.945,0.195767,0.195767,0.0,1.0,0,普通大幅波动
sz.159541,2024-10-08,1.356,1.13,1.13,0.2,0.2,0.0,1.0,0,普通大幅波动
sz.159541,2024-10-09,1.139,1.356,1.356,-0.160029,-0.160029,0.0,1.0,0,普通大幅波动
sz.159541,2024-10-18,1.117,1.043,1.043,0.070949,0.070949,0.0,1.0,0,普通大幅波动
sz.159542,2024-09-30,1.081,0.997,0.997,0.084253,0.084253,0.0,1.0,0,普通大幅波动
sz.159542,2024-10-09,1.035,1.11,1.11,-0.067568,-0.067568,0.0,1.0,0,普通大幅波动
sz.159543,2024-01-22,0.815,0.87,0.87,-0.063218,-0.063218,0.0,1.0,0,普通大幅波动
sz.159543,2024-02-08,0.802,0.729,0.729,0.100137,0.100137,0.0,1.0,0,普通大幅波动
sz.159543,2024-04-17,0.843,0.794,0.794,0.061713,0.061713,0.0,1.0,0,普通大幅波动
sz.159543,2024-09-27,0.849,0.775,0.775,0.095484,0.095484,0.0,1.0,0,普通大幅波动
sz.159543,2024-09-30,0.912,0.849,0.849,0.074205,0.074205,0.0,1.0,0,普通大幅波动
sz.159543,2024-10-08,1.003,0.912,0.912,0.099781,0.099781,0.0,1.0,0,普通大幅波动
sz.159543,2024-10-09,0.905,1.003,1.003,-0.097707,-0.097707,0.0,1.0,0,普通大幅波动
sz.159543,2024-11-19,1.018,0.948,0.948,0.07384,0.07384,0.0,1.0,0,普通大幅波动
sz.159545,2024-10-09,1.153,1.23,1.23,-0.062602,-0.062602,0.0,1.0,0,普通大幅波动
sz.159546,2024-02-06,0.762,0.715,0.715,0.065734,0.065734,0.0,1.0,0,普通大幅波动
sz.159546,2024-02-29,0.901,0.848,0.848,0.0625,0.0625,0.0,1.0,0,普通大幅波动
sz.159546,2024-09-27,0.875,0.821,0.821,0.065773,0.065773,0.0,1.0,0,普通大幅波动
sz.159546,2024-09-30,0.963,0.875,0.875,0.100571,0.100571,0.0,1.0,0,普通大幅波动
sz.159546,2024-10-08,1.059,0.963,0.963,0.099688,0.099688,0.0,1.0,0,普通大幅波动
sz.159546,2024-10-09,1.165,1.059,1.059,0.100094,0.100094,0.0,1.0,0,普通大幅波动
sz.159546,2024-10-11,1.073,1.145,1.145,-0.062882,-0.062882,0.0,1.0,0,普通大幅波动
sz.159546,2024-10-18,1.188,1.08,1.08,0.1,0.1,0.0,1.0,0,普通大幅波动
sz.159546,2024-11-05,1.245,1.171,1.171,0.063194,0.063194,0.0,1.0,0,普通大幅波动
sz.159549,2024-09-30,1.145,1.07,1.07,0.070093,0.070093,0.0,1.0,0,普通大幅波动
sz.159549,2024-10-09,1.088,1.168,1.168,-0.068493,-0.068493,0.0,1.0,0,普通大幅波动
sz.159551,2024-02-28,0.878,0.935,0.935,-0.060963,-0.060963,0.0,1.0,0,普通大幅波动
sz.159551,2024-09-27,0.838,0.788,0.788,0.063452,0.063452,0.0,1.0,0,普通大幅波动
sz.159551,2024-09-30,0.922,0.838,0.838,0.100239,0.100239,0.0,1.0,0,普通大幅波动
sz.159551,2024-10-08,1.014,0.922,0.922,0.099783,0.099783,0.0,1.0,0,普通大幅波动
sz.159551,2024-10-18,0.935,0.88,0.88,0.0625,0.0625,0.0,1.0,0,普通大幅波动
sz.159551,2024-11-04,0.967,0.906,0.906,0.067329,0.067329,0.0,1.0,0,普通大幅波动
sz.159551,2024-11-29,1.027,0.966,0.966,0.063147,0.063147,0.0,1.0,0,普通大幅波动
sz.159552,2024-09-27,1.097,1.029,1.029,0.066084,0.066084,0.0,1.0,0,普通大幅波动
sz.159552,2024-09-30,1.206,1.097,1.097,0.099362,0.099362,0.0,1.0,0,普通大幅波动
sz.159552,2024-10-08,1.296,1.206,1.206,0.074627,0.074627,0.0,1.0,0,普通大幅波动
sz.159552,2024-10-09,1.197,1.296,1.296,-0.076389,-0.076389,0.0,1.0,0,普通大幅波动
sz.159553,2024-04-16,0.87,0.948,0.948,-0.082278,-0.082278,0.0,1.0,0,普通大幅波动
sz.159553,2024-04-17,0.948,0.87,0.87,0.089655,0.089655,0.0,1.0,0,普通大幅波动
sz.159553,2024-09-27,1.013,0.937,0.937,0.08111,0.08111,0.0,1.0,0,普通大幅波动
sz.159553,2024-09-30,1.1,1.013,1.013,0.085884,0.085884,0.0,1.0,0,普通大幅波动
sz.159553,2024-10-08,1.19,1.1,1.1,0.081818,0.081818,0.0,1.0,0,普通大幅波动
sz.159553,2024-10-09,1.104,1.19,1.19,-0.072269,-0.072269,0.0,1.0,0,普通大幅波动
sz.159555,2024-01-22,0.853,0.909,0.909,-0.061606,-0.061606,0.0,1.0,0,普通大幅波动
sz.159555,2024-02-05,0.693,0.77,0.77,-0.1,-0.1,0.0,1.0,0,普通大幅波动
sz.159555,2024-02-08,0.725,0.659,0.659,0.100152,0.100152,0.0,1.0,0,普通大幅波动
sz.159555,2024-02-28,0.818,0.89,0.89,-0.080899,-0.080899,0.0,1.0,0,普通大幅波动
sz.159555,2024-04-16,0.803,0.866,0.866,-0.072748,-0.072748,0.0,1.0,0,普通大幅波动
sz.159555,2024-04-17,0.869,0.803,0.803,0.082192,0.082192,0.0,1.0,0,普通大幅波动
sz.159555,2024-09-30,0.982,0.896,0.896,0.095982,0.095982,0.0,1.0,0,普通大幅波动
sz.159555,2024-10-08,1.067,0.982,0.982,0.086558,0.086558,0.0,1.0,0,普通大幅波动
sz.159555,2024-10-09,0.96,1.067,1.067,-0.100281,-0.100281,0.0,1.0,0,普通大幅波动
sz.159555,2024-11-11,1.191,1.083,1.083,0.099723,0.099723,0.0,1.0,0,普通大幅波动
sz.159555,2024-11-12,1.105,1.191,1.191,-0.072208,-0.072208,0.0,1.0,0,普通大幅波动
sz.159556,2024-02-05,0.678,0.753,0.753,-0.099602,-0.099602,0.0,1.0,0,普通大幅波动
sz.159556,2024-02-08,0.73,0.664,0.664,0.099398,0.099398,0.0,1.0,0,普通大幅波动
sz.159556,2024-02-19,0.8,0.73,0.73,0.09589,0.09589,0.0,1.0,0,普通大幅波动
sz.159556,2024-02-28,0.815,0.874,0.874,-0.067506,-0.067506,0.0,1.0,0,普通大幅波动
sz.159556,2024-04-16,0.765,0.818,0.818,-0.064792,-0.064792,0.0,1.0,0,普通大幅波动
sz.159556,2024-04-17,0.819,0.765,0.765,0.070588,0.070588,0.0,1.0,0,普通大幅波动
sz.159556,2024-09-30,0.872,0.793,0.793,0.099622,0.099622,0.0,1.0,0,普通大幅波动
sz.159556,2024-10-08,0.947,0.872,0.872,0.086009,0.086009,0.0,1.0,0,普通大幅波动
sz.159556,2024-10-09,0.854,0.947,0.947,-0.098205,-0.098205,0.0,1.0,0,普通大幅波动
sz.159557,2024-09-27,1.029,0.963,0.963,0.068536,0.068536,0.0,1.0,0,普通大幅波动
sz.159557,2024-09-30,1.131,1.029,1.029,0.099125,0.099125,0.0,1.0,0,普通大幅波动
sz.159557,2024-10-09,1.062,1.146,1.146,-0.073298,-0.073298,0.0,1.0,0,普通大幅波动
sz.159558,2024-09-27,0.958,0.891,0.891,0.075196,0.075196,0.0,1.0,0,普通大幅波动
sz.159558,2024-09-30,1.054,0.958,0.958,0.100209,0.100209,0.0,1.0,0,普通大幅波动
sz.159558,2024-10-08,1.159,1.054,1.054,0.09962,0.09962,0.0,1.0,0,普通大幅波动
sz.159558,2024-10-09,1.271,1.159,1.159,0.096635,0.096635,0.0,1.0,0,普通大幅波动
sz.159558,2024-10-11,1.105,1.209,1.209,-0.086022,-0.086022,0.0,1.0,0,普通大幅波动
sz.159558,2024-10-18,1.2,1.091,1.091,0.099908,0.099908,0.0,1.0,0,普通大幅波动
sz.159558,2024-11-11,1.473,1.365,1.365,0.079121,0.079121,0.0,1.0,0,普通大幅波动
sz.159559,2024-09-27,0.857,0.799,0.799,0.072591,0.072591,0.0,1.0,0,普通大幅波动
sz.159559,2024-09-30,0.943,0.857,0.857,0.10035,0.10035,0.0,1.0,0,普通大幅波动
sz.159559,2024-10-08,1.037,0.943,0.943,0.099682,0.099682,0.0,1.0,0,普通大幅波动
sz.159560,2024-02-06,0.72,0.673,0.673,0.069837,0.069837,0.0,1.0,0,普通大幅波动
sz.159560,2024-09-27,0.838,0.78,0.78,0.074359,0.074359,0.0,1.0,0,普通大幅波动
sz.159560,2024-09-30,0.922,0.838,0.838,0.100239,0.100239,0.0,1.0,0,普通大幅波动
sz.159560,2024-10-08,1.014,0.922,0.922,0.099783,0.099783,0.0,1.0,0,普通大幅波动
sz.159560,2024-10-09,1.115,1.014,1.014,0.099606,0.099606,0.0,1.0,0,普通大幅波动
sz.159560,2024-10-18,1.097,0.997,0.997,0.100301,0.100301,0.0,1.0,0,普通大幅波动
sz.159562,2024-03-29,1.322,1.219,1.219,0.084495,0.084495,0.0,1.0,0,普通大幅波动
sz.159562,2024-04-01,1.454,1.322,1.322,0.099849,0.099849,0.0,1.0,0,普通大幅波动
sz.159562,2024-04-02,1.599,1.454,1.454,0.099725,0.099725,0.0,1.0,0,普通大幅波动
sz.159562,2024-04-03,1.759,1.599,1.599,0.100063,0.100063,0.0,1.0,0,普通大幅波动
sz.159562,2024-04-08,1.583,1.759,1.759,-0.100057,-0.100057,0.0,1.0,0,普通大幅波动
sz.159562,2024-04-09,1.425,1.583,1.583,-0.09981,-0.09981,0.0,1.0,0,普通大幅波动
sz.159562,2024-05-20,1.497,1.409,1.409,0.062456,0.062456,0.0,1.0,0,普通大幅波动
sz.159562,2024-09-30,1.383,1.302,1.302,0.062212,0.062212,0.0,1.0,0,普通大幅波动
sz.159562,2024-10-09,1.258,1.368,1.368,-0.080409,-0.080409,0.0,1.0,0,普通大幅波动
sz.159563,2024-09-27,1.079,0.996,0.996,0.083333,0.083333,0.0,1.0,0,普通大幅波动
sz.159563,2024-09-30,1.295,1.079,1.079,0.200185,0.200185,0.0,1.0,0,普通大幅波动
sz.159563,2024-10-08,1.554,1.295,1.295,0.2,0.2,0.0,1.0,0,普通大幅波动
sz.159563,2024-10-09,1.321,1.554,1.554,-0.149936,-0.149936,0.0,1.0,0,普通大幅波动
sz.159563,2024-10-18,1.259,1.183,1.183,0.064243,0.064243,0.0,1.0,0,普通大幅波动
sz.159565,2024-09-30,1.124,1.022,1.022,0.099804,0.099804,0.0,1.0,0,普通大幅波动
sz.159565,2024-10-08,1.234,1.124,1.124,0.097865,0.097865,0.0,1.0,0,普通大幅波动
sz.159565,2024-10-09,1.146,1.234,1.234,-0.071313,-0.071313,0.0,1.0,0,普通大幅波动
sz.159566,2024-03-11,1.235,1.144,1.144,0.079545,0.079545,0.0,1.0,0,普通大幅波动
sz.159566,2024-09-27,1.204,1.114,1.114,0.08079,0.08079,0.0,1.0,0,普通大幅波动
sz.159566,2024-09-30,1.324,1.204,1.204,0.099668,0.099668,0.0,1.0,0,普通大幅波动
sz.159566,2024-10-08,1.456,1.324,1.324,0.099698,0.099698,0.0,1.0,0,普通大幅波动
sz.159567,2024-01-26,0.852,0.916,0.916,-0.069869,-0.069869,0.0,1.0,0,普通大幅波动
sz.159567,2024-02-06,0.837,0.781,0.781,0.071703,0.071703,0.0,1.0,0,普通大幅波动
sz.159567,2024-09-27,1.01,0.931,0.931,0.084855,0.084855,0.0,1.0,0,普通大幅波动
sz.159567,2024-09-30,1.111,1.01,1.01,0.1,0.1,0.0,1.0,0,普通大幅波动
sz.159568,2024-05-06,1.245,1.154,1.154,0.078856,0.078856,0.0,1.0,0,普通大幅波动
sz.159568,2024-09-26,1.254,1.175,1.175,0.067234,0.067234,0.0,1.0,0,普通大幅波动
sz.159568,2024-09-27,1.33,1.254,1.254,0.060606,0.060606,0.0,1.0,0,普通大幅波动
sz.159568,2024-09-30,1.463,1.33,1.33,0.1,0.1,0.0,1.0,0,普通大幅波动
sz.159568,2024-10-09,1.39,1.522,1.522,-0.086728,-0.086728,0.0,1.0,0,普通大幅波动
sz.159570,2024-01-26,0.845,0.913,0.913,-0.07448,-0.07448,0.0,1.0,0,普通大幅波动
sz.159570,2024-02-06,0.836,0.779,0.779,0.073171,0.073171,0.0,1.0,0,普通大幅波动
sz.159570,2024-09-27,0.997,0.928,0.928,0.074353,0.074353,0.0,1.0,0,普通大幅波动
sz.159570,2024-09-30,1.088,0.997,0.997,0.091274,0.091274,0.0,1.0,0,普通大幅波动
sz.159570,2024-10-09,1.038,1.112,1.112,-0.066547,-0.066547,0.0,1.0,0,普通大幅波动
sz.159571,2024-01-22,0.858,0.914,0.914,-0.061269,-0.061269,0.0,1.0,0,普通大幅波动
sz.159571,2024-02-05,0.701,0.753,0.753,-0.069057,-0.069057,0.0,1.0,0,普通大幅波动
sz.159571,2024-02-06,0.757,0.701,0.701,0.079886,0.079886,0.0,1.0,0,普通大幅波动
sz.159571,2024-02-28,0.868,0.932,0.932,-0.06867,-0.06867,0.0,1.0,0,普通大幅波动
sz.159571,2024-04-17,0.871,0.82,0.82,0.062195,0.062195,0.0,1.0,0,普通大幅波动
sz.159571,2024-09-27,0.92,0.836,0.836,0.100478,0.100478,0.0,1.0,0,普通大幅波动
sz.159571,2024-09-30,1.104,0.92,0.92,0.2,0.2,0.0,1.0,0,普通大幅波动
sz.159571,2024-10-08,1.325,1.104,1.104,0.200181,0.200181,0.0,1.0,0,普通大幅波动
sz.159571,2024-10-09,1.113,1.325,1.325,-0.16,-0.16,0.0,1.0,0,普通大幅波动
sz.159571,2024-10-14,1.091,1.027,1.027,0.062317,0.062317,0.0,1.0,0,普通大幅波动
sz.159572,2024-02-05,0.68,0.743,0.743,-0.084791,-0.084791,0.0,1.0,0,普通大幅波动
sz.159572,2024-02-06,0.741,0.68,0.68,0.089706,0.089706,0.0,1.0,0,普通大幅波动
sz.159572,2024-02-28,0.852,0.91,0.91,-0.063736,-0.063736,0.0,1.0,0,普通大幅波动
sz.159572,2024-09-27,0.883,0.824,0.824,0.071602,0.071602,0.0,1.0,0,普通大幅波动
sz.159572,2024-09-30,1.06,0.883,0.883,0.200453,0.200453,0.0,1.0,0,普通大幅波动
sz.159572,2024-10-08,1.272,1.06,1.06,0.2,0.2,0.0,1.0,0,普通大幅波动
sz.159572,2024-10-09,1.09,1.272,1.272,-0.143082,-0.143082,0.0,1.0,0,普通大幅波动
sz.159572,2024-10-11,1.008,1.088,1.088,-0.073529,-0.073529,0.0,1.0,0,普通大幅波动
sz.159572,2024-10-14,1.09,1.008,1.008,0.081349,0.081349,0.0,1.0,0,普通大幅波动
sz.159573,2024-02-05,0.679,0.736,0.736,-0.077446,-0.077446,0.0,1.0,0,普通大幅波动
sz.159573,2024-02-06,0.735,0.679,0.679,0.082474,0.082474,0.0,1.0,0,普通大幅波动
sz.159573,2024-02-28,0.852,0.908,0.908,-0.061674,-0.061674,0.0,1.0,0,普通大幅波动
sz.159573,2024-09-27,0.881,0.818,0.818,0.077017,0.077017,0.0,1.0,0,普通大幅波动
sz.159573,2024-09-30,1.04,0.881,0.881,0.180477,0.180477,0.0,1.0,0,普通大幅波动
sz.159573,2024-10-08,1.248,1.04,1.04,0.2,0.2,0.0,1.0,0,普通大幅波动
sz.159573,2024-10-09,1.094,1.248,1.248,-0.123397,-0.123397,0.0,1.0,0,普通大幅波动
sz.159575,2024-01-22,0.855,0.911,0.911,-0.061471,-0.061471,0.0,1.0,0,普通大幅波动
sz.159575,2024-02-05,0.702,0.757,0.757,-0.072655,-0.072655,0.0,1.0,0,普通大幅波动
sz.159575,2024-02-06,0.757,0.702,0.702,0.078348,0.078348,0.0,1.0,0,普通大幅波动
sz.159575,2024-02-08,0.834,0.778,0.778,0.071979,0.071979,0.0,1.0,0,普通大幅波动
sz.159575,2024-02-28,0.866,0.926,0.926,-0.064795,-0.064795,0.0,1.0,0,普通大幅波动
sz.159575,2024-09-27,0.895,0.831,0.831,0.077016,0.077016,0.0,1.0,0,普通大幅波动
sz.159575,2024-09-30,1.051,0.895,0.895,0.174302,0.174302,0.0,1.0,0,普通大幅波动
sz.159575,2024-10-08,1.261,1.051,1.051,0.19981,0.19981,0.0,1.0,0,普通大幅波动
sz.159575,2024-10-09,1.109,1.261,1.261,-0.120539,-0.120539,0.0,1.0,0,普通大幅波动
sz.159575,2024-10-14,1.08,1.013,1.013,0.06614,0.06614,0.0,1.0,0,普通大幅波动
sz.159576,2024-09-27,1.105,1.021,1.021,0.082272,0.082272,0.0,1.0,0,普通大幅波动
sz.159576,2024-09-30,1.199,1.105,1.105,0.085068,0.085068,0.0,1.0,0,普通大幅波动
sz.159576,2024-10-08,1.319,1.199,1.199,0.100083,0.100083,0.0,1.0,0,普通大幅波动
sz.159576,2024-10-09,1.207,1.319,1.319,-0.084913,-0.084913,0.0,1.0,0,普通大幅波动
sz.159577,2024-08-05,1.034,1.108,1.108,-0.066787,-0.066787,0.0,1.0,0,普通大幅波动
sz.159578,2024-09-30,1.121,1.045,1.045,0.072727,0.072727,0.0,1.0,0,普通大幅波动
sz.159578,2024-10-09,1.088,1.178,1.178,-0.076401,-0.076401,0.0,1.0,0,普通大幅波动
sz.159579,2024-09-30,1.148,1.066,1.066,0.076923,0.076923,0.0,1.0,0,普通大幅波动
sz.159579,2024-10-09,1.096,1.19,1.19,-0.078992,-0.078992,0.0,1.0,0,普通大幅波动
sz.159581,2024-10-09,1.011,1.111,1.111,-0.090009,-0.090009,0.0,1.0,0,普通大幅波动
sz.159582,2024-09-27,1.075,0.987,0.987,0.089159,0.089159,0.0,1.0,0,普通大幅波动
sz.159582,2024-09-30,1.183,1.075,1.075,0.100465,0.100465,0.0,1.0,0,普通大幅波动
sz.159582,2024-10-08,1.301,1.183,1.183,0.099746,0.099746,0.0,1.0,0,普通大幅波动
sz.159582,2024-10-09,1.431,1.301,1.301,0.099923,0.099923,0.0,1.0,0,普通大幅波动
sz.159582,2024-10-18,1.388,1.262,1.262,0.099842,0.099842,0.0,1.0,0,普通大幅波动
sz.159582,2024-11-11,1.675,1.568,1.568,0.06824,0.06824,0.0,1.0,0,普通大幅波动
sz.159583,2024-09-30,1.117,1.015,1.015,0.100493,0.100493,0.0,1.0,0,普通大幅波动
sz.159583,2024-10-08,1.229,1.117,1.117,0.100269,0.100269,0.0,1.0,0,普通大幅波动
sz.159583,2024-10-18,1.196,1.119,1.119,0.068811,0.068811,0.0,1.0,0,普通大幅波动
sz.159586,2024-09-27,0.922,0.838,0.838,0.100239,0.100239,0.0,1.0,0,普通大幅波动
sz.159586,2024-09-30,1.014,0.922,0.922,0.099783,0.099783,0.0,1.0,0,普通大幅波动
sz.159586,2024-10-08,1.115,1.014,1.014,0.099606,0.099606,0.0,1.0,0,普通大幅波动
sz.159586,2024-10-10,1.075,1.175,1.175,-0.085106,-0.085106,0.0,1.0,0,普通大幅波动
sz.159586,2024-10-14,1.106,1.031,1.031,0.072745,0.072745,0.0,1.0,0,普通大幅波动
sz.159586,2024-11-01,1.122,1.207,1.207,-0.070423,-0.070423,0.0,1.0,0,普通大幅波动
sz.159586,2024-11-05,1.222,1.147,1.147,0.065388,0.065388,0.0,1.0,0,普通大幅波动
sz.159586,2024-11-18,1.171,1.253,1.253,-0.065443,-0.065443,0.0,1.0,0,普通大幅波动
sz.159587,2024-09-30,1.192,1.1,1.1,0.083636,0.083636,0.0,1.0,0,普通大幅波动
sz.159587,2024-10-09,1.114,1.203,1.203,-0.073982,-0.073982,0.0,1.0,0,普通大幅波动
sz.159588,2024-09-30,1.016,0.944,0.944,0.076271,0.076271,0.0,1.0,0,普通大幅波动
sz.159588,2024-10-09,0.981,1.065,1.065,-0.078873,-0.078873,0.0,1.0,0,普通大幅波动
sz.159589,2024-09-30,1.091,1.027,1.027,0.062317,0.062317,0.0,1.0,0,普通大幅波动
sz.159589,2024-10-09,1.022,1.104,1.104,-0.074275,-0.074275,0.0,1.0,0,普通大幅波动
sz.159591,2024-09-30,1.188,1.093,1.093,0.086917,0.086917,0.0,1.0,0,普通大幅波动
sz.159591,2024-10-08,1.264,1.188,1.188,0.063973,0.063973,0.0,1.0,0,普通大幅波动
sz.159591,2024-10-09,1.151,1.264,1.264,-0.089399,-0.089399,0.0,1.0,0,普通大幅波动
sz.159592,2024-09-30,1.198,1.09,1.09,0.099083,0.099083,0.0,1.0,0,普通大幅波动
sz.159592,2024-10-09,1.13,1.246,1.246,-0.093098,-0.093098,0.0,1.0,0,普通大幅波动
sz.159593,2024-09-30,1.195,1.103,1.103,0.083409,0.083409,0.0,1.0,0,普通大幅波动
sz.159593,2024-10-08,1.273,1.195,1.195,0.065272,0.065272,0.0,1.0,0,普通大幅波动
sz.159593,2024-10-09,1.156,1.273,1.273,-0.091909,-0.091909,0.0,1.0,0,普通大幅波动
sz.159595,2024-09-30,1.207,1.105,1.105,0.092308,0.092308,0.0,1.0,0,普通大幅波动
sz.159595,2024-10-09,1.159,1.272,1.272,-0.088836,-0.088836,0.0,1.0,0,普通大幅波动
sz.159596,2024-09-30,1.185,1.078,1.078,0.099258,0.099258,0.0,1.0,0,普通大幅波动
sz.159596,2024-10-09,1.14,1.239,1.239,-0.079903,-0.079903,0.0,1.0,0,普通大幅波动
sz.159597,2024-09-24,0.879,0.828,0.828,0.061594,0.061594,0.0,1.0,0,普通大幅波动
sz.159597,2024-09-27,1.005,0.933,0.933,0.07717,0.07717,0.0,1.0,0,普通大幅波动
sz.159597,2024-09-30,1.2,1.005,1.005,0.19403,0.19403,0.0,1.0,0,普通大幅波动
sz.159597,2024-10-08,1.44,1.2,1.2,0.2,0.2,0.0,1.0,0,普通大幅波动
sz.159597,2024-10-09,1.287,1.44,1.44,-0.10625,-0.10625,0.0,1.0,0,普通大幅波动
sz.159597,2024-10-18,1.25,1.149,1.149,0.087903,0.087903,0.0,1.0,0,普通大幅波动
sz.159599,2024-09-27,1.033,0.96,0.96,0.076042,0.076042,0.0,1.0,0,普通大幅波动
sz.159599,2024-09-30,1.136,1.033,1.033,0.09971,0.09971,0.0,1.0,0,普通大幅波动
sz.159599,2024-10-08,1.25,1.136,1.136,0.100352,0.100352,0.0,1.0,0,普通大幅波动
sz.159599,2024-10-09,1.375,1.25,1.25,0.1,0.1,0.0,1.0,0,普通大幅波动
sz.159599,2024-10-11,1.244,1.358,1.358,-0.083947,-0.083947,0.0,1.0,0,普通大幅波动
sz.159599,2024-10-18,1.362,1.238,1.238,0.100162,0.100162,0.0,1.0,0,普通大幅波动
sz.159599,2024-11-11,1.609,1.501,1.501,0.071952,0.071952,0.0,1.0,0,普通大幅波动
sz.159601,2024-09-30,0.88,0.817,0.817,0.077111,0.077111,0.0,1.0,0,普通大幅波动
sz.159601,2024-10-09,0.853,0.927,0.927,-0.079827,-0.079827,0.0,1.0,0,普通大幅波动
sz.159602,2024-09-30,0.856,0.792,0.792,0.080808,0.080808,0.0,1.0,0,普通大幅波动
sz.159602,2024-10-09,0.831,0.896,0.896,-0.072545,-0.072545,0.0,1.0,0,普通大幅波动
sz.159603,2024-09-27,0.785,0.679,0.679,0.156112,0.156112,0.0,1.0,0,普通大幅波动
sz.159603,2024-09-30,0.892,0.785,0.785,0.136306,0.136306,0.0,1.0,0,普通大幅波动
sz.159603,2024-10-08,1.07,0.892,0.892,0.199552,0.199552,0.0,1.0,0,普通大幅波动
sz.159603,2024-10-09,0.925,1.07,1.07,-0.135514,-0.135514,0.0,1.0,0,普通大幅波动
sz.159603,2024-10-18,0.902,0.815,0.815,0.106748,0.106748,0.0,1.0,0,普通大幅波动
sz.159605,2022-03-14,0.607,0.674,0.674,-0.099407,-0.099407,0.0,1.0,0,普通大幅波动
sz.159605,2022-03-15,0.546,0.607,0.607,-0.100494,-0.100494,0.0,1.0,0,普通大幅波动
sz.159605,2022-03-16,0.601,0.546,0.546,0.100733,0.100733,0.0,1.0,0,普通大幅波动
sz.159605,2022-03-17,0.661,0.601,0.601,0.099834,0.099834,0.0,1.0,0,普通大幅波动
sz.159605,2022-03-18,0.727,0.661,0.661,0.099849,0.099849,0.0,1.0,0,普通大幅波动
sz.159605,2022-03-23,0.789,0.739,0.739,0.067659,0.067659,0.0,1.0,0,普通大幅波动
sz.159605,2022-03-25,0.713,0.767,0.767,-0.070404,-0.070404,0.0,1.0,0,普通大幅波动
sz.159605,2022-04-29,0.752,0.684,0.684,0.099415,0.099415,0.0,1.0,0,普通大幅波动
sz.159605,2022-05-17,0.745,0.7,0.7,0.064286,0.064286,0.0,1.0,0,普通大幅波动
sz.159605,2022-06-08,0.867,0.811,0.811,0.069051,0.069051,0.0,1.0,0,普通大幅波动
sz.159605,2022-08-25,0.783,0.738,0.738,0.060976,0.060976,0.0,1.0,0,普通大幅波动
sz.159605,2022-10-24,0.573,0.623,0.623,-0.080257,-0.080257,0.0,1.0,0,普通大幅波动
sz.159605,2022-11-01,0.613,0.559,0.559,0.096601,0.096601,0.0,1.0,0,普通大幅波动
sz.159605,2022-11-04,0.653,0.594,0.594,0.099327,0.099327,0.0,1.0,0,普通大幅波动
sz.159605,2022-11-11,0.656,0.609,0.609,0.077176,0.077176,0.0,1.0,0,普通大幅波动
sz.159605,2022-11-15,0.72,0.67,0.67,0.074627,0.074627,0.0,1.0,0,普通大幅波动
sz.159605,2022-11-29,0.718,0.665,0.665,0.079699,0.079699,0.0,1.0,0,普通大幅波动
sz.159605,2022-12-05,0.825,0.764,0.764,0.079843,0.079843,0.0,1.0,0,普通大幅波动
sz.159605,2024-05-06,0.853,0.789,0.789,0.081115,0.081115,0.0,1.0,0,普通大幅波动
sz.159605,2024-09-26,0.888,0.832,0.832,0.067308,0.067308,0.0,1.0,0,普通大幅波动
sz.159605,2024-09-27,0.945,0.888,0.888,0.064189,0.064189,0.0,1.0,0,普通大幅波动
sz.159605,2024-09-30,1.02,0.945,0.945,0.079365,0.079365,0.0,1.0,0,普通大幅波动
sz.159606,2022-03-15,0.854,0.914,0.914,-0.065646,-0.065646,0.0,1.0,0,普通大幅波动
sz.159606,2024-02-06,0.728,0.683,0.683,0.065886,0.065886,0.0,1.0,0,普通大幅波动
sz.159606,2024-02-07,0.772,0.728,0.728,0.06044,0.06044,0.0,1.0,0,普通大幅波动
sz.159606,2024-09-30,0.917,0.838,0.838,0.094272,0.094272,0.0,1.0,0,普通大幅波动
sz.159606,2024-10-09,0.896,0.97,0.97,-0.076289,-0.076289,0.0,1.0,0,普通大幅波动
sz.159607,2022-03-14,0.617,0.683,0.683,-0.096633,-0.096633,0.0,1.0,0,普通大幅波动
sz.159607,2022-03-15,0.555,0.617,0.617,-0.100486,-0.100486,0.0,1.0,0,普通大幅波动
sz.159607,2022-03-16,0.611,0.555,0.555,0.100901,0.100901,0.0,1.0,0,普通大幅波动
sz.159607,2022-03-17,0.672,0.611,0.611,0.099836,0.099836,0.0,1.0,0,普通大幅波动
sz.159607,2022-03-18,0.73,0.672,0.672,0.08631,0.08631,0.0,1.0,0,普通大幅波动
sz.159607,2022-03-23,0.797,0.743,0.743,0.072678,0.072678,0.0,1.0,0,普通大幅波动
sz.159607,2022-03-25,0.718,0.775,0.775,-0.073548,-0.073548,0.0,1.0,0,普通大幅波动
sz.159607,2022-04-29,0.757,0.688,0.688,0.100291,0.100291,0.0,1.0,0,普通大幅波动
sz.159607,2022-05-17,0.75,0.707,0.707,0.06082,0.06082,0.0,1.0,0,普通大幅波动
sz.159607,2022-06-08,0.872,0.816,0.816,0.068627,0.068627,0.0,1.0,0,普通大幅波动
sz.159607,2022-08-25,0.788,0.743,0.743,0.060565,0.060565,0.0,1.0,0,普通大幅波动
sz.159607,2022-10-24,0.56,0.622,0.622,-0.099678,-0.099678,0.0,1.0,0,普通大幅波动
sz.159607,2022-11-01,0.609,0.557,0.557,0.093357,0.093357,0.0,1.0,0,普通大幅波动
sz.159607,2022-11-04,0.651,0.592,0.592,0.099662,0.099662,0.0,1.0,0,普通大幅波动
sz.159607,2022-11-11,0.661,0.607,0.607,0.088962,0.088962,0.0,1.0,0,普通大幅波动
sz.159607,2022-11-15,0.726,0.675,0.675,0.075556,0.075556,0.0,1.0,0,普通大幅波动
sz.159607,2022-11-29,0.722,0.67,0.67,0.077612,0.077612,0.0,1.0,0,普通大幅波动
sz.159607,2022-12-05,0.831,0.77,0.77,0.079221,0.079221,0.0,1.0,0,普通大幅波动
sz.159607,2024-05-06,0.847,0.786,0.786,0.077608,0.077608,0.0,1.0,0,普通大幅波动
sz.159607,2024-09-26,0.879,0.824,0.824,0.066748,0.066748,0.0,1.0,0,普通大幅波动
sz.159607,2024-09-27,0.936,0.879,0.879,0.064846,0.064846,0.0,1.0,0,普通大幅波动
sz.159607,2024-09-30,1.009,0.936,0.936,0.077991,0.077991,0.0,1.0,0,普通大幅波动
sz.159608,2022-03-08,0.898,0.966,0.966,-0.070393,-0.070393,0.0,1.0,0,普通大幅波动
sz.159608,2022-04-11,0.785,0.847,0.847,-0.0732,-0.0732,0.0,1.0,0,普通大幅波动
sz.159608,2022-04-25,0.667,0.726,0.726,-0.081267,-0.081267,0.0,1.0,0,普通大幅波动
sz.159608,2022-04-27,0.715,0.65,0.65,0.1,0.1,0.0,1.0,0,普通大幅波动
sz.159608,2022-06-06,0.935,0.875,0.875,0.068571,0.068571,0.0,1.0,0,普通大幅波动
sz.159608,2022-11-04,0.883,0.83,0.83,0.063855,0.063855,0.0,1.0,0,普通大幅波动
sz.159608,2024-02-06,0.468,0.435,0.435,0.075862,0.075862,0.0,1.0,0,普通大幅波动
sz.159608,2024-09-27,0.524,0.487,0.487,0.075975,0.075975,0.0,1.0,0,普通大幅波动
sz.159608,2024-09-30,0.576,0.524,0.524,0.099237,0.099237,0.0,1.0,0,普通大幅波动
sz.159608,2024-10-08,0.62,0.576,0.576,0.076389,0.076389,0.0,1.0,0,普通大幅波动
sz.159608,2024-10-09,0.558,0.62,0.62,-0.1,-0.1,0.0,1.0,0,普通大幅波动
sz.159608,2024-11-01,0.61,0.574,0.574,0.062718,0.062718,0.0,1.0,0,普通大幅波动
sz.159608,2024-11-19,0.632,0.594,0.594,0.063973,0.063973,0.0,1.0,0,普通大幅波动
sz.159609,2022-09-15,0.893,0.955,0.955,-0.064921,-0.064921,0.0,1.0,0,普通大幅波动
sz.159609,2022-12-26,0.772,0.728,0.728,0.06044,0.06044,0.0,1.0,0,普通大幅波动
sz.159609,2023-04-26,0.751,0.707,0.707,0.062235,0.062235,0.0,1.0,0,普通大幅波动
sz.159609,2023-12-28,0.523,0.484,0.484,0.080579,0.080579,0.0,1.0,0,普通大幅波动
sz.159609,2024-02-06,0.446,0.419,0.419,0.064439,0.064439,0.0,1.0,0,普通大幅波动
sz.159609,2024-05-22,0.482,0.454,0.454,0.061674,0.061674,0.0,1.0,0,普通大幅波动
sz.159609,2024-09-27,0.436,0.397,0.397,0.098237,0.098237,0.0,1.0,0,普通大幅波动
sz.159609,2024-09-30,0.48,0.436,0.436,0.100917,0.100917,0.0,1.0,0,普通大幅波动
sz.159609,2024-10-08,0.528,0.48,0.48,0.1,0.1,0.0,1.0,0,普通大幅波动
sz.159609,2024-10-09,0.476,0.528,0.528,-0.098485,-0.098485,0.0,1.0,0,普通大幅波动
sz.159609,2024-10-25,0.526,0.481,0.481,0.093555,0.093555,0.0,1.0,0,普通大幅波动
sz.159610,2022-03-15,0.817,0.874,0.874,-0.065217,-0.065217,0.0,1.0,0,普通大幅波动
sz.159610,2024-02-06,0.691,0.65,0.65,0.063077,0.063077,0.0,1.0,0,普通大幅波动
sz.159610,2024-02-07,0.733,0.691,0.691,0.060781,0.060781,0.0,1.0,0,普通大幅波动
sz.159610,2024-09-27,0.772,0.728,0.728,0.06044,0.06044,0.0,1.0,0,普通大幅波动
sz.159610,2024-09-30,0.849,0.772,0.772,0.099741,0.099741,0.0,1.0,0,普通大幅波动
sz.159610,2024-10-08,0.928,0.849,0.849,0.093051,0.093051,0.0,1.0,0,普通大幅波动
sz.159610,2024-10-09,0.845,0.928,0.928,-0.08944,-0.08944,0.0,1.0,0,普通大幅波动
sz.159611,2022-03-15,0.826,0.889,0.889,-0.070866,-0.070866,0.0,1.0,0,普通大幅波动
sz.159612,2024-08-05,1.387,1.493,1.493,-0.070998,-0.070998,0.0,1.0,0,普通大幅波动
sz.159613,2022-04-25,0.661,0.715,0.715,-0.075524,-0.075524,0.0,1.0,0,普通大幅波动
sz.159613,2024-02-27,0.75,0.702,0.702,0.068376,0.068376,0.0,1.0,0,普通大幅波动
sz.159613,2024-09-27,0.685,0.63,0.63,0.087302,0.087302,0.0,1.0,0,普通大幅波动
sz.159613,2024-09-30,0.754,0.685,0.685,0.10073,0.10073,0.0,1.0,0,普通大幅波动
sz.159613,2024-10-08,0.829,0.754,0.754,0.099469,0.099469,0.0,1.0,0,普通大幅波动
sz.159615,2022-10-14,0.806,0.756,0.756,0.066138,0.066138,0.0,1.0,0,普通大幅波动
sz.159615,2022-10-24,0.785,0.844,0.844,-0.069905,-0.069905,0.0,1.0,0,普通大幅波动
sz.159615,2022-11-02,0.888,0.837,0.837,0.060932,0.060932,0.0,1.0,0,普通大幅波动
sz.159615,2022-11-14,0.973,0.914,0.914,0.064551,0.064551,0.0,1.0,0,普通大幅波动
sz.159615,2023-10-27,0.845,0.797,0.797,0.060226,0.060226,0.0,1.0,0,普通大幅波动
sz.159615,2023-12-04,0.808,0.863,0.863,-0.063731,-0.063731,0.0,1.0,0,普通大幅波动
sz.159615,2024-01-26,0.644,0.689,0.689,-0.065312,-0.065312,0.0,1.0,0,普通大幅波动
sz.159615,2024-02-06,0.623,0.586,0.586,0.06314,0.06314,0.0,1.0,0,普通大幅波动
sz.159615,2024-09-27,0.717,0.669,0.669,0.071749,0.071749,0.0,1.0,0,普通大幅波动
sz.159615,2024-09-30,0.789,0.717,0.717,0.100418,0.100418,0.0,1.0,0,普通大幅波动
sz.159615,2024-10-09,0.749,0.803,0.803,-0.067248,-0.067248,0.0,1.0,0,普通大幅波动
sz.159616,2024-09-30,0.73,0.665,0.665,0.097744,0.097744,0.0,1.0,0,普通大幅波动
sz.159616,2024-10-09,0.674,0.733,0.733,-0.080491,-0.080491,0.0,1.0,0,普通大幅波动
sz.159617,2024-02-06,0.991,0.931,0.931,0.064447,0.064447,0.0,1.0,0,普通大幅波动
sz.159617,2024-09-30,1.141,1.071,1.071,0.065359,0.065359,0.0,1.0,0,普通大幅波动
sz.159617,2024-10-08,1.22,1.141,1.141,0.069238,0.069238,0.0,1.0,0,普通大幅波动
sz.159617,2024-10-09,1.127,1.22,1.22,-0.07623,-0.07623,0.0,1.0,0,普通大幅波动
sz.159618,2022-04-25,0.87,0.943,0.943,-0.077413,-0.077413,0.0,1.0,0,普通大幅波动
sz.159618,2022-04-27,0.945,0.872,0.872,0.083716,0.083716,0.0,1.0,0,普通大幅波动
sz.159618,2022-09-15,1.23,1.315,1.315,-0.064639,-0.064639,0.0,1.0,0,普通大幅波动
sz.159618,2022-12-26,1.067,1.003,1.003,0.063809,0.063809,0.0,1.0,0,普通大幅波动
sz.159618,2023-04-26,1.039,0.973,0.973,0.067831,0.067831,0.0,1.0,0,普通大幅波动
sz.159618,2023-12-28,0.719,0.664,0.664,0.082831,0.082831,0.0,1.0,0,普通大幅波动
sz.159618,2024-05-22,0.663,0.625,0.625,0.0608,0.0608,0.0,1.0,0,普通大幅波动
sz.159618,2024-09-27,0.598,0.546,0.546,0.095238,0.095238,0.0,1.0,0,普通大幅波动
sz.159618,2024-09-30,0.658,0.598,0.598,0.100334,0.100334,0.0,1.0,0,普通大幅波动
sz.159618,2024-10-08,0.724,0.658,0.658,0.100304,0.100304,0.0,1.0,0,普通大幅波动
sz.159618,2024-10-09,0.652,0.724,0.724,-0.099448,-0.099448,0.0,1.0,0,普通大幅波动
sz.159618,2024-10-25,0.72,0.661,0.661,0.089259,0.089259,0.0,1.0,0,普通大幅波动
sz.159619,2022-03-15,0.852,0.907,0.907,-0.060639,-0.060639,0.0,1.0,0,普通大幅波动
sz.159619,2024-09-30,1.0,0.932,0.932,0.072961,0.072961,0.0,1.0,0,普通大幅波动
sz.159619,2024-10-09,0.94,1.036,1.036,-0.092664,-0.092664,0.0,1.0,0,普通大幅波动
sz.159619,2024-10-10,1.017,0.94,0.94,0.081915,0.081915,0.0,1.0,0,普通大幅波动
sz.159620,2023-07-19,1.028,0.939,0.939,0.094782,0.094782,0.0,1.0,0,普通大幅波动
sz.159620,2023-07-20,0.926,1.028,1.028,-0.099222,-0.099222,0.0,1.0,0,普通大幅波动
sz.159620,2024-02-06,0.761,0.709,0.709,0.073343,0.073343,0.0,1.0,0,普通大幅波动
sz.159620,2024-02-07,0.808,0.761,0.761,0.061761,0.061761,0.0,1.0,0,普通大幅波动
sz.159620,2024-09-30,0.923,0.839,0.839,0.100119,0.100119,0.0,1.0,0,普通大幅波动
sz.159620,2024-10-08,1.013,0.923,0.923,0.097508,0.097508,0.0,1.0,0,普通大幅波动
sz.159621,2024-09-30,1.005,0.914,0.914,0.099562,0.099562,0.0,1.0,0,普通大幅波动
sz.159621,2024-10-09,0.976,1.06,1.06,-0.079245,-0.079245,0.0,1.0,0,普通大幅波动
sz.159622,2024-01-26,0.763,0.814,0.814,-0.062654,-0.062654,0.0,1.0,0,普通大幅波动
sz.159622,2024-02-06,0.736,0.678,0.678,0.085546,0.085546,0.0,1.0,0,普通大幅波动
sz.159622,2024-09-27,0.782,0.727,0.727,0.075653,0.075653,0.0,1.0,0,普通大幅波动
sz.159622,2024-09-30,0.86,0.782,0.782,0.099744,0.099744,0.0,1.0,0,普通大幅波动
sz.159622,2024-10-08,0.946,0.86,0.86,0.1,0.1,0.0,1.0,0,普通大幅波动
sz.159622,2024-10-09,0.872,0.946,0.946,-0.078224,-0.078224,0.0,1.0,0,普通大幅波动
sz.159623,2024-02-06,0.689,0.647,0.647,0.064915,0.064915,0.0,1.0,0,普通大幅波动
sz.159623,2024-09-30,0.801,0.731,0.731,0.095759,0.095759,0.0,1.0,0,普通大幅波动
sz.159623,2024-10-08,0.858,0.801,0.801,0.071161,0.071161,0.0,1.0,0,普通大幅波动
sz.159623,2024-10-09,0.8,0.858,0.858,-0.067599,-0.067599,0.0,1.0,0,普通大幅波动
sz.159625,2024-09-30,1.232,1.147,1.147,0.074106,0.074106,0.0,1.0,0,普通大幅波动
sz.159625,2024-10-09,1.135,1.228,1.228,-0.075733,-0.075733,0.0,1.0,0,普通大幅波动
sz.159627,2024-09-30,1.12,1.02,1.02,0.098039,0.098039,0.0,1.0,0,普通大幅波动
sz.159627,2024-10-08,1.19,1.12,1.12,0.0625,0.0625,0.0,1.0,0,普通大幅波动
sz.159627,2024-10-09,1.1,1.19,1.19,-0.07563,-0.07563,0.0,1.0,0,普通大幅波动
sz.159628,2024-02-05,0.68,0.734,0.734,-0.073569,-0.073569,0.0,1.0,0,普通大幅波动
sz.159628,2024-02-06,0.721,0.68,0.68,0.060294,0.060294,0.0,1.0,0,普通大幅波动
sz.159628,2024-02-08,0.787,0.735,0.735,0.070748,0.070748,0.0,1.0,0,普通大幅波动
sz.159628,2024-09-27,0.855,0.796,0.796,0.074121,0.074121,0.0,1.0,0,普通大幅波动
sz.159628,2024-09-30,0.941,0.855,0.855,0.100585,0.100585,0.0,1.0,0,普通大幅波动
sz.159628,2024-10-08,1.035,0.941,0.941,0.099894,0.099894,0.0,1.0,0,普通大幅波动
sz.159628,2024-10-09,0.935,1.035,1.035,-0.096618,-0.096618,0.0,1.0,0,普通大幅波动
sz.159629,2022-11-14,1.978,1.993,0.933,1.120043,-0.007526,1.13612,0.4681,0,拆分合并型
sz.159629,2023-06-09,2.602,2.582,1.942,0.339856,0.007746,0.329557,0.7521897,0,拆分合并型
sz.159629,2024-02-05,1.724,1.85,1.85,-0.068108,-0.068108,0.0,1.0,0,普通大幅波动
sz.159629,2024-02-06,1.862,1.724,1.724,0.080046,0.080046,0.0,1.0,0,普通大幅波动
sz.159629,2024-09-27,2.153,1.989,1.989,0.082453,0.082453,0.0,1.0,0,普通大幅波动
sz.159629,2024-09-30,2.368,2.153,2.153,0.099861,0.099861,0.0,1.0,0,普通大幅波动
sz.159629,2024-10-08,2.539,2.368,2.368,0.072213,0.072213,0.0,1.0,0,普通大幅波动
sz.159629,2024-10-09,2.322,2.539,2.539,-0.085467,-0.085467,0.0,1.0,0,普通大幅波动
sz.159630,2024-09-30,1.168,1.062,1.062,0.099812,0.099812,0.0,1.0,0,普通大幅波动
sz.159630,2024-10-08,1.275,1.168,1.168,0.09161,0.09161,0.0,1.0,0,普通大幅波动
sz.159630,2024-10-09,1.148,1.275,1.275,-0.099608,-0.099608,0.0,1.0,0,普通大幅波动
sz.159631,2024-09-30,1.017,0.947,0.947,0.073918,0.073918,0.0,1.0,0,普通大幅波动
sz.159631,2024-10-08,1.103,1.017,1.017,0.084562,0.084562,0.0,1.0,0,普通大幅波动
sz.159631,2024-10-09,1.005,1.103,1.103,-0.088849,-0.088849,0.0,1.0,0,普通大幅波动
sz.159632,2024-08-05,1.446,1.557,1.557,-0.071291,-0.071291,0.0,1.0,0,普通大幅波动
sz.159633,2022-10-31,1.887,1.872,0.883,1.137033,0.008013,1.120045,0.4717,0,拆分合并型
sz.159633,2023-07-10,2.612,2.61,1.966,0.328586,0.000766,0.327569,0.75323299,0,拆分合并型
sz.159633,2024-02-05,1.705,1.843,1.843,-0.074878,-0.074878,0.0,1.0,0,普通大幅波动
sz.159633,2024-02-06,1.854,1.705,1.705,0.08739,0.08739,0.0,1.0,0,普通大幅波动
sz.159633,2024-09-27,2.185,2.006,2.006,0.089232,0.089232,0.0,1.0,0,普通大幅波动
sz.159633,2024-09-30,2.383,2.185,2.185,0.090618,0.090618,0.0,1.0,0,普通大幅波动
sz.159633,2024-10-08,2.585,2.383,2.383,0.084767,0.084767,0.0,1.0,0,普通大幅波动
sz.159633,2024-10-09,2.339,2.585,2.585,-0.095164,-0.095164,0.0,1.0,0,普通大幅波动
sz.159635,2024-09-30,1.058,0.99,0.99,0.068687,0.068687,0.0,1.0,0,普通大幅波动
sz.159635,2024-10-09,0.991,1.098,1.098,-0.09745,-0.09745,0.0,1.0,0,普通大幅波动
sz.159635,2024-10-10,1.08,0.991,0.991,0.089808,0.089808,0.0,1.0,0,普通大幅波动
sz.159636,2022-10-24,0.662,0.727,0.727,-0.089409,-0.089409,0.0,1.0,0,普通大幅波动
sz.159636,2022-11-01,0.73,0.678,0.678,0.076696,0.076696,0.0,1.0,0,普通大幅波动
sz.159636,2022-11-04,0.773,0.728,0.728,0.061813,0.061813,0.0,1.0,0,普通大幅波动
sz.159636,2022-11-11,0.805,0.753,0.753,0.069057,0.069057,0.0,1.0,0,普通大幅波动
sz.159636,2024-02-06,0.628,0.586,0.586,0.071672,0.071672,0.0,1.0,0,普通大幅波动
sz.159636,2024-05-06,0.833,0.782,0.782,0.065217,0.065217,0.0,1.0,0,普通大幅波动
sz.159636,2024-09-27,0.934,0.878,0.878,0.063781,0.063781,0.0,1.0,0,普通大幅波动
sz.159636,2024-09-30,1.011,0.934,0.934,0.082441,0.082441,0.0,1.0,0,普通大幅波动
sz.159637,2024-03-11,0.564,0.529,0.529,0.066163,0.066163,0.0,1.0,0,普通大幅波动
sz.159637,2024-09-27,0.541,0.492,0.492,0.099593,0.099593,0.0,1.0,0,普通大幅波动
sz.159637,2024-09-30,0.595,0.541,0.541,0.099815,0.099815,0.0,1.0,0,普通大幅波动
sz.159637,2024-10-08,0.655,0.595,0.595,0.10084,0.10084,0.0,1.0,0,普通大幅波动
sz.159637,2024-10-09,0.608,0.655,0.655,-0.071756,-0.071756,0.0,1.0,0,普通大幅波动
sz.159637,2024-10-11,0.565,0.602,0.602,-0.061462,-0.061462,0.0,1.0,0,普通大幅波动
sz.159638,2024-02-06,0.595,0.556,0.556,0.070144,0.070144,0.0,1.0,0,普通大幅波动
sz.159638,2024-09-30,0.759,0.69,0.69,0.1,0.1,0.0,1.0,0,普通大幅波动
sz.159638,2024-10-08,0.835,0.759,0.759,0.100132,0.100132,0.0,1.0,0,普通大幅波动
sz.159638,2024-10-09,0.777,0.835,0.835,-0.069461,-0.069461,0.0,1.0,0,普通大幅波动
sz.159638,2024-11-05,0.879,0.82,0.82,0.071951,0.071951,0.0,1.0,0,普通大幅波动
sz.159639,2024-09-30,0.801,0.734,0.734,0.091281,0.091281,0.0,1.0,0,普通大幅波动
sz.159639,2024-10-08,0.851,0.801,0.801,0.062422,0.062422,0.0,1.0,0,普通大幅波动
sz.159639,2024-10-09,0.775,0.851,0.851,-0.089307,-0.089307,0.0,1.0,0,普通大幅波动
sz.159640,2024-09-30,0.795,0.723,0.723,0.099585,0.099585,0.0,1.0,0,普通大幅波动
sz.159640,2024-10-08,0.843,0.795,0.795,0.060377,0.060377,0.0,1.0,0,普通大幅波动
sz.159640,2024-10-09,0.768,0.843,0.843,-0.088968,-0.088968,0.0,1.0,0,普通大幅波动
sz.159641,2024-09-30,0.828,0.763,0.763,0.08519,0.08519,0.0,1.0,0,普通大幅波动
sz.159641,2024-10-08,0.884,0.828,0.828,0.067633,0.067633,0.0,1.0,0,普通大幅波动
sz.159641,2024-10-09,0.802,0.884,0.884,-0.09276,-0.09276,0.0,1.0,0,普通大幅波动
sz.159642,2024-09-30,0.808,0.748,0.748,0.080214,0.080214,0.0,1.0,0,普通大幅波动
sz.159642,2024-10-08,0.868,0.808,0.808,0.074257,0.074257,0.0,1.0,0,普通大幅波动
sz.159642,2024-10-09,0.785,0.868,0.868,-0.095622,-0.095622,0.0,1.0,0,普通大幅波动
sz.159643,2022-10-14,0.953,0.886,0.886,0.075621,0.075621,0.0,1.0,0,普通大幅波动
sz.159643,2024-02-06,0.662,0.613,0.613,0.079935,0.079935,0.0,1.0,0,普通大幅波动
sz.159643,2024-09-27,0.594,0.559,0.559,0.062612,0.062612,0.0,1.0,0,普通大幅波动
sz.159643,2024-09-30,0.653,0.594,0.594,0.099327,0.099327,0.0,1.0,0,普通大幅波动
sz.159643,2024-10-08,0.718,0.653,0.653,0.099541,0.099541,0.0,1.0,0,普通大幅波动
sz.159645,2022-10-14,1.086,1.013,1.013,0.072063,0.072063,0.0,1.0,0,普通大幅波动
sz.159645,2024-02-06,0.747,0.692,0.692,0.07948,0.07948,0.0,1.0,0,普通大幅波动
sz.159645,2024-09-27,0.688,0.628,0.628,0.095541,0.095541,0.0,1.0,0,普通大幅波动
sz.159645,2024-09-30,0.751,0.688,0.688,0.09157,0.09157,0.0,1.0,0,普通大幅波动
sz.159645,2024-10-08,0.826,0.751,0.751,0.099867,0.099867,0.0,1.0,0,普通大幅波动
sz.159645,2024-10-09,0.776,0.826,0.826,-0.060533,-0.060533,0.0,1.0,0,普通大幅波动
sz.159645,2024-10-11,0.715,0.763,0.763,-0.06291,-0.06291,0.0,1.0,0,普通大幅波动
sz.159646,2022-10-14,0.947,0.882,0.882,0.073696,0.073696,0.0,1.0,0,普通大幅波动
sz.159646,2024-02-06,0.672,0.624,0.624,0.076923,0.076923,0.0,1.0,0,普通大幅波动
sz.159647,2022-11-14,1.145,1.067,1.067,0.073102,0.073102,0.0,1.0,0,普通大幅波动
sz.159647,2022-12-19,1.105,1.176,1.176,-0.060374,-0.060374,0.0,1.0,0,普通大幅波动
sz.159647,2024-02-06,0.959,0.901,0.901,0.064373,0.064373,0.0,1.0,0,普通大幅波动
sz.159647,2024-09-30,1.095,0.997,0.997,0.098295,0.098295,0.0,1.0,0,普通大幅波动
sz.159647,2024-10-09,1.03,1.135,1.135,-0.092511,-0.092511,0.0,1.0,0,普通大幅波动
sz.159652,2024-09-27,0.92,0.863,0.863,0.066049,0.066049,0.0,1.0,0,普通大幅波动
sz.159652,2024-09-30,0.987,0.92,0.92,0.072826,0.072826,0.0,1.0,0,普通大幅波动
sz.159652,2024-10-09,0.89,0.989,0.989,-0.100101,-0.100101,0.0,1.0,0,普通大幅波动
sz.159653,2024-09-30,1.015,0.938,0.938,0.08209,0.08209,0.0,1.0,0,普通大幅波动
sz.159653,2024-10-08,1.083,1.015,1.015,0.066995,0.066995,0.0,1.0,0,普通大幅波动
sz.159653,2024-10-09,1.016,1.083,1.083,-0.061865,-0.061865,0.0,1.0,0,普通大幅波动
sz.159655,2024-01-23,1.382,1.286,1.286,0.07465,0.07465,0.0,1.0,0,普通大幅波动
sz.159655,2024-01-24,1.487,1.382,1.382,0.075977,0.075977,0.0,1.0,0,普通大幅波动
sz.159655,2024-01-25,1.338,1.487,1.487,-0.100202,-0.100202,0.0,1.0,0,普通大幅波动
sz.159655,2024-01-31,1.343,1.458,1.458,-0.078875,-0.078875,0.0,1.0,0,普通大幅波动
sz.159655,2024-08-05,1.382,1.475,1.475,-0.063051,-0.063051,0.0,1.0,0,普通大幅波动
sz.159656,2024-09-27,0.787,0.736,0.736,0.069293,0.069293,0.0,1.0,0,普通大幅波动
sz.159656,2024-09-30,0.866,0.787,0.787,0.100381,0.100381,0.0,1.0,0,普通大幅波动
sz.159656,2024-10-08,0.951,0.866,0.866,0.098152,0.098152,0.0,1.0,0,普通大幅波动
sz.159656,2024-10-09,0.863,0.951,0.951,-0.092534,-0.092534,0.0,1.0,0,普通大幅波动
sz.159657,2024-02-06,0.707,0.654,0.654,0.08104,0.08104,0.0,1.0,0,普通大幅波动
sz.159657,2024-09-27,0.644,0.601,0.601,0.071547,0.071547,0.0,1.0,0,普通大幅波动
sz.159657,2024-09-30,0.704,0.644,0.644,0.093168,0.093168,0.0,1.0,0,普通大幅波动
sz.159657,2024-10-08,0.774,0.704,0.704,0.099432,0.099432,0.0,1.0,0,普通大幅波动
sz.159658,2024-02-06,0.806,0.76,0.76,0.060526,0.060526,0.0,1.0,0,普通大幅波动
sz.159658,2024-09-27,0.916,0.837,0.837,0.094385,0.094385,0.0,1.0,0,普通大幅波动
sz.159658,2024-09-30,1.008,0.916,0.916,0.100437,0.100437,0.0,1.0,0,普通大幅波动
sz.159658,2024-10-08,1.109,1.008,1.008,0.100198,0.100198,0.0,1.0,0,普通大幅波动
sz.159658,2024-10-09,1.208,1.109,1.109,0.08927,0.08927,0.0,1.0,0,普通大幅波动
sz.159658,2024-10-10,1.112,1.208,1.208,-0.07947,-0.07947,0.0,1.0,0,普通大幅波动
sz.159658,2024-10-18,1.144,1.04,1.04,0.1,0.1,0.0,1.0,0,普通大幅波动
sz.159659,2024-08-05,1.346,1.448,1.448,-0.070442,-0.070442,0.0,1.0,0,普通大幅波动
sz.159660,2024-08-05,1.37,1.479,1.479,-0.073698,-0.073698,0.0,1.0,0,普通大幅波动
sz.159661,2024-09-30,1.198,1.089,1.089,0.100092,0.100092,0.0,1.0,0,普通大幅波动
sz.159662,2024-09-30,1.068,0.993,0.993,0.075529,0.075529,0.0,1.0,0,普通大幅波动
sz.159662,2024-10-09,0.993,1.066,1.066,-0.06848,-0.06848,0.0,1.0,0,普通大幅波动
sz.159663,2024-02-26,0.887,0.836,0.836,0.061005,0.061005,0.0,1.0,0,普通大幅波动
sz.159663,2024-09-30,0.919,0.835,0.835,0.100599,0.100599,0.0,1.0,0,普通大幅波动
sz.159663,2024-10-08,1.011,0.919,0.919,0.100109,0.100109,0.0,1.0,0,普通大幅波动
sz.159665,2024-02-06,0.759,0.716,0.716,0.060056,0.060056,0.0,1.0,0,普通大幅波动
sz.159665,2024-09-27,0.884,0.823,0.823,0.074119,0.074119,0.0,1.0,0,普通大幅波动
sz.159665,2024-09-30,0.972,0.884,0.884,0.099548,0.099548,0.0,1.0,0,普通大幅波动
sz.159665,2024-10-08,1.069,0.972,0.972,0.099794,0.099794,0.0,1.0,0,普通大幅波动
sz.159665,2024-10-09,1.176,1.069,1.069,0.100094,0.100094,0.0,1.0,0,普通大幅波动
sz.159665,2024-10-11,1.075,1.154,1.154,-0.068458,-0.068458,0.0,1.0,0,普通大幅波动
sz.159665,2024-10-18,1.175,1.068,1.068,0.100187,0.100187,0.0,1.0,0,普通大幅波动
sz.159666,2024-09-30,1.022,0.94,0.94,0.087234,0.087234,0.0,1.0,0,普通大幅波动
sz.159666,2024-10-09,0.949,1.022,1.022,-0.071429,-0.071429,0.0,1.0,0,普通大幅波动
sz.159667,2024-02-06,0.733,0.686,0.686,0.068513,0.068513,0.0,1.0,0,普通大幅波动
sz.159667,2024-09-27,0.839,0.789,0.789,0.063371,0.063371,0.0,1.0,0,普通大幅波动
sz.159667,2024-09-30,0.923,0.839,0.839,0.100119,0.100119,0.0,1.0,0,普通大幅波动
sz.159667,2024-10-08,1.015,0.923,0.923,0.099675,0.099675,0.0,1.0,0,普通大幅波动
sz.159667,2024-10-09,0.932,1.015,1.015,-0.081773,-0.081773,0.0,1.0,0,普通大幅波动
sz.159669,2024-09-30,1.116,1.04,1.04,0.073077,0.073077,0.0,1.0,0,普通大幅波动
sz.159669,2024-10-09,1.045,1.126,1.126,-0.071936,-0.071936,0.0,1.0,0,普通大幅波动
sz.159670,2024-09-26,0.936,0.87,0.87,0.075862,0.075862,0.0,1.0,0,普通大幅波动
sz.159670,2024-09-27,1.024,0.936,0.936,0.094017,0.094017,0.0,1.0,0,普通大幅波动
sz.159670,2024-09-30,1.105,1.024,1.024,0.079102,0.079102,0.0,1.0,0,普通大幅波动
sz.159670,2024-10-09,0.979,1.088,1.088,-0.100184,-0.100184,0.0,1.0,0,普通大幅波动
sz.159671,2024-02-06,0.579,0.538,0.538,0.076208,0.076208,0.0,1.0,0,普通大幅波动
sz.159671,2024-09-27,0.649,0.599,0.599,0.083472,0.083472,0.0,1.0,0,普通大幅波动
sz.159671,2024-09-30,0.713,0.649,0.649,0.098613,0.098613,0.0,1.0,0,普通大幅波动
sz.159671,2024-10-09,0.677,0.75,0.75,-0.097333,-0.097333,0.0,1.0,0,普通大幅波动
sz.159672,2024-09-24,0.678,0.637,0.637,0.064364,0.064364,0.0,1.0,0,普通大幅波动
sz.159672,2024-09-26,0.751,0.683,0.683,0.099561,0.099561,0.0,1.0,0,普通大幅波动
sz.159672,2024-09-27,0.813,0.751,0.751,0.082557,0.082557,0.0,1.0,0,普通大幅波动
sz.159672,2024-09-30,0.894,0.813,0.813,0.099631,0.099631,0.0,1.0,0,普通大幅波动
sz.159672,2024-10-09,0.795,0.871,0.871,-0.087256,-0.087256,0.0,1.0,0,普通大幅波动
sz.159672,2024-11-07,0.864,0.808,0.808,0.069307,0.069307,0.0,1.0,0,普通大幅波动
sz.159673,2024-09-30,1.095,1.007,1.007,0.087388,0.087388,0.0,1.0,0,普通大幅波动
sz.159673,2024-10-08,1.179,1.095,1.095,0.076712,0.076712,0.0,1.0,0,普通大幅波动
sz.159673,2024-10-09,1.061,1.179,1.179,-0.100085,-0.100085,0.0,1.0,0,普通大幅波动
sz.159675,2024-02-06,0.69,0.648,0.648,0.064815,0.064815,0.0,1.0,0,普通大幅波动
sz.159675,2024-09-27,0.774,0.71,0.71,0.090141,0.090141,0.0,1.0,0,普通大幅波动
sz.159675,2024-09-30,0.929,0.774,0.774,0.200258,0.200258,0.0,1.0,0,普通大幅波动
sz.159675,2024-10-08,1.115,0.929,0.929,0.200215,0.200215,0.0,1.0,0,普通大幅波动
sz.159675,2024-10-09,0.936,1.115,1.115,-0.160538,-0.160538,0.0,1.0,0,普通大幅波动
sz.159675,2024-10-18,0.887,0.82,0.82,0.081707,0.081707,0.0,1.0,0,普通大幅波动
sz.159676,2024-09-27,0.797,0.724,0.724,0.100829,0.100829,0.0,1.0,0,普通大幅波动
sz.159676,2024-09-30,0.952,0.797,0.797,0.194479,0.194479,0.0,1.0,0,普通大幅波动
sz.159676,2024-10-08,1.142,0.952,0.952,0.19958,0.19958,0.0,1.0,0,普通大幅波动
sz.159676,2024-10-09,0.946,1.142,1.142,-0.171629,-0.171629,0.0,1.0,0,普通大幅波动
sz.159676,2024-10-18,0.914,0.847,0.847,0.079103,0.079103,0.0,1.0,0,普通大幅波动
sz.159677,2024-01-22,0.842,0.896,0.896,-0.060268,-0.060268,0.0,1.0,0,普通大幅波动
sz.159677,2024-09-27,0.89,0.836,0.836,0.064593,0.064593,0.0,1.0,0,普通大幅波动
sz.159677,2024-09-30,0.97,0.89,0.89,0.089888,0.089888,0.0,1.0,0,普通大幅波动
sz.159677,2024-10-08,1.06,0.97,0.97,0.092784,0.092784,0.0,1.0,0,普通大幅波动
sz.159677,2024-10-09,0.962,1.06,1.06,-0.092453,-0.092453,0.0,1.0,0,普通大幅波动
sz.159678,2024-02-06,0.81,0.758,0.758,0.068602,0.068602,0.0,1.0,0,普通大幅波动
sz.159678,2024-09-27,0.948,0.876,0.876,0.082192,0.082192,0.0,1.0,0,普通大幅波动
sz.159678,2024-09-30,1.025,0.948,0.948,0.081224,0.081224,0.0,1.0,0,普通大幅波动
sz.159678,2024-10-09,0.99,1.072,1.072,-0.076493,-0.076493,0.0,1.0,0,普通大幅波动
sz.159679,2024-09-27,0.839,0.784,0.784,0.070153,0.070153,0.0,1.0,0,普通大幅波动
sz.159679,2024-09-30,0.923,0.839,0.839,0.100119,0.100119,0.0,1.0,0,普通大幅波动
sz.159679,2024-10-08,0.981,0.923,0.923,0.062839,0.062839,0.0,1.0,0,普通大幅波动
sz.159679,2024-10-09,0.906,0.981,0.981,-0.076453,-0.076453,0.0,1.0,0,普通大幅波动
sz.159680,2024-02-05,0.734,0.782,0.782,-0.061381,-0.061381,0.0,1.0,0,普通大幅波动
sz.159680,2024-02-06,0.78,0.734,0.734,0.06267,0.06267,0.0,1.0,0,普通大幅波动
sz.159680,2024-09-27,0.964,0.899,0.899,0.072303,0.072303,0.0,1.0,0,普通大幅波动
sz.159680,2024-09-30,1.06,0.964,0.964,0.099585,0.099585,0.0,1.0,0,普通大幅波动
sz.159680,2024-10-08,1.166,1.06,1.06,0.1,0.1,0.0,1.0,0,普通大幅波动
sz.159680,2024-10-09,1.049,1.166,1.166,-0.100343,-0.100343,0.0,1.0,0,普通大幅波动
sz.159681,2024-09-24,0.701,0.66,0.66,0.062121,0.062121,0.0,1.0,0,普通大幅波动
sz.159681,2024-09-27,0.834,0.741,0.741,0.125506,0.125506,0.0,1.0,0,普通大幅波动
sz.159681,2024-09-30,1.001,0.834,0.834,0.20024,0.20024,0.0,1.0,0,普通大幅波动
sz.159681,2024-10-08,1.201,1.001,1.001,0.1998,0.1998,0.0,1.0,0,普通大幅波动
sz.159681,2024-10-09,1.008,1.201,1.201,-0.160699,-0.160699,0.0,1.0,0,普通大幅波动
sz.159681,2024-10-18,0.966,0.889,0.889,0.086614,0.086614,0.0,1.0,0,普通大幅波动
sz.159682,2024-02-06,0.68,0.638,0.638,0.065831,0.065831,0.0,1.0,0,普通大幅波动
sz.159682,2024-09-24,0.691,0.651,0.651,0.061444,0.061444,0.0,1.0,0,普通大幅波动
sz.159682,2024-09-27,0.824,0.733,0.733,0.124147,0.124147,0.0,1.0,0,普通大幅波动
sz.159682,2024-09-30,0.985,0.824,0.824,0.195388,0.195388,0.0,1.0,0,普通大幅波动
sz.159682,2024-10-08,1.182,0.985,0.985,0.2,0.2,0.0,1.0,0,普通大幅波动
sz.159682,2024-10-09,0.992,1.182,1.182,-0.160745,-0.160745,0.0,1.0,0,普通大幅波动
sz.159682,2024-10-18,0.958,0.877,0.877,0.09236,0.09236,0.0,1.0,0,普通大幅波动
sz.159683,2024-09-30,1.025,0.957,0.957,0.071055,0.071055,0.0,1.0,0,普通大幅波动
sz.159683,2024-10-09,0.952,1.041,1.041,-0.085495,-0.085495,0.0,1.0,0,普通大幅波动
sz.159685,2024-01-23,0.768,0.83,0.83,-0.074699,-0.074699,0.0,1.0,0,普通大幅波动
sz.159685,2024-02-05,0.65,0.699,0.699,-0.0701,-0.0701,0.0,1.0,0,普通大幅波动
sz.159685,2024-09-27,0.831,0.77,0.77,0.079221,0.079221,0.0,1.0,0,普通大幅波动
sz.159685,2024-09-30,0.914,0.831,0.831,0.09988,0.09988,0.0,1.0,0,普通大幅波动
sz.159685,2024-10-08,0.986,0.914,0.914,0.078775,0.078775,0.0,1.0,0,普通大幅波动
sz.159685,2024-10-09,0.908,0.986,0.986,-0.079108,-0.079108,0.0,1.0,0,普通大幅波动
sz.159686,2024-09-30,1.062,0.973,0.973,0.09147,0.09147,0.0,1.0,0,普通大幅波动
sz.159686,2024-10-08,1.149,1.062,1.062,0.081921,0.081921,0.0,1.0,0,普通大幅波动
sz.159686,2024-10-09,1.035,1.149,1.149,-0.099217,-0.099217,0.0,1.0,0,普通大幅波动
sz.159687,2024-07-08,1.452,1.344,1.344,0.080357,0.080357,0.0,1.0,0,普通大幅波动
sz.159687,2024-07-09,1.554,1.452,1.452,0.070248,0.070248,0.0,1.0,0,普通大幅波动
sz.159687,2024-07-10,1.459,1.554,1.554,-0.061133,-0.061133,0.0,1.0,0,普通大幅波动
sz.159687,2024-07-12,1.326,1.418,1.418,-0.06488,-0.06488,0.0,1.0,0,普通大幅波动
sz.159687,2024-08-05,1.081,1.193,1.193,-0.093881,-0.093881,0.0,1.0,0,普通大幅波动
sz.159688,2023-12-22,0.682,0.736,0.736,-0.07337,-0.07337,0.0,1.0,0,普通大幅波动
sz.159688,2024-02-06,0.662,0.623,0.623,0.0626,0.0626,0.0,1.0,0,普通大幅波动
sz.159688,2024-05-06,0.837,0.768,0.768,0.089844,0.089844,0.0,1.0,0,普通大幅波动
sz.159688,2024-09-26,0.833,0.777,0.777,0.072072,0.072072,0.0,1.0,0,普通大幅波动
sz.159688,2024-09-27,0.884,0.833,0.833,0.061224,0.061224,0.0,1.0,0,普通大幅波动
sz.159688,2024-09-30,0.972,0.884,0.884,0.099548,0.099548,0.0,1.0,0,普通大幅波动
sz.159688,2024-10-09,0.925,0.989,0.989,-0.064712,-0.064712,0.0,1.0,0,普通大幅波动
sz.159689,2024-09-24,0.675,0.636,0.636,0.061321,0.061321,0.0,1.0,0,普通大幅波动
sz.159689,2024-09-26,0.748,0.68,0.68,0.1,0.1,0.0,1.0,0,普通大幅波动
sz.159689,2024-09-27,0.8,0.748,0.748,0.069519,0.069519,0.0,1.0,0,普通大幅波动
sz.159689,2024-09-30,0.88,0.8,0.8,0.1,0.1,0.0,1.0,0,普通大幅波动
sz.159689,2024-10-09,0.792,0.88,0.88,-0.1,-0.1,0.0,1.0,0,普通大幅波动
sz.159689,2024-11-07,0.864,0.809,0.809,0.067985,0.067985,0.0,1.0,0,普通大幅波动
sz.159690,2024-09-30,1.09,1.006,1.006,0.083499,0.083499,0.0,1.0,0,普通大幅波动
sz.159690,2024-10-09,1.027,1.11,1.11,-0.074775,-0.074775,0.0,1.0,0,普通大幅波动
sz.159691,2024-10-09,1.095,1.165,1.165,-0.060086,-0.060086,0.0,1.0,0,普通大幅波动
sz.159692,2023-07-28,1.081,1.002,1.002,0.078842,0.078842,0.0,1.0,0,普通大幅波动
sz.159692,2024-04-26,0.955,0.898,0.898,0.063474,0.063474,0.0,1.0,0,普通大幅波动
sz.159692,2024-09-24,0.959,0.894,0.894,0.072707,0.072707,0.0,1.0,0,普通大幅波动
sz.159692,2024-09-26,1.025,0.966,0.966,0.061077,0.061077,0.0,1.0,0,普通大幅波动
sz.159692,2024-09-27,1.128,1.025,1.025,0.100488,0.100488,0.0,1.0,0,普通大幅波动
sz.159692,2024-09-30,1.241,1.128,1.128,0.100177,0.100177,0.0,1.0,0,普通大幅波动
sz.159692,2024-10-08,1.365,1.241,1.241,0.099919,0.099919,0.0,1.0,0,普通大幅波动
sz.159692,2024-10-10,1.227,1.319,1.319,-0.06975,-0.06975,0.0,1.0,0,普通大幅波动
sz.159692,2024-10-18,1.255,1.167,1.167,0.075407,0.075407,0.0,1.0,0,普通大幅波动
sz.159692,2024-11-07,1.468,1.353,1.353,0.084996,0.084996,0.0,1.0,0,普通大幅波动
sz.159695,2024-02-19,0.933,0.877,0.877,0.063854,0.063854,0.0,1.0,0,普通大幅波动
sz.159695,2024-09-30,1.162,1.056,1.056,0.100379,0.100379,0.0,1.0,0,普通大幅波动
sz.159695,2024-10-08,1.278,1.162,1.162,0.099828,0.099828,0.0,1.0,0,普通大幅波动
sz.159695,2024-10-09,1.152,1.278,1.278,-0.098592,-0.098592,0.0,1.0,0,普通大幅波动
sz.159695,2024-10-18,1.184,1.113,1.113,0.063792,0.063792,0.0,1.0,0,普通大幅波动
sz.159696,2024-01-24,1.243,1.165,1.165,0.066953,0.066953,0.0,1.0,0,普通大幅波动
sz.159696,2024-08-05,1.172,1.26,1.26,-0.069841,-0.069841,0.0,1.0,0,普通大幅波动
sz.159697,2024-01-25,0.961,0.904,0.904,0.063053,0.063053,0.0,1.0,0,普通大幅波动
sz.159697,2024-09-30,1.088,1.009,1.009,0.078295,0.078295,0.0,1.0,0,普通大幅波动
sz.159697,2024-10-09,1.047,1.15,1.15,-0.089565,-0.089565,0.0,1.0,0,普通大幅波动
sz.159698,2024-09-30,0.903,0.83,0.83,0.087952,0.087952,0.0,1.0,0,普通大幅波动
sz.159698,2024-10-09,0.84,0.916,0.916,-0.082969,-0.082969,0.0,1.0,0,普通大幅波动
sz.159699,2024-09-26,0.904,0.837,0.837,0.080048,0.080048,0.0,1.0,0,普通大幅波动
sz.159701,2022-04-25,0.648,0.69,0.69,-0.06087,-0.06087,0.0,1.0,0,普通大幅波动
sz.159701,2022-05-12,0.762,0.711,0.711,0.07173,0.07173,0.0,1.0,0,普通大幅波动
sz.159701,2022-05-13,0.711,0.762,0.762,-0.066929,-0.066929,0.0,1.0,0,普通大幅波动
sz.159701,2024-09-27,0.699,0.659,0.659,0.060698,0.060698,0.0,1.0,0,普通大幅波动
sz.159701,2024-09-30,0.769,0.699,0.699,0.100143,0.100143,0.0,1.0,0,普通大幅波动
sz.159701,2024-10-08,0.846,0.769,0.769,0.10013,0.10013,0.0,1.0,0,普通大幅波动
sz.159701,2024-10-18,0.806,0.754,0.754,0.068966,0.068966,0.0,1.0,0,普通大幅波动
sz.159702,2022-04-25,0.748,0.803,0.803,-0.068493,-0.068493,0.0,1.0,0,普通大幅波动
sz.159703,2022-04-25,0.804,0.864,0.864,-0.069444,-0.069444,0.0,1.0,0,普通大幅波动
sz.159703,2022-04-27,0.849,0.791,0.791,0.073325,0.073325,0.0,1.0,0,普通大幅波动
sz.159703,2024-09-27,0.557,0.52,0.52,0.071154,0.071154,0.0,1.0,0,普通大幅波动
sz.159703,2024-09-30,0.613,0.557,0.557,0.100539,0.100539,0.0,1.0,0,普通大幅波动
sz.159703,2024-10-08,0.674,0.613,0.613,0.099511,0.099511,0.0,1.0,0,普通大幅波动
sz.159703,2024-10-18,0.603,0.567,0.567,0.063492,0.063492,0.0,1.0,0,普通大幅波动
sz.159706,2024-09-27,0.671,0.618,0.618,0.085761,0.085761,0.0,1.0,0,普通大幅波动
sz.159706,2024-09-30,0.732,0.671,0.671,0.090909,0.090909,0.0,1.0,0,普通大幅波动
sz.159706,2024-10-08,0.805,0.732,0.732,0.099727,0.099727,0.0,1.0,0,普通大幅波动
sz.159706,2024-10-09,0.748,0.805,0.805,-0.070807,-0.070807,0.0,1.0,0,普通大幅波动
sz.159707,2022-03-15,0.893,0.97,0.97,-0.079381,-0.079381,0.0,1.0,0,普通大幅波动
sz.159707,2022-03-30,1.113,1.049,1.049,0.06101,0.06101,0.0,1.0,0,普通大幅波动
sz.159707,2022-05-06,0.99,1.054,1.054,-0.060721,-0.060721,0.0,1.0,0,普通大幅波动
sz.159707,2022-11-11,0.942,0.863,0.863,0.091541,0.091541,0.0,1.0,0,普通大幅波动
sz.159707,2022-11-29,1.068,0.971,0.971,0.099897,0.099897,0.0,1.0,0,普通大幅波动
sz.159707,2023-07-25,0.855,0.796,0.796,0.074121,0.074121,0.0,1.0,0,普通大幅波动
sz.159707,2024-04-29,0.586,0.548,0.548,0.069343,0.069343,0.0,1.0,0,普通大幅波动
sz.159707,2024-05-17,0.684,0.627,0.627,0.090909,0.090909,0.0,1.0,0,普通大幅波动
sz.159707,2024-09-26,0.628,0.571,0.571,0.099825,0.099825,0.0,1.0,0,普通大幅波动
sz.159707,2024-09-27,0.686,0.628,0.628,0.092357,0.092357,0.0,1.0,0,普通大幅波动
sz.159707,2024-09-30,0.755,0.686,0.686,0.100583,0.100583,0.0,1.0,0,普通大幅波动
sz.159707,2024-10-09,0.662,0.735,0.735,-0.09932,-0.09932,0.0,1.0,0,普通大幅波动
sz.159707,2024-10-17,0.665,0.713,0.713,-0.067321,-0.067321,0.0,1.0,0,普通大幅波动
sz.159708,2022-11-29,0.731,0.685,0.685,0.067153,0.067153,0.0,1.0,0,普通大幅波动
sz.159708,2024-09-26,0.745,0.701,0.701,0.062767,0.062767,0.0,1.0,0,普通大幅波动
sz.159708,2024-09-30,0.845,0.768,0.768,0.10026,0.10026,0.0,1.0,0,普通大幅波动
sz.159708,2024-10-08,0.9,0.845,0.845,0.065089,0.065089,0.0,1.0,0,普通大幅波动
sz.159708,2024-10-09,0.811,0.9,0.9,-0.098889,-0.098889,0.0,1.0,0,普通大幅波动
sz.159709,2022-04-25,0.687,0.731,0.731,-0.060192,-0.060192,0.0,1.0,0,普通大幅波动
sz.159709,2024-09-30,0.829,0.754,0.754,0.099469,0.099469,0.0,1.0,0,普通大幅波动
sz.159709,2024-10-08,0.912,0.829,0.829,0.100121,0.100121,0.0,1.0,0,普通大幅波动
sz.159709,2024-10-18,0.881,0.831,0.831,0.060168,0.060168,0.0,1.0,0,普通大幅波动
sz.159710,2022-03-16,0.826,0.778,0.778,0.061697,0.061697,0.0,1.0,0,普通大幅波动
sz.159710,2022-04-11,0.727,0.781,0.781,-0.069142,-0.069142,0.0,1.0,0,普通大幅波动
sz.159710,2022-04-25,0.638,0.682,0.682,-0.064516,-0.064516,0.0,1.0,0,普通大幅波动
sz.159710,2022-04-27,0.672,0.627,0.627,0.07177,0.07177,0.0,1.0,0,普通大幅波动
sz.159710,2022-05-11,0.73,0.688,0.688,0.061047,0.061047,0.0,1.0,0,普通大幅波动
sz.159711,2022-03-16,0.862,0.808,0.808,0.066832,0.066832,0.0,1.0,0,普通大幅波动
sz.159712,2022-03-16,0.82,0.753,0.753,0.088977,0.088977,0.0,1.0,0,普通大幅波动
sz.159713,2021-09-01,1.093,1.17,1.17,-0.065812,-0.065812,0.0,1.0,0,普通大幅波动
sz.159713,2021-09-27,0.991,1.084,1.084,-0.085793,-0.085793,0.0,1.0,0,普通大幅波动
sz.159713,2022-04-25,0.663,0.727,0.727,-0.088033,-0.088033,0.0,1.0,0,普通大幅波动
sz.159713,2022-04-27,0.69,0.642,0.642,0.074766,0.074766,0.0,1.0,0,普通大幅波动
sz.159713,2024-02-06,0.545,0.509,0.509,0.070727,0.070727,0.0,1.0,0,普通大幅波动
sz.159713,2024-02-07,0.589,0.545,0.545,0.080734,0.080734,0.0,1.0,0,普通大幅波动
sz.159713,2024-09-30,0.704,0.64,0.64,0.1,0.1,0.0,1.0,0,普通大幅波动
sz.159713,2024-10-08,0.755,0.704,0.704,0.072443,0.072443,0.0,1.0,0,普通大幅波动
sz.159713,2024-10-09,0.686,0.755,0.755,-0.091391,-0.091391,0.0,1.0,0,普通大幅波动
sz.159713,2024-11-01,0.818,0.747,0.747,0.095047,0.095047,0.0,1.0,0,普通大幅波动
sz.159715,2021-09-27,0.863,0.943,0.943,-0.084836,-0.084836,0.0,1.0,0,普通大幅波动
sz.159715,2022-04-25,0.583,0.638,0.638,-0.086207,-0.086207,0.0,1.0,0,普通大幅波动
sz.159715,2022-04-27,0.604,0.566,0.566,0.067138,0.067138,0.0,1.0,0,普通大幅波动
sz.159715,2024-02-06,0.493,0.46,0.46,0.071739,0.071739,0.0,1.0,0,普通大幅波动
sz.159715,2024-02-07,0.537,0.493,0.493,0.089249,0.089249,0.0,1.0,0,普通大幅波动
sz.159715,2024-09-30,0.635,0.577,0.577,0.10052,0.10052,0.0,1.0,0,普通大幅波动
sz.159715,2024-10-08,0.679,0.635,0.635,0.069291,0.069291,0.0,1.0,0,普通大幅波动
sz.159715,2024-10-09,0.62,0.679,0.679,-0.086892,-0.086892,0.0,1.0,0,普通大幅波动
sz.159715,2024-11-01,0.736,0.674,0.674,0.091988,0.091988,0.0,1.0,0,普通大幅波动
sz.159716,2024-09-27,0.697,0.653,0.653,0.067381,0.067381,0.0,1.0,0,普通大幅波动
sz.159716,2024-09-30,0.767,0.697,0.697,0.10043,0.10043,0.0,1.0,0,普通大幅波动
sz.159716,2024-10-08,0.844,0.767,0.767,0.100391,0.100391,0.0,1.0,0,普通大幅波动
sz.159716,2024-10-09,0.788,0.844,0.844,-0.066351,-0.066351,0.0,1.0,0,普通大幅波动
sz.159717,2024-09-30,0.912,0.83,0.83,0.098795,0.098795,0.0,1.0,0,普通大幅波动
sz.159717,2024-10-08,0.991,0.912,0.912,0.086623,0.086623,0.0,1.0,0,普通大幅波动
sz.159717,2024-10-09,0.9,0.991,0.991,-0.091826,-0.091826,0.0,1.0,0,普通大幅波动
sz.159718,2022-03-14,0.673,0.726,0.726,-0.073003,-0.073003,0.0,1.0,0,普通大幅波动
sz.159718,2022-03-15,0.618,0.673,0.673,-0.081724,-0.081724,0.0,1.0,0,普通大幅波动
sz.159718,2022-03-16,0.68,0.618,0.618,0.100324,0.100324,0.0,1.0,0,普通大幅波动
sz.159718,2022-03-17,0.747,0.68,0.68,0.098529,0.098529,0.0,1.0,0,普通大幅波动
sz.159718,2022-03-25,0.77,0.827,0.827,-0.068924,-0.068924,0.0,1.0,0,普通大幅波动
sz.159718,2022-05-05,0.705,0.75,0.75,-0.06,-0.06,0.0,1.0,0,普通大幅波动
sz.159718,2022-06-24,0.849,0.799,0.799,0.062578,0.062578,0.0,1.0,0,普通大幅波动
sz.159718,2022-10-14,0.715,0.668,0.668,0.070359,0.070359,0.0,1.0,0,普通大幅波动
sz.159718,2022-10-24,0.673,0.723,0.723,-0.069156,-0.069156,0.0,1.0,0,普通大幅波动
sz.159718,2023-10-27,0.734,0.69,0.69,0.063768,0.063768,0.0,1.0,0,普通大幅波动
sz.159718,2023-12-04,0.707,0.753,0.753,-0.061089,-0.061089,0.0,1.0,0,普通大幅波动
sz.159718,2024-01-26,0.565,0.604,0.604,-0.06457,-0.06457,0.0,1.0,0,普通大幅波动
sz.159718,2024-02-06,0.552,0.52,0.52,0.061538,0.061538,0.0,1.0,0,普通大幅波动
sz.159718,2024-09-27,0.62,0.58,0.58,0.068966,0.068966,0.0,1.0,0,普通大幅波动
sz.159718,2024-09-30,0.682,0.62,0.62,0.1,0.1,0.0,1.0,0,普通大幅波动
sz.159718,2024-10-09,0.644,0.688,0.688,-0.063953,-0.063953,0.0,1.0,0,普通大幅波动
sz.159719,2022-03-15,0.938,1.004,1.004,-0.065737,-0.065737,0.0,1.0,0,普通大幅波动
sz.159719,2022-05-20,1.068,0.995,0.995,0.073367,0.073367,0.0,1.0,0,普通大幅波动
sz.159719,2022-05-25,1.1,1.02,1.02,0.078431,0.078431,0.0,1.0,0,普通大幅波动
sz.159719,2022-09-19,1.165,1.08,1.08,0.078704,0.078704,0.0,1.0,0,普通大幅波动
sz.159719,2022-09-20,1.088,1.165,1.165,-0.066094,-0.066094,0.0,1.0,0,普通大幅波动
sz.159719,2024-01-25,1.339,1.247,1.247,0.073777,0.073777,0.0,1.0,0,普通大幅波动
sz.159719,2024-10-09,1.528,1.664,1.664,-0.081731,-0.081731,0.0,1.0,0,普通大幅波动
sz.159719,2024-10-10,1.674,1.528,1.528,0.09555,0.09555,0.0,1.0,0,普通大幅波动
sz.159720,2021-08-04,1.083,1.021,1.021,0.060725,0.060725,0.0,1.0,0,普通大幅波动
sz.159720,2022-04-11,0.749,0.798,0.798,-0.061404,-0.061404,0.0,1.0,0,普通大幅波动
sz.159720,2022-04-25,0.655,0.702,0.702,-0.066952,-0.066952,0.0,1.0,0,普通大幅波动
sz.159720,2022-04-27,0.687,0.639,0.639,0.075117,0.075117,0.0,1.0,0,普通大幅波动
sz.159720,2024-09-30,0.619,0.563,0.563,0.099467,0.099467,0.0,1.0,0,普通大幅波动
sz.159720,2024-10-08,0.681,0.619,0.619,0.100162,0.100162,0.0,1.0,0,普通大幅波动
sz.159720,2024-10-18,0.628,0.59,0.59,0.064407,0.064407,0.0,1.0,0,普通大幅波动
sz.159721,2022-04-25,0.657,0.7,0.7,-0.061429,-0.061429,0.0,1.0,0,普通大幅波动
sz.159721,2024-09-30,0.736,0.669,0.669,0.100149,0.100149,0.0,1.0,0,普通大幅波动
sz.159721,2024-10-08,0.81,0.736,0.736,0.100543,0.100543,0.0,1.0,0,普通大幅波动
sz.159721,2024-10-18,0.752,0.707,0.707,0.063649,0.063649,0.0,1.0,0,普通大幅波动
sz.159723,2022-03-16,0.746,0.678,0.678,0.100295,0.100295,0.0,1.0,0,普通大幅波动
sz.159723,2024-09-27,0.736,0.675,0.675,0.09037,0.09037,0.0,1.0,0,普通大幅波动
sz.159723,2024-09-30,0.81,0.736,0.736,0.100543,0.100543,0.0,1.0,0,普通大幅波动
sz.159723,2024-10-08,0.891,0.81,0.81,0.1,0.1,0.0,1.0,0,普通大幅波动
sz.159723,2024-10-09,0.802,0.891,0.891,-0.099888,-0.099888,0.0,1.0,0,普通大幅波动
sz.159723,2024-10-18,0.786,0.736,0.736,0.067935,0.067935,0.0,1.0,0,普通大幅波动
sz.159725,2022-04-25,0.625,0.676,0.676,-0.075444,-0.075444,0.0,1.0,0,普通大幅波动
sz.159725,2022-04-29,0.679,0.633,0.633,0.07267,0.07267,0.0,1.0,0,普通大幅波动
sz.159725,2023-03-31,0.918,0.865,0.865,0.061272,0.061272,0.0,1.0,0,普通大幅波动
sz.159725,2023-04-10,0.907,0.969,0.969,-0.063983,-0.063983,0.0,1.0,0,普通大幅波动
sz.159725,2023-04-28,0.979,0.909,0.909,0.077008,0.077008,0.0,1.0,0,普通大幅波动
sz.159725,2023-11-22,0.717,0.776,0.776,-0.076031,-0.076031,0.0,1.0,0,普通大幅波动
sz.159725,2023-11-23,0.772,0.717,0.717,0.076709,0.076709,0.0,1.0,0,普通大幅波动
sz.159725,2023-12-22,0.702,0.756,0.756,-0.071429,-0.071429,0.0,1.0,0,普通大幅波动
sz.159725,2024-02-06,0.595,0.555,0.555,0.072072,0.072072,0.0,1.0,0,普通大幅波动
sz.159725,2024-06-26,0.596,0.557,0.557,0.070018,0.070018,0.0,1.0,0,普通大幅波动
sz.159725,2024-09-27,0.65,0.599,0.599,0.085142,0.085142,0.0,1.0,0,普通大幅波动
sz.159725,2024-09-30,0.715,0.65,0.65,0.1,0.1,0.0,1.0,0,普通大幅波动
sz.159725,2024-10-08,0.787,0.715,0.715,0.100699,0.100699,0.0,1.0,0,普通大幅波动
sz.159725,2024-10-09,0.713,0.787,0.787,-0.094028,-0.094028,0.0,1.0,0,普通大幅波动
sz.159725,2024-11-18,0.766,0.816,0.816,-0.061275,-0.061275,0.0,1.0,0,普通大幅波动
sz.159726,2022-03-15,0.837,0.9,0.9,-0.07,-0.07,0.0,1.0,0,普通大幅波动
sz.159726,2022-03-17,0.968,0.88,0.88,0.1,0.1,0.0,1.0,0,普通大幅波动
sz.159726,2022-07-08,0.908,0.997,0.997,-0.089268,-0.089268,0.0,1.0,0,普通大幅波动
sz.159726,2024-10-09,1.024,1.094,1.094,-0.063985,-0.063985,0.0,1.0,0,普通大幅波动
sz.159728,2022-04-25,0.668,0.717,0.717,-0.06834,-0.06834,0.0,1.0,0,普通大幅波动
sz.159728,2022-04-29,0.715,0.668,0.668,0.070359,0.070359,0.0,1.0,0,普通大幅波动
sz.159728,2023-04-28,1.016,0.924,0.924,0.099567,0.099567,0.0,1.0,0,普通大幅波动
sz.159728,2023-12-22,0.73,0.787,0.787,-0.072427,-0.072427,0.0,1.0,0,普通大幅波动
sz.159728,2024-09-27,0.659,0.615,0.615,0.071545,0.071545,0.0,1.0,0,普通大幅波动
sz.159728,2024-09-30,0.725,0.659,0.659,0.100152,0.100152,0.0,1.0,0,普通大幅波动
sz.159728,2024-10-08,0.798,0.725,0.725,0.10069,0.10069,0.0,1.0,0,普通大幅波动
sz.159728,2024-10-09,0.739,0.798,0.798,-0.073935,-0.073935,0.0,1.0,0,普通大幅波动
sz.159728,2024-11-27,0.838,0.788,0.788,0.063452,0.063452,0.0,1.0,0,普通大幅波动
sz.159729,2021-07-27,0.857,0.919,0.919,-0.067465,-0.067465,0.0,1.0,0,普通大幅波动
sz.159729,2022-03-15,0.552,0.593,0.593,-0.06914,-0.06914,0.0,1.0,0,普通大幅波动
sz.159729,2022-03-16,0.607,0.552,0.552,0.099638,0.099638,0.0,1.0,0,普通大幅波动
sz.159729,2022-04-29,0.615,0.559,0.559,0.100179,0.100179,0.0,1.0,0,普通大幅波动
sz.159729,2024-02-06,0.49,0.461,0.461,0.062907,0.062907,0.0,1.0,0,普通大幅波动
sz.159729,2024-09-27,0.644,0.598,0.598,0.076923,0.076923,0.0,1.0,0,普通大幅波动
sz.159729,2024-09-30,0.708,0.644,0.644,0.099379,0.099379,0.0,1.0,0,普通大幅波动
sz.159729,2024-10-08,0.779,0.708,0.708,0.100282,0.100282,0.0,1.0,0,普通大幅波动
sz.159730,2024-09-30,1.084,0.998,0.998,0.086172,0.086172,0.0,1.0,0,普通大幅波动
sz.159730,2024-10-09,1.045,1.146,1.146,-0.088133,-0.088133,0.0,1.0,0,普通大幅波动
sz.159731,2024-09-30,0.76,0.7,0.7,0.085714,0.085714,0.0,1.0,0,普通大幅波动
sz.159731,2024-10-09,0.723,0.803,0.803,-0.099626,-0.099626,0.0,1.0,0,普通大幅波动
sz.159732,2022-04-25,0.63,0.672,0.672,-0.0625,-0.0625,0.0,1.0,0,普通大幅波动
sz.159732,2022-04-27,0.641,0.604,0.604,0.061258,0.061258,0.0,1.0,0,普通大幅波动
sz.159732,2022-11-15,0.691,0.643,0.643,0.07465,0.07465,0.0,1.0,0,普通大幅波动
sz.159732,2024-02-06,0.553,0.521,0.521,0.06142,0.06142,0.0,1.0,0,普通大幅波动
sz.159732,2024-09-27,0.687,0.642,0.642,0.070093,0.070093,0.0,1.0,0,普通大幅波动
sz.159732,2024-09-30,0.756,0.687,0.687,0.100437,0.100437,0.0,1.0,0,普通大幅波动
sz.159732,2024-10-08,0.832,0.756,0.756,0.100529,0.100529,0.0,1.0,0,普通大幅波动
sz.159732,2024-10-09,0.779,0.832,0.832,-0.063702,-0.063702,0.0,1.0,0,普通大幅波动
sz.159732,2024-10-18,0.78,0.734,0.734,0.06267,0.06267,0.0,1.0,0,普通大幅波动
sz.159733,2022-04-27,0.704,0.661,0.661,0.065053,0.065053,0.0,1.0,0,普通大幅波动
sz.159735,2021-07-27,0.841,0.905,0.905,-0.070718,-0.070718,0.0,1.0,0,普通大幅波动
sz.159735,2022-03-15,0.549,0.585,0.585,-0.061538,-0.061538,0.0,1.0,0,普通大幅波动
sz.159735,2022-03-16,0.604,0.549,0.549,0.100182,0.100182,0.0,1.0,0,普通大幅波动
sz.159735,2022-03-17,0.642,0.604,0.604,0.062914,0.062914,0.0,1.0,0,普通大幅波动
sz.159735,2022-10-24,0.506,0.542,0.542,-0.066421,-0.066421,0.0,1.0,0,普通大幅波动
sz.159735,2022-11-01,0.535,0.496,0.496,0.078629,0.078629,0.0,1.0,0,普通大幅波动
sz.159735,2022-11-04,0.572,0.532,0.532,0.075188,0.075188,0.0,1.0,0,普通大幅波动
sz.159735,2022-11-11,0.583,0.547,0.547,0.065814,0.065814,0.0,1.0,0,普通大幅波动
sz.159735,2024-09-26,0.634,0.589,0.589,0.076401,0.076401,0.0,1.0,0,普通大幅波动
sz.159735,2024-09-27,0.697,0.634,0.634,0.099369,0.099369,0.0,1.0,0,普通大幅波动
sz.159736,2022-11-01,0.785,0.737,0.737,0.065129,0.065129,0.0,1.0,0,普通大幅波动
sz.159736,2024-09-26,0.673,0.612,0.612,0.099673,0.099673,0.0,1.0,0,普通大幅波动
sz.159736,2024-09-27,0.74,0.673,0.673,0.099554,0.099554,0.0,1.0,0,普通大幅波动
sz.159736,2024-09-30,0.811,0.74,0.74,0.095946,0.095946,0.0,1.0,0,普通大幅波动
sz.159736,2024-10-09,0.725,0.806,0.806,-0.100496,-0.100496,0.0,1.0,0,普通大幅波动
sz.159736,2024-11-07,0.8,0.74,0.74,0.081081,0.081081,0.0,1.0,0,普通大幅波动
sz.159738,2022-03-16,0.83,0.782,0.782,0.061381,0.061381,0.0,1.0,0,普通大幅波动
sz.159738,2024-01-31,0.678,0.725,0.725,-0.064828,-0.064828,0.0,1.0,0,普通大幅波动
sz.159738,2024-02-06,0.7,0.655,0.655,0.068702,0.068702,0.0,1.0,0,普通大幅波动
sz.159738,2024-02-19,0.774,0.73,0.73,0.060274,0.060274,0.0,1.0,0,普通大幅波动
sz.159738,2024-09-27,0.874,0.821,0.821,0.064555,0.064555,0.0,1.0,0,普通大幅波动
sz.159738,2024-09-30,0.961,0.874,0.874,0.099542,0.099542,0.0,1.0,0,普通大幅波动
sz.159738,2024-10-08,1.057,0.961,0.961,0.099896,0.099896,0.0,1.0,0,普通大幅波动
sz.159738,2024-10-18,1.063,0.999,0.999,0.064064,0.064064,0.0,1.0,0,普通大幅波动
sz.159739,2022-04-25,0.63,0.675,0.675,-0.066667,-0.066667,0.0,1.0,0,普通大幅波动
sz.159739,2022-04-29,0.666,0.624,0.624,0.067308,0.067308,0.0,1.0,0,普通大幅波动
sz.159739,2022-10-12,0.686,0.631,0.631,0.087163,0.087163,0.0,1.0,0,普通大幅波动
sz.159739,2023-04-03,1.217,1.14,1.14,0.067544,0.067544,0.0,1.0,0,普通大幅波动
sz.159739,2023-04-10,1.133,1.209,1.209,-0.062862,-0.062862,0.0,1.0,0,普通大幅波动
sz.159739,2023-06-26,1.184,1.268,1.268,-0.066246,-0.066246,0.0,1.0,0,普通大幅波动
sz.159739,2024-02-06,0.703,0.639,0.639,0.100156,0.100156,0.0,1.0,0,普通大幅波动
sz.159739,2024-02-27,0.874,0.812,0.812,0.076355,0.076355,0.0,1.0,0,普通大幅波动
sz.159739,2024-09-27,0.85,0.774,0.774,0.098191,0.098191,0.0,1.0,0,普通大幅波动
sz.159739,2024-09-30,0.935,0.85,0.85,0.1,0.1,0.0,1.0,0,普通大幅波动
sz.159739,2024-10-08,1.029,0.935,0.935,0.100535,0.100535,0.0,1.0,0,普通大幅波动
sz.159739,2024-10-14,0.988,0.93,0.93,0.062366,0.062366,0.0,1.0,0,普通大幅波动
sz.159740,2021-07-27,0.799,0.862,0.862,-0.073086,-0.073086,0.0,1.0,0,普通大幅波动
sz.159740,2021-07-29,0.862,0.802,0.802,0.074813,0.074813,0.0,1.0,0,普通大幅波动
sz.159740,2022-03-14,0.475,0.515,0.515,-0.07767,-0.07767,0.0,1.0,0,普通大幅波动
sz.159740,2022-03-15,0.434,0.475,0.475,-0.086316,-0.086316,0.0,1.0,0,普通大幅波动
sz.159740,2022-03-16,0.477,0.434,0.434,0.099078,0.099078,0.0,1.0,0,普通大幅波动
sz.159740,2022-03-17,0.525,0.477,0.477,0.100629,0.100629,0.0,1.0,0,普通大幅波动
sz.159740,2022-03-25,0.531,0.567,0.567,-0.063492,-0.063492,0.0,1.0,0,普通大幅波动
sz.159740,2022-04-29,0.558,0.507,0.507,0.100592,0.100592,0.0,1.0,0,普通大幅波动
sz.159740,2022-10-24,0.391,0.428,0.428,-0.086449,-0.086449,0.0,1.0,0,普通大幅波动
sz.159740,2022-11-01,0.425,0.395,0.395,0.075949,0.075949,0.0,1.0,0,普通大幅波动
sz.159740,2022-11-04,0.45,0.42,0.42,0.071429,0.071429,0.0,1.0,0,普通大幅波动
sz.159740,2022-11-11,0.466,0.436,0.436,0.068807,0.068807,0.0,1.0,0,普通大幅波动
sz.159740,2022-11-15,0.505,0.473,0.473,0.067653,0.067653,0.0,1.0,0,普通大幅波动
sz.159740,2022-11-29,0.494,0.466,0.466,0.060086,0.060086,0.0,1.0,0,普通大幅波动
sz.159740,2022-12-05,0.558,0.517,0.517,0.079304,0.079304,0.0,1.0,0,普通大幅波动
sz.159740,2024-02-06,0.431,0.406,0.406,0.061576,0.061576,0.0,1.0,0,普通大幅波动
sz.159740,2024-05-06,0.529,0.488,0.488,0.084016,0.084016,0.0,1.0,0,普通大幅波动
sz.159740,2024-09-26,0.552,0.517,0.517,0.067698,0.067698,0.0,1.0,0,普通大幅波动
sz.159740,2024-09-30,0.642,0.584,0.584,0.099315,0.099315,0.0,1.0,0,普通大幅波动
sz.159740,2024-10-09,0.61,0.656,0.656,-0.070122,-0.070122,0.0,1.0,0,普通大幅波动
sz.159741,2021-07-27,0.787,0.857,0.857,-0.08168,-0.08168,0.0,1.0,0,普通大幅波动
sz.159741,2021-07-29,0.851,0.797,0.797,0.067754,0.067754,0.0,1.0,0,普通大幅波动
sz.159741,2022-03-14,0.469,0.509,0.509,-0.078585,-0.078585,0.0,1.0,0,普通大幅波动
sz.159741,2022-03-15,0.428,0.469,0.469,-0.08742,-0.08742,0.0,1.0,0,普通大幅波动
sz.159741,2022-03-16,0.471,0.428,0.428,0.100467,0.100467,0.0,1.0,0,普通大幅波动
sz.159741,2022-03-17,0.518,0.471,0.471,0.099788,0.099788,0.0,1.0,0,普通大幅波动
sz.159741,2022-03-25,0.525,0.56,0.56,-0.0625,-0.0625,0.0,1.0,0,普通大幅波动
sz.159741,2022-04-29,0.549,0.501,0.501,0.095808,0.095808,0.0,1.0,0,普通大幅波动
sz.159741,2022-10-24,0.389,0.428,0.428,-0.091121,-0.091121,0.0,1.0,0,普通大幅波动
sz.159741,2022-11-01,0.424,0.396,0.396,0.070707,0.070707,0.0,1.0,0,普通大幅波动
sz.159741,2022-11-04,0.449,0.42,0.42,0.069048,0.069048,0.0,1.0,0,普通大幅波动
sz.159741,2022-11-11,0.463,0.434,0.434,0.06682,0.06682,0.0,1.0,0,普通大幅波动
sz.159741,2022-11-15,0.503,0.47,0.47,0.070213,0.070213,0.0,1.0,0,普通大幅波动
sz.159741,2022-12-05,0.556,0.516,0.516,0.077519,0.077519,0.0,1.0,0,普通大幅波动
sz.159741,2024-02-06,0.432,0.406,0.406,0.064039,0.064039,0.0,1.0,0,普通大幅波动
sz.159741,2024-05-06,0.531,0.489,0.489,0.08589,0.08589,0.0,1.0,0,普通大幅波动
sz.159741,2024-09-26,0.552,0.517,0.517,0.067698,0.067698,0.0,1.0,0,普通大幅波动
sz.159741,2024-09-30,0.64,0.582,0.582,0.099656,0.099656,0.0,1.0,0,普通大幅波动
sz.159742,2021-07-27,0.8,0.871,0.871,-0.081515,-0.081515,0.0,1.0,0,普通大幅波动
sz.159742,2021-07-29,0.867,0.809,0.809,0.071693,0.071693,0.0,1.0,0,普通大幅波动
sz.159742,2022-03-14,0.478,0.519,0.519,-0.078998,-0.078998,0.0,1.0,0,普通大幅波动
sz.159742,2022-03-15,0.436,0.478,0.478,-0.087866,-0.087866,0.0,1.0,0,普通大幅波动
sz.159742,2022-03-16,0.48,0.436,0.436,0.100917,0.100917,0.0,1.0,0,普通大幅波动
sz.159742,2022-03-17,0.528,0.48,0.48,0.1,0.1,0.0,1.0,0,普通大幅波动
sz.159742,2022-04-29,0.562,0.511,0.511,0.099804,0.099804,0.0,1.0,0,普通大幅波动
sz.159742,2022-10-24,0.393,0.431,0.431,-0.088167,-0.088167,0.0,1.0,0,普通大幅波动
sz.159742,2022-11-01,0.428,0.399,0.399,0.072682,0.072682,0.0,1.0,0,普通大幅波动
sz.159742,2022-11-04,0.456,0.423,0.423,0.078014,0.078014,0.0,1.0,0,普通大幅波动
sz.159742,2022-11-11,0.47,0.439,0.439,0.070615,0.070615,0.0,1.0,0,普通大幅波动
sz.159742,2022-11-15,0.512,0.478,0.478,0.07113,0.07113,0.0,1.0,0,普通大幅波动
sz.159742,2022-11-29,0.502,0.473,0.473,0.061311,0.061311,0.0,1.0,0,普通大幅波动
sz.159742,2022-12-05,0.567,0.526,0.526,0.077947,0.077947,0.0,1.0,0,普通大幅波动
sz.159742,2024-02-06,0.442,0.415,0.415,0.06506,0.06506,0.0,1.0,0,普通大幅波动
sz.159742,2024-05-06,0.542,0.499,0.499,0.086172,0.086172,0.0,1.0,0,普通大幅波动
sz.159742,2024-09-26,0.564,0.53,0.53,0.064151,0.064151,0.0,1.0,0,普通大幅波动
sz.159742,2024-09-30,0.656,0.597,0.597,0.098827,0.098827,0.0,1.0,0,普通大幅波动
sz.159742,2024-10-09,0.626,0.667,0.667,-0.061469,-0.061469,0.0,1.0,0,普通大幅波动
sz.159743,2022-04-25,0.7,0.753,0.753,-0.070385,-0.070385,0.0,1.0,0,普通大幅波动
sz.159743,2024-09-30,0.786,0.715,0.715,0.099301,0.099301,0.0,1.0,0,普通大幅波动
sz.159743,2024-10-08,0.865,0.786,0.786,0.100509,0.100509,0.0,1.0,0,普通大幅波动
sz.159743,2024-10-09,0.8,0.865,0.865,-0.075145,-0.075145,0.0,1.0,0,普通大幅波动
sz.159745,2021-08-02,0.954,0.896,0.896,0.064732,0.064732,0.0,1.0,0,普通大幅波动
sz.159745,2022-03-15,0.822,0.882,0.882,-0.068027,-0.068027,0.0,1.0,0,普通大幅波动
sz.159745,2024-09-26,0.545,0.495,0.495,0.10101,0.10101,0.0,1.0,0,普通大幅波动
sz.159745,2024-09-30,0.622,0.565,0.565,0.100885,0.100885,0.0,1.0,0,普通大幅波动
sz.159745,2024-10-09,0.571,0.626,0.626,-0.087859,-0.087859,0.0,1.0,0,普通大幅波动
sz.159747,2021-07-27,0.849,0.925,0.925,-0.082162,-0.082162,0.0,1.0,0,普通大幅波动
sz.159747,2021-07-29,0.922,0.863,0.863,0.068366,0.068366,0.0,1.0,0,普通大幅波动
sz.159747,2022-03-14,0.469,0.512,0.512,-0.083984,-0.083984,0.0,1.0,0,普通大幅波动
sz.159747,2022-03-15,0.429,0.469,0.469,-0.085288,-0.085288,0.0,1.0,0,普通大幅波动
sz.159747,2022-03-16,0.472,0.429,0.429,0.100233,0.100233,0.0,1.0,0,普通大幅波动
sz.159747,2022-03-17,0.519,0.472,0.472,0.099576,0.099576,0.0,1.0,0,普通大幅波动
sz.159747,2022-03-25,0.536,0.576,0.576,-0.069444,-0.069444,0.0,1.0,0,普通大幅波动
sz.159747,2022-04-29,0.555,0.508,0.508,0.09252,0.09252,0.0,1.0,0,普通大幅波动
sz.159747,2022-10-24,0.399,0.436,0.436,-0.084862,-0.084862,0.0,1.0,0,普通大幅波动
sz.159747,2022-11-01,0.428,0.401,0.401,0.067332,0.067332,0.0,1.0,0,普通大幅波动
sz.159747,2022-11-04,0.461,0.426,0.426,0.08216,0.08216,0.0,1.0,0,普通大幅波动
sz.159747,2022-11-11,0.47,0.438,0.438,0.073059,0.073059,0.0,1.0,0,普通大幅波动
sz.159747,2022-11-15,0.511,0.478,0.478,0.069038,0.069038,0.0,1.0,0,普通大幅波动
sz.159747,2022-12-05,0.548,0.515,0.515,0.064078,0.064078,0.0,1.0,0,普通大幅波动
sz.159747,2023-04-26,1.004,0.988,0.494,1.032389,0.016194,1.0,0.5,0,拆分合并型
sz.159747,2024-02-06,0.809,0.763,0.763,0.060288,0.060288,0.0,1.0,0,普通大幅波动
sz.159747,2024-05-06,0.975,0.906,0.906,0.076159,0.076159,0.0,1.0,0,普通大幅波动
sz.159747,2024-09-30,1.179,1.089,1.089,0.082645,0.082645,0.0,1.0,0,普通大幅波动
sz.159748,2022-10-14,0.662,0.614,0.614,0.078176,0.078176,0.0,1.0,0,普通大幅波动
sz.159748,2024-02-06,0.5,0.466,0.466,0.072961,0.072961,0.0,1.0,0,普通大幅波动
sz.159748,2024-09-27,0.542,0.505,0.505,0.073267,0.073267,0.0,1.0,0,普通大幅波动
sz.159748,2024-09-30,0.595,0.542,0.542,0.097786,0.097786,0.0,1.0,0,普通大幅波动
sz.159748,2024-10-08,0.655,0.595,0.595,0.10084,0.10084,0.0,1.0,0,普通大幅波动
sz.159748,2024-10-09,0.611,0.655,0.655,-0.067176,-0.067176,0.0,1.0,0,普通大幅波动
sz.159750,2022-03-14,0.699,0.761,0.761,-0.081472,-0.081472,0.0,1.0,0,普通大幅波动
sz.159750,2022-03-15,0.646,0.699,0.699,-0.075823,-0.075823,0.0,1.0,0,普通大幅波动
sz.159750,2022-03-16,0.711,0.646,0.646,0.100619,0.100619,0.0,1.0,0,普通大幅波动
sz.159750,2022-03-17,0.782,0.711,0.711,0.099859,0.099859,0.0,1.0,0,普通大幅波动
sz.159750,2022-03-25,0.798,0.855,0.855,-0.066667,-0.066667,0.0,1.0,0,普通大幅波动
sz.159750,2022-04-29,0.829,0.759,0.759,0.092227,0.092227,0.0,1.0,0,普通大幅波动
sz.159750,2022-10-24,0.588,0.65,0.65,-0.095385,-0.095385,0.0,1.0,0,普通大幅波动
sz.159750,2022-11-01,0.637,0.593,0.593,0.074199,0.074199,0.0,1.0,0,普通大幅波动
sz.159750,2022-11-04,0.685,0.632,0.632,0.083861,0.083861,0.0,1.0,0,普通大幅波动
sz.159750,2022-11-11,0.7,0.651,0.651,0.075269,0.075269,0.0,1.0,0,普通大幅波动
sz.159750,2022-11-15,0.758,0.713,0.713,0.063114,0.063114,0.0,1.0,0,普通大幅波动
sz.159750,2022-12-05,0.816,0.763,0.763,0.069463,0.069463,0.0,1.0,0,普通大幅波动
sz.159750,2024-05-06,0.707,0.659,0.659,0.072838,0.072838,0.0,1.0,0,普通大幅波动
sz.159750,2024-09-26,0.752,0.709,0.709,0.060649,0.060649,0.0,1.0,0,普通大幅波动
sz.159750,2024-09-30,0.858,0.794,0.794,0.080605,0.080605,0.0,1.0,0,普通大幅波动
sz.159751,2022-03-14,0.657,0.705,0.705,-0.068085,-0.068085,0.0,1.0,0,普通大幅波动
sz.159751,2022-03-15,0.613,0.657,0.657,-0.066971,-0.066971,0.0,1.0,0,普通大幅波动
sz.159751,2022-03-16,0.674,0.613,0.613,0.099511,0.099511,0.0,1.0,0,普通大幅波动
sz.159751,2022-03-17,0.732,0.674,0.674,0.086053,0.086053,0.0,1.0,0,普通大幅波动
sz.159751,2022-04-29,0.743,0.686,0.686,0.08309,0.08309,0.0,1.0,0,普通大幅波动
sz.159751,2022-10-24,0.566,0.608,0.608,-0.069079,-0.069079,0.0,1.0,0,普通大幅波动
sz.159751,2022-11-01,0.61,0.573,0.573,0.064572,0.064572,0.0,1.0,0,普通大幅波动
sz.159751,2022-11-04,0.665,0.614,0.614,0.083062,0.083062,0.0,1.0,0,普通大幅波动
sz.159751,2022-11-11,0.676,0.631,0.631,0.071315,0.071315,0.0,1.0,0,普通大幅波动
sz.159751,2024-05-06,0.67,0.627,0.627,0.068581,0.068581,0.0,1.0,0,普通大幅波动
sz.159751,2024-09-30,0.831,0.755,0.755,0.100662,0.100662,0.0,1.0,0,普通大幅波动
sz.159751,2024-10-09,0.786,0.838,0.838,-0.062053,-0.062053,0.0,1.0,0,普通大幅波动
sz.159752,2021-08-04,1.077,1.005,1.005,0.071642,0.071642,0.0,1.0,0,普通大幅波动
sz.159752,2022-04-27,0.749,0.695,0.695,0.077698,0.077698,0.0,1.0,0,普通大幅波动
sz.159752,2022-11-04,0.881,0.83,0.83,0.061446,0.061446,0.0,1.0,0,普通大幅波动
sz.159752,2023-12-28,0.492,0.462,0.462,0.064935,0.064935,0.0,1.0,0,普通大幅波动
sz.159752,2024-03-11,0.502,0.473,0.473,0.061311,0.061311,0.0,1.0,0,普通大幅波动
sz.159752,2024-09-27,0.455,0.417,0.417,0.091127,0.091127,0.0,1.0,0,普通大幅波动
sz.159752,2024-09-30,0.501,0.455,0.455,0.101099,0.101099,0.0,1.0,0,普通大幅波动
sz.159752,2024-10-08,0.551,0.501,0.501,0.0998,0.0998,0.0,1.0,0,普通大幅波动
sz.159752,2024-10-09,0.511,0.551,0.551,-0.072595,-0.072595,0.0,1.0,0,普通大幅波动
sz.159752,2024-10-25,0.532,0.501,0.501,0.061876,0.061876,0.0,1.0,0,普通大幅波动
sz.159755,2021-07-27,1.187,1.264,1.264,-0.060918,-0.060918,0.0,1.0,0,普通大幅波动
sz.159755,2021-07-29,1.267,1.185,1.185,0.069198,0.069198,0.0,1.0,0,普通大幅波动
sz.159755,2021-08-04,1.35,1.24,1.24,0.08871,0.08871,0.0,1.0,0,普通大幅波动
sz.159755,2022-03-16,1.059,0.992,0.992,0.06754,0.06754,0.0,1.0,0,普通大幅波动
sz.159755,2022-04-11,0.946,1.012,1.012,-0.065217,-0.065217,0.0,1.0,0,普通大幅波动
sz.159755,2022-04-25,0.806,0.865,0.865,-0.068208,-0.068208,0.0,1.0,0,普通大幅波动
sz.159755,2022-04-27,0.856,0.789,0.789,0.084918,0.084918,0.0,1.0,0,普通大幅波动
sz.159755,2022-05-11,0.947,0.888,0.888,0.066441,0.066441,0.0,1.0,0,普通大幅波动
sz.159755,2022-10-28,0.875,0.931,0.931,-0.06015,-0.06015,0.0,1.0,0,普通大幅波动
sz.159755,2024-02-06,0.505,0.473,0.473,0.067653,0.067653,0.0,1.0,0,普通大幅波动
sz.159755,2024-03-11,0.586,0.538,0.538,0.089219,0.089219,0.0,1.0,0,普通大幅波动
sz.159755,2024-09-27,0.6,0.547,0.547,0.096892,0.096892,0.0,1.0,0,普通大幅波动
sz.159755,2024-09-30,0.66,0.6,0.6,0.1,0.1,0.0,1.0,0,普通大幅波动
sz.159755,2024-10-08,0.726,0.66,0.66,0.1,0.1,0.0,1.0,0,普通大幅波动
sz.159755,2024-10-09,0.674,0.726,0.726,-0.071625,-0.071625,0.0,1.0,0,普通大幅波动
sz.159757,2022-03-16,0.837,0.787,0.787,0.063532,0.063532,0.0,1.0,0,普通大幅波动
sz.159757,2022-04-11,0.752,0.805,0.805,-0.065839,-0.065839,0.0,1.0,0,普通大幅波动
sz.159757,2022-04-25,0.644,0.688,0.688,-0.063953,-0.063953,0.0,1.0,0,普通大幅波动
sz.159757,2022-04-27,0.679,0.628,0.628,0.08121,0.08121,0.0,1.0,0,普通大幅波动
sz.159757,2022-05-11,0.75,0.706,0.706,0.062323,0.062323,0.0,1.0,0,普通大幅波动
sz.159757,2022-06-06,0.889,0.838,0.838,0.060859,0.060859,0.0,1.0,0,普通大幅波动
sz.159757,2024-02-06,0.413,0.389,0.389,0.061697,0.061697,0.0,1.0,0,普通大幅波动
sz.159757,2024-03-11,0.481,0.444,0.444,0.083333,0.083333,0.0,1.0,0,普通大幅波动
sz.159757,2024-09-27,0.494,0.45,0.45,0.097778,0.097778,0.0,1.0,0,普通大幅波动
sz.159757,2024-09-30,0.543,0.494,0.494,0.09919,0.09919,0.0,1.0,0,普通大幅波动
sz.159757,2024-10-08,0.597,0.543,0.543,0.099448,0.099448,0.0,1.0,0,普通大幅波动
sz.159757,2024-10-09,0.547,0.597,0.597,-0.083752,-0.083752,0.0,1.0,0,普通大幅波动
sz.159757,2024-10-18,0.528,0.498,0.498,0.060241,0.060241,0.0,1.0,0,普通大幅波动
sz.159758,2024-09-26,0.811,0.763,0.763,0.06291,0.06291,0.0,1.0,0,普通大幅波动
sz.159758,2024-09-27,0.875,0.811,0.811,0.078915,0.078915,0.0,1.0,0,普通大幅波动
sz.159758,2024-09-30,0.958,0.875,0.875,0.094857,0.094857,0.0,1.0,0,普通大幅波动
sz.159758,2024-10-09,0.944,1.01,1.01,-0.065347,-0.065347,0.0,1.0,0,普通大幅波动
sz.159760,2022-10-14,0.749,0.691,0.691,0.083936,0.083936,0.0,1.0,0,普通大幅波动
sz.159760,2024-02-06,0.577,0.539,0.539,0.070501,0.070501,0.0,1.0,0,普通大幅波动
sz.159760,2024-09-27,0.576,0.538,0.538,0.070632,0.070632,0.0,1.0,0,普通大幅波动
sz.159760,2024-09-30,0.634,0.576,0.576,0.100694,0.100694,0.0,1.0,0,普通大幅波动
sz.159760,2024-10-08,0.691,0.634,0.634,0.089905,0.089905,0.0,1.0,0,普通大幅波动
sz.159760,2024-10-09,0.64,0.691,0.691,-0.073806,-0.073806,0.0,1.0,0,普通大幅波动
sz.159761,2022-04-25,0.638,0.689,0.689,-0.07402,-0.07402,0.0,1.0,0,普通大幅波动
sz.159761,2022-04-27,0.681,0.631,0.631,0.079239,0.079239,0.0,1.0,0,普通大幅波动
sz.159761,2024-09-27,0.464,0.434,0.434,0.069124,0.069124,0.0,1.0,0,普通大幅波动
sz.159761,2024-09-30,0.51,0.464,0.464,0.099138,0.099138,0.0,1.0,0,普通大幅波动
sz.159761,2024-10-08,0.561,0.51,0.51,0.1,0.1,0.0,1.0,0,普通大幅波动
sz.159761,2024-10-09,0.523,0.561,0.561,-0.067736,-0.067736,0.0,1.0,0,普通大幅波动
sz.159763,2024-09-27,0.44,0.415,0.415,0.060241,0.060241,0.0,1.0,0,普通大幅波动
sz.159763,2024-09-30,0.484,0.44,0.44,0.1,0.1,0.0,1.0,0,普通大幅波动
sz.159763,2024-10-08,0.532,0.484,0.484,0.099174,0.099174,0.0,1.0,0,普通大幅波动
sz.159763,2024-10-18,0.486,0.457,0.457,0.063457,0.063457,0.0,1.0,0,普通大幅波动
sz.159766,2022-03-07,0.991,1.064,1.064,-0.068609,-0.068609,0.0,1.0,0,普通大幅波动
sz.159766,2022-03-14,0.909,0.97,0.97,-0.062887,-0.062887,0.0,1.0,0,普通大幅波动
sz.159766,2022-03-16,0.952,0.866,0.866,0.099307,0.099307,0.0,1.0,0,普通大幅波动
sz.159766,2022-04-12,1.023,0.936,0.936,0.092949,0.092949,0.0,1.0,0,普通大幅波动
sz.159766,2022-05-06,0.863,0.919,0.919,-0.060936,-0.060936,0.0,1.0,0,普通大幅波动
sz.159766,2022-06-28,1.091,1.026,1.026,0.063353,0.063353,0.0,1.0,0,普通大幅波动
sz.159766,2022-11-01,0.991,0.917,0.917,0.080698,0.080698,0.0,1.0,0,普通大幅波动
sz.159766,2022-11-29,1.046,0.98,0.98,0.067347,0.067347,0.0,1.0,0,普通大幅波动
sz.159766,2024-09-26,0.651,0.613,0.613,0.06199,0.06199,0.0,1.0,0,普通大幅波动
sz.159766,2024-09-27,0.691,0.651,0.651,0.061444,0.061444,0.0,1.0,0,普通大幅波动
sz.159766,2024-09-30,0.76,0.691,0.691,0.099855,0.099855,0.0,1.0,0,普通大幅波动
sz.159766,2024-10-09,0.677,0.75,0.75,-0.097333,-0.097333,0.0,1.0,0,普通大幅波动
sz.159767,2022-04-11,0.756,0.808,0.808,-0.064356,-0.064356,0.0,1.0,0,普通大幅波动
sz.159767,2022-04-25,0.644,0.688,0.688,-0.063953,-0.063953,0.0,1.0,0,普通大幅波动
sz.159767,2022-04-27,0.679,0.629,0.629,0.079491,0.079491,0.0,1.0,0,普通大幅波动
sz.159767,2022-05-11,0.76,0.708,0.708,0.073446,0.073446,0.0,1.0,0,普通大幅波动
sz.159767,2024-02-06,0.412,0.388,0.388,0.061856,0.061856,0.0,1.0,0,普通大幅波动
sz.159767,2024-03-11,0.48,0.441,0.441,0.088435,0.088435,0.0,1.0,0,普通大幅波动
sz.159767,2024-09-27,0.49,0.446,0.446,0.098655,0.098655,0.0,1.0,0,普通大幅波动
sz.159767,2024-09-30,0.539,0.49,0.49,0.1,0.1,0.0,1.0,0,普通大幅波动
sz.159767,2024-10-08,0.593,0.539,0.539,0.100186,0.100186,0.0,1.0,0,普通大幅波动
sz.159767,2024-10-09,0.549,0.593,0.593,-0.074199,-0.074199,0.0,1.0,0,普通大幅波动
sz.159767,2024-10-11,0.514,0.547,0.547,-0.060329,-0.060329,0.0,1.0,0,普通大幅波动
sz.159767,2024-10-18,0.525,0.495,0.495,0.060606,0.060606,0.0,1.0,0,普通大幅波动
sz.159768,2022-03-15,0.843,0.914,0.914,-0.077681,-0.077681,0.0,1.0,0,普通大幅波动
sz.159768,2022-03-30,1.045,0.982,0.982,0.064155,0.064155,0.0,1.0,0,普通大幅波动
sz.159768,2022-05-06,0.924,0.983,0.983,-0.06002,-0.06002,0.0,1.0,0,普通大幅波动
sz.159768,2022-11-11,0.887,0.806,0.806,0.100496,0.100496,0.0,1.0,0,普通大幅波动
sz.159768,2022-11-29,1.005,0.914,0.914,0.099562,0.099562,0.0,1.0,0,普通大幅波动
sz.159768,2023-07-25,0.786,0.731,0.731,0.075239,0.075239,0.0,1.0,0,普通大幅波动
sz.159768,2024-04-29,0.53,0.494,0.494,0.072874,0.072874,0.0,1.0,0,普通大幅波动
sz.159768,2024-05-17,0.623,0.569,0.569,0.094903,0.094903,0.0,1.0,0,普通大幅波动
sz.159768,2024-09-26,0.563,0.512,0.512,0.099609,0.099609,0.0,1.0,0,普通大幅波动
sz.159768,2024-09-27,0.617,0.563,0.563,0.095915,0.095915,0.0,1.0,0,普通大幅波动
sz.159768,2024-09-30,0.679,0.617,0.617,0.100486,0.100486,0.0,1.0,0,普通大幅波动
sz.159768,2024-10-09,0.595,0.661,0.661,-0.099849,-0.099849,0.0,1.0,0,普通大幅波动
sz.159768,2024-10-17,0.596,0.642,0.642,-0.071651,-0.071651,0.0,1.0,0,普通大幅波动
sz.159769,2022-04-27,0.719,0.674,0.674,0.066766,0.066766,0.0,1.0,0,普通大幅波动
sz.159769,2022-04-29,0.768,0.714,0.714,0.07563,0.07563,0.0,1.0,0,普通大幅波动
sz.159769,2024-02-06,0.588,0.554,0.554,0.061372,0.061372,0.0,1.0,0,普通大幅波动
sz.159770,2022-04-25,0.624,0.667,0.667,-0.064468,-0.064468,0.0,1.0,0,普通大幅波动
sz.159770,2022-04-27,0.646,0.605,0.605,0.067769,0.067769,0.0,1.0,0,普通大幅波动
sz.159770,2024-09-27,0.667,0.62,0.62,0.075806,0.075806,0.0,1.0,0,普通大幅波动
sz.159770,2024-09-30,0.734,0.667,0.667,0.10045,0.10045,0.0,1.0,0,普通大幅波动
sz.159770,2024-10-08,0.807,0.734,0.734,0.099455,0.099455,0.0,1.0,0,普通大幅波动
sz.159770,2024-10-09,0.754,0.807,0.807,-0.065675,-0.065675,0.0,1.0,0,普通大幅波动
sz.159770,2024-11-04,0.769,0.721,0.721,0.066574,0.066574,0.0,1.0,0,普通大幅波动
sz.159770,2024-11-29,0.819,0.77,0.77,0.063636,0.063636,0.0,1.0,0,普通大幅波动
sz.159773,2024-02-06,0.574,0.534,0.534,0.074906,0.074906,0.0,1.0,0,普通大幅波动
sz.159773,2024-09-27,0.691,0.58,0.58,0.191379,0.191379,0.0,1.0,0,普通大幅波动
sz.159773,2024-09-30,0.777,0.691,0.691,0.124457,0.124457,0.0,1.0,0,普通大幅波动
sz.159773,2024-10-08,0.932,0.777,0.777,0.199485,0.199485,0.0,1.0,0,普通大幅波动
sz.159773,2024-10-09,0.784,0.932,0.932,-0.158798,-0.158798,0.0,1.0,0,普通大幅波动
sz.159773,2024-10-11,0.713,0.76,0.76,-0.061842,-0.061842,0.0,1.0,0,普通大幅波动
sz.159773,2024-10-18,0.752,0.7,0.7,0.074286,0.074286,0.0,1.0,0,普通大幅波动
sz.159775,2022-03-16,0.902,0.841,0.841,0.072533,0.072533,0.0,1.0,0,普通大幅波动
sz.159775,2022-04-25,0.69,0.74,0.74,-0.067568,-0.067568,0.0,1.0,0,普通大幅波动
sz.159775,2022-04-27,0.732,0.678,0.678,0.079646,0.079646,0.0,1.0,0,普通大幅波动
sz.159775,2022-05-11,0.807,0.759,0.759,0.063241,0.063241,0.0,1.0,0,普通大幅波动
sz.159775,2022-07-11,1.051,1.12,1.12,-0.061607,-0.061607,0.0,1.0,0,普通大幅波动
sz.159775,2024-02-06,0.427,0.402,0.402,0.062189,0.062189,0.0,1.0,0,普通大幅波动
sz.159775,2024-03-11,0.502,0.456,0.456,0.100877,0.100877,0.0,1.0,0,普通大幅波动
sz.159775,2024-09-27,0.505,0.463,0.463,0.090713,0.090713,0.0,1.0,0,普通大幅波动
sz.159775,2024-09-30,0.556,0.505,0.505,0.10099,0.10099,0.0,1.0,0,普通大幅波动
sz.159775,2024-10-08,0.612,0.556,0.556,0.100719,0.100719,0.0,1.0,0,普通大幅波动
sz.159775,2024-10-09,0.573,0.612,0.612,-0.063725,-0.063725,0.0,1.0,0,普通大幅波动
sz.159775,2024-10-11,0.53,0.568,0.568,-0.066901,-0.066901,0.0,1.0,0,普通大幅波动
sz.159776,2022-03-25,1.031,1.126,,,-0.084369,,,,普通大幅波动
sz.159776,2022-10-14,0.977,0.915,0.915,0.06776,0.06776,0.0,1.0,0,普通大幅波动
sz.159776,2022-10-24,0.943,1.015,1.015,-0.070936,-0.070936,0.0,1.0,0,普通大幅波动
sz.159776,2023-10-27,0.989,0.931,0.931,0.062299,0.062299,0.0,1.0,0,普通大幅波动
sz.159776,2023-12-04,0.945,1.01,1.01,-0.064356,-0.064356,0.0,1.0,0,普通大幅波动
sz.159776,2024-01-26,0.75,0.799,0.799,-0.061327,-0.061327,0.0,1.0,0,普通大幅波动
sz.159776,2024-02-06,0.73,0.683,0.683,0.068814,0.068814,0.0,1.0,0,普通大幅波动
sz.159776,2024-09-27,0.835,0.78,0.78,0.070513,0.070513,0.0,1.0,0,普通大幅波动
sz.159776,2024-09-30,0.915,0.835,0.835,0.095808,0.095808,0.0,1.0,0,普通大幅波动
sz.159777,2022-03-02,1.009,0.884,0.884,0.141403,0.141403,0.0,1.0,0,普通大幅波动
sz.159777,2022-03-03,0.878,1.009,1.009,-0.129832,-0.129832,0.0,1.0,0,普通大幅波动
sz.159777,2022-04-25,0.655,0.705,0.705,-0.070922,-0.070922,0.0,1.0,0,普通大幅波动
sz.159777,2024-09-27,0.674,0.562,0.562,0.199288,0.199288,0.0,1.0,0,普通大幅波动
sz.159777,2024-09-30,0.788,0.674,0.674,0.169139,0.169139,0.0,1.0,0,普通大幅波动
sz.159777,2024-10-08,0.921,0.788,0.788,0.168782,0.168782,0.0,1.0,0,普通大幅波动
sz.159777,2024-10-09,0.741,0.921,0.921,-0.19544,-0.19544,0.0,1.0,0,普通大幅波动
sz.159777,2024-10-18,0.722,0.671,0.671,0.076006,0.076006,0.0,1.0,0,普通大幅波动
sz.159778,2022-04-25,0.721,0.774,0.774,-0.068475,-0.068475,0.0,1.0,0,普通大幅波动
sz.159778,2022-04-27,0.752,0.706,0.706,0.065156,0.065156,0.0,1.0,0,普通大幅波动
sz.159778,2024-09-27,0.715,0.666,0.666,0.073574,0.073574,0.0,1.0,0,普通大幅波动
sz.159778,2024-09-30,0.787,0.715,0.715,0.100699,0.100699,0.0,1.0,0,普通大幅波动
sz.159778,2024-10-08,0.866,0.787,0.787,0.100381,0.100381,0.0,1.0,0,普通大幅波动
sz.159778,2024-10-18,0.806,0.749,0.749,0.076101,0.076101,0.0,1.0,0,普通大幅波动
sz.159779,2022-04-25,0.596,0.641,0.641,-0.070203,-0.070203,0.0,1.0,0,普通大幅波动
sz.159779,2022-04-27,0.614,0.577,0.577,0.064125,0.064125,0.0,1.0,0,普通大幅波动
sz.159779,2024-09-27,0.63,0.593,0.593,0.062395,0.062395,0.0,1.0,0,普通大幅波动
sz.159779,2024-09-30,0.693,0.63,0.63,0.1,0.1,0.0,1.0,0,普通大幅波动
sz.159779,2024-10-08,0.762,0.693,0.693,0.099567,0.099567,0.0,1.0,0,普通大幅波动
sz.159779,2024-10-18,0.753,0.689,0.689,0.092888,0.092888,0.0,1.0,0,普通大幅波动
sz.159780,2024-09-27,0.479,0.441,0.441,0.086168,0.086168,0.0,1.0,0,普通大幅波动
sz.159780,2024-09-30,0.575,0.479,0.479,0.200418,0.200418,0.0,1.0,0,普通大幅波动
sz.159780,2024-10-08,0.69,0.575,0.575,0.2,0.2,0.0,1.0,0,普通大幅波动
sz.159780,2024-10-09,0.607,0.69,0.69,-0.12029,-0.12029,0.0,1.0,0,普通大幅波动
sz.159780,2024-10-18,0.583,0.531,0.531,0.097928,0.097928,0.0,1.0,0,普通大幅波动
sz.159781,2024-09-27,0.474,0.438,0.438,0.082192,0.082192,0.0,1.0,0,普通大幅波动
sz.159781,2024-09-30,0.567,0.474,0.474,0.196203,0.196203,0.0,1.0,0,普通大幅波动
sz.159781,2024-10-08,0.68,0.567,0.567,0.199295,0.199295,0.0,1.0,0,普通大幅波动
sz.159781,2024-10-09,0.602,0.68,0.68,-0.114706,-0.114706,0.0,1.0,0,普通大幅波动
sz.159781,2024-10-18,0.579,0.525,0.525,0.102857,0.102857,0.0,1.0,0,普通大幅波动
sz.159782,2024-09-27,0.475,0.439,0.439,0.082005,0.082005,0.0,1.0,0,普通大幅波动
sz.159782,2024-09-30,0.57,0.475,0.475,0.2,0.2,0.0,1.0,0,普通大幅波动
sz.159782,2024-10-08,0.684,0.57,0.57,0.2,0.2,0.0,1.0,0,普通大幅波动
sz.159782,2024-10-09,0.602,0.684,0.684,-0.119883,-0.119883,0.0,1.0,0,普通大幅波动
sz.159782,2024-10-11,0.549,0.585,0.585,-0.061538,-0.061538,0.0,1.0,0,普通大幅波动
sz.159782,2024-10-18,0.582,0.527,0.527,0.104364,0.104364,0.0,1.0,0,普通大幅波动
sz.159783,2024-09-27,0.476,0.441,0.441,0.079365,0.079365,0.0,1.0,0,普通大幅波动
sz.159783,2024-09-30,0.565,0.476,0.476,0.186975,0.186975,0.0,1.0,0,普通大幅波动
sz.159783,2024-10-08,0.678,0.565,0.565,0.2,0.2,0.0,1.0,0,普通大幅波动
sz.159783,2024-10-09,0.603,0.678,0.678,-0.110619,-0.110619,0.0,1.0,0,普通大幅波动
sz.159783,2024-10-18,0.586,0.53,0.53,0.10566,0.10566,0.0,1.0,0,普通大幅波动
sz.159786,2022-04-25,0.639,0.687,0.687,-0.069869,-0.069869,0.0,1.0,0,普通大幅波动
sz.159786,2024-02-06,0.6,0.563,0.563,0.065719,0.065719,0.0,1.0,0,普通大幅波动
sz.159786,2024-09-27,0.712,0.668,0.668,0.065868,0.065868,0.0,1.0,0,普通大幅波动
sz.159786,2024-09-30,0.783,0.712,0.712,0.099719,0.099719,0.0,1.0,0,普通大幅波动
sz.159786,2024-10-08,0.861,0.783,0.783,0.099617,0.099617,0.0,1.0,0,普通大幅波动
sz.159786,2024-10-09,0.8,0.861,0.861,-0.070848,-0.070848,0.0,1.0,0,普通大幅波动
sz.159786,2024-10-18,0.816,0.769,0.769,0.061118,0.061118,0.0,1.0,0,普通大幅波动
sz.159787,2022-03-15,0.922,0.988,,,-0.066802,,,,普通大幅波动
sz.159787,2024-09-26,0.585,0.544,0.544,0.075368,0.075368,0.0,1.0,0,普通大幅波动
sz.159787,2024-09-27,0.623,0.585,0.585,0.064957,0.064957,0.0,1.0,0,普通大幅波动
sz.159787,2024-09-30,0.684,0.623,0.623,0.097913,0.097913,0.0,1.0,0,普通大幅波动
sz.159787,2024-10-09,0.622,0.685,0.685,-0.091971,-0.091971,0.0,1.0,0,普通大幅波动
sz.159788,2022-03-15,0.79,0.842,0.842,-0.061758,-0.061758,0.0,1.0,0,普通大幅波动
sz.159788,2022-03-16,0.858,0.79,0.79,0.086076,0.086076,0.0,1.0,0,普通大幅波动
sz.159789,2022-04-12,0.79,0.728,0.728,0.085165,0.085165,0.0,1.0,0,普通大幅波动
sz.159789,2022-06-30,0.96,0.905,0.905,0.060773,0.060773,0.0,1.0,0,普通大幅波动
sz.159789,2022-11-01,0.706,0.659,0.659,0.07132,0.07132,0.0,1.0,0,普通大幅波动
sz.159790,2022-04-27,0.741,0.696,0.696,0.064655,0.064655,0.0,1.0,0,普通大幅波动
sz.159790,2024-09-27,0.561,0.529,0.529,0.060491,0.060491,0.0,1.0,0,普通大幅波动
sz.159790,2024-09-30,0.617,0.561,0.561,0.099822,0.099822,0.0,1.0,0,普通大幅波动
sz.159790,2024-10-08,0.678,0.617,0.617,0.098865,0.098865,0.0,1.0,0,普通大幅波动
sz.159790,2024-10-09,0.61,0.678,0.678,-0.100295,-0.100295,0.0,1.0,0,普通大幅波动
sz.159791,2024-09-30,0.977,0.89,0.89,0.097753,0.097753,0.0,1.0,0,普通大幅波动
sz.159792,2022-03-14,0.558,0.607,0.607,-0.080725,-0.080725,0.0,1.0,0,普通大幅波动
sz.159792,2022-03-15,0.504,0.558,0.558,-0.096774,-0.096774,0.0,1.0,0,普通大幅波动
sz.159792,2022-03-16,0.554,0.504,0.504,0.099206,0.099206,0.0,1.0,0,普通大幅波动
sz.159792,2022-03-17,0.609,0.554,0.554,0.099278,0.099278,0.0,1.0,0,普通大幅波动
sz.159792,2022-04-29,0.652,0.593,0.593,0.099494,0.099494,0.0,1.0,0,普通大幅波动
sz.159792,2022-10-24,0.473,0.522,0.522,-0.09387,-0.09387,0.0,1.0,0,普通大幅波动
sz.159792,2022-11-01,0.525,0.487,0.487,0.078029,0.078029,0.0,1.0,0,普通大幅波动
sz.159792,2022-11-04,0.568,0.533,0.533,0.065666,0.065666,0.0,1.0,0,普通大幅波动
sz.159792,2022-11-11,0.589,0.549,0.549,0.07286,0.07286,0.0,1.0,0,普通大幅波动
sz.159792,2022-11-29,0.62,0.583,0.583,0.063465,0.063465,0.0,1.0,0,普通大幅波动
sz.159792,2022-12-05,0.719,0.66,0.66,0.089394,0.089394,0.0,1.0,0,普通大幅波动
sz.159792,2024-01-17,0.471,0.503,0.503,-0.063618,-0.063618,0.0,1.0,0,普通大幅波动
sz.159792,2024-05-06,0.635,0.59,0.59,0.076271,0.076271,0.0,1.0,0,普通大幅波动
sz.159792,2024-09-26,0.629,0.592,0.592,0.0625,0.0625,0.0,1.0,0,普通大幅波动
sz.159792,2024-09-27,0.668,0.629,0.629,0.062003,0.062003,0.0,1.0,0,普通大幅波动
sz.159792,2024-09-30,0.735,0.668,0.668,0.100299,0.100299,0.0,1.0,0,普通大幅波动
sz.159792,2024-10-09,0.7,0.748,0.748,-0.064171,-0.064171,0.0,1.0,0,普通大幅波动
sz.159793,2022-04-25,0.631,0.692,0.692,-0.08815,-0.08815,0.0,1.0,0,普通大幅波动
sz.159793,2022-04-28,0.751,0.684,0.684,0.097953,0.097953,0.0,1.0,0,普通大幅波动
sz.159793,2022-04-29,0.809,0.751,0.751,0.07723,0.07723,0.0,1.0,0,普通大幅波动
sz.159793,2022-05-05,0.751,0.809,0.809,-0.071693,-0.071693,0.0,1.0,0,普通大幅波动
sz.159793,2022-10-24,0.601,0.64,0.64,-0.060938,-0.060938,0.0,1.0,0,普通大幅波动
sz.159793,2023-12-22,0.67,0.717,0.717,-0.065551,-0.065551,0.0,1.0,0,普通大幅波动
sz.159793,2024-09-27,0.744,0.699,0.699,0.064378,0.064378,0.0,1.0,0,普通大幅波动
sz.159793,2024-09-30,0.817,0.744,0.744,0.098118,0.098118,0.0,1.0,0,普通大幅波动
sz.159793,2024-10-09,0.801,0.861,0.861,-0.069686,-0.069686,0.0,1.0,0,普通大幅波动
sz.159795,2022-04-25,0.672,0.729,0.729,-0.078189,-0.078189,0.0,1.0,0,普通大幅波动
sz.159795,2022-04-27,0.694,0.65,0.65,0.067692,0.067692,0.0,1.0,0,普通大幅波动
sz.159795,2024-09-30,0.842,0.765,0.765,0.100654,0.100654,0.0,1.0,0,普通大幅波动
sz.159795,2024-10-08,0.926,0.842,0.842,0.099762,0.099762,0.0,1.0,0,普通大幅波动
sz.159796,2022-04-25,0.731,0.783,0.783,-0.066411,-0.066411,0.0,1.0,0,普通大幅波动
sz.159796,2022-04-27,0.773,0.703,0.703,0.099573,0.099573,0.0,1.0,0,普通大幅波动
sz.159796,2022-06-06,1.005,0.948,0.948,0.060127,0.060127,0.0,1.0,0,普通大幅波动
sz.159796,2022-06-17,1.103,1.026,1.026,0.075049,0.075049,0.0,1.0,0,普通大幅波动
sz.159796,2023-04-26,0.792,0.742,0.742,0.067385,0.067385,0.0,1.0,0,普通大幅波动
sz.159796,2024-02-06,0.476,0.442,0.442,0.076923,0.076923,0.0,1.0,0,普通大幅波动
sz.159796,2024-03-11,0.571,0.523,0.523,0.091778,0.091778,0.0,1.0,0,普通大幅波动
sz.159796,2024-09-27,0.543,0.494,0.494,0.09919,0.09919,0.0,1.0,0,普通大幅波动
sz.159796,2024-09-30,0.597,0.543,0.543,0.099448,0.099448,0.0,1.0,0,普通大幅波动
sz.159796,2024-10-08,0.657,0.597,0.597,0.100503,0.100503,0.0,1.0,0,普通大幅波动
sz.159796,2024-10-11,0.58,0.618,0.618,-0.061489,-0.061489,0.0,1.0,0,普通大幅波动
sz.159797,2022-10-14,1.053,0.959,0.959,0.098019,0.098019,0.0,1.0,0,普通大幅波动
sz.159797,2024-02-06,0.77,0.721,0.721,0.067961,0.067961,0.0,1.0,0,普通大幅波动
sz.159797,2024-09-27,0.736,0.686,0.686,0.072886,0.072886,0.0,1.0,0,普通大幅波动
sz.159797,2024-09-30,0.81,0.736,0.736,0.100543,0.100543,0.0,1.0,0,普通大幅波动
sz.159797,2024-10-08,0.891,0.81,0.81,0.1,0.1,0.0,1.0,0,普通大幅波动
sz.159797,2024-10-09,0.814,0.891,0.891,-0.08642,-0.08642,0.0,1.0,0,普通大幅波动
sz.159798,2024-09-26,0.908,0.848,0.848,0.070755,0.070755,0.0,1.0,0,普通大幅波动
sz.159798,2024-09-30,1.046,0.951,0.951,0.099895,0.099895,0.0,1.0,0,普通大幅波动
sz.159798,2024-10-09,0.965,1.054,1.054,-0.08444,-0.08444,0.0,1.0,0,普通大幅波动
sz.159800,2024-09-30,1.171,1.079,1.079,0.085264,0.085264,0.0,1.0,0,普通大幅波动
sz.159800,2024-10-08,1.255,1.171,1.171,0.071734,0.071734,0.0,1.0,0,普通大幅波动
sz.159800,2024-10-09,1.157,1.255,1.255,-0.078088,-0.078088,0.0,1.0,0,普通大幅波动
sz.159801,2020-02-24,1.328,1.245,1.245,0.066667,0.066667,0.0,1.0,0,普通大幅波动
sz.159801,2020-02-26,1.242,1.37,1.372,-0.094752,-0.093431,-0.001458,1.0,0,普通大幅波动
sz.159801,2020-03-09,0.992,1.082,1.082,-0.083179,-0.083179,0.0,1.0,0,普通大幅波动
sz.159801,2020-03-10,1.064,0.992,0.992,0.072581,0.072581,0.0,1.0,0,普通大幅波动
sz.159801,2020-03-23,0.937,1.016,1.016,-0.077756,-0.077756,0.0,1.0,0,普通大幅波动
sz.159801,2020-04-02,0.962,0.894,0.894,0.076063,0.076063,0.0,1.0,0,普通大幅波动
sz.159801,2020-04-30,1.006,0.934,0.934,0.077088,0.077088,0.0,1.0,0,普通大幅波动
sz.159801,2020-07-06,1.316,1.196,1.196,0.100334,0.100334,0.0,1.0,0,普通大幅波动
sz.159801,2020-07-16,1.266,1.382,1.382,-0.083936,-0.083936,0.0,1.0,0,普通大幅波动
sz.159801,2020-07-24,1.233,1.315,1.315,-0.062357,-0.062357,0.0,1.0,0,普通大幅波动
sz.159801,2020-11-09,1.287,1.192,1.192,0.079698,0.079698,0.0,1.0,0,普通大幅波动
sz.159801,2021-06-17,1.403,1.3,1.3,0.079231,0.079231,0.0,1.0,0,普通大幅波动
sz.159801,2021-07-29,1.795,1.662,1.662,0.080024,0.080024,0.0,1.0,0,普通大幅波动
sz.159801,2022-04-25,1.016,1.091,1.091,-0.068744,-0.068744,0.0,1.0,0,普通大幅波动
sz.159801,2022-04-27,1.05,0.977,0.977,0.074719,0.074719,0.0,1.0,0,普通大幅波动
sz.159801,2022-10-10,0.938,1.0,1.0,-0.062,-0.062,0.0,1.0,0,普通大幅波动
sz.159801,2022-11-15,1.11,1.046,1.046,0.061185,0.061185,0.0,1.0,0,普通大幅波动
sz.159801,2023-08-31,0.498,0.492,0.983,-0.493388,0.012195,-0.499491,1.998,0,拆分合并型
sz.159801,2024-02-29,0.437,0.411,0.411,0.06326,0.06326,0.0,1.0,0,普通大幅波动
sz.159801,2024-09-27,0.439,0.406,0.406,0.081281,0.081281,0.0,1.0,0,普通大幅波动
sz.159801,2024-09-30,0.483,0.439,0.439,0.100228,0.100228,0.0,1.0,0,普通大幅波动
sz.159801,2024-10-08,0.531,0.483,0.483,0.099379,0.099379,0.0,1.0,0,普通大幅波动
sz.159801,2024-10-09,0.584,0.531,0.531,0.099812,0.099812,0.0,1.0,0,普通大幅波动
sz.159801,2024-10-11,0.528,0.564,0.564,-0.06383,-0.06383,0.0,1.0,0,普通大幅波动
sz.159801,2024-10-18,0.575,0.523,0.523,0.099426,0.099426,0.0,1.0,0,普通大幅波动
sz.159801,2024-11-11,0.675,0.635,0.635,0.062992,0.062992,0.0,1.0,0,普通大幅波动
sz.159804,2020-09-10,1.199,1.281,1.281,-0.064012,-0.064012,0.0,1.0,0,普通大幅波动
sz.159804,2022-04-25,0.912,0.999,0.999,-0.087087,-0.087087,0.0,1.0,0,普通大幅波动
sz.159804,2022-10-13,1.055,0.99,0.99,0.065657,0.065657,0.0,1.0,0,普通大幅波动
sz.159804,2024-01-31,0.867,0.93,0.93,-0.067742,-0.067742,0.0,1.0,0,普通大幅波动
sz.159804,2024-02-05,0.772,0.822,0.822,-0.060827,-0.060827,0.0,1.0,0,普通大幅波动
sz.159804,2024-02-06,0.845,0.772,0.772,0.09456,0.09456,0.0,1.0,0,普通大幅波动
sz.159804,2024-09-27,0.97,0.877,0.877,0.106043,0.106043,0.0,1.0,0,普通大幅波动
sz.159804,2024-09-30,1.151,0.97,0.97,0.186598,0.186598,0.0,1.0,0,普通大幅波动
sz.159804,2024-10-08,1.38,1.151,1.151,0.198957,0.198957,0.0,1.0,0,普通大幅波动
sz.159804,2024-10-09,1.155,1.38,1.38,-0.163043,-0.163043,0.0,1.0,0,普通大幅波动
sz.159804,2024-10-18,1.175,1.105,1.105,0.063348,0.063348,0.0,1.0,0,普通大幅波动
sz.159804,2024-11-11,1.34,1.261,1.261,0.062649,0.062649,0.0,1.0,0,普通大幅波动
sz.159805,2022-04-25,0.752,0.802,0.802,-0.062344,-0.062344,0.0,1.0,0,普通大幅波动
sz.159805,2022-04-29,0.808,0.748,0.748,0.080214,0.080214,0.0,1.0,0,普通大幅波动
sz.159805,2023-04-28,1.322,1.21,1.21,0.092562,0.092562,0.0,1.0,0,普通大幅波动
sz.159805,2023-05-04,1.406,1.322,1.322,0.06354,0.06354,0.0,1.0,0,普通大幅波动
sz.159805,2023-06-21,1.29,1.393,1.393,-0.073941,-0.073941,0.0,1.0,0,普通大幅波动
sz.159805,2023-06-26,1.212,1.29,1.29,-0.060465,-0.060465,0.0,1.0,0,普通大幅波动
sz.159805,2023-12-22,0.981,1.079,1.079,-0.090825,-0.090825,0.0,1.0,0,普通大幅波动
sz.159805,2024-01-22,0.876,0.936,0.936,-0.064103,-0.064103,0.0,1.0,0,普通大幅波动
sz.159805,2024-02-06,0.855,0.806,0.806,0.060794,0.060794,0.0,1.0,0,普通大幅波动
sz.159805,2024-02-19,0.961,0.904,0.904,0.063053,0.063053,0.0,1.0,0,普通大幅波动
sz.159805,2024-09-27,0.943,0.885,0.885,0.065537,0.065537,0.0,1.0,0,普通大幅波动
sz.159805,2024-09-30,1.037,0.943,0.943,0.099682,0.099682,0.0,1.0,0,普通大幅波动
sz.159805,2024-10-08,1.14,1.037,1.037,0.099325,0.099325,0.0,1.0,0,普通大幅波动
sz.159805,2024-10-09,1.026,1.14,1.14,-0.1,-0.1,0.0,1.0,0,普通大幅波动
sz.159806,2020-03-23,0.871,0.948,0.948,-0.081224,-0.081224,0.0,1.0,0,普通大幅波动
sz.159806,2020-07-24,1.291,1.38,1.38,-0.064493,-0.064493,0.0,1.0,0,普通大幅波动
sz.159806,2020-10-09,1.483,1.397,1.397,0.06156,0.06156,0.0,1.0,0,普通大幅波动
sz.159806,2020-12-21,2.043,1.924,1.924,0.06185,0.06185,0.0,1.0,0,普通大幅波动
sz.159806,2021-01-04,2.271,2.11,2.11,0.076303,0.076303,0.0,1.0,0,普通大幅波动
sz.159806,2021-04-19,2.034,1.904,1.904,0.068277,0.068277,0.0,1.0,0,普通大幅波动
sz.159806,2021-06-16,2.296,2.45,2.45,-0.062857,-0.062857,0.0,1.0,0,普通大幅波动
sz.159806,2021-07-07,2.897,2.733,2.733,0.060007,0.060007,0.0,1.0,0,普通大幅波动
sz.159806,2021-07-27,2.854,3.04,3.04,-0.061184,-0.061184,0.0,1.0,0,普通大幅波动
sz.159806,2021-08-04,3.272,3.01,3.01,0.087043,0.087043,0.0,1.0,0,普通大幅波动
sz.159806,2022-01-14,0.958,0.949,2.848,-0.663624,0.009484,-0.666784,3.0011,0,拆分合并型
sz.159806,2022-03-16,0.852,0.8,0.8,0.065,0.065,0.0,1.0,0,普通大幅波动
sz.159806,2022-04-11,0.753,0.807,0.807,-0.066914,-0.066914,0.0,1.0,0,普通大幅波动
sz.159806,2022-04-25,0.642,0.692,0.692,-0.072254,-0.072254,0.0,1.0,0,普通大幅波动
sz.159806,2022-04-27,0.69,0.631,0.631,0.093502,0.093502,0.0,1.0,0,普通大幅波动
sz.159806,2024-02-06,0.429,0.404,0.404,0.061881,0.061881,0.0,1.0,0,普通大幅波动
sz.159806,2024-03-11,0.496,0.465,0.465,0.066667,0.066667,0.0,1.0,0,普通大幅波动
sz.159806,2024-09-27,0.475,0.435,0.435,0.091954,0.091954,0.0,1.0,0,普通大幅波动
sz.159806,2024-09-30,0.523,0.475,0.475,0.101053,0.101053,0.0,1.0,0,普通大幅波动
sz.159806,2024-10-08,0.575,0.523,0.523,0.099426,0.099426,0.0,1.0,0,普通大幅波动
sz.159806,2024-10-09,0.535,0.575,0.575,-0.069565,-0.069565,0.0,1.0,0,普通大幅波动
sz.159807,2021-06-21,0.831,0.832,1.663,-0.500301,-0.001202,-0.499699,1.9988,0,拆分合并型
sz.159807,2024-09-27,0.45,0.41,0.41,0.097561,0.097561,0.0,1.0,0,普通大幅波动
sz.159807,2024-09-30,0.495,0.45,0.45,0.1,0.1,0.0,1.0,0,普通大幅波动
sz.159807,2024-10-08,0.545,0.495,0.495,0.10101,0.10101,0.0,1.0,0,普通大幅波动
sz.159807,2024-10-18,0.508,0.471,0.471,0.078556,0.078556,0.0,1.0,0,普通大幅波动
sz.159808,2022-11-30,0.96,0.885,0.885,0.084746,0.084746,0.0,1.0,0,普通大幅波动
sz.159808,2022-12-01,0.895,0.96,0.96,-0.067708,-0.067708,0.0,1.0,0,普通大幅波动
sz.159808,2024-09-27,0.705,0.645,0.645,0.093023,0.093023,0.0,1.0,0,普通大幅波动
sz.159808,2024-09-30,0.846,0.705,0.705,0.2,0.2,0.0,1.0,0,普通大幅波动
sz.159808,2024-10-08,1.015,0.846,0.846,0.199764,0.199764,0.0,1.0,0,普通大幅波动
sz.159808,2024-10-09,0.873,1.015,1.015,-0.139901,-0.139901,0.0,1.0,0,普通大幅波动
sz.159808,2024-10-18,0.839,0.764,0.764,0.098168,0.098168,0.0,1.0,0,普通大幅波动
sz.159809,2021-07-27,1.107,1.181,1.181,-0.062659,-0.062659,0.0,1.0,0,普通大幅波动
sz.159810,2022-04-25,0.857,0.913,0.913,-0.061336,-0.061336,0.0,1.0,0,普通大幅波动
sz.159810,2024-02-06,0.665,0.626,0.626,0.0623,0.0623,0.0,1.0,0,普通大幅波动
sz.159810,2024-09-24,0.655,0.617,0.617,0.061588,0.061588,0.0,1.0,0,普通大幅波动
sz.159810,2024-09-27,0.765,0.699,0.699,0.094421,0.094421,0.0,1.0,0,普通大幅波动
sz.159810,2024-09-30,0.918,0.765,0.765,0.2,0.2,0.0,1.0,0,普通大幅波动
sz.159810,2024-10-08,1.102,0.918,0.918,0.200436,0.200436,0.0,1.0,0,普通大幅波动
sz.159810,2024-10-09,0.942,1.102,1.102,-0.145191,-0.145191,0.0,1.0,0,普通大幅波动
sz.159810,2024-10-10,0.883,0.942,0.942,-0.062633,-0.062633,0.0,1.0,0,普通大幅波动
sz.159810,2024-10-18,0.882,0.812,0.812,0.086207,0.086207,0.0,1.0,0,普通大幅波动
sz.159811,2020-07-16,1.193,1.27,1.27,-0.06063,-0.06063,0.0,1.0,0,普通大幅波动
sz.159811,2022-04-25,0.788,0.843,0.843,-0.065243,-0.065243,0.0,1.0,0,普通大幅波动
sz.159811,2024-09-30,1.165,1.06,1.06,0.099057,0.099057,0.0,1.0,0,普通大幅波动
sz.159811,2024-10-08,1.282,1.165,1.165,0.100429,0.100429,0.0,1.0,0,普通大幅波动
sz.159812,2020-08-12,4.056,4.315,4.315,-0.060023,-0.060023,0.0,1.0,0,普通大幅波动
sz.159813,2020-07-06,1.238,1.125,1.125,0.100444,0.100444,0.0,1.0,0,普通大幅波动
sz.159813,2020-07-16,1.18,1.293,1.293,-0.087394,-0.087394,0.0,1.0,0,普通大幅波动
sz.159813,2020-11-09,1.197,1.111,1.111,0.077408,0.077408,0.0,1.0,0,普通大幅波动
sz.159813,2021-01-18,1.321,1.244,1.244,0.061897,0.061897,0.0,1.0,0,普通大幅波动
sz.159813,2021-06-17,1.328,1.233,1.233,0.077048,0.077048,0.0,1.0,0,普通大幅波动
sz.159813,2021-07-29,1.701,1.588,1.588,0.071159,0.071159,0.0,1.0,0,普通大幅波动
sz.159813,2021-09-13,1.001,1.041,1.561,-0.358744,-0.038425,-0.33312,1.4995,0,拆分合并型
sz.159813,2022-04-25,0.646,0.701,0.701,-0.078459,-0.078459,0.0,1.0,0,普通大幅波动
sz.159813,2022-04-27,0.676,0.631,0.631,0.071315,0.071315,0.0,1.0,0,普通大幅波动
sz.159813,2022-10-10,0.607,0.647,0.647,-0.061824,-0.061824,0.0,1.0,0,普通大幅波动
sz.159813,2022-11-15,0.72,0.677,0.677,0.063516,0.063516,0.0,1.0,0,普通大幅波动
sz.159813,2024-02-06,0.485,0.455,0.455,0.065934,0.065934,0.0,1.0,0,普通大幅波动
sz.159813,2024-02-29,0.564,0.532,0.532,0.06015,0.06015,0.0,1.0,0,普通大幅波动
sz.159813,2024-09-27,0.568,0.524,0.524,0.083969,0.083969,0.0,1.0,0,普通大幅波动
sz.159813,2024-09-30,0.625,0.568,0.568,0.100352,0.100352,0.0,1.0,0,普通大幅波动
sz.159813,2024-10-08,0.688,0.625,0.625,0.1008,0.1008,0.0,1.0,0,普通大幅波动
sz.159813,2024-10-09,0.757,0.688,0.688,0.100291,0.100291,0.0,1.0,0,普通大幅波动
sz.159813,2024-10-11,0.679,0.726,0.726,-0.064738,-0.064738,0.0,1.0,0,普通大幅波动
sz.159813,2024-10-18,0.741,0.674,0.674,0.099407,0.099407,0.0,1.0,0,普通大幅波动
sz.159813,2024-11-11,0.872,0.819,0.819,0.064713,0.064713,0.0,1.0,0,普通大幅波动
sz.159814,2020-07-24,1.006,1.072,1.072,-0.061567,-0.061567,0.0,1.0,0,普通大幅波动
sz.159814,2021-02-10,0.688,0.668,1.376,-0.5,0.02994,-0.514535,2.0599,0,拆分合并型
sz.159814,2024-09-27,0.364,0.329,0.329,0.106383,0.106383,0.0,1.0,0,普通大幅波动
sz.159814,2024-09-30,0.437,0.364,0.364,0.200549,0.200549,0.0,1.0,0,普通大幅波动
sz.159814,2024-10-08,0.524,0.437,0.437,0.199085,0.199085,0.0,1.0,0,普通大幅波动
sz.159814,2024-10-09,0.449,0.524,0.524,-0.14313,-0.14313,0.0,1.0,0,普通大幅波动
sz.159814,2024-10-18,0.426,0.391,0.391,0.089514,0.089514,0.0,1.0,0,普通大幅波动
sz.159815,2022-12-16,1.029,0.952,0.952,0.080882,0.080882,0.0,1.0,0,普通大幅波动
sz.159815,2022-12-20,0.913,0.99,0.99,-0.077778,-0.077778,0.0,1.0,0,普通大幅波动
sz.159819,2022-04-25,0.668,0.714,0.714,-0.064426,-0.064426,0.0,1.0,0,普通大幅波动
sz.159819,2023-04-21,0.935,0.996,0.996,-0.061245,-0.061245,0.0,1.0,0,普通大幅波动
sz.159819,2024-02-06,0.618,0.572,0.572,0.08042,0.08042,0.0,1.0,0,普通大幅波动
sz.159819,2024-02-19,0.692,0.651,0.651,0.06298,0.06298,0.0,1.0,0,普通大幅波动
sz.159819,2024-09-27,0.735,0.684,0.684,0.074561,0.074561,0.0,1.0,0,普通大幅波动
sz.159819,2024-09-30,0.809,0.735,0.735,0.10068,0.10068,0.0,1.0,0,普通大幅波动
sz.159819,2024-10-08,0.89,0.809,0.809,0.100124,0.100124,0.0,1.0,0,普通大幅波动
sz.159819,2024-10-18,0.883,0.822,0.822,0.074209,0.074209,0.0,1.0,0,普通大幅波动
sz.159820,2024-02-06,0.794,0.724,0.724,0.096685,0.096685,0.0,1.0,0,普通大幅波动
sz.159820,2024-02-07,0.853,0.794,0.794,0.074307,0.074307,0.0,1.0,0,普通大幅波动
sz.159820,2024-09-27,0.887,0.821,0.821,0.08039,0.08039,0.0,1.0,0,普通大幅波动
sz.159820,2024-09-30,0.975,0.887,0.887,0.099211,0.099211,0.0,1.0,0,普通大幅波动
sz.159820,2024-10-08,1.069,0.975,0.975,0.09641,0.09641,0.0,1.0,0,普通大幅波动
sz.159820,2024-10-09,0.962,1.069,1.069,-0.100094,-0.100094,0.0,1.0,0,普通大幅波动
sz.159821,2022-03-01,1.128,1.059,1.059,0.065156,0.065156,0.0,1.0,0,普通大幅波动
sz.159821,2022-03-02,1.048,1.128,1.128,-0.070922,-0.070922,0.0,1.0,0,普通大幅波动
sz.159821,2022-04-26,0.806,0.894,0.894,-0.098434,-0.098434,0.0,1.0,0,普通大幅波动
sz.159821,2022-09-21,0.931,0.874,0.874,0.065217,0.065217,0.0,1.0,0,普通大幅波动
sz.159821,2024-09-27,0.752,0.644,0.644,0.167702,0.167702,0.0,1.0,0,普通大幅波动
sz.159821,2024-09-30,0.901,0.752,0.752,0.198138,0.198138,0.0,1.0,0,普通大幅波动
sz.159821,2024-10-08,1.081,0.901,0.901,0.199778,0.199778,0.0,1.0,0,普通大幅波动
sz.159821,2024-10-09,0.865,1.081,1.081,-0.199815,-0.199815,0.0,1.0,0,普通大幅波动
sz.159821,2024-10-18,0.832,0.757,0.757,0.099075,0.099075,0.0,1.0,0,普通大幅波动
sz.159822,2021-07-27,0.83,0.904,0.904,-0.081858,-0.081858,0.0,1.0,0,普通大幅波动
sz.159822,2022-03-15,0.507,0.562,0.562,-0.097865,-0.097865,0.0,1.0,0,普通大幅波动
sz.159822,2022-03-16,0.558,0.507,0.507,0.100592,0.100592,0.0,1.0,0,普通大幅波动
sz.159822,2022-03-17,0.614,0.558,0.558,0.100358,0.100358,0.0,1.0,0,普通大幅波动
sz.159822,2022-10-24,0.515,0.552,0.552,-0.067029,-0.067029,0.0,1.0,0,普通大幅波动
sz.159822,2022-11-04,0.557,0.521,0.521,0.069098,0.069098,0.0,1.0,0,普通大幅波动
sz.159822,2024-05-06,0.594,0.56,0.56,0.060714,0.060714,0.0,1.0,0,普通大幅波动
sz.159822,2024-09-30,0.682,0.637,0.637,0.070644,0.070644,0.0,1.0,0,普通大幅波动
sz.159822,2024-10-09,0.648,0.711,0.711,-0.088608,-0.088608,0.0,1.0,0,普通大幅波动
sz.159823,2022-03-15,0.576,0.621,0.621,-0.072464,-0.072464,0.0,1.0,0,普通大幅波动
sz.159823,2022-03-16,0.634,0.576,0.576,0.100694,0.100694,0.0,1.0,0,普通大幅波动
sz.159823,2022-03-17,0.679,0.634,0.634,0.070978,0.070978,0.0,1.0,0,普通大幅波动
sz.159823,2022-10-24,0.561,0.6,0.6,-0.065,-0.065,0.0,1.0,0,普通大幅波动
sz.159824,2021-04-19,0.99,0.927,0.927,0.067961,0.067961,0.0,1.0,0,普通大幅波动
sz.159824,2021-06-16,1.12,1.201,1.201,-0.067444,-0.067444,0.0,1.0,0,普通大幅波动
sz.159824,2021-08-04,1.609,1.486,1.486,0.082773,0.082773,0.0,1.0,0,普通大幅波动
sz.159824,2022-03-16,1.276,1.2,1.2,0.063333,0.063333,0.0,1.0,0,普通大幅波动
sz.159824,2022-04-11,1.13,1.209,1.209,-0.065343,-0.065343,0.0,1.0,0,普通大幅波动
sz.159824,2022-04-25,0.963,1.036,1.036,-0.070463,-0.070463,0.0,1.0,0,普通大幅波动
sz.159824,2022-04-27,1.032,0.947,0.947,0.089757,0.089757,0.0,1.0,0,普通大幅波动
sz.159824,2024-02-06,0.652,0.614,0.614,0.061889,0.061889,0.0,1.0,0,普通大幅波动
sz.159824,2024-03-11,0.754,0.706,0.706,0.067989,0.067989,0.0,1.0,0,普通大幅波动
sz.159824,2024-09-27,0.718,0.663,0.663,0.082956,0.082956,0.0,1.0,0,普通大幅波动
sz.159824,2024-09-30,0.79,0.718,0.718,0.100279,0.100279,0.0,1.0,0,普通大幅波动
sz.159824,2024-10-08,0.869,0.79,0.79,0.1,0.1,0.0,1.0,0,普通大幅波动
sz.159825,2021-01-04,1.097,1.022,1.022,0.073386,0.073386,0.0,1.0,0,普通大幅波动
sz.159825,2024-09-30,0.722,0.66,0.66,0.093939,0.093939,0.0,1.0,0,普通大幅波动
sz.159825,2024-10-09,0.669,0.734,0.734,-0.088556,-0.088556,0.0,1.0,0,普通大幅波动
sz.159827,2021-01-04,1.101,1.029,1.029,0.069971,0.069971,0.0,1.0,0,普通大幅波动
sz.159827,2024-09-30,0.757,0.699,0.699,0.082976,0.082976,0.0,1.0,0,普通大幅波动
sz.159827,2024-10-09,0.715,0.776,0.776,-0.078608,-0.078608,0.0,1.0,0,普通大幅波动
sz.159828,2021-01-22,1.133,1.057,1.057,0.071902,0.071902,0.0,1.0,0,普通大幅波动
sz.159828,2021-07-26,0.984,1.049,1.049,-0.061964,-0.061964,0.0,1.0,0,普通大幅波动
sz.159828,2021-08-20,0.877,0.939,0.939,-0.066028,-0.066028,0.0,1.0,0,普通大幅波动
sz.159828,2022-10-14,0.634,0.579,0.579,0.094991,0.094991,0.0,1.0,0,普通大幅波动
sz.159828,2024-02-06,0.419,0.389,0.389,0.077121,0.077121,0.0,1.0,0,普通大幅波动
sz.159828,2024-09-27,0.4,0.365,0.365,0.09589,0.09589,0.0,1.0,0,普通大幅波动
sz.159828,2024-09-30,0.44,0.4,0.4,0.1,0.1,0.0,1.0,0,普通大幅波动
sz.159828,2024-10-08,0.484,0.44,0.44,0.1,0.1,0.0,1.0,0,普通大幅波动
sz.159828,2024-10-09,0.446,0.484,0.484,-0.078512,-0.078512,0.0,1.0,0,普通大幅波动
sz.159830,2024-12-20,6.12,6.114,5.722,0.069556,0.000981,0.068508,0.9359,0,分红型
sz.159835,2022-10-14,0.713,0.663,0.663,0.075415,0.075415,0.0,1.0,0,普通大幅波动
sz.159835,2024-02-06,0.517,0.48,0.48,0.077083,0.077083,0.0,1.0,0,普通大幅波动
sz.159835,2024-09-27,0.532,0.499,0.499,0.066132,0.066132,0.0,1.0,0,普通大幅波动
sz.159835,2024-09-30,0.585,0.532,0.532,0.099624,0.099624,0.0,1.0,0,普通大幅波动
sz.159835,2024-10-08,0.644,0.585,0.585,0.100855,0.100855,0.0,1.0,0,普通大幅波动
sz.159835,2024-10-09,0.604,0.644,0.644,-0.062112,-0.062112,0.0,1.0,0,普通大幅波动
sz.159836,2022-04-25,0.734,0.784,0.784,-0.063776,-0.063776,0.0,1.0,0,普通大幅波动
sz.159836,2024-09-27,0.701,0.64,0.64,0.095312,0.095312,0.0,1.0,0,普通大幅波动
sz.159836,2024-09-30,0.841,0.701,0.701,0.199715,0.199715,0.0,1.0,0,普通大幅波动
sz.159836,2024-10-08,1.009,0.841,0.841,0.199762,0.199762,0.0,1.0,0,普通大幅波动
sz.159836,2024-10-09,0.84,1.009,1.009,-0.167493,-0.167493,0.0,1.0,0,普通大幅波动
sz.159836,2024-10-11,0.777,0.828,0.828,-0.061594,-0.061594,0.0,1.0,0,普通大幅波动
sz.159836,2024-10-18,0.834,0.773,0.773,0.078913,0.078913,0.0,1.0,0,普通大幅波动
sz.159837,2022-10-14,0.602,0.551,0.551,0.092559,0.092559,0.0,1.0,0,普通大幅波动
sz.159837,2024-02-06,0.444,0.408,0.408,0.088235,0.088235,0.0,1.0,0,普通大幅波动
sz.159837,2024-09-27,0.439,0.408,0.408,0.07598,0.07598,0.0,1.0,0,普通大幅波动
sz.159837,2024-09-30,0.483,0.439,0.439,0.100228,0.100228,0.0,1.0,0,普通大幅波动
sz.159837,2024-10-08,0.531,0.483,0.483,0.099379,0.099379,0.0,1.0,0,普通大幅波动
sz.159837,2024-10-09,0.499,0.531,0.531,-0.060264,-0.060264,0.0,1.0,0,普通大幅波动
sz.159838,2021-08-20,0.908,0.969,0.969,-0.062951,-0.062951,0.0,1.0,0,普通大幅波动
sz.159838,2022-10-14,0.699,0.644,0.644,0.085404,0.085404,0.0,1.0,0,普通大幅波动
sz.159838,2024-02-06,0.552,0.512,0.512,0.078125,0.078125,0.0,1.0,0,普通大幅波动
sz.159838,2024-09-27,0.539,0.496,0.496,0.086694,0.086694,0.0,1.0,0,普通大幅波动
sz.159838,2024-09-30,0.593,0.539,0.539,0.100186,0.100186,0.0,1.0,0,普通大幅波动
sz.159838,2024-10-08,0.652,0.593,0.593,0.099494,0.099494,0.0,1.0,0,普通大幅波动
sz.159838,2024-10-09,0.598,0.652,0.652,-0.082822,-0.082822,0.0,1.0,0,普通大幅波动
sz.159839,2022-10-14,0.548,0.506,0.506,0.083004,0.083004,0.0,1.0,0,普通大幅波动
sz.159839,2022-10-26,0.554,0.518,0.518,0.069498,0.069498,0.0,1.0,0,普通大幅波动
sz.159839,2024-02-06,0.358,0.331,0.331,0.081571,0.081571,0.0,1.0,0,普通大幅波动
sz.159839,2024-09-27,0.343,0.315,0.315,0.088889,0.088889,0.0,1.0,0,普通大幅波动
sz.159839,2024-09-30,0.377,0.343,0.343,0.099125,0.099125,0.0,1.0,0,普通大幅波动
sz.159839,2024-10-08,0.415,0.377,0.377,0.100796,0.100796,0.0,1.0,0,普通大幅波动
sz.159839,2024-10-11,0.36,0.385,0.385,-0.064935,-0.064935,0.0,1.0,0,普通大幅波动
sz.159840,2022-03-16,0.831,0.781,0.781,0.06402,0.06402,0.0,1.0,0,普通大幅波动
sz.159840,2022-04-11,0.744,0.797,0.797,-0.066499,-0.066499,0.0,1.0,0,普通大幅波动
sz.159840,2022-04-25,0.632,0.682,0.682,-0.073314,-0.073314,0.0,1.0,0,普通大幅波动
sz.159840,2022-04-27,0.681,0.625,0.625,0.0896,0.0896,0.0,1.0,0,普通大幅波动
sz.159840,2022-06-06,0.883,0.831,0.831,0.062575,0.062575,0.0,1.0,0,普通大幅波动
sz.159840,2024-02-06,0.402,0.377,0.377,0.066313,0.066313,0.0,1.0,0,普通大幅波动
sz.159840,2024-03-11,0.469,0.43,0.43,0.090698,0.090698,0.0,1.0,0,普通大幅波动
sz.159840,2024-09-27,0.481,0.438,0.438,0.098174,0.098174,0.0,1.0,0,普通大幅波动
sz.159840,2024-09-30,0.529,0.481,0.481,0.099792,0.099792,0.0,1.0,0,普通大幅波动
sz.159840,2024-10-08,0.582,0.529,0.529,0.100189,0.100189,0.0,1.0,0,普通大幅波动
sz.159840,2024-10-09,0.533,0.582,0.582,-0.084192,-0.084192,0.0,1.0,0,普通大幅波动
sz.159841,2021-05-14,0.966,0.894,0.894,0.080537,0.080537,0.0,1.0,0,普通大幅波动
sz.159841,2021-08-18,1.048,0.979,0.979,0.07048,0.07048,0.0,1.0,0,普通大幅波动
sz.159841,2022-03-16,0.877,0.822,0.822,0.06691,0.06691,0.0,1.0,0,普通大幅波动
sz.159841,2023-07-28,0.929,0.853,0.853,0.089097,0.089097,0.0,1.0,0,普通大幅波动
sz.159841,2024-04-26,0.804,0.754,0.754,0.066313,0.066313,0.0,1.0,0,普通大幅波动
sz.159841,2024-09-24,0.792,0.746,0.746,0.061662,0.061662,0.0,1.0,0,普通大幅波动
sz.159841,2024-09-26,0.863,0.807,0.807,0.069393,0.069393,0.0,1.0,0,普通大幅波动
sz.159841,2024-09-27,0.949,0.863,0.863,0.099652,0.099652,0.0,1.0,0,普通大幅波动
sz.159841,2024-09-30,1.044,0.949,0.949,0.100105,0.100105,0.0,1.0,0,普通大幅波动
sz.159841,2024-10-08,1.148,1.044,1.044,0.099617,0.099617,0.0,1.0,0,普通大幅波动
sz.159841,2024-10-10,1.033,1.106,1.106,-0.066004,-0.066004,0.0,1.0,0,普通大幅波动
sz.159841,2024-10-18,1.057,0.986,0.986,0.072008,0.072008,0.0,1.0,0,普通大幅波动
sz.159841,2024-11-07,1.245,1.141,1.141,0.091148,0.091148,0.0,1.0,0,普通大幅波动
sz.159842,2021-05-14,1.015,0.948,0.948,0.070675,0.070675,0.0,,0,普通大幅波动
sz.159842,2021-08-18,1.085,1.02,1.02,0.063725,0.063725,0.0,,0,普通大幅波动
sz.159842,2023-07-28,0.975,0.893,0.893,0.091825,0.091825,0.0,,0,普通大幅波动
sz.159842,2024-04-26,0.841,0.793,0.793,0.06053,0.06053,0.0,,0,普通大幅波动
sz.159842,2024-09-24,0.836,0.783,0.783,0.067688,0.067688,0.0,,0,普通大幅波动
sz.159842,2024-09-26,0.9,0.849,0.849,0.060071,0.060071,0.0,,0,普通大幅波动
sz.159842,2024-09-27,0.99,0.9,0.9,0.1,0.1,0.0,,0,普通大幅波动
sz.159842,2024-09-30,1.089,0.99,0.99,0.1,0.1,0.0,,0,普通大幅波动
sz.159842,2024-10-08,1.198,1.089,1.089,0.100092,0.100092,0.0,,0,普通大幅波动
sz.159842,2024-10-10,1.065,1.142,1.142,-0.067426,-0.067426,0.0,,0,普通大幅波动
sz.159842,2024-10-18,1.093,1.023,1.023,0.068426,0.068426,0.0,,0,普通大幅波动
sz.159842,2024-11-07,1.288,1.187,1.187,0.085088,0.085088,0.0,,0,普通大幅波动
sz.159843,2022-11-01,0.686,0.643,0.643,0.066874,0.066874,0.0,1.0,0,普通大幅波动
sz.159843,2024-09-24,0.57,0.536,0.536,0.063433,0.063433,0.0,1.0,0,普通大幅波动
sz.159843,2024-09-26,0.629,0.572,0.572,0.09965,0.09965,0.0,1.0,0,普通大幅波动
sz.159843,2024-09-27,0.692,0.629,0.629,0.100159,0.100159,0.0,1.0,0,普通大幅波动
sz.159843,2024-09-30,0.761,0.692,0.692,0.099711,0.099711,0.0,1.0,0,普通大幅波动
sz.159843,2024-10-09,0.68,0.755,0.755,-0.099338,-0.099338,0.0,1.0,0,普通大幅波动
sz.159843,2024-11-07,0.75,0.695,0.695,0.079137,0.079137,0.0,1.0,0,普通大幅波动
sz.159845,2022-04-25,0.574,0.62,0.62,-0.074194,-0.074194,0.0,1.0,0,普通大幅波动
sz.159845,2022-08-02,2.099,2.152,0.758,1.769129,-0.024628,1.83905,0.3522,0,拆分合并型
sz.159845,2023-03-01,2.797,2.782,2.08,0.344712,0.005392,0.3375,0.74787053,0,拆分合并型
sz.159845,2024-02-06,1.858,1.739,1.739,0.06843,0.06843,0.0,1.0,0,普通大幅波动
sz.159845,2024-09-27,2.155,1.992,1.992,0.081827,0.081827,0.0,1.0,0,普通大幅波动
sz.159845,2024-09-30,2.371,2.155,2.155,0.100232,0.100232,0.0,1.0,0,普通大幅波动
sz.159845,2024-10-08,2.543,2.371,2.371,0.072543,0.072543,0.0,1.0,0,普通大幅波动
sz.159845,2024-10-09,2.32,2.543,2.543,-0.087692,-0.087692,0.0,1.0,0,普通大幅波动
sz.159847,2021-07-26,0.884,0.943,0.943,-0.062566,-0.062566,0.0,1.0,0,普通大幅波动
sz.159847,2021-08-20,0.78,0.838,0.838,-0.069212,-0.069212,0.0,1.0,0,普通大幅波动
sz.159847,2021-09-06,0.806,0.76,0.76,0.060526,0.060526,0.0,1.0,0,普通大幅波动
sz.159847,2022-02-15,0.618,0.581,0.581,0.063683,0.063683,0.0,1.0,0,普通大幅波动
sz.159847,2022-10-14,0.573,0.521,0.521,0.099808,0.099808,0.0,1.0,0,普通大幅波动
sz.159847,2024-02-06,0.387,0.363,0.363,0.066116,0.066116,0.0,1.0,0,普通大幅波动
sz.159847,2024-09-27,0.369,0.34,0.34,0.085294,0.085294,0.0,1.0,0,普通大幅波动
sz.159847,2024-09-30,0.406,0.369,0.369,0.100271,0.100271,0.0,1.0,0,普通大幅波动
sz.159847,2024-10-08,0.447,0.406,0.406,0.100985,0.100985,0.0,1.0,0,普通大幅波动
sz.159847,2024-10-11,0.39,0.415,0.415,-0.060241,-0.060241,0.0,1.0,0,普通大幅波动
sz.159848,2021-05-14,0.829,0.776,0.776,0.068299,0.068299,0.0,1.0,0,普通大幅波动
sz.159848,2021-08-18,0.915,0.856,0.856,0.068925,0.068925,0.0,1.0,0,普通大幅波动
sz.159848,2022-06-14,0.798,0.75,0.75,0.064,0.064,0.0,1.0,0,普通大幅波动
sz.159848,2023-07-28,0.82,0.755,0.755,0.086093,0.086093,0.0,1.0,0,普通大幅波动
sz.159848,2024-02-06,0.697,0.657,0.657,0.060883,0.060883,0.0,1.0,0,普通大幅波动
sz.159848,2024-04-26,0.709,0.668,0.668,0.061377,0.061377,0.0,1.0,0,普通大幅波动
sz.159848,2024-09-24,0.701,0.659,0.659,0.063733,0.063733,0.0,1.0,0,普通大幅波动
sz.159848,2024-09-27,0.829,0.754,0.754,0.099469,0.099469,0.0,1.0,0,普通大幅波动
sz.159848,2024-09-30,0.912,0.829,0.829,0.100121,0.100121,0.0,1.0,0,普通大幅波动
sz.159848,2024-10-08,1.003,0.912,0.912,0.099781,0.099781,0.0,1.0,0,普通大幅波动
sz.159848,2024-10-10,0.915,0.987,0.987,-0.072948,-0.072948,0.0,1.0,0,普通大幅波动
sz.159848,2024-10-18,0.925,0.867,0.867,0.066897,0.066897,0.0,1.0,0,普通大幅波动
sz.159848,2024-11-07,1.083,1.0,1.0,0.083,0.083,0.0,1.0,0,普通大幅波动
sz.159849,2022-10-14,0.634,0.584,0.584,0.085616,0.085616,0.0,1.0,0,普通大幅波动
sz.159849,2024-02-06,0.469,0.436,0.436,0.075688,0.075688,0.0,1.0,0,普通大幅波动
sz.159849,2024-09-27,0.46,0.43,0.43,0.069767,0.069767,0.0,1.0,0,普通大幅波动
sz.159849,2024-09-30,0.506,0.46,0.46,0.1,0.1,0.0,1.0,0,普通大幅波动
sz.159849,2024-10-08,0.557,0.506,0.506,0.100791,0.100791,0.0,1.0,0,普通大幅波动
sz.159849,2024-10-09,0.523,0.557,0.557,-0.061041,-0.061041,0.0,1.0,0,普通大幅波动
sz.159850,2022-03-15,0.523,0.564,0.564,-0.072695,-0.072695,0.0,1.0,0,普通大幅波动
sz.159850,2022-03-16,0.575,0.523,0.523,0.099426,0.099426,0.0,1.0,0,普通大幅波动
sz.159850,2022-03-17,0.62,0.575,0.575,0.078261,0.078261,0.0,1.0,0,普通大幅波动
sz.159850,2022-10-24,0.508,0.544,0.544,-0.066176,-0.066176,0.0,1.0,0,普通大幅波动
sz.159850,2024-09-30,0.791,0.719,0.719,0.100139,0.100139,0.0,1.0,0,普通大幅波动
sz.159851,2022-01-17,1.264,1.19,1.19,0.062185,0.062185,0.0,1.0,0,普通大幅波动
sz.159851,2022-02-09,1.261,1.166,1.166,0.081475,0.081475,0.0,1.0,0,普通大幅波动
sz.159851,2022-04-25,0.816,0.889,0.889,-0.082115,-0.082115,0.0,1.0,0,普通大幅波动
sz.159851,2022-04-29,0.857,0.807,0.807,0.061958,0.061958,0.0,1.0,0,普通大幅波动
sz.159851,2023-04-03,1.347,1.257,1.257,0.071599,0.071599,0.0,1.0,0,普通大幅波动
sz.159851,2024-02-05,0.746,0.8,0.8,-0.0675,-0.0675,0.0,1.0,0,普通大幅波动
sz.159851,2024-02-06,0.796,0.746,0.746,0.067024,0.067024,0.0,1.0,0,普通大幅波动
sz.159851,2024-07-31,0.789,0.742,0.742,0.063342,0.063342,0.0,1.0,0,普通大幅波动
sz.159851,2024-09-24,0.838,0.78,0.78,0.074359,0.074359,0.0,1.0,0,普通大幅波动
sz.159851,2024-09-26,0.909,0.857,0.857,0.060677,0.060677,0.0,1.0,0,普通大幅波动
sz.159851,2024-09-27,1.0,0.909,0.909,0.10011,0.10011,0.0,1.0,0,普通大幅波动
sz.159851,2024-09-30,1.1,1.0,1.0,0.1,0.1,0.0,1.0,0,普通大幅波动
sz.159851,2024-10-08,1.21,1.1,1.1,0.1,0.1,0.0,1.0,0,普通大幅波动
sz.159851,2024-10-09,1.331,1.21,1.21,0.1,0.1,0.0,1.0,0,普通大幅波动
sz.159851,2024-10-10,1.219,1.331,1.331,-0.084147,-0.084147,0.0,1.0,0,普通大幅波动
sz.159851,2024-10-14,1.305,1.212,1.212,0.076733,0.076733,0.0,1.0,0,普通大幅波动
sz.159851,2024-10-18,1.4,1.302,1.302,0.075269,0.075269,0.0,1.0,0,普通大幅波动
sz.159851,2024-11-01,1.343,1.449,1.449,-0.073154,-0.073154,0.0,1.0,0,普通大幅波动
sz.159851,2024-11-05,1.537,1.398,1.398,0.099428,0.099428,0.0,1.0,0,普通大幅波动
sz.159851,2024-11-07,1.642,1.52,1.52,0.080263,0.080263,0.0,1.0,0,普通大幅波动
sz.159851,2024-11-29,1.599,1.5,1.5,0.066,0.066,0.0,1.0,0,普通大幅波动
sz.159852,2022-04-25,0.66,0.705,0.705,-0.06383,-0.06383,0.0,1.0,0,普通大幅波动
sz.159852,2022-04-29,0.692,0.64,0.64,0.08125,0.08125,0.0,1.0,0,普通大幅波动
sz.159852,2022-10-26,0.821,0.769,0.769,0.06762,0.06762,0.0,1.0,0,普通大幅波动
sz.159852,2023-03-31,1.15,1.08,1.08,0.064815,0.064815,0.0,1.0,0,普通大幅波动
sz.159852,2023-04-03,1.22,1.15,1.15,0.06087,0.06087,0.0,1.0,0,普通大幅波动
sz.159852,2023-04-10,1.097,1.18,1.18,-0.070339,-0.070339,0.0,1.0,0,普通大幅波动
sz.159852,2023-06-26,1.02,1.087,1.087,-0.061638,-0.061638,0.0,1.0,0,普通大幅波动
sz.159852,2024-02-06,0.561,0.523,0.523,0.072658,0.072658,0.0,1.0,0,普通大幅波动
sz.159852,2024-09-27,0.614,0.558,0.558,0.100358,0.100358,0.0,1.0,0,普通大幅波动
sz.159852,2024-09-30,0.675,0.614,0.614,0.099349,0.099349,0.0,1.0,0,普通大幅波动
sz.159852,2024-10-08,0.743,0.675,0.675,0.100741,0.100741,0.0,1.0,0,普通大幅波动
sz.159852,2024-10-10,0.708,0.775,0.775,-0.086452,-0.086452,0.0,1.0,0,普通大幅波动
sz.159852,2024-10-14,0.734,0.684,0.684,0.073099,0.073099,0.0,1.0,0,普通大幅波动
sz.159852,2024-11-05,0.813,0.75,0.75,0.084,0.084,0.0,1.0,0,普通大幅波动
sz.159855,2022-01-25,0.964,1.029,1.029,-0.063168,-0.063168,0.0,1.0,0,普通大幅波动
sz.159855,2022-04-29,0.763,0.71,0.71,0.074648,0.074648,0.0,1.0,0,普通大幅波动
sz.159855,2023-05-12,1.068,1.137,1.137,-0.060686,-0.060686,0.0,1.0,0,普通大幅波动
sz.159855,2023-06-21,0.999,1.066,1.066,-0.062852,-0.062852,0.0,1.0,0,普通大幅波动
sz.159855,2023-12-22,0.858,0.928,0.928,-0.075431,-0.075431,0.0,1.0,0,普通大幅波动
sz.159855,2024-01-22,0.741,0.789,0.789,-0.060837,-0.060837,0.0,1.0,0,普通大幅波动
sz.159855,2024-02-05,0.653,0.707,0.707,-0.076379,-0.076379,0.0,1.0,0,普通大幅波动
sz.159855,2024-03-25,0.893,0.951,0.951,-0.060988,-0.060988,0.0,1.0,0,普通大幅波动
sz.159855,2024-09-27,0.733,0.687,0.687,0.066958,0.066958,0.0,1.0,0,普通大幅波动
sz.159855,2024-09-30,0.803,0.733,0.733,0.095498,0.095498,0.0,1.0,0,普通大幅波动
sz.159855,2024-10-08,0.853,0.803,0.803,0.062267,0.062267,0.0,1.0,0,普通大幅波动
sz.159855,2024-10-09,0.768,0.853,0.853,-0.099648,-0.099648,0.0,1.0,0,普通大幅波动
sz.159856,2022-03-15,0.467,0.498,0.498,-0.062249,-0.062249,0.0,1.0,0,普通大幅波动
sz.159856,2022-03-16,0.514,0.467,0.467,0.100642,0.100642,0.0,1.0,0,普通大幅波动
sz.159856,2022-04-29,0.517,0.47,0.47,0.1,0.1,0.0,1.0,0,普通大幅波动
sz.159856,2024-02-06,0.41,0.385,0.385,0.064935,0.064935,0.0,1.0,0,普通大幅波动
sz.159856,2024-09-26,0.502,0.472,0.472,0.063559,0.063559,0.0,1.0,0,普通大幅波动
sz.159856,2024-09-27,0.536,0.502,0.502,0.067729,0.067729,0.0,1.0,0,普通大幅波动
sz.159856,2024-09-30,0.59,0.536,0.536,0.100746,0.100746,0.0,1.0,0,普通大幅波动
sz.159856,2024-10-08,0.649,0.59,0.59,0.1,0.1,0.0,1.0,0,普通大幅波动
sz.159857,2021-03-04,0.874,0.93,0.93,-0.060215,-0.060215,0.0,1.0,0,普通大幅波动
sz.159857,2021-07-29,1.302,1.188,1.188,0.09596,0.09596,0.0,1.0,0,普通大幅波动
sz.159857,2021-08-04,1.382,1.282,1.282,0.078003,0.078003,0.0,1.0,0,普通大幅波动
sz.159857,2022-04-25,0.897,0.964,0.964,-0.069502,-0.069502,0.0,1.0,0,普通大幅波动
sz.159857,2022-04-27,0.958,0.882,0.882,0.086168,0.086168,0.0,1.0,0,普通大幅波动
sz.159857,2022-08-31,1.352,1.44,1.44,-0.061111,-0.061111,0.0,1.0,0,普通大幅波动
sz.159857,2022-09-15,1.286,1.377,1.377,-0.066086,-0.066086,0.0,1.0,0,普通大幅波动
sz.159857,2022-12-26,1.117,1.048,1.048,0.06584,0.06584,0.0,1.0,0,普通大幅波动
sz.159857,2023-04-26,1.089,1.019,1.019,0.068695,0.068695,0.0,1.0,0,普通大幅波动
sz.159857,2023-12-28,0.758,0.698,0.698,0.08596,0.08596,0.0,1.0,0,普通大幅波动
sz.159857,2024-01-29,0.669,0.712,0.712,-0.060393,-0.060393,0.0,1.0,0,普通大幅波动
sz.159857,2024-02-06,0.642,0.605,0.605,0.061157,0.061157,0.0,1.0,0,普通大幅波动
sz.159857,2024-05-22,0.698,0.656,0.656,0.064024,0.064024,0.0,1.0,0,普通大幅波动
sz.159857,2024-09-27,0.63,0.578,0.578,0.089965,0.089965,0.0,1.0,0,普通大幅波动
sz.159857,2024-09-30,0.693,0.63,0.63,0.1,0.1,0.0,1.0,0,普通大幅波动
sz.159857,2024-10-08,0.762,0.693,0.693,0.099567,0.099567,0.0,1.0,0,普通大幅波动
sz.159857,2024-10-09,0.686,0.762,0.762,-0.099738,-0.099738,0.0,1.0,0,普通大幅波动
sz.159857,2024-10-25,0.765,0.698,0.698,0.095989,0.095989,0.0,1.0,0,普通大幅波动
sz.159858,2022-10-14,0.705,0.654,0.654,0.077982,0.077982,0.0,1.0,0,普通大幅波动
sz.159858,2024-02-06,0.521,0.476,0.476,0.094538,0.094538,0.0,1.0,0,普通大幅波动
sz.159858,2024-09-27,0.541,0.503,0.503,0.075547,0.075547,0.0,1.0,0,普通大幅波动
sz.159858,2024-09-30,0.595,0.541,0.541,0.099815,0.099815,0.0,1.0,0,普通大幅波动
sz.159858,2024-10-08,0.655,0.595,0.595,0.10084,0.10084,0.0,1.0,0,普通大幅波动
sz.159858,2024-10-09,0.606,0.655,0.655,-0.074809,-0.074809,0.0,1.0,0,普通大幅波动
sz.159859,2022-10-14,0.584,0.537,0.537,0.087523,0.087523,0.0,1.0,0,普通大幅波动
sz.159859,2022-10-26,0.587,0.548,0.548,0.071168,0.071168,0.0,1.0,0,普通大幅波动
sz.159859,2024-02-06,0.385,0.35,0.35,0.1,0.1,0.0,1.0,0,普通大幅波动
sz.159859,2024-09-27,0.366,0.335,0.335,0.092537,0.092537,0.0,1.0,0,普通大幅波动
sz.159859,2024-09-30,0.403,0.366,0.366,0.101093,0.101093,0.0,1.0,0,普通大幅波动
sz.159859,2024-10-08,0.443,0.403,0.403,0.099256,0.099256,0.0,1.0,0,普通大幅波动
sz.159859,2024-10-09,0.416,0.443,0.443,-0.060948,-0.060948,0.0,1.0,0,普通大幅波动
sz.159859,2024-10-11,0.383,0.41,0.41,-0.065854,-0.065854,0.0,1.0,0,普通大幅波动
sz.159861,2021-07-07,1.329,1.252,1.252,0.061502,0.061502,0.0,1.0,0,普通大幅波动
sz.159861,2021-07-29,1.467,1.37,1.37,0.070803,0.070803,0.0,1.0,0,普通大幅波动
sz.159861,2021-08-04,1.534,1.429,1.429,0.073478,0.073478,0.0,1.0,0,普通大幅波动
sz.159861,2022-04-27,1.132,1.058,1.058,0.069943,0.069943,0.0,1.0,0,普通大幅波动
sz.159861,2024-09-27,0.811,0.761,0.761,0.065703,0.065703,0.0,1.0,0,普通大幅波动
sz.159861,2024-09-30,0.892,0.811,0.811,0.099877,0.099877,0.0,1.0,0,普通大幅波动
sz.159861,2024-10-08,0.98,0.892,0.892,0.098655,0.098655,0.0,1.0,0,普通大幅波动
sz.159861,2024-10-09,0.893,0.98,0.98,-0.088776,-0.088776,0.0,1.0,0,普通大幅波动
sz.159862,2022-11-01,0.736,0.692,0.692,0.063584,0.063584,0.0,1.0,0,普通大幅波动
sz.159862,2024-09-27,0.66,0.6,0.6,0.1,0.1,0.0,1.0,1,停牌复牌型
sz.159862,2024-09-30,0.726,0.66,0.66,0.1,0.1,0.0,1.0,0,普通大幅波动
sz.159862,2024-10-08,0.782,0.726,0.726,0.077135,0.077135,0.0,1.0,0,普通大幅波动
sz.159862,2024-10-09,0.734,0.782,0.782,-0.061381,-0.061381,0.0,1.0,0,普通大幅波动
sz.159862,2024-11-07,0.776,0.717,0.717,0.082287,0.082287,0.0,1.0,0,普通大幅波动
sz.159863,2021-07-29,1.489,1.363,1.363,0.092443,0.092443,0.0,1.0,0,普通大幅波动
sz.159863,2021-08-04,1.577,1.477,1.477,0.067705,0.067705,0.0,1.0,0,普通大幅波动
sz.159863,2021-11-08,1.145,1.137,1.705,-0.328446,0.007036,-0.333138,1.4996,0,拆分合并型
sz.159863,2022-04-25,0.698,0.751,0.751,-0.070573,-0.070573,0.0,1.0,0,普通大幅波动
sz.159863,2022-04-27,0.744,0.687,0.687,0.082969,0.082969,0.0,1.0,0,普通大幅波动
sz.159863,2022-05-19,0.909,0.857,0.857,0.060677,0.060677,0.0,1.0,0,普通大幅波动
sz.159863,2022-08-31,1.048,1.119,1.119,-0.06345,-0.06345,0.0,1.0,0,普通大幅波动
sz.159863,2022-09-15,1.0,1.069,1.069,-0.064546,-0.064546,0.0,1.0,0,普通大幅波动
sz.159863,2022-12-26,0.873,0.823,0.823,0.060753,0.060753,0.0,1.0,0,普通大幅波动
sz.159863,2023-04-26,0.853,0.802,0.802,0.063591,0.063591,0.0,1.0,0,普通大幅波动
sz.159863,2023-12-28,0.595,0.552,0.552,0.077899,0.077899,0.0,1.0,0,普通大幅波动
sz.159863,2024-05-22,0.549,0.517,0.517,0.061896,0.061896,0.0,1.0,0,普通大幅波动
sz.159863,2024-09-27,0.495,0.454,0.454,0.090308,0.090308,0.0,1.0,0,普通大幅波动
sz.159863,2024-09-30,0.545,0.495,0.495,0.10101,0.10101,0.0,1.0,0,普通大幅波动
sz.159863,2024-10-08,0.6,0.545,0.545,0.100917,0.100917,0.0,1.0,0,普通大幅波动
sz.159863,2024-10-09,0.547,0.6,0.6,-0.088333,-0.088333,0.0,1.0,0,普通大幅波动
sz.159863,2024-10-25,0.599,0.551,0.551,0.087114,0.087114,0.0,1.0,0,普通大幅波动
sz.159864,2022-04-25,0.667,0.713,0.713,-0.064516,-0.064516,0.0,1.0,0,普通大幅波动
sz.159864,2022-04-27,0.707,0.657,0.657,0.076104,0.076104,0.0,1.0,0,普通大幅波动
sz.159864,2022-08-31,1.002,1.067,1.067,-0.060918,-0.060918,0.0,1.0,0,普通大幅波动
sz.159864,2022-09-15,0.95,1.017,1.017,-0.06588,-0.06588,0.0,1.0,0,普通大幅波动
sz.159864,2022-12-26,0.827,0.779,0.779,0.061617,0.061617,0.0,1.0,0,普通大幅波动
sz.159864,2023-04-26,0.81,0.76,0.76,0.065789,0.065789,0.0,1.0,0,普通大幅波动
sz.159864,2023-12-28,0.574,0.526,0.526,0.091255,0.091255,0.0,1.0,0,普通大幅波动
sz.159864,2024-05-22,0.526,0.496,0.496,0.060484,0.060484,0.0,1.0,0,普通大幅波动
sz.159864,2024-09-27,0.471,0.435,0.435,0.082759,0.082759,0.0,1.0,0,普通大幅波动
sz.159864,2024-09-30,0.518,0.471,0.471,0.099788,0.099788,0.0,1.0,0,普通大幅波动
sz.159864,2024-10-08,0.57,0.518,0.518,0.100386,0.100386,0.0,1.0,0,普通大幅波动
sz.159864,2024-10-09,0.521,0.57,0.57,-0.085965,-0.085965,0.0,1.0,0,普通大幅波动
sz.159864,2024-10-25,0.577,0.526,0.526,0.096958,0.096958,0.0,1.0,0,普通大幅波动
sz.159865,2022-07-04,0.905,0.836,0.836,0.082536,0.082536,0.0,1.0,0,普通大幅波动
sz.159865,2024-09-30,0.616,0.563,0.563,0.094139,0.094139,0.0,1.0,0,普通大幅波动
sz.159865,2024-10-09,0.568,0.62,0.62,-0.083871,-0.083871,0.0,1.0,0,普通大幅波动
sz.159866,2024-01-22,1.124,1.044,1.044,0.076628,0.076628,0.0,1.0,0,普通大幅波动
sz.159866,2024-01-25,1.027,1.111,1.111,-0.075608,-0.075608,0.0,1.0,0,普通大幅波动
sz.159866,2024-01-30,1.127,1.059,1.059,0.064212,0.064212,0.0,1.0,0,普通大幅波动
sz.159866,2024-08-05,0.93,1.028,1.028,-0.095331,-0.095331,0.0,1.0,0,普通大幅波动
sz.159867,2022-07-04,0.9,0.827,0.827,0.088271,0.088271,0.0,1.0,0,普通大幅波动
sz.159867,2024-09-30,0.623,0.571,0.571,0.091068,0.091068,0.0,1.0,0,普通大幅波动
sz.159867,2024-10-09,0.577,0.628,0.628,-0.08121,-0.08121,0.0,1.0,0,普通大幅波动
sz.159869,2021-09-01,0.863,0.811,0.811,0.064118,0.064118,0.0,1.0,0,普通大幅波动
sz.159869,2021-09-08,0.98,0.909,0.909,0.078108,0.078108,0.0,1.0,0,普通大幅波动
sz.159869,2022-03-15,0.788,0.84,0.84,-0.061905,-0.061905,0.0,1.0,0,普通大幅波动
sz.159869,2022-03-17,0.869,0.817,0.817,0.063647,0.063647,0.0,1.0,0,普通大幅波动
sz.159869,2022-04-25,0.701,0.766,0.766,-0.084856,-0.084856,0.0,1.0,0,普通大幅波动
sz.159869,2022-04-29,0.758,0.711,0.711,0.066104,0.066104,0.0,1.0,0,普通大幅波动
sz.159869,2023-03-24,1.167,1.095,1.095,0.065753,0.065753,0.0,1.0,0,普通大幅波动
sz.159869,2023-03-31,1.214,1.129,1.129,0.075288,0.075288,0.0,1.0,0,普通大幅波动
sz.159869,2023-04-03,1.312,1.214,1.214,0.080725,0.080725,0.0,1.0,0,普通大幅波动
sz.159869,2023-04-10,1.264,1.364,1.364,-0.073314,-0.073314,0.0,1.0,0,普通大幅波动
sz.159869,2023-04-12,1.425,1.324,1.324,0.076284,0.076284,0.0,1.0,0,普通大幅波动
sz.159869,2023-04-27,1.387,1.489,1.489,-0.068502,-0.068502,0.0,1.0,0,普通大幅波动
sz.159869,2023-04-28,1.526,1.387,1.387,0.100216,0.100216,0.0,1.0,0,普通大幅波动
sz.159869,2023-05-04,1.637,1.526,1.526,0.072739,0.072739,0.0,1.0,0,普通大幅波动
sz.159869,2023-05-30,1.47,1.385,1.385,0.061372,0.061372,0.0,1.0,0,普通大幅波动
sz.159869,2023-06-09,1.554,1.46,1.46,0.064384,0.064384,0.0,1.0,0,普通大幅波动
sz.159869,2023-06-21,1.529,1.685,1.685,-0.092582,-0.092582,0.0,1.0,0,普通大幅波动
sz.159869,2023-07-03,1.356,1.469,1.469,-0.076923,-0.076923,0.0,1.0,0,普通大幅波动
sz.159869,2023-09-22,1.078,1.012,1.012,0.065217,0.065217,0.0,1.0,0,普通大幅波动
sz.159869,2023-11-06,1.106,1.037,1.037,0.066538,0.066538,0.0,1.0,0,普通大幅波动
sz.159869,2023-12-01,1.125,1.04,1.04,0.081731,0.081731,0.0,1.0,0,普通大幅波动
sz.159869,2023-12-22,1.033,1.148,1.148,-0.100174,-0.100174,0.0,1.0,0,普通大幅波动
sz.159869,2024-01-22,0.902,0.973,0.973,-0.07297,-0.07297,0.0,1.0,0,普通大幅波动
sz.159869,2024-02-05,0.784,0.851,0.851,-0.078731,-0.078731,0.0,1.0,0,普通大幅波动
sz.159869,2024-02-06,0.843,0.784,0.784,0.075255,0.075255,0.0,1.0,0,普通大幅波动
sz.159869,2024-02-19,0.95,0.881,0.881,0.07832,0.07832,0.0,1.0,0,普通大幅波动
sz.159869,2024-06-26,0.803,0.755,0.755,0.063576,0.063576,0.0,1.0,0,普通大幅波动
sz.159869,2024-09-27,0.887,0.83,0.83,0.068675,0.068675,0.0,1.0,0,普通大幅波动
sz.159869,2024-09-30,0.976,0.887,0.887,0.100338,0.100338,0.0,1.0,0,普通大幅波动
sz.159869,2024-10-08,1.074,0.976,0.976,0.10041,0.10041,0.0,1.0,0,普通大幅波动
sz.159869,2024-10-09,0.968,1.074,1.074,-0.098696,-0.098696,0.0,1.0,0,普通大幅波动
sz.159869,2024-11-18,1.009,1.075,1.075,-0.061395,-0.061395,0.0,1.0,0,普通大幅波动
sz.159870,2022-04-25,0.72,0.774,0.774,-0.069767,-0.069767,0.0,1.0,0,普通大幅波动
sz.159870,2024-02-06,0.528,0.495,0.495,0.066667,0.066667,0.0,1.0,0,普通大幅波动
sz.159870,2024-09-27,0.582,0.544,0.544,0.069853,0.069853,0.0,1.0,0,普通大幅波动
sz.159870,2024-09-30,0.639,0.582,0.582,0.097938,0.097938,0.0,1.0,0,普通大幅波动
sz.159870,2024-10-09,0.594,0.656,0.656,-0.094512,-0.094512,0.0,1.0,0,普通大幅波动
sz.159871,2021-08-03,1.296,1.38,1.38,-0.06087,-0.06087,0.0,1.0,0,普通大幅波动
sz.159871,2021-09-01,1.51,1.612,1.612,-0.063275,-0.063275,0.0,1.0,0,普通大幅波动
sz.159871,2021-09-27,1.37,1.459,1.459,-0.061001,-0.061001,0.0,1.0,0,普通大幅波动
sz.159871,2022-04-25,0.989,1.077,1.077,-0.081708,-0.081708,0.0,1.0,0,普通大幅波动
sz.159871,2022-04-27,1.033,0.958,0.958,0.078288,0.078288,0.0,1.0,0,普通大幅波动
sz.159871,2024-09-27,1.07,1.008,1.008,0.061508,0.061508,0.0,1.0,0,普通大幅波动
sz.159871,2024-09-30,1.176,1.07,1.07,0.099065,0.099065,0.0,1.0,0,普通大幅波动
sz.159871,2024-10-09,1.072,1.191,1.191,-0.099916,-0.099916,0.0,1.0,0,普通大幅波动
sz.159872,2022-04-25,0.72,0.784,0.784,-0.081633,-0.081633,0.0,1.0,0,普通大幅波动
sz.159872,2024-09-27,0.763,0.719,0.719,0.061196,0.061196,0.0,1.0,0,普通大幅波动
sz.159872,2024-09-30,0.839,0.763,0.763,0.099607,0.099607,0.0,1.0,0,普通大幅波动
sz.159872,2024-10-08,0.923,0.839,0.839,0.100119,0.100119,0.0,1.0,0,普通大幅波动
sz.159872,2024-10-10,0.872,0.928,0.928,-0.060345,-0.060345,0.0,1.0,0,普通大幅波动
sz.159872,2024-10-11,0.815,0.872,0.872,-0.065367,-0.065367,0.0,1.0,0,普通大幅波动
sz.159873,2021-07-26,1.089,1.162,1.162,-0.062823,-0.062823,0.0,1.0,0,普通大幅波动
sz.159873,2021-08-20,0.976,1.046,1.046,-0.066922,-0.066922,0.0,1.0,0,普通大幅波动
sz.159873,2022-09-27,0.713,0.671,0.671,0.062593,0.062593,0.0,1.0,0,普通大幅波动
sz.159873,2022-10-14,0.793,0.721,0.721,0.099861,0.099861,0.0,1.0,0,普通大幅波动
sz.159873,2024-02-06,0.577,0.536,0.536,0.076493,0.076493,0.0,1.0,0,普通大幅波动
sz.159873,2024-09-27,0.557,0.518,0.518,0.07529,0.07529,0.0,1.0,0,普通大幅波动
sz.159873,2024-09-30,0.613,0.557,0.557,0.100539,0.100539,0.0,1.0,0,普通大幅波动
sz.159873,2024-10-08,0.674,0.613,0.613,0.099511,0.099511,0.0,1.0,0,普通大幅波动
sz.159873,2024-10-09,0.622,0.674,0.674,-0.077151,-0.077151,0.0,1.0,0,普通大幅波动
sz.159875,2022-04-25,0.65,0.7,0.7,-0.071429,-0.071429,0.0,1.0,0,普通大幅波动
sz.159875,2022-04-27,0.692,0.638,0.638,0.084639,0.084639,0.0,1.0,0,普通大幅波动
sz.159875,2023-12-28,0.5,0.469,0.469,0.066098,0.066098,0.0,1.0,0,普通大幅波动
sz.159875,2024-02-06,0.429,0.403,0.403,0.064516,0.064516,0.0,1.0,0,普通大幅波动
sz.159875,2024-03-11,0.502,0.473,0.473,0.061311,0.061311,0.0,1.0,0,普通大幅波动
sz.159875,2024-09-27,0.452,0.414,0.414,0.091787,0.091787,0.0,1.0,0,普通大幅波动
sz.159875,2024-09-30,0.497,0.452,0.452,0.099558,0.099558,0.0,1.0,0,普通大幅波动
sz.159875,2024-10-08,0.547,0.497,0.497,0.100604,0.100604,0.0,1.0,0,普通大幅波动
sz.159875,2024-10-09,0.498,0.547,0.547,-0.08958,-0.08958,0.0,1.0,0,普通大幅波动
sz.159875,2024-10-25,0.523,0.492,0.492,0.063008,0.063008,0.0,1.0,0,普通大幅波动
sz.159876,2021-07-09,1.282,1.205,1.205,0.0639,0.0639,0.0,1.0,0,普通大幅波动
sz.159876,2021-09-01,1.545,1.66,1.66,-0.069277,-0.069277,0.0,1.0,0,普通大幅波动
sz.159876,2021-09-27,1.408,1.499,1.499,-0.060707,-0.060707,0.0,1.0,0,普通大幅波动
sz.159876,2022-04-25,1.02,1.11,1.11,-0.081081,-0.081081,0.0,1.0,0,普通大幅波动
sz.159876,2022-04-27,1.06,0.982,0.982,0.07943,0.07943,0.0,1.0,0,普通大幅波动
sz.159876,2024-09-30,1.201,1.092,1.092,0.099817,0.099817,0.0,1.0,0,普通大幅波动
sz.159876,2024-10-09,1.133,1.259,1.259,-0.100079,-0.100079,0.0,1.0,0,普通大幅波动
sz.159877,2022-03-15,0.796,0.848,0.848,-0.061321,-0.061321,0.0,1.0,0,普通大幅波动
sz.159877,2022-09-27,0.754,0.71,0.71,0.061972,0.061972,0.0,1.0,0,普通大幅波动
sz.159877,2022-10-14,0.833,0.765,0.765,0.088889,0.088889,0.0,1.0,0,普通大幅波动
sz.159877,2024-02-06,0.587,0.55,0.55,0.067273,0.067273,0.0,1.0,0,普通大幅波动
sz.159877,2024-09-27,0.562,0.522,0.522,0.076628,0.076628,0.0,1.0,0,普通大幅波动
sz.159877,2024-09-30,0.618,0.562,0.562,0.099644,0.099644,0.0,1.0,0,普通大幅波动
sz.159877,2024-10-08,0.68,0.618,0.618,0.100324,0.100324,0.0,1.0,0,普通大幅波动
sz.159877,2024-10-09,0.628,0.68,0.68,-0.076471,-0.076471,0.0,1.0,0,普通大幅波动
sz.159880,2021-05-10,1.2,1.109,1.109,0.082056,0.082056,0.0,1.0,0,普通大幅波动
sz.159880,2021-05-11,1.117,1.2,1.2,-0.069167,-0.069167,0.0,1.0,0,普通大幅波动
sz.159880,2021-07-09,1.242,1.171,1.171,0.060632,0.060632,0.0,1.0,0,普通大幅波动
sz.159880,2021-09-01,1.477,1.583,1.583,-0.066961,-0.066961,0.0,1.0,0,普通大幅波动
sz.159880,2022-04-25,1.007,1.089,1.089,-0.075298,-0.075298,0.0,1.0,0,普通大幅波动
sz.159880,2022-04-27,1.041,0.97,0.97,0.073196,0.073196,0.0,1.0,0,普通大幅波动
sz.159880,2024-09-30,1.153,1.054,1.054,0.093928,0.093928,0.0,1.0,0,普通大幅波动
sz.159880,2024-10-09,1.071,1.19,1.19,-0.1,-0.1,0.0,1.0,0,普通大幅波动
sz.159881,2021-07-09,1.156,1.09,1.09,0.06055,0.06055,0.0,1.0,0,普通大幅波动
sz.159881,2021-09-01,1.381,1.485,1.485,-0.070034,-0.070034,0.0,1.0,0,普通大幅波动
sz.159881,2022-04-25,0.932,1.006,1.006,-0.073559,-0.073559,0.0,1.0,0,普通大幅波动
sz.159881,2022-04-27,0.961,0.896,0.896,0.072545,0.072545,0.0,1.0,0,普通大幅波动
sz.159881,2022-09-27,1.175,1.068,1.068,0.100187,0.100187,0.0,1.0,0,普通大幅波动
sz.159881,2022-09-28,1.058,1.175,1.175,-0.099574,-0.099574,0.0,1.0,0,普通大幅波动
sz.159881,2024-02-06,0.814,0.765,0.765,0.064052,0.064052,0.0,1.0,0,普通大幅波动
sz.159881,2024-09-30,1.096,1.005,1.005,0.090547,0.090547,0.0,1.0,0,普通大幅波动
sz.159881,2024-10-09,1.018,1.117,1.117,-0.08863,-0.08863,0.0,1.0,0,普通大幅波动
sz.159883,2021-08-20,0.832,0.897,0.897,-0.072464,-0.072464,0.0,1.0,0,普通大幅波动
sz.159883,2022-10-14,0.689,0.626,0.626,0.100639,0.100639,0.0,1.0,0,普通大幅波动
sz.159883,2024-02-06,0.499,0.466,0.466,0.070815,0.070815,0.0,1.0,0,普通大幅波动
sz.159883,2024-09-27,0.479,0.447,0.447,0.071588,0.071588,0.0,1.0,0,普通大幅波动
sz.159883,2024-09-30,0.527,0.479,0.479,0.100209,0.100209,0.0,1.0,0,普通大幅波动
sz.159883,2024-10-08,0.58,0.527,0.527,0.100569,0.100569,0.0,1.0,0,普通大幅波动
sz.159883,2024-10-09,0.531,0.58,0.58,-0.084483,-0.084483,0.0,1.0,0,普通大幅波动
sz.159885,2021-08-04,1.542,1.45,1.45,0.063448,0.063448,0.0,1.0,0,普通大幅波动
sz.159885,2021-11-01,1.138,1.143,1.715,-0.336443,-0.004374,-0.333528,1.5004,0,拆分合并型
sz.159885,2022-04-25,0.72,0.77,0.77,-0.064935,-0.064935,0.0,1.0,0,普通大幅波动
sz.159885,2024-09-27,0.584,0.55,0.55,0.061818,0.061818,0.0,1.0,0,普通大幅波动
sz.159885,2024-09-30,0.642,0.584,0.584,0.099315,0.099315,0.0,1.0,0,普通大幅波动
sz.159885,2024-10-08,0.706,0.642,0.642,0.099688,0.099688,0.0,1.0,0,普通大幅波动
sz.159885,2024-10-09,0.636,0.706,0.706,-0.09915,-0.09915,0.0,1.0,0,普通大幅波动
sz.159886,2022-04-25,0.877,0.937,0.937,-0.064034,-0.064034,0.0,1.0,0,普通大幅波动
sz.159886,2022-04-27,0.924,0.858,0.858,0.076923,0.076923,0.0,1.0,0,普通大幅波动
sz.159886,2024-09-30,0.812,0.738,0.738,0.100271,0.100271,0.0,1.0,0,普通大幅波动
sz.159886,2024-10-08,0.893,0.812,0.812,0.099754,0.099754,0.0,1.0,0,普通大幅波动
sz.159886,2024-10-09,0.818,0.893,0.893,-0.083987,-0.083987,0.0,1.0,0,普通大幅波动
sz.159888,2022-04-25,0.771,0.84,0.84,-0.082143,-0.082143,0.0,1.0,0,普通大幅波动
sz.159888,2024-02-06,0.729,0.683,0.683,0.06735,0.06735,0.0,1.0,0,普通大幅波动
sz.159888,2024-09-27,0.898,0.847,0.847,0.060213,0.060213,0.0,1.0,0,普通大幅波动
sz.159888,2024-09-30,0.988,0.898,0.898,0.100223,0.100223,0.0,1.0,0,普通大幅波动
sz.159888,2024-10-08,1.087,0.988,0.988,0.100202,0.100202,0.0,1.0,0,普通大幅波动
sz.159889,2022-04-25,0.681,0.738,0.738,-0.077236,-0.077236,0.0,1.0,0,普通大幅波动
sz.159889,2022-04-27,0.707,0.659,0.659,0.072838,0.072838,0.0,1.0,0,普通大幅波动
sz.159889,2024-02-06,0.635,0.597,0.597,0.063652,0.063652,0.0,1.0,0,普通大幅波动
sz.159889,2024-09-27,0.778,0.732,0.732,0.062842,0.062842,0.0,1.0,0,普通大幅波动
sz.159889,2024-09-30,0.856,0.778,0.778,0.100257,0.100257,0.0,1.0,0,普通大幅波动
sz.159889,2024-10-08,0.942,0.856,0.856,0.100467,0.100467,0.0,1.0,0,普通大幅波动
sz.159889,2024-10-18,0.88,0.829,0.829,0.06152,0.06152,0.0,1.0,0,普通大幅波动
sz.159890,2022-04-25,0.665,0.711,0.711,-0.064698,-0.064698,0.0,1.0,0,普通大幅波动
sz.159890,2022-04-29,0.697,0.655,0.655,0.064122,0.064122,0.0,1.0,0,普通大幅波动
sz.159890,2023-04-03,1.295,1.218,1.218,0.063218,0.063218,0.0,1.0,0,普通大幅波动
sz.159890,2023-04-10,1.205,1.288,1.288,-0.064441,-0.064441,0.0,1.0,0,普通大幅波动
sz.159890,2023-06-26,1.262,1.353,1.353,-0.067258,-0.067258,0.0,1.0,0,普通大幅波动
sz.159890,2024-02-06,0.738,0.688,0.688,0.072674,0.072674,0.0,1.0,0,普通大幅波动
sz.159890,2024-02-19,0.84,0.792,0.792,0.060606,0.060606,0.0,1.0,0,普通大幅波动
sz.159890,2024-02-27,0.935,0.863,0.863,0.08343,0.08343,0.0,1.0,0,普通大幅波动
sz.159890,2024-09-27,0.89,0.819,0.819,0.086691,0.086691,0.0,1.0,0,普通大幅波动
sz.159890,2024-09-30,0.979,0.89,0.89,0.1,0.1,0.0,1.0,0,普通大幅波动
sz.159890,2024-10-08,1.077,0.979,0.979,0.100102,0.100102,0.0,1.0,0,普通大幅波动
sz.159890,2024-10-14,1.053,0.989,0.989,0.064712,0.064712,0.0,1.0,0,普通大幅波动
sz.159890,2024-11-11,1.287,1.21,1.21,0.063636,0.063636,0.0,1.0,0,普通大幅波动
sz.159891,2022-10-14,0.636,0.578,0.578,0.100346,0.100346,0.0,1.0,0,普通大幅波动
sz.159891,2024-09-27,0.426,0.393,0.393,0.083969,0.083969,0.0,1.0,0,普通大幅波动
sz.159891,2024-09-30,0.469,0.426,0.426,0.100939,0.100939,0.0,1.0,0,普通大幅波动
sz.159891,2024-10-08,0.516,0.469,0.469,0.100213,0.100213,0.0,1.0,0,普通大幅波动
sz.159891,2024-10-09,0.481,0.516,0.516,-0.067829,-0.067829,0.0,1.0,0,普通大幅波动
sz.159892,2022-03-14,0.535,0.574,0.574,-0.067944,-0.067944,0.0,1.0,0,普通大幅波动
sz.159892,2022-03-15,0.484,0.535,0.535,-0.095327,-0.095327,0.0,1.0,0,普通大幅波动
sz.159892,2022-03-16,0.532,0.484,0.484,0.099174,0.099174,0.0,1.0,0,普通大幅波动
sz.159892,2022-03-17,0.585,0.532,0.532,0.099624,0.099624,0.0,1.0,0,普通大幅波动
sz.159892,2022-03-23,0.635,0.597,0.597,0.063652,0.063652,0.0,1.0,0,普通大幅波动
sz.159892,2022-03-25,0.609,0.658,0.658,-0.074468,-0.074468,0.0,1.0,0,普通大幅波动
sz.159892,2022-10-14,0.548,0.516,0.516,0.062016,0.062016,0.0,1.0,0,普通大幅波动
sz.159892,2022-10-24,0.539,0.578,0.578,-0.067474,-0.067474,0.0,1.0,0,普通大幅波动
sz.159892,2022-11-01,0.576,0.543,0.543,0.060773,0.060773,0.0,1.0,0,普通大幅波动
sz.159892,2023-12-04,0.558,0.596,0.596,-0.063758,-0.063758,0.0,1.0,0,普通大幅波动
sz.159892,2024-01-26,0.446,0.476,0.476,-0.063025,-0.063025,0.0,1.0,0,普通大幅波动
sz.159892,2024-02-06,0.435,0.407,0.407,0.068796,0.068796,0.0,1.0,0,普通大幅波动
sz.159892,2024-09-27,0.5,0.465,0.465,0.075269,0.075269,0.0,1.0,0,普通大幅波动
sz.159892,2024-09-30,0.548,0.5,0.5,0.096,0.096,0.0,1.0,0,普通大幅波动
sz.159892,2024-10-09,0.523,0.563,0.563,-0.071048,-0.071048,0.0,1.0,0,普通大幅波动
sz.159895,2022-04-25,0.699,0.745,0.745,-0.061745,-0.061745,0.0,1.0,0,普通大幅波动
sz.159895,2022-04-27,0.722,0.679,0.679,0.063328,0.063328,0.0,1.0,0,普通大幅波动
sz.159895,2024-09-27,0.751,0.707,0.707,0.062235,0.062235,0.0,1.0,0,普通大幅波动
sz.159895,2024-09-30,0.826,0.751,0.751,0.099867,0.099867,0.0,1.0,0,普通大幅波动
sz.159895,2024-10-08,0.908,0.826,0.826,0.099274,0.099274,0.0,1.0,0,普通大幅波动
sz.159895,2024-10-18,0.883,0.808,0.808,0.092822,0.092822,0.0,1.0,0,普通大幅波动
sz.159896,2022-04-27,0.665,0.624,0.624,0.065705,0.065705,0.0,1.0,0,普通大幅波动
sz.159896,2024-09-27,0.699,0.659,0.659,0.060698,0.060698,0.0,1.0,0,普通大幅波动
sz.159896,2024-09-30,0.769,0.699,0.699,0.100143,0.100143,0.0,1.0,0,普通大幅波动
sz.159896,2024-10-08,0.846,0.769,0.769,0.10013,0.10013,0.0,1.0,0,普通大幅波动
sz.159896,2024-10-18,0.805,0.754,0.754,0.067639,0.067639,0.0,1.0,0,普通大幅波动
sz.159897,2022-03-16,0.886,0.829,0.829,0.068758,0.068758,0.0,1.0,0,普通大幅波动
sz.159897,2022-04-25,0.706,0.752,0.752,-0.06117,-0.06117,0.0,1.0,0,普通大幅波动
sz.159897,2022-04-27,0.727,0.682,0.682,0.065982,0.065982,0.0,1.0,0,普通大幅波动
sz.159898,2021-08-20,0.815,0.871,0.871,-0.064294,-0.064294,0.0,1.0,0,普通大幅波动
sz.159898,2022-10-14,0.69,0.627,0.627,0.100478,0.100478,0.0,1.0,0,普通大幅波动
sz.159898,2024-02-06,0.519,0.488,0.488,0.063525,0.063525,0.0,1.0,0,普通大幅波动
sz.159898,2024-09-27,0.517,0.472,0.472,0.095339,0.095339,0.0,1.0,0,普通大幅波动
sz.159898,2024-09-30,0.569,0.517,0.517,0.10058,0.10058,0.0,1.0,0,普通大幅波动
sz.159898,2024-10-08,0.626,0.569,0.569,0.100176,0.100176,0.0,1.0,0,普通大幅波动
sz.159898,2024-10-09,0.566,0.626,0.626,-0.095847,-0.095847,0.0,1.0,0,普通大幅波动
sz.159899,2022-04-25,0.598,0.65,0.65,-0.08,-0.08,0.0,1.0,0,普通大幅波动
sz.159899,2022-04-29,0.632,0.59,0.59,0.071186,0.071186,0.0,1.0,0,普通大幅波动
sz.159899,2023-04-03,1.122,1.055,1.055,0.063507,0.063507,0.0,1.0,0,普通大幅波动
sz.159899,2023-04-10,1.032,1.107,1.107,-0.067751,-0.067751,0.0,1.0,0,普通大幅波动
sz.159899,2024-02-06,0.546,0.512,0.512,0.066406,0.066406,0.0,1.0,0,普通大幅波动
sz.159899,2024-09-27,0.612,0.556,0.556,0.100719,0.100719,0.0,1.0,0,普通大幅波动
sz.159899,2024-09-30,0.673,0.612,0.612,0.099673,0.099673,0.0,1.0,0,普通大幅波动
sz.159899,2024-10-08,0.74,0.673,0.673,0.099554,0.099554,0.0,1.0,0,普通大幅波动
sz.159899,2024-10-09,0.788,0.74,0.74,0.064865,0.064865,0.0,1.0,0,普通大幅波动
sz.159899,2024-10-10,0.711,0.788,0.788,-0.097716,-0.097716,0.0,1.0,0,普通大幅波动
sz.159899,2024-10-14,0.731,0.68,0.68,0.075,0.075,0.0,1.0,0,普通大幅波动
sz.159899,2024-11-05,0.808,0.743,0.743,0.087483,0.087483,0.0,1.0,0,普通大幅波动
sz.159901,2015-01-19,3.68,3.929,3.929,-0.063375,-0.063375,0.0,1.0,0,普通大幅波动
sz.159901,2015-05-28,5.68,6.07,6.07,-0.06425,-0.06425,0.0,1.0,0,普通大幅波动
sz.159901,2015-06-19,5.48,5.84,5.84,-0.061644,-0.061644,0.0,1.0,0,普通大幅波动
sz.159901,2015-06-26,5.056,5.618,5.618,-0.100036,-0.100036,0.0,1.0,0,普通大幅波动
sz.159901,2015-06-30,5.297,4.815,4.815,0.100104,0.100104,0.0,1.0,0,普通大幅波动
sz.159901,2015-07-07,4.202,4.619,4.619,-0.090279,-0.090279,0.0,1.0,0,普通大幅波动
sz.159901,2015-07-08,3.782,4.202,4.202,-0.099952,-0.099952,0.0,1.0,0,普通大幅波动
sz.159901,2015-07-09,4.16,3.782,3.782,0.099947,0.099947,0.0,1.0,0,普通大幅波动
sz.159901,2015-07-10,4.576,4.16,4.16,0.1,0.1,0.0,1.0,0,普通大幅波动
sz.159901,2015-07-13,5.034,4.576,4.576,0.100087,0.100087,0.0,1.0,0,普通大幅波动
sz.159901,2015-07-15,4.514,4.814,4.814,-0.062318,-0.062318,0.0,1.0,0,普通大幅波动
sz.159901,2015-07-27,4.454,4.92,4.92,-0.094715,-0.094715,0.0,1.0,0,普通大幅波动
sz.159901,2015-08-18,4.59,4.883,4.883,-0.060004,-0.060004,0.0,1.0,0,普通大幅波动
sz.159901,2015-08-24,3.879,4.31,4.31,-0.1,-0.1,0.0,1.0,0,普通大幅波动
sz.159901,2015-08-25,3.491,3.879,3.879,-0.100026,-0.100026,0.0,1.0,0,普通大幅波动
sz.159901,2015-09-14,3.55,3.828,3.828,-0.072623,-0.072623,0.0,1.0,0,普通大幅波动
sz.159901,2015-09-16,3.664,3.34,3.34,0.097006,0.097006,0.0,1.0,0,普通大幅波动
sz.159901,2015-11-04,4.336,4.039,4.039,0.073533,0.073533,0.0,1.0,0,普通大幅波动
sz.159901,2015-11-27,4.22,4.517,4.517,-0.065752,-0.065752,0.0,1.0,0,普通大幅波动
sz.159901,2016-01-04,4.286,4.652,4.652,-0.078676,-0.078676,0.0,1.0,0,普通大幅波动
sz.159901,2016-01-07,4.028,4.355,4.355,-0.075086,-0.075086,0.0,1.0,0,普通大幅波动
sz.159901,2016-01-26,3.602,3.833,3.833,-0.060266,-0.060266,0.0,1.0,0,普通大幅波动
sz.159901,2016-02-25,3.58,3.821,3.821,-0.063072,-0.063072,0.0,1.0,0,普通大幅波动
sz.159901,2018-10-11,3.443,3.664,3.664,-0.060317,-0.060317,0.0,1.0,0,普通大幅波动
sz.159901,2019-02-25,4.35,4.09,4.09,0.06357,0.06357,0.0,1.0,0,普通大幅波动
sz.159901,2019-05-06,4.249,4.58,4.58,-0.072271,-0.072271,0.0,1.0,0,普通大幅波动
sz.159901,2020-02-03,4.701,5.223,5.223,-0.099943,-0.099943,0.0,1.0,0,普通大幅波动
sz.159901,2021-03-08,7.303,7.84,7.84,-0.068495,-0.068495,0.0,1.0,0,普通大幅波动
sz.159901,2021-04-12,3.629,3.706,7.411,-0.510322,-0.020777,-0.499933,1.99980596,0,拆分合并型
sz.159901,2024-09-27,2.618,2.442,2.442,0.072072,0.072072,0.0,1.0,0,普通大幅波动
sz.159901,2024-09-30,2.88,2.618,2.618,0.100076,0.100076,0.0,1.0,0,普通大幅波动
sz.159901,2024-10-08,3.168,2.88,2.88,0.1,0.1,0.0,1.0,0,普通大幅波动
sz.159901,2024-10-09,2.872,3.168,3.168,-0.093434,-0.093434,0.0,1.0,0,普通大幅波动
sz.159902,2015-05-28,5.04,5.368,5.368,-0.061103,-0.061103,0.0,1.0,0,普通大幅波动
sz.159902,2015-06-19,4.738,5.05,5.05,-0.061782,-0.061782,0.0,1.0,0,普通大幅波动
sz.159902,2015-06-26,4.254,4.727,4.727,-0.100063,-0.100063,0.0,1.0,0,普通大幅波动
sz.159902,2015-06-29,3.99,4.254,4.254,-0.062059,-0.062059,0.0,1.0,0,普通大幅波动
sz.159902,2015-06-30,4.348,3.99,3.99,0.089724,0.089724,0.0,1.0,0,普通大幅波动
sz.159902,2015-07-01,4.063,4.348,4.348,-0.065547,-0.065547,0.0,1.0,0,普通大幅波动
sz.159902,2015-07-07,3.335,3.705,3.705,-0.099865,-0.099865,0.0,1.0,0,普通大幅波动
sz.159902,2015-07-08,3.002,3.335,3.335,-0.09985,-0.09985,0.0,1.0,0,普通大幅波动
sz.159902,2015-07-09,3.302,3.002,3.002,0.099933,0.099933,0.0,1.0,0,普通大幅波动
sz.159902,2015-07-10,3.632,3.302,3.302,0.099939,0.099939,0.0,1.0,0,普通大幅波动
sz.159902,2015-07-13,3.995,3.632,3.632,0.099945,0.099945,0.0,1.0,0,普通大幅波动
sz.159902,2015-07-15,3.786,4.207,4.207,-0.100071,-0.100071,0.0,1.0,0,普通大幅波动
sz.159902,2015-07-17,4.149,3.826,3.826,0.084422,0.084422,0.0,1.0,0,普通大幅波动
sz.159902,2015-07-27,3.759,4.177,4.177,-0.100072,-0.100072,0.0,1.0,0,普通大幅波动
sz.159902,2015-08-04,4.005,3.751,3.751,0.067715,0.067715,0.0,1.0,0,普通大幅波动
sz.159902,2015-08-18,3.833,4.199,4.199,-0.087164,-0.087164,0.0,1.0,0,普通大幅波动
sz.159902,2015-08-24,3.335,3.706,3.706,-0.100108,-0.100108,0.0,1.0,0,普通大幅波动
sz.159902,2015-08-25,3.002,3.335,3.335,-0.09985,-0.09985,0.0,1.0,0,普通大幅波动
sz.159902,2015-09-14,2.901,3.223,3.223,-0.099907,-0.099907,0.0,1.0,0,普通大幅波动
sz.159902,2015-09-16,3.08,2.8,2.8,0.1,0.1,0.0,1.0,0,普通大幅波动
sz.159902,2015-10-21,3.432,3.653,3.653,-0.060498,-0.060498,0.0,1.0,0,普通大幅波动
sz.159902,2015-11-04,3.789,3.55,3.55,0.067324,0.067324,0.0,1.0,0,普通大幅波动
sz.159902,2015-11-27,3.748,4.035,4.035,-0.071128,-0.071128,0.0,1.0,0,普通大幅波动
sz.159902,2016-01-04,3.591,3.925,3.925,-0.085096,-0.085096,0.0,1.0,0,普通大幅波动
sz.159902,2016-01-07,3.29,3.617,3.617,-0.090406,-0.090406,0.0,1.0,0,普通大幅波动
sz.159902,2016-01-26,2.955,3.156,3.156,-0.063688,-0.063688,0.0,1.0,0,普通大幅波动
sz.159902,2016-02-25,2.905,3.171,3.171,-0.083885,-0.083885,0.0,1.0,0,普通大幅波动
sz.159902,2018-10-11,2.43,2.608,2.608,-0.068252,-0.068252,0.0,1.0,0,普通大幅波动
sz.159902,2019-05-06,2.736,2.944,2.944,-0.070652,-0.070652,0.0,1.0,0,普通大幅波动
sz.159902,2020-02-03,3.1,3.444,3.444,-0.099884,-0.099884,0.0,1.0,0,普通大幅波动
sz.159902,2020-07-06,4.359,4.09,4.09,0.06577,0.06577,0.0,1.0,0,普通大幅波动
sz.159902,2024-02-06,2.664,2.508,2.508,0.062201,0.062201,0.0,1.0,0,普通大幅波动
sz.159902,2024-09-27,3.126,2.936,2.936,0.064714,0.064714,0.0,1.0,0,普通大幅波动
sz.159902,2024-09-30,3.439,3.126,3.126,0.100128,0.100128,0.0,1.0,0,普通大幅波动
sz.159902,2024-10-08,3.778,3.439,3.439,0.098575,0.098575,0.0,1.0,0,普通大幅波动
sz.159902,2024-10-09,3.4,3.778,3.778,-0.100053,-0.100053,0.0,1.0,0,普通大幅波动
sz.159903,2015-01-19,1.123,1.209,1.209,-0.071133,-0.071133,0.0,1.0,0,普通大幅波动
sz.159903,2015-06-01,1.78,1.666,1.666,0.068427,0.068427,0.0,1.0,0,普通大幅波动
sz.159903,2015-06-26,1.482,1.635,1.635,-0.093578,-0.093578,0.0,1.0,0,普通大幅波动
sz.159903,2015-06-30,1.491,1.404,1.404,0.061966,0.061966,0.0,1.0,0,普通大幅波动
sz.159903,2015-07-03,1.3,1.385,1.385,-0.061372,-0.061372,0.0,1.0,0,普通大幅波动
sz.159903,2015-07-07,1.22,1.356,1.356,-0.100295,-0.100295,0.0,1.0,0,普通大幅波动
sz.159903,2015-07-08,1.098,1.22,1.22,-0.1,-0.1,0.0,1.0,0,普通大幅波动
sz.159903,2015-07-09,1.208,1.098,1.098,0.100182,0.100182,0.0,1.0,0,普通大幅波动
sz.159903,2015-07-10,1.329,1.208,1.208,0.100166,0.100166,0.0,1.0,0,普通大幅波动
sz.159903,2015-07-15,1.217,1.32,1.32,-0.07803,-0.07803,0.0,1.0,0,普通大幅波动
sz.159903,2015-07-17,1.348,1.27,1.27,0.061417,0.061417,0.0,1.0,0,普通大幅波动
sz.159903,2015-07-27,1.269,1.36,1.36,-0.066912,-0.066912,0.0,1.0,0,普通大幅波动
sz.159903,2015-08-04,1.305,1.224,1.224,0.066176,0.066176,0.0,1.0,0,普通大幅波动
sz.159903,2015-08-24,1.114,1.238,1.238,-0.100162,-0.100162,0.0,1.0,0,普通大幅波动
sz.159903,2015-08-25,1.003,1.114,1.114,-0.099641,-0.099641,0.0,1.0,0,普通大幅波动
sz.159903,2015-09-16,1.047,0.969,0.969,0.080495,0.080495,0.0,1.0,0,普通大幅波动
sz.159903,2016-01-04,1.242,1.337,1.337,-0.071055,-0.071055,0.0,1.0,0,普通大幅波动
sz.159903,2016-01-07,1.141,1.234,1.234,-0.075365,-0.075365,0.0,1.0,0,普通大幅波动
sz.159903,2016-01-26,1.012,1.077,1.077,-0.060353,-0.060353,0.0,1.0,0,普通大幅波动
sz.159903,2016-02-25,1.003,1.079,1.079,-0.070436,-0.070436,0.0,1.0,0,普通大幅波动
sz.159903,2018-06-19,1.052,1.121,1.121,-0.061552,-0.061552,0.0,1.0,0,普通大幅波动
sz.159903,2019-02-25,0.999,0.939,0.939,0.063898,0.063898,0.0,1.0,0,普通大幅波动
sz.159903,2019-05-06,0.983,1.069,1.069,-0.080449,-0.080449,0.0,1.0,0,普通大幅波动
sz.159903,2019-11-11,0.983,1.09,1.09,-0.098165,-0.098165,0.0,1.0,0,普通大幅波动
sz.159903,2019-11-12,1.065,0.983,0.983,0.083418,0.083418,0.0,1.0,0,普通大幅波动
sz.159903,2020-02-03,1.085,1.205,1.205,-0.099585,-0.099585,0.0,1.0,0,普通大幅波动
sz.159903,2024-09-27,1.144,1.074,1.074,0.065177,0.065177,0.0,1.0,0,普通大幅波动
sz.159903,2024-09-30,1.258,1.144,1.144,0.09965,0.09965,0.0,1.0,0,普通大幅波动
sz.159903,2024-10-08,1.384,1.258,1.258,0.100159,0.100159,0.0,1.0,0,普通大幅波动
sz.159903,2024-10-09,1.273,1.384,1.384,-0.080202,-0.080202,0.0,1.0,0,普通大幅波动
sz.159905,2015-01-19,1.012,1.093,1.093,-0.074108,-0.074108,0.0,1.0,0,普通大幅波动
sz.159905,2015-05-28,1.42,1.511,1.511,-0.060225,-0.060225,0.0,1.0,0,普通大幅波动
sz.159905,2015-06-26,1.341,1.463,1.463,-0.08339,-0.08339,0.0,1.0,0,普通大幅波动
sz.159905,2015-06-30,1.395,1.308,1.308,0.066514,0.066514,0.0,1.0,0,普通大幅波动
sz.159905,2015-07-03,1.191,1.276,1.276,-0.066614,-0.066614,0.0,1.0,0,普通大幅波动
sz.159905,2015-07-07,1.101,1.223,1.223,-0.099755,-0.099755,0.0,1.0,0,普通大幅波动
sz.159905,2015-07-08,0.991,1.101,1.101,-0.099909,-0.099909,0.0,1.0,0,普通大幅波动
sz.159905,2015-07-09,1.09,0.991,0.991,0.099899,0.099899,0.0,1.0,0,普通大幅波动
sz.159905,2015-07-10,1.199,1.09,1.09,0.1,0.1,0.0,1.0,0,普通大幅波动
sz.159905,2015-07-13,1.319,1.199,1.199,0.100083,0.100083,0.0,1.0,0,普通大幅波动
sz.159905,2015-07-15,1.184,1.315,1.315,-0.09962,-0.09962,0.0,1.0,0,普通大幅波动
sz.159905,2015-07-27,1.131,1.25,1.25,-0.0952,-0.0952,0.0,1.0,0,普通大幅波动
sz.159905,2015-08-18,1.175,1.252,1.252,-0.061502,-0.061502,0.0,1.0,0,普通大幅波动
sz.159905,2015-08-24,0.993,1.102,1.102,-0.098911,-0.098911,0.0,1.0,0,普通大幅波动
sz.159905,2015-08-25,0.894,0.993,0.993,-0.099698,-0.099698,0.0,1.0,0,普通大幅波动
sz.159905,2015-08-26,0.957,0.894,0.894,0.07047,0.07047,0.0,1.0,0,普通大幅波动
sz.159905,2015-11-27,1.06,1.13,1.13,-0.061947,-0.061947,0.0,1.0,0,普通大幅波动
sz.159905,2019-02-25,1.678,1.579,1.579,0.062698,0.062698,0.0,1.0,0,普通大幅波动
sz.159905,2019-05-06,1.722,1.856,1.856,-0.072198,-0.072198,0.0,1.0,0,普通大幅波动
sz.159905,2020-02-03,1.776,1.969,1.969,-0.098019,-0.098019,0.0,1.0,0,普通大幅波动
sz.159905,2020-07-06,2.335,2.172,2.172,0.075046,0.075046,0.0,1.0,0,普通大幅波动
sz.159905,2024-09-26,1.875,1.764,1.764,0.062925,0.062925,0.0,1.0,0,普通大幅波动
sz.159905,2024-09-30,2.026,1.873,1.873,0.081687,0.081687,0.0,1.0,0,普通大幅波动
sz.159905,2024-10-09,1.927,2.109,2.109,-0.086297,-0.086297,0.0,1.0,0,普通大幅波动
sz.159906,2015-06-01,1.555,1.414,1.414,0.099717,0.099717,0.0,1.0,0,普通大幅波动
sz.159906,2015-06-19,1.363,1.466,1.466,-0.070259,-0.070259,0.0,1.0,0,普通大幅波动
sz.159906,2015-06-26,1.338,1.487,1.487,-0.100202,-0.100202,0.0,1.0,0,普通大幅波动
sz.159906,2015-06-29,1.204,1.338,1.338,-0.100149,-0.100149,0.0,1.0,0,普通大幅波动
sz.159906,2015-07-07,1.04,1.149,1.149,-0.094865,-0.094865,0.0,1.0,0,普通大幅波动
sz.159906,2015-07-08,0.936,1.04,1.04,-0.1,-0.1,0.0,1.0,0,普通大幅波动
sz.159906,2015-07-09,1.03,0.936,0.936,0.100427,0.100427,0.0,1.0,0,普通大幅波动
sz.159906,2015-07-10,1.133,1.03,1.03,0.1,0.1,0.0,1.0,0,普通大幅波动
sz.159906,2015-07-13,1.246,1.133,1.133,0.099735,0.099735,0.0,1.0,0,普通大幅波动
sz.159906,2015-07-15,1.128,1.248,1.248,-0.096154,-0.096154,0.0,1.0,0,普通大幅波动
sz.159906,2015-07-27,1.121,1.21,1.21,-0.073554,-0.073554,0.0,1.0,0,普通大幅波动
sz.159906,2015-08-24,1.019,1.091,1.091,-0.065995,-0.065995,0.0,1.0,0,普通大幅波动
sz.159906,2015-08-25,0.953,1.019,1.019,-0.064769,-0.064769,0.0,1.0,0,普通大幅波动
sz.159906,2015-08-28,0.981,0.925,0.925,0.060541,0.060541,0.0,1.0,0,普通大幅波动
sz.159906,2015-09-15,0.859,0.954,0.954,-0.099581,-0.099581,0.0,1.0,0,普通大幅波动
sz.159906,2015-09-16,0.913,0.859,0.859,0.062864,0.062864,0.0,1.0,0,普通大幅波动
sz.159906,2016-01-05,1.02,1.097,1.097,-0.070191,-0.070191,0.0,1.0,0,普通大幅波动
sz.159906,2016-01-07,1.012,1.079,1.079,-0.062095,-0.062095,0.0,1.0,0,普通大幅波动
sz.159906,2016-01-15,0.935,1.01,1.01,-0.074257,-0.074257,0.0,1.0,0,普通大幅波动
sz.159906,2016-01-18,1.009,0.935,0.935,0.079144,0.079144,0.0,1.0,0,普通大幅波动
sz.159906,2018-08-08,0.899,0.844,0.844,0.065166,0.065166,0.0,1.0,0,普通大幅波动
sz.159906,2018-10-17,0.88,0.824,0.824,0.067961,0.067961,0.0,1.0,0,普通大幅波动
sz.159906,2018-10-18,0.821,0.88,0.88,-0.067045,-0.067045,0.0,1.0,0,普通大幅波动
sz.159906,2018-10-29,0.859,0.783,0.783,0.097063,0.097063,0.0,1.0,0,普通大幅波动
sz.159906,2018-10-30,0.782,0.859,0.859,-0.089639,-0.089639,0.0,1.0,0,普通大幅波动
sz.159906,2018-10-31,0.837,0.782,0.782,0.070332,0.070332,0.0,1.0,0,普通大幅波动
sz.159906,2018-11-06,0.817,0.881,0.881,-0.072645,-0.072645,0.0,1.0,0,普通大幅波动
sz.159906,2018-11-07,0.735,0.817,0.817,-0.100367,-0.100367,0.0,1.0,0,普通大幅波动
sz.159906,2019-02-25,0.849,0.772,0.772,0.099741,0.099741,0.0,1.0,0,普通大幅波动
sz.159906,2019-05-06,0.769,0.82,0.82,-0.062195,-0.062195,0.0,1.0,0,普通大幅波动
sz.159906,2020-02-03,0.972,1.08,1.08,-0.1,-0.1,0.0,1.0,0,普通大幅波动
sz.159906,2020-02-04,1.031,0.972,0.972,0.0607,0.0607,0.0,1.0,0,普通大幅波动
sz.159906,2020-03-16,1.062,1.13,1.13,-0.060177,-0.060177,0.0,1.0,0,普通大幅波动
sz.159906,2020-07-24,1.503,1.6,1.6,-0.060625,-0.060625,0.0,1.0,0,普通大幅波动
sz.159906,2024-02-06,0.7,0.653,0.653,0.071975,0.071975,0.0,1.0,0,普通大幅波动
sz.159906,2024-09-26,0.749,0.706,0.706,0.060907,0.060907,0.0,1.0,0,普通大幅波动
sz.159906,2024-09-27,0.818,0.749,0.749,0.092123,0.092123,0.0,1.0,0,普通大幅波动
sz.159906,2024-09-30,0.9,0.818,0.818,0.100244,0.100244,0.0,1.0,0,普通大幅波动
sz.159906,2024-10-08,0.99,0.9,0.9,0.1,0.1,0.0,1.0,0,普通大幅波动
sz.159906,2024-10-18,0.931,0.859,0.859,0.083818,0.083818,0.0,1.0,0,普通大幅波动
sz.159907,2015-05-21,2.25,2.12,2.12,0.061321,0.061321,0.0,1.0,0,普通大幅波动
sz.159907,2015-05-28,2.222,2.37,2.37,-0.062447,-0.062447,0.0,1.0,0,普通大幅波动
sz.159907,2015-06-19,2.164,2.31,2.31,-0.063203,-0.063203,0.0,1.0,0,普通大幅波动
sz.159907,2015-06-26,1.957,2.135,2.135,-0.083372,-0.083372,0.0,1.0,0,普通大幅波动
sz.159907,2015-06-29,1.82,1.957,1.957,-0.070005,-0.070005,0.0,1.0,0,普通大幅波动
sz.159907,2015-07-02,1.718,1.854,1.854,-0.073355,-0.073355,0.0,1.0,0,普通大幅波动
sz.159907,2015-07-07,1.463,1.625,1.625,-0.099692,-0.099692,0.0,1.0,0,普通大幅波动
sz.159907,2015-07-08,1.317,1.463,1.463,-0.099795,-0.099795,0.0,1.0,0,普通大幅波动
sz.159907,2015-07-09,1.449,1.317,1.317,0.100228,0.100228,0.0,1.0,0,普通大幅波动
sz.159907,2015-07-10,1.594,1.449,1.449,0.100069,0.100069,0.0,1.0,0,普通大幅波动
sz.159907,2015-07-13,1.753,1.594,1.594,0.099749,0.099749,0.0,1.0,0,普通大幅波动
sz.159907,2015-07-15,1.585,1.761,1.761,-0.099943,-0.099943,0.0,1.0,0,普通大幅波动
sz.159907,2015-07-17,1.703,1.605,1.605,0.061059,0.061059,0.0,1.0,0,普通大幅波动
sz.159907,2015-07-27,1.68,1.818,1.818,-0.075908,-0.075908,0.0,1.0,0,普通大幅波动
sz.159907,2015-08-04,1.699,1.599,1.599,0.062539,0.062539,0.0,1.0,0,普通大幅波动
sz.159907,2015-08-18,1.702,1.817,1.817,-0.063291,-0.063291,0.0,1.0,0,普通大幅波动
sz.159907,2015-08-24,1.431,1.59,1.59,-0.1,-0.1,0.0,1.0,0,普通大幅波动
sz.159907,2015-08-25,1.288,1.431,1.431,-0.09993,-0.09993,0.0,1.0,0,普通大幅波动
sz.159907,2015-08-28,1.414,1.314,1.314,0.076104,0.076104,0.0,1.0,0,普通大幅波动
sz.159907,2015-09-14,1.28,1.364,1.364,-0.061584,-0.061584,0.0,1.0,0,普通大幅波动
sz.159907,2015-11-27,1.669,1.783,1.783,-0.063937,-0.063937,0.0,1.0,0,普通大幅波动
sz.159907,2016-01-04,1.601,1.77,1.77,-0.09548,-0.09548,0.0,1.0,0,普通大幅波动
sz.159907,2016-02-25,1.291,1.396,1.396,-0.075215,-0.075215,0.0,1.0,0,普通大幅波动
sz.159907,2018-10-11,1.0,1.064,1.064,-0.06015,-0.06015,0.0,1.0,0,普通大幅波动
sz.159907,2019-05-06,1.14,1.242,1.242,-0.082126,-0.082126,0.0,1.0,0,普通大幅波动
sz.159907,2020-02-03,1.259,1.399,1.399,-0.100071,-0.100071,0.0,1.0,0,普通大幅波动
sz.159907,2020-07-13,1.897,1.784,1.784,0.063341,0.063341,0.0,1.0,0,普通大幅波动
sz.159907,2022-04-26,1.47,1.566,1.566,-0.061303,-0.061303,0.0,1.0,0,普通大幅波动
sz.159907,2022-06-06,1.759,1.648,1.648,0.067354,0.067354,0.0,1.0,0,普通大幅波动
sz.159907,2024-01-22,1.233,1.313,1.313,-0.060929,-0.060929,0.0,1.0,0,普通大幅波动
sz.159907,2024-02-05,1.039,1.112,1.112,-0.065647,-0.065647,0.0,1.0,0,普通大幅波动
sz.159907,2024-02-08,1.195,1.119,1.119,0.067918,0.067918,0.0,1.0,0,普通大幅波动
sz.159907,2024-04-01,0.684,0.673,1.346,-0.491828,0.016345,-0.5,2.0,0,拆分合并型
sz.159907,2024-09-27,0.652,0.603,0.603,0.08126,0.08126,0.0,1.0,0,普通大幅波动
sz.159907,2024-09-30,0.717,0.652,0.652,0.099693,0.099693,0.0,1.0,0,普通大幅波动
sz.159907,2024-10-08,0.769,0.717,0.717,0.072524,0.072524,0.0,1.0,0,普通大幅波动
sz.159907,2024-10-09,0.715,0.769,0.769,-0.070221,-0.070221,0.0,1.0,0,普通大幅波动
sz.159908,2015-01-05,1.08,1.005,,,0.074627,,,,普通大幅波动
sz.159908,2015-01-19,0.95,1.047,1.047,-0.092646,-0.092646,0.0,1.0,0,普通大幅波动
sz.159908,2015-04-03,1.355,1.278,1.278,0.06025,0.06025,0.0,1.0,0,普通大幅波动
sz.159908,2015-05-21,1.559,1.441,1.441,0.081888,0.081888,0.0,1.0,0,普通大幅波动
sz.159908,2015-06-19,1.539,1.639,1.639,-0.061013,-0.061013,0.0,1.0,0,普通大幅波动
sz.159908,2015-06-26,1.459,1.606,1.606,-0.091532,-0.091532,0.0,1.0,0,普通大幅波动
sz.159908,2015-07-08,1.093,1.214,1.214,-0.099671,-0.099671,0.0,1.0,0,普通大幅波动
sz.159908,2015-07-09,1.202,1.093,1.093,0.099726,0.099726,0.0,1.0,0,普通大幅波动
sz.159908,2015-07-10,1.322,1.202,1.202,0.099834,0.099834,0.0,1.0,0,普通大幅波动
sz.159908,2015-07-15,1.26,1.363,1.363,-0.075569,-0.075569,0.0,1.0,0,普通大幅波动
sz.159908,2015-08-04,1.388,1.3,1.3,0.067692,0.067692,0.0,1.0,0,普通大幅波动
sz.159908,2015-08-25,1.087,1.208,1.208,-0.100166,-0.100166,0.0,1.0,0,普通大幅波动
sz.159908,2015-08-28,1.13,1.052,1.052,0.074144,0.074144,0.0,1.0,0,普通大幅波动
sz.159908,2015-09-08,1.118,1.047,1.047,0.067813,0.067813,0.0,1.0,0,普通大幅波动
sz.159908,2015-12-28,1.43,1.316,1.316,0.086626,0.086626,0.0,1.0,0,普通大幅波动
sz.159908,2016-01-04,1.208,1.295,1.295,-0.067181,-0.067181,0.0,1.0,0,普通大幅波动
sz.159908,2016-01-11,1.125,1.21,1.21,-0.070248,-0.070248,0.0,1.0,0,普通大幅波动
sz.159908,2016-01-18,1.298,1.2,1.2,0.081667,0.081667,0.0,1.0,0,普通大幅波动
sz.159908,2016-01-26,1.123,1.2,1.2,-0.064167,-0.064167,0.0,1.0,0,普通大幅波动
sz.159908,2016-02-03,1.129,1.056,1.056,0.069129,0.069129,0.0,1.0,0,普通大幅波动
sz.159908,2016-02-17,1.177,1.102,1.102,0.068058,0.068058,0.0,1.0,0,普通大幅波动
sz.159908,2016-02-18,1.257,1.177,1.177,0.067969,0.067969,0.0,1.0,0,普通大幅波动
sz.159908,2018-01-25,1.82,1.71,1.71,0.064327,0.064327,0.0,1.0,0,普通大幅波动
sz.159908,2018-01-31,1.703,1.892,1.892,-0.099894,-0.099894,0.0,1.0,0,普通大幅波动
sz.159908,2018-03-14,1.728,1.585,1.585,0.090221,0.090221,0.0,1.0,0,普通大幅波动
sz.159908,2018-03-19,1.573,1.679,1.679,-0.063133,-0.063133,0.0,1.0,0,普通大幅波动
sz.159908,2018-03-29,1.554,1.662,1.662,-0.064982,-0.064982,0.0,1.0,0,普通大幅波动
sz.159908,2018-06-11,1.615,1.513,1.513,0.067416,0.067416,0.0,1.0,0,普通大幅波动
sz.159908,2018-06-12,1.777,1.615,1.615,0.10031,0.10031,0.0,1.0,0,普通大幅波动
sz.159908,2018-06-19,1.595,1.77,1.77,-0.09887,-0.09887,0.0,1.0,0,普通大幅波动
sz.159908,2018-06-21,1.526,1.659,1.659,-0.080169,-0.080169,0.0,1.0,0,普通大幅波动
sz.159908,2018-07-05,1.493,1.64,1.64,-0.089634,-0.089634,0.0,1.0,0,普通大幅波动
sz.159908,2018-07-13,1.447,1.595,1.595,-0.09279,-0.09279,0.0,1.0,1,停牌复牌型
sz.159908,2018-07-24,1.423,1.515,1.515,-0.060726,-0.060726,0.0,1.0,0,普通大幅波动
sz.159908,2018-08-01,1.41,1.5,1.5,-0.06,-0.06,0.0,1.0,0,普通大幅波动
sz.159908,2018-08-29,1.488,1.4,1.4,0.062857,0.062857,0.0,1.0,0,普通大幅波动
sz.159908,2018-09-06,1.588,1.461,1.461,0.086927,0.086927,0.0,1.0,0,普通大幅波动
sz.159908,2018-09-13,1.455,1.587,1.587,-0.083176,-0.083176,0.0,1.0,3,停牌复牌型
sz.159908,2018-10-18,1.195,1.278,1.278,-0.064945,-0.064945,0.0,1.0,0,普通大幅波动
sz.159908,2018-12-17,1.123,1.24,1.24,-0.094355,-0.094355,0.0,1.0,0,普通大幅波动
sz.159908,2019-03-11,1.55,1.424,1.424,0.088483,0.088483,0.0,1.0,0,普通大幅波动
sz.159908,2019-05-06,1.285,1.395,1.395,-0.078853,-0.078853,0.0,1.0,0,普通大幅波动
sz.159908,2020-02-03,1.54,1.656,1.656,-0.070048,-0.070048,0.0,1.0,0,普通大幅波动
sz.159908,2024-02-06,1.519,1.429,1.429,0.062981,0.062981,0.0,1.0,0,普通大幅波动
sz.159908,2024-09-27,1.735,1.58,1.58,0.098101,0.098101,0.0,1.0,0,普通大幅波动
sz.159908,2024-09-30,2.052,1.735,1.735,0.182709,0.182709,0.0,1.0,0,普通大幅波动
sz.159908,2024-10-08,2.462,2.052,2.052,0.199805,0.199805,0.0,1.0,0,普通大幅波动
sz.159908,2024-10-09,2.11,2.462,2.462,-0.142973,-0.142973,0.0,1.0,0,普通大幅波动
sz.159908,2024-10-18,2.028,1.869,1.869,0.085072,0.085072,0.0,1.0,0,普通大幅波动
sz.159909,2015-01-08,4.48,4.19,4.19,0.069212,0.069212,0.0,1.0,0,普通大幅波动
sz.159909,2015-01-22,4.951,4.533,4.533,0.092213,0.092213,0.0,1.0,0,普通大幅波动
sz.159909,2015-02-17,5.568,5.086,5.086,0.09477,0.09477,0.0,1.0,0,普通大幅波动
sz.159909,2015-04-27,7.2,6.68,6.68,0.077844,0.077844,0.0,1.0,0,普通大幅波动
sz.159909,2015-05-11,7.679,7.176,7.176,0.070095,0.070095,0.0,1.0,0,普通大幅波动
sz.159909,2015-05-21,9.24,8.401,8.401,0.099869,0.099869,0.0,1.0,0,普通大幅波动
sz.159909,2015-05-28,8.4,8.973,8.973,-0.063858,-0.063858,0.0,1.0,0,普通大幅波动
sz.159909,2015-06-26,7.038,7.82,7.82,-0.1,-0.1,0.0,1.0,0,普通大幅波动
sz.159909,2015-06-30,7.163,6.7,6.7,0.069104,0.069104,0.0,1.0,0,普通大幅波动
sz.159909,2015-07-02,6.512,7.006,7.006,-0.070511,-0.070511,0.0,1.0,0,普通大幅波动
sz.159909,2015-07-03,6.1,6.512,6.512,-0.063268,-0.063268,0.0,1.0,0,普通大幅波动
sz.159909,2015-07-07,5.567,6.186,6.186,-0.100065,-0.100065,0.0,1.0,0,普通大幅波动
sz.159909,2015-07-08,5.01,5.567,5.567,-0.100054,-0.100054,0.0,1.0,0,普通大幅波动
sz.159909,2015-07-09,5.511,5.01,5.01,0.1,0.1,0.0,1.0,0,普通大幅波动
sz.159909,2015-07-10,6.062,5.511,5.511,0.099982,0.099982,0.0,1.0,0,普通大幅波动
sz.159909,2015-07-13,6.668,6.062,6.062,0.099967,0.099967,0.0,1.0,0,普通大幅波动
sz.159909,2015-07-14,7.18,6.668,6.668,0.076785,0.076785,0.0,1.0,0,普通大幅波动
sz.159909,2015-07-15,6.464,7.18,7.18,-0.099721,-0.099721,0.0,1.0,0,普通大幅波动
sz.159909,2015-07-17,7.05,6.584,6.584,0.070778,0.070778,0.0,1.0,0,普通大幅波动
sz.159909,2015-07-27,6.272,6.965,6.965,-0.099497,-0.099497,0.0,1.0,0,普通大幅波动
sz.159909,2015-08-24,5.5,6.111,6.111,-0.099984,-0.099984,0.0,1.0,0,普通大幅波动
sz.159909,2015-08-25,4.95,5.5,5.5,-0.1,-0.1,0.0,1.0,0,普通大幅波动
sz.159909,2015-09-07,4.9,4.612,4.612,0.062446,0.062446,0.0,1.0,0,普通大幅波动
sz.159909,2015-09-08,5.29,4.9,4.9,0.079592,0.079592,0.0,1.0,0,普通大幅波动
sz.159909,2015-09-15,5.148,5.48,5.48,-0.060584,-0.060584,0.0,1.0,0,普通大幅波动
sz.159909,2015-09-16,5.596,5.148,5.148,0.087024,0.087024,0.0,1.0,0,普通大幅波动
sz.159909,2016-01-05,5.429,5.985,5.985,-0.092899,-0.092899,0.0,1.0,0,普通大幅波动
sz.159909,2016-02-29,4.709,5.045,5.045,-0.066601,-0.066601,0.0,1.0,1,停牌复牌型
sz.159909,2016-04-20,4.7,5.04,5.04,-0.06746,-0.06746,0.0,1.0,0,普通大幅波动
sz.159909,2016-05-03,5.1,4.746,4.746,0.074589,0.074589,0.0,1.0,0,普通大幅波动
sz.159909,2017-01-25,4.889,4.49,4.49,0.088864,0.088864,0.0,1.0,1,停牌复牌型
sz.159909,2017-10-26,4.92,5.466,5.466,-0.09989,-0.09989,0.0,1.0,0,普通大幅波动
sz.159909,2017-10-27,5.412,4.92,4.92,0.1,0.1,0.0,1.0,0,普通大幅波动
sz.159909,2018-06-20,4.423,4.88,4.88,-0.093648,-0.093648,0.0,1.0,0,普通大幅波动
sz.159909,2018-06-29,4.55,4.22,4.22,0.078199,0.078199,0.0,1.0,0,普通大幅波动
sz.159909,2018-10-11,3.332,3.592,3.592,-0.072383,-0.072383,0.0,1.0,0,普通大幅波动
sz.159909,2019-02-25,4.464,4.162,4.162,0.072561,0.072561,0.0,1.0,0,普通大幅波动
sz.159909,2019-05-06,3.973,4.344,4.344,-0.085405,-0.085405,0.0,1.0,0,普通大幅波动
sz.159909,2019-08-19,4.497,4.241,4.241,0.060363,0.060363,0.0,1.0,0,普通大幅波动
sz.159909,2020-02-03,5.146,5.699,5.699,-0.097035,-0.097035,0.0,1.0,0,普通大幅波动
sz.159909,2020-03-16,5.4,5.818,5.818,-0.071846,-0.071846,0.0,1.0,0,普通大幅波动
sz.159909,2020-03-23,5.069,5.399,5.399,-0.061122,-0.061122,0.0,1.0,0,普通大幅波动
sz.159909,2021-03-11,0.707,0.702,6.874,-0.897149,0.007123,-0.897876,9.792,0,拆分合并型
sz.159909,2022-04-25,0.52,0.555,0.555,-0.063063,-0.063063,0.0,1.0,0,普通大幅波动
sz.159909,2024-09-27,0.59,0.55,0.55,0.072727,0.072727,0.0,1.0,0,普通大幅波动
sz.159909,2024-09-30,0.649,0.59,0.59,0.1,0.1,0.0,1.0,0,普通大幅波动
sz.159909,2024-10-08,0.714,0.649,0.649,0.100154,0.100154,0.0,1.0,0,普通大幅波动
sz.159909,2024-10-18,0.676,0.635,0.635,0.064567,0.064567,0.0,1.0,0,普通大幅波动
sz.159910,2015-01-05,1.26,1.146,,,0.099476,,,,普通大幅波动
sz.159910,2015-01-19,1.08,1.172,1.172,-0.078498,-0.078498,0.0,1.0,0,普通大幅波动
sz.159910,2015-06-23,1.691,1.84,1.84,-0.080978,-0.080978,0.0,1.0,0,普通大幅波动
sz.159910,2015-06-26,1.555,1.7,1.7,-0.085294,-0.085294,0.0,1.0,0,普通大幅波动
sz.159910,2015-06-30,1.632,1.498,1.498,0.089453,0.089453,0.0,1.0,0,普通大幅波动
sz.159910,2015-07-02,1.46,1.57,1.57,-0.070064,-0.070064,0.0,1.0,0,普通大幅波动
sz.159910,2015-07-08,1.201,1.334,1.334,-0.0997,-0.0997,0.0,1.0,0,普通大幅波动
sz.159910,2015-07-09,1.321,1.201,1.201,0.099917,0.099917,0.0,1.0,0,普通大幅波动
sz.159910,2015-07-10,1.453,1.321,1.321,0.099924,0.099924,0.0,1.0,0,普通大幅波动
sz.159910,2015-07-15,1.37,1.478,1.478,-0.073072,-0.073072,0.0,1.0,0,普通大幅波动
sz.159910,2015-07-27,1.398,1.489,1.489,-0.061115,-0.061115,0.0,1.0,0,普通大幅波动
sz.159910,2015-07-30,1.479,1.39,1.39,0.064029,0.064029,0.0,1.0,0,普通大幅波动
sz.159910,2015-07-31,1.375,1.479,1.479,-0.070318,-0.070318,0.0,1.0,0,普通大幅波动
sz.159910,2015-08-11,1.414,1.51,1.51,-0.063576,-0.063576,0.0,1.0,0,普通大幅波动
sz.159910,2015-08-24,1.346,1.495,1.495,-0.099666,-0.099666,0.0,1.0,0,普通大幅波动
sz.159910,2015-08-25,1.224,1.346,1.346,-0.090639,-0.090639,0.0,1.0,0,普通大幅波动
sz.159910,2015-09-15,1.091,1.184,1.184,-0.078547,-0.078547,0.0,1.0,0,普通大幅波动
sz.159910,2016-01-04,1.32,1.433,1.433,-0.078856,-0.078856,0.0,1.0,0,普通大幅波动
sz.159910,2016-01-15,1.215,1.306,1.306,-0.069678,-0.069678,0.0,1.0,0,普通大幅波动
sz.159910,2016-01-27,1.2,1.28,1.28,-0.0625,-0.0625,0.0,1.0,0,普通大幅波动
sz.159910,2016-01-28,1.286,1.2,1.2,0.071667,0.071667,0.0,1.0,0,普通大幅波动
sz.159910,2016-02-02,1.203,1.299,1.299,-0.073903,-0.073903,0.0,1.0,0,普通大幅波动
sz.159910,2016-02-05,1.36,1.249,1.249,0.088871,0.088871,0.0,1.0,0,普通大幅波动
sz.159910,2016-02-17,1.287,1.43,1.43,-0.1,-0.1,0.0,1.0,0,普通大幅波动
sz.159910,2016-03-02,1.288,1.178,1.178,0.093379,0.093379,0.0,1.0,0,普通大幅波动
sz.159910,2017-04-25,1.45,1.557,1.557,-0.068722,-0.068722,0.0,1.0,0,普通大幅波动
sz.159910,2017-09-29,1.829,1.7,1.7,0.075882,0.075882,0.0,1.0,0,普通大幅波动
sz.159910,2019-05-06,1.738,1.872,1.872,-0.071581,-0.071581,0.0,1.0,0,普通大幅波动
sz.159910,2020-02-03,1.776,1.966,1.966,-0.096643,-0.096643,0.0,1.0,0,普通大幅波动
sz.159910,2020-07-06,2.255,2.124,2.124,0.061676,0.061676,0.0,1.0,0,普通大幅波动
sz.159910,2024-09-30,2.18,1.982,1.982,0.099899,0.099899,0.0,1.0,0,普通大幅波动
sz.159910,2024-10-08,2.398,2.18,2.18,0.1,0.1,0.0,1.0,0,普通大幅波动
sz.159910,2024-10-09,2.158,2.398,2.398,-0.100083,-0.100083,0.0,1.0,0,普通大幅波动
sz.159911,2015-05-27,7.79,7.1,7.1,0.097183,0.097183,0.0,1.0,0,普通大幅波动
sz.159911,2015-05-28,7.011,7.79,7.79,-0.1,-0.1,0.0,1.0,0,普通大幅波动
sz.159911,2015-06-26,5.69,6.312,6.312,-0.098542,-0.098542,0.0,1.0,0,普通大幅波动
sz.159911,2015-06-29,5.122,5.69,5.69,-0.099824,-0.099824,0.0,1.0,0,普通大幅波动
sz.159911,2015-06-30,5.625,5.122,5.122,0.098204,0.098204,0.0,1.0,0,普通大幅波动
sz.159911,2015-07-02,5.14,5.476,5.476,-0.061359,-0.061359,0.0,1.0,0,普通大幅波动
sz.159911,2015-07-07,4.437,4.93,4.93,-0.1,-0.1,0.0,1.0,0,普通大幅波动
sz.159911,2015-07-08,3.999,4.437,4.437,-0.098715,-0.098715,0.0,1.0,0,普通大幅波动
sz.159911,2015-07-09,4.399,3.999,3.999,0.100025,0.100025,0.0,1.0,0,普通大幅波动
sz.159911,2015-07-10,4.839,4.399,4.399,0.100023,0.100023,0.0,1.0,0,普通大幅波动
sz.159911,2015-07-13,5.323,4.839,4.839,0.100021,0.100021,0.0,1.0,0,普通大幅波动
sz.159911,2015-07-14,5.7,5.323,5.323,0.070825,0.070825,0.0,1.0,0,普通大幅波动
sz.159911,2015-07-15,5.131,5.7,5.7,-0.099825,-0.099825,0.0,1.0,0,普通大幅波动
sz.159911,2015-07-17,5.59,5.212,5.212,0.072525,0.072525,0.0,1.0,0,普通大幅波动
sz.159911,2015-07-27,5.15,5.685,5.685,-0.094107,-0.094107,0.0,1.0,0,普通大幅波动
sz.159911,2015-08-03,5.011,5.399,5.399,-0.071865,-0.071865,0.0,1.0,0,普通大幅波动
sz.159911,2015-08-18,5.1,5.44,5.44,-0.0625,-0.0625,0.0,1.0,0,普通大幅波动
sz.159911,2015-08-24,4.393,4.864,4.864,-0.096834,-0.096834,0.0,1.0,0,普通大幅波动
sz.159911,2015-08-25,3.955,4.393,4.393,-0.099704,-0.099704,0.0,1.0,0,普通大幅波动
sz.159911,2015-08-28,4.36,4.007,4.007,0.088096,0.088096,0.0,1.0,0,普通大幅波动
sz.159911,2015-08-31,4.038,4.36,4.36,-0.073853,-0.073853,0.0,1.0,0,普通大幅波动
sz.159911,2015-09-14,3.855,4.246,4.246,-0.092087,-0.092087,0.0,1.0,0,普通大幅波动
sz.159911,2015-09-16,3.979,3.711,3.711,0.072218,0.072218,0.0,1.0,0,普通大幅波动
sz.159911,2015-10-12,4.5,4.2,4.2,0.071429,0.071429,0.0,1.0,0,普通大幅波动
sz.159911,2015-11-27,4.801,5.201,5.201,-0.076908,-0.076908,0.0,1.0,0,普通大幅波动
sz.159911,2016-01-04,4.711,5.1,5.1,-0.076275,-0.076275,0.0,1.0,0,普通大幅波动
sz.159911,2016-01-14,4.476,4.13,4.13,0.083777,0.083777,0.0,1.0,0,普通大幅波动
sz.159911,2016-01-15,4.2,4.476,4.476,-0.061662,-0.061662,0.0,1.0,0,普通大幅波动
sz.159911,2016-03-02,3.994,3.7,3.7,0.079459,0.079459,0.0,1.0,0,普通大幅波动
sz.159911,2016-06-28,4.47,4.187,4.187,0.06759,0.06759,0.0,1.0,0,普通大幅波动
sz.159911,2016-07-28,4.619,4.256,4.256,0.085291,0.085291,0.0,1.0,0,普通大幅波动
sz.159911,2016-07-29,4.229,4.619,4.619,-0.084434,-0.084434,0.0,1.0,0,普通大幅波动
sz.159911,2016-08-02,4.498,4.198,4.198,0.071463,0.071463,0.0,1.0,0,普通大幅波动
sz.159911,2017-06-07,4.066,3.8,3.8,0.07,0.07,0.0,1.0,0,普通大幅波动
sz.159911,2017-06-15,3.711,4.091,4.091,-0.092887,-0.092887,0.0,1.0,0,普通大幅波动
sz.159911,2017-06-16,4.051,3.711,3.711,0.09162,0.09162,0.0,1.0,0,普通大幅波动
sz.159911,2017-12-13,4.926,4.508,4.508,0.092724,0.092724,0.0,1.0,0,普通大幅波动
sz.159911,2017-12-14,4.54,4.926,4.926,-0.07836,-0.07836,0.0,1.0,0,普通大幅波动
sz.159911,2018-10-22,3.159,2.97,2.97,0.063636,0.063636,0.0,1.0,0,普通大幅波动
sz.159911,2018-10-25,2.964,3.189,3.189,-0.070555,-0.070555,0.0,1.0,0,普通大幅波动
sz.159911,2019-05-06,3.476,3.748,3.748,-0.072572,-0.072572,0.0,1.0,0,普通大幅波动
sz.159911,2020-02-03,3.921,4.352,4.352,-0.099035,-0.099035,0.0,1.0,0,普通大幅波动
sz.159911,2020-02-04,4.174,3.921,3.921,0.064524,0.064524,0.0,1.0,0,普通大幅波动
sz.159912,2015-05-28,2.001,2.129,2.129,-0.060122,-0.060122,0.0,1.0,0,普通大幅波动
sz.159912,2015-06-19,1.95,2.081,2.081,-0.062951,-0.062951,0.0,1.0,0,普通大幅波动
sz.159912,2015-06-26,1.76,1.933,1.933,-0.089498,-0.089498,0.0,1.0,0,普通大幅波动
sz.159912,2015-06-30,1.839,1.698,1.698,0.083039,0.083039,0.0,1.0,0,普通大幅波动
sz.159912,2015-07-01,1.702,1.839,1.839,-0.074497,-0.074497,0.0,1.0,0,普通大幅波动
sz.159912,2015-07-07,1.391,1.546,1.546,-0.100259,-0.100259,0.0,1.0,0,普通大幅波动
sz.159912,2015-07-08,1.252,1.391,1.391,-0.099928,-0.099928,0.0,1.0,0,普通大幅波动
sz.159912,2015-07-09,1.377,1.252,1.252,0.09984,0.09984,0.0,1.0,0,普通大幅波动
sz.159912,2015-07-10,1.515,1.377,1.377,0.100218,0.100218,0.0,1.0,0,普通大幅波动
sz.159912,2015-07-13,1.65,1.515,1.515,0.089109,0.089109,0.0,1.0,0,普通大幅波动
sz.159912,2015-07-14,1.546,1.65,1.65,-0.06303,-0.06303,0.0,1.0,0,普通大幅波动
sz.159912,2015-07-17,1.597,1.477,1.477,0.081246,0.081246,0.0,1.0,0,普通大幅波动
sz.159912,2015-07-27,1.509,1.651,1.651,-0.086008,-0.086008,0.0,1.0,0,普通大幅波动
sz.159912,2015-08-10,1.633,1.528,1.528,0.068717,0.068717,0.0,1.0,0,普通大幅波动
sz.159912,2015-08-24,1.324,1.47,1.47,-0.09932,-0.09932,0.0,1.0,0,普通大幅波动
sz.159912,2015-08-25,1.2,1.324,1.324,-0.093656,-0.093656,0.0,1.0,0,普通大幅波动
sz.159912,2015-09-15,1.135,1.213,1.213,-0.064303,-0.064303,0.0,1.0,0,普通大幅波动
sz.159912,2018-02-09,1.319,1.413,1.413,-0.066525,-0.066525,0.0,1.0,0,普通大幅波动
sz.159912,2019-02-25,1.217,1.138,1.138,0.06942,0.06942,0.0,1.0,0,普通大幅波动
sz.159912,2020-02-03,1.33,1.445,1.445,-0.079585,-0.079585,0.0,1.0,0,普通大幅波动
sz.159912,2020-07-06,1.825,1.659,1.659,0.10006,0.10006,0.0,1.0,0,普通大幅波动
sz.159912,2024-09-27,1.352,1.23,1.23,0.099187,0.099187,0.0,1.0,0,普通大幅波动
sz.159912,2024-09-30,1.487,1.352,1.352,0.099852,0.099852,0.0,1.0,0,普通大幅波动
sz.159912,2024-10-08,1.636,1.487,1.487,0.100202,0.100202,0.0,1.0,0,普通大幅波动
sz.159912,2024-10-09,1.472,1.636,1.636,-0.100244,-0.100244,0.0,1.0,0,普通大幅波动
sz.159913,2015-01-19,1.288,1.377,1.377,-0.064633,-0.064633,0.0,1.0,0,普通大幅波动
sz.159913,2015-04-22,1.884,1.714,1.714,0.099183,0.099183,0.0,1.0,0,普通大幅波动
sz.159913,2015-06-19,1.857,1.98,1.98,-0.062121,-0.062121,0.0,1.0,0,普通大幅波动
sz.159913,2015-06-26,1.736,1.881,1.881,-0.077087,-0.077087,0.0,1.0,0,普通大幅波动
sz.159913,2015-07-02,1.615,1.736,1.736,-0.0697,-0.0697,0.0,1.0,0,普通大幅波动
sz.159913,2015-07-03,1.5,1.615,1.615,-0.071207,-0.071207,0.0,1.0,0,普通大幅波动
sz.159913,2015-07-06,1.607,1.5,1.5,0.071333,0.071333,0.0,1.0,0,普通大幅波动
sz.159913,2015-07-09,1.649,1.499,1.499,0.100067,0.100067,0.0,1.0,0,普通大幅波动
sz.159913,2015-07-10,1.814,1.649,1.649,0.100061,0.100061,0.0,1.0,0,普通大幅波动
sz.159913,2015-07-14,1.599,1.716,1.716,-0.068182,-0.068182,0.0,1.0,0,普通大幅波动
sz.159913,2015-07-15,1.503,1.599,1.599,-0.060038,-0.060038,0.0,1.0,0,普通大幅波动
sz.159913,2015-07-27,1.502,1.622,1.622,-0.073983,-0.073983,0.0,1.0,0,普通大幅波动
sz.159913,2015-08-24,1.348,1.498,1.498,-0.100134,-0.100134,0.0,1.0,0,普通大幅波动
sz.159913,2015-08-25,1.215,1.348,1.348,-0.098665,-0.098665,0.0,1.0,0,普通大幅波动
sz.159913,2015-08-26,1.3,1.215,1.215,0.069959,0.069959,0.0,1.0,0,普通大幅波动
sz.159913,2015-09-15,1.239,1.352,1.352,-0.08358,-0.08358,0.0,1.0,0,普通大幅波动
sz.159913,2015-11-09,1.502,1.412,1.412,0.063739,0.063739,0.0,1.0,0,普通大幅波动
sz.159913,2015-12-02,1.548,1.408,1.408,0.099432,0.099432,0.0,1.0,1,停牌复牌型
sz.159913,2016-01-06,1.556,1.449,1.449,0.073844,0.073844,0.0,1.0,0,普通大幅波动
sz.159913,2016-01-07,1.411,1.556,1.556,-0.093188,-0.093188,0.0,1.0,0,普通大幅波动
sz.159913,2016-01-14,1.361,1.48,1.48,-0.080405,-0.080405,0.0,1.0,0,普通大幅波动
sz.159913,2016-01-18,1.418,1.29,1.29,0.099225,0.099225,0.0,1.0,0,普通大幅波动
sz.159913,2016-03-01,1.309,1.229,1.229,0.065094,0.065094,0.0,1.0,0,普通大幅波动
sz.159913,2016-05-30,1.401,1.279,1.279,0.095387,0.095387,0.0,1.0,0,普通大幅波动
sz.159913,2016-07-19,1.45,1.346,1.346,0.077266,0.077266,0.0,1.0,0,普通大幅波动
sz.159913,2016-08-30,1.495,1.401,1.401,0.067095,0.067095,0.0,1.0,1,停牌复牌型
sz.159913,2016-08-31,1.396,1.495,1.495,-0.066221,-0.066221,0.0,1.0,0,普通大幅波动
sz.159913,2016-09-05,1.576,1.455,1.455,0.083162,0.083162,0.0,1.0,0,普通大幅波动
sz.159913,2016-11-16,1.62,1.48,1.48,0.094595,0.094595,0.0,1.0,0,普通大幅波动
sz.159913,2016-12-05,1.661,1.56,1.56,0.064744,0.064744,0.0,1.0,0,普通大幅波动
sz.159913,2016-12-20,1.456,1.362,1.362,0.069016,0.069016,0.0,1.0,0,普通大幅波动
sz.159913,2017-01-16,1.371,1.485,1.485,-0.076768,-0.076768,0.0,1.0,0,普通大幅波动
sz.159913,2017-05-10,1.64,1.494,1.494,0.097724,0.097724,0.0,1.0,0,普通大幅波动
sz.159913,2018-02-14,2.009,1.883,1.883,0.066914,0.066914,0.0,1.0,0,普通大幅波动
sz.159913,2019-05-06,1.75,1.911,1.911,-0.084249,-0.084249,0.0,1.0,0,普通大幅波动
sz.159913,2020-01-02,2.179,2.053,2.053,0.061374,0.061374,0.0,1.0,0,普通大幅波动
sz.159913,2020-02-03,1.809,2.01,2.01,-0.1,-0.1,0.0,1.0,0,普通大幅波动
sz.159913,2022-06-15,2.07,1.937,1.937,0.068663,0.068663,0.0,1.0,0,普通大幅波动
sz.159913,2024-09-30,2.265,2.079,2.079,0.089466,0.089466,0.0,1.0,0,普通大幅波动
sz.159913,2024-10-09,2.194,2.36,2.36,-0.070339,-0.070339,0.0,1.0,0,普通大幅波动
sz.159915,2015-04-21,2.496,2.318,2.318,0.07679,0.07679,0.0,1.0,0,普通大幅波动
sz.159915,2015-05-08,2.894,2.686,2.686,0.077439,0.077439,0.0,1.0,0,普通大幅波动
sz.159915,2015-06-18,3.32,3.545,3.545,-0.06347,-0.06347,0.0,1.0,0,普通大幅波动
sz.159915,2015-06-26,2.767,3.03,3.03,-0.086799,-0.086799,0.0,1.0,0,普通大幅波动
sz.159915,2015-06-29,2.49,2.767,2.767,-0.100108,-0.100108,0.0,1.0,0,普通大幅波动
sz.159915,2015-06-30,2.733,2.49,2.49,0.09759,0.09759,0.0,1.0,0,普通大幅波动
sz.159915,2015-07-01,2.56,2.733,2.733,-0.0633,-0.0633,0.0,1.0,0,普通大幅波动
sz.159915,2015-07-07,2.097,2.33,2.33,-0.1,-0.1,0.0,1.0,0,普通大幅波动
sz.159915,2015-07-08,1.899,2.097,2.097,-0.094421,-0.094421,0.0,1.0,0,普通大幅波动
sz.159915,2015-07-09,2.089,1.899,1.899,0.100053,0.100053,0.0,1.0,0,普通大幅波动
sz.159915,2015-07-10,2.298,2.089,2.089,0.100048,0.100048,0.0,1.0,0,普通大幅波动
sz.159915,2015-07-13,2.528,2.298,2.298,0.100087,0.100087,0.0,1.0,0,普通大幅波动
sz.159915,2015-07-15,2.405,2.657,2.657,-0.094844,-0.094844,0.0,1.0,0,普通大幅波动
sz.159915,2015-07-17,2.688,2.489,2.489,0.079952,0.079952,0.0,1.0,0,普通大幅波动
sz.159915,2015-07-27,2.466,2.74,2.74,-0.1,-0.1,0.0,1.0,0,普通大幅波动
sz.159915,2015-07-29,2.573,2.395,2.395,0.074322,0.074322,0.0,1.0,0,普通大幅波动
sz.159915,2015-07-30,2.4,2.573,2.573,-0.067237,-0.067237,0.0,1.0,0,普通大幅波动
sz.159915,2015-08-04,2.442,2.24,2.24,0.090179,0.090179,0.0,1.0,0,普通大幅波动
sz.159915,2015-08-10,2.622,2.459,2.459,0.066287,0.066287,0.0,1.0,0,普通大幅波动
sz.159915,2015-08-18,2.343,2.505,2.505,-0.064671,-0.064671,0.0,1.0,0,普通大幅波动
sz.159915,2015-08-24,2.003,2.226,2.226,-0.10018,-0.10018,0.0,1.0,0,普通大幅波动
sz.159915,2015-08-25,1.803,2.003,2.003,-0.09985,-0.09985,0.0,1.0,0,普通大幅波动
sz.159915,2015-08-28,1.941,1.801,1.801,0.077735,0.077735,0.0,1.0,0,普通大幅波动
sz.159915,2015-09-08,1.888,1.763,1.763,0.070902,0.070902,0.0,1.0,0,普通大幅波动
sz.159915,2015-09-14,1.73,1.922,1.922,-0.099896,-0.099896,0.0,1.0,0,普通大幅波动
sz.159915,2015-09-16,1.796,1.633,1.633,0.099816,0.099816,0.0,1.0,0,普通大幅波动
sz.159915,2015-09-21,1.965,1.825,1.825,0.076712,0.076712,0.0,1.0,0,普通大幅波动
sz.159915,2015-09-28,1.979,1.845,1.845,0.072629,0.072629,0.0,1.0,0,普通大幅波动
sz.159915,2015-10-08,2.08,1.935,1.935,0.074935,0.074935,0.0,1.0,0,普通大幅波动
sz.159915,2015-10-21,2.22,2.391,2.391,-0.071518,-0.071518,0.0,1.0,0,普通大幅波动
sz.159915,2015-11-04,2.489,2.305,2.305,0.079826,0.079826,0.0,1.0,0,普通大幅波动
sz.159915,2015-11-27,2.496,2.674,2.674,-0.066567,-0.066567,0.0,1.0,0,普通大幅波动
sz.159915,2016-01-04,2.306,2.539,2.539,-0.091768,-0.091768,0.0,1.0,0,普通大幅波动
sz.159915,2016-01-07,2.096,2.321,2.321,-0.096941,-0.096941,0.0,1.0,0,普通大幅波动
sz.159915,2016-01-26,1.888,2.04,2.04,-0.07451,-0.07451,0.0,1.0,0,普通大幅波动
sz.159915,2016-02-25,1.896,2.097,2.097,-0.095851,-0.095851,0.0,1.0,0,普通大幅波动
sz.159915,2016-02-29,1.77,1.902,1.902,-0.069401,-0.069401,0.0,1.0,0,普通大幅波动
sz.159915,2016-03-17,1.991,1.878,1.878,0.06017,0.06017,0.0,1.0,0,普通大幅波动
sz.159915,2016-04-20,2.03,2.161,2.161,-0.06062,-0.06062,0.0,1.0,0,普通大幅波动
sz.159915,2018-10-11,1.196,1.282,1.282,-0.067083,-0.067083,0.0,1.0,0,普通大幅波动
sz.159915,2019-02-25,1.492,1.406,1.406,0.061166,0.061166,0.0,1.0,0,普通大幅波动
sz.159915,2019-05-06,1.424,1.553,1.553,-0.083065,-0.083065,0.0,1.0,0,普通大幅波动
sz.159915,2020-02-03,1.708,1.853,1.853,-0.078251,-0.078251,0.0,1.0,0,普通大幅波动
sz.159915,2020-02-04,1.816,1.708,1.708,0.063232,0.063232,0.0,1.0,0,普通大幅波动
sz.159915,2020-03-16,1.832,1.952,1.952,-0.061475,-0.061475,0.0,1.0,0,普通大幅波动
sz.159915,2020-07-16,2.558,2.722,2.722,-0.06025,-0.06025,0.0,1.0,0,普通大幅波动
sz.159915,2020-07-24,2.537,2.706,2.706,-0.062454,-0.062454,0.0,1.0,0,普通大幅波动
sz.159915,2024-02-06,1.623,1.527,1.527,0.062868,0.062868,0.0,1.0,0,普通大幅波动
sz.159915,2024-09-27,1.86,1.686,1.686,0.103203,0.103203,0.0,1.0,0,普通大幅波动
sz.159915,2024-09-30,2.232,1.86,1.86,0.2,0.2,0.0,1.0,0,普通大幅波动
sz.159915,2024-10-08,2.678,2.232,2.232,0.199821,0.199821,0.0,1.0,0,普通大幅波动
sz.159915,2024-10-09,2.242,2.678,2.678,-0.162808,-0.162808,0.0,1.0,0,普通大幅波动
sz.159915,2024-10-18,2.156,1.995,1.995,0.080702,0.080702,0.0,1.0,0,普通大幅波动
sz.159916,2015-01-05,2.379,2.24,,,0.062054,,,,普通大幅波动
sz.159916,2015-01-19,2.1,2.284,2.284,-0.08056,-0.08056,0.0,1.0,0,普通大幅波动
sz.159916,2015-01-21,2.259,2.121,2.121,0.065064,0.065064,0.0,1.0,0,普通大幅波动
sz.159916,2015-05-05,2.721,2.908,2.908,-0.064305,-0.064305,0.0,1.0,0,普通大幅波动
sz.159916,2015-05-11,2.866,2.701,2.701,0.061088,0.061088,0.0,1.0,0,普通大幅波动
sz.159916,2015-06-04,3.6,3.288,3.288,0.094891,0.094891,0.0,1.0,0,普通大幅波动
sz.159916,2015-06-05,3.882,3.6,3.6,0.078333,0.078333,0.0,1.0,0,普通大幅波动
sz.159916,2015-06-08,3.494,3.882,3.882,-0.099948,-0.099948,0.0,1.0,0,普通大幅波动
sz.159916,2015-07-02,2.786,2.968,2.968,-0.061321,-0.061321,0.0,1.0,0,普通大幅波动
sz.159916,2015-07-07,2.512,2.731,2.731,-0.08019,-0.08019,0.0,1.0,0,普通大幅波动
sz.159916,2015-07-08,2.261,2.512,2.512,-0.09992,-0.09992,0.0,1.0,0,普通大幅波动
sz.159916,2015-07-09,2.487,2.261,2.261,0.099956,0.099956,0.0,1.0,0,普通大幅波动
sz.159916,2015-07-10,2.736,2.487,2.487,0.100121,0.100121,0.0,1.0,0,普通大幅波动
sz.159916,2015-07-15,2.609,2.849,2.849,-0.08424,-0.08424,0.0,1.0,0,普通大幅波动
sz.159916,2015-07-27,2.514,2.772,2.772,-0.093074,-0.093074,0.0,1.0,0,普通大幅波动
sz.159916,2015-08-21,2.477,2.674,2.674,-0.073672,-0.073672,0.0,1.0,0,普通大幅波动
sz.159916,2015-08-24,2.232,2.477,2.477,-0.09891,-0.09891,0.0,1.0,0,普通大幅波动
sz.159916,2015-08-26,2.065,2.2,2.2,-0.061364,-0.061364,0.0,1.0,0,普通大幅波动
sz.159916,2015-08-27,2.25,2.065,2.065,0.089588,0.089588,0.0,1.0,0,普通大幅波动
sz.159916,2015-09-08,2.122,2.321,2.321,-0.085739,-0.085739,0.0,1.0,0,普通大幅波动
sz.159916,2015-09-09,2.334,2.122,2.122,0.099906,0.099906,0.0,1.0,0,普通大幅波动
sz.159916,2015-09-11,2.508,2.28,2.28,0.1,0.1,0.0,1.0,0,普通大幅波动
sz.159916,2015-09-14,2.28,2.508,2.508,-0.090909,-0.090909,0.0,1.0,0,普通大幅波动
sz.159916,2015-11-04,2.36,2.215,2.215,0.065463,0.065463,0.0,1.0,0,普通大幅波动
sz.159916,2015-11-27,2.597,2.419,2.419,0.073584,0.073584,0.0,1.0,0,普通大幅波动
sz.159916,2015-11-30,2.379,2.597,2.597,-0.083943,-0.083943,0.0,1.0,0,普通大幅波动
sz.159916,2015-12-02,2.488,2.331,2.331,0.067353,0.067353,0.0,1.0,0,普通大幅波动
sz.159916,2015-12-21,2.844,2.669,2.669,0.065568,0.065568,0.0,1.0,0,普通大幅波动
sz.159916,2015-12-25,3.08,2.81,2.81,0.096085,0.096085,0.0,1.0,0,普通大幅波动
sz.159916,2016-01-05,2.908,2.714,2.714,0.071481,0.071481,0.0,1.0,0,普通大幅波动
sz.159916,2016-01-06,3.199,2.908,2.908,0.100069,0.100069,0.0,1.0,0,普通大幅波动
sz.159916,2016-01-12,3.275,3.067,3.067,0.067819,0.067819,0.0,1.0,0,普通大幅波动
sz.159916,2016-01-13,2.95,3.275,3.275,-0.099237,-0.099237,0.0,1.0,0,普通大幅波动
sz.159916,2016-01-15,2.6,2.889,2.889,-0.100035,-0.100035,0.0,1.0,0,普通大幅波动
sz.159916,2016-01-21,2.67,2.44,2.44,0.094262,0.094262,0.0,1.0,0,普通大幅波动
sz.159916,2016-01-22,2.853,2.67,2.67,0.068539,0.068539,0.0,1.0,0,普通大幅波动
sz.159916,2016-01-26,2.698,2.998,2.998,-0.100067,-0.100067,0.0,1.0,0,普通大幅波动
sz.159916,2016-01-27,2.428,2.698,2.698,-0.100074,-0.100074,0.0,1.0,0,普通大幅波动
sz.159916,2016-03-02,2.395,2.246,2.246,0.06634,0.06634,0.0,1.0,0,普通大幅波动
sz.159916,2016-03-30,2.587,2.435,2.435,0.062423,0.062423,0.0,1.0,0,普通大幅波动
sz.159916,2016-07-07,2.58,2.4,2.4,0.075,0.075,0.0,1.0,0,普通大幅波动
sz.159916,2016-12-20,2.641,2.849,2.849,-0.073008,-0.073008,0.0,1.0,1,停牌复牌型
sz.159916,2017-08-09,3.539,3.275,3.275,0.080611,0.080611,0.0,1.0,0,普通大幅波动
sz.159916,2017-09-15,3.889,3.596,3.596,0.081479,0.081479,0.0,1.0,0,普通大幅波动
sz.159916,2017-11-21,4.101,3.83,3.83,0.070757,0.070757,0.0,1.0,0,普通大幅波动
sz.159916,2020-02-03,3.994,4.39,4.39,-0.090205,-0.090205,0.0,1.0,0,普通大幅波动
sz.159916,2020-07-06,4.978,4.656,4.656,0.069158,0.069158,0.0,1.0,0,普通大幅波动
sz.159916,2022-03-15,4.441,4.77,4.77,-0.068973,-0.068973,0.0,1.0,0,普通大幅波动
sz.159916,2022-04-28,4.818,4.485,4.485,0.074247,0.074247,0.0,1.0,0,普通大幅波动
sz.159916,2022-10-28,3.941,4.199,4.199,-0.061443,-0.061443,0.0,1.0,0,普通大幅波动
sz.159916,2024-09-30,5.181,4.71,4.71,0.1,0.1,0.0,1.0,0,普通大幅波动
sz.159916,2024-10-08,5.66,5.181,5.181,0.092453,0.092453,0.0,1.0,0,普通大幅波动
sz.159916,2024-10-09,5.094,5.66,5.66,-0.1,-0.1,0.0,1.0,0,普通大幅波动
sz.159917,2015-03-24,1.7,1.595,1.595,0.065831,0.065831,0.0,1.0,0,普通大幅波动
sz.159917,2015-03-26,1.631,1.739,1.739,-0.062105,-0.062105,0.0,1.0,0,普通大幅波动
sz.159917,2015-05-11,2.048,1.878,1.878,0.090522,0.090522,0.0,1.0,0,普通大幅波动
sz.159917,2015-05-20,2.38,2.172,2.172,0.095764,0.095764,0.0,1.0,0,普通大幅波动
sz.159917,2015-06-26,2.124,2.319,2.319,-0.084088,-0.084088,0.0,1.0,0,普通大幅波动
sz.159917,2015-06-29,1.912,2.124,2.124,-0.099812,-0.099812,0.0,1.0,0,普通大幅波动
sz.159917,2015-07-07,1.704,1.893,1.893,-0.099842,-0.099842,0.0,1.0,0,普通大幅波动
sz.159917,2015-07-08,1.538,1.704,1.704,-0.097418,-0.097418,0.0,1.0,0,普通大幅波动
sz.159917,2015-07-09,1.692,1.538,1.538,0.10013,0.10013,0.0,1.0,0,普通大幅波动
sz.159917,2015-07-10,1.861,1.692,1.692,0.099882,0.099882,0.0,1.0,0,普通大幅波动
sz.159917,2015-07-13,2.047,1.861,1.861,0.099946,0.099946,0.0,1.0,0,普通大幅波动
sz.159917,2015-07-14,1.9,2.047,2.047,-0.071812,-0.071812,0.0,1.0,0,普通大幅波动
sz.159917,2015-07-15,1.735,1.9,1.9,-0.086842,-0.086842,0.0,1.0,0,普通大幅波动
sz.159917,2015-07-17,1.923,1.782,1.782,0.079125,0.079125,0.0,1.0,0,普通大幅波动
sz.159917,2015-07-27,1.78,1.97,1.97,-0.096447,-0.096447,0.0,1.0,0,普通大幅波动
sz.159917,2015-08-24,1.746,1.94,1.94,-0.1,-0.1,0.0,1.0,0,普通大幅波动
sz.159917,2015-08-25,1.615,1.746,1.746,-0.075029,-0.075029,0.0,1.0,0,普通大幅波动
sz.159917,2015-08-26,1.77,1.615,1.615,0.095975,0.095975,0.0,1.0,0,普通大幅波动
sz.159918,2015-04-07,2.677,2.442,2.442,0.096233,0.096233,0.0,1.0,0,普通大幅波动
sz.159918,2015-05-08,2.644,2.492,2.492,0.060995,0.060995,0.0,1.0,0,普通大幅波动
sz.159918,2015-05-11,2.855,2.644,2.644,0.079803,0.079803,0.0,1.0,0,普通大幅波动
sz.159918,2015-05-12,3.08,2.855,2.855,0.078809,0.078809,0.0,1.0,0,普通大幅波动
sz.159918,2015-06-02,3.99,3.675,3.675,0.085714,0.085714,0.0,1.0,0,普通大幅波动
sz.159918,2015-06-26,2.879,3.199,3.199,-0.100031,-0.100031,0.0,1.0,0,普通大幅波动
sz.159918,2015-06-29,2.651,2.879,2.879,-0.079194,-0.079194,0.0,1.0,0,普通大幅波动
sz.159918,2015-06-30,2.866,2.651,2.651,0.081101,0.081101,0.0,1.0,0,普通大幅波动
sz.159918,2015-07-07,2.204,2.449,2.449,-0.100041,-0.100041,0.0,1.0,0,普通大幅波动
sz.159918,2015-07-08,1.984,2.204,2.204,-0.099819,-0.099819,0.0,1.0,0,普通大幅波动
sz.159918,2015-07-09,2.182,1.984,1.984,0.099798,0.099798,0.0,1.0,0,普通大幅波动
sz.159918,2015-07-10,2.4,2.182,2.182,0.099908,0.099908,0.0,1.0,0,普通大幅波动
sz.159918,2015-07-13,2.64,2.4,2.4,0.1,0.1,0.0,1.0,0,普通大幅波动
sz.159918,2015-07-14,2.84,2.64,2.64,0.075758,0.075758,0.0,1.0,0,普通大幅波动
sz.159918,2015-07-15,2.556,2.84,2.84,-0.1,-0.1,0.0,1.0,0,普通大幅波动
sz.159918,2015-07-27,2.268,2.503,2.503,-0.093887,-0.093887,0.0,1.0,0,普通大幅波动
sz.159918,2015-08-10,2.472,2.315,2.315,0.067819,0.067819,0.0,1.0,0,普通大幅波动
sz.159918,2015-08-21,2.227,2.37,2.37,-0.060338,-0.060338,0.0,1.0,0,普通大幅波动
sz.159918,2015-08-24,2.004,2.227,2.227,-0.100135,-0.100135,0.0,1.0,0,普通大幅波动
sz.159918,2015-08-25,1.804,2.004,2.004,-0.0998,-0.0998,0.0,1.0,0,普通大幅波动
sz.159918,2015-09-16,1.788,1.684,1.684,0.061758,0.061758,0.0,1.0,0,普通大幅波动
sz.159918,2015-10-08,1.955,1.837,1.837,0.064235,0.064235,0.0,1.0,0,普通大幅波动
sz.159918,2015-10-12,2.1,1.959,1.959,0.071975,0.071975,0.0,1.0,0,普通大幅波动
sz.159918,2015-10-27,2.378,2.227,2.227,0.067804,0.067804,0.0,1.0,0,普通大幅波动
sz.159918,2015-11-27,2.301,2.49,2.49,-0.075904,-0.075904,0.0,1.0,0,普通大幅波动
sz.159918,2016-01-04,2.271,2.503,2.503,-0.092689,-0.092689,0.0,1.0,0,普通大幅波动
sz.159918,2016-01-07,2.1,2.255,2.255,-0.068736,-0.068736,0.0,1.0,0,普通大幅波动
sz.159918,2016-01-11,1.938,2.096,2.096,-0.075382,-0.075382,0.0,1.0,0,普通大幅波动
sz.159918,2016-01-26,1.817,1.943,1.943,-0.064848,-0.064848,0.0,1.0,0,普通大幅波动
sz.159918,2016-01-28,1.688,1.797,1.797,-0.060657,-0.060657,0.0,1.0,0,普通大幅波动
sz.159918,2016-02-25,1.8,1.958,1.958,-0.080695,-0.080695,0.0,1.0,0,普通大幅波动
sz.159918,2016-02-29,1.701,1.81,1.81,-0.060221,-0.060221,0.0,1.0,0,普通大幅波动
sz.159918,2017-05-05,2.028,1.861,1.861,0.089737,0.089737,0.0,1.0,0,普通大幅波动
sz.159918,2017-09-21,1.772,1.966,1.966,-0.098678,-0.098678,0.0,1.0,0,普通大幅波动
sz.159918,2017-09-22,1.893,1.772,1.772,0.068284,0.068284,0.0,1.0,0,普通大幅波动
sz.159918,2018-06-21,1.448,1.566,1.566,-0.075351,-0.075351,0.0,1.0,0,普通大幅波动
sz.159918,2018-08-09,1.499,1.385,1.385,0.08231,0.08231,0.0,1.0,1,停牌复牌型
sz.159918,2018-08-10,1.405,1.499,1.499,-0.062708,-0.062708,0.0,1.0,0,普通大幅波动
sz.159918,2018-10-11,1.168,1.294,1.294,-0.097372,-0.097372,0.0,1.0,0,普通大幅波动
sz.159918,2019-02-25,1.42,1.291,1.291,0.099923,0.099923,0.0,1.0,0,普通大幅波动
sz.159918,2020-02-17,1.789,1.641,1.641,0.090189,0.090189,0.0,1.0,0,普通大幅波动
sz.159918,2020-07-16,2.001,2.15,2.15,-0.069302,-0.069302,0.0,1.0,0,普通大幅波动
sz.159918,2021-07-05,2.265,2.071,2.071,0.093675,0.093675,0.0,1.0,0,普通大幅波动
sz.159918,2021-07-06,2.106,2.265,2.265,-0.070199,-0.070199,0.0,1.0,0,普通大幅波动
sz.159918,2022-01-28,2.059,2.205,2.205,-0.066213,-0.066213,0.0,1.0,0,普通大幅波动
sz.159918,2022-04-26,1.507,1.608,1.608,-0.062811,-0.062811,0.0,1.0,0,普通大幅波动
sz.159918,2022-09-01,1.967,1.844,1.844,0.066703,0.066703,0.0,1.0,0,普通大幅波动
sz.159918,2023-12-28,1.79,1.657,1.657,0.080266,0.080266,0.0,1.0,0,普通大幅波动
sz.159918,2024-01-02,1.701,1.89,1.89,-0.1,-0.1,0.0,1.0,0,普通大幅波动
sz.159918,2024-02-06,1.36,1.261,1.261,0.078509,0.078509,0.0,1.0,0,普通大幅波动
sz.159918,2024-02-07,1.459,1.36,1.36,0.072794,0.072794,0.0,1.0,0,普通大幅波动
sz.159918,2024-09-27,1.562,1.458,1.458,0.071331,0.071331,0.0,1.0,0,普通大幅波动
sz.159918,2024-09-30,1.718,1.562,1.562,0.099872,0.099872,0.0,1.0,0,普通大幅波动
sz.159918,2024-10-08,1.89,1.718,1.718,0.100116,0.100116,0.0,1.0,0,普通大幅波动
sz.159918,2024-10-09,1.75,1.89,1.89,-0.074074,-0.074074,0.0,1.0,0,普通大幅波动
sz.159918,2024-10-18,1.766,1.648,1.648,0.071602,0.071602,0.0,1.0,0,普通大幅波动
sz.159919,2015-01-19,3.402,3.78,3.78,-0.1,-0.1,0.0,1.0,0,普通大幅波动
sz.159919,2015-05-28,5.034,5.379,5.379,-0.064138,-0.064138,0.0,1.0,0,普通大幅波动
sz.159919,2015-06-26,4.401,4.886,4.886,-0.099263,-0.099263,0.0,1.0,0,普通大幅波动
sz.159919,2015-06-30,4.665,4.376,4.376,0.066042,0.066042,0.0,1.0,0,普通大幅波动
sz.159919,2015-07-06,4.432,4.08,4.08,0.086275,0.086275,0.0,1.0,0,普通大幅波动
sz.159919,2015-07-07,3.989,4.432,4.432,-0.099955,-0.099955,0.0,1.0,0,普通大幅波动
sz.159919,2015-07-08,3.59,3.989,3.989,-0.100025,-0.100025,0.0,1.0,0,普通大幅波动
sz.159919,2015-07-09,3.949,3.59,3.59,0.1,0.1,0.0,1.0,0,普通大幅波动
sz.159919,2015-07-10,4.344,3.949,3.949,0.100025,0.100025,0.0,1.0,0,普通大幅波动
sz.159919,2015-07-27,3.93,4.32,4.32,-0.090278,-0.090278,0.0,1.0,0,普通大幅波动
sz.159919,2015-08-24,3.537,3.93,3.93,-0.1,-0.1,0.0,1.0,0,普通大幅波动
sz.159919,2015-08-25,3.183,3.537,3.537,-0.100085,-0.100085,0.0,1.0,0,普通大幅波动
sz.159919,2015-09-16,3.477,3.249,3.249,0.070175,0.070175,0.0,1.0,0,普通大幅波动
sz.159919,2016-01-04,3.654,3.905,3.905,-0.064277,-0.064277,0.0,1.0,0,普通大幅波动
sz.159919,2016-01-07,3.464,3.689,3.689,-0.060992,-0.060992,0.0,1.0,0,普通大幅波动
sz.159919,2016-01-26,3.118,3.318,3.318,-0.060277,-0.060277,0.0,1.0,0,普通大幅波动
sz.159919,2019-01-14,3.064,3.068,3.408,-0.100939,-0.001304,-0.099765,1.0,1,无因子缺口缺陷
sz.159919,2019-02-25,3.742,3.515,3.515,0.06458,0.06458,0.0,1.0,0,普通大幅波动
sz.159919,2020-02-03,3.735,4.051,4.051,-0.078005,-0.078005,0.0,1.0,0,普通大幅波动
sz.159919,2020-07-06,4.876,4.526,4.526,0.077331,0.077331,0.0,1.0,0,普通大幅波动
sz.159919,2024-09-27,3.992,3.726,3.726,0.07139,0.07139,0.0,1.0,0,普通大幅波动
sz.159919,2024-09-30,4.331,3.992,3.992,0.08492,0.08492,0.0,1.0,0,普通大幅波动
sz.159919,2024-10-09,4.136,4.551,4.551,-0.091189,-0.091189,0.0,1.0,0,普通大幅波动
sz.159920,2015-04-03,1.315,1.195,1.195,0.100418,0.100418,0.0,1.0,0,普通大幅波动
sz.159920,2015-04-07,1.447,1.315,1.315,0.10038,0.10038,0.0,1.0,0,普通大幅波动
sz.159920,2015-04-08,1.302,1.447,1.447,-0.100207,-0.100207,0.0,1.0,0,普通大幅波动
sz.159920,2015-07-08,1.055,1.172,1.172,-0.099829,-0.099829,0.0,1.0,0,普通大幅波动
sz.159920,2015-07-09,1.145,1.055,1.055,0.085308,0.085308,0.0,1.0,0,普通大幅波动
sz.159920,2022-03-16,1.027,0.947,0.947,0.084477,0.084477,0.0,1.0,0,普通大幅波动
sz.159921,2015-03-09,1.69,1.572,1.572,0.075064,0.075064,0.0,1.0,0,普通大幅波动
sz.159921,2015-05-11,2.11,1.968,1.968,0.072154,0.072154,0.0,1.0,0,普通大幅波动
sz.159921,2015-05-22,2.64,2.4,2.4,0.1,0.1,0.0,1.0,0,普通大幅波动
sz.159921,2015-05-25,2.904,2.64,2.64,0.1,0.1,0.0,1.0,0,普通大幅波动
sz.159921,2015-05-26,3.194,2.904,2.904,0.099862,0.099862,0.0,1.0,0,普通大幅波动
sz.159921,2015-05-27,3.513,3.194,3.194,0.099875,0.099875,0.0,1.0,0,普通大幅波动
sz.159921,2015-05-28,3.864,3.513,3.513,0.099915,0.099915,0.0,1.0,0,普通大幅波动
sz.159921,2015-05-29,4.229,3.864,3.864,0.094462,0.094462,0.0,1.0,0,普通大幅波动
sz.159921,2015-06-01,3.806,4.229,4.229,-0.100024,-0.100024,0.0,1.0,0,普通大幅波动
sz.159921,2015-06-02,3.425,3.806,3.806,-0.100105,-0.100105,0.0,1.0,0,普通大幅波动
sz.159921,2015-06-03,3.083,3.425,3.425,-0.099854,-0.099854,0.0,1.0,0,普通大幅波动
sz.159921,2015-06-08,2.99,3.193,3.193,-0.063577,-0.063577,0.0,1.0,0,普通大幅波动
sz.159921,2015-06-26,2.175,2.362,2.362,-0.07917,-0.07917,0.0,1.0,0,普通大幅波动
sz.159921,2015-06-29,2.393,2.175,2.175,0.10023,0.10023,0.0,1.0,0,普通大幅波动
sz.159921,2015-06-30,2.632,2.393,2.393,0.099875,0.099875,0.0,1.0,0,普通大幅波动
sz.159921,2015-07-01,2.895,2.632,2.632,0.099924,0.099924,0.0,1.0,0,普通大幅波动
sz.159921,2015-07-03,2.7,3.0,3.0,-0.1,-0.1,0.0,1.0,0,普通大幅波动
sz.159921,2015-07-06,2.97,2.7,2.7,0.1,0.1,0.0,1.0,0,普通大幅波动
sz.159921,2015-07-07,3.267,2.97,2.97,0.1,0.1,0.0,1.0,0,普通大幅波动
sz.159921,2015-07-08,3.594,3.267,3.267,0.100092,0.100092,0.0,1.0,0,普通大幅波动
sz.159921,2015-07-09,3.953,3.594,3.594,0.099889,0.099889,0.0,1.0,0,普通大幅波动
sz.159921,2015-07-10,4.348,3.953,3.953,0.099924,0.099924,0.0,1.0,0,普通大幅波动
sz.159921,2015-07-13,4.783,4.348,4.348,0.100046,0.100046,0.0,1.0,0,普通大幅波动
sz.159921,2015-07-14,5.261,4.783,4.783,0.099937,0.099937,0.0,1.0,0,普通大幅波动
sz.159921,2015-07-15,4.735,5.261,5.261,-0.099981,-0.099981,0.0,1.0,0,普通大幅波动
sz.159921,2015-07-16,4.262,4.735,4.735,-0.099894,-0.099894,0.0,1.0,0,普通大幅波动
sz.159921,2015-07-17,3.836,4.262,4.262,-0.099953,-0.099953,0.0,1.0,0,普通大幅波动
sz.159921,2015-07-20,3.452,3.836,3.836,-0.100104,-0.100104,0.0,1.0,0,普通大幅波动
sz.159921,2015-07-21,3.797,3.452,3.452,0.099942,0.099942,0.0,1.0,0,普通大幅波动
sz.159921,2015-07-22,3.417,3.797,3.797,-0.100079,-0.100079,0.0,1.0,0,普通大幅波动
sz.159921,2015-07-23,3.075,3.417,3.417,-0.100088,-0.100088,0.0,1.0,0,普通大幅波动
sz.159921,2015-07-24,3.383,3.075,3.075,0.100163,0.100163,0.0,1.0,0,普通大幅波动
sz.159921,2015-07-27,3.045,3.383,3.383,-0.099911,-0.099911,0.0,1.0,0,普通大幅波动
sz.159921,2015-07-28,2.741,3.045,3.045,-0.099836,-0.099836,0.0,1.0,0,普通大幅波动
sz.159921,2015-07-29,2.543,2.741,2.741,-0.072236,-0.072236,0.0,1.0,0,普通大幅波动
sz.159921,2015-07-30,2.289,2.543,2.543,-0.099882,-0.099882,0.0,1.0,0,普通大幅波动
sz.159921,2015-07-31,2.06,2.289,2.289,-0.100044,-0.100044,0.0,1.0,0,普通大幅波动
sz.159921,2015-08-03,1.893,2.06,2.06,-0.081068,-0.081068,0.0,1.0,0,普通大幅波动
sz.159921,2015-08-04,2.082,1.893,1.893,0.099842,0.099842,0.0,1.0,0,普通大幅波动
sz.159921,2015-08-05,2.29,2.082,2.082,0.099904,0.099904,0.0,1.0,0,普通大幅波动
sz.159921,2015-08-06,2.061,2.29,2.29,-0.1,-0.1,0.0,1.0,0,普通大幅波动
sz.159921,2015-08-10,2.29,2.115,2.115,0.082742,0.082742,0.0,1.0,0,普通大幅波动
sz.159921,2015-08-12,2.03,2.187,2.187,-0.071788,-0.071788,0.0,1.0,0,普通大幅波动
sz.159921,2015-08-13,2.179,2.03,2.03,0.073399,0.073399,0.0,1.0,0,普通大幅波动
sz.159921,2015-08-18,1.917,2.112,2.112,-0.09233,-0.09233,0.0,1.0,0,普通大幅波动
sz.159921,2015-08-24,1.652,1.835,1.835,-0.099728,-0.099728,0.0,1.0,0,普通大幅波动
sz.159921,2015-08-25,1.487,1.652,1.652,-0.099879,-0.099879,0.0,1.0,0,普通大幅波动
sz.159921,2015-08-28,1.709,1.599,1.599,0.068793,0.068793,0.0,1.0,0,普通大幅波动
sz.159921,2015-09-14,1.51,1.625,1.625,-0.070769,-0.070769,0.0,1.0,0,普通大幅波动
sz.159921,2015-09-15,1.407,1.51,1.51,-0.068212,-0.068212,0.0,1.0,0,普通大幅波动
sz.159921,2015-09-16,1.548,1.407,1.407,0.100213,0.100213,0.0,1.0,0,普通大幅波动
sz.159921,2015-11-04,1.847,1.718,1.718,0.075087,0.075087,0.0,1.0,0,普通大幅波动
sz.159921,2015-11-23,2.219,2.017,2.017,0.100149,0.100149,0.0,1.0,0,普通大幅波动
sz.159921,2015-11-26,2.137,2.373,2.373,-0.099452,-0.099452,0.0,1.0,0,普通大幅波动
sz.159921,2015-11-27,1.923,2.137,2.137,-0.10014,-0.10014,0.0,1.0,0,普通大幅波动
sz.159921,2016-01-04,1.795,1.944,1.944,-0.076646,-0.076646,0.0,1.0,0,普通大幅波动
sz.159921,2016-01-07,1.659,1.788,1.788,-0.072148,-0.072148,0.0,1.0,0,普通大幅波动
sz.159921,2016-01-11,1.534,1.68,1.68,-0.086905,-0.086905,0.0,1.0,0,普通大幅波动
sz.159921,2016-01-26,1.451,1.559,1.559,-0.069275,-0.069275,0.0,1.0,0,普通大幅波动
sz.159921,2016-02-19,1.69,1.569,1.569,0.077119,0.077119,0.0,1.0,0,普通大幅波动
sz.159921,2016-02-25,1.479,1.599,1.599,-0.075047,-0.075047,0.0,1.0,0,普通大幅波动
sz.159922,2015-06-19,9.741,10.408,10.408,-0.064085,-0.064085,0.0,1.0,0,普通大幅波动
sz.159922,2015-06-26,8.65,9.61,9.61,-0.099896,-0.099896,0.0,1.0,0,普通大幅波动
sz.159922,2015-07-02,7.577,8.17,8.17,-0.072583,-0.072583,0.0,1.0,0,普通大幅波动
sz.159922,2015-07-03,7.05,7.577,7.577,-0.069553,-0.069553,0.0,1.0,0,普通大幅波动
sz.159922,2015-07-07,6.489,7.2,7.2,-0.09875,-0.09875,0.0,1.0,0,普通大幅波动
sz.159922,2015-07-08,5.844,6.489,6.489,-0.099399,-0.099399,0.0,1.0,0,普通大幅波动
sz.159922,2015-07-09,6.428,5.844,5.844,0.099932,0.099932,0.0,1.0,0,普通大幅波动
sz.159922,2015-07-10,7.071,6.428,6.428,0.100031,0.100031,0.0,1.0,0,普通大幅波动
sz.159922,2015-07-13,7.778,7.071,7.071,0.099986,0.099986,0.0,1.0,0,普通大幅波动
sz.159922,2015-07-15,6.812,7.569,7.569,-0.100013,-0.100013,0.0,1.0,0,普通大幅波动
sz.159922,2015-07-17,7.547,7.053,7.053,0.070041,0.070041,0.0,1.0,0,普通大幅波动
sz.159922,2015-07-23,8.218,7.746,7.746,0.060935,0.060935,0.0,1.0,0,普通大幅波动
sz.159922,2015-07-27,7.396,8.01,8.01,-0.076654,-0.076654,0.0,1.0,0,普通大幅波动
sz.159922,2015-08-04,7.54,6.981,6.981,0.080074,0.080074,0.0,1.0,0,普通大幅波动
sz.159922,2015-08-10,8.157,7.692,7.692,0.060452,0.060452,0.0,1.0,0,普通大幅波动
sz.159922,2015-08-18,7.816,8.445,8.445,-0.074482,-0.074482,0.0,1.0,0,普通大幅波动
sz.159922,2015-08-24,6.66,7.4,7.4,-0.1,-0.1,0.0,1.0,0,普通大幅波动
sz.159922,2015-08-25,5.994,6.66,6.66,-0.1,-0.1,0.0,1.0,0,普通大幅波动
sz.159922,2015-08-28,6.53,6.152,6.152,0.061443,0.061443,0.0,1.0,0,普通大幅波动
sz.159922,2015-09-01,5.827,6.27,6.27,-0.070654,-0.070654,0.0,1.0,0,普通大幅波动
sz.159922,2015-09-14,5.734,6.292,6.292,-0.088684,-0.088684,0.0,1.0,0,普通大幅波动
sz.159922,2015-09-16,5.97,5.522,5.522,0.08113,0.08113,0.0,1.0,0,普通大幅波动
sz.159922,2015-09-18,6.379,5.806,5.806,0.098691,0.098691,0.0,1.0,0,普通大幅波动
sz.159922,2015-09-22,6.897,6.42,6.42,0.074299,0.074299,0.0,1.0,0,普通大幅波动
sz.159922,2015-09-23,6.228,6.897,6.897,-0.096999,-0.096999,0.0,1.0,0,普通大幅波动
sz.159922,2016-01-11,6.194,6.601,6.601,-0.061657,-0.061657,0.0,1.0,0,普通大幅波动
sz.159922,2016-01-26,5.515,5.95,5.95,-0.073109,-0.073109,0.0,1.0,0,普通大幅波动
sz.159922,2016-02-25,5.537,5.994,5.994,-0.076243,-0.076243,0.0,1.0,0,普通大幅波动
sz.159922,2018-10-11,4.488,4.814,4.814,-0.067719,-0.067719,0.0,1.0,0,普通大幅波动
sz.159922,2019-05-06,5.165,5.525,5.525,-0.065158,-0.065158,0.0,1.0,0,普通大幅波动
sz.159922,2020-02-03,5.18,5.716,5.716,-0.093772,-0.093772,0.0,1.0,0,普通大幅波动
sz.159922,2022-02-18,6.827,6.768,7.563,-0.097316,0.008717,-0.105117,1.1175,0,分红型
sz.159922,2022-04-25,5.388,5.752,5.752,-0.063282,-0.063282,0.0,1.0,0,普通大幅波动
sz.159922,2024-02-06,5.032,4.659,4.659,0.08006,0.08006,0.0,1.0,0,普通大幅波动
sz.159922,2024-09-27,5.756,5.236,5.236,0.099312,0.099312,0.0,1.0,0,普通大幅波动
sz.159922,2024-09-30,6.217,5.756,5.756,0.08009,0.08009,0.0,1.0,0,普通大幅波动
sz.159922,2024-10-09,6.057,6.51,6.51,-0.069585,-0.069585,0.0,1.0,0,普通大幅波动
sz.159922,2024-12-02,2.374,2.334,6.159,-0.614548,0.017138,-0.621042,2.6387472,0,拆分合并型
sz.159923,2015-01-19,1.282,1.404,1.404,-0.086895,-0.086895,0.0,1.0,0,普通大幅波动
sz.159923,2015-05-28,1.7,1.823,1.823,-0.067471,-0.067471,0.0,1.0,0,普通大幅波动
sz.159923,2015-06-26,1.54,1.649,1.649,-0.066101,-0.066101,0.0,1.0,0,普通大幅波动
sz.159923,2015-06-30,1.684,1.531,1.531,0.099935,0.099935,0.0,1.0,0,普通大幅波动
sz.159923,2015-07-03,1.512,1.644,1.644,-0.080292,-0.080292,0.0,1.0,0,普通大幅波动
sz.159923,2015-07-06,1.663,1.512,1.512,0.099868,0.099868,0.0,1.0,0,普通大幅波动
sz.159923,2015-07-07,1.829,1.663,1.663,0.09982,0.09982,0.0,1.0,0,普通大幅波动
sz.159923,2015-07-08,1.646,1.829,1.829,-0.100055,-0.100055,0.0,1.0,0,普通大幅波动
sz.159923,2015-07-09,1.781,1.646,1.646,0.082017,0.082017,0.0,1.0,0,普通大幅波动
sz.159923,2015-07-10,1.899,1.781,1.781,0.066255,0.066255,0.0,1.0,0,普通大幅波动
sz.159923,2015-07-14,1.949,1.816,1.816,0.073238,0.073238,0.0,1.0,0,普通大幅波动
sz.159923,2015-07-15,1.754,1.949,1.949,-0.100051,-0.100051,0.0,1.0,0,普通大幅波动
sz.159923,2015-07-16,1.587,1.754,1.754,-0.095211,-0.095211,0.0,1.0,0,普通大幅波动
sz.159923,2015-07-27,1.366,1.5,1.5,-0.089333,-0.089333,0.0,1.0,0,普通大幅波动
sz.159923,2015-08-24,1.175,1.306,1.306,-0.100306,-0.100306,0.0,1.0,0,普通大幅波动
sz.159923,2015-08-25,1.058,1.175,1.175,-0.099574,-0.099574,0.0,1.0,0,普通大幅波动
sz.159923,2015-08-27,1.16,1.073,1.073,0.081081,0.081081,0.0,1.0,0,普通大幅波动
sz.159923,2018-01-19,2.111,1.948,1.948,0.083676,0.083676,0.0,1.0,0,普通大幅波动
sz.159923,2018-01-22,2.322,2.111,2.111,0.099953,0.099953,0.0,1.0,0,普通大幅波动
sz.159923,2018-01-23,2.09,2.322,2.322,-0.099914,-0.099914,0.0,1.0,0,普通大幅波动
sz.159923,2018-01-24,1.881,2.09,2.09,-0.1,-0.1,0.0,1.0,0,普通大幅波动
sz.159923,2019-02-25,1.611,1.513,1.513,0.064772,0.064772,0.0,1.0,0,普通大幅波动
sz.159923,2020-02-03,1.607,1.75,1.75,-0.081714,-0.081714,0.0,1.0,0,普通大幅波动
sz.159923,2020-07-06,2.09,1.9,1.9,0.1,0.1,0.0,1.0,0,普通大幅波动
sz.159923,2021-01-08,2.691,2.446,2.446,0.100164,0.100164,0.0,1.0,0,普通大幅波动
sz.159923,2021-01-12,2.546,2.829,2.829,-0.100035,-0.100035,0.0,1.0,0,普通大幅波动
sz.159923,2024-09-30,1.819,1.655,1.655,0.099094,0.099094,0.0,1.0,0,普通大幅波动
sz.159923,2024-10-08,1.95,1.819,1.819,0.072018,0.072018,0.0,1.0,0,普通大幅波动
sz.159923,2024-10-09,1.777,1.95,1.95,-0.088718,-0.088718,0.0,1.0,0,普通大幅波动
sz.159923,2024-10-10,1.955,1.777,1.777,0.100169,0.100169,0.0,1.0,0,普通大幅波动
sz.159923,2024-10-11,2.151,1.955,1.955,0.100256,0.100256,0.0,1.0,0,普通大幅波动
sz.159923,2024-10-14,2.366,2.151,2.151,0.099954,0.099954,0.0,1.0,0,普通大幅波动
sz.159923,2024-10-16,2.061,2.29,2.29,-0.1,-0.1,0.0,1.0,0,普通大幅波动
sz.159923,2024-10-17,1.855,2.061,2.061,-0.099951,-0.099951,0.0,1.0,0,普通大幅波动
sz.159924,2015-06-01,2.216,2.09,2.09,0.060287,0.060287,0.0,1.0,0,普通大幅波动
sz.159924,2015-06-19,2.064,2.22,2.22,-0.07027,-0.07027,0.0,1.0,0,普通大幅波动
sz.159924,2015-06-26,1.902,2.088,2.088,-0.08908,-0.08908,0.0,1.0,0,普通大幅波动
sz.159924,2015-07-03,1.636,1.792,1.792,-0.087054,-0.087054,0.0,1.0,0,普通大幅波动
sz.159924,2015-07-07,1.51,1.639,1.639,-0.078707,-0.078707,0.0,1.0,0,普通大幅波动
sz.159924,2015-07-08,1.359,1.51,1.51,-0.1,-0.1,0.0,1.0,0,普通大幅波动
sz.159924,2015-07-09,1.495,1.359,1.359,0.100074,0.100074,0.0,1.0,0,普通大幅波动
sz.159924,2015-07-10,1.645,1.495,1.495,0.100334,0.100334,0.0,1.0,0,普通大幅波动
sz.159924,2015-07-13,1.8,1.645,1.645,0.094225,0.094225,0.0,1.0,0,普通大幅波动
sz.159924,2015-07-15,1.665,1.806,1.806,-0.078073,-0.078073,0.0,1.0,0,普通大幅波动
sz.159924,2015-07-27,1.601,1.779,1.779,-0.100056,-0.100056,0.0,1.0,0,普通大幅波动
sz.159924,2015-08-10,1.765,1.656,1.656,0.065821,0.065821,0.0,1.0,0,普通大幅波动
sz.159924,2015-08-21,1.58,1.681,1.681,-0.060083,-0.060083,0.0,1.0,0,普通大幅波动
sz.159924,2015-08-24,1.425,1.58,1.58,-0.098101,-0.098101,0.0,1.0,0,普通大幅波动
sz.159924,2015-08-25,1.283,1.425,1.425,-0.099649,-0.099649,0.0,1.0,0,普通大幅波动
sz.159924,2015-08-28,1.444,1.339,1.339,0.078417,0.078417,0.0,1.0,0,普通大幅波动
sz.159924,2015-10-12,1.465,1.37,1.37,0.069343,0.069343,0.0,1.0,0,普通大幅波动
sz.159924,2015-10-22,1.599,1.488,1.488,0.074597,0.074597,0.0,1.0,0,普通大幅波动
sz.159924,2015-10-26,1.645,1.525,1.525,0.078689,0.078689,0.0,1.0,0,普通大幅波动
sz.159924,2016-01-08,1.52,1.42,1.42,0.070423,0.070423,0.0,1.0,0,普通大幅波动
sz.159924,2016-01-12,1.613,1.5,1.5,0.075333,0.075333,0.0,1.0,0,普通大幅波动
sz.159924,2016-01-13,1.77,1.613,1.613,0.097334,0.097334,0.0,1.0,0,普通大幅波动
sz.159924,2016-01-14,1.929,1.77,1.77,0.089831,0.089831,0.0,1.0,0,普通大幅波动
sz.159924,2016-01-15,2.09,1.929,1.929,0.083463,0.083463,0.0,1.0,0,普通大幅波动
sz.159924,2016-01-21,1.951,2.168,2.168,-0.100092,-0.100092,0.0,1.0,0,普通大幅波动
sz.159924,2016-01-22,1.756,1.951,1.951,-0.099949,-0.099949,0.0,1.0,0,普通大幅波动
sz.159924,2016-01-25,1.58,1.756,1.756,-0.100228,-0.100228,0.0,1.0,0,普通大幅波动
sz.159924,2016-01-26,1.422,1.58,1.58,-0.1,-0.1,0.0,1.0,0,普通大幅波动
sz.159924,2016-01-27,1.28,1.422,1.422,-0.099859,-0.099859,0.0,1.0,0,普通大幅波动
sz.159924,2016-01-28,1.2,1.28,1.28,-0.0625,-0.0625,0.0,1.0,0,普通大幅波动
sz.159924,2016-01-29,1.288,1.2,1.2,0.073333,0.073333,0.0,1.0,0,普通大幅波动
sz.159924,2016-02-03,1.329,1.234,1.234,0.076985,0.076985,0.0,1.0,0,普通大幅波动
sz.159924,2016-09-26,1.44,1.532,1.532,-0.060052,-0.060052,0.0,1.0,0,普通大幅波动
sz.159924,2017-02-20,1.41,1.318,1.318,0.069803,0.069803,0.0,1.0,0,普通大幅波动
sz.159925,2015-01-19,1.318,1.433,1.433,-0.080251,-0.080251,0.0,1.0,0,普通大幅波动
sz.159925,2015-05-28,1.893,2.032,2.032,-0.068406,-0.068406,0.0,1.0,0,普通大幅波动
sz.159925,2015-06-26,1.684,1.851,1.851,-0.090222,-0.090222,0.0,1.0,0,普通大幅波动
sz.159925,2015-06-30,1.767,1.636,1.636,0.080073,0.080073,0.0,1.0,0,普通大幅波动
sz.159925,2015-07-06,1.608,1.51,1.51,0.064901,0.064901,0.0,1.0,0,普通大幅波动
sz.159925,2015-07-07,1.503,1.608,1.608,-0.065299,-0.065299,0.0,1.0,0,普通大幅波动
sz.159925,2015-07-08,1.353,1.503,1.503,-0.0998,-0.0998,0.0,1.0,0,普通大幅波动
sz.159925,2015-07-09,1.488,1.353,1.353,0.099778,0.099778,0.0,1.0,0,普通大幅波动
sz.159925,2015-07-10,1.637,1.488,1.488,0.100134,0.100134,0.0,1.0,0,普通大幅波动
sz.159925,2015-07-27,1.48,1.62,1.62,-0.08642,-0.08642,0.0,1.0,0,普通大幅波动
sz.159925,2015-08-24,1.294,1.438,1.438,-0.100139,-0.100139,0.0,1.0,0,普通大幅波动
sz.159925,2015-08-25,1.165,1.294,1.294,-0.099691,-0.099691,0.0,1.0,0,普通大幅波动
sz.159925,2019-02-25,1.624,1.51,1.51,0.075497,0.075497,0.0,1.0,0,普通大幅波动
sz.159925,2020-02-03,1.614,1.766,1.766,-0.08607,-0.08607,0.0,1.0,0,普通大幅波动
sz.159925,2024-01-29,3.305,3.338,1.681,0.966092,-0.009886,0.985723,0.5036,0,拆分合并型
sz.159925,2024-09-27,3.825,3.566,3.566,0.07263,0.07263,0.0,1.0,0,普通大幅波动
sz.159925,2024-09-30,4.186,3.825,3.825,0.094379,0.094379,0.0,1.0,0,普通大幅波动
sz.159925,2024-10-09,3.961,4.331,4.331,-0.085431,-0.085431,0.0,1.0,0,普通大幅波动
sz.159926,2015-09-22,115.998,108.516,108.516,0.068948,0.068948,0.0,1.0,3,停牌复牌型
sz.159926,2015-09-25,113.8,104.172,104.172,0.092424,0.092424,0.0,1.0,0,普通大幅波动
sz.159926,2015-09-28,124.899,113.8,113.8,0.097531,0.097531,0.0,1.0,0,普通大幅波动
sz.159926,2015-10-23,112.0,124.0,124.0,-0.096774,-0.096774,0.0,1.0,5,停牌复牌型
sz.159926,2015-10-26,120.999,112.0,112.0,0.080348,0.080348,0.0,1.0,0,普通大幅波动
sz.159926,2015-11-30,119.999,109.999,109.999,0.09091,0.09091,0.0,1.0,0,普通大幅波动
sz.159926,2015-12-03,130.62,118.745,118.745,0.100004,0.100004,0.0,1.0,0,普通大幅波动
sz.159926,2015-12-04,117.558,130.62,130.62,-0.1,-0.1,0.0,1.0,0,普通大幅波动
sz.159926,2015-12-10,113.0,121.11,121.11,-0.066964,-0.066964,0.0,1.0,0,普通大幅波动
sz.159926,2016-03-01,120.788,109.899,109.899,0.099082,0.099082,0.0,1.0,0,普通大幅波动
sz.159926,2016-03-02,111.25,120.788,120.788,-0.078965,-0.078965,0.0,1.0,0,普通大幅波动
sz.159926,2017-08-04,108.5,115.461,115.461,-0.060289,-0.060289,0.0,1.0,0,普通大幅波动
sz.159926,2018-03-23,117.5,107.001,107.001,0.098121,0.098121,0.0,1.0,0,普通大幅波动
sz.159926,2018-05-11,119.302,109.602,109.602,0.088502,0.088502,0.0,1.0,0,普通大幅波动
sz.159926,2018-05-15,112.0,119.302,119.302,-0.061206,-0.061206,0.0,1.0,1,停牌复牌型
sz.159926,2018-12-04,122.5,113.0,113.0,0.084071,0.084071,0.0,1.0,1,停牌复牌型
sz.159926,2018-12-20,110.61,120.67,120.67,-0.083368,-0.083368,0.0,1.0,5,停牌复牌型
sz.159926,2020-03-18,141.0,131.0,131.0,0.076336,0.076336,0.0,1.0,0,普通大幅波动
sz.159926,2020-03-19,155.1,141.0,141.0,0.1,0.1,0.0,1.0,0,普通大幅波动
sz.159926,2020-03-20,139.59,155.1,155.1,-0.1,-0.1,0.0,1.0,0,普通大幅波动
sz.159926,2020-03-23,125.631,139.59,139.59,-0.1,-0.1,0.0,1.0,0,普通大幅波动
sz.159926,2020-03-24,115.061,125.631,125.631,-0.084135,-0.084135,0.0,1.0,0,普通大幅波动
sz.159926,2020-03-30,127.97,119.433,119.433,0.071479,0.071479,0.0,1.0,0,普通大幅波动
sz.159926,2022-03-25,129.961,119.599,119.599,0.08664,0.08664,0.0,1.0,0,普通大幅波动
sz.159926,2022-03-28,142.957,129.961,129.961,0.099999,0.099999,0.0,1.0,0,普通大幅波动
sz.159926,2022-03-29,128.661,142.957,142.957,-0.100002,-0.100002,0.0,1.0,0,普通大幅波动
sz.159926,2022-03-30,116.11,128.661,128.661,-0.097551,-0.097551,0.0,1.0,0,普通大幅波动
sz.159927,2015-06-26,4.384,4.854,4.854,-0.096827,-0.096827,0.0,1.0,0,普通大幅波动
sz.159927,2015-07-03,3.856,4.125,4.125,-0.065212,-0.065212,0.0,1.0,0,普通大幅波动
sz.159927,2015-07-06,4.17,3.856,3.856,0.081432,0.081432,0.0,1.0,0,普通大幅波动
sz.159927,2015-07-07,3.82,4.17,4.17,-0.083933,-0.083933,0.0,1.0,0,普通大幅波动
sz.159927,2015-07-08,3.438,3.82,3.82,-0.1,-0.1,0.0,1.0,0,普通大幅波动
sz.159927,2015-07-09,3.748,3.438,3.438,0.090169,0.090169,0.0,1.0,0,普通大幅波动
sz.159927,2015-07-10,4.123,3.748,3.748,0.100053,0.100053,0.0,1.0,0,普通大幅波动
sz.159927,2015-07-15,3.806,4.056,4.056,-0.061637,-0.061637,0.0,1.0,0,普通大幅波动
sz.159927,2015-07-17,4.14,3.89,3.89,0.064267,0.064267,0.0,1.0,0,普通大幅波动
sz.159927,2015-07-28,3.85,4.15,4.15,-0.072289,-0.072289,0.0,1.0,0,普通大幅波动
sz.159927,2015-07-31,4.289,3.951,3.951,0.085548,0.085548,0.0,1.0,0,普通大幅波动
sz.159927,2015-08-03,3.888,4.289,4.289,-0.093495,-0.093495,0.0,1.0,0,普通大幅波动
sz.159927,2015-08-10,4.15,3.905,3.905,0.06274,0.06274,0.0,1.0,0,普通大幅波动
sz.159927,2015-08-24,3.33,3.7,3.7,-0.1,-0.1,0.0,1.0,0,普通大幅波动
sz.159927,2015-08-25,2.997,3.33,3.33,-0.1,-0.1,0.0,1.0,0,普通大幅波动
sz.159927,2015-08-27,3.21,2.963,2.963,0.083361,0.083361,0.0,1.0,0,普通大幅波动
sz.159927,2015-09-09,3.398,3.15,3.15,0.07873,0.07873,0.0,1.0,0,普通大幅波动
sz.159927,2015-09-16,3.27,3.05,3.05,0.072131,0.072131,0.0,1.0,0,普通大幅波动
sz.159927,2015-12-02,3.719,3.488,3.488,0.066227,0.066227,0.0,1.0,0,普通大幅波动
sz.159927,2016-01-04,3.409,3.663,3.663,-0.069342,-0.069342,0.0,1.0,0,普通大幅波动
sz.159927,2016-06-21,3.071,2.85,2.85,0.077544,0.077544,0.0,1.0,0,普通大幅波动
sz.159927,2016-12-28,2.964,3.29,3.29,-0.099088,-0.099088,0.0,1.0,0,普通大幅波动
sz.159927,2016-12-29,3.26,2.964,2.964,0.099865,0.099865,0.0,1.0,0,普通大幅波动
sz.159927,2017-05-09,3.529,3.329,3.329,0.060078,0.060078,0.0,1.0,0,普通大幅波动
sz.159927,2017-06-12,3.282,3.5,3.5,-0.062286,-0.062286,0.0,1.0,0,普通大幅波动
sz.159927,2017-06-13,3.511,3.282,3.282,0.069775,0.069775,0.0,1.0,0,普通大幅波动
sz.159928,2015-05-28,1.735,1.855,1.855,-0.06469,-0.06469,0.0,1.0,0,普通大幅波动
sz.159928,2015-06-19,1.704,1.825,1.825,-0.066301,-0.066301,0.0,1.0,0,普通大幅波动
sz.159928,2015-06-26,1.596,1.753,1.753,-0.089561,-0.089561,0.0,1.0,0,普通大幅波动
sz.159928,2015-06-30,1.634,1.525,1.525,0.071475,0.071475,0.0,1.0,0,普通大幅波动
sz.159928,2015-07-03,1.391,1.496,1.496,-0.070187,-0.070187,0.0,1.0,0,普通大幅波动
sz.159928,2015-07-06,1.487,1.391,1.391,0.069015,0.069015,0.0,1.0,0,普通大幅波动
sz.159928,2015-07-07,1.34,1.487,1.487,-0.098857,-0.098857,0.0,1.0,0,普通大幅波动
sz.159928,2015-07-08,1.206,1.34,1.34,-0.1,-0.1,0.0,1.0,0,普通大幅波动
sz.159928,2015-07-09,1.327,1.206,1.206,0.100332,0.100332,0.0,1.0,0,普通大幅波动
sz.159928,2015-07-10,1.46,1.327,1.327,0.100226,0.100226,0.0,1.0,0,普通大幅波动
sz.159928,2015-07-13,1.606,1.46,1.46,0.1,0.1,0.0,1.0,0,普通大幅波动
sz.159928,2015-07-15,1.445,1.605,1.605,-0.099688,-0.099688,0.0,1.0,0,普通大幅波动
sz.159928,2015-07-27,1.431,1.54,1.54,-0.070779,-0.070779,0.0,1.0,0,普通大幅波动
sz.159928,2015-08-18,1.501,1.601,1.601,-0.062461,-0.062461,0.0,1.0,0,普通大幅波动
sz.159928,2015-08-24,1.273,1.414,1.414,-0.099717,-0.099717,0.0,1.0,0,普通大幅波动
sz.159928,2015-08-25,1.196,1.273,1.273,-0.060487,-0.060487,0.0,1.0,0,普通大幅波动
sz.159928,2015-09-16,1.274,1.2,1.2,0.061667,0.061667,0.0,1.0,0,普通大幅波动
sz.159928,2018-10-29,1.664,1.83,1.83,-0.09071,-0.09071,0.0,1.0,0,普通大幅波动
sz.159928,2019-03-18,2.518,2.339,2.339,0.076528,0.076528,0.0,1.0,0,普通大幅波动
sz.159928,2020-02-03,2.616,2.907,2.907,-0.100103,-0.100103,0.0,1.0,0,普通大幅波动
sz.159928,2020-07-16,4.137,4.473,4.473,-0.075117,-0.075117,0.0,1.0,0,普通大幅波动
sz.159928,2021-06-25,1.261,1.235,4.94,-0.744737,0.021053,-0.75,4.0,0,拆分合并型
sz.159928,2024-09-24,0.712,0.669,0.669,0.064275,0.064275,0.0,1.0,0,普通大幅波动
sz.159928,2024-09-26,0.785,0.714,0.714,0.09944,0.09944,0.0,1.0,0,普通大幅波动
sz.159928,2024-09-27,0.849,0.785,0.785,0.081529,0.081529,0.0,1.0,0,普通大幅波动
sz.159928,2024-09-30,0.934,0.849,0.849,0.100118,0.100118,0.0,1.0,0,普通大幅波动
sz.159928,2024-10-09,0.834,0.926,0.926,-0.099352,-0.099352,0.0,1.0,0,普通大幅波动
sz.159928,2024-11-07,0.907,0.854,0.854,0.062061,0.062061,0.0,1.0,0,普通大幅波动
sz.159929,2015-06-01,2.074,1.941,1.941,0.068521,0.068521,0.0,1.0,0,普通大幅波动
sz.159929,2015-06-19,1.86,1.987,1.987,-0.063915,-0.063915,0.0,1.0,0,普通大幅波动
sz.159929,2015-06-26,1.709,1.862,1.862,-0.08217,-0.08217,0.0,1.0,0,普通大幅波动
sz.159929,2015-06-30,1.736,1.618,1.618,0.07293,0.07293,0.0,1.0,0,普通大幅波动
sz.159929,2015-07-07,1.444,1.601,1.601,-0.098064,-0.098064,0.0,1.0,0,普通大幅波动
sz.159929,2015-07-08,1.3,1.444,1.444,-0.099723,-0.099723,0.0,1.0,0,普通大幅波动
sz.159929,2015-07-09,1.43,1.3,1.3,0.1,0.1,0.0,1.0,0,普通大幅波动
sz.159929,2015-07-10,1.573,1.43,1.43,0.1,0.1,0.0,1.0,0,普通大幅波动
sz.159929,2015-07-13,1.7,1.573,1.573,0.080737,0.080737,0.0,1.0,0,普通大幅波动
sz.159929,2015-07-14,1.842,1.7,1.7,0.083529,0.083529,0.0,1.0,0,普通大幅波动
sz.159929,2015-07-15,1.658,1.842,1.842,-0.099891,-0.099891,0.0,1.0,0,普通大幅波动
sz.159929,2015-07-27,1.517,1.685,1.685,-0.099703,-0.099703,0.0,1.0,0,普通大幅波动
sz.159929,2015-08-10,1.741,1.633,1.633,0.066136,0.066136,0.0,1.0,0,普通大幅波动
sz.159929,2015-08-18,1.61,1.719,1.719,-0.063409,-0.063409,0.0,1.0,0,普通大幅波动
sz.159929,2015-08-24,1.38,1.533,1.533,-0.099804,-0.099804,0.0,1.0,0,普通大幅波动
sz.159929,2015-08-25,1.26,1.38,1.38,-0.086957,-0.086957,0.0,1.0,0,普通大幅波动
sz.159929,2015-09-16,1.386,1.28,1.28,0.082812,0.082812,0.0,1.0,0,普通大幅波动
sz.159929,2015-10-08,1.422,1.32,1.32,0.077273,0.077273,0.0,1.0,0,普通大幅波动
sz.159929,2015-10-23,1.568,1.467,1.467,0.068848,0.068848,0.0,1.0,0,普通大幅波动
sz.159929,2016-01-04,1.496,1.609,1.609,-0.07023,-0.07023,0.0,1.0,0,普通大幅波动
sz.159929,2016-02-16,1.346,1.262,1.262,0.066561,0.066561,0.0,1.0,0,普通大幅波动
sz.159929,2019-02-25,1.399,1.314,1.314,0.064688,0.064688,0.0,1.0,0,普通大幅波动
sz.159929,2019-05-06,1.392,1.485,1.485,-0.062626,-0.062626,0.0,1.0,0,普通大幅波动
sz.159929,2020-07-16,2.263,2.421,2.421,-0.065262,-0.065262,0.0,1.0,0,普通大幅波动
sz.159929,2020-07-24,2.301,2.448,2.448,-0.060049,-0.060049,0.0,1.0,0,普通大幅波动
sz.159929,2022-10-14,1.642,1.497,1.497,0.09686,0.09686,0.0,1.0,0,普通大幅波动
sz.159929,2024-02-06,1.278,1.19,1.19,0.07395,0.07395,0.0,1.0,0,普通大幅波动
sz.159929,2024-09-27,1.292,1.185,1.185,0.090295,0.090295,0.0,1.0,0,普通大幅波动
sz.159929,2024-09-30,1.421,1.292,1.292,0.099845,0.099845,0.0,1.0,0,普通大幅波动
sz.159929,2024-10-08,1.563,1.421,1.421,0.09993,0.09993,0.0,1.0,0,普通大幅波动
sz.159929,2024-10-09,1.407,1.563,1.563,-0.099808,-0.099808,0.0,1.0,0,普通大幅波动
sz.159930,2015-01-05,1.185,1.077,,,0.100279,,,,普通大幅波动
sz.159930,2015-01-19,1.041,1.13,1.13,-0.078761,-0.078761,0.0,1.0,0,普通大幅波动
sz.159930,2015-04-27,1.543,1.403,1.403,0.099786,0.099786,0.0,1.0,0,普通大幅波动
sz.159930,2015-05-25,1.5,1.4,1.4,0.071429,0.071429,0.0,1.0,0,普通大幅波动
sz.159930,2015-05-28,1.403,1.5,1.5,-0.064667,-0.064667,0.0,1.0,0,普通大幅波动
sz.159930,2015-06-01,1.446,1.354,1.354,0.067947,0.067947,0.0,1.0,0,普通大幅波动
sz.159930,2015-06-26,1.356,1.474,1.474,-0.080054,-0.080054,0.0,1.0,0,普通大幅波动
sz.159930,2015-07-03,1.176,1.29,1.29,-0.088372,-0.088372,0.0,1.0,0,普通大幅波动
sz.159930,2015-07-07,1.106,1.208,1.208,-0.084437,-0.084437,0.0,1.0,0,普通大幅波动
sz.159930,2015-07-08,0.995,1.106,1.106,-0.100362,-0.100362,0.0,1.0,0,普通大幅波动
sz.159930,2015-07-09,1.095,0.995,0.995,0.100503,0.100503,0.0,1.0,0,普通大幅波动
sz.159930,2015-07-10,1.205,1.095,1.095,0.100457,0.100457,0.0,1.0,0,普通大幅波动
sz.159930,2015-07-13,1.326,1.205,1.205,0.100415,0.100415,0.0,1.0,0,普通大幅波动
sz.159930,2015-07-15,1.186,1.275,1.275,-0.069804,-0.069804,0.0,1.0,0,普通大幅波动
sz.159930,2015-07-27,1.12,1.243,1.243,-0.098954,-0.098954,0.0,1.0,0,普通大幅波动
sz.159930,2015-08-10,1.22,1.15,1.15,0.06087,0.06087,0.0,1.0,0,普通大幅波动
sz.159930,2015-08-18,1.156,1.238,1.238,-0.066236,-0.066236,0.0,1.0,0,普通大幅波动
sz.159930,2015-08-24,1.025,1.136,1.136,-0.097711,-0.097711,0.0,1.0,0,普通大幅波动
sz.159930,2015-08-25,0.927,1.025,1.025,-0.09561,-0.09561,0.0,1.0,0,普通大幅波动
sz.159930,2015-09-16,0.979,0.89,0.89,0.1,0.1,0.0,1.0,0,普通大幅波动
sz.159930,2016-05-05,0.892,0.82,0.82,0.087805,0.087805,0.0,1.0,0,普通大幅波动
sz.159930,2016-05-09,0.851,0.945,0.945,-0.099471,-0.099471,0.0,1.0,0,普通大幅波动
sz.159930,2016-05-10,0.766,0.851,0.851,-0.099882,-0.099882,0.0,1.0,0,普通大幅波动
sz.159930,2018-08-07,0.759,0.716,0.716,0.060056,0.060056,0.0,1.0,0,普通大幅波动
sz.159930,2020-02-03,0.61,0.678,0.678,-0.100295,-0.100295,0.0,1.0,0,普通大幅波动
sz.159930,2020-07-06,0.656,0.608,0.608,0.078947,0.078947,0.0,1.0,0,普通大幅波动
sz.159930,2021-09-22,1.1,1.034,1.034,0.06383,0.06383,0.0,1.0,0,普通大幅波动
sz.159930,2021-09-28,1.069,1.008,1.008,0.060516,0.060516,0.0,1.0,0,普通大幅波动
sz.159930,2022-03-15,0.907,0.98,0.98,-0.07449,-0.07449,0.0,1.0,0,普通大幅波动
sz.159930,2024-09-30,1.555,1.465,1.465,0.061433,0.061433,0.0,1.0,0,普通大幅波动
sz.159930,2024-10-09,1.418,1.566,1.566,-0.094508,-0.094508,0.0,1.0,0,普通大幅波动
sz.159931,2015-01-19,1.49,1.656,1.656,-0.100242,-0.100242,0.0,1.0,0,普通大幅波动
sz.159931,2015-01-21,1.581,1.49,1.49,0.061074,0.061074,0.0,1.0,0,普通大幅波动
sz.159931,2015-05-28,1.855,1.983,1.983,-0.064549,-0.064549,0.0,1.0,0,普通大幅波动
sz.159931,2015-06-08,2.133,1.988,1.988,0.072938,0.072938,0.0,1.0,0,普通大幅波动
sz.159931,2015-06-26,1.691,1.854,1.854,-0.087918,-0.087918,0.0,1.0,0,普通大幅波动
sz.159931,2015-06-30,1.802,1.688,1.688,0.067536,0.067536,0.0,1.0,0,普通大幅波动
sz.159931,2015-07-06,1.757,1.616,1.616,0.087252,0.087252,0.0,1.0,0,普通大幅波动
sz.159931,2015-07-07,1.879,1.757,1.757,0.069437,0.069437,0.0,1.0,0,普通大幅波动
sz.159931,2015-07-08,1.691,1.879,1.879,-0.100053,-0.100053,0.0,1.0,0,普通大幅波动
sz.159931,2015-07-27,1.503,1.67,1.67,-0.1,-0.1,0.0,1.0,0,普通大幅波动
sz.159931,2015-08-24,1.261,1.401,1.401,-0.099929,-0.099929,0.0,1.0,0,普通大幅波动
sz.159931,2015-08-25,1.136,1.261,1.261,-0.099128,-0.099128,0.0,1.0,0,普通大幅波动
sz.159931,2015-08-27,1.3,1.189,1.189,0.093356,0.093356,0.0,1.0,0,普通大幅波动
sz.159931,2015-11-05,1.581,1.488,1.488,0.0625,0.0625,0.0,1.0,0,普通大幅波动
sz.159931,2018-02-09,1.657,1.776,1.776,-0.067005,-0.067005,0.0,1.0,0,普通大幅波动
sz.159931,2019-02-25,1.745,1.586,1.586,0.100252,0.100252,0.0,1.0,0,普通大幅波动
sz.159931,2019-02-26,1.906,1.745,1.745,0.092264,0.092264,0.0,1.0,0,普通大幅波动
sz.159931,2019-02-28,1.68,1.821,1.821,-0.07743,-0.07743,0.0,1.0,0,普通大幅波动
sz.159931,2020-02-03,1.61,1.759,1.759,-0.084707,-0.084707,0.0,1.0,0,普通大幅波动
sz.159931,2020-07-06,1.98,1.8,1.8,0.1,0.1,0.0,1.0,0,普通大幅波动
sz.159931,2022-11-29,1.488,1.387,1.387,0.072819,0.072819,0.0,1.0,0,普通大幅波动
sz.159931,2024-09-26,1.713,1.557,1.557,0.100193,0.100193,0.0,1.0,0,普通大幅波动
sz.159931,2024-09-30,1.862,1.754,1.754,0.061574,0.061574,0.0,1.0,0,普通大幅波动
sz.159931,2024-10-08,2.048,1.862,1.862,0.099893,0.099893,0.0,1.0,0,普通大幅波动
sz.159931,2024-10-09,1.843,2.048,2.048,-0.100098,-0.100098,0.0,1.0,0,普通大幅波动
sz.159932,2015-04-30,1.999,2.164,2.164,-0.076248,-0.076248,0.0,1.0,0,普通大幅波动
sz.159932,2015-05-04,2.199,1.999,1.999,0.10005,0.10005,0.0,1.0,0,普通大幅波动
sz.159932,2015-05-25,2.85,2.646,2.646,0.077098,0.077098,0.0,1.0,0,普通大幅波动
sz.159932,2015-06-26,2.405,2.672,2.672,-0.099925,-0.099925,0.0,1.0,0,普通大幅波动
sz.159932,2015-06-30,2.577,2.499,2.405,0.071518,0.031212,0.039085,1.0,1,无因子缺口缺陷
sz.159932,2015-07-03,2.26,2.511,2.511,-0.09996,-0.09996,0.0,1.0,0,普通大幅波动
sz.159932,2015-07-06,2.036,2.26,2.26,-0.099115,-0.099115,0.0,1.0,0,普通大幅波动
sz.159932,2015-07-07,1.832,2.036,2.036,-0.100196,-0.100196,0.0,1.0,0,普通大幅波动
sz.159932,2015-07-08,1.649,1.832,1.832,-0.099891,-0.099891,0.0,1.0,0,普通大幅波动
sz.159932,2015-07-09,1.814,1.649,1.649,0.100061,0.100061,0.0,1.0,0,普通大幅波动
sz.159932,2015-07-10,1.995,1.814,1.814,0.099779,0.099779,0.0,1.0,0,普通大幅波动
sz.159932,2015-07-13,2.195,1.995,1.995,0.100251,0.100251,0.0,1.0,0,普通大幅波动
sz.159932,2015-07-15,2.103,2.32,2.32,-0.093534,-0.093534,0.0,1.0,0,普通大幅波动
sz.159932,2015-07-17,2.227,2.1,2.1,0.060476,0.060476,0.0,1.0,0,普通大幅波动
sz.159932,2015-07-29,2.35,2.147,2.147,0.094551,0.094551,0.0,1.0,0,普通大幅波动
sz.159932,2015-08-10,2.368,2.22,2.22,0.066667,0.066667,0.0,1.0,0,普通大幅波动
sz.159932,2015-08-21,2.136,2.278,2.278,-0.062335,-0.062335,0.0,1.0,0,普通大幅波动
sz.159932,2015-08-24,1.931,2.136,2.136,-0.095974,-0.095974,0.0,1.0,0,普通大幅波动
sz.159932,2015-08-25,1.741,1.931,1.931,-0.098395,-0.098395,0.0,1.0,0,普通大幅波动
sz.159932,2015-08-28,1.878,1.731,1.731,0.084922,0.084922,0.0,1.0,0,普通大幅波动
sz.159932,2015-09-01,1.722,1.835,1.835,-0.06158,-0.06158,0.0,1.0,0,普通大幅波动
sz.159932,2015-12-21,2.58,2.4,2.4,0.075,0.075,0.0,1.0,0,普通大幅波动
sz.159932,2016-01-07,2.182,2.35,2.35,-0.071489,-0.071489,0.0,1.0,0,普通大幅波动
sz.159932,2016-01-12,2.07,2.3,2.3,-0.1,-0.1,0.0,1.0,0,普通大幅波动
sz.159932,2016-01-15,2.2,2.016,2.016,0.09127,0.09127,0.0,1.0,0,普通大幅波动
sz.159932,2016-01-19,2.38,2.174,2.174,0.094756,0.094756,0.0,1.0,0,普通大幅波动
sz.159932,2016-01-21,2.286,2.486,2.486,-0.080451,-0.080451,0.0,1.0,0,普通大幅波动
sz.159932,2016-01-22,2.5,2.286,2.286,0.093613,0.093613,0.0,1.0,0,普通大幅波动
sz.159932,2016-01-25,2.739,2.5,2.5,0.0956,0.0956,0.0,1.0,0,普通大幅波动
sz.159932,2016-01-26,2.465,2.739,2.739,-0.100037,-0.100037,0.0,1.0,0,普通大幅波动
sz.159932,2016-02-01,2.25,2.5,2.5,-0.1,-0.1,0.0,1.0,0,普通大幅波动
sz.159932,2016-02-02,2.025,2.25,2.25,-0.1,-0.1,0.0,1.0,0,普通大幅波动
sz.159932,2016-02-03,1.823,2.025,2.025,-0.099753,-0.099753,0.0,1.0,0,普通大幅波动
sz.159932,2016-04-08,2.0,1.833,1.833,0.091107,0.091107,0.0,1.0,0,普通大幅波动
sz.159932,2016-07-21,2.0,1.862,1.862,0.074114,0.074114,0.0,1.0,0,普通大幅波动
sz.159932,2018-07-09,1.548,1.418,1.418,0.091678,0.091678,0.0,1.0,0,普通大幅波动
sz.159932,2018-07-10,1.408,1.548,1.548,-0.090439,-0.090439,0.0,1.0,0,普通大幅波动
sz.159932,2018-08-10,1.468,1.356,1.356,0.082596,0.082596,0.0,1.0,0,普通大幅波动
sz.159932,2018-08-30,1.497,1.378,1.378,0.086357,0.086357,0.0,1.0,0,普通大幅波动
sz.159932,2018-08-31,1.4,1.497,1.497,-0.064796,-0.064796,0.0,1.0,0,普通大幅波动
sz.159932,2018-09-19,1.389,1.31,1.31,0.060305,0.060305,0.0,1.0,0,普通大幅波动
sz.159932,2018-10-22,1.519,1.397,1.397,0.08733,0.08733,0.0,1.0,0,普通大幅波动
sz.159932,2018-10-26,1.365,1.485,1.485,-0.080808,-0.080808,0.0,1.0,0,普通大幅波动
sz.159932,2018-10-30,1.219,1.354,1.354,-0.099705,-0.099705,0.0,1.0,0,普通大幅波动
sz.159932,2019-02-25,1.39,1.286,1.286,0.080871,0.080871,0.0,1.0,0,普通大幅波动
sz.159932,2019-05-06,1.4,1.49,1.49,-0.060403,-0.060403,0.0,1.0,0,普通大幅波动
sz.159932,2020-02-03,1.369,1.514,1.514,-0.095773,-0.095773,0.0,1.0,0,普通大幅波动
sz.159932,2021-02-22,1.985,1.866,1.866,0.063773,0.063773,0.0,1.0,0,普通大幅波动
sz.159932,2021-02-23,1.851,1.985,1.985,-0.067506,-0.067506,0.0,1.0,0,普通大幅波动
sz.159933,2015-01-05,1.956,1.786,,,0.095185,,,,普通大幅波动
sz.159933,2015-01-19,1.596,1.773,1.773,-0.099831,-0.099831,0.0,1.0,0,普通大幅波动
sz.159933,2015-01-21,1.66,1.564,1.564,0.061381,0.061381,0.0,1.0,0,普通大幅波动
sz.159933,2015-06-26,1.711,1.861,1.861,-0.080602,-0.080602,0.0,1.0,0,普通大幅波动
sz.159933,2015-06-30,1.793,1.63,1.63,0.1,0.1,0.0,1.0,0,普通大幅波动
sz.159933,2015-07-03,1.66,1.769,1.769,-0.061617,-0.061617,0.0,1.0,0,普通大幅波动
sz.159933,2015-07-06,1.821,1.66,1.66,0.096988,0.096988,0.0,1.0,0,普通大幅波动
sz.159933,2015-07-08,1.6,1.778,1.778,-0.100112,-0.100112,0.0,1.0,0,普通大幅波动
sz.159933,2015-07-09,1.76,1.6,1.6,0.1,0.1,0.0,1.0,0,普通大幅波动
sz.159933,2015-07-10,1.878,1.76,1.76,0.067045,0.067045,0.0,1.0,0,普通大幅波动
sz.159933,2015-07-27,1.561,1.695,1.695,-0.079056,-0.079056,0.0,1.0,0,普通大幅波动
sz.159933,2015-08-10,1.639,1.544,1.544,0.061528,0.061528,0.0,1.0,0,普通大幅波动
sz.159933,2015-08-24,1.316,1.457,1.457,-0.096774,-0.096774,0.0,1.0,0,普通大幅波动
sz.159933,2015-08-25,1.189,1.316,1.316,-0.096505,-0.096505,0.0,1.0,0,普通大幅波动
sz.159933,2016-01-04,1.58,1.684,1.684,-0.061758,-0.061758,0.0,1.0,0,普通大幅波动
sz.159933,2017-12-06,2.17,1.975,1.975,0.098734,0.098734,0.0,1.0,0,普通大幅波动
sz.159933,2017-12-07,1.954,2.17,2.17,-0.099539,-0.099539,0.0,1.0,0,普通大幅波动
sz.159933,2018-02-09,1.916,2.129,2.129,-0.100047,-0.100047,0.0,1.0,0,普通大幅波动
sz.159933,2018-08-08,1.778,1.636,1.636,0.086797,0.086797,0.0,1.0,0,普通大幅波动
sz.159933,2018-08-09,1.638,1.778,1.778,-0.07874,-0.07874,0.0,1.0,0,普通大幅波动
sz.159933,2018-08-10,1.786,1.638,1.638,0.090354,0.090354,0.0,1.0,0,普通大幅波动
sz.159933,2018-08-17,1.755,1.647,1.647,0.065574,0.065574,0.0,1.0,0,普通大幅波动
sz.159933,2018-10-22,1.749,1.635,1.635,0.069725,0.069725,0.0,1.0,0,普通大幅波动
sz.159933,2018-12-21,1.511,1.66,1.66,-0.089759,-0.089759,0.0,1.0,0,普通大幅波动
sz.159933,2018-12-24,1.628,1.511,1.511,0.077432,0.077432,0.0,1.0,0,普通大幅波动
sz.159933,2019-02-25,2.064,1.89,1.89,0.092063,0.092063,0.0,1.0,0,普通大幅波动
sz.159933,2020-02-03,2.011,2.234,2.234,-0.099821,-0.099821,0.0,1.0,0,普通大幅波动
sz.159933,2020-07-03,2.406,2.214,2.214,0.086721,0.086721,0.0,1.0,0,普通大幅波动
sz.159933,2020-07-06,2.647,2.406,2.406,0.100166,0.100166,0.0,1.0,0,普通大幅波动
sz.159933,2020-07-07,2.912,2.647,2.647,0.100113,0.100113,0.0,1.0,0,普通大幅波动
sz.159933,2020-07-08,3.203,2.912,2.912,0.099931,0.099931,0.0,1.0,0,普通大幅波动
sz.159933,2020-07-09,2.883,3.203,3.203,-0.099906,-0.099906,0.0,1.0,0,普通大幅波动
sz.159933,2020-07-10,2.595,2.883,2.883,-0.099896,-0.099896,0.0,1.0,0,普通大幅波动
sz.159933,2021-08-30,2.56,2.398,2.398,0.067556,0.067556,0.0,1.0,0,普通大幅波动
sz.159933,2021-11-10,2.6,2.404,2.404,0.081531,0.081531,0.0,1.0,0,普通大幅波动
sz.159933,2024-02-06,2.268,2.07,2.07,0.095652,0.095652,0.0,1.0,0,普通大幅波动
sz.159933,2024-02-07,2.126,2.268,2.268,-0.06261,-0.06261,0.0,1.0,0,普通大幅波动
sz.159933,2024-09-30,2.802,2.547,2.547,0.100118,0.100118,0.0,1.0,0,普通大幅波动
sz.159933,2024-10-08,3.082,2.802,2.802,0.099929,0.099929,0.0,1.0,0,普通大幅波动
sz.159933,2024-10-09,2.774,3.082,3.082,-0.099935,-0.099935,0.0,1.0,0,普通大幅波动
sz.159934,2020-08-12,3.956,4.215,4.215,-0.061447,-0.061447,0.0,1.0,0,普通大幅波动
sz.159935,2015-05-26,2.8,2.57,2.57,0.089494,0.089494,0.0,1.0,0,普通大幅波动
sz.159935,2015-05-28,2.608,2.799,2.799,-0.068239,-0.068239,0.0,1.0,0,普通大幅波动
sz.159935,2015-06-19,2.576,2.772,2.772,-0.070707,-0.070707,0.0,1.0,0,普通大幅波动
sz.159935,2015-06-26,2.331,2.59,2.59,-0.1,-0.1,0.0,1.0,0,普通大幅波动
sz.159935,2015-07-02,2.017,2.215,2.215,-0.089391,-0.089391,0.0,1.0,0,普通大幅波动
sz.159935,2015-07-07,1.723,1.9,1.9,-0.093158,-0.093158,0.0,1.0,0,普通大幅波动
sz.159935,2015-07-09,1.894,1.723,1.723,0.099246,0.099246,0.0,1.0,1,停牌复牌型
sz.159935,2015-07-13,2.067,1.88,1.88,0.099468,0.099468,0.0,1.0,0,普通大幅波动
sz.159935,2015-07-14,2.2,2.067,2.067,0.064344,0.064344,0.0,1.0,0,普通大幅波动
sz.159935,2015-07-16,1.92,2.08,2.08,-0.076923,-0.076923,0.0,1.0,0,普通大幅波动
sz.159935,2015-07-17,2.071,1.92,1.92,0.078646,0.078646,0.0,1.0,0,普通大幅波动
sz.159935,2015-07-27,1.936,2.134,2.134,-0.092784,-0.092784,0.0,1.0,0,普通大幅波动
sz.159935,2015-08-10,2.17,2.006,2.006,0.081755,0.081755,0.0,1.0,0,普通大幅波动
sz.159935,2015-08-24,1.812,2.013,2.013,-0.099851,-0.099851,0.0,1.0,0,普通大幅波动
sz.159935,2015-08-25,1.631,1.812,1.812,-0.09989,-0.09989,0.0,1.0,0,普通大幅波动
sz.159935,2015-08-28,1.75,1.618,1.618,0.081582,0.081582,0.0,1.0,0,普通大幅波动
sz.159935,2015-09-01,1.59,1.7,1.7,-0.064706,-0.064706,0.0,1.0,0,普通大幅波动
sz.159935,2015-09-09,1.65,1.516,1.516,0.088391,0.088391,0.0,1.0,1,停牌复牌型
sz.159935,2015-09-14,1.508,1.623,1.623,-0.070856,-0.070856,0.0,1.0,0,普通大幅波动
sz.159935,2015-09-17,1.6,1.5,1.5,0.066667,0.066667,0.0,1.0,0,普通大幅波动
sz.159935,2015-10-12,1.697,1.6,1.6,0.060625,0.060625,0.0,1.0,0,普通大幅波动
sz.159935,2015-10-21,1.632,1.798,1.798,-0.092325,-0.092325,0.0,1.0,0,普通大幅波动
sz.159935,2015-10-22,1.75,1.632,1.632,0.072304,0.072304,0.0,1.0,0,普通大幅波动
sz.159935,2016-01-05,1.754,1.868,1.868,-0.061028,-0.061028,0.0,1.0,0,普通大幅波动
sz.159935,2016-01-11,1.56,1.719,1.719,-0.092496,-0.092496,0.0,1.0,0,普通大幅波动
sz.159935,2016-01-15,1.459,1.583,1.583,-0.078332,-0.078332,0.0,1.0,0,普通大幅波动
sz.159935,2016-01-18,1.55,1.459,1.459,0.062371,0.062371,0.0,1.0,0,普通大幅波动
sz.159935,2016-02-25,1.439,1.556,1.556,-0.075193,-0.075193,0.0,1.0,0,普通大幅波动
sz.159935,2016-09-12,1.792,1.663,1.663,0.077571,0.077571,0.0,1.0,0,普通大幅波动
sz.159935,2016-09-13,1.634,1.792,1.792,-0.08817,-0.08817,0.0,1.0,0,普通大幅波动
sz.159935,2016-12-21,1.744,1.617,1.617,0.078541,0.078541,0.0,1.0,0,普通大幅波动
sz.159935,2017-06-19,1.717,1.571,1.571,0.092934,0.092934,0.0,1.0,0,普通大幅波动
sz.159935,2018-06-25,1.45,1.55,1.55,-0.064516,-0.064516,0.0,1.0,0,普通大幅波动
sz.159935,2018-06-29,1.583,1.44,1.44,0.099306,0.099306,0.0,1.0,0,普通大幅波动
sz.159935,2018-07-05,1.404,1.502,1.502,-0.065246,-0.065246,0.0,1.0,0,普通大幅波动
sz.159935,2018-10-11,1.3,1.4,1.4,-0.071429,-0.071429,0.0,1.0,0,普通大幅波动
sz.159935,2018-10-12,1.211,1.3,1.3,-0.068462,-0.068462,0.0,1.0,0,普通大幅波动
sz.159935,2018-10-15,1.3,1.211,1.211,0.073493,0.073493,0.0,1.0,0,普通大幅波动
sz.159935,2018-10-30,1.127,1.252,1.252,-0.09984,-0.09984,0.0,1.0,3,停牌复牌型
sz.159935,2019-02-25,1.48,1.345,1.345,0.100372,0.100372,0.0,1.0,0,普通大幅波动
sz.159935,2019-02-28,1.406,1.516,1.516,-0.072559,-0.072559,0.0,1.0,0,普通大幅波动
sz.159935,2020-02-03,1.394,1.549,1.549,-0.100065,-0.100065,0.0,1.0,0,普通大幅波动
sz.159935,2020-07-09,1.918,1.797,1.797,0.067334,0.067334,0.0,1.0,0,普通大幅波动
sz.159935,2020-09-10,1.97,1.835,1.835,0.073569,0.073569,0.0,1.0,0,普通大幅波动
sz.159935,2021-01-19,2.095,1.946,1.946,0.076567,0.076567,0.0,1.0,0,普通大幅波动
sz.159935,2021-09-22,2.363,2.218,2.218,0.065374,0.065374,0.0,1.0,0,普通大幅波动
sz.159935,2022-04-26,1.62,1.743,1.743,-0.070568,-0.070568,0.0,1.0,0,普通大幅波动
sz.159935,2024-02-06,1.487,1.38,1.38,0.077536,0.077536,0.0,1.0,0,普通大幅波动
sz.159935,2024-02-07,1.579,1.487,1.487,0.06187,0.06187,0.0,1.0,0,普通大幅波动
sz.159935,2024-09-27,1.696,1.55,1.55,0.094194,0.094194,0.0,1.0,0,普通大幅波动
sz.159935,2024-09-30,1.866,1.696,1.696,0.100236,0.100236,0.0,1.0,0,普通大幅波动
sz.159935,2024-10-08,2.053,1.866,1.866,0.100214,0.100214,0.0,1.0,0,普通大幅波动
sz.159935,2024-10-09,1.848,2.053,2.053,-0.099854,-0.099854,0.0,1.0,0,普通大幅波动
sz.159936,2015-06-02,2.614,2.38,2.38,0.098319,0.098319,0.0,1.0,0,普通大幅波动
sz.159936,2015-06-24,2.313,2.47,2.47,-0.063563,-0.063563,0.0,1.0,0,普通大幅波动
sz.159936,2015-06-26,2.035,2.226,2.226,-0.085804,-0.085804,0.0,1.0,0,普通大幅波动
sz.159936,2015-06-29,1.899,2.035,2.035,-0.06683,-0.06683,0.0,1.0,0,普通大幅波动
sz.159936,2015-06-30,2.052,1.899,1.899,0.080569,0.080569,0.0,1.0,0,普通大幅波动
sz.159936,2015-07-07,1.619,1.799,1.799,-0.100056,-0.100056,0.0,1.0,0,普通大幅波动
sz.159936,2015-07-08,1.457,1.619,1.619,-0.100062,-0.100062,0.0,1.0,0,普通大幅波动
sz.159936,2015-07-09,1.6,1.457,1.457,0.098147,0.098147,0.0,1.0,0,普通大幅波动
sz.159936,2015-07-10,1.76,1.6,1.6,0.1,0.1,0.0,1.0,0,普通大幅波动
sz.159936,2015-07-27,1.7,1.845,1.845,-0.078591,-0.078591,0.0,1.0,0,普通大幅波动
sz.159936,2015-07-29,1.772,1.656,1.656,0.070048,0.070048,0.0,1.0,0,普通大幅波动
sz.159936,2015-08-21,1.729,1.89,1.89,-0.085185,-0.085185,0.0,1.0,0,普通大幅波动
sz.159936,2015-08-24,1.56,1.729,1.729,-0.097744,-0.097744,0.0,1.0,0,普通大幅波动
sz.159936,2015-08-25,1.405,1.56,1.56,-0.099359,-0.099359,0.0,1.0,0,普通大幅波动
sz.159936,2015-08-26,1.525,1.405,1.405,0.085409,0.085409,0.0,1.0,0,普通大幅波动
sz.159936,2015-08-28,1.63,1.495,1.495,0.090301,0.090301,0.0,1.0,0,普通大幅波动
sz.159936,2015-09-02,1.512,1.68,1.68,-0.1,-0.1,0.0,1.0,0,普通大幅波动
sz.159936,2015-09-09,1.568,1.471,1.471,0.065942,0.065942,0.0,1.0,0,普通大幅波动
sz.159936,2015-09-15,1.408,1.507,1.507,-0.065693,-0.065693,0.0,1.0,0,普通大幅波动
sz.159936,2015-11-27,1.635,1.74,1.74,-0.060345,-0.060345,0.0,1.0,0,普通大幅波动
sz.159936,2016-01-05,1.638,1.779,1.779,-0.079258,-0.079258,0.0,1.0,0,普通大幅波动
sz.159936,2016-01-11,1.489,1.604,1.604,-0.071696,-0.071696,0.0,1.0,0,普通大幅波动
sz.159936,2016-08-05,1.589,1.493,1.493,0.0643,0.0643,0.0,1.0,0,普通大幅波动
sz.159936,2017-07-18,1.54,1.643,1.643,-0.06269,-0.06269,0.0,1.0,0,普通大幅波动
sz.159936,2020-02-03,1.314,1.46,1.46,-0.1,-0.1,0.0,1.0,0,普通大幅波动
sz.159936,2022-04-29,1.6,1.47,1.47,0.088435,0.088435,0.0,1.0,0,普通大幅波动
sz.159936,2024-09-30,1.936,1.787,1.787,0.08338,0.08338,0.0,1.0,0,普通大幅波动
sz.159936,2024-10-09,1.919,2.042,2.042,-0.060235,-0.060235,0.0,1.0,0,普通大幅波动
sz.159937,2015-08-25,2.356,2.508,2.508,-0.060606,-0.060606,0.0,1.0,0,普通大幅波动
sz.159937,2020-08-12,3.99,4.25,4.25,-0.061176,-0.061176,0.0,1.0,0,普通大幅波动
sz.159938,2015-05-11,1.59,1.49,1.49,0.067114,0.067114,0.0,1.0,0,普通大幅波动
sz.159938,2015-05-21,1.891,1.776,1.776,0.064752,0.064752,0.0,1.0,0,普通大幅波动
sz.159938,2015-05-22,2.08,1.891,1.891,0.099947,0.099947,0.0,1.0,0,普通大幅波动
sz.159938,2015-05-25,2.288,2.08,2.08,0.1,0.1,0.0,1.0,0,普通大幅波动
sz.159938,2015-05-26,2.517,2.288,2.288,0.100087,0.100087,0.0,1.0,0,普通大幅波动
sz.159938,2015-05-27,2.769,2.517,2.517,0.100119,0.100119,0.0,1.0,0,普通大幅波动
sz.159938,2015-05-28,2.52,2.769,2.769,-0.089924,-0.089924,0.0,1.0,0,普通大幅波动
sz.159938,2015-05-29,2.268,2.52,2.52,-0.1,-0.1,0.0,1.0,0,普通大幅波动
sz.159938,2015-06-01,2.041,2.268,2.268,-0.100088,-0.100088,0.0,1.0,0,普通大幅波动
sz.159938,2015-06-19,1.718,1.85,1.85,-0.071351,-0.071351,0.0,1.0,0,普通大幅波动
sz.159938,2015-06-26,1.578,1.753,1.753,-0.099829,-0.099829,0.0,1.0,0,普通大幅波动
sz.159938,2015-06-29,1.421,1.578,1.578,-0.099493,-0.099493,0.0,1.0,0,普通大幅波动
sz.159938,2015-06-30,1.551,1.421,1.421,0.091485,0.091485,0.0,1.0,0,普通大幅波动
sz.159938,2015-07-07,1.23,1.367,1.367,-0.100219,-0.100219,0.0,1.0,0,普通大幅波动
sz.159938,2015-07-08,1.107,1.23,1.23,-0.1,-0.1,0.0,1.0,0,普通大幅波动
sz.159938,2015-07-09,1.218,1.107,1.107,0.100271,0.100271,0.0,1.0,0,普通大幅波动
sz.159938,2015-07-10,1.34,1.218,1.218,0.100164,0.100164,0.0,1.0,0,普通大幅波动
sz.159938,2015-07-13,1.474,1.34,1.34,0.1,0.1,0.0,1.0,0,普通大幅波动
sz.159938,2015-07-14,1.59,1.474,1.474,0.078697,0.078697,0.0,1.0,0,普通大幅波动
sz.159938,2015-07-15,1.431,1.59,1.59,-0.1,-0.1,0.0,1.0,0,普通大幅波动
sz.159938,2015-07-17,1.548,1.454,1.454,0.064649,0.064649,0.0,1.0,0,普通大幅波动
sz.159938,2015-07-27,1.377,1.53,1.53,-0.1,-0.1,0.0,1.0,0,普通大幅波动
sz.159938,2015-08-18,1.41,1.51,1.51,-0.066225,-0.066225,0.0,1.0,0,普通大幅波动
sz.159938,2015-08-24,1.22,1.356,1.356,-0.100295,-0.100295,0.0,1.0,0,普通大幅波动
sz.159938,2015-08-25,1.098,1.22,1.22,-0.1,-0.1,0.0,1.0,0,普通大幅波动
sz.159938,2015-10-23,1.422,1.335,1.335,0.065169,0.065169,0.0,1.0,0,普通大幅波动
sz.159938,2016-01-04,1.368,1.475,1.475,-0.072542,-0.072542,0.0,1.0,0,普通大幅波动
sz.159938,2016-01-11,1.18,1.281,1.281,-0.078845,-0.078845,0.0,1.0,0,普通大幅波动
sz.159938,2020-07-16,2.026,2.175,2.175,-0.068506,-0.068506,0.0,1.0,0,普通大幅波动
sz.159938,2022-05-30,0.758,0.755,1.51,-0.498013,0.003974,-0.5,2.0,0,拆分合并型
sz.159938,2022-10-14,0.769,0.722,0.722,0.065097,0.065097,0.0,1.0,0,普通大幅波动
sz.159938,2024-02-06,0.615,0.571,0.571,0.077058,0.077058,0.0,1.0,0,普通大幅波动
sz.159938,2024-09-27,0.615,0.569,0.569,0.080844,0.080844,0.0,1.0,0,普通大幅波动
sz.159938,2024-09-30,0.677,0.615,0.615,0.100813,0.100813,0.0,1.0,0,普通大幅波动
sz.159938,2024-10-08,0.743,0.677,0.677,0.097489,0.097489,0.0,1.0,0,普通大幅波动
sz.159938,2024-10-09,0.67,0.743,0.743,-0.09825,-0.09825,0.0,1.0,0,普通大幅波动
sz.159939,2015-03-23,1.398,1.278,1.278,0.093897,0.093897,0.0,1.0,0,普通大幅波动
sz.159939,2015-03-24,1.538,1.398,1.398,0.100143,0.100143,0.0,1.0,0,普通大幅波动
sz.159939,2015-03-26,1.427,1.585,1.585,-0.099685,-0.099685,0.0,1.0,0,普通大幅波动
sz.159939,2015-05-08,1.62,1.505,1.505,0.076412,0.076412,0.0,1.0,0,普通大幅波动
sz.159939,2015-05-11,1.769,1.62,1.62,0.091975,0.091975,0.0,1.0,0,普通大幅波动
sz.159939,2015-05-12,1.928,1.769,1.769,0.089881,0.089881,0.0,1.0,0,普通大幅波动
sz.159939,2015-05-21,2.111,1.919,1.919,0.100052,0.100052,0.0,1.0,0,普通大幅波动
sz.159939,2015-05-22,2.322,2.111,2.111,0.099953,0.099953,0.0,1.0,0,普通大幅波动
sz.159939,2015-05-25,2.554,2.322,2.322,0.099914,0.099914,0.0,1.0,0,普通大幅波动
sz.159939,2015-05-26,2.809,2.554,2.554,0.099843,0.099843,0.0,1.0,0,普通大幅波动
sz.159939,2015-05-27,3.09,2.809,2.809,0.100036,0.100036,0.0,1.0,0,普通大幅波动
sz.159939,2015-05-28,3.399,3.09,3.09,0.1,0.1,0.0,1.0,0,普通大幅波动
sz.159939,2015-05-29,3.059,3.399,3.399,-0.100029,-0.100029,0.0,1.0,0,普通大幅波动
sz.159939,2015-06-01,2.753,3.059,3.059,-0.100033,-0.100033,0.0,1.0,0,普通大幅波动
sz.159939,2015-06-02,2.478,2.753,2.753,-0.099891,-0.099891,0.0,1.0,0,普通大幅波动
sz.159939,2015-06-03,2.665,2.478,2.478,0.075464,0.075464,0.0,1.0,0,普通大幅波动
sz.159939,2015-06-05,2.308,2.509,2.509,-0.080112,-0.080112,0.0,1.0,0,普通大幅波动
sz.159939,2015-06-17,2.095,1.965,1.965,0.066158,0.066158,0.0,1.0,0,普通大幅波动
sz.159939,2015-06-19,1.88,2.012,2.012,-0.065606,-0.065606,0.0,1.0,0,普通大幅波动
sz.159939,2015-06-26,1.654,1.838,1.838,-0.100109,-0.100109,0.0,1.0,0,普通大幅波动
sz.159939,2015-06-29,1.489,1.654,1.654,-0.099758,-0.099758,0.0,1.0,0,普通大幅波动
sz.159939,2015-06-30,1.603,1.489,1.489,0.076561,0.076561,0.0,1.0,0,普通大幅波动
sz.159939,2015-07-01,1.461,1.603,1.603,-0.088584,-0.088584,0.0,1.0,0,普通大幅波动
sz.159939,2015-07-07,1.139,1.266,1.266,-0.100316,-0.100316,0.0,1.0,0,普通大幅波动
sz.159939,2015-07-08,1.025,1.139,1.139,-0.100088,-0.100088,0.0,1.0,0,普通大幅波动
sz.159939,2015-07-09,1.128,1.025,1.025,0.100488,0.100488,0.0,1.0,0,普通大幅波动
sz.159939,2015-07-10,1.241,1.128,1.128,0.100177,0.100177,0.0,1.0,0,普通大幅波动
sz.159939,2015-07-13,1.365,1.241,1.241,0.099919,0.099919,0.0,1.0,0,普通大幅波动
sz.159939,2015-07-14,1.502,1.365,1.365,0.100366,0.100366,0.0,1.0,0,普通大幅波动
sz.159939,2015-07-15,1.352,1.502,1.502,-0.099867,-0.099867,0.0,1.0,0,普通大幅波动
sz.159939,2015-07-17,1.491,1.367,1.367,0.09071,0.09071,0.0,1.0,0,普通大幅波动
sz.159939,2015-07-27,1.316,1.462,1.462,-0.099863,-0.099863,0.0,1.0,0,普通大幅波动
sz.159939,2015-07-29,1.405,1.29,1.29,0.089147,0.089147,0.0,1.0,0,普通大幅波动
sz.159939,2015-07-30,1.311,1.405,1.405,-0.066904,-0.066904,0.0,1.0,0,普通大幅波动
sz.159939,2015-08-03,1.202,1.281,1.281,-0.061671,-0.061671,0.0,1.0,0,普通大幅波动
sz.159939,2015-08-04,1.322,1.202,1.202,0.099834,0.099834,0.0,1.0,0,普通大幅波动
sz.159939,2015-08-10,1.47,1.349,1.349,0.089696,0.089696,0.0,1.0,0,普通大幅波动
sz.159939,2015-08-18,1.3,1.415,1.415,-0.081272,-0.081272,0.0,1.0,0,普通大幅波动
sz.159939,2015-08-24,1.154,1.282,1.282,-0.099844,-0.099844,0.0,1.0,0,普通大幅波动
sz.159939,2015-08-25,1.039,1.154,1.154,-0.099653,-0.099653,0.0,1.0,0,普通大幅波动
sz.159939,2015-08-28,1.129,1.063,1.063,0.062088,0.062088,0.0,1.0,0,普通大幅波动
sz.159939,2015-08-31,1.061,1.129,1.129,-0.06023,-0.06023,0.0,1.0,0,普通大幅波动
sz.159939,2015-09-14,0.976,1.068,1.068,-0.086142,-0.086142,0.0,1.0,0,普通大幅波动
sz.159939,2015-09-16,1.035,0.944,0.944,0.096398,0.096398,0.0,1.0,0,普通大幅波动
sz.159939,2015-10-12,1.174,1.098,1.098,0.069217,0.069217,0.0,1.0,0,普通大幅波动
sz.159939,2015-10-21,1.172,1.255,1.255,-0.066135,-0.066135,0.0,1.0,0,普通大幅波动
sz.159939,2015-11-04,1.313,1.228,1.228,0.069218,0.069218,0.0,1.0,0,普通大幅波动
sz.159939,2016-01-04,1.318,1.443,1.443,-0.086625,-0.086625,0.0,1.0,0,普通大幅波动
sz.159939,2016-01-07,1.169,1.298,1.298,-0.099384,-0.099384,0.0,1.0,0,普通大幅波动
sz.159939,2016-01-11,1.115,1.19,1.19,-0.063025,-0.063025,0.0,1.0,0,普通大幅波动
sz.159939,2016-02-25,1.055,1.142,1.142,-0.076182,-0.076182,0.0,1.0,0,普通大幅波动
sz.159939,2016-02-29,0.995,1.061,1.061,-0.062205,-0.062205,0.0,1.0,0,普通大幅波动
sz.159939,2018-03-23,1.04,1.108,1.108,-0.061372,-0.061372,0.0,1.0,0,普通大幅波动
sz.159939,2018-10-11,0.742,0.801,0.801,-0.073658,-0.073658,0.0,1.0,0,普通大幅波动
sz.159939,2019-02-25,1.009,0.917,0.917,0.100327,0.100327,0.0,1.0,0,普通大幅波动
sz.159939,2019-02-28,0.97,1.032,1.032,-0.060078,-0.060078,0.0,1.0,0,普通大幅波动
sz.159939,2019-03-11,1.125,1.054,1.054,0.067362,0.067362,0.0,1.0,0,普通大幅波动
sz.159939,2019-03-12,1.195,1.125,1.125,0.062222,0.062222,0.0,1.0,0,普通大幅波动
sz.159939,2019-03-14,1.058,1.135,1.135,-0.067841,-0.067841,0.0,1.0,0,普通大幅波动
sz.159939,2019-05-06,0.9,0.987,0.987,-0.088146,-0.088146,0.0,1.0,0,普通大幅波动
sz.159939,2019-05-10,0.955,0.898,0.898,0.063474,0.063474,0.0,1.0,0,普通大幅波动
sz.159939,2020-02-03,1.148,1.276,1.276,-0.100313,-0.100313,0.0,1.0,0,普通大幅波动
sz.159939,2020-02-28,1.354,1.455,1.455,-0.069416,-0.069416,0.0,1.0,0,普通大幅波动
sz.159939,2020-03-16,1.229,1.314,1.314,-0.064688,-0.064688,0.0,1.0,0,普通大幅波动
sz.159939,2020-03-23,1.172,1.247,1.247,-0.060144,-0.060144,0.0,1.0,0,普通大幅波动
sz.159939,2022-04-25,0.946,1.02,1.02,-0.072549,-0.072549,0.0,1.0,0,普通大幅波动
sz.159939,2023-02-16,0.579,0.593,1.186,-0.511804,-0.023609,-0.5,2.0,0,拆分合并型
sz.159939,2024-02-06,0.424,0.392,0.392,0.081633,0.081633,0.0,1.0,0,普通大幅波动
sz.159939,2024-09-27,0.496,0.464,0.464,0.068966,0.068966,0.0,1.0,0,普通大幅波动
sz.159939,2024-09-30,0.546,0.496,0.496,0.100806,0.100806,0.0,1.0,0,普通大幅波动
sz.159939,2024-10-08,0.601,0.546,0.546,0.100733,0.100733,0.0,1.0,0,普通大幅波动
sz.159939,2024-10-18,0.609,0.562,0.562,0.08363,0.08363,0.0,1.0,0,普通大幅波动
sz.159940,2015-07-08,0.776,0.862,0.862,-0.099768,-0.099768,0.0,1.0,0,普通大幅波动
sz.159940,2015-07-09,0.84,0.776,0.776,0.082474,0.082474,0.0,1.0,0,普通大幅波动
sz.159940,2015-07-10,0.905,0.84,0.84,0.077381,0.077381,0.0,1.0,0,普通大幅波动
sz.159940,2015-07-27,0.81,0.88,0.88,-0.079545,-0.079545,0.0,1.0,0,普通大幅波动
sz.159940,2015-08-24,0.677,0.75,0.75,-0.097333,-0.097333,0.0,1.0,0,普通大幅波动
sz.159940,2015-08-25,0.609,0.677,0.677,-0.100443,-0.100443,0.0,1.0,0,普通大幅波动
sz.159940,2015-08-26,0.653,0.609,0.609,0.07225,0.07225,0.0,1.0,0,普通大幅波动
sz.159940,2015-12-02,0.84,0.79,0.79,0.063291,0.063291,0.0,1.0,0,普通大幅波动
sz.159940,2016-01-07,0.735,0.808,0.808,-0.090347,-0.090347,0.0,1.0,0,普通大幅波动
sz.159940,2018-10-22,0.835,0.779,0.779,0.071887,0.071887,0.0,1.0,0,普通大幅波动
sz.159940,2019-02-25,0.979,0.915,0.915,0.069945,0.069945,0.0,1.0,0,普通大幅波动
sz.159940,2020-02-03,0.933,1.03,1.03,-0.094175,-0.094175,0.0,1.0,0,普通大幅波动
sz.159940,2020-07-03,1.12,1.043,1.043,0.073826,0.073826,0.0,1.0,0,普通大幅波动
sz.159940,2020-07-06,1.232,1.12,1.12,0.1,0.1,0.0,1.0,0,普通大幅波动
sz.159940,2024-09-30,1.15,1.069,1.069,0.075772,0.075772,0.0,1.0,0,普通大幅波动
sz.159940,2024-10-09,1.12,1.212,1.212,-0.075908,-0.075908,0.0,1.0,0,普通大幅波动
sz.159941,2015-08-24,0.862,0.944,0.944,-0.086864,-0.086864,0.0,1.0,0,普通大幅波动
sz.159941,2018-10-11,1.578,1.682,1.682,-0.061831,-0.061831,0.0,1.0,0,普通大幅波动
sz.159941,2020-02-14,2.269,2.415,2.415,-0.060455,-0.060455,0.0,1.0,0,普通大幅波动
sz.159941,2020-03-09,1.829,1.949,1.949,-0.06157,-0.06157,0.0,1.0,0,普通大幅波动
sz.159941,2020-03-20,1.774,1.673,1.673,0.060371,0.060371,0.0,1.0,0,普通大幅波动
sz.159941,2020-07-16,2.12,2.325,2.325,-0.088172,-0.088172,0.0,1.0,0,普通大幅波动
sz.159941,2020-07-17,2.308,2.12,2.12,0.088679,0.088679,0.0,1.0,0,普通大幅波动
sz.159941,2020-09-04,2.824,3.138,3.138,-0.100064,-0.100064,0.0,1.0,0,普通大幅波动
sz.159941,2020-09-07,2.629,2.824,2.824,-0.069051,-0.069051,0.0,1.0,0,普通大幅波动
sz.159941,2022-07-05,0.604,0.596,2.384,-0.746644,0.013423,-0.75,4.0,0,拆分合并型
sz.159941,2022-11-11,0.645,0.606,0.606,0.064356,0.064356,0.0,1.0,0,普通大幅波动
sz.159941,2024-08-05,0.965,1.041,1.041,-0.073007,-0.073007,0.0,1.0,0,普通大幅波动
sz.159942,2015-06-26,2.52,2.8,2.8,-0.1,-0.1,0.0,1.0,0,普通大幅波动
sz.159942,2015-06-29,2.27,2.52,2.52,-0.099206,-0.099206,0.0,1.0,0,普通大幅波动
sz.159942,2015-06-30,2.482,2.27,2.27,0.093392,0.093392,0.0,1.0,0,普通大幅波动
sz.159942,2015-07-02,2.342,2.497,2.497,-0.062074,-0.062074,0.0,1.0,0,普通大幅波动
sz.159942,2015-07-07,1.989,2.21,2.21,-0.1,-0.1,0.0,1.0,0,普通大幅波动
sz.159942,2015-07-08,1.794,1.989,1.989,-0.098039,-0.098039,0.0,1.0,0,普通大幅波动
sz.159942,2015-07-09,1.973,1.794,1.794,0.099777,0.099777,0.0,1.0,0,普通大幅波动
sz.159942,2015-07-10,2.17,1.973,1.973,0.099848,0.099848,0.0,1.0,0,普通大幅波动
sz.159942,2015-07-13,2.387,2.17,2.17,0.1,0.1,0.0,1.0,0,普通大幅波动
sz.159942,2015-07-14,2.55,2.387,2.387,0.068287,0.068287,0.0,1.0,0,普通大幅波动
sz.159942,2015-07-15,2.295,2.55,2.55,-0.1,-0.1,0.0,1.0,0,普通大幅波动
sz.159942,2015-07-17,2.48,2.299,2.299,0.07873,0.07873,0.0,1.0,0,普通大幅波动
sz.159942,2015-07-27,2.33,2.53,2.53,-0.079051,-0.079051,0.0,1.0,0,普通大幅波动
sz.159942,2015-08-18,2.255,2.434,2.434,-0.073541,-0.073541,0.0,1.0,0,普通大幅波动
sz.159942,2015-08-21,2.157,2.33,2.33,-0.074249,-0.074249,0.0,1.0,0,普通大幅波动
sz.159942,2015-08-24,1.941,2.157,2.157,-0.100139,-0.100139,0.0,1.0,0,普通大幅波动
sz.159942,2015-08-25,1.747,1.941,1.941,-0.099948,-0.099948,0.0,1.0,0,普通大幅波动
sz.159942,2015-08-28,1.94,1.808,1.808,0.073009,0.073009,0.0,1.0,0,普通大幅波动
sz.159942,2015-09-01,1.806,1.94,1.94,-0.069072,-0.069072,0.0,1.0,0,普通大幅波动
sz.159942,2015-09-14,1.821,1.939,1.939,-0.060856,-0.060856,0.0,1.0,0,普通大幅波动
sz.159942,2016-01-04,2.192,2.39,2.39,-0.082845,-0.082845,0.0,1.0,0,普通大幅波动
sz.159942,2016-01-07,2.06,2.264,2.264,-0.090106,-0.090106,0.0,1.0,0,普通大幅波动
sz.159942,2016-01-26,1.734,1.919,1.919,-0.096404,-0.096404,0.0,1.0,0,普通大幅波动
sz.159942,2016-02-25,1.809,1.931,1.931,-0.06318,-0.06318,0.0,1.0,0,普通大幅波动
sz.159942,2017-05-25,1.892,1.747,1.747,0.082999,0.082999,0.0,1.0,0,普通大幅波动
sz.159942,2017-05-26,1.757,1.892,1.892,-0.071353,-0.071353,0.0,1.0,0,普通大幅波动
sz.159942,2018-02-22,2.012,1.838,1.838,0.094668,0.094668,0.0,1.0,0,普通大幅波动
sz.159942,2018-03-27,1.996,1.862,1.862,0.071966,0.071966,0.0,1.0,0,普通大幅波动
sz.159942,2018-08-06,1.723,1.589,1.589,0.08433,0.08433,0.0,1.0,0,普通大幅波动
sz.159942,2018-10-11,1.34,1.426,1.426,-0.060309,-0.060309,0.0,1.0,0,普通大幅波动
sz.159943,2015-07-08,10.309,11.454,,,-0.099965,,,,普通大幅波动
sz.159943,2015-07-09,11.34,10.309,10.309,0.10001,0.10001,0.0,1.0,0,普通大幅波动
sz.159943,2015-07-10,12.272,11.34,11.34,0.082187,0.082187,0.0,1.0,0,普通大幅波动
sz.159943,2015-07-15,11.501,12.776,12.776,-0.099796,-0.099796,0.0,1.0,0,普通大幅波动
sz.159943,2015-07-16,12.4,11.501,11.501,0.078167,0.078167,0.0,1.0,0,普通大幅波动
sz.159943,2015-07-27,12.3,13.52,13.52,-0.090237,-0.090237,0.0,1.0,0,普通大幅波动
sz.159943,2015-08-04,12.795,12.0,12.0,0.06625,0.06625,0.0,1.0,0,普通大幅波动
sz.159943,2015-08-18,12.8,13.7,13.7,-0.065693,-0.065693,0.0,1.0,0,普通大幅波动
sz.159943,2015-08-24,11.026,12.251,12.251,-0.099992,-0.099992,0.0,1.0,0,普通大幅波动
sz.159943,2015-08-25,9.923,11.026,11.026,-0.100036,-0.100036,0.0,1.0,0,普通大幅波动
sz.159943,2015-08-28,10.81,9.993,9.993,0.081757,0.081757,0.0,1.0,0,普通大幅波动
sz.159943,2015-09-14,9.71,10.402,10.402,-0.066526,-0.066526,0.0,1.0,0,普通大幅波动
sz.159943,2015-09-16,9.999,9.361,9.361,0.068155,0.068155,0.0,1.0,0,普通大幅波动
sz.159943,2015-11-27,12.304,13.166,13.166,-0.065472,-0.065472,0.0,1.0,0,普通大幅波动
sz.159943,2016-01-04,12.115,13.128,13.128,-0.077163,-0.077163,0.0,1.0,0,普通大幅波动
sz.159943,2016-01-26,9.518,10.53,10.53,-0.096106,-0.096106,0.0,1.0,0,普通大幅波动
sz.159943,2019-02-25,9.799,9.201,9.201,0.064993,0.064993,0.0,1.0,0,普通大幅波动
sz.159943,2020-02-03,10.404,11.56,11.56,-0.1,-0.1,0.0,1.0,0,普通大幅波动
sz.159943,2021-10-22,1.441,1.431,16.914,-0.914804,0.006988,-0.915396,11.8197,0,拆分合并型
sz.159943,2024-09-27,1.022,0.949,0.949,0.076923,0.076923,0.0,1.0,0,普通大幅波动
sz.159943,2024-09-30,1.124,1.022,1.022,0.099804,0.099804,0.0,1.0,0,普通大幅波动
sz.159943,2024-10-08,1.236,1.124,1.124,0.099644,0.099644,0.0,1.0,0,普通大幅波动
sz.159943,2024-10-09,1.13,1.236,1.236,-0.085761,-0.085761,0.0,1.0,0,普通大幅波动
sz.159944,2015-07-06,0.784,0.866,,,-0.094688,,,,普通大幅波动
sz.159944,2015-07-07,0.706,0.784,0.784,-0.09949,-0.09949,0.0,1.0,0,普通大幅波动
sz.159944,2015-07-08,0.635,0.706,0.706,-0.100567,-0.100567,0.0,1.0,0,普通大幅波动
sz.159944,2015-07-09,0.699,0.635,0.635,0.100787,0.100787,0.0,1.0,0,普通大幅波动
sz.159944,2015-07-10,0.769,0.699,0.699,0.100143,0.100143,0.0,1.0,0,普通大幅波动
sz.159944,2015-07-13,0.846,0.769,0.769,0.10013,0.10013,0.0,1.0,0,普通大幅波动
sz.159944,2015-07-15,0.81,0.864,0.864,-0.0625,-0.0625,0.0,1.0,0,普通大幅波动
sz.159944,2015-07-27,0.83,0.922,0.922,-0.099783,-0.099783,0.0,1.0,0,普通大幅波动
sz.159944,2015-08-04,0.87,0.815,0.815,0.067485,0.067485,0.0,1.0,0,普通大幅波动
sz.159944,2015-08-24,0.797,0.886,0.886,-0.100451,-0.100451,0.0,1.0,0,普通大幅波动
sz.159944,2015-08-25,0.717,0.797,0.797,-0.100376,-0.100376,0.0,1.0,0,普通大幅波动
sz.159944,2016-01-04,0.854,0.915,0.915,-0.066667,-0.066667,0.0,1.0,0,普通大幅波动
sz.159944,2016-01-27,0.698,0.749,0.749,-0.068091,-0.068091,0.0,1.0,0,普通大幅波动
sz.159944,2016-03-07,0.8,0.73,0.73,0.09589,0.09589,0.0,1.0,0,普通大幅波动
sz.159944,2016-03-10,0.7,0.774,0.774,-0.095607,-0.095607,0.0,1.0,0,普通大幅波动
sz.159944,2017-01-19,0.886,0.829,0.829,0.068758,0.068758,0.0,1.0,0,普通大幅波动
sz.159944,2017-06-19,0.898,0.824,0.824,0.089806,0.089806,0.0,1.0,0,普通大幅波动
sz.159944,2017-06-20,0.837,0.898,0.898,-0.067929,-0.067929,0.0,1.0,0,普通大幅波动
sz.159944,2019-04-08,0.925,0.855,0.855,0.081871,0.081871,0.0,1.0,0,普通大幅波动
sz.159944,2019-04-10,0.902,0.977,0.977,-0.076766,-0.076766,0.0,1.0,0,普通大幅波动
sz.159944,2019-04-11,0.822,0.902,0.902,-0.088692,-0.088692,0.0,1.0,0,普通大幅波动
sz.159944,2019-05-06,0.7,0.748,0.748,-0.064171,-0.064171,0.0,1.0,0,普通大幅波动
sz.159944,2020-02-03,0.69,0.767,0.767,-0.100391,-0.100391,0.0,1.0,0,普通大幅波动
sz.159944,2020-03-02,0.79,0.744,0.744,0.061828,0.061828,0.0,1.0,0,普通大幅波动
sz.159944,2020-07-06,0.859,0.806,0.806,0.065757,0.065757,0.0,1.0,0,普通大幅波动
sz.159944,2020-07-20,0.907,0.851,0.851,0.065805,0.065805,0.0,1.0,0,普通大幅波动
sz.159944,2020-12-22,0.92,0.984,0.984,-0.065041,-0.065041,0.0,1.0,0,普通大幅波动
sz.159944,2021-08-13,1.398,1.318,1.318,0.060698,0.060698,0.0,1.0,0,普通大幅波动
sz.159944,2022-04-25,0.957,1.032,1.032,-0.072674,-0.072674,0.0,1.0,0,普通大幅波动
sz.159944,2024-09-30,0.977,0.908,0.908,0.075991,0.075991,0.0,1.0,0,普通大幅波动
sz.159944,2024-10-09,0.936,1.023,1.023,-0.085044,-0.085044,0.0,1.0,0,普通大幅波动
sz.159945,2015-07-06,0.764,0.848,,,-0.099057,,,,普通大幅波动
sz.159945,2015-07-07,0.7,0.764,0.764,-0.08377,-0.08377,0.0,1.0,0,普通大幅波动
sz.159945,2015-07-08,0.63,0.7,0.7,-0.1,-0.1,0.0,1.0,0,普通大幅波动
sz.159945,2015-07-09,0.693,0.63,0.63,0.1,0.1,0.0,1.0,0,普通大幅波动
sz.159945,2015-07-10,0.762,0.693,0.693,0.099567,0.099567,0.0,1.0,0,普通大幅波动
sz.159945,2015-07-13,0.838,0.762,0.762,0.099738,0.099738,0.0,1.0,0,普通大幅波动
sz.159945,2015-07-15,0.798,0.85,0.85,-0.061176,-0.061176,0.0,1.0,0,普通大幅波动
sz.159945,2015-07-27,0.811,0.893,0.893,-0.091825,-0.091825,0.0,1.0,0,普通大幅波动
sz.159945,2015-08-04,0.82,0.769,0.769,0.06632,0.06632,0.0,1.0,0,普通大幅波动
sz.159945,2015-08-18,0.85,0.905,0.905,-0.060773,-0.060773,0.0,1.0,0,普通大幅波动
sz.159945,2015-08-24,0.72,0.8,0.8,-0.1,-0.1,0.0,1.0,0,普通大幅波动
sz.159945,2015-08-25,0.648,0.72,0.72,-0.1,-0.1,0.0,1.0,0,普通大幅波动
sz.159945,2016-01-07,0.643,0.689,0.689,-0.066763,-0.066763,0.0,1.0,0,普通大幅波动
sz.159945,2016-02-01,0.554,0.59,0.59,-0.061017,-0.061017,0.0,1.0,0,普通大幅波动
sz.159945,2016-02-25,0.561,0.61,0.61,-0.080328,-0.080328,0.0,1.0,0,普通大幅波动
sz.159945,2018-02-09,0.727,0.805,0.805,-0.096894,-0.096894,0.0,1.0,0,普通大幅波动
sz.159945,2020-02-03,0.552,0.612,0.612,-0.098039,-0.098039,0.0,1.0,0,普通大幅波动
sz.159945,2020-07-06,0.605,0.567,0.567,0.067019,0.067019,0.0,1.0,0,普通大幅波动
sz.159945,2021-10-28,0.827,0.88,0.88,-0.060227,-0.060227,0.0,1.0,0,普通大幅波动
sz.159945,2021-12-16,0.884,0.822,0.822,0.075426,0.075426,0.0,1.0,0,普通大幅波动
sz.159945,2022-03-15,0.82,0.905,0.905,-0.093923,-0.093923,0.0,1.0,0,普通大幅波动
sz.159945,2024-09-30,1.26,1.155,1.155,0.090909,0.090909,0.0,1.0,0,普通大幅波动
sz.159945,2024-10-09,1.16,1.245,1.245,-0.068273,-0.068273,0.0,1.0,0,普通大幅波动
sz.159946,2015-07-27,0.969,1.039,1.039,-0.067372,-0.067372,0.0,1.0,0,普通大幅波动
sz.159946,2015-08-18,0.96,1.046,1.046,-0.082218,-0.082218,0.0,1.0,0,普通大幅波动
sz.159946,2015-08-24,0.865,0.961,0.961,-0.099896,-0.099896,0.0,1.0,0,普通大幅波动
sz.159946,2015-08-25,0.779,0.865,0.865,-0.099422,-0.099422,0.0,1.0,0,普通大幅波动
sz.159946,2016-01-07,0.842,0.929,0.929,-0.093649,-0.093649,0.0,1.0,0,普通大幅波动
sz.159946,2017-07-18,1.08,1.013,1.013,0.06614,0.06614,0.0,1.0,0,普通大幅波动
sz.159946,2018-02-06,1.22,1.302,1.302,-0.06298,-0.06298,0.0,1.0,0,普通大幅波动
sz.159946,2018-05-09,1.343,1.222,1.222,0.099018,0.099018,0.0,1.0,0,普通大幅波动
sz.159946,2018-06-21,1.258,1.342,1.342,-0.062593,-0.062593,0.0,1.0,0,普通大幅波动
sz.159946,2018-07-05,1.16,1.256,1.256,-0.076433,-0.076433,0.0,1.0,0,普通大幅波动
sz.159946,2018-10-29,0.934,0.999,0.999,-0.065065,-0.065065,0.0,1.0,0,普通大幅波动
sz.159948,2018-10-11,1.312,1.404,1.404,-0.065527,-0.065527,0.0,1.0,0,普通大幅波动
sz.159948,2019-02-25,1.625,1.522,1.522,0.067674,0.067674,0.0,1.0,0,普通大幅波动
sz.159948,2019-05-06,1.557,1.695,1.695,-0.081416,-0.081416,0.0,1.0,0,普通大幅波动
sz.159948,2020-02-03,1.828,2.018,2.018,-0.094153,-0.094153,0.0,1.0,0,普通大幅波动
sz.159948,2020-02-04,1.97,1.828,1.828,0.077681,0.077681,0.0,1.0,0,普通大幅波动
sz.159948,2020-02-28,2.153,2.298,2.298,-0.063098,-0.063098,0.0,1.0,0,普通大幅波动
sz.159948,2020-03-16,1.992,2.127,2.127,-0.06347,-0.06347,0.0,1.0,0,普通大幅波动
sz.159948,2020-07-16,2.784,2.962,2.962,-0.060095,-0.060095,0.0,1.0,0,普通大幅波动
sz.159948,2024-09-27,2.095,1.867,1.867,0.122121,0.122121,0.0,1.0,0,普通大幅波动
sz.159948,2024-09-30,2.513,2.095,2.095,0.199523,0.199523,0.0,1.0,0,普通大幅波动
sz.159948,2024-10-08,3.016,2.513,2.513,0.200159,0.200159,0.0,1.0,0,普通大幅波动
sz.159948,2024-10-09,2.497,3.016,3.016,-0.172082,-0.172082,0.0,1.0,0,普通大幅波动
sz.159948,2024-10-18,2.389,2.211,2.211,0.080507,0.080507,0.0,1.0,0,普通大幅波动
sz.159949,2016-12-12,0.832,0.886,0.886,-0.060948,-0.060948,0.0,1.0,0,普通大幅波动
sz.159949,2018-03-23,0.649,0.695,0.695,-0.066187,-0.066187,0.0,1.0,0,普通大幅波动
sz.159949,2018-06-19,0.56,0.598,0.598,-0.063545,-0.063545,0.0,1.0,0,普通大幅波动
sz.159949,2018-10-11,0.444,0.48,0.48,-0.075,-0.075,0.0,1.0,0,普通大幅波动
sz.159949,2018-10-22,0.475,0.445,0.445,0.067416,0.067416,0.0,1.0,0,普通大幅波动
sz.159949,2019-02-25,0.559,0.516,0.516,0.083333,0.083333,0.0,1.0,0,普通大幅波动
sz.159949,2019-05-06,0.509,0.554,0.554,-0.081227,-0.081227,0.0,1.0,0,普通大幅波动
sz.159949,2020-02-03,0.653,0.711,0.711,-0.081575,-0.081575,0.0,1.0,0,普通大幅波动
sz.159949,2020-02-04,0.703,0.653,0.653,0.07657,0.07657,0.0,1.0,0,普通大幅波动
sz.159949,2020-03-16,0.708,0.757,0.757,-0.064729,-0.064729,0.0,1.0,0,普通大幅波动
sz.159949,2020-07-24,1.04,1.112,1.112,-0.064748,-0.064748,0.0,1.0,0,普通大幅波动
sz.159949,2021-07-29,1.542,1.453,1.453,0.061253,0.061253,0.0,1.0,0,普通大幅波动
sz.159949,2024-09-24,0.711,0.67,0.67,0.061194,0.061194,0.0,1.0,0,普通大幅波动
sz.159949,2024-09-27,0.841,0.754,0.754,0.115385,0.115385,0.0,1.0,0,普通大幅波动
sz.159949,2024-09-30,1.009,0.841,0.841,0.199762,0.199762,0.0,1.0,0,普通大幅波动
sz.159949,2024-10-08,1.211,1.009,1.009,0.200198,0.200198,0.0,1.0,0,普通大幅波动
sz.159949,2024-10-09,1.023,1.211,1.211,-0.155244,-0.155244,0.0,1.0,0,普通大幅波动
sz.159949,2024-10-18,0.984,0.904,0.904,0.088496,0.088496,0.0,1.0,0,普通大幅波动
sz.159950,2018-08-13,0.949,0.888,0.888,0.068694,0.068694,0.0,1.0,0,普通大幅波动
sz.159950,2018-09-20,0.899,0.842,0.842,0.067696,0.067696,0.0,1.0,0,普通大幅波动
sz.159950,2018-10-09,0.935,0.857,0.857,0.091015,0.091015,0.0,1.0,0,普通大幅波动
sz.159950,2018-10-15,0.908,0.98,0.98,-0.073469,-0.073469,0.0,1.0,0,普通大幅波动
sz.159950,2018-10-22,0.868,0.964,0.964,-0.099585,-0.099585,0.0,1.0,0,普通大幅波动
sz.159950,2018-10-23,0.781,0.868,0.868,-0.10023,-0.10023,0.0,1.0,0,普通大幅波动
sz.159950,2019-02-25,0.924,0.865,0.865,0.068208,0.068208,0.0,1.0,0,普通大幅波动
sz.159950,2019-02-26,0.984,0.924,0.924,0.064935,0.064935,0.0,1.0,0,普通大幅波动
sz.159950,2019-05-06,0.937,1.019,1.019,-0.080471,-0.080471,0.0,1.0,0,普通大幅波动
sz.159951,2018-06-19,0.795,0.846,0.846,-0.060284,-0.060284,0.0,1.0,0,普通大幅波动
sz.159951,2019-02-25,0.79,0.733,0.733,0.077763,0.077763,0.0,1.0,0,普通大幅波动
sz.159951,2019-03-04,0.83,0.769,0.769,0.079324,0.079324,0.0,1.0,0,普通大幅波动
sz.159951,2019-03-06,0.895,0.824,0.824,0.086165,0.086165,0.0,1.0,0,普通大幅波动
sz.159951,2020-02-03,0.812,0.902,0.902,-0.099778,-0.099778,0.0,1.0,0,普通大幅波动
sz.159951,2020-02-28,0.925,0.991,0.991,-0.066599,-0.066599,0.0,1.0,0,普通大幅波动
sz.159951,2021-09-03,1.106,1.005,1.005,0.100498,0.100498,0.0,1.0,1,停牌复牌型
sz.159951,2021-09-06,1.217,1.106,1.106,0.100362,0.100362,0.0,1.0,0,普通大幅波动
sz.159951,2021-09-07,1.095,1.217,1.217,-0.100247,-0.100247,0.0,1.0,0,普通大幅波动
sz.159951,2022-04-29,0.82,0.761,0.761,0.07753,0.07753,0.0,1.0,0,普通大幅波动
sz.159951,2022-06-27,0.955,0.895,0.895,0.067039,0.067039,0.0,1.0,0,普通大幅波动
sz.159952,2018-10-11,0.726,0.775,0.775,-0.063226,-0.063226,0.0,1.0,0,普通大幅波动
sz.159952,2019-02-25,0.9,0.845,0.845,0.065089,0.065089,0.0,1.0,0,普通大幅波动
sz.159952,2019-05-06,0.864,0.938,0.938,-0.078891,-0.078891,0.0,1.0,0,普通大幅波动
sz.159952,2020-02-03,1.021,1.113,1.113,-0.082659,-0.082659,0.0,1.0,0,普通大幅波动
sz.159952,2020-02-04,1.089,1.021,1.021,0.066601,0.066601,0.0,1.0,0,普通大幅波动
sz.159952,2020-07-24,1.522,1.62,1.62,-0.060494,-0.060494,0.0,1.0,0,普通大幅波动
sz.159952,2024-02-06,0.988,0.929,0.929,0.063509,0.063509,0.0,1.0,0,普通大幅波动
sz.159952,2024-09-27,1.135,1.028,1.028,0.104086,0.104086,0.0,1.0,0,普通大幅波动
sz.159952,2024-09-30,1.348,1.135,1.135,0.187665,0.187665,0.0,1.0,0,普通大幅波动
sz.159952,2024-10-08,1.618,1.348,1.348,0.200297,0.200297,0.0,1.0,0,普通大幅波动
sz.159952,2024-10-09,1.365,1.618,1.618,-0.156366,-0.156366,0.0,1.0,0,普通大幅波动
sz.159952,2024-10-18,1.314,1.217,1.217,0.079704,0.079704,0.0,1.0,0,普通大幅波动
sz.159953,2019-02-25,0.778,0.73,0.73,0.065753,0.065753,0.0,1.0,0,普通大幅波动
sz.159953,2020-02-03,0.686,0.762,0.762,-0.099738,-0.099738,0.0,1.0,0,普通大幅波动
sz.159953,2020-10-27,0.94,1.013,1.013,-0.072063,-0.072063,0.0,1.0,0,普通大幅波动
sz.159954,2020-07-06,1.063,0.999,0.999,0.064064,0.064064,0.0,1.0,0,普通大幅波动
sz.159954,2022-03-15,0.586,0.631,0.631,-0.071315,-0.071315,0.0,1.0,0,普通大幅波动
sz.159954,2022-03-16,0.645,0.586,0.586,0.100683,0.100683,0.0,1.0,0,普通大幅波动
sz.159954,2022-03-17,0.684,0.645,0.645,0.060465,0.060465,0.0,1.0,0,普通大幅波动
sz.159954,2022-10-24,0.573,0.61,0.61,-0.060656,-0.060656,0.0,1.0,0,普通大幅波动
sz.159955,2018-06-19,0.836,0.891,0.891,-0.061728,-0.061728,0.0,1.0,0,普通大幅波动
sz.159955,2018-10-11,0.68,0.73,0.73,-0.068493,-0.068493,0.0,1.0,0,普通大幅波动
sz.159955,2019-03-11,0.952,0.895,0.895,0.063687,0.063687,0.0,1.0,0,普通大幅波动
sz.159955,2019-05-06,0.804,0.874,0.874,-0.080092,-0.080092,0.0,1.0,0,普通大幅波动
sz.159955,2020-02-03,0.938,1.035,1.035,-0.09372,-0.09372,0.0,1.0,0,普通大幅波动
sz.159955,2020-02-04,1.012,0.938,0.938,0.078891,0.078891,0.0,1.0,0,普通大幅波动
sz.159956,2018-08-03,0.839,0.896,0.896,-0.063616,-0.063616,0.0,1.0,0,普通大幅波动
sz.159956,2018-10-11,0.704,0.759,0.759,-0.072464,-0.072464,0.0,1.0,0,普通大幅波动
sz.159956,2019-02-25,0.871,0.819,0.819,0.063492,0.063492,0.0,1.0,0,普通大幅波动
sz.159956,2020-02-03,1.009,1.121,1.121,-0.099911,-0.099911,0.0,1.0,0,普通大幅波动
sz.159956,2020-02-04,1.08,1.009,1.009,0.070367,0.070367,0.0,1.0,0,普通大幅波动
sz.159956,2020-06-19,1.367,1.288,1.288,0.061335,0.061335,0.0,1.0,0,普通大幅波动
sz.159956,2020-06-22,1.459,1.367,1.367,0.067301,0.067301,0.0,1.0,0,普通大幅波动
sz.159956,2020-06-23,1.354,1.459,1.459,-0.071967,-0.071967,0.0,1.0,0,普通大幅波动
sz.159956,2020-07-13,1.72,1.587,1.587,0.083806,0.083806,0.0,1.0,0,普通大幅波动
sz.159956,2020-07-17,1.507,1.604,1.604,-0.060474,-0.060474,0.0,1.0,0,普通大幅波动
sz.159956,2022-02-14,1.69,1.834,1.834,-0.078517,-0.078517,0.0,1.0,0,普通大幅波动
sz.159956,2022-05-17,1.675,1.396,1.396,0.199857,0.199857,0.0,1.0,0,普通大幅波动
sz.159956,2022-05-18,1.433,1.675,1.675,-0.144478,-0.144478,0.0,1.0,0,普通大幅波动
sz.159956,2024-02-06,1.051,0.964,0.964,0.090249,0.090249,0.0,1.0,0,普通大幅波动
sz.159956,2024-09-27,1.183,1.08,1.08,0.09537,0.09537,0.0,1.0,0,普通大幅波动
sz.159956,2024-09-30,1.418,1.183,1.183,0.198648,0.198648,0.0,1.0,0,普通大幅波动
sz.159956,2024-10-08,1.702,1.418,1.418,0.200282,0.200282,0.0,1.0,0,普通大幅波动
sz.159956,2024-10-09,1.441,1.702,1.702,-0.153349,-0.153349,0.0,1.0,0,普通大幅波动
sz.159956,2024-10-18,1.379,1.27,1.27,0.085827,0.085827,0.0,1.0,0,普通大幅波动
sz.159957,2018-06-19,0.897,0.956,0.956,-0.061715,-0.061715,0.0,1.0,0,普通大幅波动
sz.159957,2018-10-11,0.736,0.792,0.792,-0.070707,-0.070707,0.0,1.0,0,普通大幅波动
sz.159957,2019-05-06,0.886,0.984,0.984,-0.099593,-0.099593,0.0,1.0,0,普通大幅波动
sz.159957,2020-02-03,1.082,1.161,1.161,-0.068045,-0.068045,0.0,1.0,0,普通大幅波动
sz.159957,2020-07-16,1.586,1.716,1.716,-0.075758,-0.075758,0.0,1.0,0,普通大幅波动
sz.159957,2024-09-24,1.057,0.988,0.988,0.069838,0.069838,0.0,1.0,0,普通大幅波动
sz.159957,2024-09-27,1.219,1.11,1.11,0.098198,0.098198,0.0,1.0,0,普通大幅波动
sz.159957,2024-09-30,1.43,1.219,1.219,0.173093,0.173093,0.0,1.0,0,普通大幅波动
sz.159957,2024-10-08,1.716,1.43,1.43,0.2,0.2,0.0,1.0,0,普通大幅波动
sz.159957,2024-10-09,1.488,1.716,1.716,-0.132867,-0.132867,0.0,1.0,0,普通大幅波动
sz.159957,2024-10-18,1.421,1.316,1.316,0.079787,0.079787,0.0,1.0,0,普通大幅波动
sz.159958,2018-10-11,0.724,0.776,0.776,-0.06701,-0.06701,0.0,1.0,0,普通大幅波动
sz.159958,2019-02-25,0.906,0.845,0.845,0.072189,0.072189,0.0,1.0,0,普通大幅波动
sz.159958,2019-05-06,0.869,0.938,0.938,-0.073561,-0.073561,0.0,1.0,0,普通大幅波动
sz.159958,2020-02-03,1.044,1.16,1.16,-0.1,-0.1,0.0,1.0,0,普通大幅波动
sz.159958,2020-02-04,1.142,1.044,1.044,0.09387,0.09387,0.0,1.0,0,普通大幅波动
sz.159958,2020-07-24,1.522,1.626,1.626,-0.063961,-0.063961,0.0,1.0,0,普通大幅波动
sz.159958,2024-02-06,0.976,0.916,0.916,0.065502,0.065502,0.0,1.0,0,普通大幅波动
sz.159958,2024-09-27,1.123,1.021,1.021,0.099902,0.099902,0.0,1.0,0,普通大幅波动
sz.159958,2024-09-30,1.348,1.123,1.123,0.200356,0.200356,0.0,1.0,0,普通大幅波动
sz.159958,2024-10-08,1.618,1.348,1.348,0.200297,0.200297,0.0,1.0,0,普通大幅波动
sz.159958,2024-10-09,1.419,1.618,1.618,-0.122991,-0.122991,0.0,1.0,0,普通大幅波动
sz.159958,2024-10-10,1.316,1.419,1.419,-0.072586,-0.072586,0.0,1.0,0,普通大幅波动
sz.159958,2024-10-18,1.308,1.21,1.21,0.080992,0.080992,0.0,1.0,0,普通大幅波动
sz.159959,2020-02-03,0.916,1.015,1.015,-0.097537,-0.097537,0.0,1.0,0,普通大幅波动
sz.159959,2020-07-06,1.137,1.043,1.043,0.090125,0.090125,0.0,1.0,0,普通大幅波动
sz.159959,2024-09-30,1.518,1.409,1.409,0.07736,0.07736,0.0,1.0,0,普通大幅波动
sz.159959,2024-10-08,1.622,1.518,1.518,0.068511,0.068511,0.0,1.0,0,普通大幅波动
sz.159959,2024-10-09,1.462,1.622,1.622,-0.098644,-0.098644,0.0,1.0,0,普通大幅波动
sz.159960,2020-07-06,1.086,1.022,1.022,0.062622,0.062622,0.0,1.0,0,普通大幅波动
sz.159960,2021-11-16,0.821,0.812,0.902,-0.0898,0.011084,-0.099778,1.1108,0,分红型
sz.159960,2022-03-16,0.633,0.589,0.589,0.074703,0.074703,0.0,1.0,0,普通大幅波动
sz.159960,2022-03-17,0.671,0.633,0.633,0.060032,0.060032,0.0,1.0,0,普通大幅波动
sz.159960,2024-06-24,0.665,0.675,0.746,-0.108579,-0.014815,-0.095174,1.10523947,0,分红型
sz.159961,2019-05-06,1.23,1.34,1.34,-0.08209,-0.08209,0.0,1.0,0,普通大幅波动
sz.159961,2020-02-03,1.359,1.51,1.51,-0.1,-0.1,0.0,1.0,0,普通大幅波动
sz.159961,2024-09-27,1.553,1.451,1.451,0.070296,0.070296,0.0,1.0,0,普通大幅波动
sz.159961,2024-09-30,1.707,1.553,1.553,0.099163,0.099163,0.0,1.0,0,普通大幅波动
sz.159961,2024-10-08,1.878,1.707,1.707,0.100176,0.100176,0.0,1.0,0,普通大幅波动
sz.159961,2024-10-09,1.723,1.878,1.878,-0.082535,-0.082535,0.0,1.0,0,普通大幅波动
sz.159962,2019-05-06,0.963,1.035,1.035,-0.069565,-0.069565,0.0,1.0,0,普通大幅波动
sz.159962,2020-02-03,0.919,1.018,1.018,-0.09725,-0.09725,0.0,1.0,0,普通大幅波动
sz.159962,2020-02-04,1.01,0.919,0.919,0.099021,0.099021,0.0,1.0,0,普通大幅波动
sz.159962,2020-02-05,0.935,1.01,1.01,-0.074257,-0.074257,0.0,1.0,0,普通大幅波动
sz.159962,2021-01-04,1.638,1.498,1.498,0.093458,0.093458,0.0,1.0,0,普通大幅波动
sz.159962,2022-04-26,1.546,1.652,1.652,-0.064165,-0.064165,0.0,1.0,1,停牌复牌型
sz.159963,2020-07-06,1.048,0.988,0.988,0.060729,0.060729,0.0,1.0,0,普通大幅波动
sz.159964,2019-05-06,0.882,0.963,0.963,-0.084112,-0.084112,0.0,1.0,0,普通大幅波动
sz.159964,2020-02-03,1.032,1.134,1.134,-0.089947,-0.089947,0.0,1.0,0,普通大幅波动
sz.159964,2020-02-04,1.108,1.032,1.032,0.073643,0.073643,0.0,1.0,0,普通大幅波动
sz.159964,2020-03-16,1.141,1.24,1.24,-0.079839,-0.079839,0.0,1.0,0,普通大幅波动
sz.159964,2022-06-17,1.877,1.609,1.609,0.166563,0.166563,0.0,1.0,0,普通大幅波动
sz.159964,2022-06-20,1.691,1.877,1.877,-0.099094,-0.099094,0.0,1.0,0,普通大幅波动
sz.159964,2024-02-06,1.054,0.992,0.992,0.0625,0.0625,0.0,1.0,0,普通大幅波动
sz.159964,2024-09-27,1.255,1.104,1.104,0.136775,0.136775,0.0,1.0,0,普通大幅波动
sz.159964,2024-09-30,1.5,1.255,1.255,0.195219,0.195219,0.0,1.0,0,普通大幅波动
sz.159964,2024-10-08,1.8,1.5,1.5,0.2,0.2,0.0,1.0,0,普通大幅波动
sz.159964,2024-10-09,1.448,1.8,1.8,-0.195556,-0.195556,0.0,1.0,0,普通大幅波动
sz.159964,2024-10-18,1.41,1.304,1.304,0.081288,0.081288,0.0,1.0,0,普通大幅波动
sz.159965,2020-02-03,1.041,1.135,1.135,-0.082819,-0.082819,0.0,1.0,0,普通大幅波动
sz.159965,2020-07-06,1.339,1.244,1.244,0.076367,0.076367,0.0,1.0,0,普通大幅波动
sz.159965,2020-07-16,1.255,1.361,1.361,-0.077884,-0.077884,0.0,1.0,0,普通大幅波动
sz.159965,2024-09-30,1.458,1.364,1.364,0.068915,0.068915,0.0,1.0,0,普通大幅波动
sz.159966,2020-02-03,1.215,1.32,1.32,-0.079545,-0.079545,0.0,1.0,0,普通大幅波动
sz.159966,2020-02-04,1.308,1.215,1.215,0.076543,0.076543,0.0,1.0,0,普通大幅波动
sz.159966,2020-11-06,0.616,0.631,1.941,-0.682638,-0.023772,-0.67491,3.0761,0,拆分合并型
sz.159966,2022-10-14,0.486,0.458,0.458,0.061135,0.061135,0.0,1.0,0,普通大幅波动
sz.159966,2024-09-27,0.426,0.39,0.39,0.092308,0.092308,0.0,1.0,0,普通大幅波动
sz.159966,2024-09-30,0.51,0.426,0.426,0.197183,0.197183,0.0,1.0,0,普通大幅波动
sz.159966,2024-10-08,0.612,0.51,0.51,0.2,0.2,0.0,1.0,0,普通大幅波动
sz.159966,2024-10-09,0.504,0.612,0.612,-0.176471,-0.176471,0.0,1.0,0,普通大幅波动
sz.159966,2024-10-18,0.483,0.45,0.45,0.073333,0.073333,0.0,1.0,0,普通大幅波动
sz.159967,2020-07-24,1.94,2.075,2.075,-0.06506,-0.06506,0.0,1.0,0,普通大幅波动
sz.159967,2020-11-06,0.569,0.58,2.11,-0.730332,-0.018966,-0.725118,3.6379,0,拆分合并型
sz.159967,2021-02-22,0.701,0.746,0.746,-0.060322,-0.060322,0.0,1.0,0,普通大幅波动
sz.159967,2021-03-04,0.619,0.663,0.663,-0.066365,-0.066365,0.0,1.0,0,普通大幅波动
sz.159967,2021-03-08,0.592,0.63,0.63,-0.060317,-0.060317,0.0,1.0,0,普通大幅波动
sz.159967,2022-04-27,0.535,0.495,0.495,0.080808,0.080808,0.0,1.0,0,普通大幅波动
sz.159967,2024-02-06,0.368,0.344,0.344,0.069767,0.069767,0.0,1.0,0,普通大幅波动
sz.159967,2024-09-27,0.411,0.383,0.383,0.073107,0.073107,0.0,1.0,0,普通大幅波动
sz.159967,2024-09-30,0.478,0.411,0.411,0.163017,0.163017,0.0,1.0,0,普通大幅波动
sz.159967,2024-10-08,0.574,0.478,0.478,0.200837,0.200837,0.0,1.0,0,普通大幅波动
sz.159967,2024-10-09,0.497,0.574,0.574,-0.134146,-0.134146,0.0,1.0,0,普通大幅波动
sz.159967,2024-10-18,0.493,0.456,0.456,0.08114,0.08114,0.0,1.0,0,普通大幅波动
sz.159968,2020-02-03,4.88,5.385,5.385,-0.093779,-0.093779,0.0,1.0,0,普通大幅波动
sz.159968,2022-04-25,6.074,6.509,6.509,-0.066831,-0.066831,0.0,1.0,0,普通大幅波动
sz.159968,2024-02-06,5.754,5.334,5.334,0.07874,0.07874,0.0,1.0,0,普通大幅波动
sz.159968,2024-02-07,6.329,5.754,5.754,0.09993,0.09993,0.0,1.0,0,普通大幅波动
sz.159968,2024-09-27,6.55,6.055,6.055,0.081751,0.081751,0.0,1.0,0,普通大幅波动
sz.159968,2024-09-30,7.205,6.55,6.55,0.1,0.1,0.0,1.0,0,普通大幅波动
sz.159969,2020-02-03,1.034,1.149,1.149,-0.100087,-0.100087,0.0,1.0,0,普通大幅波动
sz.159969,2024-09-27,1.13,1.041,1.041,0.085495,0.085495,0.0,1.0,0,普通大幅波动
sz.159969,2024-09-30,1.23,1.13,1.13,0.088496,0.088496,0.0,1.0,0,普通大幅波动
sz.159969,2024-10-08,1.353,1.23,1.23,0.1,0.1,0.0,1.0,0,普通大幅波动
sz.159969,2024-10-09,1.224,1.353,1.353,-0.095344,-0.095344,0.0,1.0,0,普通大幅波动
sz.159969,2024-10-18,1.203,1.132,1.132,0.062721,0.062721,0.0,1.0,0,普通大幅波动
sz.159970,2020-02-03,4.084,4.538,4.538,-0.100044,-0.100044,0.0,1.0,0,普通大幅波动
sz.159970,2021-07-27,6.727,7.179,7.179,-0.062961,-0.062961,0.0,1.0,0,普通大幅波动
sz.159970,2024-09-27,4.55,4.149,4.149,0.09665,0.09665,0.0,1.0,0,普通大幅波动
sz.159970,2024-10-08,5.28,4.815,4.815,0.096573,0.096573,0.0,1.0,0,普通大幅波动
sz.159970,2024-10-09,4.85,5.28,5.28,-0.081439,-0.081439,0.0,1.0,0,普通大幅波动
sz.159971,2020-02-03,1.231,1.322,1.322,-0.068835,-0.068835,0.0,1.0,0,普通大幅波动
sz.159971,2020-07-16,1.812,1.928,1.928,-0.060166,-0.060166,0.0,1.0,0,普通大幅波动
sz.159971,2024-09-27,1.304,1.18,1.18,0.105085,0.105085,0.0,1.0,0,普通大幅波动
sz.159971,2024-09-30,1.565,1.304,1.304,0.200153,0.200153,0.0,1.0,0,普通大幅波动
sz.159971,2024-10-08,1.878,1.565,1.565,0.2,0.2,0.0,1.0,0,普通大幅波动
sz.159971,2024-10-09,1.558,1.878,1.878,-0.170394,-0.170394,0.0,1.0,0,普通大幅波动
sz.159971,2024-10-18,1.51,1.398,1.398,0.080114,0.080114,0.0,1.0,0,普通大幅波动
sz.159973,2020-02-03,1.103,1.226,1.226,-0.100326,-0.100326,0.0,1.0,0,普通大幅波动
sz.159973,2020-03-12,1.189,1.265,1.265,-0.060079,-0.060079,0.0,1.0,0,普通大幅波动
sz.159973,2021-01-05,2.02,1.893,1.893,0.067089,0.067089,0.0,1.0,0,普通大幅波动
sz.159973,2021-08-26,2.109,1.918,1.918,0.099583,0.099583,0.0,1.0,0,普通大幅波动
sz.159973,2021-08-30,1.95,2.109,2.109,-0.075391,-0.075391,0.0,1.0,0,普通大幅波动
sz.159973,2022-06-20,1.649,1.545,1.545,0.067314,0.067314,0.0,1.0,0,普通大幅波动
sz.159973,2022-10-31,1.574,1.431,1.431,0.09993,0.09993,0.0,1.0,0,普通大幅波动
sz.159973,2022-11-02,1.487,1.598,1.598,-0.069462,-0.069462,0.0,1.0,0,普通大幅波动
sz.159973,2024-09-27,1.225,1.138,1.138,0.07645,0.07645,0.0,1.0,0,普通大幅波动
sz.159973,2024-09-30,1.347,1.225,1.225,0.099592,0.099592,0.0,1.0,0,普通大幅波动
sz.159973,2024-10-08,1.479,1.347,1.347,0.097996,0.097996,0.0,1.0,0,普通大幅波动
sz.159973,2024-10-09,1.37,1.479,1.479,-0.073698,-0.073698,0.0,1.0,0,普通大幅波动
sz.159974,2020-02-03,0.823,0.914,0.914,-0.099562,-0.099562,0.0,1.0,0,普通大幅波动
sz.159974,2020-07-06,0.962,0.904,0.904,0.064159,0.064159,0.0,1.0,0,普通大幅波动
sz.159974,2022-03-15,1.2,1.279,1.279,-0.061767,-0.061767,0.0,1.0,0,普通大幅波动
sz.159974,2024-09-30,1.65,1.518,1.518,0.086957,0.086957,0.0,1.0,0,普通大幅波动
sz.159974,2024-10-09,1.592,1.704,1.704,-0.065728,-0.065728,0.0,1.0,0,普通大幅波动
sz.159975,2020-02-03,4.194,4.66,4.66,-0.1,-0.1,0.0,1.0,0,普通大幅波动
sz.159975,2021-01-29,0.758,0.761,7.61,-0.900394,-0.003942,-0.9,10.0,0,拆分合并型
sz.159975,2024-09-27,0.534,0.498,0.498,0.072289,0.072289,0.0,1.0,0,普通大幅波动
sz.159975,2024-09-30,0.587,0.534,0.534,0.099251,0.099251,0.0,1.0,0,普通大幅波动
sz.159975,2024-10-08,0.646,0.587,0.587,0.100511,0.100511,0.0,1.0,0,普通大幅波动
sz.159975,2024-10-09,0.591,0.646,0.646,-0.085139,-0.085139,0.0,1.0,0,普通大幅波动
sz.159976,2020-02-03,0.931,1.025,1.025,-0.091707,-0.091707,0.0,1.0,0,普通大幅波动
sz.159976,2020-02-04,0.989,0.931,0.931,0.062299,0.062299,0.0,1.0,0,普通大幅波动
sz.159976,2024-09-30,1.103,1.012,1.012,0.089921,0.089921,0.0,1.0,0,普通大幅波动
sz.159976,2024-10-08,1.175,1.103,1.103,0.065277,0.065277,0.0,1.0,0,普通大幅波动
sz.159976,2024-10-09,1.103,1.175,1.175,-0.061277,-0.061277,0.0,1.0,0,普通大幅波动
sz.159977,2020-02-03,1.744,1.925,1.925,-0.094026,-0.094026,0.0,1.0,0,普通大幅波动
sz.159977,2020-02-04,1.879,1.744,1.744,0.077408,0.077408,0.0,1.0,0,普通大幅波动
sz.159977,2024-02-06,1.706,1.603,1.603,0.064255,0.064255,0.0,1.0,0,普通大幅波动
sz.159977,2024-09-27,1.95,1.766,1.766,0.10419,0.10419,0.0,1.0,0,普通大幅波动
sz.159977,2024-09-30,2.34,1.95,1.95,0.2,0.2,0.0,1.0,0,普通大幅波动
sz.159977,2024-10-08,2.808,2.34,2.34,0.2,0.2,0.0,1.0,0,普通大幅波动
sz.159977,2024-10-09,2.352,2.808,2.808,-0.162393,-0.162393,0.0,1.0,0,普通大幅波动
sz.159977,2024-10-18,2.255,2.09,2.09,0.078947,0.078947,0.0,1.0,0,普通大幅波动
sz.159978,2021-07-28,1.245,1.174,1.174,0.060477,0.060477,0.0,1.0,0,普通大幅波动
sz.159978,2022-03-15,0.909,0.97,0.97,-0.062887,-0.062887,0.0,1.0,0,普通大幅波动
sz.159978,2022-03-16,0.978,0.909,0.909,0.075908,0.075908,0.0,1.0,0,普通大幅波动
sz.159979,2022-03-17,1.019,0.956,0.956,0.0659,0.0659,0.0,1.0,0,普通大幅波动
sz.159981,2020-02-03,0.877,0.974,0.974,-0.099589,-0.099589,0.0,1.0,0,普通大幅波动
sz.159981,2021-10-11,1.887,1.751,1.751,0.07767,0.07767,0.0,1.0,0,普通大幅波动
sz.159981,2021-10-19,2.281,2.112,2.112,0.080019,0.080019,0.0,1.0,0,普通大幅波动
sz.159981,2021-10-20,2.053,2.281,2.281,-0.099956,-0.099956,0.0,1.0,0,普通大幅波动
sz.159981,2021-10-21,1.89,2.053,2.053,-0.079396,-0.079396,0.0,1.0,0,普通大幅波动
sz.159981,2021-10-22,1.732,1.89,1.89,-0.083598,-0.083598,0.0,1.0,0,普通大幅波动
sz.159981,2022-03-07,1.855,1.716,1.716,0.081002,0.081002,0.0,1.0,0,普通大幅波动
sz.159982,2020-07-06,1.261,1.176,1.176,0.072279,0.072279,0.0,1.0,0,普通大幅波动
sz.159982,2024-02-06,1.194,1.097,1.097,0.088423,0.088423,0.0,1.0,0,普通大幅波动
sz.159982,2024-09-27,1.345,1.244,1.244,0.08119,0.08119,0.0,1.0,0,普通大幅波动
sz.159982,2024-09-30,1.475,1.345,1.345,0.096654,0.096654,0.0,1.0,0,普通大幅波动
sz.159982,2024-10-09,1.441,1.539,1.539,-0.063678,-0.063678,0.0,1.0,0,普通大幅波动
sz.159984,2020-02-03,0.901,0.985,0.985,-0.085279,-0.085279,0.0,1.0,0,普通大幅波动
sz.159985,2022-02-07,1.409,1.294,1.294,0.088872,0.088872,0.0,1.0,0,普通大幅波动
sz.159985,2023-07-03,2.052,1.901,1.901,0.079432,0.079432,0.0,1.0,0,普通大幅波动
sz.159986,2020-02-03,0.939,1.043,1.043,-0.099712,-0.099712,0.0,1.0,0,普通大幅波动
sz.159986,2020-02-24,1.295,1.177,1.177,0.100255,0.100255,0.0,1.0,0,普通大幅波动
sz.159986,2020-02-25,1.397,1.295,1.295,0.078764,0.078764,0.0,1.0,0,普通大幅波动
sz.159986,2020-02-26,1.248,1.387,1.397,-0.106657,-0.100216,-0.007158,1.0,0,普通大幅波动
sz.159986,2020-02-27,1.15,1.248,1.248,-0.078526,-0.078526,0.0,1.0,0,普通大幅波动
sz.159986,2020-07-16,1.272,1.367,1.367,-0.069495,-0.069495,0.0,1.0,0,普通大幅波动
sz.159986,2021-01-06,1.806,1.642,1.642,0.099878,0.099878,0.0,1.0,0,普通大幅波动
sz.159986,2021-01-07,1.987,1.806,1.806,0.100221,0.100221,0.0,1.0,0,普通大幅波动
sz.159986,2021-01-08,2.128,1.987,1.987,0.070961,0.070961,0.0,1.0,0,普通大幅波动
sz.159986,2021-01-11,1.915,2.128,2.128,-0.100094,-0.100094,0.0,1.0,0,普通大幅波动
sz.159986,2021-01-12,1.724,1.915,1.915,-0.099739,-0.099739,0.0,1.0,0,普通大幅波动
sz.159987,2020-02-03,1.023,1.133,1.133,-0.097087,-0.097087,0.0,1.0,0,普通大幅波动
sz.159987,2020-02-04,1.099,1.023,1.023,0.074291,0.074291,0.0,1.0,0,普通大幅波动
sz.159987,2024-02-06,1.077,1.012,1.012,0.064229,0.064229,0.0,1.0,0,普通大幅波动
sz.159990,2020-02-03,0.863,0.959,0.959,-0.100104,-0.100104,0.0,1.0,0,普通大幅波动
sz.159990,2022-03-15,1.185,1.267,1.267,-0.06472,-0.06472,0.0,1.0,0,普通大幅波动
sz.159991,2020-07-16,1.372,1.461,1.461,-0.060917,-0.060917,0.0,1.0,0,普通大幅波动
sz.159991,2020-07-24,1.374,1.464,1.464,-0.061475,-0.061475,0.0,1.0,0,普通大幅波动
sz.159991,2021-01-27,0.651,0.644,1.829,-0.644068,0.01087,-0.647895,2.8401,0,拆分合并型
sz.159991,2024-09-27,0.428,0.368,0.368,0.163043,0.163043,0.0,1.0,0,普通大幅波动
sz.159991,2024-09-30,0.513,0.428,0.428,0.198598,0.198598,0.0,1.0,0,普通大幅波动
sz.159991,2024-10-08,0.616,0.513,0.513,0.20078,0.20078,0.0,1.0,0,普通大幅波动
sz.159991,2024-10-09,0.503,0.616,0.616,-0.183442,-0.183442,0.0,1.0,0,普通大幅波动
sz.159991,2024-10-18,0.478,0.44,0.44,0.086364,0.086364,0.0,1.0,0,普通大幅波动
sz.159992,2020-07-16,1.373,1.471,1.471,-0.066621,-0.066621,0.0,1.0,0,普通大幅波动
sz.159992,2020-07-24,1.425,1.516,1.516,-0.060026,-0.060026,0.0,1.0,0,普通大幅波动
sz.159992,2022-10-14,0.922,0.851,0.851,0.083431,0.083431,0.0,1.0,0,普通大幅波动
sz.159992,2024-02-06,0.671,0.61,0.61,0.1,0.1,0.0,1.0,0,普通大幅波动
sz.159992,2024-09-27,0.693,0.642,0.642,0.079439,0.079439,0.0,1.0,0,普通大幅波动
sz.159992,2024-09-30,0.762,0.693,0.693,0.099567,0.099567,0.0,1.0,0,普通大幅波动
sz.159992,2024-10-08,0.838,0.762,0.762,0.099738,0.099738,0.0,1.0,0,普通大幅波动
sz.159992,2024-10-09,0.768,0.838,0.838,-0.083532,-0.083532,0.0,1.0,0,普通大幅波动
sz.159993,2020-02-28,0.973,1.038,1.038,-0.06262,-0.06262,0.0,1.0,0,普通大幅波动
sz.159993,2020-07-02,1.109,1.026,1.026,0.080897,0.080897,0.0,1.0,0,普通大幅波动
sz.159993,2020-07-03,1.207,1.109,1.109,0.088368,0.088368,0.0,1.0,0,普通大幅波动
sz.159993,2020-07-06,1.328,1.207,1.207,0.100249,0.100249,0.0,1.0,0,普通大幅波动
sz.159993,2020-07-08,1.352,1.261,1.261,0.072165,0.072165,0.0,1.0,0,普通大幅波动
sz.159993,2020-07-16,1.22,1.306,1.306,-0.06585,-0.06585,0.0,1.0,0,普通大幅波动
sz.159993,2020-07-24,1.173,1.252,1.252,-0.063099,-0.063099,0.0,1.0,0,普通大幅波动
sz.159993,2021-01-12,1.315,1.227,1.227,0.07172,0.07172,0.0,1.0,0,普通大幅波动
sz.159993,2021-05-14,1.123,1.048,1.048,0.071565,0.071565,0.0,1.0,0,普通大幅波动
sz.159993,2021-08-18,1.216,1.142,1.142,0.064799,0.064799,0.0,1.0,0,普通大幅波动
sz.159993,2022-03-16,1.024,0.966,0.966,0.060041,0.060041,0.0,1.0,0,普通大幅波动
sz.159993,2023-07-28,1.078,1.002,1.002,0.075848,0.075848,0.0,1.0,0,普通大幅波动
sz.159993,2024-09-27,1.08,0.982,0.982,0.099796,0.099796,0.0,1.0,0,普通大幅波动
sz.159993,2024-09-30,1.188,1.08,1.08,0.1,0.1,0.0,1.0,0,普通大幅波动
sz.159993,2024-10-08,1.307,1.188,1.188,0.100168,0.100168,0.0,1.0,0,普通大幅波动
sz.159993,2024-10-10,1.188,1.271,1.271,-0.065303,-0.065303,0.0,1.0,0,普通大幅波动
sz.159993,2024-10-18,1.23,1.145,1.145,0.074236,0.074236,0.0,1.0,0,普通大幅波动
sz.159993,2024-11-07,1.425,1.312,1.312,0.086128,0.086128,0.0,1.0,0,普通大幅波动
sz.159994,2020-03-16,0.911,0.998,0.998,-0.087174,-0.087174,0.0,1.0,0,普通大幅波动
sz.159994,2020-03-23,0.843,0.899,0.899,-0.062291,-0.062291,0.0,1.0,0,普通大幅波动
sz.159994,2020-06-01,0.935,0.879,0.879,0.063709,0.063709,0.0,1.0,0,普通大幅波动
sz.159994,2020-07-16,1.079,1.155,1.155,-0.065801,-0.065801,0.0,1.0,0,普通大幅波动
sz.159994,2022-04-25,0.625,0.67,0.67,-0.067164,-0.067164,0.0,1.0,0,普通大幅波动
sz.159994,2022-04-27,0.648,0.611,0.611,0.060556,0.060556,0.0,1.0,0,普通大幅波动
sz.159994,2024-02-06,0.628,0.585,0.585,0.073504,0.073504,0.0,1.0,0,普通大幅波动
sz.159994,2024-02-27,0.741,0.698,0.698,0.061605,0.061605,0.0,1.0,0,普通大幅波动
sz.159994,2024-09-30,0.903,0.821,0.821,0.099878,0.099878,0.0,1.0,0,普通大幅波动
sz.159994,2024-10-08,0.993,0.903,0.903,0.099668,0.099668,0.0,1.0,0,普通大幅波动
sz.159994,2024-10-18,0.943,0.883,0.883,0.06795,0.06795,0.0,1.0,0,普通大幅波动
sz.159995,2020-02-24,1.355,1.276,1.276,0.061912,0.061912,0.0,1.0,0,普通大幅波动
sz.159995,2020-02-26,1.272,1.401,1.403,-0.093371,-0.092077,-0.001426,1.0,0,普通大幅波动
sz.159995,2020-03-09,1.017,1.11,1.11,-0.083784,-0.083784,0.0,1.0,0,普通大幅波动
sz.159995,2020-03-10,1.097,1.017,1.017,0.078663,0.078663,0.0,1.0,0,普通大幅波动
sz.159995,2020-03-16,1.015,1.08,1.08,-0.060185,-0.060185,0.0,1.0,0,普通大幅波动
sz.159995,2020-03-23,0.962,1.043,1.043,-0.077661,-0.077661,0.0,1.0,0,普通大幅波动
sz.159995,2020-04-02,0.987,0.918,0.918,0.075163,0.075163,0.0,1.0,0,普通大幅波动
sz.159995,2020-04-30,1.034,0.961,0.961,0.075963,0.075963,0.0,1.0,0,普通大幅波动
sz.159995,2020-07-06,1.353,1.23,1.23,0.1,0.1,0.0,1.0,0,普通大幅波动
sz.159995,2020-07-15,1.416,1.508,1.508,-0.061008,-0.061008,0.0,1.0,0,普通大幅波动
sz.159995,2020-07-16,1.288,1.416,1.416,-0.090395,-0.090395,0.0,1.0,0,普通大幅波动
sz.159995,2020-07-24,1.251,1.335,1.335,-0.062921,-0.062921,0.0,1.0,0,普通大幅波动
sz.159995,2020-11-09,1.299,1.202,1.202,0.080699,0.080699,0.0,1.0,0,普通大幅波动
sz.159995,2021-01-18,1.434,1.349,1.349,0.06301,0.06301,0.0,1.0,0,普通大幅波动
sz.159995,2021-06-17,1.417,1.31,1.31,0.081679,0.081679,0.0,1.0,0,普通大幅波动
sz.159995,2021-07-29,1.813,1.676,1.676,0.081742,0.081742,0.0,1.0,0,普通大幅波动
sz.159995,2022-04-25,1.014,1.092,1.092,-0.071429,-0.071429,0.0,1.0,0,普通大幅波动
sz.159995,2022-04-27,1.052,0.981,0.981,0.072375,0.072375,0.0,1.0,0,普通大幅波动
sz.159995,2022-10-10,0.941,1.006,1.006,-0.064612,-0.064612,0.0,1.0,0,普通大幅波动
sz.159995,2022-11-15,1.119,1.052,1.052,0.063688,0.063688,0.0,1.0,0,普通大幅波动
sz.159995,2024-02-06,0.755,0.709,0.709,0.06488,0.06488,0.0,1.0,0,普通大幅波动
sz.159995,2024-02-29,0.88,0.828,0.828,0.062802,0.062802,0.0,1.0,0,普通大幅波动
sz.159995,2024-09-27,0.884,0.816,0.816,0.083333,0.083333,0.0,1.0,0,普通大幅波动
sz.159995,2024-09-30,0.972,0.884,0.884,0.099548,0.099548,0.0,1.0,0,普通大幅波动
sz.159995,2024-10-08,1.069,0.972,0.972,0.099794,0.099794,0.0,1.0,0,普通大幅波动
sz.159995,2024-10-09,1.176,1.069,1.069,0.100094,0.100094,0.0,1.0,0,普通大幅波动
sz.159995,2024-10-11,1.056,1.13,1.13,-0.065487,-0.065487,0.0,1.0,0,普通大幅波动
sz.159995,2024-10-18,1.157,1.052,1.052,0.09981,0.09981,0.0,1.0,0,普通大幅波动
sz.159995,2024-11-11,1.355,1.274,1.274,0.063579,0.063579,0.0,1.0,0,普通大幅波动
sz.159996,2024-09-30,1.325,1.23,1.23,0.077236,0.077236,0.0,1.0,0,普通大幅波动
sz.159996,2024-10-09,1.28,1.397,1.397,-0.083751,-0.083751,0.0,1.0,0,普通大幅波动
sz.159997,2020-03-23,0.887,0.96,0.96,-0.076042,-0.076042,0.0,1.0,0,普通大幅波动
sz.159997,2020-07-06,1.237,1.158,1.158,0.068221,0.068221,0.0,1.0,0,普通大幅波动
sz.159997,2020-07-24,1.172,1.249,1.249,-0.061649,-0.061649,0.0,1.0,0,普通大幅波动
sz.159997,2022-04-27,0.879,0.827,0.827,0.062878,0.062878,0.0,1.0,0,普通大幅波动
sz.159997,2024-02-06,0.746,0.701,0.701,0.064194,0.064194,0.0,1.0,0,普通大幅波动
sz.159997,2024-09-27,0.892,0.836,0.836,0.066986,0.066986,0.0,1.0,0,普通大幅波动
sz.159997,2024-09-30,0.981,0.892,0.892,0.099776,0.099776,0.0,1.0,0,普通大幅波动
sz.159997,2024-10-08,1.079,0.981,0.981,0.099898,0.099898,0.0,1.0,0,普通大幅波动
sz.159997,2024-10-18,1.085,0.989,0.989,0.097068,0.097068,0.0,1.0,0,普通大幅波动
sz.159998,2022-04-25,0.709,0.755,0.755,-0.060927,-0.060927,0.0,1.0,0,普通大幅波动
sz.159998,2022-04-29,0.744,0.697,0.697,0.067432,0.067432,0.0,1.0,0,普通大幅波动
sz.159998,2024-09-27,0.706,0.642,0.642,0.099688,0.099688,0.0,1.0,0,普通大幅波动
sz.159998,2024-09-30,0.777,0.706,0.706,0.100567,0.100567,0.0,1.0,0,普通大幅波动
sz.159998,2024-10-08,0.855,0.777,0.777,0.100386,0.100386,0.0,1.0,0,普通大幅波动
sz.159998,2024-10-10,0.787,0.841,0.841,-0.064209,-0.064209,0.0,1.0,0,普通大幅波动
sz.159998,2024-11-05,0.9,0.845,0.845,0.065089,0.065089,0.0,1.0,0,普通大幅波动
sz.160119,2015-05-25,2.52,2.329,2.329,0.082009,0.082009,0.0,1.0,0,普通大幅波动
sz.160119,2015-05-26,2.772,2.52,2.52,0.1,0.1,0.0,1.0,0,普通大幅波动
sz.160119,2015-05-27,2.571,2.772,2.772,-0.072511,-0.072511,0.0,1.0,0,普通大幅波动
sz.160119,2015-05-28,2.33,2.571,2.571,-0.093738,-0.093738,0.0,1.0,0,普通大幅波动
sz.160119,2015-06-19,2.302,2.484,2.484,-0.073269,-0.073269,0.0,1.0,0,普通大幅波动
sz.160119,2015-06-26,2.12,2.333,2.333,-0.091299,-0.091299,0.0,1.0,0,普通大幅波动
sz.160119,2015-06-30,2.119,1.997,1.997,0.061092,0.061092,0.0,1.0,0,普通大幅波动
sz.160119,2015-07-03,1.746,1.94,1.94,-0.1,-0.1,0.0,1.0,0,普通大幅波动
sz.160119,2015-07-07,1.609,1.788,1.788,-0.100112,-0.100112,0.0,1.0,0,普通大幅波动
sz.160119,2015-07-08,1.448,1.609,1.609,-0.100062,-0.100062,0.0,1.0,0,普通大幅波动
sz.160119,2015-07-09,1.593,1.448,1.448,0.100138,0.100138,0.0,1.0,0,普通大幅波动
sz.160119,2015-07-10,1.752,1.593,1.593,0.099812,0.099812,0.0,1.0,0,普通大幅波动
sz.160119,2015-07-13,1.927,1.752,1.752,0.099886,0.099886,0.0,1.0,0,普通大幅波动
sz.160119,2015-07-15,1.734,1.927,1.927,-0.100156,-0.100156,0.0,1.0,0,普通大幅波动
sz.160119,2015-07-27,1.796,1.932,1.932,-0.070393,-0.070393,0.0,1.0,0,普通大幅波动
sz.160119,2015-08-04,1.85,1.728,1.728,0.070602,0.070602,0.0,1.0,0,普通大幅波动
sz.160119,2015-08-18,1.909,2.036,2.036,-0.062377,-0.062377,0.0,1.0,0,普通大幅波动
sz.160119,2015-08-24,1.681,1.868,1.868,-0.100107,-0.100107,0.0,1.0,0,普通大幅波动
sz.160119,2015-08-25,1.52,1.681,1.681,-0.095776,-0.095776,0.0,1.0,0,普通大幅波动
sz.160119,2015-09-16,1.495,1.4,1.4,0.067857,0.067857,0.0,1.0,0,普通大幅波动
sz.160119,2016-01-26,1.371,1.464,1.464,-0.063525,-0.063525,0.0,1.0,0,普通大幅波动
sz.160119,2020-02-03,1.243,1.37,1.37,-0.092701,-0.092701,0.0,1.0,0,普通大幅波动
sz.160119,2024-02-06,1.345,1.261,1.261,0.066614,0.066614,0.0,1.0,0,普通大幅波动
sz.160119,2024-09-27,1.48,1.39,1.39,0.064748,0.064748,0.0,1.0,0,普通大幅波动
sz.160119,2024-09-30,1.626,1.48,1.48,0.098649,0.098649,0.0,1.0,0,普通大幅波动
sz.160119,2024-10-08,1.737,1.626,1.626,0.068266,0.068266,0.0,1.0,0,普通大幅波动
sz.160119,2024-10-09,1.605,1.737,1.737,-0.075993,-0.075993,0.0,1.0,0,普通大幅波动
sz.160615,2015-01-19,1.233,1.32,1.32,-0.065909,-0.065909,0.0,1.0,0,普通大幅波动
sz.160615,2015-05-28,1.78,1.901,1.901,-0.063651,-0.063651,0.0,1.0,0,普通大幅波动
sz.160615,2015-06-26,1.62,1.733,1.733,-0.065205,-0.065205,0.0,1.0,0,普通大幅波动
sz.160615,2015-06-30,1.64,1.528,1.528,0.073298,0.073298,0.0,1.0,0,普通大幅波动
sz.160615,2015-07-06,1.634,1.523,1.523,0.072882,0.072882,0.0,1.0,0,普通大幅波动
sz.160615,2015-07-07,1.472,1.634,1.634,-0.099143,-0.099143,0.0,1.0,0,普通大幅波动
sz.160615,2015-07-08,1.325,1.472,1.472,-0.099864,-0.099864,0.0,1.0,0,普通大幅波动
sz.160615,2015-07-09,1.458,1.325,1.325,0.100377,0.100377,0.0,1.0,0,普通大幅波动
sz.160615,2015-07-10,1.597,1.458,1.458,0.095336,0.095336,0.0,1.0,0,普通大幅波动
sz.160615,2015-07-13,1.7,1.597,1.597,0.064496,0.064496,0.0,1.0,0,普通大幅波动
sz.160615,2015-07-14,1.568,1.7,1.7,-0.077647,-0.077647,0.0,1.0,0,普通大幅波动
sz.160615,2015-07-27,1.426,1.565,1.565,-0.088818,-0.088818,0.0,1.0,0,普通大幅波动
sz.160615,2015-08-24,1.217,1.35,1.35,-0.098519,-0.098519,0.0,1.0,0,普通大幅波动
sz.160615,2015-08-25,1.14,1.217,1.217,-0.06327,-0.06327,0.0,1.0,0,普通大幅波动
sz.160615,2018-02-09,1.6,1.704,1.704,-0.061033,-0.061033,0.0,1.0,0,普通大幅波动
sz.160615,2020-02-03,1.59,1.764,1.764,-0.098639,-0.098639,0.0,1.0,0,普通大幅波动
sz.160615,2020-09-16,2.346,2.2,2.2,0.066364,0.066364,0.0,1.0,0,普通大幅波动
sz.160615,2021-12-29,1.998,1.993,2.427,-0.176761,0.002509,-0.178822,1.21776504,0,拆分合并型
sz.160615,2022-03-08,1.718,1.874,1.874,-0.083244,-0.083244,0.0,1.0,0,普通大幅波动
sz.160615,2022-06-28,1.695,1.556,1.82,-0.068681,0.089332,-0.145055,1.16972549,0,拆分合并型
sz.160615,2022-06-29,1.572,1.695,1.695,-0.072566,-0.072566,0.0,1.0,0,普通大幅波动
sz.160615,2022-10-26,1.265,1.216,1.353,-0.065041,0.040296,-0.101256,1.11264584,0,分红型
sz.160615,2022-10-28,1.155,1.283,1.283,-0.099766,-0.099766,0.0,1.0,0,普通大幅波动
sz.160615,2024-06-26,1.024,1.019,1.135,-0.097797,0.004907,-0.102203,1.11383633,0,分红型
sz.160615,2024-09-27,1.131,1.058,1.058,0.068998,0.068998,0.0,1.0,0,普通大幅波动
sz.160615,2024-09-30,1.244,1.131,1.131,0.099912,0.099912,0.0,1.0,0,普通大幅波动
sz.160615,2024-10-08,1.368,1.244,1.244,0.099678,0.099678,0.0,1.0,0,普通大幅波动
sz.160615,2024-10-09,1.231,1.368,1.368,-0.100146,-0.100146,0.0,1.0,0,普通大幅波动
sz.160706,2015-01-19,0.914,0.987,0.987,-0.073961,-0.073961,0.0,1.0,0,普通大幅波动
sz.160706,2015-06-30,1.248,1.17,1.17,0.066667,0.066667,0.0,1.0,0,普通大幅波动
sz.160706,2015-07-06,1.18,1.086,1.086,0.086556,0.086556,0.0,1.0,0,普通大幅波动
sz.160706,2015-07-08,1.019,1.132,1.132,-0.099823,-0.099823,0.0,1.0,0,普通大幅波动
sz.160706,2015-07-09,1.121,1.019,1.019,0.100098,0.100098,0.0,1.0,0,普通大幅波动
sz.160706,2015-07-10,1.222,1.121,1.121,0.090098,0.090098,0.0,1.0,0,普通大幅波动
sz.160706,2015-07-27,1.046,1.132,1.132,-0.075972,-0.075972,0.0,1.0,0,普通大幅波动
sz.160706,2015-08-24,0.907,1.008,1.008,-0.100198,-0.100198,0.0,1.0,0,普通大幅波动
sz.160706,2015-08-25,0.83,0.907,0.907,-0.084895,-0.084895,0.0,1.0,0,普通大幅波动
sz.160706,2020-02-03,1.052,1.157,1.157,-0.090752,-0.090752,0.0,1.0,0,普通大幅波动
sz.160706,2021-04-21,1.224,1.217,1.415,-0.134982,0.005752,-0.139929,1.16269766,0,拆分合并型
sz.160706,2024-09-30,1.052,0.975,0.975,0.078974,0.078974,0.0,1.0,0,普通大幅波动
sz.160706,2024-10-09,1.03,1.104,1.104,-0.067029,-0.067029,0.0,1.0,0,普通大幅波动
sz.161121,2020-08-20,0.981,1.051,1.051,-0.066603,-0.066603,0.0,1.0,0,普通大幅波动
sz.161121,2024-09-30,1.491,1.395,1.395,0.068817,0.068817,0.0,1.0,0,普通大幅波动
sz.161121,2024-10-09,1.35,1.487,1.487,-0.092132,-0.092132,0.0,1.0,0,普通大幅波动
sz.161130,2018-02-06,1.017,1.109,1.109,-0.082958,-0.082958,0.0,1.0,0,普通大幅波动
sz.161130,2018-05-17,1.001,1.095,1.095,-0.085845,-0.085845,0.0,1.0,0,普通大幅波动
sz.161130,2018-05-18,1.084,1.001,1.001,0.082917,0.082917,0.0,1.0,0,普通大幅波动
sz.161130,2018-12-24,1.044,1.145,1.145,-0.08821,-0.08821,0.0,1.0,3,停牌复牌型
sz.161130,2018-12-26,1.128,1.026,1.026,0.099415,0.099415,0.0,1.0,0,普通大幅波动
sz.161130,2019-09-20,1.45,1.339,1.339,0.082898,0.082898,0.0,1.0,2,停牌复牌型
sz.161130,2020-01-03,1.737,1.579,1.579,0.100063,0.100063,0.0,1.0,0,普通大幅波动
sz.161130,2020-01-06,1.585,1.737,1.737,-0.087507,-0.087507,0.0,1.0,0,普通大幅波动
sz.161130,2020-03-24,1.316,1.238,1.238,0.063005,0.063005,0.0,1.0,0,普通大幅波动
sz.161130,2020-09-04,1.956,2.16,2.16,-0.094444,-0.094444,0.0,1.0,0,普通大幅波动
sz.161130,2024-08-05,2.88,3.113,3.113,-0.074847,-0.074847,0.0,1.0,0,普通大幅波动
sz.162412,2021-03-10,1.314,1.222,1.222,0.075286,0.075286,0.0,1.0,0,普通大幅波动
sz.162412,2022-10-14,0.86,0.793,0.793,0.084489,0.084489,0.0,1.0,0,普通大幅波动
sz.162412,2023-05-10,0.821,0.774,0.774,0.060724,0.060724,0.0,1.0,0,普通大幅波动
sz.162412,2024-09-27,0.56,0.515,0.515,0.087379,0.087379,0.0,1.0,0,普通大幅波动
sz.162412,2024-09-30,0.616,0.56,0.56,0.1,0.1,0.0,1.0,0,普通大幅波动
sz.162412,2024-10-08,0.678,0.616,0.616,0.100649,0.100649,0.0,1.0,0,普通大幅波动
sz.162412,2024-10-09,0.628,0.678,0.678,-0.073746,-0.073746,0.0,1.0,0,普通大幅波动
sz.162711,2015-06-19,2.14,2.328,2.328,-0.080756,-0.080756,0.0,1.0,0,普通大幅波动
sz.162711,2015-06-26,1.929,2.126,2.126,-0.092662,-0.092662,0.0,1.0,0,普通大幅波动
sz.162711,2015-06-29,1.8,1.929,1.929,-0.066874,-0.066874,0.0,1.0,0,普通大幅波动
sz.162711,2015-06-30,1.941,1.8,1.8,0.078333,0.078333,0.0,1.0,0,普通大幅波动
sz.162711,2015-07-01,1.805,1.941,1.941,-0.070067,-0.070067,0.0,1.0,0,普通大幅波动
sz.162711,2015-07-03,1.576,1.71,1.71,-0.078363,-0.078363,0.0,1.0,0,普通大幅波动
sz.162711,2015-07-07,1.44,1.6,1.6,-0.1,-0.1,0.0,1.0,0,普通大幅波动
sz.162711,2015-07-08,1.296,1.44,1.44,-0.1,-0.1,0.0,1.0,0,普通大幅波动
sz.162711,2015-07-09,1.426,1.296,1.296,0.100309,0.100309,0.0,1.0,0,普通大幅波动
sz.162711,2015-07-10,1.569,1.426,1.426,0.100281,0.100281,0.0,1.0,0,普通大幅波动
sz.162711,2015-07-13,1.725,1.569,1.569,0.099426,0.099426,0.0,1.0,0,普通大幅波动
sz.162711,2015-07-15,1.531,1.68,1.68,-0.08869,-0.08869,0.0,1.0,0,普通大幅波动
sz.162711,2015-07-27,1.607,1.715,1.715,-0.062974,-0.062974,0.0,1.0,0,普通大幅波动
sz.162711,2015-08-10,1.76,1.648,1.648,0.067961,0.067961,0.0,1.0,0,普通大幅波动
sz.162711,2015-08-24,1.458,1.62,1.62,-0.1,-0.1,0.0,1.0,0,普通大幅波动
sz.162711,2015-08-25,1.34,1.458,1.458,-0.080933,-0.080933,0.0,1.0,0,普通大幅波动
sz.162711,2015-08-28,1.46,1.375,1.375,0.061818,0.061818,0.0,1.0,0,普通大幅波动
sz.162711,2015-09-16,1.36,1.26,1.26,0.079365,0.079365,0.0,1.0,0,普通大幅波动
sz.162711,2016-01-11,1.3,1.4,1.4,-0.071429,-0.071429,0.0,1.0,0,普通大幅波动
sz.162711,2016-01-13,1.265,1.35,1.35,-0.062963,-0.062963,0.0,1.0,0,普通大幅波动
sz.162711,2016-01-15,1.251,1.335,1.335,-0.062921,-0.062921,0.0,1.0,0,普通大幅波动
sz.162711,2017-03-01,1.262,1.364,1.364,-0.07478,-0.07478,0.0,1.0,0,普通大幅波动
sz.162711,2017-03-02,1.349,1.262,1.262,0.068938,0.068938,0.0,1.0,0,普通大幅波动
sz.162711,2020-02-03,1.065,1.17,1.17,-0.089744,-0.089744,0.0,1.0,0,普通大幅波动
sz.162711,2023-10-23,1.361,1.27,1.27,0.071654,0.071654,0.0,1.0,0,普通大幅波动
sz.162711,2023-10-24,1.246,1.361,1.361,-0.084497,-0.084497,0.0,1.0,0,普通大幅波动
sz.162711,2023-10-25,1.329,1.246,1.246,0.066613,0.066613,0.0,1.0,0,普通大幅波动
sz.162711,2023-10-30,1.383,1.3,1.3,0.063846,0.063846,0.0,1.0,0,普通大幅波动
sz.162711,2024-02-06,1.14,1.058,1.058,0.077505,0.077505,0.0,1.0,0,普通大幅波动
sz.162711,2024-09-26,1.242,1.14,1.14,0.089474,0.089474,0.0,1.0,0,普通大幅波动
sz.162711,2024-09-27,1.366,1.242,1.242,0.099839,0.099839,0.0,1.0,0,普通大幅波动
sz.162711,2024-09-30,1.503,1.366,1.366,0.100293,0.100293,0.0,1.0,0,普通大幅波动
sz.162711,2024-10-09,1.326,1.435,1.435,-0.075958,-0.075958,0.0,1.0,0,普通大幅波动
