[    0.0s] == 0. identity pins (engine v1.4 frozen, prereg frozen; full-dev run) ==
[    0.0s]   engine: 7ad35014d72711cb expect 7ad35014d72711cb43ab6aedc232d70adf7eece60604b2a057ee039c9bd11e78 match=True
[    1.4s]   daily: d9a63f4cc3032926 expect d9a63f4cc3032926 match=True
[    1.4s]   halfday_manifest: 2a414174b5df2eee expect 2a414174b5df2eee match=True
[    1.4s]   split_factor: 2f436b2f13d09a9b expect 2f436b2f13d09a9b match=True
[    1.4s]   dividends: 46121c09cddde72e expect 46121c09cddde72e match=True
[    1.4s]   index_000300: 05aaa8183a11c674 expect 05aaa8183a11c674 match=True
[    1.4s]   f3r1_icw_composite: b09242ee542cf675 expect b09242ee542cf675 match=True
[    1.5s]   f3r1_manifest: 9feb6080e985971a expect None match=True
[    1.5s]   f3r1_metrics: 714fd8acb7174c2b expect None match=True
[    1.5s]   industry_l1: 4edffc3994fb527a expect 4edffc3994fb527a match=True
[    1.5s]   r16_config: 27f846a7330919a4 expect 27f846a7330919a4 match=True
[    1.5s]   r16_metrics: 8d0b6ebbdea6ebb9 expect None match=True
[    1.5s]   prereg: 861dc273f0726101 expect None match=True
[    1.5s]   f4r1_config: aa5699aec021aa46 expect None match=True
[    1.5s]   f3r3_runner_source: e404845b442a2bda expect None match=True
[    1.5s]   f3r3_manifest: 2b5a680575d40161 expect None match=True
[    1.5s]   smoke_manifest: 9ed42a82354264cc expect None match=True
[    1.5s]   v3_metrics_r306_anchor_source: 9e2cd4aafec15c08 expect None match=True
[    1.5s]   etf_manifest: 8b5b3fe56c0e02fd expect None match=True
[    1.5s]   gate anchors: B1(m) net +0.60% mdd -39.82%; B3' -0.0199 (== prereg sec 2 frozen values)
[    1.6s]   halfday rows total: 18486939 (pin 18,486,939)
[   17.5s]   etf processed dir aggregate: 75777221a8b33502 (7 files); fund_adj batch re-verified (1169 chunks, 0 mismatches)
[   17.5s]   python 3.11.15 | polars 1.44.2 | numpy 1.26.4 | rss 0.29 GB
[   17.5s] == 1. calendar & signal days (full dev) ==
[   18.0s]   71 full-dev signal days (2015-01-30..2020-11-30; 2020-12-31 dropped as signal, kept as expiry anchor)
[   18.0s] == 2. exposures (T200-40 month-end, full dev) ==
[   18.0s]   exposures[2015-01-30]=0.40 [2020-11-30]=0.90
[   18.0s] == 3. F3R1 ICW composite + candidate tables ==
[   18.6s]   candidates: top-20 per signal month; full-dev union 778 symbols over 71 signal days
[   18.6s] == 4. candidate closes (sigma0 / p0 lookups) ==
[   24.5s]   close lookups: 1114468 traded (symbol, session) points for 778 candidates
[   24.5s] == 5. industry map (shenwan L1, 2026 single snapshot) ==
[   24.6s]   industry L1 map: 5902 stocks, 31 industries; full-dev candidates unmapped 1 -> UNMAPPED bucket (same cap); 2026 single-snapshot lookahead disclosed in prereg sec 3
[   24.8s]   zones frame F4R1-A: 1398 rows (of 1420 candidates; sigma excluded {'lookback_gap': 22})
[   25.1s]   zones frame F4R1-B: 1398 rows (of 1420 candidates; sigma excluded {'lookback_gap': 22})
[   25.3s]   zones frame F4R1-C: 1398 rows (of 1420 candidates; sigma excluded {'lookback_gap': 22})
[   25.3s] == 6. ETF assets ==
[   25.4s]   etf panel dev rows: 13158 per member {'sz.159915': 1462, 'sh.513100': 1462, 'sh.511010': 1462, 'sh.510050': 1462, 'sh.518880': 1462, 'sh.513500': 1462, 'sh.510880': 1462, 'sz.159934': 1462, 'sh.510300': 1462}
[   25.4s]   assertion (ii) preclose nulls: 0
[   25.4s]   assertion (iii): sse 1462 days, panel union 1462 days, missing [], extra []
[   25.5s]   factor coverage gaps per member: {'sh.511010': 0, 'sh.518880': 0, 'sh.510050': 0, 'sh.510300': 0, 'sz.159915': 0, 'sh.510880': 0, 'sh.513100': 0, 'sh.513500': 0, 'sz.159934': 0}
[   25.6s]   dividend events built: 18 {'sh.510050': 5, 'sh.510300': 6, 'sh.510880': 6, 'sh.511010': 1}
[   25.6s]   159934 dev mismatch rows: 1; dividend-rule events: 0 (frozen)
[   25.6s] == 7. market frames (shared loaders) ==
[   68.4s]   limits 9705448 rows, splits 4930, dividends 28450 (full files; dev-filtered per run)
[   68.4s] == 8. F4R1-A0 anchor (R3-06 verbatim, byte reproduction) ==
[   70.0s]   A0 engine run 1.5s, intents 206 | rss 1.24 GB
[   70.1s]   A0 intents: byte_equal=True rows_equal=True
[   70.1s]   A0 fills: byte_equal=True rows_equal=True
[   70.1s]   A0 events: byte_equal=True rows_equal=True
[   70.1s]   A0 daily_equity: byte_equal=True rows_equal=True
[   70.1s]   A0 clips_final: byte_equal=True rows_equal=True
[   70.1s]   F4R1-A0 anchor PASS (5/5 frames byte-equal to F3R3-A0)
[   70.1s] == 9. dev frames (full-period mixed panel) ==
[   73.3s]   dev panel: daily 1066550 rows, half 2041654, limits 1061229, stocks 770 | rss 2.09 GB
[   73.3s] == 10. arm runs: 3 arms x full dev ==
[    0.0s] == 0. identity pins (engine v1.4 frozen, prereg frozen; full-dev run) ==
[    0.0s]   engine: 7ad35014d72711cb expect 7ad35014d72711cb43ab6aedc232d70adf7eece60604b2a057ee039c9bd11e78 match=True
[    0.6s]   daily: d9a63f4cc3032926 expect d9a63f4cc3032926 match=True
[    0.6s]   halfday_manifest: 2a414174b5df2eee expect 2a414174b5df2eee match=True
[    0.6s]   split_factor: 2f436b2f13d09a9b expect 2f436b2f13d09a9b match=True
[    0.6s]   dividends: 46121c09cddde72e expect 46121c09cddde72e match=True
[    0.6s]   index_000300: 05aaa8183a11c674 expect 05aaa8183a11c674 match=True
[    0.6s]   f3r1_icw_composite: b09242ee542cf675 expect b09242ee542cf675 match=True
[    0.6s]   f3r1_manifest: 9feb6080e985971a expect None match=True
[    0.6s]   f3r1_metrics: 714fd8acb7174c2b expect None match=True
[    0.6s]   industry_l1: 4edffc3994fb527a expect 4edffc3994fb527a match=True
[    0.6s]   r16_config: 27f846a7330919a4 expect 27f846a7330919a4 match=True
[    0.6s]   r16_metrics: 8d0b6ebbdea6ebb9 expect None match=True
[    0.6s]   prereg: 861dc273f0726101 expect None match=True
[    0.6s]   f4r1_config: aa5699aec021aa46 expect None match=True
[    0.6s]   f3r3_runner_source: e404845b442a2bda expect None match=True
[    0.6s]   f3r3_manifest: 2b5a680575d40161 expect None match=True
[    0.6s]   smoke_manifest: 9ed42a82354264cc expect None match=True
[    0.6s]   v3_metrics_r306_anchor_source: 9e2cd4aafec15c08 expect None match=True
[    0.6s]   etf_manifest: 8b5b3fe56c0e02fd expect None match=True
[    0.6s]   gate anchors: B1(m) net +0.60% mdd -39.82%; B3' -0.0199 (== prereg sec 2 frozen values)
[    0.6s]   halfday rows total: 18486939 (pin 18,486,939)
[    6.2s]   etf processed dir aggregate: 75777221a8b33502 (7 files); fund_adj batch re-verified (1169 chunks, 0 mismatches)
[    6.2s]   python 3.11.15 | polars 1.44.2 | numpy 1.26.4 | rss 0.29 GB
[    6.2s] == 1. calendar & signal days (full dev) ==
[    6.3s]   71 full-dev signal days (2015-01-30..2020-11-30; 2020-12-31 dropped as signal, kept as expiry anchor)
[    6.3s] == 2. exposures (T200-40 month-end, full dev) ==
[    6.3s]   exposures[2015-01-30]=0.40 [2020-11-30]=0.90
[    6.3s] == 3. F3R1 ICW composite + candidate tables ==
[    6.5s]   candidates: top-20 per signal month; full-dev union 778 symbols over 71 signal days
[    6.5s] == 4. candidate closes (sigma0 / p0 lookups) ==
[    8.2s]   close lookups: 1114468 traded (symbol, session) points for 778 candidates
[    8.2s] == 5. industry map (shenwan L1, 2026 single snapshot) ==
[    8.2s]   industry L1 map: 5902 stocks, 31 industries; full-dev candidates unmapped 1 -> UNMAPPED bucket (same cap); 2026 single-snapshot lookahead disclosed in prereg sec 3
[    8.3s]   zones frame F4R1-A: 1398 rows (of 1420 candidates; sigma excluded {'lookback_gap': 22})
[    8.3s]   zones frame F4R1-B: 1398 rows (of 1420 candidates; sigma excluded {'lookback_gap': 22})
[    8.4s]   zones frame F4R1-C: 1398 rows (of 1420 candidates; sigma excluded {'lookback_gap': 22})
[    8.4s] == 6. ETF assets ==
[    8.4s]   etf panel dev rows: 13158 per member {'sz.159934': 1462, 'sh.510050': 1462, 'sh.510880': 1462, 'sh.513100': 1462, 'sh.510300': 1462, 'sh.518880': 1462, 'sh.513500': 1462, 'sh.511010': 1462, 'sz.159915': 1462}
[    8.4s]   assertion (ii) preclose nulls: 0
[    8.4s]   assertion (iii): sse 1462 days, panel union 1462 days, missing [], extra []
[    8.4s]   factor coverage gaps per member: {'sh.511010': 0, 'sh.518880': 0, 'sh.510050': 0, 'sh.510300': 0, 'sz.159915': 0, 'sh.510880': 0, 'sh.513100': 0, 'sh.513500': 0, 'sz.159934': 0}
[    8.5s]   dividend events built: 18 {'sh.510050': 5, 'sh.510300': 6, 'sh.510880': 6, 'sh.511010': 1}
[    8.5s]   159934 dev mismatch rows: 1; dividend-rule events: 0 (frozen)
[    8.5s] == 7. market frames (shared loaders) ==
[   18.8s]   limits 9705448 rows, splits 4930, dividends 28450 (full files; dev-filtered per run)
[   18.8s] == 8. F4R1-A0 anchor (R3-06 verbatim, byte reproduction) ==
[   19.1s]   A0 engine run 0.3s, intents 206 | rss 1.24 GB
[   19.1s]   A0 intents: byte_equal=True rows_equal=True
[   19.1s]   A0 fills: byte_equal=True rows_equal=True
[   19.1s]   A0 events: byte_equal=True rows_equal=True
[   19.1s]   A0 daily_equity: byte_equal=True rows_equal=True
[   19.1s]   A0 clips_final: byte_equal=True rows_equal=True
[   19.1s]   F4R1-A0 anchor PASS (5/5 frames byte-equal to F3R3-A0)
[   19.1s] == 9. dev frames (full-period mixed panel) ==
[   19.9s]   dev panel: daily 1066550 rows, half 2041654, limits 1061229, stocks 770 | rss 2.12 GB
[   19.9s] == 10. arm runs: 3 arms x full dev ==
[   43.6s]   [F4R1-A] engine 14.6s, fills 4666, zones 1335, admitted 1335 | rss 3.53 GB
[   43.6s]     [F4R1-A] month 2015-01-30: mid-month admissions 8 (seats recycled intra-month)
[   43.7s]     !! [F4R1-A] CHECK FAIL: tp fill sh.601677-sell/profit-ztp-2015-03-03-am: price 13.580113878579983 not WAC+mult*sigma0 (WAC 12.97861539360271, sigma0 0.22674258571998854, cands [13.432100565042688, 13.658843150762676])
[   43.7s]     !! [F4R1-A] CHECK FAIL: tp fill sh.601677-sell/profit-ztp2-2015-03-03-am: price 13.80685646429997 not WAC+mult*sigma0 (WAC 12.97861539360271, sigma0 0.22674258571998854, cands [13.432100565042688, 13.658843150762676])
[   43.7s]     !! [F4R1-A] CHECK FAIL: tp fill sz.002424-sell/profit-ztp-2015-03-03-pm: price 44.36168476547909 not WAC+mult*sigma0 (WAC 42.78300774536483, sigma0 0.8011231769860645, cands [44.385254099336954, 45.18637727632302])
[   43.7s]     !! [F4R1-A] CHECK FAIL: tp fill sz.002424-sell/profit-ztp2-2015-03-04-pm: price 45.16280794246516 not WAC+mult*sigma0 (WAC 42.78300774536483, sigma0 0.8011231769860645, cands [44.385254099336954, 45.18637727632302])
[   43.7s]     !! [F4R1-A] CHECK FAIL: tp fill sz.002461-sell/profit-ztp-2015-03-09-pm: price 14.631788240861248 not WAC+mult*sigma0 (WAC 13.70094929146393, sigma0 0.22119216057416383, cands [14.143333612612258, 14.364525773186422])
[   43.7s]     !! [F4R1-A] CHECK FAIL: tp fill sz.002461-sell/profit-ztp2-2015-03-09-pm: price 14.852980401435412 not WAC+mult*sigma0 (WAC 13.70094929146393, sigma0 0.22119216057416383, cands [14.143333612612258, 14.364525773186422])
[   43.7s]     !! [F4R1-A] CHECK FAIL: tp fill sz.002372-sell/profit-ztp2-2015-03-23-pm: price 18.436012944128024 not WAC+mult*sigma0 (WAC 17.75759482234879, sigma0 0.2824051776512105, cands [18.32240517765121, 18.60481035530242])
[   43.7s]     !! [F4R1-A] CHECK FAIL: tp fill sz.000418-sell/profit-ztp-2015-04-01-pm: price 19.432307259009743 not WAC+mult*sigma0 (WAC 17.202148152642465, sigma0 0.36820483933982784, cands [17.93855783132212, 18.30676267066195])
[   43.7s]     !! [F4R1-A] CHECK FAIL: tp fill sz.000418-sell/profit-ztp-2015-04-02-am: price 19.432307259009743 not WAC+mult*sigma0 (WAC 17.202148152642465, sigma0 0.36820483933982784, cands [17.93855783132212, 18.30676267066195])
[   43.7s]     !! [F4R1-A] CHECK FAIL: tp fill sz.000418-sell/profit-ztp-2015-04-02-pm: price 19.432307259009743 not WAC+mult*sigma0 (WAC 17.202148152642465, sigma0 0.36820483933982784, cands [17.93855783132212, 18.30676267066195])
[   43.7s]     !! [F4R1-A] CHECK FAIL: tp fill sh.601233-sell/profit-ztp-2015-04-03-pm: price 14.457636598864989 not WAC+mult*sigma0 (WAC 12.522517621089147, sigma0 0.2984243992433251, cands [13.119366419575798, 13.417790818819123])
[   43.7s]     !! [F4R1-A] CHECK FAIL: tp fill sh.601233-sell/profit-ztp2-2015-04-03-pm: price 14.756060998108314 not WAC+mult*sigma0 (WAC 12.522517621089147, sigma0 0.2984243992433251, cands [13.119366419575798, 13.417790818819123])
[   43.7s]     !! [F4R1-A] CHECK FAIL: tp fill sz.000501-sell/profit-ztp-2015-05-19-pm: price 22.19801352936306 not WAC+mult*sigma0 (WAC 20.09728793350547, sigma0 0.7120090195753721, cands [21.521305972656215, 22.233314992231588])
[   43.7s]     !! [F4R1-A] CHECK FAIL: tp fill sz.000501-sell/profit-ztp-2015-05-20-am: price 22.19801352936306 not WAC+mult*sigma0 (WAC 20.09728793350547, sigma0 0.7120090195753721, cands [21.521305972656215, 22.233314992231588])
[   43.7s]     !! [F4R1-A] CHECK FAIL: tp fill sz.000501-sell/profit-ztp-2015-05-20-pm: price 22.19801352936306 not WAC+mult*sigma0 (WAC 20.09728793350547, sigma0 0.7120090195753721, cands [21.521305972656215, 22.233314992231588])
[   43.7s]     !! [F4R1-A] CHECK FAIL: tp fill sz.000501-sell/profit-ztp2-2015-05-22-am: price 22.910022548938432 not WAC+mult*sigma0 (WAC 20.09728793350547, sigma0 0.7120090195753721, cands [21.521305972656215, 22.233314992231588])
[   43.7s]     !! [F4R1-A] CHECK FAIL: tp fill sh.600128-sell/profit-ztp-2015-06-03-pm: price 23.94968234562252 not WAC+mult*sigma0 (WAC 19.987630895617208, sigma0 0.6664548970816817, cands [21.32054068978057, 21.986995586862253])
[   43.7s]     !! [F4R1-A] CHECK FAIL: tp fill sh.600128-sell/profit-ztp-2015-06-04-am: price 23.94968234562252 not WAC+mult*sigma0 (WAC 20.926431664074226, sigma0 0.6664548970816817, cands [22.25934145823759, 22.92579635531927])
[   43.7s]     !! [F4R1-A] CHECK FAIL: tp fill sh.600128-sell/profit-ztp2-2015-06-04-am: price 24.616137242704202 not WAC+mult*sigma0 (WAC 20.926431664074226, sigma0 0.6664548970816817, cands [22.25934145823759, 22.92579635531927])
[   43.7s]     !! [F4R1-A] CHECK FAIL: tp fill sz.002372-sell/profit-ztp-2015-06-04-pm: price 22.987400948476814 not WAC+mult*sigma0 (WAC 18.426463109512884, sigma0 1.6116006323178755, cands [21.649664374148635, 23.26126500646651])
[   43.7s]     !! [F4R1-A] CHECK FAIL: tp fill sh.600128-sell/profit-ztp-2015-06-04-pm: price 23.686518427957175 not WAC+mult*sigma0 (WAC 20.926431664074226, sigma0 0.6664548970816817, cands [22.25934145823759, 22.92579635531927])
[   43.7s]     !! [F4R1-A] CHECK FAIL: tp fill sh.600128-sell/profit-ztp2-2015-06-04-pm: price 24.352973325038857 not WAC+mult*sigma0 (WAC 20.926431664074226, sigma0 0.6664548970816817, cands [22.25934145823759, 22.92579635531927])
[   43.7s]     !! [F4R1-A] CHECK FAIL: tp fill sz.002372-sell/profit-ztp-2015-06-05-am: price 22.987400948476814 not WAC+mult*sigma0 (WAC 18.426463109512884, sigma0 1.6116006323178755, cands [21.649664374148635, 23.26126500646651])
[   43.7s]     !! [F4R1-A] CHECK FAIL: tp fill sz.002372-sell/profit-ztp-2015-06-05-pm: price 22.987400948476814 not WAC+mult*sigma0 (WAC 18.426463109512884, sigma0 1.6116006323178755, cands [21.649664374148635, 23.26126500646651])
[   43.7s]     !! [F4R1-A] CHECK FAIL: tp fill sz.002372-sell/profit-ztp2-2015-06-05-pm: price 24.599001580794692 not WAC+mult*sigma0 (WAC 18.426463109512884, sigma0 1.6116006323178755, cands [21.649664374148635, 23.26126500646651])
[   43.7s]     !! [F4R1-A] CHECK FAIL: tp fill sz.000418-sell/profit-ztp-2015-06-10-am: price 24.909216879533513 not WAC+mult*sigma0 (WAC 19.27684277641679, sigma0 0.7842168795335114, cands [20.845276535483812, 21.629493415017322])
[   43.7s]     !! [F4R1-A] CHECK FAIL: tp fill sz.000418-sell/profit-ztp-2015-06-12-am: price 24.909216879533513 not WAC+mult*sigma0 (WAC 19.27684277641679, sigma0 0.7842168795335114, cands [20.845276535483812, 21.629493415017322])
[   43.7s]     !! [F4R1-A] CHECK FAIL: tp fill sz.000418-sell/profit-ztp-2015-06-12-pm: price 24.909216879533513 not WAC+mult*sigma0 (WAC 19.27684277641679, sigma0 0.7842168795335114, cands [20.845276535483812, 21.629493415017322])
[   43.7s]     !! [F4R1-A] CHECK FAIL: tp fill sz.000418-sell/profit-ztp2-2015-06-12-pm: price 25.693433759067023 not WAC+mult*sigma0 (WAC 19.27684277641679, sigma0 0.7842168795335114, cands [20.845276535483812, 21.629493415017322])
[   43.7s]     !! [F4R1-A] CHECK FAIL: tp fill sz.002062-sell/profit-ztp-2015-06-16-pm: price 15.789049320002595 not WAC+mult*sigma0 (WAC 14.662300453331603, sigma0 0.5326995466683965, cands [15.727699546668397, 16.260399093336794])
[   43.7s]     !! [F4R1-A] CHECK FAIL: tp fill sz.002394-sell/profit-ztp-2015-07-10-pm: price 14.731596996192513 not WAC+mult*sigma0 (WAC 12.738744543933564, sigma0 0.8415969961925136, cands [14.42193853631859, 15.263535532511105])
[   43.7s]     !! [F4R1-A] CHECK FAIL: tp fill sz.002394-sell/profit-ztp-2015-07-13-am: price 14.731596996192513 not WAC+mult*sigma0 (WAC 12.738744543933564, sigma0 0.8415969961925136, cands [14.42193853631859, 15.263535532511105])
[   43.7s]     !! [F4R1-A] CHECK FAIL: tp fill sz.002394-sell/profit-ztp-2015-07-13-pm: price 14.731596996192513 not WAC+mult*sigma0 (WAC 12.738744543933564, sigma0 0.8415969961925136, cands [14.42193853631859, 15.263535532511105])
[   43.7s]     !! [F4R1-A] CHECK FAIL: tp fill sz.002394-sell/profit-ztp2-2015-07-13-pm: price 15.573193992385027 not WAC+mult*sigma0 (WAC 12.738744543933564, sigma0 0.8415969961925136, cands [14.42193853631859, 15.263535532511105])
[   43.7s]     !! [F4R1-A] CHECK FAIL: tp fill sh.600486-sell/profit-ztp2-2015-07-17-pm: price 30.04397714376573 not WAC+mult*sigma0 (WAC 35.002267845335545, sigma0 1.6079542875314667, cands [38.21817642039848, 39.82613070792995])
[   43.7s]     !! [F4R1-A] CHECK FAIL: tp fill sz.002039-sell/profit-ztp-2015-08-10-am: price 17.79199580719782 not WAC+mult*sigma0 (WAC 16.31612110973745, sigma0 1.1079972047985494, cands [18.532115519334546, 19.640112724133097])
[   43.7s]     !! [F4R1-A] CHECK FAIL: tp fill sz.002039-sell/profit-ztp-2015-08-10-pm: price 17.79199580719782 not WAC+mult*sigma0 (WAC 16.31612110973745, sigma0 1.1079972047985494, cands [18.532115519334546, 19.640112724133097])
[   43.7s]     !! [F4R1-A] CHECK FAIL: tp fill sz.002039-sell/profit-ztp-2015-08-11-am: price 17.79199580719782 not WAC+mult*sigma0 (WAC 16.31612110973745, sigma0 1.1079972047985494, cands [18.532115519334546, 19.640112724133097])
[   43.7s]     !! [F4R1-A] CHECK FAIL: tp fill sz.002039-sell/profit-ztp2-2015-08-14-am: price 18.899993011996372 not WAC+mult*sigma0 (WAC 16.31612110973745, sigma0 1.1079972047985494, cands [18.532115519334546, 19.640112724133097])
[   43.7s]     !! [F4R1-A] CHECK FAIL: tp fill sz.002627-sell/profit-ztp-2015-08-14-am: price 27.31428468427659 not WAC+mult*sigma0 (WAC 22.892557066134533, sigma0 1.689523122851058, cands [26.27160331183665, 27.961126434687706])
[   43.7s]     !! [F4R1-A] CHECK FAIL: tp fill sz.002627-sell/profit-ztp-2015-08-17-am: price 27.31428468427659 not WAC+mult*sigma0 (WAC 22.892557066134533, sigma0 1.689523122851058, cands [26.27160331183665, 27.961126434687706])
[   43.7s]     !! [F4R1-A] CHECK FAIL: tp fill sz.002627-sell/profit-ztp-2015-08-17-pm: price 27.31428468427659 not WAC+mult*sigma0 (WAC 22.892557066134533, sigma0 1.689523122851058, cands [26.27160331183665, 27.961126434687706])
[   43.7s]     !! [F4R1-A] CHECK FAIL: tp fill sz.000951-sell/profit-ztp-2015-09-02-pm: price 14.438720322214069 not WAC+mult*sigma0 (WAC 17.352603850378717, sigma0 0.6924802148093793, cands [18.737564279997475, 19.430044494806854])
[   43.7s]     !! [F4R1-A] CHECK FAIL: tp fill sh.600004-sell/profit-ztp-2015-09-02-pm: price 13.071385532171519 not WAC+mult*sigma0 (WAC 13.397387653664918, sigma0 0.6409236881143449, cands [14.679235029893608, 15.320158718007953])
[   43.7s]     !! [F4R1-A] CHECK FAIL: tp fill sh.600823-sell/profit-ztp-2015-09-07-am: price 10.73776492667048 not WAC+mult*sigma0 (WAC 9.831490048886348, sigma0 0.5185099511136526, cands [10.868509951113653, 11.387019902227305])
[   43.7s]     !! [F4R1-A] CHECK FAIL: tp fill sz.000951-sell/profit-ztp-2015-09-07-am: price 14.438720322214069 not WAC+mult*sigma0 (WAC 17.352603850378717, sigma0 0.6924802148093793, cands [18.737564279997475, 19.430044494806854])
[   43.7s]     !! [F4R1-A] CHECK FAIL: tp fill sz.000951-sell/profit-ztp-2015-09-08-am: price 14.487480214809379 not WAC+mult*sigma0 (WAC 15.752099403676704, sigma0 0.6924802148093793, cands [17.137059833295464, 17.829540048104842])
[   43.7s]     !! [F4R1-A] CHECK FAIL: tp fill sz.000951-sell/profit-ztp-2015-09-08-pm: price 14.487480214809379 not WAC+mult*sigma0 (WAC 15.752099403676704, sigma0 0.6924802148093793, cands [17.137059833295464, 17.829540048104842])
[   43.7s]     !! [F4R1-A] CHECK FAIL: tp fill sz.000951-sell/profit-ztp-2015-09-09-am: price 14.487480214809379 not WAC+mult*sigma0 (WAC 15.752099403676704, sigma0 0.6924802148093793, cands [17.137059833295464, 17.829540048104842])
[   43.7s]     !! [F4R1-A] CHECK FAIL: tp fill sz.000951-sell/profit-ztp2-2015-09-09-am: price 15.17996042961876 not WAC+mult*sigma0 (WAC 15.752099403676704, sigma0 0.6924802148093793, cands [17.137059833295464, 17.829540048104842])
[   43.7s]     !! [F4R1-A] CHECK FAIL: tp fill sh.600885-sell/profit-ztp-2015-09-30-pm: price 29.826873458897946 not WAC+mult*sigma0 (WAC 29.1193499945611, sigma0 1.080935074981619, cands [31.28122014452434, 32.36215521950596])
[   43.7s]     !! [F4R1-A] CHECK FAIL: tp fill sh.600004-sell/profit-ztp-2015-09-30-pm: price 12.50852122148538 not WAC+mult*sigma0 (WAC 13.397387653664918, sigma0 0.35949153277127543, cands [14.116370719207469, 14.475862251978745])
[   43.7s]     !! [F4R1-A] CHECK FAIL: tp fill sh.600885-sell/profit-ztp-2015-10-08-am: price 29.826873458897946 not WAC+mult*sigma0 (WAC 29.1193499945611, sigma0 1.080935074981619, cands [31.28122014452434, 32.36215521950596])
[   43.7s]     !! [F4R1-A] CHECK FAIL: tp fill sh.600004-sell/profit-ztp-2015-10-08-am: price 12.50852122148538 not WAC+mult*sigma0 (WAC 13.397387653664918, sigma0 0.35949153277127543, cands [14.116370719207469, 14.475862251978745])
[   43.7s]     !! [F4R1-A] CHECK FAIL: tp fill sh.600885-sell/profit-ztp-2015-10-08-pm: price 29.826873458897946 not WAC+mult*sigma0 (WAC 29.1193499945611, sigma0 1.080935074981619, cands [31.28122014452434, 32.36215521950596])
[   43.7s]     !! [F4R1-A] CHECK FAIL: tp fill sh.600885-sell/profit-ztp2-2015-10-09-pm: price 30.907808533879564 not WAC+mult*sigma0 (WAC 29.1193499945611, sigma0 1.080935074981619, cands [31.28122014452434, 32.36215521950596])
[   43.7s]     !! [F4R1-A] CHECK FAIL: tp fill sh.600004-sell/profit-ztp2-2015-10-09-pm: price 12.868012754256656 not WAC+mult*sigma0 (WAC 13.397387653664918, sigma0 0.35949153277127543, cands [14.116370719207469, 14.475862251978745])
[   43.7s]     !! [F4R1-A] CHECK FAIL: tp fill sz.000501-sell/profit-ztp-2015-10-12-am: price 17.74668009473194 not WAC+mult*sigma0 (WAC 20.633101186514665, sigma0 0.6442852050068029, cands [21.92167159652827, 22.565956801535073])
[   43.7s]     !! [F4R1-A] CHECK FAIL: tp fill sz.000501-sell/profit-ztp-2015-10-13-am: price 17.74668009473194 not WAC+mult*sigma0 (WAC 20.633101186514665, sigma0 0.6442852050068029, cands [21.92167159652827, 22.565956801535073])
[   43.7s]     !! [F4R1-A] CHECK FAIL: tp fill sz.000501-sell/profit-ztp-2015-10-13-pm: price 17.74668009473194 not WAC+mult*sigma0 (WAC 20.633101186514665, sigma0 0.6442852050068029, cands [21.92167159652827, 22.565956801535073])
[   43.7s]     !! [F4R1-A] CHECK FAIL: tp fill sz.000501-sell/profit-ztp2-2015-10-16-pm: price 18.390965299738742 not WAC+mult*sigma0 (WAC 20.633101186514665, sigma0 0.6442852050068029, cands [21.92167159652827, 22.565956801535073])
[   43.7s]     !! [F4R1-A] CHECK FAIL: tp fill sz.002281-sell/profit-ztp-2015-10-20-am: price 44.762392114780546 not WAC+mult*sigma0 (WAC 40.450117344843186, sigma0 1.7082614098536957, cands [43.866640164550574, 45.57490157440427])
[   43.7s]     !! [F4R1-A] CHECK FAIL: tp fill sz.002595-sell/profit-ztp-2015-10-23-pm: price 21.630741796897926 not WAC+mult*sigma0 (WAC 26.504518618572387, sigma0 0.6657417968979282, cands [27.836002212368243, 28.501744009266172])
[   43.7s]     !! [F4R1-A] CHECK FAIL: tp fill sz.002281-sell/profit-ztp-2015-10-26-am: price 44.33826140985369 not WAC+mult*sigma0 (WAC 40.461076700314635, sigma0 1.7082614098536957, cands [43.877599520022024, 45.58586092987572])
[   43.7s]     !! [F4R1-A] CHECK FAIL: tp fill sz.002595-sell/profit-ztp-2015-10-26-am: price 21.630741796897926 not WAC+mult*sigma0 (WAC 26.504518618572387, sigma0 0.6657417968979282, cands [27.836002212368243, 28.501744009266172])
[   43.7s]     !! [F4R1-A] CHECK FAIL: tp fill sz.002595-sell/profit-ztp-2015-10-26-pm: price 21.630741796897926 not WAC+mult*sigma0 (WAC 26.504518618572387, sigma0 0.6657417968979282, cands [27.836002212368243, 28.501744009266172])
[   43.7s]     !! [F4R1-A] CHECK FAIL: tp fill sz.002595-sell/profit-ztp-2015-10-27-am: price 21.630741796897926 not WAC+mult*sigma0 (WAC 26.504518618572387, sigma0 0.6657417968979282, cands [27.836002212368243, 28.501744009266172])
[   43.7s]     !! [F4R1-A] CHECK FAIL: tp fill sz.002281-sell/profit-ztp-2015-10-27-pm: price 44.33826140985369 not WAC+mult*sigma0 (WAC 40.461076700314635, sigma0 1.7082614098536957, cands [43.877599520022024, 45.58586092987572])
[   43.7s]     !! [F4R1-A] CHECK FAIL: tp fill sz.002281-sell/profit-ztp-2015-10-28-pm: price 44.33826140985369 not WAC+mult*sigma0 (WAC 40.461076700314635, sigma0 1.7082614098536957, cands [43.877599520022024, 45.58586092987572])
[   43.7s]     !! [F4R1-A] CHECK FAIL: tp fill sz.002281-sell/profit-ztp2-2015-10-30-am: price 46.04652281970739 not WAC+mult*sigma0 (WAC 40.461076700314635, sigma0 1.7082614098536957, cands [43.877599520022024, 45.58586092987572])
[   43.7s]     !! [F4R1-A] CHECK FAIL: tp fill sz.002595-sell/profit-ztp2-2015-10-30-pm: price 21.91806968071642 not WAC+mult*sigma0 (WAC 26.504518618572387, sigma0 0.5396038258714501, cands [27.58372627031529, 28.123330096186738])
[   43.7s]     !! [F4R1-A] CHECK FAIL: tp fill sh.600004-sell/profit-ztp-2015-11-04-pm: price 14.287956335426689 not WAC+mult*sigma0 (WAC 13.468485509618091, sigma0 0.3386375569511252, cands [14.145760623520342, 14.484398180471466])
[   43.7s]     !! [F4R1-A] CHECK FAIL: tp fill sh.600004-sell/profit-ztp-2015-11-05-am: price 14.287956335426689 not WAC+mult*sigma0 (WAC 13.616875048356896, sigma0 0.3386375569511252, cands [14.294150162259147, 14.63278771921027])
[   43.7s]     !! [F4R1-A] CHECK FAIL: tp fill sh.600004-sell/profit-ztp2-2015-11-05-am: price 14.626593892377812 not WAC+mult*sigma0 (WAC 13.616875048356896, sigma0 0.3386375569511252, cands [14.294150162259147, 14.63278771921027])
[   43.7s]     !! [F4R1-A] CHECK FAIL: tp fill sh.600004-sell/profit-ztp-2015-11-06-pm: price 14.513637556951126 not WAC+mult*sigma0 (WAC 13.616875048356896, sigma0 0.3386375569511252, cands [14.294150162259147, 14.63278771921027])
[   43.7s]     !! [F4R1-A] CHECK FAIL: tp fill sh.600004-sell/profit-ztp-2015-11-09-am: price 14.513637556951126 not WAC+mult*sigma0 (WAC 13.616875048356896, sigma0 0.3386375569511252, cands [14.294150162259147, 14.63278771921027])
[   43.7s]     !! [F4R1-A] CHECK FAIL: tp fill sz.002372-sell/profit-ztp-2015-11-13-am: price 18.815195099101093 not WAC+mult*sigma0 (WAC 18.231914407209572, sigma0 0.5834633994007273, cands [19.398841206011028, 19.982304605411755])
[   43.7s]     !! [F4R1-A] CHECK FAIL: tp fill sz.002641-sell/profit-ztp-2015-11-16-am: price 10.23602872878606 not WAC+mult*sigma0 (WAC 10.256587006526452, sigma0 0.4040191525240391, cands [11.064625311574531, 11.468644464098569])
[   43.7s]     !! [F4R1-A] CHECK FAIL: tp fill sz.002641-sell/profit-ztp-2015-11-16-pm: price 10.23602872878606 not WAC+mult*sigma0 (WAC 10.256587006526452, sigma0 0.4040191525240391, cands [11.064625311574531, 11.468644464098569])
[   43.7s]     !! [F4R1-A] CHECK FAIL: tp fill sz.000776-sell/profit-ztp-2015-11-16-pm: price 20.096244152866227 not WAC+mult*sigma0 (WAC 21.73842310449108, sigma0 0.4562441528662241, cands [22.65091141022353, 23.10715556308975])
[   43.7s]     !! [F4R1-A] CHECK FAIL: tp fill sz.000776-sell/profit-ztp2-2015-11-16-pm: price 20.55248830573245 not WAC+mult*sigma0 (WAC 21.73842310449108, sigma0 0.4562441528662241, cands [22.65091141022353, 23.10715556308975])
[   43.7s]     !! [F4R1-A] CHECK FAIL: tp fill sz.002641-sell/profit-ztp-2015-11-18-am: price 10.23602872878606 not WAC+mult*sigma0 (WAC 10.256587006526452, sigma0 0.4040191525240391, cands [11.064625311574531, 11.468644464098569])
[   43.7s]     !! [F4R1-A] CHECK FAIL: tp fill sz.002641-sell/profit-ztp-2015-11-18-pm: price 10.23602872878606 not WAC+mult*sigma0 (WAC 10.256587006526452, sigma0 0.4040191525240391, cands [11.064625311574531, 11.468644464098569])
[   43.7s]     !! [F4R1-A] CHECK FAIL: tp fill sz.002641-sell/profit-ztp2-2015-11-19-pm: price 10.640047881310098 not WAC+mult*sigma0 (WAC 10.256587006526452, sigma0 0.4040191525240391, cands [11.064625311574531, 11.468644464098569])
[   43.7s]     !! [F4R1-A] CHECK FAIL: tp fill sz.002372-sell/profit-ztp-2015-11-24-pm: price 18.815195099101093 not WAC+mult*sigma0 (WAC 18.231914407209572, sigma0 0.5834633994007273, cands [19.398841206011028, 19.982304605411755])
[   43.7s]     !! [F4R1-A] CHECK FAIL: tp fill sz.002372-sell/profit-ztp2-2015-11-24-pm: price 19.39865849850182 not WAC+mult*sigma0 (WAC 18.231914407209572, sigma0 0.5834633994007273, cands [19.398841206011028, 19.982304605411755])
[   43.7s]     !! [F4R1-A] CHECK FAIL: tp fill sz.000418-sell/profit-ztp-2015-12-01-pm: price 22.051322596880368 not WAC+mult*sigma0 (WAC 19.505823506069323, sigma0 0.4942150645869124, cands [20.494253635243147, 20.98846869983006])
[   43.7s]     !! [F4R1-A] CHECK FAIL: tp fill sz.000418-sell/profit-ztp2-2015-12-01-pm: price 22.545537661467282 not WAC+mult*sigma0 (WAC 19.505823506069323, sigma0 0.4942150645869124, cands [20.494253635243147, 20.98846869983006])
[   43.7s]     !! [F4R1-A] CHECK FAIL: tp fill sz.000999-sell/profit-ztp-2015-12-04-pm: price 27.071960195528007 not WAC+mult*sigma0 (WAC 26.951694443464866, sigma0 0.5146401303520025, cands [27.980974704168872, 28.495614834520875])
[   43.7s]     !! [F4R1-A] CHECK FAIL: tp fill sz.000999-sell/profit-ztp-2015-12-07-am: price 27.071960195528007 not WAC+mult*sigma0 (WAC 26.951694443464866, sigma0 0.5146401303520025, cands [27.980974704168872, 28.495614834520875])
[   43.7s]     !! [F4R1-A] CHECK FAIL: tp fill sh.600885-sell/profit-ztp-2015-12-08-am: price 31.291494239411797 not WAC+mult*sigma0 (WAC 29.256424315433314, sigma0 0.7876628262745325, cands [30.83174996798238, 31.619412794256913])
[   43.7s]     !! [F4R1-A] CHECK FAIL: tp fill sh.600885-sell/profit-ztp-2015-12-08-pm: price 31.291494239411797 not WAC+mult*sigma0 (WAC 29.256424315433314, sigma0 0.7876628262745325, cands [30.83174996798238, 31.619412794256913])
[   43.7s]     !! [F4R1-A] CHECK FAIL: tp fill sh.600885-sell/profit-ztp2-2015-12-08-pm: price 32.07915706568633 not WAC+mult*sigma0 (WAC 29.256424315433314, sigma0 0.7876628262745325, cands [30.83174996798238, 31.619412794256913])
[   43.7s]     !! [F4R1-A] CHECK FAIL: tp fill sh.600066-sell/profit-ztp-2015-12-14-am: price 21.001440456288986 not WAC+mult*sigma0 (WAC 20.707078702496574, sigma0 0.36644045628898353, cands [21.439959615074542, 21.806400071363523])
[   43.7s]     !! [F4R1-A] CHECK FAIL: tp fill sh.600066-sell/profit-ztp-2015-12-14-pm: price 21.001440456288986 not WAC+mult*sigma0 (WAC 20.707078702496574, sigma0 0.36644045628898353, cands [21.439959615074542, 21.806400071363523])
[   43.7s]     !! [F4R1-A] CHECK FAIL: tp fill sz.002311-sell/profit-ztp-2015-12-14-pm: price 13.772070792573015 not WAC+mult*sigma0 (WAC 13.438346823799526, sigma0 0.3013805283820083, cands [14.041107880563542, 14.34248840894555])
[   43.7s]     !! [F4R1-A] CHECK FAIL: tp fill sz.002311-sell/profit-ztp2-2015-12-14-pm: price 14.073451320955023 not WAC+mult*sigma0 (WAC 13.438346823799526, sigma0 0.3013805283820083, cands [14.041107880563542, 14.34248840894555])
[   43.7s]     !! [F4R1-A] CHECK FAIL: tp fill sh.600066-sell/profit-ztp-2015-12-15-am: price 21.001440456288986 not WAC+mult*sigma0 (WAC 20.707078702496574, sigma0 0.36644045628898353, cands [21.439959615074542, 21.806400071363523])
[   43.7s]     !! [F4R1-A] CHECK FAIL: tp fill sh.600066-sell/profit-ztp2-2015-12-15-am: price 21.367880912577967 not WAC+mult*sigma0 (WAC 20.707078702496574, sigma0 0.36644045628898353, cands [21.439959615074542, 21.806400071363523])
[   43.7s]     !! [F4R1-A] CHECK FAIL: tp fill sz.002508-sell/profit-ztp-2015-12-16-am: price 40.80115842035071 not WAC+mult*sigma0 (WAC 40.553979388222984, sigma0 0.7207722802338055, cands [41.9955239486906, 42.7162962289244])
[   43.7s]     !! [F4R1-A] CHECK FAIL: tp fill sz.002595-sell/profit-ztp-2015-12-17-am: price 22.49592731920636 not WAC+mult*sigma0 (WAC 25.46388640691082, sigma0 0.5972848794709014, cands [26.658456165852623, 27.255741045323525])
[   43.7s]     !! [F4R1-A] CHECK FAIL: tp fill sz.002595-sell/profit-ztp-2015-12-17-pm: price 22.49592731920636 not WAC+mult*sigma0 (WAC 25.46388640691082, sigma0 0.5972848794709014, cands [26.658456165852623, 27.255741045323525])
[   43.7s]     !! [F4R1-A] CHECK FAIL: tp fill sz.000708-sell/profit-ztp-2015-12-18-am: price 11.767399751529062 not WAC+mult*sigma0 (WAC 10.676069828121511, sigma0 0.25159983435270855, cands [11.179269496826928, 11.430869331179636])
[   43.7s]     !! [F4R1-A] CHECK FAIL: tp fill sz.000708-sell/profit-ztp-2015-12-18-pm: price 11.767399751529062 not WAC+mult*sigma0 (WAC 10.676069828121511, sigma0 0.25159983435270855, cands [11.179269496826928, 11.430869331179636])
[   43.7s]     !! [F4R1-A] CHECK FAIL: tp fill sz.000708-sell/profit-ztp2-2015-12-18-pm: price 12.01899958588177 not WAC+mult*sigma0 (WAC 10.676069828121511, sigma0 0.25159983435270855, cands [11.179269496826928, 11.430869331179636])
[   43.7s]     !! [F4R1-A] CHECK FAIL: tp fill sz.002508-sell/profit-ztp2-2015-12-18-pm: price 41.52193070058451 not WAC+mult*sigma0 (WAC 40.553979388222984, sigma0 0.7207722802338055, cands [41.9955239486906, 42.7162962289244])
[   43.7s]     !! [F4R1-A] CHECK FAIL: tp fill sz.002595-sell/profit-ztp-2015-12-30-am: price 22.49592731920636 not WAC+mult*sigma0 (WAC 25.46388640691082, sigma0 0.5972848794709014, cands [26.658456165852623, 27.255741045323525])
[   43.7s]     !! [F4R1-A] CHECK FAIL: tp fill sz.002595-sell/profit-ztp2-2015-12-30-pm: price 23.09321219867726 not WAC+mult*sigma0 (WAC 25.46388640691082, sigma0 0.5972848794709014, cands [26.658456165852623, 27.255741045323525])
[   43.7s]     !! [F4R1-A] CHECK FAIL: tp fill sh.600021-sell/profit-ztp-2016-02-16-pm: price 10.625592789224234 not WAC+mult*sigma0 (WAC 12.689326308074078, sigma0 0.5370618594828226, cands [13.763450027039722, 14.300511886522546])
[   43.7s]     !! [F4R1-A] CHECK FAIL: tp fill sz.002116-sell/profit-ztp-2016-02-16-pm: price 13.269096472244586 not WAC+mult*sigma0 (WAC 15.332065251004156, sigma0 0.5727309814963907, cands [16.477527213996936, 17.050258195493328])
[   43.7s]     !! [F4R1-A] CHECK FAIL: tp fill sh.600310-sell/profit-ztp-2016-02-16-pm: price 6.647232696870165 not WAC+mult*sigma0 (WAC 7.551923442157444, sigma0 0.2914884645801095, cands [8.134900371317663, 8.426388835897773])
[   43.7s]     !! [F4R1-A] CHECK FAIL: tp fill sh.600021-sell/profit-ztp-2016-02-17-am: price 10.625592789224234 not WAC+mult*sigma0 (WAC 12.689326308074078, sigma0 0.5370618594828226, cands [13.763450027039722, 14.300511886522546])
[   43.7s]     !! [F4R1-A] CHECK FAIL: tp fill sz.002116-sell/profit-ztp-2016-02-17-am: price 13.269096472244586 not WAC+mult*sigma0 (WAC 15.332065251004156, sigma0 0.5727309814963907, cands [16.477527213996936, 17.050258195493328])
[   43.7s]     !! [F4R1-A] CHECK FAIL: tp fill sh.600310-sell/profit-ztp-2016-02-17-am: price 6.647232696870165 not WAC+mult*sigma0 (WAC 7.551923442157444, sigma0 0.2914884645801095, cands [8.134900371317663, 8.426388835897773])
[   43.7s]     !! [F4R1-A] CHECK FAIL: tp fill sh.600021-sell/profit-ztp-2016-02-17-pm: price 10.625592789224234 not WAC+mult*sigma0 (WAC 12.689326308074078, sigma0 0.5370618594828226, cands [13.763450027039722, 14.300511886522546])
[   43.7s]     !! [F4R1-A] CHECK FAIL: tp fill sz.002116-sell/profit-ztp-2016-02-17-pm: price 13.269096472244586 not WAC+mult*sigma0 (WAC 15.332065251004156, sigma0 0.5727309814963907, cands [16.477527213996936, 17.050258195493328])
[   43.7s]     !! [F4R1-A] CHECK FAIL: tp fill sh.600310-sell/profit-ztp-2016-02-17-pm: price 6.647232696870165 not WAC+mult*sigma0 (WAC 7.551923442157444, sigma0 0.2914884645801095, cands [8.134900371317663, 8.426388835897773])
[   43.7s]     !! [F4R1-A] CHECK FAIL: tp fill sh.600310-sell/profit-ztp2-2016-02-17-pm: price 6.938721161450275 not WAC+mult*sigma0 (WAC 7.551923442157444, sigma0 0.2914884645801095, cands [8.134900371317663, 8.426388835897773])
[   43.7s]     !! [F4R1-A] CHECK FAIL: tp fill sh.600021-sell/profit-ztp-2016-02-18-am: price 10.625592789224234 not WAC+mult*sigma0 (WAC 12.689326308074078, sigma0 0.5370618594828226, cands [13.763450027039722, 14.300511886522546])
[   43.7s]     !! [F4R1-A] CHECK FAIL: tp fill sz.002116-sell/profit-ztp-2016-02-18-am: price 13.269096472244586 not WAC+mult*sigma0 (WAC 15.332065251004156, sigma0 0.5727309814963907, cands [16.477527213996936, 17.050258195493328])
[   43.7s]     !! [F4R1-A] CHECK FAIL: tp fill sh.600021-sell/profit-ztp2-2016-02-22-pm: price 11.162654648707058 not WAC+mult*sigma0 (WAC 12.689326308074078, sigma0 0.5370618594828226, cands [13.763450027039722, 14.300511886522546])
[   43.7s]     !! [F4R1-A] CHECK FAIL: tp fill sz.002116-sell/profit-ztp2-2016-02-23-pm: price 13.841827453740976 not WAC+mult*sigma0 (WAC 15.332065251004156, sigma0 0.5727309814963907, cands [16.477527213996936, 17.050258195493328])
[   43.7s]     !! [F4R1-A] CHECK FAIL: tp fill sh.600973-sell/profit-ztp-2016-03-02-am: price 10.65740081763294 not WAC+mult*sigma0 (WAC 12.602132230752627, sigma0 0.4782672117552929, cands [13.558666654263213, 14.036933866018506])
[   43.7s]     !! [F4R1-A] CHECK FAIL: tp fill sh.600973-sell/profit-ztp-2016-03-02-pm: price 10.65740081763294 not WAC+mult*sigma0 (WAC 12.602132230752627, sigma0 0.4782672117552929, cands [13.558666654263213, 14.036933866018506])
[   43.7s]     !! [F4R1-A] CHECK FAIL: tp fill sh.600973-sell/profit-ztp-2016-03-03-am: price 10.65740081763294 not WAC+mult*sigma0 (WAC 12.602132230752627, sigma0 0.4782672117552929, cands [13.558666654263213, 14.036933866018506])
[   43.7s]     !! [F4R1-A] CHECK FAIL: tp fill sh.600973-sell/profit-ztp-2016-03-03-pm: price 10.65740081763294 not WAC+mult*sigma0 (WAC 12.602132230752627, sigma0 0.4782672117552929, cands [13.558666654263213, 14.036933866018506])
[   43.7s]     !! [F4R1-A] CHECK FAIL: tp fill sz.002531-sell/profit-ztp-2016-03-18-am: price 10.851317035578694 not WAC+mult*sigma0 (WAC 10.027050565361218, sigma0 0.3675446903857957, cands [10.762139946132809, 11.129684636518606])
[   43.7s]     !! [F4R1-A] CHECK FAIL: tp fill sz.002382-sell/profit-ztp-2016-03-18-am: price 21.077381578471485 not WAC+mult*sigma0 (WAC 22.18263921898345, sigma0 0.8023815784714844, cands [23.78740237592642, 24.5897839543979])
[   43.7s]     !! [F4R1-A] CHECK FAIL: tp fill sz.002267-sell/profit-ztp-2016-03-18-pm: price 9.370502223379193 not WAC+mult*sigma0 (WAC 10.01762601054039, sigma0 0.32033481558612714, cands [10.658295641712645, 10.97863045729877])
[   43.7s]     !! [F4R1-A] CHECK FAIL: tp fill sh.600973-sell/profit-ztp2-2016-03-18-pm: price 11.135668029388233 not WAC+mult*sigma0 (WAC 12.602132230752627, sigma0 0.4782672117552929, cands [13.558666654263213, 14.036933866018506])
[   43.7s]     !! [F4R1-A] CHECK FAIL: tp fill sz.002531-sell/profit-ztp-2016-03-18-pm: price 10.851317035578694 not WAC+mult*sigma0 (WAC 10.027050565361218, sigma0 0.3675446903857957, cands [10.762139946132809, 11.129684636518606])
[   43.7s]     !! [F4R1-A] CHECK FAIL: tp fill sz.002382-sell/profit-ztp-2016-03-18-pm: price 21.077381578471485 not WAC+mult*sigma0 (WAC 22.18263921898345, sigma0 0.8023815784714844, cands [23.78740237592642, 24.5897839543979])
[   43.7s]     !! [F4R1-A] CHECK FAIL: tp fill sz.002382-sell/profit-ztp2-2016-03-18-pm: price 21.879763156942968 not WAC+mult*sigma0 (WAC 22.18263921898345, sigma0 0.8023815784714844, cands [23.78740237592642, 24.5897839543979])
[   43.7s]     !! [F4R1-A] CHECK FAIL: tp fill sz.002267-sell/profit-ztp-2016-03-21-am: price 9.370502223379193 not WAC+mult*sigma0 (WAC 10.01762601054039, sigma0 0.32033481558612714, cands [10.658295641712645, 10.97863045729877])
[   43.7s]     !! [F4R1-A] CHECK FAIL: tp fill sz.002531-sell/profit-ztp-2016-03-21-am: price 10.851317035578694 not WAC+mult*sigma0 (WAC 10.027050565361218, sigma0 0.3675446903857957, cands [10.762139946132809, 11.129684636518606])
[   43.7s]     !! [F4R1-A] CHECK FAIL: tp fill sz.002267-sell/profit-ztp-2016-03-21-pm: price 9.370502223379193 not WAC+mult*sigma0 (WAC 10.01762601054039, sigma0 0.32033481558612714, cands [10.658295641712645, 10.97863045729877])
[   43.7s]     !! [F4R1-A] CHECK FAIL: tp fill sz.002531-sell/profit-ztp-2016-03-21-pm: price 10.851317035578694 not WAC+mult*sigma0 (WAC 10.027050565361218, sigma0 0.3675446903857957, cands [10.762139946132809, 11.129684636518606])
[   43.7s]     !! [F4R1-A] CHECK FAIL: tp fill sz.002160-sell/profit-ztp-2016-03-22-am: price 10.172975747264143 not WAC+mult*sigma0 (WAC 8.900702669628895, sigma0 0.3829757472641419, cands [9.66665416415718, 10.04962991142132])
[   43.7s]     !! [F4R1-A] CHECK FAIL: tp fill sz.002267-sell/profit-ztp-2016-03-22-am: price 9.370502223379193 not WAC+mult*sigma0 (WAC 10.01762601054039, sigma0 0.32033481558612714, cands [10.658295641712645, 10.97863045729877])
[   43.7s]     !! [F4R1-A] CHECK FAIL: tp fill sz.002588-sell/profit-ztp-2016-03-23-am: price 26.759714801530137 not WAC+mult*sigma0 (WAC 24.96662813808706, sigma0 0.8197148015301363, cands [26.606057741147332, 27.425772542677468])
[   43.7s]     !! [F4R1-A] CHECK FAIL: tp fill sz.002588-sell/profit-ztp2-2016-03-23-am: price 27.579429603060273 not WAC+mult*sigma0 (WAC 24.96662813808706, sigma0 0.8197148015301363, cands [26.606057741147332, 27.425772542677468])
[   43.7s]     !! [F4R1-A] CHECK FAIL: tp fill sz.002062-sell/profit-ztp-2016-03-25-pm: price 8.100809112187264 not WAC+mult*sigma0 (WAC 11.563402350535918, sigma0 0.27387274145817536, cands [12.11114783345227, 12.385020574910445])
[   43.7s]     !! [F4R1-A] CHECK FAIL: tp fill sz.002267-sell/profit-ztp2-2016-03-29-pm: price 9.69083703896532 not WAC+mult*sigma0 (WAC 10.01762601054039, sigma0 0.32033481558612714, cands [10.658295641712645, 10.97863045729877])
[   43.7s]     !! [F4R1-A] CHECK FAIL: tp fill sz.002563-sell/profit-ztp-2016-03-30-am: price 11.18069729637536 not WAC+mult*sigma0 (WAC 16.677896389750007, sigma0 0.320464864250241, cands [17.318826118250488, 17.63929098250073])
[   43.7s]     !! [F4R1-A] CHECK FAIL: tp fill sz.002563-sell/profit-ztp-2016-03-30-pm: price 11.18069729637536 not WAC+mult*sigma0 (WAC 16.677896389750007, sigma0 0.320464864250241, cands [17.318826118250488, 17.63929098250073])
[   43.7s]     !! [F4R1-A] CHECK FAIL: tp fill sz.002563-sell/profit-ztp-2016-03-31-am: price 11.18069729637536 not WAC+mult*sigma0 (WAC 16.677896389750007, sigma0 0.320464864250241, cands [17.318826118250488, 17.63929098250073])
[   43.7s]     !! [F4R1-A] CHECK FAIL: tp fill sz.002062-sell/profit-ztp-2016-03-31-pm: price 7.903471641325651 not WAC+mult*sigma0 (WAC 11.563402350535918, sigma0 0.17520400602736916, cands [11.913810362590656, 12.089014368618026])
[   43.7s]     !! [F4R1-A] CHECK FAIL: tp fill sz.002062-sell/profit-ztp-2016-04-01-am: price 7.903471641325651 not WAC+mult*sigma0 (WAC 11.563402350535918, sigma0 0.17520400602736916, cands [11.913810362590656, 12.089014368618026])
[   43.7s]     !! [F4R1-A] CHECK FAIL: tp fill sz.002062-sell/profit-ztp-2016-04-01-pm: price 7.903471641325651 not WAC+mult*sigma0 (WAC 11.563402350535918, sigma0 0.17520400602736916, cands [11.913810362590656, 12.089014368618026])
[   43.7s]     !! [F4R1-A] CHECK FAIL: tp fill sz.002382-sell/profit-ztp-2016-04-05-am: price 22.16168886200281 not WAC+mult*sigma0 (WAC 21.916797431764945, sigma0 0.5477925746685375, cands [23.01238258110202, 23.56017515577056])
[   43.7s]     !! [F4R1-A] CHECK FAIL: tp fill sz.002160-sell/profit-ztp-2016-04-05-am: price 9.974303750477041 not WAC+mult*sigma0 (WAC 8.900702669628895, sigma0 0.28363974887059146, cands [9.467982167370078, 9.75162191624067])
[   43.7s]     !! [F4R1-A] CHECK FAIL: tp fill sz.002062-sell/profit-ztp-2016-04-05-am: price 7.903471641325651 not WAC+mult*sigma0 (WAC 11.563402350535918, sigma0 0.17520400602736916, cands [11.913810362590656, 12.089014368618026])
[   43.7s]     !! [F4R1-A] CHECK FAIL: tp fill sz.002062-sell/profit-ztp2-2016-04-05-am: price 8.07867564735302 not WAC+mult*sigma0 (WAC 11.563402350535918, sigma0 0.17520400602736916, cands [11.913810362590656, 12.089014368618026])
[   43.7s]     !! [F4R1-A] CHECK FAIL: tp fill sz.002382-sell/profit-ztp-2016-04-05-pm: price 22.16168886200281 not WAC+mult*sigma0 (WAC 21.916797431764945, sigma0 0.5477925746685375, cands [23.01238258110202, 23.56017515577056])
[   43.7s]     !! [F4R1-A] CHECK FAIL: tp fill sz.002382-sell/profit-ztp-2016-04-06-am: price 22.16168886200281 not WAC+mult*sigma0 (WAC 21.916797431764945, sigma0 0.5477925746685375, cands [23.01238258110202, 23.56017515577056])
[   43.7s]     !! [F4R1-A] CHECK FAIL: tp fill sz.002382-sell/profit-ztp2-2016-04-08-pm: price 22.709481436671346 not WAC+mult*sigma0 (WAC 21.916797431764945, sigma0 0.5477925746685375, cands [23.01238258110202, 23.56017515577056])
[   43.7s]     !! [F4R1-A] CHECK FAIL: tp fill sz.002160-sell/profit-ztp-2016-04-08-pm: price 9.974303750477041 not WAC+mult*sigma0 (WAC 8.900702669628895, sigma0 0.28363974887059146, cands [9.467982167370078, 9.75162191624067])
[   43.7s]     !! [F4R1-A] CHECK FAIL: tp fill sz.002160-sell/profit-ztp2-2016-04-08-pm: price 10.257943499347633 not WAC+mult*sigma0 (WAC 8.900702669628895, sigma0 0.28363974887059146, cands [9.467982167370078, 9.75162191624067])
[   43.7s]     !! [F4R1-A] CHECK FAIL: tp fill sh.600973-sell/profit-ztp-2016-04-12-pm: price 11.894222322764236 not WAC+mult*sigma0 (WAC 12.252074914546876, sigma0 0.276148215176157, cands [12.80437134489919, 13.080519560075347])
[   43.7s]     !! [F4R1-A] CHECK FAIL: tp fill sh.600529-sell/profit-ztp-2016-04-13-am: price 16.3834034437729 not WAC+mult*sigma0 (WAC 15.60867360128396, sigma0 0.3889356291819332, cands [16.386544859647827, 16.77548048882976])
[   43.7s]     !! [F4R1-A] CHECK FAIL: tp fill sh.600973-sell/profit-ztp-2016-04-13-am: price 11.894222322764236 not WAC+mult*sigma0 (WAC 12.252074914546876, sigma0 0.276148215176157, cands [12.80437134489919, 13.080519560075347])
[   43.7s]     !! [F4R1-A] CHECK FAIL: tp fill sh.600529-sell/profit-ztp-2016-04-13-pm: price 16.3834034437729 not WAC+mult*sigma0 (WAC 15.60867360128396, sigma0 0.3889356291819332, cands [16.386544859647827, 16.77548048882976])
[   43.7s]     !! [F4R1-A] CHECK FAIL: tp fill sh.600973-sell/profit-ztp-2016-04-13-pm: price 11.894222322764236 not WAC+mult*sigma0 (WAC 12.252074914546876, sigma0 0.276148215176157, cands [12.80437134489919, 13.080519560075347])
[   43.7s]     !! [F4R1-A] CHECK FAIL: tp fill sz.000665-sell/profit-ztp-2016-04-13-pm: price 15.023991625726461 not WAC+mult*sigma0 (WAC 13.590514415446382, sigma0 0.36266108381764, cands [14.315836583081662, 14.678497666899302])
[   43.7s]     !! [F4R1-A] CHECK FAIL: tp fill sh.600973-sell/profit-ztp-2016-04-14-am: price 11.894222322764236 not WAC+mult*sigma0 (WAC 12.252074914546876, sigma0 0.276148215176157, cands [12.80437134489919, 13.080519560075347])
[   43.7s]     !! [F4R1-A] CHECK FAIL: tp fill sz.000665-sell/profit-ztp-2016-04-14-am: price 15.023991625726461 not WAC+mult*sigma0 (WAC 13.590514415446382, sigma0 0.36266108381764, cands [14.315836583081662, 14.678497666899302])
[   43.7s]     !! [F4R1-A] CHECK FAIL: tp fill sh.600973-sell/profit-ztp2-2016-04-14-pm: price 12.170370537940393 not WAC+mult*sigma0 (WAC 12.252074914546876, sigma0 0.276148215176157, cands [12.80437134489919, 13.080519560075347])
[   43.7s]     !! [F4R1-A] CHECK FAIL: tp fill sz.000665-sell/profit-ztp-2016-04-14-pm: price 15.023991625726461 not WAC+mult*sigma0 (WAC 13.590514415446382, sigma0 0.36266108381764, cands [14.315836583081662, 14.678497666899302])
[   43.7s]     !! [F4R1-A] CHECK FAIL: tp fill sh.600004-sell/profit-ztp-2016-05-05-pm: price 12.498217614752214 not WAC+mult*sigma0 (WAC 13.158259475079003, sigma0 0.1321450765014758, cands [13.422549628081955, 13.554694704583431])
[   43.7s]     !! [F4R1-A] CHECK FAIL: tp fill sz.000999-sell/profit-ztp-2016-05-10-pm: price 22.083834546344512 not WAC+mult*sigma0 (WAC 25.47521118867741, sigma0 0.32922303089634275, cands [26.133657250470094, 26.462880281366438])
[   43.7s]     !! [F4R1-A] CHECK FAIL: tp fill sz.000999-sell/profit-ztp2-2016-05-10-pm: price 22.413057577240856 not WAC+mult*sigma0 (WAC 25.47521118867741, sigma0 0.32922303089634275, cands [26.133657250470094, 26.462880281366438])
[   43.7s]     !! [F4R1-A] CHECK FAIL: tp fill sh.601098-sell/profit-ztp-2016-05-12-am: price 17.89658018167853 not WAC+mult*sigma0 (WAC 18.827141905236402, sigma0 0.37158018167852974, cands [19.570302268593462, 19.94188245027199])
[   43.7s]     !! [F4R1-A] CHECK FAIL: tp fill sh.601098-sell/profit-ztp-2016-05-12-pm: price 17.89658018167853 not WAC+mult*sigma0 (WAC 18.827141905236402, sigma0 0.37158018167852974, cands [19.570302268593462, 19.94188245027199])
[   43.7s]     !! [F4R1-A] CHECK FAIL: tp fill sh.600429-sell/profit-ztp-2016-05-13-am: price 8.881533262641398 not WAC+mult*sigma0 (WAC 8.056455185975766, sigma0 0.17153326264139496, cands [8.399521711258556, 8.571054973899951])
[   43.7s]     !! [F4R1-A] CHECK FAIL: tp fill sz.000703-sell/profit-ztp-2016-06-28-am: price 9.875221993208315 not WAC+mult*sigma0 (WAC 11.34560245648703, sigma0 0.2901479954722106, cands [11.925898447431452, 12.216046442903663])
[   43.7s]     !! [F4R1-A] CHECK FAIL: tp fill sz.000703-sell/profit-ztp-2016-06-28-pm: price 9.875221993208315 not WAC+mult*sigma0 (WAC 11.34560245648703, sigma0 0.2901479954722106, cands [11.925898447431452, 12.216046442903663])
[   43.7s]     !! [F4R1-A] CHECK FAIL: tp fill sz.000703-sell/profit-ztp-2016-06-29-am: price 9.875221993208315 not WAC+mult*sigma0 (WAC 11.34560245648703, sigma0 0.2901479954722106, cands [11.925898447431452, 12.216046442903663])
[   43.7s]     !! [F4R1-A] CHECK FAIL: tp fill sz.000703-sell/profit-ztp-2016-06-29-pm: price 9.875221993208315 not WAC+mult*sigma0 (WAC 11.34560245648703, sigma0 0.2901479954722106, cands [11.925898447431452, 12.216046442903663])
[   43.7s]     !! [F4R1-A] CHECK FAIL: tp fill sh.600500-sell/profit-ztp-2016-07-04-pm: price 9.258531280605316 not WAC+mult*sigma0 (WAC 9.399237293983525, sigma0 0.15902085373687871, cands [9.717279001457282, 9.87629985519416])
[   43.7s]     !! [F4R1-A] CHECK FAIL: tp fill sh.600500-sell/profit-ztp2-2016-07-04-pm: price 9.417552134342195 not WAC+mult*sigma0 (WAC 9.399237293983525, sigma0 0.15902085373687871, cands [9.717279001457282, 9.87629985519416])
[   43.7s]     !! [F4R1-A] CHECK FAIL: tp fill sh.600717-sell/profit-ztp-2016-07-06-pm: price 9.374577250121487 not WAC+mult*sigma0 (WAC 9.601536325378339, sigma0 0.11638483341432418, cands [9.834305992206987, 9.950690825621312])
[   43.7s]     !! [F4R1-A] CHECK FAIL: tp fill sh.600717-sell/profit-ztp-2016-07-07-am: price 9.374577250121487 not WAC+mult*sigma0 (WAC 9.601536325378339, sigma0 0.11638483341432418, cands [9.834305992206987, 9.950690825621312])
[   43.7s]     !! [F4R1-A] CHECK FAIL: tp fill sh.600717-sell/profit-ztp2-2016-07-07-am: price 9.49096208353581 not WAC+mult*sigma0 (WAC 9.601536325378339, sigma0 0.11638483341432418, cands [9.834305992206987, 9.950690825621312])
[   43.7s]     !! [F4R1-A] CHECK FAIL: tp fill sh.603001-sell/profit-ztp-2016-07-12-am: price 21.7889243976326 not WAC+mult*sigma0 (WAC 20.95011063317556, sigma0 0.3659495984217334, cands [21.682009830019027, 22.04795942844076])
[   43.7s]     !! [F4R1-A] CHECK FAIL: tp fill sh.600021-sell/profit-ztp-2016-07-12-am: price 10.869522319834923 not WAC+mult*sigma0 (WAC 11.847162726677889, sigma0 0.10452231983492423, cands [12.056207366347737, 12.16072968618266])
[   43.7s]     !! [F4R1-A] CHECK FAIL: tp fill sh.603001-sell/profit-ztp-2016-07-12-pm: price 21.7889243976326 not WAC+mult*sigma0 (WAC 20.95011063317556, sigma0 0.3659495984217334, cands [21.682009830019027, 22.04795942844076])
[   43.7s]     !! [F4R1-A] CHECK FAIL: tp fill sh.603001-sell/profit-ztp2-2016-07-12-pm: price 22.15487399605433 not WAC+mult*sigma0 (WAC 20.95011063317556, sigma0 0.3659495984217334, cands [21.682009830019027, 22.04795942844076])
[   43.7s]     !! [F4R1-A] CHECK FAIL: tp fill sh.600021-sell/profit-ztp-2016-07-12-pm: price 10.869522319834923 not WAC+mult*sigma0 (WAC 11.847162726677889, sigma0 0.10452231983492423, cands [12.056207366347737, 12.16072968618266])
[   43.7s]     !! [F4R1-A] CHECK FAIL: tp fill sh.600021-sell/profit-ztp2-2016-07-12-pm: price 10.974044639669847 not WAC+mult*sigma0 (WAC 11.847162726677889, sigma0 0.10452231983492423, cands [12.056207366347737, 12.16072968618266])
[   43.7s]     !! [F4R1-A] CHECK FAIL: tp fill sh.601872-sell/profit-ztp-2016-07-14-pm: price 5.316954830471262 not WAC+mult*sigma0 (WAC 5.242030113019159, sigma0 0.05796988698084125, cands [5.357969886980841, 5.415939773961683])
[   43.7s]     !! [F4R1-A] CHECK FAIL: tp fill sh.601872-sell/profit-ztp2-2016-07-14-pm: price 5.374924717452104 not WAC+mult*sigma0 (WAC 5.242030113019159, sigma0 0.05796988698084125, cands [5.357969886980841, 5.415939773961683])
[   43.7s]     !! [F4R1-A] CHECK FAIL: tp fill sh.600438-sell/profit-ztp-2016-07-18-am: price 6.807799801001238 not WAC+mult*sigma0 (WAC 8.317650324551641, sigma0 0.13186653400082549, cands [8.581383392553292, 8.713249926554118])
[   43.7s]     !! [F4R1-A] CHECK FAIL: tp fill sh.600438-sell/profit-ztp-2016-07-19-am: price 6.807799801001238 not WAC+mult*sigma0 (WAC 8.317650324551641, sigma0 0.13186653400082549, cands [8.581383392553292, 8.713249926554118])
[   43.7s]     !! [F4R1-A] CHECK FAIL: tp fill sh.600438-sell/profit-ztp-2016-07-19-pm: price 6.807799801001238 not WAC+mult*sigma0 (WAC 8.317650324551641, sigma0 0.13186653400082549, cands [8.581383392553292, 8.713249926554118])
[   43.7s]     !! [F4R1-A] CHECK FAIL: tp fill sh.600438-sell/profit-ztp-2016-07-20-am: price 6.807799801001238 not WAC+mult*sigma0 (WAC 8.317650324551641, sigma0 0.13186653400082549, cands [8.581383392553292, 8.713249926554118])
[   43.7s]     !! [F4R1-A] CHECK FAIL: tp fill sh.600438-sell/profit-ztp-2016-07-20-pm: price 6.807799801001238 not WAC+mult*sigma0 (WAC 8.317650324551641, sigma0 0.13186653400082549, cands [8.581383392553292, 8.713249926554118])
[   43.7s]     !! [F4R1-A] CHECK FAIL: tp fill sh.600827-sell/profit-ztp-2016-07-26-pm: price 12.919423591395459 not WAC+mult*sigma0 (WAC 13.980462491079285, sigma0 0.17294906093030493, cands [14.326360612939895, 14.499309673870199])
[   43.7s]     !! [F4R1-A] CHECK FAIL: tp fill sh.600098-sell/profit-ztp-2016-08-02-pm: price 7.756304520975571 not WAC+mult*sigma0 (WAC 7.634119889580925, sigma0 0.07753634731704832, cands [7.789192584215021, 7.866728931532069])
[   43.7s]     !! [F4R1-A] CHECK FAIL: tp fill sh.600098-sell/profit-ztp2-2016-08-02-pm: price 7.8338408682926195 not WAC+mult*sigma0 (WAC 7.634119889580925, sigma0 0.07753634731704832, cands [7.789192584215021, 7.866728931532069])
[   43.7s]     !! [F4R1-A] CHECK FAIL: tp fill sh.600469-sell/profit-ztp-2016-08-03-am: price 10.104551204168532 not WAC+mult*sigma0 (WAC 12.151068869279001, sigma0 0.12970080277902177, cands [12.410470474837044, 12.540171277616066])
[   43.7s]     !! [F4R1-A] CHECK FAIL: tp fill sh.600469-sell/profit-ztp-2016-08-03-pm: price 10.104551204168532 not WAC+mult*sigma0 (WAC 12.151068869279001, sigma0 0.12970080277902177, cands [12.410470474837044, 12.540171277616066])
[   43.7s]     !! [F4R1-A] CHECK FAIL: tp fill sh.600387-sell/profit-ztp-2016-08-08-pm: price 12.384474235363959 not WAC+mult*sigma0 (WAC 11.919854110103005, sigma0 0.24964949024263916, cands [12.419153090588283, 12.668802580830922])
[   43.7s]     !! [F4R1-A] CHECK FAIL: tp fill sh.600469-sell/profit-ztp-2016-08-08-pm: price 10.104551204168532 not WAC+mult*sigma0 (WAC 12.151068869279001, sigma0 0.12970080277902177, cands [12.410470474837044, 12.540171277616066])
[   43.7s]     !! [F4R1-A] CHECK FAIL: tp fill sh.600438-sell/profit-ztp-2016-08-08-pm: price 6.201740843787279 not WAC+mult*sigma0 (WAC 7.126255748544983, sigma0 0.1478272291915197, cands [7.421910206928022, 7.569737436119542])
[   43.7s]     !! [F4R1-A] CHECK FAIL: tp fill sh.600387-sell/profit-ztp-2016-08-09-am: price 12.384474235363959 not WAC+mult*sigma0 (WAC 11.919854110103005, sigma0 0.24964949024263916, cands [12.419153090588283, 12.668802580830922])
[   43.7s]     !! [F4R1-A] CHECK FAIL: tp fill sh.600469-sell/profit-ztp-2016-08-09-am: price 10.104551204168532 not WAC+mult*sigma0 (WAC 12.151068869279001, sigma0 0.12970080277902177, cands [12.410470474837044, 12.540171277616066])
[   43.7s]     !! [F4R1-A] CHECK FAIL: tp fill sh.600438-sell/profit-ztp-2016-08-09-am: price 6.201740843787279 not WAC+mult*sigma0 (WAC 7.126255748544983, sigma0 0.1478272291915197, cands [7.421910206928022, 7.569737436119542])
[   43.7s]     !! [F4R1-A] CHECK FAIL: tp fill sh.603001-sell/profit-ztp-2016-08-09-pm: price 20.68159698316718 not WAC+mult*sigma0 (WAC 20.674688834823762, sigma0 0.34773132211145136, cands [21.370151479046665, 21.717882801158115])
[   43.7s]     !! [F4R1-A] CHECK FAIL: tp fill sh.600387-sell/profit-ztp-2016-08-09-pm: price 12.384474235363959 not WAC+mult*sigma0 (WAC 11.919854110103005, sigma0 0.24964949024263916, cands [12.419153090588283, 12.668802580830922])
[   43.7s]     !! [F4R1-A] CHECK FAIL: tp fill sh.600438-sell/profit-ztp-2016-08-09-pm: price 6.201740843787279 not WAC+mult*sigma0 (WAC 7.126255748544983, sigma0 0.1478272291915197, cands [7.421910206928022, 7.569737436119542])
[   43.7s]     !! [F4R1-A] CHECK FAIL: tp fill sh.600387-sell/profit-ztp-2016-08-10-am: price 12.384474235363959 not WAC+mult*sigma0 (WAC 11.919854110103005, sigma0 0.24964949024263916, cands [12.419153090588283, 12.668802580830922])
[   43.7s]     !! [F4R1-A] CHECK FAIL: tp fill sh.600438-sell/profit-ztp-2016-08-10-am: price 6.201740843787279 not WAC+mult*sigma0 (WAC 7.126255748544983, sigma0 0.1478272291915197, cands [7.421910206928022, 7.569737436119542])
[   43.7s]     !! [F4R1-A] CHECK FAIL: tp fill sh.600469-sell/profit-ztp2-2016-08-10-pm: price 10.234252006947553 not WAC+mult*sigma0 (WAC 12.151068869279001, sigma0 0.12970080277902177, cands [12.410470474837044, 12.540171277616066])
[   43.7s]     !! [F4R1-A] CHECK FAIL: tp fill sh.600438-sell/profit-ztp-2016-08-12-am: price 6.201740843787279 not WAC+mult*sigma0 (WAC 7.126255748544983, sigma0 0.1478272291915197, cands [7.421910206928022, 7.569737436119542])
[   43.7s]     !! [F4R1-A] CHECK FAIL: tp fill sh.603001-sell/profit-ztp-2016-08-12-pm: price 20.68159698316718 not WAC+mult*sigma0 (WAC 20.674688834823762, sigma0 0.34773132211145136, cands [21.370151479046665, 21.717882801158115])
[   43.7s]     !! [F4R1-A] CHECK FAIL: tp fill sz.002394-sell/profit-ztp-2016-08-12-pm: price 15.509899598391385 not WAC+mult*sigma0 (WAC 13.625127317660414, sigma0 0.2498995983913842, cands [14.124926514443183, 14.374826112834567])
[   43.7s]     !! [F4R1-A] CHECK FAIL: tp fill sh.600438-sell/profit-ztp2-2016-08-12-pm: price 6.3495680729787995 not WAC+mult*sigma0 (WAC 7.126255748544983, sigma0 0.1478272291915197, cands [7.421910206928022, 7.569737436119542])
[   43.7s]     !! [F4R1-A] CHECK FAIL: tp fill sz.000698-sell/profit-ztp-2016-08-12-pm: price 6.979247280906273 not WAC+mult*sigma0 (WAC 6.592001424879098, sigma0 0.13283152060418196, cands [6.857664466087462, 6.990495986691644])
[   43.7s]     !! [F4R1-A] CHECK FAIL: tp fill sh.603001-sell/profit-ztp-2016-08-15-am: price 20.68159698316718 not WAC+mult*sigma0 (WAC 20.674688834823762, sigma0 0.34773132211145136, cands [21.370151479046665, 21.717882801158115])
[   43.7s]     !! [F4R1-A] CHECK FAIL: tp fill sh.603001-sell/profit-ztp2-2016-08-15-am: price 21.02932830527863 not WAC+mult*sigma0 (WAC 20.674688834823762, sigma0 0.34773132211145136, cands [21.370151479046665, 21.717882801158115])
[   43.7s]     !! [F4R1-A] CHECK FAIL: tp fill sz.002394-sell/profit-ztp-2016-08-15-am: price 15.509899598391385 not WAC+mult*sigma0 (WAC 13.625127317660414, sigma0 0.2498995983913842, cands [14.124926514443183, 14.374826112834567])
[   43.7s]     !! [F4R1-A] CHECK FAIL: tp fill sz.000698-sell/profit-ztp-2016-08-15-am: price 6.979247280906273 not WAC+mult*sigma0 (WAC 6.592001424879098, sigma0 0.13283152060418196, cands [6.857664466087462, 6.990495986691644])
[   43.7s]     !! [F4R1-A] CHECK FAIL: tp fill sz.002394-sell/profit-ztp-2016-08-15-pm: price 15.509899598391385 not WAC+mult*sigma0 (WAC 13.625127317660414, sigma0 0.2498995983913842, cands [14.124926514443183, 14.374826112834567])
[   43.7s]     !! [F4R1-A] CHECK FAIL: tp fill sz.000698-sell/profit-ztp-2016-08-15-pm: price 6.979247280906273 not WAC+mult*sigma0 (WAC 6.592001424879098, sigma0 0.13283152060418196, cands [6.857664466087462, 6.990495986691644])
[   43.7s]     !! [F4R1-A] CHECK FAIL: tp fill sz.002394-sell/profit-ztp-2016-08-16-am: price 15.509899598391385 not WAC+mult*sigma0 (WAC 13.625127317660414, sigma0 0.2498995983913842, cands [14.124926514443183, 14.374826112834567])
[   43.7s]     !! [F4R1-A] CHECK FAIL: tp fill sz.000698-sell/profit-ztp-2016-08-16-am: price 6.979247280906273 not WAC+mult*sigma0 (WAC 6.592001424879098, sigma0 0.13283152060418196, cands [6.857664466087462, 6.990495986691644])
[   43.7s]     !! [F4R1-A] CHECK FAIL: tp fill sz.000698-sell/profit-ztp-2016-08-16-pm: price 6.979247280906273 not WAC+mult*sigma0 (WAC 6.592001424879098, sigma0 0.13283152060418196, cands [6.857664466087462, 6.990495986691644])
[   43.7s]     !! [F4R1-A] CHECK FAIL: tp fill sz.002394-sell/profit-ztp2-2016-08-17-am: price 15.759799196782769 not WAC+mult*sigma0 (WAC 13.625127317660414, sigma0 0.2498995983913842, cands [14.124926514443183, 14.374826112834567])
[   43.7s]     !! [F4R1-A] CHECK FAIL: tp fill sz.000698-sell/profit-ztp2-2016-08-22-pm: price 7.112078801510456 not WAC+mult*sigma0 (WAC 6.592001424879098, sigma0 0.13283152060418196, cands [6.857664466087462, 6.990495986691644])
[   43.7s]     !! [F4R1-A] CHECK FAIL: tp fill sz.002372-sell/profit-ztp-2016-09-06-pm: price 16.30929911986422 not WAC+mult*sigma0 (WAC 17.596616828321572, sigma0 0.25953274657614844, cands [18.11568232147387, 18.375215068050018])
[   43.7s]     !! [F4R1-A] CHECK FAIL: tp fill sz.002372-sell/profit-ztp2-2016-09-06-pm: price 16.56883186644037 not WAC+mult*sigma0 (WAC 17.596616828321572, sigma0 0.25953274657614844, cands [18.11568232147387, 18.375215068050018])
[   43.7s]     !! [F4R1-A] CHECK FAIL: tp fill sh.600717-sell/profit-ztp-2016-10-20-pm: price 9.855871512570042 not WAC+mult*sigma0 (WAC 9.613244032647403, sigma0 0.09058100838002715, cands [9.794406049407458, 9.884987057787484])
[   43.7s]     !! [F4R1-A] CHECK FAIL: tp fill sh.600717-sell/profit-ztp-2016-10-21-pm: price 9.855871512570042 not WAC+mult*sigma0 (WAC 9.613244032647403, sigma0 0.09058100838002715, cands [9.794406049407458, 9.884987057787484])
[   43.7s]     !! [F4R1-A] CHECK FAIL: tp fill sh.600717-sell/profit-ztp-2016-10-24-am: price 9.855871512570042 not WAC+mult*sigma0 (WAC 9.613244032647403, sigma0 0.09058100838002715, cands [9.794406049407458, 9.884987057787484])
[   43.7s]     !! [F4R1-A] CHECK FAIL: tp fill sh.600717-sell/profit-ztp2-2016-10-24-am: price 9.946452520950068 not WAC+mult*sigma0 (WAC 9.613244032647403, sigma0 0.09058100838002715, cands [9.794406049407458, 9.884987057787484])
[   43.7s]     !! [F4R1-A] CHECK FAIL: tp fill sz.000761-sell/profit-ztp-2016-11-10-pm: price 5.804955929524614 not WAC+mult*sigma0 (WAC 6.787037287023454, sigma0 0.06330395301640962, cands [6.913645193056273, 6.976949146072682])
[   43.7s]     !! [F4R1-A] CHECK FAIL: tp fill sz.000761-sell/profit-ztp-2016-11-11-am: price 5.804955929524614 not WAC+mult*sigma0 (WAC 6.787037287023454, sigma0 0.06330395301640962, cands [6.913645193056273, 6.976949146072682])
[   43.7s]     !! [F4R1-A] CHECK FAIL: tp fill sz.000761-sell/profit-ztp-2016-11-11-pm: price 5.804955929524614 not WAC+mult*sigma0 (WAC 6.787037287023454, sigma0 0.06330395301640962, cands [6.913645193056273, 6.976949146072682])
[   43.7s]     !! [F4R1-A] CHECK FAIL: tp fill sz.000761-sell/profit-ztp2-2016-11-11-pm: price 5.8682598825410235 not WAC+mult*sigma0 (WAC 6.787037287023454, sigma0 0.06330395301640962, cands [6.913645193056273, 6.976949146072682])
[   43.7s]     !! [F4R1-A] CHECK FAIL: tp fill sh.601799-sell/profit-ztp-2016-11-11-pm: price 40.722663715300335 not WAC+mult*sigma0 (WAC 40.13462986934182, sigma0 0.7076637153003369, cands [41.5499572999425, 42.25762101524283])
[   43.7s]     !! [F4R1-A] CHECK FAIL: tp fill sh.601799-sell/profit-ztp-2016-11-14-am: price 40.722663715300335 not WAC+mult*sigma0 (WAC 40.13462986934182, sigma0 0.7076637153003369, cands [41.5499572999425, 42.25762101524283])
[   43.7s]     !! [F4R1-A] CHECK FAIL: tp fill sh.601799-sell/profit-ztp-2016-11-14-pm: price 40.722663715300335 not WAC+mult*sigma0 (WAC 40.13462986934182, sigma0 0.7076637153003369, cands [41.5499572999425, 42.25762101524283])
[   43.7s]     !! [F4R1-A] CHECK FAIL: tp fill sh.600438-sell/profit-ztp-2016-11-16-am: price 6.292071326204265 not WAC+mult*sigma0 (WAC 6.911798280981406, sigma0 0.05471421746951005, cands [7.0212267159204265, 7.075940933389936])
[   43.7s]     !! [F4R1-A] CHECK FAIL: tp fill sh.600438-sell/profit-ztp-2016-11-16-pm: price 6.292071326204265 not WAC+mult*sigma0 (WAC 6.911798280981406, sigma0 0.05471421746951005, cands [7.0212267159204265, 7.075940933389936])
[   43.7s]     !! [F4R1-A] CHECK FAIL: tp fill sh.600438-sell/profit-ztp-2016-11-17-pm: price 6.292071326204265 not WAC+mult*sigma0 (WAC 6.911798280981406, sigma0 0.05471421746951005, cands [7.0212267159204265, 7.075940933389936])
[   43.7s]     !! [F4R1-A] CHECK FAIL: tp fill sh.601799-sell/profit-ztp2-2016-11-18-pm: price 41.43032743060067 not WAC+mult*sigma0 (WAC 40.13462986934182, sigma0 0.7076637153003369, cands [41.5499572999425, 42.25762101524283])
[   43.7s]     !! [F4R1-A] CHECK FAIL: tp fill sz.002309-sell/profit-ztp-2016-11-22-am: price 15.523567433380823 not WAC+mult*sigma0 (WAC 15.518959656076355, sigma0 0.2023782889205474, cands [15.92371623391745, 16.126094522837995])
[   43.7s]     !! [F4R1-A] CHECK FAIL: tp fill sz.002309-sell/profit-ztp-2016-11-22-pm: price 15.523567433380823 not WAC+mult*sigma0 (WAC 15.518959656076355, sigma0 0.2023782889205474, cands [15.92371623391745, 16.126094522837995])
[   43.7s]     !! [F4R1-A] CHECK FAIL: tp fill sh.600438-sell/profit-ztp-2016-11-23-am: price 6.28971421746951 not WAC+mult*sigma0 (WAC 6.775896501872948, sigma0 0.05471421746951005, cands [6.885324936811968, 6.940039154281478])
[   43.7s]     !! [F4R1-A] CHECK FAIL: tp fill sh.600729-sell/profit-ztp-2016-12-06-pm: price 24.96319691975695 not WAC+mult*sigma0 (WAC 23.054787777067943, sigma0 0.25319691975694836, cands [23.56118161658184, 23.81437853633879])
[   43.7s]     !! [F4R1-A] CHECK FAIL: tp fill sh.600729-sell/profit-ztp-2016-12-07-am: price 24.96319691975695 not WAC+mult*sigma0 (WAC 23.054787777067943, sigma0 0.25319691975694836, cands [23.56118161658184, 23.81437853633879])
[   43.7s]     !! [F4R1-A] CHECK FAIL: tp fill sh.600729-sell/profit-ztp-2016-12-07-pm: price 24.96319691975695 not WAC+mult*sigma0 (WAC 23.054787777067943, sigma0 0.25319691975694836, cands [23.56118161658184, 23.81437853633879])
[   43.7s]     !! [F4R1-A] CHECK FAIL: tp fill sh.600729-sell/profit-ztp2-2016-12-07-pm: price 25.2163938395139 not WAC+mult*sigma0 (WAC 23.054787777067943, sigma0 0.25319691975694836, cands [23.56118161658184, 23.81437853633879])
[   43.7s]     !! [F4R1-A] CHECK FAIL: tp fill sh.600073-sell/profit-ztp-2016-12-09-pm: price 11.804927775426453 not WAC+mult*sigma0 (WAC 11.687898133527112, sigma0 0.12328518361763559, cands [11.934468500762383, 12.05775368438002])
[   43.7s]     !! [F4R1-A] CHECK FAIL: tp fill sh.600335-sell/profit-ztp-2016-12-22-am: price 12.344537401274069 not WAC+mult*sigma0 (WAC 14.32971456012413, sigma0 0.14453740127406836, cands [14.618789362672267, 14.763326763946335])
[   43.7s]     !! [F4R1-A] CHECK FAIL: tp fill sh.600335-sell/profit-ztp-2016-12-22-pm: price 12.344537401274069 not WAC+mult*sigma0 (WAC 14.32971456012413, sigma0 0.14453740127406836, cands [14.618789362672267, 14.763326763946335])
[   43.7s]     !! [F4R1-A] CHECK FAIL: tp fill sz.000550-sell/profit-ztp-2017-01-18-am: price 29.894774295605337 not WAC+mult*sigma0 (WAC 33.36826259381235, sigma0 0.46318286373689227, cands [34.29462832128613, 34.75781118502302])
[   43.7s]     !! [F4R1-A] CHECK FAIL: tp fill sz.000550-sell/profit-ztp2-2017-01-18-am: price 30.35795715934223 not WAC+mult*sigma0 (WAC 33.36826259381235, sigma0 0.46318286373689227, cands [34.29462832128613, 34.75781118502302])
[   43.7s]     !! [F4R1-A] CHECK FAIL: tp fill sz.002148-sell/profit-ztp-2017-02-09-am: price 18.93184884697538 not WAC+mult*sigma0 (WAC 18.84024560272907, sigma0 0.35456589798358845, cands [19.549377398696247, 19.903943296679834])
[   43.7s]     !! [F4R1-A] CHECK FAIL: tp fill sz.002148-sell/profit-ztp2-2017-02-09-am: price 19.286414744958968 not WAC+mult*sigma0 (WAC 18.84024560272907, sigma0 0.35456589798358845, cands [19.549377398696247, 19.903943296679834])
[   43.7s]     !! [F4R1-A] CHECK FAIL: tp fill sh.601877-sell/profit-ztp-2017-02-09-pm: price 20.005243699575352 not WAC+mult*sigma0 (WAC 24.094277186164422, sigma0 0.19016246638356843, cands [24.47460211893156, 24.664764585315126])
[   43.7s]     !! [F4R1-A] CHECK FAIL: tp fill sh.601877-sell/profit-ztp-2017-02-10-pm: price 20.005243699575352 not WAC+mult*sigma0 (WAC 24.094277186164422, sigma0 0.19016246638356843, cands [24.47460211893156, 24.664764585315126])
[   43.7s]     !! [F4R1-A] CHECK FAIL: tp fill sh.601877-sell/profit-ztp-2017-02-13-am: price 20.005243699575352 not WAC+mult*sigma0 (WAC 24.094277186164422, sigma0 0.19016246638356843, cands [24.47460211893156, 24.664764585315126])
[   43.7s]     !! [F4R1-A] CHECK FAIL: tp fill sh.600216-sell/profit-ztp-2017-02-14-pm: price 12.160931528105165 not WAC+mult*sigma0 (WAC 12.269276884512294, sigma0 0.16728768540344346, cands [12.60385225531918, 12.771139940722625])
[   43.7s]     !! [F4R1-A] CHECK FAIL: tp fill sh.600216-sell/profit-ztp-2017-02-15-am: price 12.160931528105165 not WAC+mult*sigma0 (WAC 12.269276884512294, sigma0 0.16728768540344346, cands [12.60385225531918, 12.771139940722625])
[   43.7s]     !! [F4R1-A] CHECK FAIL: tp fill sz.002477-sell/profit-ztp-2017-02-20-pm: price 4.972155103228511 not WAC+mult*sigma0 (WAC 5.185927733479369, sigma0 0.04810340215234076, cands [5.28213453778405, 5.330237939936391])
[   43.7s]     !! [F4R1-A] CHECK FAIL: tp fill sz.002477-sell/profit-ztp-2017-02-21-am: price 4.972155103228511 not WAC+mult*sigma0 (WAC 5.185927733479369, sigma0 0.04810340215234076, cands [5.28213453778405, 5.330237939936391])
[   43.7s]     !! [F4R1-A] CHECK FAIL: tp fill sh.600216-sell/profit-ztp-2017-02-21-pm: price 12.160931528105165 not WAC+mult*sigma0 (WAC 12.269276884512294, sigma0 0.16728768540344346, cands [12.60385225531918, 12.771139940722625])
[   43.7s]     !! [F4R1-A] CHECK FAIL: tp fill sz.002477-sell/profit-ztp-2017-02-21-pm: price 4.972155103228511 not WAC+mult*sigma0 (WAC 5.185927733479369, sigma0 0.04810340215234076, cands [5.28213453778405, 5.330237939936391])
[   43.7s]     !! [F4R1-A] CHECK FAIL: tp fill sz.002416-sell/profit-ztp-2017-02-22-am: price 13.62709368418204 not WAC+mult*sigma0 (WAC 14.711016516126543, sigma0 0.3180624561213585, cands [15.34714142836926, 15.66520388449062])
[   43.7s]     !! [F4R1-A] CHECK FAIL: tp fill sh.600216-sell/profit-ztp-2017-02-22-am: price 12.160931528105165 not WAC+mult*sigma0 (WAC 12.269276884512294, sigma0 0.16728768540344346, cands [12.60385225531918, 12.771139940722625])
[   43.7s]     !! [F4R1-A] CHECK FAIL: tp fill sh.601877-sell/profit-ztp2-2017-02-22-am: price 20.19540616595892 not WAC+mult*sigma0 (WAC 24.094277186164422, sigma0 0.19016246638356843, cands [24.47460211893156, 24.664764585315126])
[   43.7s]     !! [F4R1-A] CHECK FAIL: tp fill sh.600563-sell/profit-ztp-2017-02-22-pm: price 36.405145887390866 not WAC+mult*sigma0 (WAC 33.698684467849354, sigma0 0.49676392492724203, cands [34.69221231770384, 35.18897624263108])
[   43.7s]     !! [F4R1-A] CHECK FAIL: tp fill sh.600563-sell/profit-ztp2-2017-02-22-pm: price 36.9019098123181 not WAC+mult*sigma0 (WAC 33.698684467849354, sigma0 0.49676392492724203, cands [34.69221231770384, 35.18897624263108])
[   43.7s]     !! [F4R1-A] CHECK FAIL: tp fill sh.600216-sell/profit-ztp2-2017-02-23-am: price 12.328219213508609 not WAC+mult*sigma0 (WAC 12.269276884512294, sigma0 0.16728768540344346, cands [12.60385225531918, 12.771139940722625])
[   43.7s]     !! [F4R1-A] CHECK FAIL: tp fill sz.002416-sell/profit-ztp-2017-02-23-pm: price 13.62709368418204 not WAC+mult*sigma0 (WAC 14.711016516126543, sigma0 0.3180624561213585, cands [15.34714142836926, 15.66520388449062])
[   43.7s]     !! [F4R1-A] CHECK FAIL: tp fill sz.002477-sell/profit-ztp-2017-02-24-am: price 4.972155103228511 not WAC+mult*sigma0 (WAC 5.185927733479369, sigma0 0.04810340215234076, cands [5.28213453778405, 5.330237939936391])
[   43.7s]     !! [F4R1-A] CHECK FAIL: tp fill sz.002477-sell/profit-ztp-2017-02-24-pm: price 4.972155103228511 not WAC+mult*sigma0 (WAC 5.185927733479369, sigma0 0.04810340215234076, cands [5.28213453778405, 5.330237939936391])
[   43.7s]     !! [F4R1-A] CHECK FAIL: tp fill sz.002477-sell/profit-ztp2-2017-02-24-pm: price 5.020258505380852 not WAC+mult*sigma0 (WAC 5.185927733479369, sigma0 0.04810340215234076, cands [5.28213453778405, 5.330237939936391])
[   43.7s]     !! [F4R1-A] CHECK FAIL: tp fill sh.600053-sell/profit-ztp-2017-03-01-pm: price 42.339349548823094 not WAC+mult*sigma0 (WAC 42.36710030078461, sigma0 0.39289969921539436, cands [43.152899699215396, 43.54579939843079])
[   43.7s]     !! [F4R1-A] CHECK FAIL: tp fill sh.600053-sell/profit-ztp2-2017-03-01-pm: price 42.732249248038485 not WAC+mult*sigma0 (WAC 42.36710030078461, sigma0 0.39289969921539436, cands [43.152899699215396, 43.54579939843079])
[   43.7s]     !! [F4R1-A] CHECK FAIL: tp fill sz.002463-sell/profit-ztp-2017-03-03-pm: price 4.892503540676883 not WAC+mult*sigma0 (WAC 4.976593904899024, sigma0 0.03250354067688314, cands [5.04160098625279, 5.074104526929673])
[   43.7s]     !! [F4R1-A] CHECK FAIL: tp fill sz.002463-sell/profit-ztp-2017-03-06-am: price 4.892503540676883 not WAC+mult*sigma0 (WAC 4.976593904899024, sigma0 0.03250354067688314, cands [5.04160098625279, 5.074104526929673])
[   43.7s]     !! [F4R1-A] CHECK FAIL: tp fill sz.000402-sell/profit-ztp-2017-03-10-pm: price 11.18171551388163 not WAC+mult*sigma0 (WAC 10.690072824064238, sigma0 0.14114367592108612, cands [10.97236017590641, 11.113503851827497])
[   43.7s]     !! [F4R1-A] CHECK FAIL: tp fill sz.000402-sell/profit-ztp-2017-03-13-am: price 11.18171551388163 not WAC+mult*sigma0 (WAC 10.690072824064238, sigma0 0.14114367592108612, cands [10.97236017590641, 11.113503851827497])
[   43.7s]     !! [F4R1-A] CHECK FAIL: tp fill sh.600383-sell/profit-ztp-2017-03-13-pm: price 12.279166048958002 not WAC+mult*sigma0 (WAC 12.053910621335902, sigma0 0.12611069930533514, cands [12.306132019946572, 12.432242719251906])
[   43.7s]     !! [F4R1-A] CHECK FAIL: tp fill sh.600383-sell/profit-ztp2-2017-03-13-pm: price 12.405276748263336 not WAC+mult*sigma0 (WAC 12.053910621335902, sigma0 0.12611069930533514, cands [12.306132019946572, 12.432242719251906])
[   43.7s]     !! [F4R1-A] CHECK FAIL: tp fill sz.000402-sell/profit-ztp-2017-03-13-pm: price 11.18171551388163 not WAC+mult*sigma0 (WAC 10.690072824064238, sigma0 0.14114367592108612, cands [10.97236017590641, 11.113503851827497])
[   43.7s]     !! [F4R1-A] CHECK FAIL: tp fill sz.000402-sell/profit-ztp2-2017-03-13-pm: price 11.322859189802717 not WAC+mult*sigma0 (WAC 10.690072824064238, sigma0 0.14114367592108612, cands [10.97236017590641, 11.113503851827497])
[   43.7s]     !! [F4R1-A] CHECK FAIL: tp fill sz.002588-sell/profit-ztp-2017-04-05-pm: price 10.26789540221523 not WAC+mult*sigma0 (WAC 17.53866483534099, sigma0 0.07859693481015338, cands [17.6958587049613, 17.774455639771453])
[   43.7s]     !! [F4R1-A] CHECK FAIL: tp fill sz.002588-sell/profit-ztp-2017-04-06-pm: price 10.26789540221523 not WAC+mult*sigma0 (WAC 17.53866483534099, sigma0 0.07859693481015338, cands [17.6958587049613, 17.774455639771453])
[   43.7s]     !! [F4R1-A] CHECK FAIL: tp fill sh.600846-sell/profit-ztp-2017-04-12-am: price 9.146518955324021 not WAC+mult*sigma0 (WAC 9.141047274368514, sigma0 0.09151895532402024, cands [9.324085185016555, 9.415604140340575])
[   43.7s]     !! [F4R1-A] CHECK FAIL: tp fill sh.600846-sell/profit-ztp2-2017-04-12-am: price 9.23803791064804 not WAC+mult*sigma0 (WAC 9.141047274368514, sigma0 0.09151895532402024, cands [9.324085185016555, 9.415604140340575])
[   43.7s]     !! [F4R1-A] CHECK FAIL: tp fill sh.601011-sell/profit-ztp-2017-06-07-pm: price 5.614921528545724 not WAC+mult*sigma0 (WAC 5.86425703327473, sigma0 0.1099476856971499, cands [6.084152404669029, 6.194100090366179])
[   43.7s]     !! [F4R1-A] CHECK FAIL: tp fill sz.000951-sell/profit-ztp-2017-06-08-am: price 12.311636116180368 not WAC+mult*sigma0 (WAC 15.50739458132398, sigma0 0.18775741078691235, cands [15.882909402897806, 16.070666813684717])
[   43.7s]     !! [F4R1-A] CHECK FAIL: tp fill sh.601011-sell/profit-ztp-2017-06-08-am: price 5.614921528545724 not WAC+mult*sigma0 (WAC 5.86425703327473, sigma0 0.1099476856971499, cands [6.084152404669029, 6.194100090366179])
[   43.7s]     !! [F4R1-A] CHECK FAIL: tp fill sz.000951-sell/profit-ztp-2017-06-08-pm: price 12.311636116180368 not WAC+mult*sigma0 (WAC 15.50739458132398, sigma0 0.18775741078691235, cands [15.882909402897806, 16.070666813684717])
[   43.7s]     !! [F4R1-A] CHECK FAIL: tp fill sz.000951-sell/profit-ztp2-2017-06-08-pm: price 12.49939352696728 not WAC+mult*sigma0 (WAC 15.50739458132398, sigma0 0.18775741078691235, cands [15.882909402897806, 16.070666813684717])
[   43.7s]     !! [F4R1-A] CHECK FAIL: tp fill sh.601011-sell/profit-ztp-2017-06-12-pm: price 5.614921528545724 not WAC+mult*sigma0 (WAC 5.86425703327473, sigma0 0.1099476856971499, cands [6.084152404669029, 6.194100090366179])
[   43.7s]     !! [F4R1-A] CHECK FAIL: tp fill sh.601011-sell/profit-ztp-2017-06-13-am: price 5.614921528545724 not WAC+mult*sigma0 (WAC 5.86425703327473, sigma0 0.1099476856971499, cands [6.084152404669029, 6.194100090366179])
[   43.7s]     !! [F4R1-A] CHECK FAIL: tp fill sh.601011-sell/profit-ztp-2017-06-13-pm: price 5.614921528545724 not WAC+mult*sigma0 (WAC 5.86425703327473, sigma0 0.1099476856971499, cands [6.084152404669029, 6.194100090366179])
[   43.7s]     !! [F4R1-A] CHECK FAIL: tp fill sh.601011-sell/profit-ztp2-2017-06-13-pm: price 5.724869214242874 not WAC+mult*sigma0 (WAC 5.86425703327473, sigma0 0.1099476856971499, cands [6.084152404669029, 6.194100090366179])
[   43.7s]     !! [F4R1-A] CHECK FAIL: tp fill sz.000525-sell/profit-ztp-2017-06-19-pm: price 17.534737781867612 not WAC+mult*sigma0 (WAC 16.946170476932608, sigma0 0.5098251879117416, cands [17.965820852756092, 18.475646040667833])
[   43.7s]     !! [F4R1-A] CHECK FAIL: tp fill sz.000525-sell/profit-ztp-2017-06-20-am: price 17.534737781867612 not WAC+mult*sigma0 (WAC 16.946170476932608, sigma0 0.5098251879117416, cands [17.965820852756092, 18.475646040667833])
[   43.7s]     !! [F4R1-A] CHECK FAIL: tp fill sz.000525-sell/profit-ztp-2017-06-23-pm: price 17.534737781867612 not WAC+mult*sigma0 (WAC 16.946170476932608, sigma0 0.5098251879117416, cands [17.965820852756092, 18.475646040667833])
[   43.7s]     !! [F4R1-A] CHECK FAIL: tp fill sz.000525-sell/profit-ztp2-2017-06-26-pm: price 18.044562969779353 not WAC+mult*sigma0 (WAC 16.946170476932608, sigma0 0.5098251879117416, cands [17.965820852756092, 18.475646040667833])
[   43.7s]     !! [F4R1-A] CHECK FAIL: tp fill sz.002543-sell/profit-ztp-2017-07-06-am: price 25.25015553315173 not WAC+mult*sigma0 (WAC 20.29689174022709, sigma0 0.4534370221011536, cands [21.203765784429397, 21.65720280653055])
[   43.7s]     !! [F4R1-A] CHECK FAIL: tp fill sh.600523-sell/profit-ztp-2017-07-06-pm: price 18.962800986353418 not WAC+mult*sigma0 (WAC 17.598469813840477, sigma0 0.24186732423561225, cands [18.0822044623117, 18.324071786547314])
[   43.7s]     !! [F4R1-A] CHECK FAIL: tp fill sh.600523-sell/profit-ztp2-2017-07-06-pm: price 19.20466831058903 not WAC+mult*sigma0 (WAC 17.598469813840477, sigma0 0.24186732423561225, cands [18.0822044623117, 18.324071786547314])
[   43.7s]     !! [F4R1-A] CHECK FAIL: tp fill sz.002543-sell/profit-ztp-2017-07-10-pm: price 25.25015553315173 not WAC+mult*sigma0 (WAC 20.29689174022709, sigma0 0.4534370221011536, cands [21.203765784429397, 21.65720280653055])
[   43.7s]     !! [F4R1-A] CHECK FAIL: tp fill sz.002123-sell/profit-ztp-2017-08-17-am: price 10.804538086141621 not WAC+mult*sigma0 (WAC 11.457706699756967, sigma0 0.2830253907610801, cands [12.023757481279127, 12.306782872040207])
[   43.7s]     !! [F4R1-A] CHECK FAIL: tp fill sz.000800-sell/profit-ztp-2017-08-18-am: price 10.44835564531381 not WAC+mult*sigma0 (WAC 10.165003413176352, sigma0 0.19890376354253966, cands [10.562810940261432, 10.761714703803971])
[   43.7s]     !! [F4R1-A] CHECK FAIL: tp fill sz.000800-sell/profit-ztp-2017-08-18-pm: price 10.44835564531381 not WAC+mult*sigma0 (WAC 10.165003413176352, sigma0 0.19890376354253966, cands [10.562810940261432, 10.761714703803971])
[   43.7s]     !! [F4R1-A] CHECK FAIL: tp fill sz.002123-sell/profit-ztp-2017-08-18-pm: price 10.804538086141621 not WAC+mult*sigma0 (WAC 11.457706699756967, sigma0 0.2830253907610801, cands [12.023757481279127, 12.306782872040207])
[   43.7s]     !! [F4R1-A] CHECK FAIL: tp fill sz.000800-sell/profit-ztp-2017-08-21-am: price 10.44835564531381 not WAC+mult*sigma0 (WAC 10.165003413176352, sigma0 0.19890376354253966, cands [10.562810940261432, 10.761714703803971])
[   43.7s]     !! [F4R1-A] CHECK FAIL: tp fill sz.000800-sell/profit-ztp2-2017-08-21-am: price 10.64725940885635 not WAC+mult*sigma0 (WAC 10.165003413176352, sigma0 0.19890376354253966, cands [10.562810940261432, 10.761714703803971])
[   43.7s]     !! [F4R1-A] CHECK FAIL: tp fill sz.002123-sell/profit-ztp-2017-08-21-am: price 10.804538086141621 not WAC+mult*sigma0 (WAC 11.457706699756967, sigma0 0.2830253907610801, cands [12.023757481279127, 12.306782872040207])
[   43.7s]     !! [F4R1-A] CHECK FAIL: tp fill sz.002123-sell/profit-ztp-2017-08-21-pm: price 10.804538086141621 not WAC+mult*sigma0 (WAC 11.457706699756967, sigma0 0.2830253907610801, cands [12.023757481279127, 12.306782872040207])
[   43.7s]     !! [F4R1-A] CHECK FAIL: tp fill sz.002123-sell/profit-ztp2-2017-08-31-am: price 11.087563476902702 not WAC+mult*sigma0 (WAC 11.457706699756967, sigma0 0.2830253907610801, cands [12.023757481279127, 12.306782872040207])
[   43.7s]     !! [F4R1-A] CHECK FAIL: tp fill sh.601222-sell/profit-ztp-2017-09-04-pm: price 8.230715524178258 not WAC+mult*sigma0 (WAC 15.257539679084951, sigma0 0.12047701611883861, cands [15.498493711322629, 15.618970727441468])
[   43.7s]     !! [F4R1-A] CHECK FAIL: tp fill sh.601222-sell/profit-ztp-2017-09-08-am: price 8.230715524178258 not WAC+mult*sigma0 (WAC 15.257539679084951, sigma0 0.12047701611883861, cands [15.498493711322629, 15.618970727441468])
[   43.7s]     !! [F4R1-A] CHECK FAIL: tp fill sh.601222-sell/profit-ztp-2017-09-08-pm: price 8.230715524178258 not WAC+mult*sigma0 (WAC 15.257539679084951, sigma0 0.12047701611883861, cands [15.498493711322629, 15.618970727441468])
[   43.7s]     !! [F4R1-A] CHECK FAIL: tp fill sh.601222-sell/profit-ztp2-2017-09-08-pm: price 8.351192540297097 not WAC+mult*sigma0 (WAC 15.257539679084951, sigma0 0.12047701611883861, cands [15.498493711322629, 15.618970727441468])
[   43.7s]     !! [F4R1-A] CHECK FAIL: tp fill sh.601588-sell/profit-ztp-2017-09-13-pm: price 6.392313095457853 not WAC+mult*sigma0 (WAC 6.296791269694764, sigma0 0.06820873030523536, cands [6.4332087303052345, 6.50141746061047])
[   43.7s]     !! [F4R1-A] CHECK FAIL: tp fill sh.601588-sell/profit-ztp2-2017-09-13-pm: price 6.460521825763088 not WAC+mult*sigma0 (WAC 6.296791269694764, sigma0 0.06820873030523536, cands [6.4332087303052345, 6.50141746061047])
[   43.7s]     !! [F4R1-A] CHECK FAIL: tp fill sh.600062-sell/profit-ztp-2017-10-10-pm: price 21.69336172805854 not WAC+mult*sigma0 (WAC 19.910375022470483, sigma0 0.23557448537236098, cands [20.381523993215204, 20.617098478587565])
[   43.7s]     !! [F4R1-A] CHECK FAIL: tp fill sh.600062-sell/profit-ztp2-2017-10-10-pm: price 21.9289362134309 not WAC+mult*sigma0 (WAC 19.910375022470483, sigma0 0.23557448537236098, cands [20.381523993215204, 20.617098478587565])
[   43.7s]     !! [F4R1-A] CHECK FAIL: tp fill sz.002258-sell/profit-ztp-2017-10-12-pm: price 12.854234198964123 not WAC+mult*sigma0 (WAC 15.087963152713321, sigma0 0.12282279930941649, cands [15.333608751332154, 15.456431550641572])
[   43.7s]     !! [F4R1-A] CHECK FAIL: tp fill sz.002258-sell/profit-ztp2-2017-10-12-pm: price 12.97705699827354 not WAC+mult*sigma0 (WAC 15.087963152713321, sigma0 0.12282279930941649, cands [15.333608751332154, 15.456431550641572])
[   43.7s]     !! [F4R1-A] CHECK FAIL: tp fill sh.603858-sell/profit-ztp-2017-10-17-pm: price 70.42815598604679 not WAC+mult*sigma0 (WAC 69.44870044100138, sigma0 0.49815598604676664, cands [70.44501241309491, 70.94316839914168])
[   43.7s]     !! [F4R1-A] CHECK FAIL: tp fill sh.603858-sell/profit-ztp2-2017-10-18-am: price 70.92631197209356 not WAC+mult*sigma0 (WAC 69.44870044100138, sigma0 0.49815598604676664, cands [70.44501241309491, 70.94316839914168])
[   43.7s]     !! [F4R1-A] CHECK FAIL: tp fill sh.603816-sell/profit-ztp-2017-10-19-pm: price 54.741524146919815 not WAC+mult*sigma0 (WAC 53.8564141738567, sigma0 0.5543494312798829, cands [54.96511303641646, 55.51946246769635])
[   43.7s]     !! [F4R1-A] CHECK FAIL: tp fill sh.603816-sell/profit-ztp-2017-10-25-am: price 54.904349431279876 not WAC+mult*sigma0 (WAC 53.8564141738567, sigma0 0.5543494312798829, cands [54.96511303641646, 55.51946246769635])
[   43.7s]     !! [F4R1-A] CHECK FAIL: tp fill sh.603816-sell/profit-ztp2-2017-10-25-am: price 55.458698862559764 not WAC+mult*sigma0 (WAC 53.8564141738567, sigma0 0.5543494312798829, cands [54.96511303641646, 55.51946246769635])
[   43.7s]     !! [F4R1-A] CHECK FAIL: tp fill sh.601898-sell/profit-ztp-2017-11-08-pm: price 5.949640813994973 not WAC+mult*sigma0 (WAC 5.5321437583834445, sigma0 0.0664272093299824, cands [5.664998177043409, 5.731425386373392])
[   43.7s]     !! [F4R1-A] CHECK FAIL: tp fill sh.601898-sell/profit-ztp-2017-11-09-am: price 5.949640813994973 not WAC+mult*sigma0 (WAC 5.641245509229115, sigma0 0.0664272093299824, cands [5.77409992788908, 5.840527137219063])
[   43.7s]     !! [F4R1-A] CHECK FAIL: tp fill sz.002648-sell/profit-ztp-2017-11-14-am: price 14.857799525110222 not WAC+mult*sigma0 (WAC 10.792733055199635, sigma0 0.3127995251102221, cands [11.41833210542008, 11.731131630530301])
[   43.7s]     !! [F4R1-A] CHECK FAIL: tp fill sz.002648-sell/profit-ztp-2017-11-14-pm: price 14.857799525110222 not WAC+mult*sigma0 (WAC 10.792733055199635, sigma0 0.3127995251102221, cands [11.41833210542008, 11.731131630530301])
[   43.7s]     !! [F4R1-A] CHECK FAIL: tp fill sz.002648-sell/profit-ztp-2017-11-16-am: price 14.857799525110222 not WAC+mult*sigma0 (WAC 10.792733055199635, sigma0 0.3127995251102221, cands [11.41833210542008, 11.731131630530301])
[   43.7s]     !! [F4R1-A] CHECK FAIL: tp fill sz.002648-sell/profit-ztp-2017-11-16-pm: price 14.857799525110222 not WAC+mult*sigma0 (WAC 10.792733055199635, sigma0 0.3127995251102221, cands [11.41833210542008, 11.731131630530301])
[   43.7s]     !! [F4R1-A] CHECK FAIL: tp fill sh.600075-sell/profit-ztp-2017-11-23-am: price 8.012744715731218 not WAC+mult*sigma0 (WAC 9.951043594976422, sigma0 0.1284964771541456, cands [10.208036549284714, 10.33653302643886])
[   43.7s]     !! [F4R1-A] CHECK FAIL: tp fill sh.600997-sell/profit-ztp-2017-11-24-pm: price 6.073987550588216 not WAC+mult*sigma0 (WAC 6.764969541857893, sigma0 0.1426583670588105, cands [7.050286275975513, 7.192944643034324])
[   43.7s]     !! [F4R1-A] CHECK FAIL: tp fill sh.600997-sell/profit-ztp-2017-11-28-am: price 6.073987550588216 not WAC+mult*sigma0 (WAC 6.764969541857893, sigma0 0.1426583670588105, cands [7.050286275975513, 7.192944643034324])
[   43.7s]     !! [F4R1-A] CHECK FAIL: tp fill sh.600075-sell/profit-ztp-2017-11-28-am: price 8.012744715731218 not WAC+mult*sigma0 (WAC 9.951043594976422, sigma0 0.1284964771541456, cands [10.208036549284714, 10.33653302643886])
[   43.7s]     !! [F4R1-A] CHECK FAIL: tp fill sh.600997-sell/profit-ztp-2017-11-28-pm: price 6.073987550588216 not WAC+mult*sigma0 (WAC 6.764969541857893, sigma0 0.1426583670588105, cands [7.050286275975513, 7.192944643034324])
[   43.7s]     !! [F4R1-A] CHECK FAIL: tp fill sh.600997-sell/profit-ztp2-2017-11-28-pm: price 6.216645917647027 not WAC+mult*sigma0 (WAC 6.764969541857893, sigma0 0.1426583670588105, cands [7.050286275975513, 7.192944643034324])
[   43.7s]     !! [F4R1-A] CHECK FAIL: tp fill sh.600075-sell/profit-ztp-2017-11-28-pm: price 8.012744715731218 not WAC+mult*sigma0 (WAC 9.951043594976422, sigma0 0.1284964771541456, cands [10.208036549284714, 10.33653302643886])
[   43.7s]     !! [F4R1-A] CHECK FAIL: tp fill sh.600075-sell/profit-ztp-2017-11-29-am: price 8.012744715731218 not WAC+mult*sigma0 (WAC 9.951043594976422, sigma0 0.1284964771541456, cands [10.208036549284714, 10.33653302643886])
[   43.7s]     !! [F4R1-A] CHECK FAIL: tp fill sh.600075-sell/profit-ztp2-2017-11-29-am: price 8.141241192885364 not WAC+mult*sigma0 (WAC 9.951043594976422, sigma0 0.1284964771541456, cands [10.208036549284714, 10.33653302643886])
[   43.7s]     !! [F4R1-A] CHECK FAIL: tp fill sz.002567-sell/profit-ztp-2017-12-05-pm: price 7.46365114668612 not WAC+mult*sigma0 (WAC 9.224517244797166, sigma0 0.10910076445741321, cands [9.442718773711993, 9.551819538169406])
[   43.7s]     !! [F4R1-A] CHECK FAIL: tp fill sz.002567-sell/profit-ztp2-2017-12-05-pm: price 7.572751911143533 not WAC+mult*sigma0 (WAC 9.224517244797166, sigma0 0.10910076445741321, cands [9.442718773711993, 9.551819538169406])
[   43.7s]     !! [F4R1-A] CHECK FAIL: tp fill sh.600177-sell/profit-ztp-2018-01-04-pm: price 9.458735109221942 not WAC+mult*sigma0 (WAC 9.275341914837158, sigma0 0.07249007281462787, cands [9.420322060466415, 9.492812133281042])
[   43.7s]     !! [F4R1-A] CHECK FAIL: tp fill sh.600177-sell/profit-ztp2-2018-01-04-pm: price 9.53122518203657 not WAC+mult*sigma0 (WAC 9.275341914837158, sigma0 0.07249007281462787, cands [9.420322060466415, 9.492812133281042])
[   43.7s]     !! [F4R1-A] CHECK FAIL: tp fill sh.600729-sell/profit-ztp-2018-01-11-pm: price 25.72762092536507 not WAC+mult*sigma0 (WAC 23.47423999223901, sigma0 0.44508061691004924, cands [24.36440122605911, 24.80948184296916])
[   43.7s]     !! [F4R1-A] CHECK FAIL: tp fill sh.600729-sell/profit-ztp-2018-01-12-am: price 25.72762092536507 not WAC+mult*sigma0 (WAC 23.47423999223901, sigma0 0.44508061691004924, cands [24.36440122605911, 24.80948184296916])
[   43.7s]     !! [F4R1-A] CHECK FAIL: tp fill sh.600729-sell/profit-ztp2-2018-01-12-am: price 26.17270154227512 not WAC+mult*sigma0 (WAC 23.47423999223901, sigma0 0.44508061691004924, cands [24.36440122605911, 24.80948184296916])
[   43.7s]     !! [F4R1-A] CHECK FAIL: tp fill sh.601898-sell/profit-ztp-2018-01-16-pm: price 6.0557679537342946 not WAC+mult*sigma0 (WAC 5.755528533801585, sigma0 0.06576795373429332, cands [5.887064441270172, 5.9528323950044655])
[   43.7s]     !! [F4R1-A] CHECK FAIL: tp fill sh.601898-sell/profit-ztp2-2018-01-16-pm: price 6.121535907468588 not WAC+mult*sigma0 (WAC 5.755528533801585, sigma0 0.06576795373429332, cands [5.887064441270172, 5.9528323950044655])
[   43.7s]     !! [F4R1-A] CHECK FAIL: tp fill sh.600742-sell/profit-ztp-2018-01-17-pm: price 17.577210368092604 not WAC+mult*sigma0 (WAC 24.918794354341912, sigma0 0.29221036809260403, cands [25.50321509052712, 25.795425458619725])
[   43.7s]     !! [F4R1-A] CHECK FAIL: tp fill sh.600742-sell/profit-ztp-2018-01-22-am: price 17.577210368092604 not WAC+mult*sigma0 (WAC 24.918794354341912, sigma0 0.29221036809260403, cands [25.50321509052712, 25.795425458619725])
[   43.7s]     !! [F4R1-A] CHECK FAIL: tp fill sh.600742-sell/profit-ztp-2018-01-22-pm: price 17.577210368092604 not WAC+mult*sigma0 (WAC 24.918794354341912, sigma0 0.29221036809260403, cands [25.50321509052712, 25.795425458619725])
[   43.7s]     !! [F4R1-A] CHECK FAIL: tp fill sz.002051-sell/profit-ztp-2018-01-30-pm: price 19.01877339059209 not WAC+mult*sigma0 (WAC 18.465817739605274, sigma0 0.2991822603947259, cands [19.064182260394727, 19.363364520789453])
[   43.7s]     !! [F4R1-A] CHECK FAIL: tp fill sh.603328-sell/profit-ztp-2018-02-05-am: price 12.717419688091855 not WAC+mult*sigma0 (WAC 12.4016868483198, sigma0 0.27741968809185674, cands [12.956526224503513, 13.23394591259537])
[   43.7s]     !! [F4R1-A] CHECK FAIL: tp fill sh.603328-sell/profit-ztp-2018-02-07-pm: price 12.717419688091855 not WAC+mult*sigma0 (WAC 12.4016868483198, sigma0 0.27741968809185674, cands [12.956526224503513, 13.23394591259537])
[   43.7s]     !! [F4R1-A] CHECK FAIL: tp fill sh.603328-sell/profit-ztp-2018-02-08-am: price 12.717419688091855 not WAC+mult*sigma0 (WAC 12.4016868483198, sigma0 0.27741968809185674, cands [12.956526224503513, 13.23394591259537])
[   43.7s]     !! [F4R1-A] CHECK FAIL: tp fill sh.603328-sell/profit-ztp-2018-02-08-pm: price 12.717419688091855 not WAC+mult*sigma0 (WAC 12.4016868483198, sigma0 0.27741968809185674, cands [12.956526224503513, 13.23394591259537])
[   43.7s]     !! [F4R1-A] CHECK FAIL: tp fill sh.603328-sell/profit-ztp-2018-02-09-pm: price 12.717419688091855 not WAC+mult*sigma0 (WAC 12.4016868483198, sigma0 0.27741968809185674, cands [12.956526224503513, 13.23394591259537])
[   43.7s]     !! [F4R1-A] CHECK FAIL: tp fill sh.603328-sell/profit-ztp2-2018-02-12-pm: price 12.994839376183712 not WAC+mult*sigma0 (WAC 12.4016868483198, sigma0 0.27741968809185674, cands [12.956526224503513, 13.23394591259537])
[   43.7s]     !! [F4R1-A] CHECK FAIL: tp fill sz.002536-sell/profit-ztp-2018-02-22-pm: price 13.832283343161867 not WAC+mult*sigma0 (WAC 13.696937486490206, sigma0 0.23183334737409347, cands [14.160604181238394, 14.392437528612486])
[   43.7s]     !! [F4R1-A] CHECK FAIL: tp fill sz.002536-sell/profit-ztp-2018-02-23-pm: price 13.832283343161867 not WAC+mult*sigma0 (WAC 13.696937486490206, sigma0 0.23183334737409347, cands [14.160604181238394, 14.392437528612486])
[   43.7s]     !! [F4R1-A] CHECK FAIL: tp fill sz.002536-sell/profit-ztp-2018-02-26-am: price 13.832283343161867 not WAC+mult*sigma0 (WAC 13.696937486490206, sigma0 0.23183334737409347, cands [14.160604181238394, 14.392437528612486])
[   43.7s]     !! [F4R1-A] CHECK FAIL: tp fill sz.002536-sell/profit-ztp-2018-02-26-pm: price 13.832283343161867 not WAC+mult*sigma0 (WAC 13.696937486490206, sigma0 0.23183334737409347, cands [14.160604181238394, 14.392437528612486])
[   43.7s]     !! [F4R1-A] CHECK FAIL: tp fill sz.002536-sell/profit-ztp2-2018-02-26-pm: price 14.06411669053596 not WAC+mult*sigma0 (WAC 13.696937486490206, sigma0 0.23183334737409347, cands [14.160604181238394, 14.392437528612486])
[   43.7s]     !! [F4R1-A] CHECK FAIL: tp fill sh.600120-sell/profit-ztp-2018-03-05-am: price 21.904924298605025 not WAC+mult*sigma0 (WAC 21.773937107018398, sigma0 0.7699495324033495, cands [23.3138361718251, 24.083785704228447])
[   43.7s]     !! [F4R1-A] CHECK FAIL: tp fill sh.600120-sell/profit-ztp-2018-03-05-pm: price 21.904924298605025 not WAC+mult*sigma0 (WAC 21.773937107018398, sigma0 0.7699495324033495, cands [23.3138361718251, 24.083785704228447])
[   43.7s]     !! [F4R1-A] CHECK FAIL: tp fill sh.600120-sell/profit-ztp-2018-03-06-am: price 21.904924298605025 not WAC+mult*sigma0 (WAC 21.773937107018398, sigma0 0.7699495324033495, cands [23.3138361718251, 24.083785704228447])
[   43.7s]     !! [F4R1-A] CHECK FAIL: tp fill sh.600120-sell/profit-ztp2-2018-03-06-pm: price 22.674873831008373 not WAC+mult*sigma0 (WAC 21.773937107018398, sigma0 0.7699495324033495, cands [23.3138361718251, 24.083785704228447])
[   43.7s]     !! [F4R1-A] CHECK FAIL: tp fill sz.000990-sell/profit-ztp-2018-03-08-pm: price 16.647033704887214 not WAC+mult*sigma0 (WAC 16.14290437742603, sigma0 0.3646891365914732, cands [16.872282650608977, 17.236971787200453])
[   43.7s]     !! [F4R1-A] CHECK FAIL: tp fill sz.000990-sell/profit-ztp-2018-03-09-am: price 16.647033704887214 not WAC+mult*sigma0 (WAC 16.14290437742603, sigma0 0.3646891365914732, cands [16.872282650608977, 17.236971787200453])
[   43.7s]     !! [F4R1-A] CHECK FAIL: tp fill sz.000990-sell/profit-ztp-2018-03-09-pm: price 16.647033704887214 not WAC+mult*sigma0 (WAC 16.14290437742603, sigma0 0.3646891365914732, cands [16.872282650608977, 17.236971787200453])
[   43.7s]     !! [F4R1-A] CHECK FAIL: tp fill sh.601238-sell/profit-ztp-2018-03-09-pm: price 22.48294849611046 not WAC+mult*sigma0 (WAC 22.061899836110932, sigma0 0.6686323307403066, cands [23.399164497591546, 24.06779682833185])
[   43.7s]     !! [F4R1-A] CHECK FAIL: tp fill sh.601238-sell/profit-ztp-2018-03-12-am: price 22.48294849611046 not WAC+mult*sigma0 (WAC 22.061899836110932, sigma0 0.6686323307403066, cands [23.399164497591546, 24.06779682833185])
[   43.7s]     !! [F4R1-A] CHECK FAIL: tp fill sh.601238-sell/profit-ztp-2018-03-12-pm: price 22.48294849611046 not WAC+mult*sigma0 (WAC 22.061899836110932, sigma0 0.6686323307403066, cands [23.399164497591546, 24.06779682833185])
[   43.7s]     !! [F4R1-A] CHECK FAIL: tp fill sh.601238-sell/profit-ztp2-2018-03-12-pm: price 23.151580826850765 not WAC+mult*sigma0 (WAC 22.061899836110932, sigma0 0.6686323307403066, cands [23.399164497591546, 24.06779682833185])
[   43.7s]     !! [F4R1-A] CHECK FAIL: tp fill sh.600737-sell/profit-ztp-2018-03-14-pm: price 7.7129604237586875 not WAC+mult*sigma0 (WAC 8.200457674855334, sigma0 0.19530694917245817, cands [8.591071573200251, 8.78637852237271])
[   43.7s]     !! [F4R1-A] CHECK FAIL: tp fill sh.600737-sell/profit-ztp-2018-03-15-am: price 7.7129604237586875 not WAC+mult*sigma0 (WAC 8.200457674855334, sigma0 0.19530694917245817, cands [8.591071573200251, 8.78637852237271])
[   43.7s]     !! [F4R1-A] CHECK FAIL: tp fill sh.600737-sell/profit-ztp2-2018-03-15-am: price 7.908267372931145 not WAC+mult*sigma0 (WAC 8.200457674855334, sigma0 0.19530694917245817, cands [8.591071573200251, 8.78637852237271])
[   43.7s]     !! [F4R1-A] CHECK FAIL: tp fill sh.600963-sell/profit-ztp-2018-04-09-pm: price 6.189982627083375 not WAC+mult*sigma0 (WAC 6.509014444285244, sigma0 0.13332175138891691, cands [6.775657947063078, 6.9089796984519944])
[   43.7s]     !! [F4R1-A] CHECK FAIL: tp fill sh.600177-sell/profit-ztp-2018-04-09-pm: price 8.6270192282683 not WAC+mult*sigma0 (WAC 8.981815165957528, sigma0 0.08467948551219943, cands [9.151174136981927, 9.235853622494126])
[   43.7s]     !! [F4R1-A] CHECK FAIL: tp fill sh.600177-sell/profit-ztp2-2018-04-09-pm: price 8.711698713780498 not WAC+mult*sigma0 (WAC 8.981815165957528, sigma0 0.08467948551219943, cands [9.151174136981927, 9.235853622494126])
[   43.7s]     !! [F4R1-A] CHECK FAIL: tp fill sh.600963-sell/profit-ztp-2018-04-10-am: price 6.189982627083375 not WAC+mult*sigma0 (WAC 6.509014444285244, sigma0 0.13332175138891691, cands [6.775657947063078, 6.9089796984519944])
[   43.7s]     !! [F4R1-A] CHECK FAIL: tp fill sh.601186-sell/profit-ztp-2018-04-10-am: price 10.074889355093715 not WAC+mult*sigma0 (WAC 11.17595870727908, sigma0 0.12992623672914305, cands [11.435811180737366, 11.565737417466508])
[   43.7s]     !! [F4R1-A] CHECK FAIL: tp fill sh.600963-sell/profit-ztp-2018-04-10-pm: price 6.189982627083375 not WAC+mult*sigma0 (WAC 6.509014444285244, sigma0 0.13332175138891691, cands [6.775657947063078, 6.9089796984519944])
[   43.7s]     !! [F4R1-A] CHECK FAIL: tp fill sh.600963-sell/profit-ztp2-2018-04-10-pm: price 6.323304378472292 not WAC+mult*sigma0 (WAC 6.509014444285244, sigma0 0.13332175138891691, cands [6.775657947063078, 6.9089796984519944])
[   43.7s]     !! [F4R1-A] CHECK FAIL: tp fill sh.601186-sell/profit-ztp-2018-04-10-pm: price 10.074889355093715 not WAC+mult*sigma0 (WAC 11.17595870727908, sigma0 0.12992623672914305, cands [11.435811180737366, 11.565737417466508])
[   43.7s]     !! [F4R1-A] CHECK FAIL: tp fill sh.601186-sell/profit-ztp-2018-04-11-am: price 10.074889355093715 not WAC+mult*sigma0 (WAC 11.17595870727908, sigma0 0.12992623672914305, cands [11.435811180737366, 11.565737417466508])
[   43.7s]     !! [F4R1-A] CHECK FAIL: tp fill sh.600668-sell/profit-ztp-2018-05-03-pm: price 14.18525056820636 not WAC+mult*sigma0 (WAC 15.552835833274141, sigma0 0.23016704547090716, cands [16.013169924215955, 16.24333696968686])
[   43.7s]     !! [F4R1-A] CHECK FAIL: tp fill sh.600668-sell/profit-ztp-2018-05-04-am: price 14.18525056820636 not WAC+mult*sigma0 (WAC 15.552835833274141, sigma0 0.23016704547090716, cands [16.013169924215955, 16.24333696968686])
[   43.7s]     !! [F4R1-A] CHECK FAIL: tp fill sh.600668-sell/profit-ztp-2018-05-04-pm: price 14.18525056820636 not WAC+mult*sigma0 (WAC 15.552835833274141, sigma0 0.23016704547090716, cands [16.013169924215955, 16.24333696968686])
[   43.7s]     !! [F4R1-A] CHECK FAIL: tp fill sh.600668-sell/profit-ztp2-2018-05-04-pm: price 14.415417613677269 not WAC+mult*sigma0 (WAC 15.552835833274141, sigma0 0.23016704547090716, cands [16.013169924215955, 16.24333696968686])
[   43.7s]     !! [F4R1-A] CHECK FAIL: tp fill sz.002061-sell/profit-ztp-2018-05-07-am: price 12.215982650811247 not WAC+mult*sigma0 (WAC 12.170337631714906, sigma0 0.22398843387416337, cands [12.618314499463233, 12.842302933337397])
[   43.7s]     !! [F4R1-A] CHECK FAIL: tp fill sz.002061-sell/profit-ztp2-2018-05-07-am: price 12.43997108468541 not WAC+mult*sigma0 (WAC 12.170337631714906, sigma0 0.22398843387416337, cands [12.618314499463233, 12.842302933337397])
[   43.7s]     !! [F4R1-A] CHECK FAIL: tp fill sz.000951-sell/profit-ztp-2018-05-10-pm: price 13.620063506219177 not WAC+mult*sigma0 (WAC 14.85747736432384, sigma0 0.1900635062191787, cands [15.237604376762198, 15.427667882981376])
[   43.7s]     !! [F4R1-A] CHECK FAIL: tp fill sz.000951-sell/profit-ztp2-2018-05-10-pm: price 13.810127012438356 not WAC+mult*sigma0 (WAC 14.85747736432384, sigma0 0.1900635062191787, cands [15.237604376762198, 15.427667882981376])
[   43.7s]     !! [F4R1-A] CHECK FAIL: tp fill sz.000800-sell/profit-ztp-2018-05-10-pm: price 9.389503674206395 not WAC+mult*sigma0 (WAC 9.621425326002182, sigma0 0.1445036742063963, cands [9.910432674414974, 10.054936348621371])
[   43.7s]     !! [F4R1-A] CHECK FAIL: tp fill sz.000800-sell/profit-ztp2-2018-05-10-pm: price 9.534007348412793 not WAC+mult*sigma0 (WAC 9.621425326002182, sigma0 0.1445036742063963, cands [9.910432674414974, 10.054936348621371])
[   43.7s]     !! [F4R1-A] CHECK FAIL: tp fill sz.000778-sell/profit-ztp-2018-05-16-am: price 4.7515294669921175 not WAC+mult*sigma0 (WAC 5.252435500607025, sigma0 0.06101964466141161, cands [5.374474789929849, 5.43549443459126])
[   43.7s]     !! [F4R1-A] CHECK FAIL: tp fill sz.000778-sell/profit-ztp-2018-05-17-am: price 4.7515294669921175 not WAC+mult*sigma0 (WAC 5.252435500607025, sigma0 0.06101964466141161, cands [5.374474789929849, 5.43549443459126])
[   43.7s]     !! [F4R1-A] CHECK FAIL: tp fill sz.000778-sell/profit-ztp2-2018-05-17-am: price 4.812549111653529 not WAC+mult*sigma0 (WAC 5.252435500607025, sigma0 0.06101964466141161, cands [5.374474789929849, 5.43549443459126])
[   43.7s]     !! [F4R1-A] CHECK FAIL: tp fill sz.000937-sell/profit-ztp-2018-05-18-pm: price 4.8717297326272355 not WAC+mult*sigma0 (WAC 5.651256244434359, sigma0 0.07271779905872144, cands [5.796691842551802, 5.869409641610523])
[   43.7s]     !! [F4R1-A] CHECK FAIL: tp fill sz.000937-sell/profit-ztp-2018-05-21-am: price 4.8717297326272355 not WAC+mult*sigma0 (WAC 5.651256244434359, sigma0 0.07271779905872144, cands [5.796691842551802, 5.869409641610523])
[   43.7s]     !! [F4R1-A] CHECK FAIL: tp fill sz.000937-sell/profit-ztp-2018-05-21-pm: price 4.8717297326272355 not WAC+mult*sigma0 (WAC 5.651256244434359, sigma0 0.07271779905872144, cands [5.796691842551802, 5.869409641610523])
[   43.7s]     !! [F4R1-A] CHECK FAIL: tp fill sz.000937-sell/profit-ztp-2018-05-22-am: price 4.8717297326272355 not WAC+mult*sigma0 (WAC 5.651256244434359, sigma0 0.07271779905872144, cands [5.796691842551802, 5.869409641610523])
[   43.7s]     !! [F4R1-A] CHECK FAIL: tp fill sh.600875-sell/profit-ztp-2018-05-22-am: price 9.28170752808932 not WAC+mult*sigma0 (WAC 9.315631042153552, sigma0 0.10780501872621441, cands [9.53124107960598, 9.639046098332194])
[   43.7s]     !! [F4R1-A] CHECK FAIL: tp fill sz.000937-sell/profit-ztp-2018-05-22-pm: price 4.8717297326272355 not WAC+mult*sigma0 (WAC 5.651256244434359, sigma0 0.07271779905872144, cands [5.796691842551802, 5.869409641610523])
[   43.7s]     !! [F4R1-A] CHECK FAIL: tp fill sz.000951-sell/profit-ztp-2018-06-01-pm: price 13.037079240386158 not WAC+mult*sigma0 (WAC 14.58326538996393, sigma0 0.27805282692410455, cands [15.13937104381214, 15.417423870736243])
[   43.7s]     !! [F4R1-A] CHECK FAIL: tp fill sz.000951-sell/profit-ztp-2018-06-04-am: price 13.037079240386158 not WAC+mult*sigma0 (WAC 14.58326538996393, sigma0 0.27805282692410455, cands [15.13937104381214, 15.417423870736243])
[   43.7s]     !! [F4R1-A] CHECK FAIL: tp fill sz.000951-sell/profit-ztp2-2018-06-04-am: price 13.31513206731026 not WAC+mult*sigma0 (WAC 14.58326538996393, sigma0 0.27805282692410455, cands [15.13937104381214, 15.417423870736243])
[   43.7s]     !! [F4R1-A] CHECK FAIL: tp fill sz.002365-sell/profit-ztp-2018-07-11-pm: price 15.239126153063083 not WAC+mult*sigma0 (WAC 15.89932887773808, sigma0 0.43941743537538924, cands [16.778163748488858, 17.217581183864247])
[   43.7s]     !! [F4R1-A] CHECK FAIL: tp fill sz.002365-sell/profit-ztp-2018-07-12-am: price 15.239126153063083 not WAC+mult*sigma0 (WAC 15.89932887773808, sigma0 0.43941743537538924, cands [16.778163748488858, 17.217581183864247])
[   43.7s]     !! [F4R1-A] CHECK FAIL: tp fill sz.002365-sell/profit-ztp-2018-07-12-pm: price 15.239126153063083 not WAC+mult*sigma0 (WAC 15.89932887773808, sigma0 0.43941743537538924, cands [16.778163748488858, 17.217581183864247])
[   43.7s]     !! [F4R1-A] CHECK FAIL: tp fill sz.002365-sell/profit-ztp2-2018-07-12-pm: price 15.678543588438473 not WAC+mult*sigma0 (WAC 15.89932887773808, sigma0 0.43941743537538924, cands [16.778163748488858, 17.217581183864247])
[   43.7s]     !! [F4R1-A] CHECK FAIL: tp fill sh.600846-sell/profit-ztp-2018-07-17-pm: price 7.760960528647646 not WAC+mult*sigma0 (WAC 8.750894930038573, sigma0 0.20730701909843038, cands [9.165508968235434, 9.372815987333864])
[   43.7s]     !! [F4R1-A] CHECK FAIL: tp fill sz.000800-sell/profit-ztp-2018-07-17-pm: price 7.767769172194954 not WAC+mult*sigma0 (WAC 9.060776523566577, sigma0 0.23184611479663594, cands [9.52446875315985, 9.756314867956485])
[   43.7s]     !! [F4R1-A] CHECK FAIL: tp fill sh.601011-sell/profit-ztp-2018-07-17-pm: price 6.252014156721926 not WAC+mult*sigma0 (WAC 5.880524928562553, sigma0 0.16134277114795054, cands [6.203210470858455, 6.364553242006405])
[   43.7s]     !! [F4R1-A] CHECK FAIL: tp fill sh.601011-sell/profit-ztp2-2018-07-17-pm: price 6.413356927869876 not WAC+mult*sigma0 (WAC 5.880524928562553, sigma0 0.16134277114795054, cands [6.203210470858455, 6.364553242006405])
[   43.7s]     !! [F4R1-A] CHECK FAIL: tp fill sh.600093-sell/profit-ztp-2018-07-17-pm: price 11.23320391688873 not WAC+mult*sigma0 (WAC 11.608585187251421, sigma0 0.3221359445924867, cands [12.252857076436394, 12.574993021028881])
[   43.7s]     !! [F4R1-A] CHECK FAIL: tp fill sh.601128-sell/profit-ztp-2018-07-20-am: price 5.782236307052239 not WAC+mult*sigma0 (WAC 6.019841734085834, sigma0 0.10149087136815896, cands [6.222823476822152, 6.3243143481903115])
[   43.7s]     !! [F4R1-A] CHECK FAIL: tp fill sh.601128-sell/profit-ztp2-2018-07-20-am: price 5.883727178420398 not WAC+mult*sigma0 (WAC 6.019841734085834, sigma0 0.10149087136815896, cands [6.222823476822152, 6.3243143481903115])
[   43.7s]     !! [F4R1-A] CHECK FAIL: tp fill sh.600160-sell/profit-ztp-2018-07-23-pm: price 8.014106157438665 not WAC+mult*sigma0 (WAC 8.326427822675072, sigma0 0.4960707716257771, cands [9.318569365926626, 9.814640137552404])
[   43.7s]     !! [F4R1-A] CHECK FAIL: tp fill sh.600846-sell/profit-ztp-2018-07-23-pm: price 7.760960528647646 not WAC+mult*sigma0 (WAC 8.750894930038573, sigma0 0.20730701909843038, cands [9.165508968235434, 9.372815987333864])
[   43.7s]     !! [F4R1-A] CHECK FAIL: tp fill sh.600846-sell/profit-ztp2-2018-07-23-pm: price 7.968267547746077 not WAC+mult*sigma0 (WAC 8.750894930038573, sigma0 0.20730701909843038, cands [9.165508968235434, 9.372815987333864])
[   43.7s]     !! [F4R1-A] CHECK FAIL: tp fill sz.000800-sell/profit-ztp-2018-07-24-am: price 7.767769172194954 not WAC+mult*sigma0 (WAC 9.060776523566577, sigma0 0.23184611479663594, cands [9.52446875315985, 9.756314867956485])
[   43.7s]     !! [F4R1-A] CHECK FAIL: tp fill sh.600093-sell/profit-ztp-2018-07-24-am: price 11.23320391688873 not WAC+mult*sigma0 (WAC 11.608585187251421, sigma0 0.3221359445924867, cands [12.252857076436394, 12.574993021028881])
[   43.7s]     !! [F4R1-A] CHECK FAIL: tp fill sh.600160-sell/profit-ztp-2018-07-24-pm: price 8.014106157438665 not WAC+mult*sigma0 (WAC 8.326427822675072, sigma0 0.4960707716257771, cands [9.318569365926626, 9.814640137552404])
[   43.7s]     !! [F4R1-A] CHECK FAIL: tp fill sh.600093-sell/profit-ztp-2018-07-24-pm: price 11.23320391688873 not WAC+mult*sigma0 (WAC 11.608585187251421, sigma0 0.3221359445924867, cands [12.252857076436394, 12.574993021028881])
[   43.7s]     !! [F4R1-A] CHECK FAIL: tp fill sh.600160-sell/profit-ztp-2018-07-26-pm: price 8.014106157438665 not WAC+mult*sigma0 (WAC 8.326427822675072, sigma0 0.4960707716257771, cands [9.318569365926626, 9.814640137552404])
[   43.7s]     !! [F4R1-A] CHECK FAIL: tp fill sz.000800-sell/profit-ztp-2018-07-26-pm: price 7.767769172194954 not WAC+mult*sigma0 (WAC 9.060776523566577, sigma0 0.23184611479663594, cands [9.52446875315985, 9.756314867956485])
[   43.7s]     !! [F4R1-A] CHECK FAIL: tp fill sz.000800-sell/profit-ztp-2018-07-27-am: price 7.767769172194954 not WAC+mult*sigma0 (WAC 9.060776523566577, sigma0 0.23184611479663594, cands [9.52446875315985, 9.756314867956485])
[   43.7s]     !! [F4R1-A] CHECK FAIL: tp fill sh.601678-sell/profit-ztp-2018-08-07-pm: price 6.089194012254894 not WAC+mult*sigma0 (WAC 6.676544615930237, sigma0 0.12612934150326277, cands [6.928803298936763, 7.054932640440025])
[   43.7s]     !! [F4R1-A] CHECK FAIL: tp fill sz.002001-sell/profit-ztp-2018-08-13-am: price 16.39133257223163 not WAC+mult*sigma0 (WAC 17.749409330290998, sigma0 0.42088838148775226, cands [18.591186093266504, 19.012074474754254])
[   43.7s]     !! [F4R1-A] CHECK FAIL: tp fill sz.002001-sell/profit-ztp2-2018-08-13-am: price 16.81222095371938 not WAC+mult*sigma0 (WAC 17.749409330290998, sigma0 0.42088838148775226, cands [18.591186093266504, 19.012074474754254])
[   43.7s]     !! [F4R1-A] CHECK FAIL: tp fill sh.600093-sell/profit-ztp-2018-08-13-am: price 10.326647055805468 not WAC+mult*sigma0 (WAC 10.975505307755107, sigma0 0.2510980372036462, cands [11.4777013821624, 11.728799419366045])
[   43.7s]     !! [F4R1-A] CHECK FAIL: tp fill sh.600093-sell/profit-ztp2-2018-08-13-am: price 10.577745093009113 not WAC+mult*sigma0 (WAC 10.975505307755107, sigma0 0.2510980372036462, cands [11.4777013821624, 11.728799419366045])
[   43.7s]     !! [F4R1-A] CHECK FAIL: tp fill sz.000415-sell/profit-ztp-2018-09-12-pm: price 3.726250864354203 not WAC+mult*sigma0 (WAC 5.00571239886559, sigma0 0.05750057623613546, cands [5.120713551337861, 5.178214127573996])
[   43.7s]     !! [F4R1-A] CHECK FAIL: tp fill sh.601633-sell/profit-ztp-2018-09-18-pm: price 7.352507515753052 not WAC+mult*sigma0 (WAC 7.536836683501893, sigma0 0.16167167716870126, cands [7.860180037839296, 8.021851715007998])
[   43.7s]     !! [F4R1-A] CHECK FAIL: tp fill sh.601633-sell/profit-ztp-2018-09-19-am: price 7.352507515753052 not WAC+mult*sigma0 (WAC 7.536836683501893, sigma0 0.16167167716870126, cands [7.860180037839296, 8.021851715007998])
[   43.7s]     !! [F4R1-A] CHECK FAIL: tp fill sh.601633-sell/profit-ztp2-2018-09-19-am: price 7.514179192921754 not WAC+mult*sigma0 (WAC 7.536836683501893, sigma0 0.16167167716870126, cands [7.860180037839296, 8.021851715007998])
[   43.7s]     !! [F4R1-A] CHECK FAIL: tp fill sz.000415-sell/profit-ztp-2018-09-19-am: price 3.726250864354203 not WAC+mult*sigma0 (WAC 5.00571239886559, sigma0 0.05750057623613546, cands [5.120713551337861, 5.178214127573996])
[   43.7s]     !! [F4R1-A] CHECK FAIL: tp fill sz.000415-sell/profit-ztp-2018-09-19-pm: price 3.726250864354203 not WAC+mult*sigma0 (WAC 5.00571239886559, sigma0 0.05750057623613546, cands [5.120713551337861, 5.178214127573996])
[   43.7s]     !! [F4R1-A] CHECK FAIL: tp fill sz.000415-sell/profit-ztp2-2018-09-19-pm: price 3.783751440590339 not WAC+mult*sigma0 (WAC 5.00571239886559, sigma0 0.05750057623613546, cands [5.120713551337861, 5.178214127573996])
[   43.7s]     !! [F4R1-A] CHECK FAIL: tp fill sh.600348-sell/profit-ztp-2018-09-25-pm: price 5.849047695449501 not WAC+mult*sigma0 (WAC 5.916365275916077, sigma0 0.09904769544950082, cands [6.114460666815079, 6.21350836226458])
[   43.7s]     !! [F4R1-A] CHECK FAIL: tp fill sh.600348-sell/profit-ztp-2018-09-26-pm: price 5.849047695449501 not WAC+mult*sigma0 (WAC 5.916365275916077, sigma0 0.09904769544950082, cands [6.114460666815079, 6.21350836226458])
[   43.7s]     !! [F4R1-A] CHECK FAIL: tp fill sh.600348-sell/profit-ztp-2018-09-27-am: price 5.849047695449501 not WAC+mult*sigma0 (WAC 5.916365275916077, sigma0 0.09904769544950082, cands [6.114460666815079, 6.21350836226458])
[   43.7s]     !! [F4R1-A] CHECK FAIL: tp fill sh.600348-sell/profit-ztp-2018-09-27-pm: price 5.849047695449501 not WAC+mult*sigma0 (WAC 5.916365275916077, sigma0 0.09904769544950082, cands [6.114460666815079, 6.21350836226458])
[   43.7s]     !! [F4R1-A] CHECK FAIL: tp fill sh.600348-sell/profit-ztp-2018-09-28-am: price 5.849047695449501 not WAC+mult*sigma0 (WAC 5.916365275916077, sigma0 0.09904769544950082, cands [6.114460666815079, 6.21350836226458])
[   43.7s]     !! [F4R1-A] CHECK FAIL: tp fill sh.600623-sell/profit-ztp-2018-10-11-pm: price 9.263234974429809 not WAC+mult*sigma0 (WAC 9.267520523014143, sigma0 0.173234974429809, cands [9.61399047187376, 9.78722544630357])
[   43.7s]     !! [F4R1-A] CHECK FAIL: tp fill sh.600997-sell/profit-ztp-2018-10-12-am: price 6.377125765108984 not WAC+mult*sigma0 (WAC 6.587823955295776, sigma0 0.17808384340598923, cands [6.943991642107754, 7.122075485513744])
[   43.7s]     !! [F4R1-A] CHECK FAIL: tp fill sh.600623-sell/profit-ztp-2018-10-12-am: price 9.263234974429809 not WAC+mult*sigma0 (WAC 9.267520523014143, sigma0 0.173234974429809, cands [9.61399047187376, 9.78722544630357])
[   43.7s]     !! [F4R1-A] CHECK FAIL: tp fill sh.600623-sell/profit-ztp2-2018-10-12-am: price 9.436469948859617 not WAC+mult*sigma0 (WAC 9.267520523014143, sigma0 0.173234974429809, cands [9.61399047187376, 9.78722544630357])
[   43.7s]     !! [F4R1-A] CHECK FAIL: tp fill sh.600997-sell/profit-ztp-2018-10-12-pm: price 6.377125765108984 not WAC+mult*sigma0 (WAC 6.509949009064092, sigma0 0.17808384340598923, cands [6.86611669587607, 7.04420053928206])
[   43.7s]     !! [F4R1-A] CHECK FAIL: tp fill sh.600019-sell/profit-ztp-2018-10-22-am: price 7.684395895673944 not WAC+mult*sigma0 (WAC 7.5931651002643035, sigma0 0.18293059711596318, cands [7.95902629449623, 8.141956891612192])
[   43.7s]     !! [F4R1-A] CHECK FAIL: tp fill sh.600019-sell/profit-ztp-2018-10-22-pm: price 7.684395895673944 not WAC+mult*sigma0 (WAC 7.5931651002643035, sigma0 0.18293059711596318, cands [7.95902629449623, 8.141956891612192])
[   43.7s]     !! [F4R1-A] CHECK FAIL: tp fill sh.600637-sell/profit-ztp-2018-11-05-pm: price 9.623104795364792 not WAC+mult*sigma0 (WAC 10.794173175009545, sigma0 0.23540319690986264, cands [11.26497956882927, 11.500382765739133])
[   43.7s]     !! [F4R1-A] CHECK FAIL: tp fill sh.600637-sell/profit-ztp-2018-11-06-am: price 9.623104795364792 not WAC+mult*sigma0 (WAC 10.794173175009545, sigma0 0.23540319690986264, cands [11.26497956882927, 11.500382765739133])
[   43.7s]     !! [F4R1-A] CHECK FAIL: tp fill sh.600637-sell/profit-ztp-2018-11-06-pm: price 9.623104795364792 not WAC+mult*sigma0 (WAC 10.794173175009545, sigma0 0.23540319690986264, cands [11.26497956882927, 11.500382765739133])
[   43.7s]     !! [F4R1-A] CHECK FAIL: tp fill sh.600637-sell/profit-ztp-2018-11-07-am: price 9.623104795364792 not WAC+mult*sigma0 (WAC 10.794173175009545, sigma0 0.23540319690986264, cands [11.26497956882927, 11.500382765739133])
[   43.7s]     !! [F4R1-A] CHECK FAIL: tp fill sh.600637-sell/profit-ztp2-2018-11-12-pm: price 9.858507992274655 not WAC+mult*sigma0 (WAC 10.794173175009545, sigma0 0.23540319690986264, cands [11.26497956882927, 11.500382765739133])
[   43.7s]     !! [F4R1-A] CHECK FAIL: tp fill sh.600515-sell/profit-ztp-2018-11-12-pm: price 5.787526951697094 not WAC+mult*sigma0 (WAC 7.373093212243621, sigma0 0.21168463446472977, cands [7.79646248117308, 8.00814711563781])
[   43.7s]     !! [F4R1-A] CHECK FAIL: tp fill sh.600515-sell/profit-ztp-2018-11-13-am: price 5.787526951697094 not WAC+mult*sigma0 (WAC 7.373093212243621, sigma0 0.21168463446472977, cands [7.79646248117308, 8.00814711563781])
[   43.7s]     !! [F4R1-A] CHECK FAIL: tp fill sh.601588-sell/profit-ztp-2018-11-13-pm: price 3.0720013073138497 not WAC+mult*sigma0 (WAC 4.520776005919472, sigma0 0.12133420487589988, cands [4.763444415671271, 4.884778620547172])
[   43.7s]     !! [F4R1-A] CHECK FAIL: tp fill sh.600515-sell/profit-ztp-2018-11-13-pm: price 5.787526951697094 not WAC+mult*sigma0 (WAC 7.373093212243621, sigma0 0.21168463446472977, cands [7.79646248117308, 8.00814711563781])
[   43.7s]     !! [F4R1-A] CHECK FAIL: tp fill sh.600515-sell/profit-ztp-2018-11-14-am: price 5.787526951697094 not WAC+mult*sigma0 (WAC 7.373093212243621, sigma0 0.21168463446472977, cands [7.79646248117308, 8.00814711563781])
[   43.7s]     !! [F4R1-A] CHECK FAIL: tp fill sh.600515-sell/profit-ztp-2018-11-14-pm: price 5.787526951697094 not WAC+mult*sigma0 (WAC 7.373093212243621, sigma0 0.21168463446472977, cands [7.79646248117308, 8.00814711563781])
[   43.7s]     !! [F4R1-A] CHECK FAIL: tp fill sh.600515-sell/profit-ztp2-2018-11-14-pm: price 5.999211586161824 not WAC+mult*sigma0 (WAC 7.373093212243621, sigma0 0.21168463446472977, cands [7.79646248117308, 8.00814711563781])
[   43.7s]     !! [F4R1-A] CHECK FAIL: tp fill sz.002440-sell/profit-ztp-2018-11-15-pm: price 9.55680890639463 not WAC+mult*sigma0 (WAC 12.563065466140417, sigma0 0.27120593759641987, cands [13.105477341333257, 13.376683278929676])
[   43.7s]     !! [F4R1-A] CHECK FAIL: tp fill sh.601588-sell/profit-ztp-2018-11-15-pm: price 3.0720013073138497 not WAC+mult*sigma0 (WAC 4.520776005919472, sigma0 0.12133420487589988, cands [4.763444415671271, 4.884778620547172])
[   43.7s]     !! [F4R1-A] CHECK FAIL: tp fill sz.002440-sell/profit-ztp-2018-11-16-am: price 9.55680890639463 not WAC+mult*sigma0 (WAC 12.563065466140417, sigma0 0.27120593759641987, cands [13.105477341333257, 13.376683278929676])
[   43.7s]     !! [F4R1-A] CHECK FAIL: tp fill sh.601588-sell/profit-ztp-2018-11-16-am: price 3.0720013073138497 not WAC+mult*sigma0 (WAC 4.520776005919472, sigma0 0.12133420487589988, cands [4.763444415671271, 4.884778620547172])
[   43.7s]     !! [F4R1-A] CHECK FAIL: tp fill sz.002440-sell/profit-ztp-2018-11-16-pm: price 9.55680890639463 not WAC+mult*sigma0 (WAC 12.563065466140417, sigma0 0.27120593759641987, cands [13.105477341333257, 13.376683278929676])
[   43.7s]     !! [F4R1-A] CHECK FAIL: tp fill sh.601588-sell/profit-ztp-2018-11-16-pm: price 3.0720013073138497 not WAC+mult*sigma0 (WAC 4.520776005919472, sigma0 0.12133420487589988, cands [4.763444415671271, 4.884778620547172])
[   43.7s]     !! [F4R1-A] CHECK FAIL: tp fill sz.000778-sell/profit-ztp-2018-11-19-am: price 4.876156342706174 not WAC+mult*sigma0 (WAC 4.943850492977315, sigma0 0.11077089513744927, cands [5.1653922832522134, 5.276163178389663])
[   43.7s]     !! [F4R1-A] CHECK FAIL: tp fill sz.002440-sell/profit-ztp-2018-11-19-am: price 9.55680890639463 not WAC+mult*sigma0 (WAC 12.563065466140417, sigma0 0.27120593759641987, cands [13.105477341333257, 13.376683278929676])
[   43.7s]     !! [F4R1-A] CHECK FAIL: tp fill sh.601588-sell/profit-ztp-2018-11-19-am: price 3.0720013073138497 not WAC+mult*sigma0 (WAC 4.520776005919472, sigma0 0.12133420487589988, cands [4.763444415671271, 4.884778620547172])
[   43.7s]     !! [F4R1-A] CHECK FAIL: tp fill sh.601588-sell/profit-ztp2-2018-11-19-am: price 3.1933355121897495 not WAC+mult*sigma0 (WAC 4.520776005919472, sigma0 0.12133420487589988, cands [4.763444415671271, 4.884778620547172])
[   43.7s]     !! [F4R1-A] CHECK FAIL: tp fill sz.000778-sell/profit-ztp-2018-11-19-pm: price 4.876156342706174 not WAC+mult*sigma0 (WAC 4.943850492977315, sigma0 0.11077089513744927, cands [5.1653922832522134, 5.276163178389663])
[   43.7s]     !! [F4R1-A] CHECK FAIL: tp fill sh.600019-sell/profit-ztp-2018-12-03-pm: price 6.985864545458933 not WAC+mult*sigma0 (WAC 7.373667261923731, sigma0 0.07724303030595484, cands [7.5281533225356405, 7.605396352841596])
[   43.7s]     !! [F4R1-A] CHECK FAIL: tp fill sh.600019-sell/profit-ztp-2018-12-04-am: price 6.985864545458933 not WAC+mult*sigma0 (WAC 7.373667261923731, sigma0 0.07724303030595484, cands [7.5281533225356405, 7.605396352841596])
[   43.7s]     !! [F4R1-A] CHECK FAIL: tp fill sz.002737-sell/profit-ztp-2018-12-05-am: price 17.720597050569083 not WAC+mult*sigma0 (WAC 18.77750898456065, sigma0 0.2937313670460551, cands [19.36497171865276, 19.658703085698818])
[   43.7s]     !! [F4R1-A] CHECK FAIL: tp fill sh.603026-sell/profit-ztp-2018-12-05-pm: price 19.82762675875771 not WAC+mult*sigma0 (WAC 18.159201449405078, sigma0 0.36508450583847024, cands [18.88937046108202, 19.254454966920488])
[   43.7s]     !! [F4R1-A] CHECK FAIL: tp fill sh.603026-sell/profit-ztp2-2018-12-05-pm: price 20.192711264596177 not WAC+mult*sigma0 (WAC 18.159201449405078, sigma0 0.36508450583847024, cands [18.88937046108202, 19.254454966920488])
[   43.7s]     !! [F4R1-A] CHECK FAIL: tp fill sz.002737-sell/profit-ztp-2018-12-05-pm: price 17.720597050569083 not WAC+mult*sigma0 (WAC 18.44237431008738, sigma0 0.2937313670460551, cands [19.02983704417949, 19.323568411225548])
[   43.7s]     !! [F4R1-A] CHECK FAIL: tp fill sh.600739-sell/profit-ztp-2019-01-03-pm: price 10.749833806922062 not WAC+mult*sigma0 (WAC 12.691637541234313, sigma0 0.19322253794804106, cands [13.078082617130395, 13.271305155078435])
[   43.7s]     !! [F4R1-A] CHECK FAIL: tp fill sh.600739-sell/profit-ztp2-2019-01-03-pm: price 10.943056344870103 not WAC+mult*sigma0 (WAC 12.691637541234313, sigma0 0.19322253794804106, cands [13.078082617130395, 13.271305155078435])
[   43.7s]     !! [F4R1-A] CHECK FAIL: tp fill sh.600348-sell/profit-ztp-2019-01-04-am: price 5.142021730216056 not WAC+mult*sigma0 (WAC 5.66054931078298, sigma0 0.06801448681070382, cands [5.796578284404388, 5.864592771215092])
[   43.7s]     !! [F4R1-A] CHECK FAIL: tp fill sh.600348-sell/profit-ztp-2019-01-04-pm: price 5.142021730216056 not WAC+mult*sigma0 (WAC 5.66054931078298, sigma0 0.06801448681070382, cands [5.796578284404388, 5.864592771215092])
[   43.7s]     !! [F4R1-A] CHECK FAIL: tp fill sh.603113-sell/profit-ztp-2019-01-04-pm: price 11.229959874819043 not WAC+mult*sigma0 (WAC 11.195919361935381, sigma0 0.2066399165460285, cands [11.609199195027438, 11.815839111573467])
[   43.7s]     !! [F4R1-A] CHECK FAIL: tp fill sz.002233-sell/profit-ztp-2019-01-04-pm: price 10.267816825216636 not WAC+mult*sigma0 (WAC 10.368360697165022, sigma0 0.13187788347775822, cands [10.632116464120537, 10.763994347598297])
[   43.7s]     !! [F4R1-A] CHECK FAIL: tp fill sh.600348-sell/profit-ztp-2019-01-07-am: price 5.142021730216056 not WAC+mult*sigma0 (WAC 5.66054931078298, sigma0 0.06801448681070382, cands [5.796578284404388, 5.864592771215092])
[   43.7s]     !! [F4R1-A] CHECK FAIL: tp fill sh.603113-sell/profit-ztp-2019-01-07-am: price 11.229959874819043 not WAC+mult*sigma0 (WAC 11.195919361935381, sigma0 0.2066399165460285, cands [11.609199195027438, 11.815839111573467])
[   43.7s]     !! [F4R1-A] CHECK FAIL: tp fill sz.002233-sell/profit-ztp-2019-01-07-am: price 10.267816825216636 not WAC+mult*sigma0 (WAC 10.368360697165022, sigma0 0.13187788347775822, cands [10.632116464120537, 10.763994347598297])
[   43.7s]     !! [F4R1-A] CHECK FAIL: tp fill sh.600348-sell/profit-ztp-2019-01-07-pm: price 5.142021730216056 not WAC+mult*sigma0 (WAC 5.66054931078298, sigma0 0.06801448681070382, cands [5.796578284404388, 5.864592771215092])
[   43.7s]     !! [F4R1-A] CHECK FAIL: tp fill sh.603113-sell/profit-ztp-2019-01-07-pm: price 11.229959874819043 not WAC+mult*sigma0 (WAC 11.195919361935381, sigma0 0.2066399165460285, cands [11.609199195027438, 11.815839111573467])
[   43.7s]     !! [F4R1-A] CHECK FAIL: tp fill sz.002233-sell/profit-ztp-2019-01-07-pm: price 10.267816825216636 not WAC+mult*sigma0 (WAC 10.368360697165022, sigma0 0.13187788347775822, cands [10.632116464120537, 10.763994347598297])
[   43.7s]     !! [F4R1-A] CHECK FAIL: tp fill sz.002233-sell/profit-ztp2-2019-01-07-pm: price 10.399694708694396 not WAC+mult*sigma0 (WAC 10.368360697165022, sigma0 0.13187788347775822, cands [10.632116464120537, 10.763994347598297])
[   43.7s]     !! [F4R1-A] CHECK FAIL: tp fill sh.600348-sell/profit-ztp-2019-01-08-am: price 5.142021730216056 not WAC+mult*sigma0 (WAC 5.66054931078298, sigma0 0.06801448681070382, cands [5.796578284404388, 5.864592771215092])
[   43.7s]     !! [F4R1-A] CHECK FAIL: tp fill sz.000898-sell/profit-ztp-2019-01-08-pm: price 5.191302537917346 not WAC+mult*sigma0 (WAC 5.398960722763869, sigma0 0.06130253791734631, cands [5.521565798598561, 5.582868336515908])
[   43.7s]     !! [F4R1-A] CHECK FAIL: tp fill sz.000778-sell/profit-ztp-2019-01-08-pm: price 4.378631960782616 not WAC+mult*sigma0 (WAC 4.850544902025442, sigma0 0.04575464052174355, cands [4.9420541830689295, 4.987808823590672])
[   43.7s]     !! [F4R1-A] CHECK FAIL: tp fill sh.600160-sell/profit-ztp-2019-01-08-pm: price 6.8073519350129486 not WAC+mult*sigma0 (WAC 7.482075877136234, sigma0 0.11156795667529959, cands [7.705211790486833, 7.8167797471621325])
[   43.7s]     !! [F4R1-A] CHECK FAIL: tp fill sz.000898-sell/profit-ztp-2019-01-09-am: price 5.191302537917346 not WAC+mult*sigma0 (WAC 5.398960722763869, sigma0 0.06130253791734631, cands [5.521565798598561, 5.582868336515908])
[   43.7s]     !! [F4R1-A] CHECK FAIL: tp fill sh.600160-sell/profit-ztp-2019-01-09-am: price 6.8073519350129486 not WAC+mult*sigma0 (WAC 7.482075877136234, sigma0 0.11156795667529959, cands [7.705211790486833, 7.8167797471621325])
[   43.7s]     !! [F4R1-A] CHECK FAIL: tp fill sh.600348-sell/profit-ztp2-2019-01-11-pm: price 5.21003621702676 not WAC+mult*sigma0 (WAC 5.66054931078298, sigma0 0.06801448681070382, cands [5.796578284404388, 5.864592771215092])
[   43.7s]     !! [F4R1-A] CHECK FAIL: tp fill sh.603113-sell/profit-ztp-2019-01-11-pm: price 11.229959874819043 not WAC+mult*sigma0 (WAC 11.195919361935381, sigma0 0.2066399165460285, cands [11.609199195027438, 11.815839111573467])
[   43.7s]     !! [F4R1-A] CHECK FAIL: tp fill sh.603113-sell/profit-ztp2-2019-01-14-am: price 11.436599791365072 not WAC+mult*sigma0 (WAC 11.195919361935381, sigma0 0.2066399165460285, cands [11.609199195027438, 11.815839111573467])
[   43.7s]     !! [F4R1-A] CHECK FAIL: tp fill sz.000778-sell/profit-ztp-2019-01-16-am: price 4.380754640521745 not WAC+mult*sigma0 (WAC 4.780982230097167, sigma0 0.04575464052174355, cands [4.872491511140654, 4.918246151662397])
[   43.7s]     !! [F4R1-A] CHECK FAIL: tp fill sz.000778-sell/profit-ztp2-2019-01-16-am: price 4.426509281043487 not WAC+mult*sigma0 (WAC 4.780982230097167, sigma0 0.04575464052174355, cands [4.872491511140654, 4.918246151662397])
[   43.7s]     !! [F4R1-A] CHECK FAIL: tp fill sz.000898-sell/profit-ztp-2019-01-16-pm: price 5.191302537917346 not WAC+mult*sigma0 (WAC 5.398960722763869, sigma0 0.06130253791734631, cands [5.521565798598561, 5.582868336515908])
[   43.7s]     !! [F4R1-A] CHECK FAIL: tp fill sh.600188-sell/profit-ztp-2019-01-16-pm: price 8.989878335882707 not WAC+mult*sigma0 (WAC 10.82083207788336, sigma0 0.13991889058847187, cands [11.100669859060304, 11.240588749648776])
[   43.7s]     !! [F4R1-A] CHECK FAIL: tp fill sz.000898-sell/profit-ztp-2019-01-17-am: price 5.191302537917346 not WAC+mult*sigma0 (WAC 5.398960722763869, sigma0 0.06130253791734631, cands [5.521565798598561, 5.582868336515908])
[   43.7s]     !! [F4R1-A] CHECK FAIL: tp fill sh.600188-sell/profit-ztp-2019-01-17-am: price 8.989878335882707 not WAC+mult*sigma0 (WAC 10.82083207788336, sigma0 0.13991889058847187, cands [11.100669859060304, 11.240588749648776])
[   43.7s]     !! [F4R1-A] CHECK FAIL: tp fill sz.000898-sell/profit-ztp-2019-01-17-pm: price 5.191302537917346 not WAC+mult*sigma0 (WAC 5.398960722763869, sigma0 0.06130253791734631, cands [5.521565798598561, 5.582868336515908])
[   43.7s]     !! [F4R1-A] CHECK FAIL: tp fill sh.600188-sell/profit-ztp-2019-01-17-pm: price 8.989878335882707 not WAC+mult*sigma0 (WAC 10.82083207788336, sigma0 0.13991889058847187, cands [11.100669859060304, 11.240588749648776])
[   43.7s]     !! [F4R1-A] CHECK FAIL: tp fill sh.600188-sell/profit-ztp2-2019-01-17-pm: price 9.12979722647118 not WAC+mult*sigma0 (WAC 10.82083207788336, sigma0 0.13991889058847187, cands [11.100669859060304, 11.240588749648776])
[   43.7s]     !! [F4R1-A] CHECK FAIL: tp fill sz.000898-sell/profit-ztp-2019-01-18-am: price 5.191302537917346 not WAC+mult*sigma0 (WAC 5.398960722763869, sigma0 0.06130253791734631, cands [5.521565798598561, 5.582868336515908])
[   43.7s]     !! [F4R1-A] CHECK FAIL: tp fill sz.000898-sell/profit-ztp2-2019-01-18-am: price 5.252605075834692 not WAC+mult*sigma0 (WAC 5.398960722763869, sigma0 0.06130253791734631, cands [5.521565798598561, 5.582868336515908])
[   43.7s]     !! [F4R1-A] CHECK FAIL: tp fill sh.600160-sell/profit-ztp-2019-01-18-am: price 6.8073519350129486 not WAC+mult*sigma0 (WAC 7.482075877136234, sigma0 0.11156795667529959, cands [7.705211790486833, 7.8167797471621325])
[   43.7s]     !! [F4R1-A] CHECK FAIL: tp fill sz.000825-sell/profit-ztp-2019-01-18-am: price 4.479210629750841 not WAC+mult*sigma0 (WAC 4.194312503556408, sigma0 0.046140419833893914, cands [4.286593343224196, 4.33273376305809])
[   43.7s]     !! [F4R1-A] CHECK FAIL: tp fill sz.000825-sell/profit-ztp2-2019-01-18-am: price 4.525351049584735 not WAC+mult*sigma0 (WAC 4.194312503556408, sigma0 0.046140419833893914, cands [4.286593343224196, 4.33273376305809])
[   43.7s]     !! [F4R1-A] CHECK FAIL: tp fill sh.600160-sell/profit-ztp-2019-01-18-pm: price 6.8073519350129486 not WAC+mult*sigma0 (WAC 7.482075877136234, sigma0 0.11156795667529959, cands [7.705211790486833, 7.8167797471621325])
[   43.7s]     !! [F4R1-A] CHECK FAIL: tp fill sh.600160-sell/profit-ztp2-2019-01-18-pm: price 6.918919891688248 not WAC+mult*sigma0 (WAC 7.482075877136234, sigma0 0.11156795667529959, cands [7.705211790486833, 7.8167797471621325])
[   43.7s]     !! [F4R1-A] CHECK FAIL: tp fill sz.000792-sell/profit-ztp-2019-01-18-pm: price 6.398452178508599 not WAC+mult*sigma0 (WAC 6.904579549147554, sigma0 0.1456347856724004, cands [7.195849120492355, 7.341483906164755])
[   43.7s]     !! [F4R1-A] CHECK FAIL: tp fill sz.000792-sell/profit-ztp2-2019-01-18-pm: price 6.544086964180999 not WAC+mult*sigma0 (WAC 6.904579549147554, sigma0 0.1456347856724004, cands [7.195849120492355, 7.341483906164755])
[   43.7s]     !! [F4R1-A] CHECK FAIL: tp fill sz.000581-sell/profit-ztp-2019-01-18-pm: price 18.28066425253496 not WAC+mult*sigma0 (WAC 18.228686266912028, sigma0 0.2671095016899748, cands [18.762905270291977, 19.030014771981953])
[   43.7s]     !! [F4R1-A] CHECK FAIL: tp fill sz.000581-sell/profit-ztp-2019-01-21-am: price 18.28066425253496 not WAC+mult*sigma0 (WAC 18.228686266912028, sigma0 0.2671095016899748, cands [18.762905270291977, 19.030014771981953])
[   43.7s]     !! [F4R1-A] CHECK FAIL: tp fill sz.000581-sell/profit-ztp-2019-01-21-pm: price 18.28066425253496 not WAC+mult*sigma0 (WAC 18.228686266912028, sigma0 0.2671095016899748, cands [18.762905270291977, 19.030014771981953])
[   43.7s]     !! [F4R1-A] CHECK FAIL: tp fill sh.603026-sell/profit-ztp-2019-01-22-pm: price 20.409353683369194 not WAC+mult*sigma0 (WAC 18.62910752473994, sigma0 0.3262357889127958, cands [19.28157910256553, 19.607814891478327])
[   43.7s]     !! [F4R1-A] CHECK FAIL: tp fill sh.603026-sell/profit-ztp-2019-01-23-am: price 20.409353683369194 not WAC+mult*sigma0 (WAC 18.62910752473994, sigma0 0.3262357889127958, cands [19.28157910256553, 19.607814891478327])
[   43.7s]     !! [F4R1-A] CHECK FAIL: tp fill sz.000938-sell/profit-ztp-2019-01-23-pm: price 33.14890774554837 not WAC+mult*sigma0 (WAC 45.12469553462108, sigma0 0.6326051636989123, cands [46.38990586201891, 47.02251102571782])
[   43.7s]     !! [F4R1-A] CHECK FAIL: tp fill sh.603026-sell/profit-ztp-2019-01-24-pm: price 20.409353683369194 not WAC+mult*sigma0 (WAC 18.62910752473994, sigma0 0.3262357889127958, cands [19.28157910256553, 19.607814891478327])
[   43.7s]     !! [F4R1-A] CHECK FAIL: tp fill sz.000581-sell/profit-ztp2-2019-01-24-pm: price 18.547773754224938 not WAC+mult*sigma0 (WAC 18.228686266912028, sigma0 0.2671095016899748, cands [18.762905270291977, 19.030014771981953])
[   43.7s]     !! [F4R1-A] CHECK FAIL: tp fill sz.000938-sell/profit-ztp-2019-01-24-pm: price 33.14890774554837 not WAC+mult*sigma0 (WAC 45.12469553462108, sigma0 0.6326051636989123, cands [46.38990586201891, 47.02251102571782])
[   43.7s]     !! [F4R1-A] CHECK FAIL: tp fill sh.600668-sell/profit-ztp-2019-02-13-am: price 12.30728569187156 not WAC+mult*sigma0 (WAC 13.932389554121993, sigma0 0.13152379458103977, cands [14.195437143284073, 14.326960937865113])
[   43.7s]     !! [F4R1-A] CHECK FAIL: tp fill sz.000778-sell/profit-ztp-2019-02-13-am: price 4.57134666572846 not WAC+mult*sigma0 (WAC 4.748738787180119, sigma0 0.040897777152307184, cands [4.830534341484733, 4.87143211863704])
[   43.7s]     !! [F4R1-A] CHECK FAIL: tp fill sz.000999-sell/profit-ztp-2019-02-13-am: price 23.781052635394452 not WAC+mult*sigma0 (WAC 25.0209364321757, sigma0 0.33403509026296885, cands [25.689006612701636, 26.023041702964605])
[   43.7s]     !! [F4R1-A] CHECK FAIL: tp fill sh.600668-sell/profit-ztp-2019-02-13-pm: price 12.30728569187156 not WAC+mult*sigma0 (WAC 13.932389554121993, sigma0 0.13152379458103977, cands [14.195437143284073, 14.326960937865113])
[   43.7s]     !! [F4R1-A] CHECK FAIL: tp fill sh.600668-sell/profit-ztp2-2019-02-13-pm: price 12.4388094864526 not WAC+mult*sigma0 (WAC 13.932389554121993, sigma0 0.13152379458103977, cands [14.195437143284073, 14.326960937865113])
[   43.7s]     !! [F4R1-A] CHECK FAIL: tp fill sz.000778-sell/profit-ztp-2019-02-13-pm: price 4.57134666572846 not WAC+mult*sigma0 (WAC 4.748738787180119, sigma0 0.040897777152307184, cands [4.830534341484733, 4.87143211863704])
[   43.7s]     !! [F4R1-A] CHECK FAIL: tp fill sz.002183-sell/profit-ztp-2019-02-13-pm: price 4.7397401109266655 not WAC+mult*sigma0 (WAC 5.278907910642965, sigma0 0.07982674061777721, cands [5.438561391878519, 5.5183881324962964])
[   43.7s]     !! [F4R1-A] CHECK FAIL: tp fill sz.002183-sell/profit-ztp2-2019-02-13-pm: price 4.819566851544443 not WAC+mult*sigma0 (WAC 5.278907910642965, sigma0 0.07982674061777721, cands [5.438561391878519, 5.5183881324962964])
[   43.7s]     !! [F4R1-A] CHECK FAIL: tp fill sz.000999-sell/profit-ztp-2019-02-14-am: price 23.781052635394452 not WAC+mult*sigma0 (WAC 25.0209364321757, sigma0 0.33403509026296885, cands [25.689006612701636, 26.023041702964605])
[   43.7s]     !! [F4R1-A] CHECK FAIL: tp fill sz.000999-sell/profit-ztp-2019-02-14-pm: price 23.781052635394452 not WAC+mult*sigma0 (WAC 25.0209364321757, sigma0 0.33403509026296885, cands [25.689006612701636, 26.023041702964605])
[   43.7s]     !! [F4R1-A] CHECK FAIL: tp fill sh.600623-sell/profit-ztp-2019-02-18-am: price 8.41673836594896 not WAC+mult*sigma0 (WAC 8.99614751230054, sigma0 0.1444922439659741, cands [9.285132000232489, 9.429624244198463])
[   43.7s]     !! [F4R1-A] CHECK FAIL: tp fill sz.000778-sell/profit-ztp-2019-02-18-am: price 4.57134666572846 not WAC+mult*sigma0 (WAC 4.748738787180119, sigma0 0.040897777152307184, cands [4.830534341484733, 4.87143211863704])
[   43.7s]     !! [F4R1-A] CHECK FAIL: tp fill sz.000778-sell/profit-ztp2-2019-02-18-am: price 4.612244442880767 not WAC+mult*sigma0 (WAC 4.748738787180119, sigma0 0.040897777152307184, cands [4.830534341484733, 4.87143211863704])
[   43.7s]     !! [F4R1-A] CHECK FAIL: tp fill sz.000999-sell/profit-ztp2-2019-02-18-am: price 24.11508772565742 not WAC+mult*sigma0 (WAC 25.0209364321757, sigma0 0.33403509026296885, cands [25.689006612701636, 26.023041702964605])
[   43.7s]     !! [F4R1-A] CHECK FAIL: tp fill sh.600348-sell/profit-ztp-2019-02-18-am: price 5.42851838155114 not WAC+mult*sigma0 (WAC 5.610091488310635, sigma0 0.04567892103409297, cands [5.701449330378821, 5.7471282514129145])
[   43.7s]     !! [F4R1-A] CHECK FAIL: tp fill sh.600729-sell/profit-ztp-2019-02-18-am: price 29.696907075988634 not WAC+mult*sigma0 (WAC 24.518073195241826, sigma0 0.3712713839924244, cands [25.260615963226673, 25.6318873472191])
[   43.7s]     !! [F4R1-A] CHECK FAIL: tp fill sh.600623-sell/profit-ztp-2019-02-18-pm: price 8.41673836594896 not WAC+mult*sigma0 (WAC 8.99614751230054, sigma0 0.1444922439659741, cands [9.285132000232489, 9.429624244198463])
[   43.7s]     !! [F4R1-A] CHECK FAIL: tp fill sh.600348-sell/profit-ztp-2019-02-18-pm: price 5.42851838155114 not WAC+mult*sigma0 (WAC 5.610091488310635, sigma0 0.04567892103409297, cands [5.701449330378821, 5.7471282514129145])
[   43.7s]     !! [F4R1-A] CHECK FAIL: tp fill sz.002128-sell/profit-ztp-2019-02-18-pm: price 7.972156341213453 not WAC+mult*sigma0 (WAC 8.10781295316813, sigma0 0.06810422747563524, cands [8.244021408119401, 8.312125635595036])
[   43.7s]     !! [F4R1-A] CHECK FAIL: tp fill sh.600729-sell/profit-ztp-2019-02-18-pm: price 29.696907075988634 not WAC+mult*sigma0 (WAC 24.518073195241826, sigma0 0.3712713839924244, cands [25.260615963226673, 25.6318873472191])
[   43.7s]     !! [F4R1-A] CHECK FAIL: tp fill sh.600729-sell/profit-ztp2-2019-02-18-pm: price 30.06817845998106 not WAC+mult*sigma0 (WAC 24.518073195241826, sigma0 0.3712713839924244, cands [25.260615963226673, 25.6318873472191])
[   43.7s]     !! [F4R1-A] CHECK FAIL: tp fill sh.600623-sell/profit-ztp-2019-02-19-am: price 8.41673836594896 not WAC+mult*sigma0 (WAC 8.99614751230054, sigma0 0.1444922439659741, cands [9.285132000232489, 9.429624244198463])
[   43.7s]     !! [F4R1-A] CHECK FAIL: tp fill sh.600348-sell/profit-ztp-2019-02-19-pm: price 5.42851838155114 not WAC+mult*sigma0 (WAC 5.610091488310635, sigma0 0.04567892103409297, cands [5.701449330378821, 5.7471282514129145])
[   43.7s]     !! [F4R1-A] CHECK FAIL: tp fill sh.600348-sell/profit-ztp2-2019-02-19-pm: price 5.4741973025852335 not WAC+mult*sigma0 (WAC 5.610091488310635, sigma0 0.04567892103409297, cands [5.701449330378821, 5.7471282514129145])
[   43.7s]     !! [F4R1-A] CHECK FAIL: tp fill sz.002128-sell/profit-ztp-2019-02-19-pm: price 7.972156341213453 not WAC+mult*sigma0 (WAC 8.10781295316813, sigma0 0.06810422747563524, cands [8.244021408119401, 8.312125635595036])
[   43.7s]     !! [F4R1-A] CHECK FAIL: tp fill sz.002128-sell/profit-ztp-2019-02-20-am: price 7.972156341213453 not WAC+mult*sigma0 (WAC 8.10781295316813, sigma0 0.06810422747563524, cands [8.244021408119401, 8.312125635595036])
[   43.7s]     !! [F4R1-A] CHECK FAIL: tp fill sz.002128-sell/profit-ztp-2019-02-20-pm: price 7.972156341213453 not WAC+mult*sigma0 (WAC 8.10781295316813, sigma0 0.06810422747563524, cands [8.244021408119401, 8.312125635595036])
[   43.7s]     !! [F4R1-A] CHECK FAIL: tp fill sz.000789-sell/profit-ztp-2019-02-20-pm: price 12.034475573783627 not WAC+mult*sigma0 (WAC 8.792311027688564, sigma0 0.14965038252241852, cands [9.091611792733401, 9.24126217525582])
[   43.7s]     !! [F4R1-A] CHECK FAIL: tp fill sh.600623-sell/profit-ztp-2019-02-21-am: price 8.41673836594896 not WAC+mult*sigma0 (WAC 8.99614751230054, sigma0 0.1444922439659741, cands [9.285132000232489, 9.429624244198463])
[   43.7s]     !! [F4R1-A] CHECK FAIL: tp fill sh.600335-sell/profit-ztp-2019-02-21-am: price 7.1433310074947025 not WAC+mult*sigma0 (WAC 11.941030836567775, sigma0 0.11555400499646847, cands [12.172138846560712, 12.28769285155718])
[   43.7s]     !! [F4R1-A] CHECK FAIL: tp fill sh.600335-sell/profit-ztp-2019-02-21-pm: price 7.1433310074947025 not WAC+mult*sigma0 (WAC 11.941030836567775, sigma0 0.11555400499646847, cands [12.172138846560712, 12.28769285155718])
[   43.7s]     !! [F4R1-A] CHECK FAIL: tp fill sh.600335-sell/profit-ztp-2019-02-22-am: price 7.1433310074947025 not WAC+mult*sigma0 (WAC 11.941030836567775, sigma0 0.11555400499646847, cands [12.172138846560712, 12.28769285155718])
[   43.7s]     !! [F4R1-A] CHECK FAIL: tp fill sh.600623-sell/profit-ztp2-2019-02-22-pm: price 8.561230609914935 not WAC+mult*sigma0 (WAC 8.99614751230054, sigma0 0.1444922439659741, cands [9.285132000232489, 9.429624244198463])
[   43.7s]     !! [F4R1-A] CHECK FAIL: tp fill sz.002128-sell/profit-ztp2-2019-02-22-pm: price 8.040260568689089 not WAC+mult*sigma0 (WAC 8.10781295316813, sigma0 0.06810422747563524, cands [8.244021408119401, 8.312125635595036])
[   43.7s]     !! [F4R1-A] CHECK FAIL: tp fill sh.600335-sell/profit-ztp-2019-02-22-pm: price 7.1433310074947025 not WAC+mult*sigma0 (WAC 11.941030836567775, sigma0 0.11555400499646847, cands [12.172138846560712, 12.28769285155718])
[   43.7s]     !! [F4R1-A] CHECK FAIL: tp fill sh.600335-sell/profit-ztp2-2019-02-22-pm: price 7.258885012491171 not WAC+mult*sigma0 (WAC 11.941030836567775, sigma0 0.11555400499646847, cands [12.172138846560712, 12.28769285155718])
[   43.7s]     !! [F4R1-A] CHECK FAIL: tp fill sz.000789-sell/profit-ztp-2019-02-22-pm: price 11.984650382522416 not WAC+mult*sigma0 (WAC 9.250893833902726, sigma0 0.14965038252241852, cands [9.550194598947563, 9.699844981469981])
[   43.7s]     !! [F4R1-A] CHECK FAIL: tp fill sz.000789-sell/profit-ztp2-2019-02-22-pm: price 12.134300765044834 not WAC+mult*sigma0 (WAC 9.250893833902726, sigma0 0.14965038252241852, cands [9.550194598947563, 9.699844981469981])
[   43.7s]     !! [F4R1-A] CHECK FAIL: tp fill sz.000656-sell/profit-ztp-2019-03-01-pm: price 6.192714097114827 not WAC+mult*sigma0 (WAC 4.4755891197338675, sigma0 0.08869268803277301, cands [4.6529744957994135, 4.741667183832186])
[   43.7s]     !! [F4R1-A] CHECK FAIL: tp fill sz.002419-sell/profit-ztp-2019-03-01-pm: price 12.686296143444272 not WAC+mult*sigma0 (WAC 12.605410306737388, sigma0 0.2108640956295164, cands [13.027138497996422, 13.238002593625938])
[   43.7s]     !! [F4R1-A] CHECK FAIL: tp fill sz.002419-sell/profit-ztp2-2019-03-01-pm: price 12.897160239073788 not WAC+mult*sigma0 (WAC 12.605410306737388, sigma0 0.2108640956295164, cands [13.027138497996422, 13.238002593625938])
[   43.7s]     !! [F4R1-A] CHECK FAIL: tp fill sh.600741-sell/profit-ztp-2019-03-01-pm: price 21.489104344043795 not WAC+mult*sigma0 (WAC 17.359482512139373, sigma0 0.4927362293625321, cands [18.344954970864435, 18.83769120022697])
[   43.7s]     !! [F4R1-A] CHECK FAIL: tp fill sz.000656-sell/profit-ztp-2019-03-04-am: price 6.192714097114827 not WAC+mult*sigma0 (WAC 4.4755891197338675, sigma0 0.08869268803277301, cands [4.6529744957994135, 4.741667183832186])
[   43.7s]     !! [F4R1-A] CHECK FAIL: tp fill sz.000656-sell/profit-ztp2-2019-03-04-am: price 6.2814067851476 not WAC+mult*sigma0 (WAC 4.4755891197338675, sigma0 0.08869268803277301, cands [4.6529744957994135, 4.741667183832186])
[   43.7s]     !! [F4R1-A] CHECK FAIL: tp fill sh.600741-sell/profit-ztp-2019-03-04-am: price 21.489104344043795 not WAC+mult*sigma0 (WAC 17.359482512139373, sigma0 0.4927362293625321, cands [18.344954970864435, 18.83769120022697])
[   43.7s]     !! [F4R1-A] CHECK FAIL: tp fill sh.600741-sell/profit-ztp-2019-03-05-pm: price 21.489104344043795 not WAC+mult*sigma0 (WAC 17.359482512139373, sigma0 0.4927362293625321, cands [18.344954970864435, 18.83769120022697])
[   43.7s]     !! [F4R1-A] CHECK FAIL: tp fill sh.600623-sell/profit-ztp-2019-03-06-pm: price 9.415603973300188 not WAC+mult*sigma0 (WAC 9.00233169842311, sigma0 0.1904026488667922, cands [9.383136996156693, 9.573539645023486])
[   43.7s]     !! [F4R1-A] CHECK FAIL: tp fill sz.002626-sell/profit-ztp-2019-03-06-pm: price 14.61053588451003 not WAC+mult*sigma0 (WAC 14.91537955126825, sigma0 0.30035725634002025, cands [15.516094063948291, 15.81645132028831])
[   43.7s]     !! [F4R1-A] CHECK FAIL: tp fill sz.002626-sell/profit-ztp2-2019-03-06-pm: price 14.91089314085005 not WAC+mult*sigma0 (WAC 14.91537955126825, sigma0 0.30035725634002025, cands [15.516094063948291, 15.81645132028831])
[   43.7s]     !! [F4R1-A] CHECK FAIL: tp fill sh.600623-sell/profit-ztp-2019-03-07-am: price 9.415603973300188 not WAC+mult*sigma0 (WAC 9.00233169842311, sigma0 0.1904026488667922, cands [9.383136996156693, 9.573539645023486])
[   43.7s]     !! [F4R1-A] CHECK FAIL: tp fill sh.600377-sell/profit-ztp-2019-03-18-pm: price 10.014214442310138 not WAC+mult*sigma0 (WAC 8.835387142555248, sigma0 0.10280962820675912, cands [9.041006398968767, 9.143816027175525])
[   43.7s]     !! [F4R1-A] CHECK FAIL: tp fill sz.002538-sell/profit-ztp-2019-03-22-am: price 6.166528894186532 not WAC+mult*sigma0 (WAC 7.023908183576105, sigma0 0.126528894186533, cands [7.276965971949171, 7.403494866135704])
[   43.7s]     !! [F4R1-A] CHECK FAIL: tp fill sh.600377-sell/profit-ztp-2019-03-22-pm: price 10.014214442310138 not WAC+mult*sigma0 (WAC 8.835387142555248, sigma0 0.10280962820675912, cands [9.041006398968767, 9.143816027175525])
[   43.7s]     !! [F4R1-A] CHECK FAIL: tp fill sh.600377-sell/profit-ztp2-2019-03-22-pm: price 10.117024070516896 not WAC+mult*sigma0 (WAC 8.835387142555248, sigma0 0.10280962820675912, cands [9.041006398968767, 9.143816027175525])
[   43.7s]     !! [F4R1-A] CHECK FAIL: tp fill sz.002538-sell/profit-ztp-2019-03-27-am: price 6.166528894186532 not WAC+mult*sigma0 (WAC 7.023908183576105, sigma0 0.126528894186533, cands [7.276965971949171, 7.403494866135704])
[   43.7s]     !! [F4R1-A] CHECK FAIL: tp fill sz.002538-sell/profit-ztp2-2019-03-27-am: price 6.293057788373066 not WAC+mult*sigma0 (WAC 7.023908183576105, sigma0 0.126528894186533, cands [7.276965971949171, 7.403494866135704])
[   43.7s]     !! [F4R1-A] CHECK FAIL: tp fill sz.002386-sell/profit-ztp-2019-03-27-am: price 6.868863106223296 not WAC+mult*sigma0 (WAC 8.369333171007476, sigma0 0.13924207081553067, cands [8.647817312638537, 8.787059383454068])
[   43.7s]     !! [F4R1-A] CHECK FAIL: tp fill sz.002386-sell/profit-ztp2-2019-03-27-am: price 7.008105177038827 not WAC+mult*sigma0 (WAC 8.369333171007476, sigma0 0.13924207081553067, cands [8.647817312638537, 8.787059383454068])
[   43.7s]     !! [F4R1-A] CHECK FAIL: tp fill sz.002101-sell/profit-ztp-2019-04-03-pm: price 9.867838030746414 not WAC+mult*sigma0 (WAC 15.680273730241172, sigma0 0.23189202049760982, cands [16.14405777123639, 16.375949791734])
[   43.7s]     !! [F4R1-A] CHECK FAIL: tp fill sz.002101-sell/profit-ztp2-2019-04-03-pm: price 10.099730051244023 not WAC+mult*sigma0 (WAC 15.680273730241172, sigma0 0.23189202049760982, cands [16.14405777123639, 16.375949791734])
[   43.7s]     !! [F4R1-A] CHECK FAIL: tp fill sh.601633-sell/profit-ztp-2019-04-04-pm: price 9.520463572430234 not WAC+mult*sigma0 (WAC 8.062862408168268, sigma0 0.22030904828682274, cands [8.503480504741914, 8.723789553028736])
[   43.7s]     !! [F4R1-A] CHECK FAIL: tp fill sh.601633-sell/profit-ztp2-2019-04-04-pm: price 9.740772620717056 not WAC+mult*sigma0 (WAC 8.062862408168268, sigma0 0.22030904828682274, cands [8.503480504741914, 8.723789553028736])
[   43.7s]     !! [F4R1-A] CHECK FAIL: tp fill sz.000959-sell/profit-ztp-2019-04-08-am: price 4.728123212589966 not WAC+mult*sigma0 (WAC 5.429233368170331, sigma0 0.0987488083933111, cands [5.626730984956953, 5.725479793350264])
[   43.7s]     !! [F4R1-A] CHECK FAIL: tp fill sz.002416-sell/profit-ztp-2019-04-10-pm: price 6.814407864549543 not WAC+mult*sigma0 (WAC 11.083745487035406, sigma0 0.19627190969969574, cands [11.476289306434797, 11.672561216134493])
[   43.7s]     !! [F4R1-A] CHECK FAIL: tp fill sz.002850-sell/profit-ztp-2019-04-16-pm: price 24.86206093679687 not WAC+mult*sigma0 (WAC 34.73254623265485, sigma0 0.6413739578645806, cands [36.01529414838401, 36.65666810624859])
[   43.7s]     !! [F4R1-A] CHECK FAIL: tp fill sz.002850-sell/profit-ztp-2019-04-17-am: price 24.86206093679687 not WAC+mult*sigma0 (WAC 34.73254623265485, sigma0 0.6413739578645806, cands [36.01529414838401, 36.65666810624859])
[   43.7s]     !! [F4R1-A] CHECK FAIL: tp fill sz.002416-sell/profit-ztp-2019-04-17-pm: price 6.814407864549543 not WAC+mult*sigma0 (WAC 11.083745487035406, sigma0 0.19627190969969574, cands [11.476289306434797, 11.672561216134493])
[   43.7s]     !! [F4R1-A] CHECK FAIL: tp fill sz.002416-sell/profit-ztp-2019-04-18-am: price 6.814407864549543 not WAC+mult*sigma0 (WAC 11.083745487035406, sigma0 0.19627190969969574, cands [11.476289306434797, 11.672561216134493])
[   43.7s]     !! [F4R1-A] CHECK FAIL: tp fill sz.002416-sell/profit-ztp-2019-04-18-pm: price 6.814407864549543 not WAC+mult*sigma0 (WAC 11.083745487035406, sigma0 0.19627190969969574, cands [11.476289306434797, 11.672561216134493])
[   43.7s]     !! [F4R1-A] CHECK FAIL: tp fill sz.002850-sell/profit-ztp2-2019-04-22-pm: price 25.50343489466145 not WAC+mult*sigma0 (WAC 34.73254623265485, sigma0 0.6413739578645806, cands [36.01529414838401, 36.65666810624859])
[   43.7s]     !! [F4R1-A] CHECK FAIL: tp fill sz.002889-sell/profit-ztp-2019-04-22-pm: price 28.199567359581078 not WAC+mult*sigma0 (WAC 26.77063057254881, sigma0 0.6663782397207199, cands [28.10338705199025, 28.76976529171097])
[   43.7s]     !! [F4R1-A] CHECK FAIL: tp fill sz.002889-sell/profit-ztp2-2019-04-22-pm: price 28.8659455993018 not WAC+mult*sigma0 (WAC 26.77063057254881, sigma0 0.6663782397207199, cands [28.10338705199025, 28.76976529171097])
[   43.7s]     !! [F4R1-A] CHECK FAIL: tp fill sz.002661-sell/profit-ztp-2019-05-07-pm: price 15.000861804279795 not WAC+mult*sigma0 (WAC 26.75617167407581, sigma0 0.4005745361865292, cands [27.557320746448866, 27.957895282635395])
[   43.7s]     !! [F4R1-A] CHECK FAIL: tp fill sz.002661-sell/profit-ztp-2019-05-10-pm: price 15.000861804279795 not WAC+mult*sigma0 (WAC 26.75617167407581, sigma0 0.4005745361865292, cands [27.557320746448866, 27.957895282635395])
[   43.7s]     !! [F4R1-A] CHECK FAIL: tp fill sz.002661-sell/profit-ztp-2019-05-13-am: price 15.000861804279795 not WAC+mult*sigma0 (WAC 26.75617167407581, sigma0 0.4005745361865292, cands [27.557320746448866, 27.957895282635395])
[   43.7s]     !! [F4R1-A] CHECK FAIL: tp fill sz.002661-sell/profit-ztp2-2019-05-16-pm: price 15.401436340466324 not WAC+mult*sigma0 (WAC 26.75617167407581, sigma0 0.4005745361865292, cands [27.557320746448866, 27.957895282635395])
[   43.7s]     !! [F4R1-A] CHECK FAIL: tp fill sz.000543-sell/profit-ztp-2019-05-20-pm: price 4.694562426594705 not WAC+mult*sigma0 (WAC 5.182524345966683, sigma0 0.0845624265947051, cands [5.351649199156093, 5.436211625750798])
[   43.7s]     !! [F4R1-A] CHECK FAIL: tp fill sz.000543-sell/profit-ztp-2019-05-27-am: price 4.694562426594705 not WAC+mult*sigma0 (WAC 5.182524345966683, sigma0 0.0845624265947051, cands [5.351649199156093, 5.436211625750798])
[   43.7s]     !! [F4R1-A] CHECK FAIL: tp fill sz.000543-sell/profit-ztp-2019-05-27-pm: price 4.694562426594705 not WAC+mult*sigma0 (WAC 5.182524345966683, sigma0 0.0845624265947051, cands [5.351649199156093, 5.436211625750798])
[   43.7s]     !! [F4R1-A] CHECK FAIL: tp fill sz.000543-sell/profit-ztp-2019-05-28-am: price 4.694562426594705 not WAC+mult*sigma0 (WAC 5.182524345966683, sigma0 0.0845624265947051, cands [5.351649199156093, 5.436211625750798])
[   43.7s]     !! [F4R1-A] CHECK FAIL: tp fill sz.000543-sell/profit-ztp-2019-05-29-am: price 4.694562426594705 not WAC+mult*sigma0 (WAC 5.182524345966683, sigma0 0.0845624265947051, cands [5.351649199156093, 5.436211625750798])
[   43.7s]     !! [F4R1-A] CHECK FAIL: tp fill sz.000543-sell/profit-ztp-2019-05-29-pm: price 4.694562426594705 not WAC+mult*sigma0 (WAC 5.182524345966683, sigma0 0.0845624265947051, cands [5.351649199156093, 5.436211625750798])
[   43.7s]     !! [F4R1-A] CHECK FAIL: tp fill sz.000036-sell/profit-ztp-2019-06-10-pm: price 7.615026210054246 not WAC+mult*sigma0 (WAC 6.808167193044933, sigma0 0.17668414003616476, cands [7.1615354731172625, 7.338219613153427])
[   43.7s]     !! [F4R1-A] CHECK FAIL: tp fill sz.000036-sell/profit-ztp-2019-06-11-am: price 7.615026210054246 not WAC+mult*sigma0 (WAC 6.808167193044933, sigma0 0.17668414003616476, cands [7.1615354731172625, 7.338219613153427])
[   43.7s]     !! [F4R1-A] CHECK FAIL: tp fill sz.000036-sell/profit-ztp-2019-06-11-pm: price 7.615026210054246 not WAC+mult*sigma0 (WAC 6.808167193044933, sigma0 0.17668414003616476, cands [7.1615354731172625, 7.338219613153427])
[   43.7s]     !! [F4R1-A] CHECK FAIL: tp fill sz.000036-sell/profit-ztp-2019-06-12-am: price 7.615026210054246 not WAC+mult*sigma0 (WAC 6.808167193044933, sigma0 0.17668414003616476, cands [7.1615354731172625, 7.338219613153427])
[   43.7s]     !! [F4R1-A] CHECK FAIL: tp fill sz.000543-sell/profit-ztp2-2019-06-20-pm: price 4.885880019718978 not WAC+mult*sigma0 (WAC 5.182524345966683, sigma0 0.12014748210456098, cands [5.422819310175805, 5.542966792280366])
[   43.7s]     !! [F4R1-A] CHECK FAIL: tp fill sz.000728-sell/profit-ztp-2019-07-12-pm: price 9.575325229175183 not WAC+mult*sigma0 (WAC 14.09104750721387, sigma0 0.21032522917518295, cands [14.511697965564236, 14.72202319473942])
[   43.7s]     !! [F4R1-A] CHECK FAIL: tp fill sh.600810-sell/profit-ztp-2019-07-15-am: price 12.956766975997548 not WAC+mult*sigma0 (WAC 9.906413987019013, sigma0 0.28676697599754797, cands [10.479947939014108, 10.766714915011656])
[   43.7s]     !! [F4R1-A] CHECK FAIL: tp fill sz.000728-sell/profit-ztp-2019-07-15-am: price 9.575325229175183 not WAC+mult*sigma0 (WAC 14.09104750721387, sigma0 0.21032522917518295, cands [14.511697965564236, 14.72202319473942])
[   43.7s]     !! [F4R1-A] CHECK FAIL: tp fill sz.002092-sell/profit-ztp-2019-09-04-am: price 7.111281997793478 not WAC+mult*sigma0 (WAC 7.232618435824146, sigma0 0.08085466519565221, cands [7.394327766215451, 7.475182431411103])
[   43.7s]     !! [F4R1-A] CHECK FAIL: tp fill sh.600188-sell/profit-ztp-2019-09-04-am: price 11.086548030231887 not WAC+mult*sigma0 (WAC 10.59036537073401, sigma0 0.157698686821258, cands [10.905762744376528, 11.063461431197785])
[   43.7s]     !! [F4R1-A] CHECK FAIL: tp fill sh.600177-sell/profit-ztp-2019-09-04-pm: price 6.37461508151479 not WAC+mult*sigma0 (WAC 8.090774068208331, sigma0 0.05641005434319325, cands [8.203594176894718, 8.260004231237911])
[   43.7s]     !! [F4R1-A] CHECK FAIL: tp fill sh.600177-sell/profit-ztp2-2019-09-04-pm: price 6.4310251358579835 not WAC+mult*sigma0 (WAC 8.090774068208331, sigma0 0.05641005434319325, cands [8.203594176894718, 8.260004231237911])
[   43.7s]     !! [F4R1-A] CHECK FAIL: tp fill sz.002092-sell/profit-ztp-2019-09-04-pm: price 7.111281997793478 not WAC+mult*sigma0 (WAC 7.232618435824146, sigma0 0.08085466519565221, cands [7.394327766215451, 7.475182431411103])
[   43.7s]     !! [F4R1-A] CHECK FAIL: tp fill sz.002092-sell/profit-ztp2-2019-09-04-pm: price 7.19213666298913 not WAC+mult*sigma0 (WAC 7.232618435824146, sigma0 0.08085466519565221, cands [7.394327766215451, 7.475182431411103])
[   43.7s]     !! [F4R1-A] CHECK FAIL: tp fill sz.002798-sell/profit-ztp-2019-09-04-pm: price 19.0571638449954 not WAC+mult*sigma0 (WAC 17.107681374277508, sigma0 0.35716384499539927, cands [17.822009064268308, 18.179172909263706])
[   43.7s]     !! [F4R1-A] CHECK FAIL: tp fill sz.002798-sell/profit-ztp2-2019-09-04-pm: price 19.4143276899908 not WAC+mult*sigma0 (WAC 17.107681374277508, sigma0 0.35716384499539927, cands [17.822009064268308, 18.179172909263706])
[   43.7s]     !! [F4R1-A] CHECK FAIL: tp fill sh.600188-sell/profit-ztp-2019-09-04-pm: price 11.086548030231887 not WAC+mult*sigma0 (WAC 10.59036537073401, sigma0 0.157698686821258, cands [10.905762744376528, 11.063461431197785])
[   43.7s]     !! [F4R1-A] CHECK FAIL: tp fill sh.600188-sell/profit-ztp2-2019-09-04-pm: price 11.244246717053144 not WAC+mult*sigma0 (WAC 10.59036537073401, sigma0 0.157698686821258, cands [10.905762744376528, 11.063461431197785])
[   43.7s]     !! [F4R1-A] CHECK FAIL: tp fill sh.600060-sell/profit-ztp-2019-09-10-pm: price 8.180638175173277 not WAC+mult*sigma0 (WAC 8.83328598168908, sigma0 0.12709211678218393, cands [9.087470215253449, 9.214562332035632])
[   43.7s]     !! [F4R1-A] CHECK FAIL: tp fill sh.600060-sell/profit-ztp2-2019-09-10-pm: price 8.30773029195546 not WAC+mult*sigma0 (WAC 8.83328598168908, sigma0 0.12709211678218393, cands [9.087470215253449, 9.214562332035632])
[   43.7s]     !! [F4R1-A] CHECK FAIL: tp fill sz.000703-sell/profit-ztp-2019-09-10-pm: price 13.653506899997096 not WAC+mult*sigma0 (WAC 12.53208345899006, sigma0 0.1690045999980626, cands [12.870092658986186, 13.039097258984247])
[   43.7s]     !! [F4R1-A] CHECK FAIL: tp fill sz.000709-sell/profit-ztp-2019-09-12-pm: price 2.6794524832986633 not WAC+mult*sigma0 (WAC 2.669338993495403, sigma0 0.026301655532442278, cands [2.7219423045602875, 2.7482439600927298])
[   43.7s]     !! [F4R1-A] CHECK FAIL: tp fill sz.000703-sell/profit-ztp-2019-09-12-pm: price 13.653506899997096 not WAC+mult*sigma0 (WAC 12.624768938070698, sigma0 0.1690045999980626, cands [12.962778138066824, 13.131782738064885])
[   43.7s]     !! [F4R1-A] CHECK FAIL: tp fill sz.000703-sell/profit-ztp2-2019-09-12-pm: price 13.822511499995157 not WAC+mult*sigma0 (WAC 12.624768938070698, sigma0 0.1690045999980626, cands [12.962778138066824, 13.131782738064885])
[   43.7s]     !! [F4R1-A] CHECK FAIL: tp fill sz.002746-sell/profit-ztp-2019-10-08-pm: price 16.424912663372726 not WAC+mult*sigma0 (WAC 20.36225828264419, sigma0 0.30327510891515114, cands [20.968808500474495, 21.272083609389647])
[   43.7s]     !! [F4R1-A] CHECK FAIL: tp fill sz.002746-sell/profit-ztp-2019-10-09-am: price 16.424912663372726 not WAC+mult*sigma0 (WAC 20.36225828264419, sigma0 0.30327510891515114, cands [20.968808500474495, 21.272083609389647])
[   43.7s]     !! [F4R1-A] CHECK FAIL: tp fill sh.601666-sell/profit-ztp-2019-10-09-pm: price 3.876816659901579 not WAC+mult*sigma0 (WAC 3.87083352092965, sigma0 0.03787777326771932, cands [3.9465890674650885, 3.9844668407328077])
[   43.7s]     !! [F4R1-A] CHECK FAIL: tp fill sz.002092-sell/profit-ztp-2019-10-09-pm: price 7.116264435463974 not WAC+mult*sigma0 (WAC 7.17606174227628, sigma0 0.07084295697598336, cands [7.317747656228247, 7.38859061320423])
[   43.7s]     !! [F4R1-A] CHECK FAIL: tp fill sz.002746-sell/profit-ztp-2019-10-09-pm: price 16.424912663372726 not WAC+mult*sigma0 (WAC 20.36225828264419, sigma0 0.30327510891515114, cands [20.968808500474495, 21.272083609389647])
[   43.7s]     !! [F4R1-A] CHECK FAIL: tp fill sz.002746-sell/profit-ztp2-2019-10-09-pm: price 16.72818777228788 not WAC+mult*sigma0 (WAC 20.36225828264419, sigma0 0.30327510891515114, cands [20.968808500474495, 21.272083609389647])
[   43.7s]     !! [F4R1-A] CHECK FAIL: tp fill sh.601699-sell/profit-ztp-2019-10-09-pm: price 7.399456406788664 not WAC+mult*sigma0 (WAC 7.165863627661416, sigma0 0.07963760452577544, cands [7.325138836712967, 7.4047764412387425])
[   43.7s]     !! [F4R1-A] CHECK FAIL: tp fill sh.601699-sell/profit-ztp-2019-10-10-am: price 7.399456406788664 not WAC+mult*sigma0 (WAC 7.165863627661416, sigma0 0.07963760452577544, cands [7.325138836712967, 7.4047764412387425])
[   43.7s]     !! [F4R1-A] CHECK FAIL: tp fill sh.601666-sell/profit-ztp-2019-10-10-pm: price 3.876816659901579 not WAC+mult*sigma0 (WAC 3.87083352092965, sigma0 0.03787777326771932, cands [3.9465890674650885, 3.9844668407328077])
[   43.7s]     !! [F4R1-A] CHECK FAIL: tp fill sh.601699-sell/profit-ztp-2019-10-10-pm: price 7.399456406788664 not WAC+mult*sigma0 (WAC 7.165863627661416, sigma0 0.07963760452577544, cands [7.325138836712967, 7.4047764412387425])
[   43.7s]     !! [F4R1-A] CHECK FAIL: tp fill sh.601666-sell/profit-ztp-2019-10-11-am: price 3.876816659901579 not WAC+mult*sigma0 (WAC 3.87083352092965, sigma0 0.03787777326771932, cands [3.9465890674650885, 3.9844668407328077])
[   43.7s]     !! [F4R1-A] CHECK FAIL: tp fill sh.601699-sell/profit-ztp-2019-10-11-am: price 7.399456406788664 not WAC+mult*sigma0 (WAC 7.165863627661416, sigma0 0.07963760452577544, cands [7.325138836712967, 7.4047764412387425])
[   43.7s]     !! [F4R1-A] CHECK FAIL: tp fill sh.601666-sell/profit-ztp-2019-10-11-pm: price 3.876816659901579 not WAC+mult*sigma0 (WAC 3.87083352092965, sigma0 0.03787777326771932, cands [3.9465890674650885, 3.9844668407328077])
[   43.7s]     !! [F4R1-A] CHECK FAIL: tp fill sh.601666-sell/profit-ztp2-2019-10-11-pm: price 3.914694433169298 not WAC+mult*sigma0 (WAC 3.87083352092965, sigma0 0.03787777326771932, cands [3.9465890674650885, 3.9844668407328077])
[   43.7s]     !! [F4R1-A] CHECK FAIL: tp fill sz.002092-sell/profit-ztp-2019-10-11-pm: price 7.116264435463974 not WAC+mult*sigma0 (WAC 7.17606174227628, sigma0 0.07084295697598336, cands [7.317747656228247, 7.38859061320423])
[   43.7s]     !! [F4R1-A] CHECK FAIL: tp fill sh.601699-sell/profit-ztp2-2019-10-11-pm: price 7.479094011314439 not WAC+mult*sigma0 (WAC 7.165863627661416, sigma0 0.07963760452577544, cands [7.325138836712967, 7.4047764412387425])
[   43.7s]     !! [F4R1-A] CHECK FAIL: tp fill sh.600859-sell/profit-ztp-2019-10-11-pm: price 14.621493182290276 not WAC+mult*sigma0 (WAC 17.9542336630937, sigma0 0.15432878819351747, cands [18.262891239480734, 18.41722002767425])
[   43.7s]     !! [F4R1-A] CHECK FAIL: tp fill sz.000528-sell/profit-ztp-2019-10-11-pm: price 6.438797538898998 not WAC+mult*sigma0 (WAC 6.415694379685667, sigma0 0.07919835926599919, cands [6.574091098217665, 6.653289457483664])
[   43.7s]     !! [F4R1-A] CHECK FAIL: tp fill sz.000528-sell/profit-ztp2-2019-10-11-pm: price 6.5179958981649975 not WAC+mult*sigma0 (WAC 6.415694379685667, sigma0 0.07919835926599919, cands [6.574091098217665, 6.653289457483664])
[   43.7s]     !! [F4R1-A] CHECK FAIL: tp fill sz.002092-sell/profit-ztp-2019-10-14-am: price 7.116264435463974 not WAC+mult*sigma0 (WAC 7.17606174227628, sigma0 0.07084295697598336, cands [7.317747656228247, 7.38859061320423])
[   43.7s]     !! [F4R1-A] CHECK FAIL: tp fill sh.600859-sell/profit-ztp-2019-10-14-am: price 14.621493182290276 not WAC+mult*sigma0 (WAC 17.9542336630937, sigma0 0.15432878819351747, cands [18.262891239480734, 18.41722002767425])
[   43.7s]     !! [F4R1-A] CHECK FAIL: tp fill sz.002092-sell/profit-ztp-2019-10-14-pm: price 7.116264435463974 not WAC+mult*sigma0 (WAC 7.17606174227628, sigma0 0.07084295697598336, cands [7.317747656228247, 7.38859061320423])
[   43.7s]     !! [F4R1-A] CHECK FAIL: tp fill sh.600859-sell/profit-ztp-2019-10-14-pm: price 14.621493182290276 not WAC+mult*sigma0 (WAC 17.9542336630937, sigma0 0.15432878819351747, cands [18.262891239480734, 18.41722002767425])
[   43.7s]     !! [F4R1-A] CHECK FAIL: tp fill sh.600177-sell/profit-ztp-2019-11-14-am: price 7.170369755628444 not WAC+mult*sigma0 (WAC 7.699697710143183, sigma0 0.05036975562844481, cands [7.800437221400072, 7.850806977028517])
[   43.7s]     !! [F4R1-A] CHECK FAIL: tp fill sh.603258-sell/profit-ztp-2019-11-14-pm: price 21.666482897303304 not WAC+mult*sigma0 (WAC 29.201499204284147, sigma0 0.5376552648688693, cands [30.276809734021885, 30.814464998890756])
[   43.7s]     !! [F4R1-A] CHECK FAIL: tp fill sh.603258-sell/profit-ztp2-2019-11-14-pm: price 22.204138162172175 not WAC+mult*sigma0 (WAC 29.201499204284147, sigma0 0.5376552648688693, cands [30.276809734021885, 30.814464998890756])
[   43.7s]     !! [F4R1-A] CHECK FAIL: tp fill sz.002128-sell/profit-ztp-2019-11-19-pm: price 8.236671183410696 not WAC+mult*sigma0 (WAC 8.090304929205573, sigma0 0.10444745560713128, cands [8.299199840419835, 8.403647296026966])
[   43.7s]     !! [F4R1-A] CHECK FAIL: tp fill sz.002128-sell/profit-ztp-2019-11-20-pm: price 8.236671183410696 not WAC+mult*sigma0 (WAC 8.090304929205573, sigma0 0.10444745560713128, cands [8.299199840419835, 8.403647296026966])
[   43.7s]     !! [F4R1-A] CHECK FAIL: tp fill sh.600482-sell/profit-ztp-2019-11-20-pm: price 21.54941945733009 not WAC+mult*sigma0 (WAC 28.98338508853669, sigma0 0.2996129715533914, cands [29.582611031643474, 29.882224003196864])
[   43.7s]     !! [F4R1-A] CHECK FAIL: tp fill sz.002128-sell/profit-ztp-2019-11-21-pm: price 8.236671183410696 not WAC+mult*sigma0 (WAC 8.090304929205573, sigma0 0.10444745560713128, cands [8.299199840419835, 8.403647296026966])
[   43.7s]     !! [F4R1-A] CHECK FAIL: tp fill sh.600482-sell/profit-ztp-2019-11-22-am: price 21.54941945733009 not WAC+mult*sigma0 (WAC 28.98338508853669, sigma0 0.2996129715533914, cands [29.582611031643474, 29.882224003196864])
[   43.7s]     !! [F4R1-A] CHECK FAIL: tp fill sz.002128-sell/profit-ztp-2019-11-22-pm: price 8.236671183410696 not WAC+mult*sigma0 (WAC 8.090304929205573, sigma0 0.10444745560713128, cands [8.299199840419835, 8.403647296026966])
[   43.7s]     !! [F4R1-A] CHECK FAIL: tp fill sz.002128-sell/profit-ztp2-2019-11-22-pm: price 8.341118639017827 not WAC+mult*sigma0 (WAC 8.090304929205573, sigma0 0.10444745560713128, cands [8.299199840419835, 8.403647296026966])
[   43.7s]     !! [F4R1-A] CHECK FAIL: tp fill sh.600482-sell/profit-ztp-2019-11-25-pm: price 21.54941945733009 not WAC+mult*sigma0 (WAC 28.98338508853669, sigma0 0.2996129715533914, cands [29.582611031643474, 29.882224003196864])
[   43.7s]     !! [F4R1-A] CHECK FAIL: tp fill sh.600482-sell/profit-ztp2-2019-11-25-pm: price 21.84903242888348 not WAC+mult*sigma0 (WAC 28.98338508853669, sigma0 0.2996129715533914, cands [29.582611031643474, 29.882224003196864])
[   43.7s]     !! [F4R1-A] CHECK FAIL: tp fill sz.000728-sell/profit-ztp-2019-11-26-am: price 8.3734039010709 not WAC+mult*sigma0 (WAC 11.40890969251945, sigma0 0.08893593404726627, cands [11.586781560613982, 11.675717494661248])
[   43.7s]     !! [F4R1-A] CHECK FAIL: tp fill sz.000728-sell/profit-ztp-2019-11-26-pm: price 8.3734039010709 not WAC+mult*sigma0 (WAC 11.40890969251945, sigma0 0.08893593404726627, cands [11.586781560613982, 11.675717494661248])
[   43.7s]     !! [F4R1-A] CHECK FAIL: tp fill sz.000728-sell/profit-ztp-2019-11-28-pm: price 8.3734039010709 not WAC+mult*sigma0 (WAC 11.40890969251945, sigma0 0.08893593404726627, cands [11.586781560613982, 11.675717494661248])
[   43.7s]     !! [F4R1-A] CHECK FAIL: tp fill sz.000728-sell/profit-ztp-2019-11-29-pm: price 8.360664467050103 not WAC+mult*sigma0 (WAC 11.40890969251945, sigma0 0.0825662170368685, cands [11.574042126593186, 11.656608343630054])
[   43.7s]     !! [F4R1-A] CHECK FAIL: tp fill sz.000728-sell/profit-ztp2-2019-11-29-pm: price 8.443230684086972 not WAC+mult*sigma0 (WAC 11.40890969251945, sigma0 0.0825662170368685, cands [11.574042126593186, 11.656608343630054])
[   43.7s]     !! [F4R1-A] CHECK FAIL: tp fill sh.600682-sell/profit-ztp-2019-12-05-pm: price 9.426638524564396 not WAC+mult*sigma0 (WAC 10.152787803009836, sigma0 0.14442568304293069, cands [10.441639169095698, 10.586064852138628])
[   43.7s]     !! [F4R1-A] CHECK FAIL: tp fill sh.600682-sell/profit-ztp2-2019-12-05-pm: price 9.571064207607327 not WAC+mult*sigma0 (WAC 10.152787803009836, sigma0 0.14442568304293069, cands [10.441639169095698, 10.586064852138628])
[   43.7s]     !! [F4R1-A] CHECK FAIL: tp fill sh.600153-sell/profit-ztp-2019-12-06-pm: price 8.450848922223825 not WAC+mult*sigma0 (WAC 7.59255108283798, sigma0 0.09389928148254989, cands [7.78034964580308, 7.87424892728563])
[   43.7s]     !! [F4R1-A] CHECK FAIL: tp fill sh.600153-sell/profit-ztp-2019-12-09-am: price 8.450848922223825 not WAC+mult*sigma0 (WAC 7.59255108283798, sigma0 0.09389928148254989, cands [7.78034964580308, 7.87424892728563])
[   43.7s]     !! [F4R1-A] CHECK FAIL: tp fill sh.600153-sell/profit-ztp-2019-12-09-pm: price 8.450848922223825 not WAC+mult*sigma0 (WAC 7.59255108283798, sigma0 0.09389928148254989, cands [7.78034964580308, 7.87424892728563])
[   43.7s]     !! [F4R1-A] CHECK FAIL: tp fill sh.600153-sell/profit-ztp-2019-12-10-am: price 8.450848922223825 not WAC+mult*sigma0 (WAC 7.59255108283798, sigma0 0.09389928148254989, cands [7.78034964580308, 7.87424892728563])
[   43.7s]     !! [F4R1-A] CHECK FAIL: tp fill sz.002274-sell/profit-ztp-2019-12-10-pm: price 6.103057894297597 not WAC+mult*sigma0 (WAC 7.1458203051027125, sigma0 0.14203859619839793, cands [7.429897497499509, 7.571936093697906])
[   43.7s]     !! [F4R1-A] CHECK FAIL: tp fill sh.600153-sell/profit-ztp2-2019-12-10-pm: price 8.544748203706375 not WAC+mult*sigma0 (WAC 7.59255108283798, sigma0 0.09389928148254989, cands [7.78034964580308, 7.87424892728563])
[   43.7s]     !! [F4R1-A] CHECK FAIL: tp fill sh.600909-sell/profit-ztp-2019-12-10-pm: price 6.139937067915542 not WAC+mult*sigma0 (WAC 6.131343877530229, sigma0 0.06662471194369458, cands [6.2645933014176185, 6.331218013361313])
[   43.7s]     !! [F4R1-A] CHECK FAIL: tp fill sh.600909-sell/profit-ztp-2019-12-12-pm: price 6.139937067915542 not WAC+mult*sigma0 (WAC 6.131343877530229, sigma0 0.06662471194369458, cands [6.2645933014176185, 6.331218013361313])
[   43.7s]     !! [F4R1-A] CHECK FAIL: tp fill sh.600346-sell/profit-ztp-2019-12-12-pm: price 14.919463712072579 not WAC+mult*sigma0 (WAC 14.198913533361173, sigma0 0.2929758080483857, cands [14.784865149457945, 15.07784095750633])
[   43.7s]     !! [F4R1-A] CHECK FAIL: tp fill sh.600909-sell/profit-ztp-2019-12-13-am: price 6.139937067915542 not WAC+mult*sigma0 (WAC 6.131343877530229, sigma0 0.06662471194369458, cands [6.2645933014176185, 6.331218013361313])
[   43.7s]     !! [F4R1-A] CHECK FAIL: tp fill sh.600909-sell/profit-ztp2-2019-12-13-am: price 6.2065617798592365 not WAC+mult*sigma0 (WAC 6.131343877530229, sigma0 0.06662471194369458, cands [6.2645933014176185, 6.331218013361313])
[   43.7s]     !! [F4R1-A] CHECK FAIL: tp fill sh.600346-sell/profit-ztp-2019-12-13-am: price 14.919463712072579 not WAC+mult*sigma0 (WAC 14.198913533361173, sigma0 0.2929758080483857, cands [14.784865149457945, 15.07784095750633])
[   43.7s]     !! [F4R1-A] CHECK FAIL: tp fill sh.600346-sell/profit-ztp-2019-12-13-pm: price 14.919463712072579 not WAC+mult*sigma0 (WAC 14.198913533361173, sigma0 0.2929758080483857, cands [14.784865149457945, 15.07784095750633])
[   43.7s]     !! [F4R1-A] CHECK FAIL: tp fill sz.002274-sell/profit-ztp-2019-12-16-am: price 6.103057894297597 not WAC+mult*sigma0 (WAC 7.1458203051027125, sigma0 0.14203859619839793, cands [7.429897497499509, 7.571936093697906])
[   43.7s]     !! [F4R1-A] CHECK FAIL: tp fill sz.002274-sell/profit-ztp-2019-12-16-pm: price 6.103057894297597 not WAC+mult*sigma0 (WAC 7.1458203051027125, sigma0 0.14203859619839793, cands [7.429897497499509, 7.571936093697906])
[   43.7s]     !! [F4R1-A] CHECK FAIL: tp fill sz.002274-sell/profit-ztp-2019-12-17-am: price 6.103057894297597 not WAC+mult*sigma0 (WAC 7.1458203051027125, sigma0 0.14203859619839793, cands [7.429897497499509, 7.571936093697906])
[   43.7s]     !! [F4R1-A] CHECK FAIL: tp fill sz.002274-sell/profit-ztp-2019-12-17-pm: price 6.103057894297597 not WAC+mult*sigma0 (WAC 7.1458203051027125, sigma0 0.14203859619839793, cands [7.429897497499509, 7.571936093697906])
[   43.7s]     !! [F4R1-A] CHECK FAIL: tp fill sz.002274-sell/profit-ztp2-2019-12-17-pm: price 6.245096490495994 not WAC+mult*sigma0 (WAC 7.1458203051027125, sigma0 0.14203859619839793, cands [7.429897497499509, 7.571936093697906])
[   43.7s]     !! [F4R1-A] CHECK FAIL: tp fill sh.600346-sell/profit-ztp2-2019-12-26-pm: price 15.212439520120965 not WAC+mult*sigma0 (WAC 14.198913533361173, sigma0 0.2929758080483857, cands [14.784865149457945, 15.07784095750633])
[   43.7s]     !! [F4R1-A] CHECK FAIL: tp fill sh.603609-sell/profit-ztp-2020-01-03-pm: price 12.317574063566298 not WAC+mult*sigma0 (WAC 12.081617290955801, sigma0 0.13838270904419872, cands [12.358382709044198, 12.496765418088398])
[   43.7s]     !! [F4R1-A] CHECK FAIL: tp fill sz.002746-sell/profit-ztp-2020-01-06-pm: price 16.260910756651477 not WAC+mult*sigma0 (WAC 18.569780519086997, sigma0 0.2539405044343175, cands [19.077661527955634, 19.33160203238995])
[   43.7s]     !! [F4R1-A] CHECK FAIL: tp fill sz.002746-sell/profit-ztp2-2020-01-06-pm: price 16.514851261085795 not WAC+mult*sigma0 (WAC 18.569780519086997, sigma0 0.2539405044343175, cands [19.077661527955634, 19.33160203238995])
[   43.7s]     !! [F4R1-A] CHECK FAIL: tp fill sz.000708-sell/profit-ztp-2020-01-06-pm: price 23.469608212370044 not WAC+mult*sigma0 (WAC 13.032060929806365, sigma0 0.4330721415800292, cands [13.898205212966424, 14.331277354546453])
[   43.7s]     !! [F4R1-A] CHECK FAIL: tp fill sz.000708-sell/profit-ztp2-2020-01-06-pm: price 23.902680353950075 not WAC+mult*sigma0 (WAC 13.032060929806365, sigma0 0.4330721415800292, cands [13.898205212966424, 14.331277354546453])
[   43.7s]     !! [F4R1-A] CHECK FAIL: tp fill sz.000090-sell/profit-ztp-2020-01-07-pm: price 5.39076167222839 not WAC+mult*sigma0 (WAC 8.07194416220116, sigma0 0.047174448152259275, cands [8.166293058505678, 8.213467506657937])
[   43.7s]     !! [F4R1-A] CHECK FAIL: tp fill sz.000090-sell/profit-ztp2-2020-01-07-pm: price 5.437936120380649 not WAC+mult*sigma0 (WAC 8.07194416220116, sigma0 0.047174448152259275, cands [8.166293058505678, 8.213467506657937])
[   43.7s]     !! [F4R1-A] CHECK FAIL: tp fill sh.601058-sell/profit-ztp-2020-01-09-am: price 4.607667402168292 not WAC+mult*sigma0 (WAC 3.8286914678258115, sigma0 0.05844493477886103, cands [3.9455813373835333, 4.0040262721623945])
[   43.7s]     !! [F4R1-A] CHECK FAIL: tp fill sh.600233-sell/profit-ztp-2020-01-09-pm: price 12.957169031346307 not WAC+mult*sigma0 (WAC 12.693553979102463, sigma0 0.13144602089753776, cands [12.956446020897538, 13.087892041795076])
[   43.7s]     !! [F4R1-A] CHECK FAIL: tp fill sh.601058-sell/profit-ztp-2020-01-09-pm: price 4.607667402168292 not WAC+mult*sigma0 (WAC 3.8286914678258115, sigma0 0.05844493477886103, cands [3.9455813373835333, 4.0040262721623945])
[   43.7s]     !! [F4R1-A] CHECK FAIL: tp fill sh.601886-sell/profit-ztp-2020-01-09-pm: price 7.681773226751745 not WAC+mult*sigma0 (WAC 7.365578307511351, sigma0 0.08784881783449734, cands [7.541275943180345, 7.629124761014843])
[   43.7s]     !! [F4R1-A] CHECK FAIL: tp fill sh.601886-sell/profit-ztp2-2020-01-09-pm: price 7.769622044586243 not WAC+mult*sigma0 (WAC 7.365578307511351, sigma0 0.08784881783449734, cands [7.541275943180345, 7.629124761014843])
[   43.7s]     !! [F4R1-A] CHECK FAIL: tp fill sh.601058-sell/profit-ztp-2020-01-13-am: price 4.607667402168292 not WAC+mult*sigma0 (WAC 3.8286914678258115, sigma0 0.05844493477886103, cands [3.9455813373835333, 4.0040262721623945])
[   43.7s]     !! [F4R1-A] CHECK FAIL: tp fill sh.601058-sell/profit-ztp-2020-01-13-pm: price 4.607667402168292 not WAC+mult*sigma0 (WAC 3.8286914678258115, sigma0 0.05844493477886103, cands [3.9455813373835333, 4.0040262721623945])
[   43.7s]     !! [F4R1-A] CHECK FAIL: tp fill sh.601058-sell/profit-ztp2-2020-01-13-pm: price 4.666112336947153 not WAC+mult*sigma0 (WAC 3.8286914678258115, sigma0 0.05844493477886103, cands [3.9455813373835333, 4.0040262721623945])
[   43.7s]     !! [F4R1-A] CHECK FAIL: tp fill sh.600926-sell/profit-ztp-2020-01-13-pm: price 9.611611538731454 not WAC+mult*sigma0 (WAC 11.394531577226328, sigma0 0.0810743591543018, cands [11.556680295534932, 11.637754654689234])
[   43.7s]     !! [F4R1-A] CHECK FAIL: tp fill sh.600926-sell/profit-ztp2-2020-01-13-pm: price 9.692685897885756 not WAC+mult*sigma0 (WAC 11.394531577226328, sigma0 0.0810743591543018, cands [11.556680295534932, 11.637754654689234])
[   43.7s]     !! [F4R1-A] CHECK FAIL: tp fill sz.000543-sell/profit-ztp-2020-01-14-pm: price 4.819134762621252 not WAC+mult*sigma0 (WAC 5.042339481575084, sigma0 0.05942317508083448, cands [5.161185831736753, 5.220609006817587])
[   43.7s]     !! [F4R1-A] CHECK FAIL: tp fill sz.000550-sell/profit-ztp-2020-01-17-pm: price 16.029410097955022 not WAC+mult*sigma0 (WAC 26.894441303122854, sigma0 0.24627339863668107, cands [27.386988100396216, 27.633261499032898])
[   43.7s]     !! [F4R1-A] CHECK FAIL: tp fill sh.603708-sell/profit-ztp-2020-02-04-am: price 23.10297802213503 not WAC+mult*sigma0 (WAC 20.117371089122166, sigma0 0.40397069618004067, cands [20.925312481482248, 21.329283177662287])
[   43.7s]     !! [F4R1-A] CHECK FAIL: tp fill sh.603708-sell/profit-ztp-2020-02-04-pm: price 23.10297802213503 not WAC+mult*sigma0 (WAC 20.117371089122166, sigma0 0.40397069618004067, cands [20.925312481482248, 21.329283177662287])
[   43.7s]     !! [F4R1-A] CHECK FAIL: tp fill sh.603708-sell/profit-ztp-2020-02-05-am: price 23.10297802213503 not WAC+mult*sigma0 (WAC 20.117371089122166, sigma0 0.40397069618004067, cands [20.925312481482248, 21.329283177662287])
[   43.7s]     !! [F4R1-A] CHECK FAIL: tp fill sh.603708-sell/profit-ztp-2020-02-05-pm: price 23.10297802213503 not WAC+mult*sigma0 (WAC 20.117371089122166, sigma0 0.40397069618004067, cands [20.925312481482248, 21.329283177662287])
[   43.7s]     !! [F4R1-A] CHECK FAIL: tp fill sh.603708-sell/profit-ztp2-2020-02-06-am: price 23.50694871831507 not WAC+mult*sigma0 (WAC 20.117371089122166, sigma0 0.40397069618004067, cands [20.925312481482248, 21.329283177662287])
[   43.7s]     !! [F4R1-A] CHECK FAIL: tp fill sh.600337-sell/profit-ztp-2020-02-06-pm: price 4.341096177591688 not WAC+mult*sigma0 (WAC 5.9916849251352, sigma0 0.10156596798812693, cands [6.194816861111454, 6.2963828290995805])
[   43.7s]     !! [F4R1-A] CHECK FAIL: tp fill sh.600337-sell/profit-ztp2-2020-02-06-pm: price 4.442662145579815 not WAC+mult*sigma0 (WAC 5.9916849251352, sigma0 0.10156596798812693, cands [6.194816861111454, 6.2963828290995805])
[   43.7s]     !! [F4R1-A] CHECK FAIL: tp fill sh.600015-sell/profit-ztp-2020-02-07-am: price 7.145192153906134 not WAC+mult*sigma0 (WAC 7.324725764380961, sigma0 0.043461435937423465, cands [7.4116486362558085, 7.455110072193231])
[   43.7s]     !! [F4R1-A] CHECK FAIL: tp fill sh.600015-sell/profit-ztp-2020-02-10-pm: price 7.145192153906134 not WAC+mult*sigma0 (WAC 7.324725764380961, sigma0 0.043461435937423465, cands [7.4116486362558085, 7.455110072193231])
[   43.7s]     !! [F4R1-A] CHECK FAIL: tp fill sh.600015-sell/profit-ztp-2020-02-17-am: price 7.145192153906134 not WAC+mult*sigma0 (WAC 7.324725764380961, sigma0 0.043461435937423465, cands [7.4116486362558085, 7.455110072193231])
[   43.7s]     !! [F4R1-A] CHECK FAIL: tp fill sh.600015-sell/profit-ztp-2020-02-17-pm: price 7.145192153906134 not WAC+mult*sigma0 (WAC 7.324725764380961, sigma0 0.043461435937423465, cands [7.4116486362558085, 7.455110072193231])
[   43.7s]     !! [F4R1-A] CHECK FAIL: tp fill sh.600015-sell/profit-ztp2-2020-02-17-pm: price 7.1886535898435575 not WAC+mult*sigma0 (WAC 7.324725764380961, sigma0 0.043461435937423465, cands [7.4116486362558085, 7.455110072193231])
[   43.7s]     !! [F4R1-A] CHECK FAIL: tp fill sh.601717-sell/profit-ztp-2020-03-04-pm: price 6.5098400586393526 not WAC+mult*sigma0 (WAC 6.149547676996176, sigma0 0.17989337242623446, cands [6.509334421848645, 6.6892277942748795])
[   43.7s]     !! [F4R1-A] CHECK FAIL: tp fill sh.601717-sell/profit-ztp-2020-03-05-am: price 6.5098400586393526 not WAC+mult*sigma0 (WAC 6.149547676996176, sigma0 0.17989337242623446, cands [6.509334421848645, 6.6892277942748795])
[   43.7s]     !! [F4R1-A] CHECK FAIL: tp fill sh.601717-sell/profit-ztp2-2020-03-05-am: price 6.689733431065587 not WAC+mult*sigma0 (WAC 6.149547676996176, sigma0 0.17989337242623446, cands [6.509334421848645, 6.6892277942748795])
[   43.7s]     !! [F4R1-A] CHECK FAIL: tp fill sz.000966-sell/profit-ztp-2020-03-10-am: price 4.514856144538008 not WAC+mult*sigma0 (WAC 4.736046134528423, sigma0 0.12323742969200573, cands [4.982520993912434, 5.10575842360444])
[   43.7s]     !! [F4R1-A] CHECK FAIL: tp fill sh.603360-sell/profit-ztp-2020-04-01-pm: price 25.17041990425837 not WAC+mult*sigma0 (WAC 28.016932947285913, sigma0 0.6402799361722477, cands [29.297492819630406, 29.937772755802655])
[   43.7s]     !! [F4R1-A] CHECK FAIL: tp fill sh.603360-sell/profit-ztp-2020-04-02-am: price 25.17041990425837 not WAC+mult*sigma0 (WAC 28.016932947285913, sigma0 0.6402799361722477, cands [29.297492819630406, 29.937772755802655])
[   43.7s]     !! [F4R1-A] CHECK FAIL: tp fill sh.603360-sell/profit-ztp2-2020-04-02-pm: price 25.81069984043062 not WAC+mult*sigma0 (WAC 28.016932947285913, sigma0 0.6402799361722477, cands [29.297492819630406, 29.937772755802655])
[   43.7s]     !! [F4R1-A] CHECK FAIL: tp fill sh.600761-sell/profit-ztp-2020-04-08-pm: price 9.506606495192408 not WAC+mult*sigma0 (WAC 9.758957083500173, sigma0 0.19107099679493797, cands [10.141099077090049, 10.332170073884987])
[   43.7s]     !! [F4R1-A] CHECK FAIL: tp fill sz.002091-sell/profit-ztp-2020-04-09-pm: price 6.19991206525603 not WAC+mult*sigma0 (WAC 11.25266462162739, sigma0 0.16660804350402023, cands [11.58588070863543, 11.75248875213945])
[   43.7s]     !! [F4R1-A] CHECK FAIL: tp fill sz.002091-sell/profit-ztp2-2020-04-09-pm: price 6.366520108760051 not WAC+mult*sigma0 (WAC 11.25266462162739, sigma0 0.16660804350402023, cands [11.58588070863543, 11.75248875213945])
[   43.7s]     !! [F4R1-A] CHECK FAIL: tp fill sh.600761-sell/profit-ztp-2020-04-10-pm: price 9.506606495192408 not WAC+mult*sigma0 (WAC 9.758957083500173, sigma0 0.19107099679493797, cands [10.141099077090049, 10.332170073884987])
[   43.7s]     !! [F4R1-A] CHECK FAIL: tp fill sh.600761-sell/profit-ztp2-2020-04-10-pm: price 9.697677491987346 not WAC+mult*sigma0 (WAC 9.758957083500173, sigma0 0.19107099679493797, cands [10.141099077090049, 10.332170073884987])
[   43.7s]     !! [F4R1-A] CHECK FAIL: tp fill sh.603313-sell/profit-ztp-2020-04-14-pm: price 18.996853824347838 not WAC+mult*sigma0 (WAC 20.007468426222836, sigma0 0.7445692162318905, cands [21.49660685868662, 22.241176074918506])
[   43.7s]     !! [F4R1-A] CHECK FAIL: tp fill sh.603313-sell/profit-ztp-2020-04-15-am: price 18.996853824347838 not WAC+mult*sigma0 (WAC 20.007468426222836, sigma0 0.7445692162318905, cands [21.49660685868662, 22.241176074918506])
[   43.7s]     !! [F4R1-A] CHECK FAIL: tp fill sh.603313-sell/profit-ztp-2020-04-16-pm: price 18.996853824347838 not WAC+mult*sigma0 (WAC 20.007468426222836, sigma0 0.7445692162318905, cands [21.49660685868662, 22.241176074918506])
[   43.7s]     !! [F4R1-A] CHECK FAIL: tp fill sh.603313-sell/profit-ztp2-2020-04-16-pm: price 19.741423040579726 not WAC+mult*sigma0 (WAC 20.007468426222836, sigma0 0.7445692162318905, cands [21.49660685868662, 22.241176074918506])
[   43.7s]     !! [F4R1-A] CHECK FAIL: tp fill sh.600926-sell/profit-ztp-2020-04-28-pm: price 7.940489145664817 not WAC+mult*sigma0 (WAC 10.201977226598954, sigma0 0.1469927637765448, cands [10.495962754152044, 10.642955517928588])
[   43.7s]     !! [F4R1-A] CHECK FAIL: tp fill sz.002244-sell/profit-ztp-2020-04-28-pm: price 4.3810876393935105 not WAC+mult*sigma0 (WAC 5.167094716990349, sigma0 0.12072509292900688, cands [5.408544902848363, 5.52926999577737])
[   43.7s]     !! [F4R1-A] CHECK FAIL: tp fill sh.601058-sell/profit-ztp-2020-04-28-pm: price 4.2981558175175785 not WAC+mult*sigma0 (WAC 3.895622965543745, sigma0 0.13210387834505274, cands [4.15983072223385, 4.291934600578903])
[   43.7s]     !! [F4R1-A] CHECK FAIL: tp fill sh.600926-sell/profit-ztp-2020-04-29-am: price 7.940489145664817 not WAC+mult*sigma0 (WAC 10.201977226598954, sigma0 0.1469927637765448, cands [10.495962754152044, 10.642955517928588])
[   43.7s]     !! [F4R1-A] CHECK FAIL: tp fill sz.002244-sell/profit-ztp-2020-04-29-am: price 4.3810876393935105 not WAC+mult*sigma0 (WAC 5.167094716990349, sigma0 0.12072509292900688, cands [5.408544902848363, 5.52926999577737])
[   43.7s]     !! [F4R1-A] CHECK FAIL: tp fill sh.601058-sell/profit-ztp-2020-04-29-am: price 4.2981558175175785 not WAC+mult*sigma0 (WAC 3.895622965543745, sigma0 0.13210387834505274, cands [4.15983072223385, 4.291934600578903])
[   43.7s]     !! [F4R1-A] CHECK FAIL: tp fill sh.600926-sell/profit-ztp-2020-04-29-pm: price 7.940489145664817 not WAC+mult*sigma0 (WAC 10.201977226598954, sigma0 0.1469927637765448, cands [10.495962754152044, 10.642955517928588])
[   43.7s]     !! [F4R1-A] CHECK FAIL: tp fill sh.600926-sell/profit-ztp2-2020-04-29-pm: price 8.087481909441362 not WAC+mult*sigma0 (WAC 10.201977226598954, sigma0 0.1469927637765448, cands [10.495962754152044, 10.642955517928588])
[   43.7s]     !! [F4R1-A] CHECK FAIL: tp fill sz.002244-sell/profit-ztp-2020-04-29-pm: price 4.3810876393935105 not WAC+mult*sigma0 (WAC 5.167094716990349, sigma0 0.12072509292900688, cands [5.408544902848363, 5.52926999577737])
[   43.7s]     !! [F4R1-A] CHECK FAIL: tp fill sh.601058-sell/profit-ztp-2020-04-29-pm: price 4.2981558175175785 not WAC+mult*sigma0 (WAC 3.895622965543745, sigma0 0.13210387834505274, cands [4.15983072223385, 4.291934600578903])
[   43.7s]     !! [F4R1-A] CHECK FAIL: tp fill sh.601058-sell/profit-ztp2-2020-04-29-pm: price 4.430259695862632 not WAC+mult*sigma0 (WAC 3.895622965543745, sigma0 0.13210387834505274, cands [4.15983072223385, 4.291934600578903])
[   43.7s]     !! [F4R1-A] CHECK FAIL: tp fill sz.002244-sell/profit-ztp-2020-04-30-am: price 4.3810876393935105 not WAC+mult*sigma0 (WAC 5.167094716990349, sigma0 0.12072509292900688, cands [5.408544902848363, 5.52926999577737])
[   43.7s]     !! [F4R1-A] CHECK FAIL: tp fill sz.000402-sell/profit-ztp-2020-04-30-am: price 6.822355855144741 not WAC+mult*sigma0 (WAC 7.856918610343034, sigma0 0.12157057009649398, cands [8.100059750536023, 8.221630320632515])
[   43.7s]     !! [F4R1-A] CHECK FAIL: tp fill sz.000402-sell/profit-ztp2-2020-04-30-am: price 6.9439264252412345 not WAC+mult*sigma0 (WAC 7.856918610343034, sigma0 0.12157057009649398, cands [8.100059750536023, 8.221630320632515])
[   43.7s]     !! [F4R1-A] CHECK FAIL: tp fill sz.000983-sell/profit-ztp-2020-05-08-pm: price 4.819008206788269 not WAC+mult*sigma0 (WAC 5.531488533687957, sigma0 0.05933880452551224, cands [5.650166142738982, 5.709504947264494])
[   43.7s]     !! [F4R1-A] CHECK FAIL: tp fill sh.600682-sell/profit-ztp-2020-05-13-am: price 8.412783639414862 not WAC+mult*sigma0 (WAC 9.392471498814913, sigma0 0.16185575960990747, cands [9.716183018034728, 9.878038777644635])
[   43.7s]     !! [F4R1-A] CHECK FAIL: tp fill sh.600682-sell/profit-ztp2-2020-05-13-am: price 8.574639399024768 not WAC+mult*sigma0 (WAC 9.392471498814913, sigma0 0.16185575960990747, cands [9.716183018034728, 9.878038777644635])
[   43.7s]     !! [F4R1-A] CHECK FAIL: tp fill sz.000983-sell/profit-ztp-2020-05-26-pm: price 4.819008206788269 not WAC+mult*sigma0 (WAC 5.531488533687957, sigma0 0.05933880452551224, cands [5.650166142738982, 5.709504947264494])
[   43.7s]     !! [F4R1-A] CHECK FAIL: tp fill sz.000983-sell/profit-ztp-2020-05-27-am: price 4.819008206788269 not WAC+mult*sigma0 (WAC 5.531488533687957, sigma0 0.05933880452551224, cands [5.650166142738982, 5.709504947264494])
[   43.7s]     !! [F4R1-A] CHECK FAIL: tp fill sz.000983-sell/profit-ztp-2020-05-27-pm: price 4.819008206788269 not WAC+mult*sigma0 (WAC 5.531488533687957, sigma0 0.05933880452551224, cands [5.650166142738982, 5.709504947264494])
[   43.7s]     !! [F4R1-A] CHECK FAIL: tp fill sz.000983-sell/profit-ztp-2020-05-29-am: price 4.819008206788269 not WAC+mult*sigma0 (WAC 5.531488533687957, sigma0 0.05933880452551224, cands [5.650166142738982, 5.709504947264494])
[   43.7s]     !! [F4R1-A] CHECK FAIL: tp fill sz.002369-sell/profit-ztp-2020-05-29-am: price 9.157085009010943 not WAC+mult*sigma0 (WAC 9.02968476130582, sigma0 0.2820850090109423, cands [9.593854779327705, 9.875939788338647])
[   43.7s]     !! [F4R1-A] CHECK FAIL: tp fill sh.600409-sell/profit-ztp-2020-06-02-pm: price 4.772628887412553 not WAC+mult*sigma0 (WAC 5.361801649745277, sigma0 0.05508592494170197, cands [5.471973499628681, 5.527059424570383])
[   43.7s]     !! [F4R1-A] CHECK FAIL: tp fill sh.600409-sell/profit-ztp2-2020-06-02-pm: price 4.827714812354255 not WAC+mult*sigma0 (WAC 5.361801649745277, sigma0 0.05508592494170197, cands [5.471973499628681, 5.527059424570383])
[   43.7s]     !! [F4R1-A] CHECK FAIL: tp fill sh.600390-sell/profit-ztp-2020-06-10-pm: price 6.9741026708872464 not WAC+mult*sigma0 (WAC 7.317889448914597, sigma0 0.08940178059149792, cands [7.496693010097593, 7.586094790689091])
[   43.7s]     !! [F4R1-A] CHECK FAIL: tp fill sh.600390-sell/profit-ztp2-2020-06-10-pm: price 7.063504451478745 not WAC+mult*sigma0 (WAC 7.317889448914597, sigma0 0.08940178059149792, cands [7.496693010097593, 7.586094790689091])
[   43.7s]     !! [F4R1-A] CHECK FAIL: tp fill sh.600373-sell/profit-ztp-2020-06-12-am: price 11.963069186547088 not WAC+mult*sigma0 (WAC 11.741051113615553, sigma0 0.178069186547088, cands [12.097189486709729, 12.275258673256817])
[   43.7s]     !! [F4R1-A] CHECK FAIL: tp fill sh.600373-sell/profit-ztp-2020-06-12-pm: price 11.963069186547088 not WAC+mult*sigma0 (WAC 11.741051113615553, sigma0 0.178069186547088, cands [12.097189486709729, 12.275258673256817])
[   43.7s]     !! [F4R1-A] CHECK FAIL: tp fill sh.600373-sell/profit-ztp2-2020-06-12-pm: price 12.141138373094176 not WAC+mult*sigma0 (WAC 11.741051113615553, sigma0 0.178069186547088, cands [12.097189486709729, 12.275258673256817])
[   43.7s]     !! [F4R1-A] CHECK FAIL: tp fill sh.603238-sell/profit-ztp-2020-06-15-am: price 38.37945030337453 not WAC+mult*sigma0 (WAC 37.052033131083654, sigma0 0.8529668689163553, cands [38.75796686891636, 39.61093373783272])
[   43.7s]     !! [F4R1-A] CHECK FAIL: tp fill sh.600782-sell/profit-ztp-2020-06-15-pm: price 4.185316665250708 not WAC+mult*sigma0 (WAC 4.140402900038254, sigma0 0.050211110167138556, cands [4.240825120372531, 4.291036230539669])
[   43.7s]     !! [F4R1-A] CHECK FAIL: tp fill sh.600782-sell/profit-ztp2-2020-06-15-pm: price 4.235527775417847 not WAC+mult*sigma0 (WAC 4.140402900038254, sigma0 0.050211110167138556, cands [4.240825120372531, 4.291036230539669])
[   43.7s]     !! [F4R1-A] CHECK FAIL: tp fill sh.600664-sell/profit-ztp-2020-06-15-pm: price 3.5953235562533004 not WAC+mult*sigma0 (WAC 3.552052917913807, sigma0 0.036882370835533564, cands [3.625817659584874, 3.6627000304204076])
[   43.7s]     !! [F4R1-A] CHECK FAIL: tp fill sh.600664-sell/profit-ztp2-2020-06-15-pm: price 3.632205927088834 not WAC+mult*sigma0 (WAC 3.552052917913807, sigma0 0.036882370835533564, cands [3.625817659584874, 3.6627000304204076])
[   43.7s]     !! [F4R1-A] CHECK FAIL: tp fill sh.600739-sell/profit-ztp-2020-06-16-pm: price 19.781730423355587 not WAC+mult*sigma0 (WAC 14.58390835610362, sigma0 0.3011536155703921, cands [15.186215587244405, 15.487369202814797])
[   43.7s]     !! [F4R1-A] CHECK FAIL: tp fill sh.601700-sell/profit-ztp-2020-06-19-am: price 5.383203561962124 not WAC+mult*sigma0 (WAC 5.6058798038027975, sigma0 0.06880237464141581, cands [5.743484553085629, 5.812286927727045])
[   43.7s]     !! [F4R1-A] CHECK FAIL: tp fill sh.601700-sell/profit-ztp2-2020-06-19-am: price 5.452005936603539 not WAC+mult*sigma0 (WAC 5.6058798038027975, sigma0 0.06880237464141581, cands [5.743484553085629, 5.812286927727045])
[   43.7s]     !! [F4R1-A] CHECK FAIL: tp fill sh.600864-sell/profit-ztp-2020-06-19-pm: price 6.582145931070345 not WAC+mult*sigma0 (WAC 6.300796928005675, sigma0 0.10809728738022996, cands [6.516991502766135, 6.625088790146365])
[   43.7s]     !! [F4R1-A] CHECK FAIL: tp fill sh.600864-sell/profit-ztp2-2020-06-19-pm: price 6.690243218450575 not WAC+mult*sigma0 (WAC 6.300796928005675, sigma0 0.10809728738022996, cands [6.516991502766135, 6.625088790146365])
[   43.7s]     !! [F4R1-A] CHECK FAIL: tp fill sh.601058-sell/profit-ztp-2020-07-01-pm: price 3.609843926630209 not WAC+mult*sigma0 (WAC 3.792072237096738, sigma0 0.05322928442013933, cands [3.8985308059370167, 3.9517600903571557])
[   43.7s]     !! [F4R1-A] CHECK FAIL: tp fill sh.601328-sell/profit-ztp-2020-07-01-pm: price 5.165098560724099 not WAC+mult*sigma0 (WAC 5.1471218553239435, sigma0 0.023399040482732177, cands [5.193919936289408, 5.21731897677214])
[   43.7s]     !! [F4R1-A] CHECK FAIL: tp fill sh.601328-sell/profit-ztp2-2020-07-01-pm: price 5.188497601206831 not WAC+mult*sigma0 (WAC 5.1471218553239435, sigma0 0.023399040482732177, cands [5.193919936289408, 5.21731897677214])
[   43.7s]     !! [F4R1-A] CHECK FAIL: tp fill sh.601058-sell/profit-ztp-2020-07-02-am: price 3.609843926630209 not WAC+mult*sigma0 (WAC 3.792072237096738, sigma0 0.05322928442013933, cands [3.8985308059370167, 3.9517600903571557])
[   43.7s]     !! [F4R1-A] CHECK FAIL: tp fill sz.000528-sell/profit-ztp-2020-07-02-am: price 6.543063477727556 not WAC+mult*sigma0 (WAC 6.394756332653149, sigma0 0.06204231848503737, cands [6.5188409696232235, 6.580883288108261])
[   43.7s]     !! [F4R1-A] CHECK FAIL: tp fill sz.002665-sell/profit-ztp-2020-07-02-am: price 2.4978567061351478 not WAC+mult*sigma0 (WAC 2.516350962309803, sigma0 0.038571137423431934, cands [2.593493237156667, 2.6320643745800987])
[   43.7s]     !! [F4R1-A] CHECK FAIL: tp fill sh.601058-sell/profit-ztp-2020-07-02-pm: price 3.609843926630209 not WAC+mult*sigma0 (WAC 3.792072237096738, sigma0 0.05322928442013933, cands [3.8985308059370167, 3.9517600903571557])
[   43.7s]     !! [F4R1-A] CHECK FAIL: tp fill sh.601058-sell/profit-ztp2-2020-07-02-pm: price 3.663073211050348 not WAC+mult*sigma0 (WAC 3.792072237096738, sigma0 0.05322928442013933, cands [3.8985308059370167, 3.9517600903571557])
[   43.7s]     !! [F4R1-A] CHECK FAIL: tp fill sz.000703-sell/profit-ztp-2020-07-02-pm: price 9.308911268648895 not WAC+mult*sigma0 (WAC 12.140077207031563, sigma0 0.11927417909926348, cands [12.37862556523009, 12.497899744329354])
[   43.7s]     !! [F4R1-A] CHECK FAIL: tp fill sz.000703-sell/profit-ztp2-2020-07-02-pm: price 9.42818544774816 not WAC+mult*sigma0 (WAC 12.140077207031563, sigma0 0.11927417909926348, cands [12.37862556523009, 12.497899744329354])
[   43.7s]     !! [F4R1-A] CHECK FAIL: tp fill sz.000528-sell/profit-ztp-2020-07-02-pm: price 6.543063477727556 not WAC+mult*sigma0 (WAC 6.394756332653149, sigma0 0.06204231848503737, cands [6.5188409696232235, 6.580883288108261])
[   43.7s]     !! [F4R1-A] CHECK FAIL: tp fill sz.000528-sell/profit-ztp2-2020-07-02-pm: price 6.605105796212594 not WAC+mult*sigma0 (WAC 6.394756332653149, sigma0 0.06204231848503737, cands [6.5188409696232235, 6.580883288108261])
[   43.7s]     !! [F4R1-A] CHECK FAIL: tp fill sz.002665-sell/profit-ztp-2020-07-02-pm: price 2.4978567061351478 not WAC+mult*sigma0 (WAC 2.516350962309803, sigma0 0.038571137423431934, cands [2.593493237156667, 2.6320643745800987])
[   43.7s]     !! [F4R1-A] CHECK FAIL: tp fill sz.002665-sell/profit-ztp2-2020-07-02-pm: price 2.5364278435585796 not WAC+mult*sigma0 (WAC 2.516350962309803, sigma0 0.038571137423431934, cands [2.593493237156667, 2.6320643745800987])
[   43.7s]     !! [F4R1-A] CHECK FAIL: tp fill sh.603008-sell/profit-ztp-2020-07-03-pm: price 11.292139227459614 not WAC+mult*sigma0 (WAC 11.135438680541741, sigma0 0.24213922745961458, cands [11.61971713546097, 11.861856362920584])
[   43.7s]     !! [F4R1-A] CHECK FAIL: tp fill sh.600390-sell/profit-ztp-2020-07-03-pm: price 7.594012494504559 not WAC+mult*sigma0 (WAC 7.348438713222425, sigma0 0.07600832966970593, cands [7.500455372561837, 7.576463702231543])
[   43.7s]     !! [F4R1-A] CHECK FAIL: tp fill sh.600390-sell/profit-ztp2-2020-07-03-pm: price 7.670020824174265 not WAC+mult*sigma0 (WAC 7.348438713222425, sigma0 0.07600832966970593, cands [7.500455372561837, 7.576463702231543])
[   43.7s]     !! [F4R1-A] CHECK FAIL: tp fill sh.603008-sell/profit-ztp-2020-07-06-am: price 11.292139227459614 not WAC+mult*sigma0 (WAC 11.135438680541741, sigma0 0.24213922745961458, cands [11.61971713546097, 11.861856362920584])
[   43.7s]     !! [F4R1-A] CHECK FAIL: tp fill sh.603008-sell/profit-ztp-2020-07-06-pm: price 11.292139227459614 not WAC+mult*sigma0 (WAC 11.135438680541741, sigma0 0.24213922745961458, cands [11.61971713546097, 11.861856362920584])
[   43.7s]     !! [F4R1-A] CHECK FAIL: tp fill sh.603008-sell/profit-ztp-2020-07-07-am: price 11.292139227459614 not WAC+mult*sigma0 (WAC 11.135438680541741, sigma0 0.24213922745961458, cands [11.61971713546097, 11.861856362920584])
[   43.7s]     !! [F4R1-A] CHECK FAIL: tp fill sh.603008-sell/profit-ztp2-2020-07-07-am: price 11.534278454919228 not WAC+mult*sigma0 (WAC 11.135438680541741, sigma0 0.24213922745961458, cands [11.61971713546097, 11.861856362920584])
[   43.7s]     !! [F4R1-A] CHECK FAIL: tp fill sh.600782-sell/profit-ztp-2020-07-07-pm: price 4.652246373033308 not WAC+mult*sigma0 (WAC 4.2350979808460965, sigma0 0.06816424868887262, cands [4.3714264782238414, 4.439590726912714])
[   43.7s]     !! [F4R1-A] CHECK FAIL: tp fill sh.600782-sell/profit-ztp-2020-07-08-am: price 4.652246373033308 not WAC+mult*sigma0 (WAC 4.2350979808460965, sigma0 0.06816424868887262, cands [4.3714264782238414, 4.439590726912714])
[   43.7s]     !! [F4R1-A] CHECK FAIL: tp fill sh.601009-sell/profit-ztp-2020-07-08-pm: price 8.51391911159992 not WAC+mult*sigma0 (WAC 8.337387258933388, sigma0 0.0826127410666123, cands [8.502612741066613, 8.585225482133225])
[   43.7s]     !! [F4R1-A] CHECK FAIL: tp fill sh.600782-sell/profit-ztp-2020-07-08-pm: price 4.652246373033308 not WAC+mult*sigma0 (WAC 4.2350979808460965, sigma0 0.06816424868887262, cands [4.3714264782238414, 4.439590726912714])
[   43.7s]     !! [F4R1-A] CHECK FAIL: tp fill sh.601997-sell/profit-ztp-2020-07-09-am: price 8.54269387990903 not WAC+mult*sigma0 (WAC 8.495664762272575, sigma0 0.09269387990903233, cands [8.68105252209064, 8.773746401999672])
[   43.7s]     !! [F4R1-A] CHECK FAIL: tp fill sh.600782-sell/profit-ztp-2020-07-09-am: price 4.652246373033308 not WAC+mult*sigma0 (WAC 4.2350979808460965, sigma0 0.06816424868887262, cands [4.3714264782238414, 4.439590726912714])
[   43.7s]     !! [F4R1-A] CHECK FAIL: tp fill sh.600782-sell/profit-ztp2-2020-07-09-am: price 4.720410621722181 not WAC+mult*sigma0 (WAC 4.2350979808460965, sigma0 0.06816424868887262, cands [4.3714264782238414, 4.439590726912714])
[   43.7s]     !! [F4R1-A] CHECK FAIL: tp fill sh.600928-sell/profit-ztp-2020-07-13-am: price 6.1545449589926555 not WAC+mult*sigma0 (WAC 5.8536022049759024, sigma0 0.04454495899265508, cands [5.942692122961213, 5.987237081953868])
[   43.7s]     !! [F4R1-A] CHECK FAIL: tp fill sh.600742-sell/profit-ztp-2020-08-04-pm: price 11.34865151399698 not WAC+mult*sigma0 (WAC 16.488112068201744, sigma0 0.3191010093313204, cands [17.126314086864383, 17.445415096195706])
[   43.7s]     !! [F4R1-A] CHECK FAIL: tp fill sh.600742-sell/profit-ztp-2020-08-05-pm: price 11.34865151399698 not WAC+mult*sigma0 (WAC 16.488112068201744, sigma0 0.3191010093313204, cands [17.126314086864383, 17.445415096195706])
[   43.7s]     !! [F4R1-A] CHECK FAIL: tp fill sh.600510-sell/profit-ztp-2020-08-05-pm: price 8.627752322883033 not WAC+mult*sigma0 (WAC 8.49034718088552, sigma0 0.21183488192202116, cands [8.914016944729562, 9.125851826651584])
[   43.7s]     !! [F4R1-A] CHECK FAIL: tp fill sh.600510-sell/profit-ztp2-2020-08-05-pm: price 8.839587204805055 not WAC+mult*sigma0 (WAC 8.49034718088552, sigma0 0.21183488192202116, cands [8.914016944729562, 9.125851826651584])
[   43.7s]     !! [F4R1-A] CHECK FAIL: tp fill sh.600742-sell/profit-ztp-2020-08-12-pm: price 11.34865151399698 not WAC+mult*sigma0 (WAC 16.488112068201744, sigma0 0.3191010093313204, cands [17.126314086864383, 17.445415096195706])
[   43.7s]     !! [F4R1-A] CHECK FAIL: tp fill sh.600742-sell/profit-ztp2-2020-08-12-pm: price 11.6677525233283 not WAC+mult*sigma0 (WAC 16.488112068201744, sigma0 0.3191010093313204, cands [17.126314086864383, 17.445415096195706])
[   43.7s]     !! [F4R1-A] CHECK FAIL: tp fill sz.002267-sell/profit-ztp-2020-08-17-pm: price 7.069225270017454 not WAC+mult*sigma0 (WAC 9.12930887853239, sigma0 0.15281684667830317, cands [9.434942571888996, 9.5877594185673])
[   43.7s]     !! [F4R1-A] CHECK FAIL: tp fill sz.002267-sell/profit-ztp-2020-08-18-am: price 7.069225270017454 not WAC+mult*sigma0 (WAC 9.12930887853239, sigma0 0.15281684667830317, cands [9.434942571888996, 9.5877594185673])
[   43.7s]     !! [F4R1-A] CHECK FAIL: tp fill sz.002267-sell/profit-ztp-2020-08-18-pm: price 7.069225270017454 not WAC+mult*sigma0 (WAC 9.12930887853239, sigma0 0.15281684667830317, cands [9.434942571888996, 9.5877594185673])
[   43.7s]     !! [F4R1-A] CHECK FAIL: tp fill sz.002267-sell/profit-ztp-2020-08-19-am: price 7.069225270017454 not WAC+mult*sigma0 (WAC 9.12930887853239, sigma0 0.15281684667830317, cands [9.434942571888996, 9.5877594185673])
[   43.7s]     !! [F4R1-A] CHECK FAIL: tp fill sz.002267-sell/profit-ztp-2020-08-19-pm: price 7.069225270017454 not WAC+mult*sigma0 (WAC 9.12930887853239, sigma0 0.15281684667830317, cands [9.434942571888996, 9.5877594185673])
[   43.7s]     !! [F4R1-A] CHECK FAIL: tp fill sh.600322-sell/profit-ztp-2020-08-20-pm: price 2.9241237440026655 not WAC+mult*sigma0 (WAC 3.6211729174375678, sigma0 0.07608249600177686, cands [3.7733379094411212, 3.849420405442898])
[   43.7s]     !! [F4R1-A] CHECK FAIL: tp fill sh.600322-sell/profit-ztp-2020-08-21-am: price 2.9241237440026655 not WAC+mult*sigma0 (WAC 3.6211729174375678, sigma0 0.07608249600177686, cands [3.7733379094411212, 3.849420405442898])
[   43.7s]     !! [F4R1-A] CHECK FAIL: tp fill sh.600322-sell/profit-ztp2-2020-08-21-am: price 3.000206240004442 not WAC+mult*sigma0 (WAC 3.6211729174375678, sigma0 0.07608249600177686, cands [3.7733379094411212, 3.849420405442898])
[   43.7s]     !! [F4R1-A] CHECK FAIL: tp fill sh.603556-sell/profit-ztp-2020-08-28-pm: price 15.33203832666259 not WAC+mult*sigma0 (WAC 20.20232047607664, sigma0 0.3280255511083926, cands [20.858371578293426, 21.18639712940182])
[   43.7s]     !! [F4R1-A] CHECK FAIL: tp fill sh.603556-sell/profit-ztp-2020-08-31-am: price 15.33203832666259 not WAC+mult*sigma0 (WAC 20.20232047607664, sigma0 0.3280255511083926, cands [20.858371578293426, 21.18639712940182])
[   43.7s]     !! [F4R1-A] CHECK FAIL: tp fill sh.600021-sell/profit-ztp-2020-09-17-am: price 7.716158966775331 not WAC+mult*sigma0 (WAC 10.840967778132265, sigma0 0.10410597785022077, cands [11.049179733832707, 11.153285711682928])
[   43.7s]     !! [F4R1-A] CHECK FAIL: tp fill sh.600021-sell/profit-ztp-2020-09-18-am: price 7.716158966775331 not WAC+mult*sigma0 (WAC 10.840967778132265, sigma0 0.10410597785022077, cands [11.049179733832707, 11.153285711682928])
[   43.7s]     !! [F4R1-A] CHECK FAIL: tp fill sh.600742-sell/profit-ztp-2020-10-09-pm: price 10.812368916883884 not WAC+mult*sigma0 (WAC 15.631126110035595, sigma0 0.16157927792258986, cands [15.954284665880774, 16.115863943803365])
[   43.7s]     !! [F4R1-A] CHECK FAIL: tp fill sh.600742-sell/profit-ztp-2020-10-12-am: price 10.812368916883884 not WAC+mult*sigma0 (WAC 15.631126110035595, sigma0 0.16157927792258986, cands [15.954284665880774, 16.115863943803365])
[   43.7s]     !! [F4R1-A] CHECK FAIL: tp fill sh.600742-sell/profit-ztp-2020-10-12-pm: price 10.812368916883884 not WAC+mult*sigma0 (WAC 15.631126110035595, sigma0 0.16157927792258986, cands [15.954284665880774, 16.115863943803365])
[   43.7s]     !! [F4R1-A] CHECK FAIL: tp fill sh.600742-sell/profit-ztp-2020-10-13-am: price 10.812368916883884 not WAC+mult*sigma0 (WAC 15.631126110035595, sigma0 0.16157927792258986, cands [15.954284665880774, 16.115863943803365])
[   43.7s]     !! [F4R1-A] CHECK FAIL: tp fill sh.600742-sell/profit-ztp2-2020-10-13-am: price 10.973948194806475 not WAC+mult*sigma0 (WAC 15.631126110035595, sigma0 0.16157927792258986, cands [15.954284665880774, 16.115863943803365])
[   43.7s]     !! [F4R1-A] CHECK FAIL: tp fill sh.600126-sell/profit-ztp-2020-10-13-pm: price 6.680792722264145 not WAC+mult*sigma0 (WAC 7.435071939183378, sigma0 0.1271951481760967, cands [7.689462235535571, 7.816657383711668])
[   43.7s]     !! [F4R1-A] CHECK FAIL: tp fill sh.600126-sell/profit-ztp2-2020-10-13-pm: price 6.8079878704402415 not WAC+mult*sigma0 (WAC 7.435071939183378, sigma0 0.1271951481760967, cands [7.689462235535571, 7.816657383711668])
[   43.7s]     !! [F4R1-A] CHECK FAIL: tp fill sz.002486-sell/profit-ztp-2020-10-15-am: price 3.7566566546294036 not WAC+mult*sigma0 (WAC 3.752771099569519, sigma0 0.06165665462940328, cands [3.8760844088283255, 3.937741063457729])
[   43.7s]     !! [F4R1-A] CHECK FAIL: tp fill sz.002486-sell/profit-ztp-2020-10-15-pm: price 3.7566566546294036 not WAC+mult*sigma0 (WAC 3.752771099569519, sigma0 0.06165665462940328, cands [3.8760844088283255, 3.937741063457729])
[   43.7s]     !! [F4R1-A] CHECK FAIL: tp fill sz.002486-sell/profit-ztp2-2020-10-15-pm: price 3.818313309258807 not WAC+mult*sigma0 (WAC 3.752771099569519, sigma0 0.06165665462940328, cands [3.8760844088283255, 3.937741063457729])
[   43.7s]     !! [F4R1-A] CHECK FAIL: tp fill sh.601998-sell/profit-ztp-2020-10-22-pm: price 5.302404733740119 not WAC+mult*sigma0 (WAC 5.46448848839006, sigma0 0.03493648916007861, cands [5.534361466710218, 5.569297955870296])
[   43.7s]     !! [F4R1-A] CHECK FAIL: tp fill sh.601998-sell/profit-ztp2-2020-10-22-pm: price 5.337341222900197 not WAC+mult*sigma0 (WAC 5.46448848839006, sigma0 0.03493648916007861, cands [5.534361466710218, 5.569297955870296])
[   43.7s]     !! [F4R1-A] CHECK FAIL: ladder fill sh.600216-buy-zladder-2020-10-30-am-t0: price 14.35530884700119 != anchor 14.49 - 0.5*sigma0(0.2877118548020347) = 14.346144072598983
[   43.7s]     !! [F4R1-A] CHECK FAIL: tp fill sh.600682-sell/profit-ztp-2020-11-02-pm: price 10.655835032058246 not WAC+mult*sigma0 (WAC 9.851030954789227, sigma0 0.237223354705496, cands [10.32547766420022, 10.562701018905715])
[   43.7s]     !! [F4R1-A] CHECK FAIL: tp fill sh.600637-sell/profit-ztp-2020-11-02-pm: price 9.316329691878064 not WAC+mult*sigma0 (WAC 10.171817022896208, sigma0 0.0908864612520419, cands [10.353589945400293, 10.444476406652335])
[   43.7s]     !! [F4R1-A] CHECK FAIL: tp fill sh.600682-sell/profit-ztp-2020-11-03-am: price 10.655835032058246 not WAC+mult*sigma0 (WAC 9.851030954789227, sigma0 0.237223354705496, cands [10.32547766420022, 10.562701018905715])
[   43.7s]     !! [F4R1-A] CHECK FAIL: tp fill sh.600637-sell/profit-ztp-2020-11-03-am: price 9.316329691878064 not WAC+mult*sigma0 (WAC 10.171817022896208, sigma0 0.0908864612520419, cands [10.353589945400293, 10.444476406652335])
[   43.7s]     !! [F4R1-A] CHECK FAIL: tp fill sh.600682-sell/profit-ztp-2020-11-03-pm: price 10.655835032058246 not WAC+mult*sigma0 (WAC 9.851030954789227, sigma0 0.237223354705496, cands [10.32547766420022, 10.562701018905715])
[   43.7s]     !! [F4R1-A] CHECK FAIL: tp fill sz.002567-sell/profit-ztp-2020-11-03-pm: price 7.959589591634104 not WAC+mult*sigma0 (WAC 8.411829436149132, sigma0 0.1395895916341022, cands [8.691008619417337, 8.830598211051438])
[   43.7s]     !! [F4R1-A] CHECK FAIL: tp fill sh.600637-sell/profit-ztp-2020-11-03-pm: price 9.316329691878064 not WAC+mult*sigma0 (WAC 9.910504282503226, sigma0 0.0908864612520419, cands [10.09227720500731, 10.183163666259352])
[   43.7s]     !! [F4R1-A] CHECK FAIL: tp fill sh.600682-sell/profit-ztp-2020-11-04-pm: price 10.655835032058246 not WAC+mult*sigma0 (WAC 9.851030954789227, sigma0 0.237223354705496, cands [10.32547766420022, 10.562701018905715])
[   43.7s]     !! [F4R1-A] CHECK FAIL: tp fill sh.600682-sell/profit-ztp2-2020-11-04-pm: price 10.893058386763741 not WAC+mult*sigma0 (WAC 9.851030954789227, sigma0 0.237223354705496, cands [10.32547766420022, 10.562701018905715])
[   43.7s]     !! [F4R1-A] CHECK FAIL: tp fill sz.002567-sell/profit-ztp-2020-11-04-pm: price 7.959589591634104 not WAC+mult*sigma0 (WAC 8.411829436149132, sigma0 0.1395895916341022, cands [8.691008619417337, 8.830598211051438])
[   43.7s]     !! [F4R1-A] CHECK FAIL: tp fill sh.600523-sell/profit-ztp-2020-11-04-pm: price 15.779936857448174 not WAC+mult*sigma0 (WAC 16.796764669510523, sigma0 0.2932912382987822, cands [17.383347146108086, 17.67663838440687])
[   43.7s]     !! [F4R1-A] CHECK FAIL: tp fill sh.600637-sell/profit-ztp-2020-11-05-am: price 9.355886461252043 not WAC+mult*sigma0 (WAC 9.910504282503226, sigma0 0.0908864612520419, cands [10.09227720500731, 10.183163666259352])
[   43.7s]     !! [F4R1-A] CHECK FAIL: tp fill sh.600523-sell/profit-ztp-2020-11-05-am: price 15.779936857448174 not WAC+mult*sigma0 (WAC 16.796764669510523, sigma0 0.2932912382987822, cands [17.383347146108086, 17.67663838440687])
[   43.7s]     !! [F4R1-A] CHECK FAIL: tp fill sh.600637-sell/profit-ztp-2020-11-05-pm: price 9.355886461252043 not WAC+mult*sigma0 (WAC 9.910504282503226, sigma0 0.0908864612520419, cands [10.09227720500731, 10.183163666259352])
[   43.7s]     !! [F4R1-A] CHECK FAIL: tp fill sh.600523-sell/profit-ztp-2020-11-05-pm: price 15.779936857448174 not WAC+mult*sigma0 (WAC 16.796764669510523, sigma0 0.2932912382987822, cands [17.383347146108086, 17.67663838440687])
[   43.7s]     !! [F4R1-A] CHECK FAIL: tp fill sh.600373-sell/profit-ztp-2020-11-06-pm: price 11.778663523993957 not WAC+mult*sigma0 (WAC 11.690924942446067, sigma0 0.1391090159959712, cands [11.96914297443801, 12.108251990433981])
[   43.7s]     !! [F4R1-A] CHECK FAIL: tp fill sh.600373-sell/profit-ztp2-2020-11-06-pm: price 11.91777253998993 not WAC+mult*sigma0 (WAC 11.690924942446067, sigma0 0.1391090159959712, cands [11.96914297443801, 12.108251990433981])
[   43.7s]     !! [F4R1-A] CHECK FAIL: tp fill sz.002567-sell/profit-ztp-2020-11-06-pm: price 7.959589591634104 not WAC+mult*sigma0 (WAC 8.411829436149132, sigma0 0.1395895916341022, cands [8.691008619417337, 8.830598211051438])
[   43.7s]     !! [F4R1-A] CHECK FAIL: tp fill sh.600637-sell/profit-ztp-2020-11-06-pm: price 9.355886461252043 not WAC+mult*sigma0 (WAC 9.910504282503226, sigma0 0.0908864612520419, cands [10.09227720500731, 10.183163666259352])
[   43.7s]     !! [F4R1-A] CHECK FAIL: tp fill sh.600637-sell/profit-ztp2-2020-11-06-pm: price 9.446772922504085 not WAC+mult*sigma0 (WAC 9.910504282503226, sigma0 0.0908864612520419, cands [10.09227720500731, 10.183163666259352])
[   43.7s]     !! [F4R1-A] CHECK FAIL: tp fill sz.002567-sell/profit-ztp-2020-11-09-am: price 7.959589591634104 not WAC+mult*sigma0 (WAC 8.411829436149132, sigma0 0.1395895916341022, cands [8.691008619417337, 8.830598211051438])
[   43.7s]     !! [F4R1-A] CHECK FAIL: tp fill sz.002223-sell/profit-ztp-2020-11-09-am: price 31.139857576443703 not WAC+mult*sigma0 (WAC 29.874215386883712, sigma0 0.4665717176291311, cands [30.807358822141975, 31.273930539771104])
[   43.7s]     !! [F4R1-A] CHECK FAIL: tp fill sz.002567-sell/profit-ztp-2020-11-09-pm: price 7.959589591634104 not WAC+mult*sigma0 (WAC 8.411829436149132, sigma0 0.1395895916341022, cands [8.691008619417337, 8.830598211051438])
[   43.7s]     !! [F4R1-A] CHECK FAIL: tp fill sz.002419-sell/profit-ztp-2020-11-13-am: price 8.962580891161386 not WAC+mult*sigma0 (WAC 11.089524840887865, sigma0 0.12758089116138546, cands [11.344686623210636, 11.472267514372021])
[   43.7s]     !! [F4R1-A] CHECK FAIL: tp fill sz.002567-sell/profit-ztp2-2020-11-13-pm: price 8.099179183268205 not WAC+mult*sigma0 (WAC 8.411829436149132, sigma0 0.1395895916341022, cands [8.691008619417337, 8.830598211051438])
[   43.7s]     !! [F4R1-A] CHECK FAIL: tp fill sz.002734-sell/profit-ztp-2020-11-13-pm: price 13.36171151876132 not WAC+mult*sigma0 (WAC 13.54655178879919, sigma0 0.3717115187613214, cands [14.289974826321833, 14.661686345083154])
[   43.7s]     !! [F4R1-A] CHECK FAIL: tp fill sh.600523-sell/profit-ztp2-2020-11-13-pm: price 16.073228095746956 not WAC+mult*sigma0 (WAC 16.796764669510523, sigma0 0.2932912382987822, cands [17.383347146108086, 17.67663838440687])
[   43.7s]     !! [F4R1-A] CHECK FAIL: tp fill sz.002419-sell/profit-ztp-2020-11-13-pm: price 8.962580891161386 not WAC+mult*sigma0 (WAC 11.089524840887865, sigma0 0.12758089116138546, cands [11.344686623210636, 11.472267514372021])
[   43.7s]     !! [F4R1-A] CHECK FAIL: tp fill sz.002734-sell/profit-ztp-2020-11-16-am: price 13.36171151876132 not WAC+mult*sigma0 (WAC 13.54655178879919, sigma0 0.3717115187613214, cands [14.289974826321833, 14.661686345083154])
[   43.7s]     !! [F4R1-A] CHECK FAIL: tp fill sz.002419-sell/profit-ztp-2020-11-16-am: price 8.962580891161386 not WAC+mult*sigma0 (WAC 11.089524840887865, sigma0 0.12758089116138546, cands [11.344686623210636, 11.472267514372021])
[   43.7s]     !! [F4R1-A] CHECK FAIL: tp fill sz.002734-sell/profit-ztp-2020-11-16-pm: price 13.36171151876132 not WAC+mult*sigma0 (WAC 13.54655178879919, sigma0 0.3717115187613214, cands [14.289974826321833, 14.661686345083154])
[   43.7s]     !! [F4R1-A] CHECK FAIL: tp fill sz.002734-sell/profit-ztp2-2020-11-16-pm: price 13.733423037522641 not WAC+mult*sigma0 (WAC 13.54655178879919, sigma0 0.3717115187613214, cands [14.289974826321833, 14.661686345083154])
[   43.7s]     !! [F4R1-A] CHECK FAIL: tp fill sz.002419-sell/profit-ztp-2020-11-16-pm: price 8.962580891161386 not WAC+mult*sigma0 (WAC 11.089524840887865, sigma0 0.12758089116138546, cands [11.344686623210636, 11.472267514372021])
[   43.7s]     !! [F4R1-A] CHECK FAIL: tp fill sz.002419-sell/profit-ztp2-2020-11-16-pm: price 9.09016178232277 not WAC+mult*sigma0 (WAC 11.089524840887865, sigma0 0.12758089116138546, cands [11.344686623210636, 11.472267514372021])
[   43.7s]     !! [F4R1-A] CHECK FAIL: tp fill sz.002734-sell/profit-ztp-2020-12-01-pm: price 13.638342345865086 not WAC+mult*sigma0 (WAC 13.506043997544419, sigma0 0.15222823057672397, cands [13.810500458697867, 13.962728689274591])
[   43.7s]     !! [F4R1-A] CHECK FAIL: tp fill sz.002661-sell/profit-ztp-2020-12-01-pm: price 20.062972468357998 not WAC+mult*sigma0 (WAC 24.479129508068947, sigma0 0.2587171599852875, cands [24.996563828039523, 25.25528098802481])
[   43.7s]     !! [F4R1-A] CHECK FAIL: tp fill sz.002734-sell/profit-ztp-2020-12-02-pm: price 13.638342345865086 not WAC+mult*sigma0 (WAC 13.506043997544419, sigma0 0.15222823057672397, cands [13.810500458697867, 13.962728689274591])
[   43.7s]     !! [F4R1-A] CHECK FAIL: tp fill sz.002661-sell/profit-ztp-2020-12-03-am: price 20.062972468357998 not WAC+mult*sigma0 (WAC 24.479129508068947, sigma0 0.2587171599852875, cands [24.996563828039523, 25.25528098802481])
[   43.7s]     !! [F4R1-A] CHECK FAIL: tp fill sz.002940-sell/profit-ztp-2020-12-03-pm: price 47.298834300572615 not WAC+mult*sigma0 (WAC 53.14100957330402, sigma0 0.5658895337150776, cands [54.27278864073417, 54.83867817444925])
[   43.7s]     !! [F4R1-A] CHECK FAIL: tp fill sz.002661-sell/profit-ztp-2020-12-03-pm: price 20.062972468357998 not WAC+mult*sigma0 (WAC 24.479129508068947, sigma0 0.2587171599852875, cands [24.996563828039523, 25.25528098802481])
[   43.7s]     !! [F4R1-A] CHECK FAIL: tp fill sz.002661-sell/profit-ztp2-2020-12-03-pm: price 20.321689628343286 not WAC+mult*sigma0 (WAC 24.479129508068947, sigma0 0.2587171599852875, cands [24.996563828039523, 25.25528098802481])
[   43.7s]     !! [F4R1-A] CHECK FAIL: tp fill sz.002734-sell/profit-ztp-2020-12-04-am: price 13.638342345865086 not WAC+mult*sigma0 (WAC 13.506043997544419, sigma0 0.15222823057672397, cands [13.810500458697867, 13.962728689274591])
[   43.7s]     !! [F4R1-A] CHECK FAIL: tp fill sh.603258-sell/profit-ztp-2020-12-07-pm: price 34.479083185568584 not WAC+mult*sigma0 (WAC 30.225839142867144, sigma0 0.4193887903790572, cands [31.06461672362526, 31.484005514004316])
[   43.7s]     !! [F4R1-A] CHECK FAIL: tp fill sh.603258-sell/profit-ztp2-2020-12-07-pm: price 34.89847197594764 not WAC+mult*sigma0 (WAC 30.225839142867144, sigma0 0.4193887903790572, cands [31.06461672362526, 31.484005514004316])
[   43.7s]     !! [F4R1-A] CHECK FAIL: tp fill sh.600823-sell/profit-ztp-2020-12-10-pm: price 5.809677867504592 not WAC+mult*sigma0 (WAC 6.765440904510845, sigma0 0.11311857833639473, cands [6.991678061183634, 7.104796639520029])
[   43.7s]     !! [F4R1-A] CHECK FAIL: tp fill sh.600823-sell/profit-ztp-2020-12-11-am: price 5.809677867504592 not WAC+mult*sigma0 (WAC 6.765440904510845, sigma0 0.11311857833639473, cands [6.991678061183634, 7.104796639520029])
[   43.7s]     !! [F4R1-A] CHECK FAIL: tp fill sh.600823-sell/profit-ztp-2020-12-11-pm: price 5.809677867504592 not WAC+mult*sigma0 (WAC 6.765440904510845, sigma0 0.11311857833639473, cands [6.991678061183634, 7.104796639520029])
[   43.7s]     !! [F4R1-A] CHECK FAIL: tp fill sz.000915-sell/profit-ztp-2020-12-17-am: price 25.453151276443837 not WAC+mult*sigma0 (WAC 24.68168371803468, sigma0 0.3821008509625585, cands [25.445885419959797, 25.827986270922356])
[   43.7s]     !! [F4R1-A] CHECK FAIL: tp fill sz.000915-sell/profit-ztp-2020-12-17-pm: price 25.453151276443837 not WAC+mult*sigma0 (WAC 24.68168371803468, sigma0 0.3821008509625585, cands [25.445885419959797, 25.827986270922356])
[   43.7s]     !! [F4R1-A] CHECK FAIL: tp fill sz.002950-sell/profit-ztp-2020-12-21-pm: price 21.874904122672184 not WAC+mult*sigma0 (WAC 22.089681342182825, sigma0 0.3499360817814553, cands [22.789553505745737, 23.13948958752719])
[   43.7s]     !! [F4R1-A] CHECK FAIL: tp fill sz.002950-sell/profit-ztp2-2020-12-21-pm: price 22.22484020445364 not WAC+mult*sigma0 (WAC 22.089681342182825, sigma0 0.3499360817814553, cands [22.789553505745737, 23.13948958752719])
[   43.9s]     !! [F4R1-A] CHECK FAIL: stop fill sh.600684 2017-09-06: price 6.954863085612002 != min(line 6.744863085612002, open 7.0) = 6.744863085612002
[   44.0s]     !! [F4R1-A] CHECK FAIL: stop fill sz.000501 2018-05-02: price 13.961536209252824 != min(line 13.884456621653706, open 14.29) = 13.884456621653706
[   44.0s]     !! [F4R1-A] CHECK FAIL: stop fill sz.000623 2018-08-01: price 17.27663805095342 != min(line 16.79090619600804, open 17.45) = 16.79090619600804
[   44.0s]     !! [F4R1-A] CHECK FAIL: stop fill sh.600694 2018-10-08: price 26.8 != min(line 26.72644727202632, open 26.8) = 26.72644727202632
[   57.8s]   [F4R1-B] engine 13.6s, fills 4397, zones 1336, admitted 1320 | rss 3.66 GB
[   57.8s]     [F4R1-B] month 2015-01-30: mid-month admissions 8 (seats recycled intra-month)
[   57.9s]     !! [F4R1-B] CHECK FAIL: tp fill sh.601677-sell/profit-ztp-2015-03-03-am: price 13.580113878579983 not WAC+mult*sigma0 (WAC 12.978615393602709, sigma0 0.22674258571998854, cands [13.432100565042687, 13.658843150762674])
[   57.9s]     !! [F4R1-B] CHECK FAIL: tp fill sh.601677-sell/profit-ztp2-2015-03-03-am: price 13.80685646429997 not WAC+mult*sigma0 (WAC 12.978615393602709, sigma0 0.22674258571998854, cands [13.432100565042687, 13.658843150762674])
[   57.9s]     !! [F4R1-B] CHECK FAIL: tp fill sz.002424-sell/profit-ztp2-2015-03-04-pm: price 45.16280794246516 not WAC+mult*sigma0 (WAC 42.78300774536483, sigma0 0.8011231769860645, cands [44.385254099336954, 45.18637727632302])
[   57.9s]     !! [F4R1-B] CHECK FAIL: tp fill sz.002461-sell/profit-ztp-2015-03-04-pm: price 14.381788240861248 not WAC+mult*sigma0 (WAC 13.57594929146393, sigma0 0.22119216057416383, cands [14.018333612612258, 14.239525773186422])
[   57.9s]     !! [F4R1-B] CHECK FAIL: tp fill sz.002461-sell/profit-ztp-2015-03-05-am: price 14.381788240861248 not WAC+mult*sigma0 (WAC 13.57594929146393, sigma0 0.22119216057416383, cands [14.018333612612258, 14.239525773186422])
[   57.9s]     !! [F4R1-B] CHECK FAIL: tp fill sz.002461-sell/profit-ztp2-2015-03-09-pm: price 14.602980401435412 not WAC+mult*sigma0 (WAC 13.57594929146393, sigma0 0.22119216057416383, cands [14.018333612612258, 14.239525773186422])
[   57.9s]     !! [F4R1-B] CHECK FAIL: tp fill sz.000418-sell/profit-ztp-2015-04-01-pm: price 19.432307259009743 not WAC+mult*sigma0 (WAC 17.215481485975797, sigma0 0.36820483933982784, cands [17.951891164655454, 18.320096003995282])
[   57.9s]     !! [F4R1-B] CHECK FAIL: tp fill sh.601233-sell/profit-ztp-2015-04-03-pm: price 14.45763659886499 not WAC+mult*sigma0 (WAC 12.809178546479075, sigma0 0.2984243992433251, cands [13.406027344965725, 13.70445174420905])
[   57.9s]     !! [F4R1-B] CHECK FAIL: tp fill sh.601233-sell/profit-ztp2-2015-04-03-pm: price 14.756060998108316 not WAC+mult*sigma0 (WAC 12.809178546479075, sigma0 0.2984243992433251, cands [13.406027344965725, 13.70445174420905])
[   57.9s]     !! [F4R1-B] CHECK FAIL: tp fill sz.000501-sell/profit-ztp-2015-05-19-pm: price 22.19801352936306 not WAC+mult*sigma0 (WAC 20.129512102872468, sigma0 0.7120090195753721, cands [21.553530142023213, 22.265539161598586])
[   57.9s]     !! [F4R1-B] CHECK FAIL: tp fill sz.000501-sell/profit-ztp2-2015-05-22-am: price 22.910022548938432 not WAC+mult*sigma0 (WAC 20.129512102872468, sigma0 0.7120090195753721, cands [21.553530142023213, 22.265539161598586])
[   57.9s]     !! [F4R1-B] CHECK FAIL: tp fill sh.600128-sell/profit-ztp-2015-06-03-pm: price 23.94968234562252 not WAC+mult*sigma0 (WAC 19.98763089561721, sigma0 0.6664548970816817, cands [21.320540689780575, 21.986995586862257])
[   57.9s]     !! [F4R1-B] CHECK FAIL: tp fill sh.600128-sell/profit-ztp2-2015-06-04-am: price 24.616137242704202 not WAC+mult*sigma0 (WAC 20.926431664074226, sigma0 0.6664548970816817, cands [22.25934145823759, 22.92579635531927])
[   57.9s]     !! [F4R1-B] CHECK FAIL: tp fill sz.002372-sell/profit-ztp-2015-06-04-pm: price 22.987400948476814 not WAC+mult*sigma0 (WAC 18.36149854750773, sigma0 1.6116006323178755, cands [21.58469981214348, 23.196300444461357])
[   57.9s]     !! [F4R1-B] CHECK FAIL: tp fill sh.600128-sell/profit-ztp-2015-06-04-pm: price 23.686518427957175 not WAC+mult*sigma0 (WAC 20.926431664074226, sigma0 0.6664548970816817, cands [22.25934145823759, 22.92579635531927])
[   57.9s]     !! [F4R1-B] CHECK FAIL: tp fill sh.600128-sell/profit-ztp2-2015-06-04-pm: price 24.352973325038857 not WAC+mult*sigma0 (WAC 20.926431664074226, sigma0 0.6664548970816817, cands [22.25934145823759, 22.92579635531927])
[   57.9s]     !! [F4R1-B] CHECK FAIL: tp fill sz.002372-sell/profit-ztp2-2015-06-05-pm: price 24.599001580794692 not WAC+mult*sigma0 (WAC 18.36149854750773, sigma0 1.6116006323178755, cands [21.58469981214348, 23.196300444461357])
[   57.9s]     !! [F4R1-B] CHECK FAIL: tp fill sz.000418-sell/profit-ztp-2015-06-10-am: price 24.90921687953351 not WAC+mult*sigma0 (WAC 19.50928390664177, sigma0 0.7842168795335114, cands [21.077717665708793, 21.861934545242303])
[   57.9s]     !! [F4R1-B] CHECK FAIL: tp fill sz.000418-sell/profit-ztp-2015-06-12-am: price 24.90921687953351 not WAC+mult*sigma0 (WAC 19.50928390664177, sigma0 0.7842168795335114, cands [21.077717665708793, 21.861934545242303])
[   57.9s]     !! [F4R1-B] CHECK FAIL: tp fill sz.000418-sell/profit-ztp2-2015-06-12-pm: price 25.69343375906702 not WAC+mult*sigma0 (WAC 19.50928390664177, sigma0 0.7842168795335114, cands [21.077717665708793, 21.861934545242303])
[   57.9s]     !! [F4R1-B] CHECK FAIL: tp fill sz.002062-sell/profit-ztp-2015-06-16-pm: price 15.789049320002595 not WAC+mult*sigma0 (WAC 14.662300453331603, sigma0 0.5326995466683965, cands [15.727699546668397, 16.260399093336794])
[   57.9s]     !! [F4R1-B] CHECK FAIL: tp fill sz.002039-sell/profit-ztp-2015-08-10-am: price 17.79199580719782 not WAC+mult*sigma0 (WAC 17.018791766808675, sigma0 1.1079972047985494, cands [19.234786176405773, 20.342783381204324])
[   57.9s]     !! [F4R1-B] CHECK FAIL: tp fill sz.002039-sell/profit-ztp2-2015-08-14-am: price 18.899993011996372 not WAC+mult*sigma0 (WAC 17.018791766808675, sigma0 1.1079972047985494, cands [19.234786176405773, 20.342783381204324])
[   57.9s]     !! [F4R1-B] CHECK FAIL: tp fill sz.002627-sell/profit-ztp-2015-08-14-am: price 27.31428468427659 not WAC+mult*sigma0 (WAC 22.892557066134533, sigma0 1.689523122851058, cands [26.27160331183665, 27.961126434687706])
[   57.9s]     !! [F4R1-B] CHECK FAIL: tp fill sz.000951-sell/profit-ztp-2015-09-02-pm: price 14.438720322214069 not WAC+mult*sigma0 (WAC 17.524557608690053, sigma0 0.6924802148093793, cands [18.90951803830881, 19.60199825311819])
[   57.9s]     !! [F4R1-B] CHECK FAIL: tp fill sh.600004-sell/profit-ztp-2015-09-02-pm: price 13.071385532171519 not WAC+mult*sigma0 (WAC 13.16769486827605, sigma0 0.6409236881143449, cands [14.44954224450474, 15.090465932619084])
[   57.9s]     !! [F4R1-B] CHECK FAIL: tp fill sh.600823-sell/profit-ztp-2015-09-07-am: price 10.73776492667048 not WAC+mult*sigma0 (WAC 9.831490048886348, sigma0 0.5185099511136526, cands [10.868509951113653, 11.387019902227305])
[   57.9s]     !! [F4R1-B] CHECK FAIL: tp fill sz.000951-sell/profit-ztp-2015-09-07-am: price 14.438720322214069 not WAC+mult*sigma0 (WAC 17.524557608690053, sigma0 0.6924802148093793, cands [18.90951803830881, 19.60199825311819])
[   57.9s]     !! [F4R1-B] CHECK FAIL: tp fill sz.000951-sell/profit-ztp-2015-09-08-am: price 14.48748021480938 not WAC+mult*sigma0 (WAC 15.884578384601006, sigma0 0.6924802148093793, cands [17.269538814219764, 17.962019029029143])
[   57.9s]     !! [F4R1-B] CHECK FAIL: tp fill sz.000951-sell/profit-ztp-2015-09-08-pm: price 14.48748021480938 not WAC+mult*sigma0 (WAC 15.884578384601006, sigma0 0.6924802148093793, cands [17.269538814219764, 17.962019029029143])
[   57.9s]     !! [F4R1-B] CHECK FAIL: tp fill sz.000951-sell/profit-ztp-2015-09-09-am: price 14.48748021480938 not WAC+mult*sigma0 (WAC 15.884578384601006, sigma0 0.6924802148093793, cands [17.269538814219764, 17.962019029029143])
[   57.9s]     !! [F4R1-B] CHECK FAIL: tp fill sz.000951-sell/profit-ztp2-2015-09-09-am: price 15.17996042961876 not WAC+mult*sigma0 (WAC 15.884578384601006, sigma0 0.6924802148093793, cands [17.269538814219764, 17.962019029029143])
[   57.9s]     !! [F4R1-B] CHECK FAIL: tp fill sh.600885-sell/profit-ztp-2015-09-30-pm: price 29.82687345889795 not WAC+mult*sigma0 (WAC 29.1193499945611, sigma0 1.080935074981619, cands [31.28122014452434, 32.36215521950596])
[   57.9s]     !! [F4R1-B] CHECK FAIL: tp fill sh.600004-sell/profit-ztp-2015-09-30-pm: price 12.50852122148538 not WAC+mult*sigma0 (WAC 13.16769486827605, sigma0 0.35949153277127543, cands [13.8866779338186, 14.246169466589876])
[   57.9s]     !! [F4R1-B] CHECK FAIL: tp fill sh.600885-sell/profit-ztp2-2015-10-09-pm: price 30.907808533879567 not WAC+mult*sigma0 (WAC 29.1193499945611, sigma0 1.080935074981619, cands [31.28122014452434, 32.36215521950596])
[   57.9s]     !! [F4R1-B] CHECK FAIL: tp fill sh.600004-sell/profit-ztp2-2015-10-09-pm: price 12.868012754256656 not WAC+mult*sigma0 (WAC 13.16769486827605, sigma0 0.35949153277127543, cands [13.8866779338186, 14.246169466589876])
[   57.9s]     !! [F4R1-B] CHECK FAIL: tp fill sz.000501-sell/profit-ztp-2015-10-12-am: price 17.74668009473194 not WAC+mult*sigma0 (WAC 21.06066987787562, sigma0 0.6442852050068029, cands [22.349240287889224, 22.993525492896026])
[   57.9s]     !! [F4R1-B] CHECK FAIL: tp fill sz.000501-sell/profit-ztp2-2015-10-16-pm: price 18.390965299738742 not WAC+mult*sigma0 (WAC 21.06066987787562, sigma0 0.6442852050068029, cands [22.349240287889224, 22.993525492896026])
[   57.9s]     !! [F4R1-B] CHECK FAIL: tp fill sz.002595-sell/profit-ztp-2015-10-23-pm: price 21.630741796897926 not WAC+mult*sigma0 (WAC 25.506975215994, sigma0 0.6657417968979282, cands [26.838458809789856, 27.504200606687785])
[   57.9s]     !! [F4R1-B] CHECK FAIL: tp fill sz.002281-sell/profit-ztp-2015-10-26-am: price 44.33826140985369 not WAC+mult*sigma0 (WAC 38.25879276941634, sigma0 1.7082614098536957, cands [41.67531558912373, 43.383576998977425])
[   57.9s]     !! [F4R1-B] CHECK FAIL: tp fill sz.002595-sell/profit-ztp-2015-10-26-am: price 21.630741796897926 not WAC+mult*sigma0 (WAC 25.506975215994, sigma0 0.6657417968979282, cands [26.838458809789856, 27.504200606687785])
[   57.9s]     !! [F4R1-B] CHECK FAIL: tp fill sz.002281-sell/profit-ztp2-2015-10-30-am: price 46.04652281970739 not WAC+mult*sigma0 (WAC 38.25879276941634, sigma0 1.7082614098536957, cands [41.67531558912373, 43.383576998977425])
[   57.9s]     !! [F4R1-B] CHECK FAIL: tp fill sz.002595-sell/profit-ztp2-2015-10-30-pm: price 21.91806968071642 not WAC+mult*sigma0 (WAC 25.506975215994, sigma0 0.5396038258714501, cands [26.586182867736902, 27.12578669360835])
[   57.9s]     !! [F4R1-B] CHECK FAIL: tp fill sh.600004-sell/profit-ztp-2015-11-04-pm: price 14.287956335426689 not WAC+mult*sigma0 (WAC 13.300590774250566, sigma0 0.3386375569511252, cands [13.977865888152817, 14.31650344510394])
[   57.9s]     !! [F4R1-B] CHECK FAIL: tp fill sh.600004-sell/profit-ztp-2015-11-05-am: price 14.287956335426689 not WAC+mult*sigma0 (WAC 13.476310672017354, sigma0 0.3386375569511252, cands [14.153585785919605, 14.49222334287073])
[   57.9s]     !! [F4R1-B] CHECK FAIL: tp fill sh.600004-sell/profit-ztp2-2015-11-05-am: price 14.626593892377812 not WAC+mult*sigma0 (WAC 13.476310672017354, sigma0 0.3386375569511252, cands [14.153585785919605, 14.49222334287073])
[   57.9s]     !! [F4R1-B] CHECK FAIL: tp fill sh.600004-sell/profit-ztp-2015-11-06-pm: price 14.513637556951126 not WAC+mult*sigma0 (WAC 13.476310672017354, sigma0 0.3386375569511252, cands [14.153585785919605, 14.49222334287073])
[   57.9s]     !! [F4R1-B] CHECK FAIL: tp fill sz.002641-sell/profit-ztp-2015-11-06-pm: price 9.57602872878606 not WAC+mult*sigma0 (WAC 10.015488492415505, sigma0 0.4040191525240391, cands [10.823526797463582, 11.227545949987622])
[   57.9s]     !! [F4R1-B] CHECK FAIL: tp fill sh.600004-sell/profit-ztp-2015-11-09-am: price 14.513637556951126 not WAC+mult*sigma0 (WAC 13.476310672017354, sigma0 0.3386375569511252, cands [14.153585785919605, 14.49222334287073])
[   57.9s]     !! [F4R1-B] CHECK FAIL: tp fill sz.002641-sell/profit-ztp-2015-11-09-am: price 9.57602872878606 not WAC+mult*sigma0 (WAC 10.015488492415505, sigma0 0.4040191525240391, cands [10.823526797463582, 11.227545949987622])
[   57.9s]     !! [F4R1-B] CHECK FAIL: tp fill sz.002641-sell/profit-ztp-2015-11-09-pm: price 9.57602872878606 not WAC+mult*sigma0 (WAC 10.015488492415505, sigma0 0.4040191525240391, cands [10.823526797463582, 11.227545949987622])
[   57.9s]     !! [F4R1-B] CHECK FAIL: tp fill sz.002372-sell/profit-ztp-2015-11-13-am: price 18.815195099101093 not WAC+mult*sigma0 (WAC 18.1237551317717, sigma0 0.5834633994007273, cands [19.290681930573154, 19.87414532997388])
[   57.9s]     !! [F4R1-B] CHECK FAIL: tp fill sz.002641-sell/profit-ztp2-2015-11-16-am: price 9.980047881310098 not WAC+mult*sigma0 (WAC 10.015488492415505, sigma0 0.4040191525240391, cands [10.823526797463582, 11.227545949987622])
[   57.9s]     !! [F4R1-B] CHECK FAIL: tp fill sz.002372-sell/profit-ztp2-2015-11-24-pm: price 19.39865849850182 not WAC+mult*sigma0 (WAC 18.1237551317717, sigma0 0.5834633994007273, cands [19.290681930573154, 19.87414532997388])
[   57.9s]     !! [F4R1-B] CHECK FAIL: tp fill sz.000418-sell/profit-ztp-2015-12-01-pm: price 22.051322596880368 not WAC+mult*sigma0 (WAC 19.731227986793883, sigma0 0.4942150645869124, cands [20.719658115967707, 21.21387318055462])
[   57.9s]     !! [F4R1-B] CHECK FAIL: tp fill sz.000418-sell/profit-ztp2-2015-12-01-pm: price 22.545537661467282 not WAC+mult*sigma0 (WAC 19.731227986793883, sigma0 0.4942150645869124, cands [20.719658115967707, 21.21387318055462])
[   57.9s]     !! [F4R1-B] CHECK FAIL: tp fill sz.000999-sell/profit-ztp-2015-12-04-pm: price 27.071960195528007 not WAC+mult*sigma0 (WAC 26.7850277767982, sigma0 0.5146401303520025, cands [27.814308037502204, 28.328948167854207])
[   57.9s]     !! [F4R1-B] CHECK FAIL: tp fill sh.600885-sell/profit-ztp2-2015-12-08-pm: price 32.07915706568633 not WAC+mult*sigma0 (WAC 29.233578595287945, sigma0 0.7876628262745325, cands [30.80890424783701, 31.596567074111544])
[   57.9s]     !! [F4R1-B] CHECK FAIL: tp fill sh.600066-sell/profit-ztp-2015-12-14-am: price 21.001440456288986 not WAC+mult*sigma0 (WAC 20.707078702496574, sigma0 0.36644045628898353, cands [21.439959615074542, 21.806400071363523])
[   57.9s]     !! [F4R1-B] CHECK FAIL: tp fill sh.600066-sell/profit-ztp-2015-12-14-pm: price 21.001440456288986 not WAC+mult*sigma0 (WAC 20.707078702496574, sigma0 0.36644045628898353, cands [21.439959615074542, 21.806400071363523])
[   57.9s]     !! [F4R1-B] CHECK FAIL: tp fill sz.002311-sell/profit-ztp-2015-12-14-pm: price 13.772070792573013 not WAC+mult*sigma0 (WAC 13.411680157132858, sigma0 0.3013805283820083, cands [14.014441213896875, 14.315821742278883])
[   57.9s]     !! [F4R1-B] CHECK FAIL: tp fill sz.002311-sell/profit-ztp2-2015-12-14-pm: price 14.073451320955021 not WAC+mult*sigma0 (WAC 13.411680157132858, sigma0 0.3013805283820083, cands [14.014441213896875, 14.315821742278883])
[   57.9s]     !! [F4R1-B] CHECK FAIL: tp fill sh.600066-sell/profit-ztp2-2015-12-15-am: price 21.367880912577967 not WAC+mult*sigma0 (WAC 20.707078702496574, sigma0 0.36644045628898353, cands [21.439959615074542, 21.806400071363523])
[   57.9s]     !! [F4R1-B] CHECK FAIL: tp fill sz.002595-sell/profit-ztp-2015-12-17-am: price 22.495927319206352 not WAC+mult*sigma0 (WAC 24.45557080206164, sigma0 0.5972848794709014, cands [25.650140561003443, 26.247425440474345])
[   57.9s]     !! [F4R1-B] CHECK FAIL: tp fill sz.000708-sell/profit-ztp-2015-12-18-am: price 11.767399751529062 not WAC+mult*sigma0 (WAC 10.702803021517063, sigma0 0.25159983435270855, cands [11.20600269022248, 11.457602524575188])
[   57.9s]     !! [F4R1-B] CHECK FAIL: tp fill sz.000708-sell/profit-ztp-2015-12-18-pm: price 11.767399751529062 not WAC+mult*sigma0 (WAC 10.702803021517063, sigma0 0.25159983435270855, cands [11.20600269022248, 11.457602524575188])
[   57.9s]     !! [F4R1-B] CHECK FAIL: tp fill sz.000708-sell/profit-ztp2-2015-12-18-pm: price 12.01899958588177 not WAC+mult*sigma0 (WAC 10.702803021517063, sigma0 0.25159983435270855, cands [11.20600269022248, 11.457602524575188])
[   57.9s]     !! [F4R1-B] CHECK FAIL: tp fill sz.002508-sell/profit-ztp2-2015-12-18-pm: price 41.52193070058451 not WAC+mult*sigma0 (WAC 40.553979388222984, sigma0 0.7207722802338055, cands [41.9955239486906, 42.7162962289244])
[   57.9s]     !! [F4R1-B] CHECK FAIL: tp fill sz.002595-sell/profit-ztp2-2015-12-30-pm: price 23.093212198677254 not WAC+mult*sigma0 (WAC 24.45557080206164, sigma0 0.5972848794709014, cands [25.650140561003443, 26.247425440474345])
[   57.9s]     !! [F4R1-B] CHECK FAIL: tp fill sh.600021-sell/profit-ztp-2016-02-16-pm: price 10.625592789224234 not WAC+mult*sigma0 (WAC 12.400340074493455, sigma0 0.5370618594828226, cands [13.4744637934591, 14.011525652941923])
[   57.9s]     !! [F4R1-B] CHECK FAIL: tp fill sz.002116-sell/profit-ztp-2016-02-16-pm: price 13.269096472244586 not WAC+mult*sigma0 (WAC 14.975572946365004, sigma0 0.5727309814963907, cands [16.121034909357785, 16.693765890854177])
[   57.9s]     !! [F4R1-B] CHECK FAIL: tp fill sh.600310-sell/profit-ztp-2016-02-16-pm: price 6.647232696870165 not WAC+mult*sigma0 (WAC 7.497620026406639, sigma0 0.2914884645801095, cands [8.080596955566858, 8.372085420146968])
[   57.9s]     !! [F4R1-B] CHECK FAIL: tp fill sh.600021-sell/profit-ztp-2016-02-17-am: price 10.625592789224234 not WAC+mult*sigma0 (WAC 12.400340074493455, sigma0 0.5370618594828226, cands [13.4744637934591, 14.011525652941923])
[   57.9s]     !! [F4R1-B] CHECK FAIL: tp fill sz.002116-sell/profit-ztp-2016-02-17-am: price 13.269096472244586 not WAC+mult*sigma0 (WAC 14.975572946365004, sigma0 0.5727309814963907, cands [16.121034909357785, 16.693765890854177])
[   57.9s]     !! [F4R1-B] CHECK FAIL: tp fill sh.600310-sell/profit-ztp-2016-02-17-am: price 6.647232696870165 not WAC+mult*sigma0 (WAC 7.497620026406639, sigma0 0.2914884645801095, cands [8.080596955566858, 8.372085420146968])
[   57.9s]     !! [F4R1-B] CHECK FAIL: tp fill sh.600021-sell/profit-ztp-2016-02-17-pm: price 10.625592789224234 not WAC+mult*sigma0 (WAC 12.400340074493455, sigma0 0.5370618594828226, cands [13.4744637934591, 14.011525652941923])
[   57.9s]     !! [F4R1-B] CHECK FAIL: tp fill sh.600310-sell/profit-ztp-2016-02-17-pm: price 6.647232696870165 not WAC+mult*sigma0 (WAC 7.497620026406639, sigma0 0.2914884645801095, cands [8.080596955566858, 8.372085420146968])
[   57.9s]     !! [F4R1-B] CHECK FAIL: tp fill sh.600310-sell/profit-ztp2-2016-02-17-pm: price 6.938721161450275 not WAC+mult*sigma0 (WAC 7.497620026406639, sigma0 0.2914884645801095, cands [8.080596955566858, 8.372085420146968])
[   57.9s]     !! [F4R1-B] CHECK FAIL: tp fill sh.600021-sell/profit-ztp2-2016-02-22-pm: price 11.162654648707058 not WAC+mult*sigma0 (WAC 12.400340074493455, sigma0 0.5370618594828226, cands [13.4744637934591, 14.011525652941923])
[   57.9s]     !! [F4R1-B] CHECK FAIL: tp fill sz.002116-sell/profit-ztp2-2016-02-23-pm: price 13.841827453740976 not WAC+mult*sigma0 (WAC 14.975572946365004, sigma0 0.5727309814963907, cands [16.121034909357785, 16.693765890854177])
[   57.9s]     !! [F4R1-B] CHECK FAIL: tp fill sh.600973-sell/profit-ztp-2016-03-02-am: price 10.65740081763294 not WAC+mult*sigma0 (WAC 12.63981100785172, sigma0 0.4782672117552929, cands [13.596345431362305, 14.074612643117598])
[   57.9s]     !! [F4R1-B] CHECK FAIL: tp fill sh.600973-sell/profit-ztp-2016-03-02-pm: price 10.65740081763294 not WAC+mult*sigma0 (WAC 12.63981100785172, sigma0 0.4782672117552929, cands [13.596345431362305, 14.074612643117598])
[   57.9s]     !! [F4R1-B] CHECK FAIL: tp fill sh.600973-sell/profit-ztp-2016-03-03-am: price 10.65740081763294 not WAC+mult*sigma0 (WAC 12.63981100785172, sigma0 0.4782672117552929, cands [13.596345431362305, 14.074612643117598])
[   57.9s]     !! [F4R1-B] CHECK FAIL: tp fill sz.002531-sell/profit-ztp-2016-03-18-am: price 10.851317035578694 not WAC+mult*sigma0 (WAC 10.033356016130119, sigma0 0.3675446903857957, cands [10.76844539690171, 11.135990087287507])
[   57.9s]     !! [F4R1-B] CHECK FAIL: tp fill sz.002382-sell/profit-ztp-2016-03-18-am: price 21.077381578471485 not WAC+mult*sigma0 (WAC 21.640635059492464, sigma0 0.8023815784714844, cands [23.245398216435433, 24.047779794906916])
[   57.9s]     !! [F4R1-B] CHECK FAIL: tp fill sz.002267-sell/profit-ztp-2016-03-18-pm: price 9.370502223379193 not WAC+mult*sigma0 (WAC 10.146405352373737, sigma0 0.32033481558612714, cands [10.787074983545992, 11.107409799132117])
[   57.9s]     !! [F4R1-B] CHECK FAIL: tp fill sh.600973-sell/profit-ztp2-2016-03-18-pm: price 11.135668029388233 not WAC+mult*sigma0 (WAC 12.63981100785172, sigma0 0.4782672117552929, cands [13.596345431362305, 14.074612643117598])
[   57.9s]     !! [F4R1-B] CHECK FAIL: tp fill sz.002531-sell/profit-ztp-2016-03-18-pm: price 10.851317035578694 not WAC+mult*sigma0 (WAC 10.033356016130119, sigma0 0.3675446903857957, cands [10.76844539690171, 11.135990087287507])
[   57.9s]     !! [F4R1-B] CHECK FAIL: tp fill sz.002382-sell/profit-ztp-2016-03-18-pm: price 21.077381578471485 not WAC+mult*sigma0 (WAC 21.640635059492464, sigma0 0.8023815784714844, cands [23.245398216435433, 24.047779794906916])
[   57.9s]     !! [F4R1-B] CHECK FAIL: tp fill sz.002382-sell/profit-ztp2-2016-03-18-pm: price 21.879763156942968 not WAC+mult*sigma0 (WAC 21.640635059492464, sigma0 0.8023815784714844, cands [23.245398216435433, 24.047779794906916])
[   57.9s]     !! [F4R1-B] CHECK FAIL: tp fill sz.002267-sell/profit-ztp-2016-03-21-am: price 9.370502223379193 not WAC+mult*sigma0 (WAC 10.146405352373737, sigma0 0.32033481558612714, cands [10.787074983545992, 11.107409799132117])
[   57.9s]     !! [F4R1-B] CHECK FAIL: tp fill sz.002531-sell/profit-ztp-2016-03-21-am: price 10.851317035578694 not WAC+mult*sigma0 (WAC 10.033356016130119, sigma0 0.3675446903857957, cands [10.76844539690171, 11.135990087287507])
[   57.9s]     !! [F4R1-B] CHECK FAIL: tp fill sz.002267-sell/profit-ztp-2016-03-21-pm: price 9.370502223379193 not WAC+mult*sigma0 (WAC 10.146405352373737, sigma0 0.32033481558612714, cands [10.787074983545992, 11.107409799132117])
[   57.9s]     !! [F4R1-B] CHECK FAIL: tp fill sz.002160-sell/profit-ztp-2016-03-22-am: price 10.172975747264143 not WAC+mult*sigma0 (WAC 8.937359435826684, sigma0 0.3829757472641419, cands [9.703310930354968, 10.08628667761911])
[   57.9s]     !! [F4R1-B] CHECK FAIL: tp fill sz.002588-sell/profit-ztp-2016-03-23-am: price 26.759714801530137 not WAC+mult*sigma0 (WAC 24.96662813808706, sigma0 0.8197148015301363, cands [26.606057741147332, 27.425772542677468])
[   57.9s]     !! [F4R1-B] CHECK FAIL: tp fill sz.002588-sell/profit-ztp2-2016-03-23-am: price 27.579429603060273 not WAC+mult*sigma0 (WAC 24.96662813808706, sigma0 0.8197148015301363, cands [26.606057741147332, 27.425772542677468])
[   57.9s]     !! [F4R1-B] CHECK FAIL: tp fill sz.002062-sell/profit-ztp-2016-03-25-pm: price 8.100809112187264 not WAC+mult*sigma0 (WAC 11.10768204130126, sigma0 0.27387274145817536, cands [11.655427524217611, 11.929300265675785])
[   57.9s]     !! [F4R1-B] CHECK FAIL: tp fill sz.002267-sell/profit-ztp2-2016-03-29-pm: price 9.69083703896532 not WAC+mult*sigma0 (WAC 10.146405352373737, sigma0 0.32033481558612714, cands [10.787074983545992, 11.107409799132117])
[   57.9s]     !! [F4R1-B] CHECK FAIL: tp fill sz.002563-sell/profit-ztp-2016-03-30-am: price 11.18069729637536 not WAC+mult*sigma0 (WAC 16.034716847898054, sigma0 0.320464864250241, cands [16.675646576398535, 16.996111440648775])
[   57.9s]     !! [F4R1-B] CHECK FAIL: tp fill sz.002563-sell/profit-ztp-2016-03-30-pm: price 11.18069729637536 not WAC+mult*sigma0 (WAC 16.034716847898054, sigma0 0.320464864250241, cands [16.675646576398535, 16.996111440648775])
[   57.9s]     !! [F4R1-B] CHECK FAIL: tp fill sz.002563-sell/profit-ztp-2016-03-31-am: price 11.18069729637536 not WAC+mult*sigma0 (WAC 16.034716847898054, sigma0 0.320464864250241, cands [16.675646576398535, 16.996111440648775])
[   57.9s]     !! [F4R1-B] CHECK FAIL: tp fill sz.002062-sell/profit-ztp-2016-03-31-pm: price 7.903471641325651 not WAC+mult*sigma0 (WAC 11.10768204130126, sigma0 0.17520400602736916, cands [11.458090053355997, 11.633294059383367])
[   57.9s]     !! [F4R1-B] CHECK FAIL: tp fill sz.002062-sell/profit-ztp-2016-04-01-am: price 7.903471641325651 not WAC+mult*sigma0 (WAC 11.10768204130126, sigma0 0.17520400602736916, cands [11.458090053355997, 11.633294059383367])
[   57.9s]     !! [F4R1-B] CHECK FAIL: tp fill sz.002382-sell/profit-ztp-2016-04-05-am: price 22.16168886200281 not WAC+mult*sigma0 (WAC 21.476483246113396, sigma0 0.5477925746685375, cands [22.572068395450472, 23.11986097011901])
[   57.9s]     !! [F4R1-B] CHECK FAIL: tp fill sz.002160-sell/profit-ztp-2016-04-05-am: price 9.974303750477041 not WAC+mult*sigma0 (WAC 8.937359435826684, sigma0 0.28363974887059146, cands [9.504638933567866, 9.788278682438458])
[   57.9s]     !! [F4R1-B] CHECK FAIL: tp fill sz.002062-sell/profit-ztp2-2016-04-05-am: price 8.07867564735302 not WAC+mult*sigma0 (WAC 11.10768204130126, sigma0 0.17520400602736916, cands [11.458090053355997, 11.633294059383367])
[   57.9s]     !! [F4R1-B] CHECK FAIL: tp fill sz.002382-sell/profit-ztp2-2016-04-08-pm: price 22.709481436671346 not WAC+mult*sigma0 (WAC 21.476483246113396, sigma0 0.5477925746685375, cands [22.572068395450472, 23.11986097011901])
[   57.9s]     !! [F4R1-B] CHECK FAIL: tp fill sz.002160-sell/profit-ztp-2016-04-08-pm: price 9.974303750477041 not WAC+mult*sigma0 (WAC 8.937359435826684, sigma0 0.28363974887059146, cands [9.504638933567866, 9.788278682438458])
[   57.9s]     !! [F4R1-B] CHECK FAIL: tp fill sz.002160-sell/profit-ztp2-2016-04-08-pm: price 10.257943499347633 not WAC+mult*sigma0 (WAC 8.937359435826684, sigma0 0.28363974887059146, cands [9.504638933567866, 9.788278682438458])
[   57.9s]     !! [F4R1-B] CHECK FAIL: tp fill sh.600973-sell/profit-ztp-2016-04-12-pm: price 11.894222322764238 not WAC+mult*sigma0 (WAC 12.293708310401106, sigma0 0.276148215176157, cands [12.84600474075342, 13.122152955929577])
[   57.9s]     !! [F4R1-B] CHECK FAIL: tp fill sh.600529-sell/profit-ztp-2016-04-13-am: price 16.3834034437729 not WAC+mult*sigma0 (WAC 15.608673601283963, sigma0 0.3889356291819332, cands [16.386544859647827, 16.77548048882976])
[   57.9s]     !! [F4R1-B] CHECK FAIL: tp fill sh.600973-sell/profit-ztp-2016-04-13-am: price 11.894222322764238 not WAC+mult*sigma0 (WAC 12.293708310401106, sigma0 0.276148215176157, cands [12.84600474075342, 13.122152955929577])
[   57.9s]     !! [F4R1-B] CHECK FAIL: tp fill sh.600529-sell/profit-ztp-2016-04-13-pm: price 16.3834034437729 not WAC+mult*sigma0 (WAC 15.608673601283963, sigma0 0.3889356291819332, cands [16.386544859647827, 16.77548048882976])
[   57.9s]     !! [F4R1-B] CHECK FAIL: tp fill sz.000665-sell/profit-ztp-2016-04-13-pm: price 15.023991625726461 not WAC+mult*sigma0 (WAC 13.489349409354267, sigma0 0.36266108381764, cands [14.214671576989547, 14.577332660807187])
[   57.9s]     !! [F4R1-B] CHECK FAIL: tp fill sz.000665-sell/profit-ztp-2016-04-14-am: price 15.023991625726461 not WAC+mult*sigma0 (WAC 13.489349409354267, sigma0 0.36266108381764, cands [14.214671576989547, 14.577332660807187])
[   57.9s]     !! [F4R1-B] CHECK FAIL: tp fill sh.600973-sell/profit-ztp2-2016-04-14-pm: price 12.170370537940395 not WAC+mult*sigma0 (WAC 12.293708310401106, sigma0 0.276148215176157, cands [12.84600474075342, 13.122152955929577])
[   57.9s]     !! [F4R1-B] CHECK FAIL: tp fill sh.600004-sell/profit-ztp-2016-05-05-pm: price 12.498217614752214 not WAC+mult*sigma0 (WAC 13.064114103203531, sigma0 0.1321450765014758, cands [13.328404256206483, 13.46054933270796])
[   57.9s]     !! [F4R1-B] CHECK FAIL: tp fill sz.000999-sell/profit-ztp-2016-05-10-pm: price 22.083834546344512 not WAC+mult*sigma0 (WAC 25.577702323883685, sigma0 0.32922303089634275, cands [26.23614838567637, 26.565371416572713])
[   57.9s]     !! [F4R1-B] CHECK FAIL: tp fill sz.000999-sell/profit-ztp2-2016-05-10-pm: price 22.413057577240856 not WAC+mult*sigma0 (WAC 25.577702323883685, sigma0 0.32922303089634275, cands [26.23614838567637, 26.565371416572713])
[   57.9s]     !! [F4R1-B] CHECK FAIL: tp fill sh.601098-sell/profit-ztp-2016-05-12-am: price 17.89658018167853 not WAC+mult*sigma0 (WAC 18.856006797718155, sigma0 0.37158018167852974, cands [19.599167161075215, 19.970747342753743])
[   57.9s]     !! [F4R1-B] CHECK FAIL: tp fill sh.601098-sell/profit-ztp-2016-05-12-pm: price 17.89658018167853 not WAC+mult*sigma0 (WAC 18.856006797718155, sigma0 0.37158018167852974, cands [19.599167161075215, 19.970747342753743])
[   57.9s]     !! [F4R1-B] CHECK FAIL: tp fill sh.600429-sell/profit-ztp-2016-05-13-am: price 8.881533262641396 not WAC+mult*sigma0 (WAC 8.03503245035875, sigma0 0.17153326264139496, cands [8.37809897564154, 8.549632238282936])
[   57.9s]     !! [F4R1-B] CHECK FAIL: tp fill sz.000703-sell/profit-ztp-2016-06-28-am: price 9.875221993208315 not WAC+mult*sigma0 (WAC 10.197405185484588, sigma0 0.2901479954722106, cands [10.777701176429009, 11.06784917190122])
[   57.9s]     !! [F4R1-B] CHECK FAIL: tp fill sz.000703-sell/profit-ztp-2016-06-28-pm: price 9.875221993208315 not WAC+mult*sigma0 (WAC 10.197405185484588, sigma0 0.2901479954722106, cands [10.777701176429009, 11.06784917190122])
[   57.9s]     !! [F4R1-B] CHECK FAIL: tp fill sz.000703-sell/profit-ztp-2016-06-29-am: price 9.875221993208315 not WAC+mult*sigma0 (WAC 10.197405185484588, sigma0 0.2901479954722106, cands [10.777701176429009, 11.06784917190122])
[   57.9s]     !! [F4R1-B] CHECK FAIL: tp fill sh.600500-sell/profit-ztp-2016-07-04-pm: price 9.258531280605316 not WAC+mult*sigma0 (WAC 9.374909763332282, sigma0 0.15902085373687871, cands [9.692951470806038, 9.851972324542917])
[   57.9s]     !! [F4R1-B] CHECK FAIL: tp fill sh.600500-sell/profit-ztp2-2016-07-04-pm: price 9.417552134342195 not WAC+mult*sigma0 (WAC 9.374909763332282, sigma0 0.15902085373687871, cands [9.692951470806038, 9.851972324542917])
[   57.9s]     !! [F4R1-B] CHECK FAIL: tp fill sh.600717-sell/profit-ztp-2016-07-06-pm: price 9.374577250121487 not WAC+mult*sigma0 (WAC 9.581819477865363, sigma0 0.11638483341432418, cands [9.814589144694011, 9.930973978108335])
[   57.9s]     !! [F4R1-B] CHECK FAIL: tp fill sh.600717-sell/profit-ztp-2016-07-07-am: price 9.374577250121487 not WAC+mult*sigma0 (WAC 9.581819477865363, sigma0 0.11638483341432418, cands [9.814589144694011, 9.930973978108335])
[   57.9s]     !! [F4R1-B] CHECK FAIL: tp fill sh.600717-sell/profit-ztp2-2016-07-07-am: price 9.49096208353581 not WAC+mult*sigma0 (WAC 9.581819477865363, sigma0 0.11638483341432418, cands [9.814589144694011, 9.930973978108335])
[   57.9s]     !! [F4R1-B] CHECK FAIL: tp fill sh.603001-sell/profit-ztp-2016-07-12-am: price 21.7889243976326 not WAC+mult*sigma0 (WAC 20.95011063317556, sigma0 0.3659495984217334, cands [21.682009830019027, 22.04795942844076])
[   57.9s]     !! [F4R1-B] CHECK FAIL: tp fill sh.600021-sell/profit-ztp-2016-07-12-am: price 10.869522319834923 not WAC+mult*sigma0 (WAC 11.60949353161692, sigma0 0.10452231983492423, cands [11.818538171286768, 11.923060491121692])
[   57.9s]     !! [F4R1-B] CHECK FAIL: tp fill sh.603001-sell/profit-ztp2-2016-07-12-pm: price 22.15487399605433 not WAC+mult*sigma0 (WAC 20.95011063317556, sigma0 0.3659495984217334, cands [21.682009830019027, 22.04795942844076])
[   57.9s]     !! [F4R1-B] CHECK FAIL: tp fill sh.600021-sell/profit-ztp-2016-07-12-pm: price 10.869522319834923 not WAC+mult*sigma0 (WAC 11.60949353161692, sigma0 0.10452231983492423, cands [11.818538171286768, 11.923060491121692])
[   57.9s]     !! [F4R1-B] CHECK FAIL: tp fill sh.600021-sell/profit-ztp2-2016-07-12-pm: price 10.974044639669847 not WAC+mult*sigma0 (WAC 11.60949353161692, sigma0 0.10452231983492423, cands [11.818538171286768, 11.923060491121692])
[   57.9s]     !! [F4R1-B] CHECK FAIL: tp fill sh.601872-sell/profit-ztp-2016-07-14-pm: price 5.316954830471262 not WAC+mult*sigma0 (WAC 5.242030113019159, sigma0 0.05796988698084125, cands [5.357969886980841, 5.415939773961683])
[   57.9s]     !! [F4R1-B] CHECK FAIL: tp fill sh.601872-sell/profit-ztp2-2016-07-14-pm: price 5.374924717452104 not WAC+mult*sigma0 (WAC 5.242030113019159, sigma0 0.05796988698084125, cands [5.357969886980841, 5.415939773961683])
[   57.9s]     !! [F4R1-B] CHECK FAIL: tp fill sh.600438-sell/profit-ztp-2016-07-18-am: price 6.807799801001238 not WAC+mult*sigma0 (WAC 8.258530871499907, sigma0 0.13186653400082549, cands [8.522263939501558, 8.654130473502384])
[   57.9s]     !! [F4R1-B] CHECK FAIL: tp fill sh.600438-sell/profit-ztp-2016-07-19-am: price 6.807799801001238 not WAC+mult*sigma0 (WAC 8.258530871499907, sigma0 0.13186653400082549, cands [8.522263939501558, 8.654130473502384])
[   57.9s]     !! [F4R1-B] CHECK FAIL: tp fill sh.600438-sell/profit-ztp-2016-07-19-pm: price 6.807799801001238 not WAC+mult*sigma0 (WAC 8.258530871499907, sigma0 0.13186653400082549, cands [8.522263939501558, 8.654130473502384])
[   57.9s]     !! [F4R1-B] CHECK FAIL: tp fill sh.600827-sell/profit-ztp-2016-07-26-pm: price 12.919423591395459 not WAC+mult*sigma0 (WAC 13.877242840577841, sigma0 0.17294906093030493, cands [14.223140962438451, 14.396090023368755])
[   57.9s]     !! [F4R1-B] CHECK FAIL: tp fill sh.600098-sell/profit-ztp-2016-08-02-pm: price 7.756304520975572 not WAC+mult*sigma0 (WAC 7.636469036955171, sigma0 0.07753634731704832, cands [7.791541731589268, 7.869078078906316])
[   57.9s]     !! [F4R1-B] CHECK FAIL: tp fill sh.600098-sell/profit-ztp2-2016-08-02-pm: price 7.83384086829262 not WAC+mult*sigma0 (WAC 7.636469036955171, sigma0 0.07753634731704832, cands [7.791541731589268, 7.869078078906316])
[   57.9s]     !! [F4R1-B] CHECK FAIL: tp fill sh.600469-sell/profit-ztp-2016-08-03-am: price 10.104551204168532 not WAC+mult*sigma0 (WAC 12.046254356975886, sigma0 0.12970080277902177, cands [12.30565596253393, 12.435356765312951])
[   57.9s]     !! [F4R1-B] CHECK FAIL: tp fill sh.600469-sell/profit-ztp-2016-08-03-pm: price 10.104551204168532 not WAC+mult*sigma0 (WAC 12.046254356975886, sigma0 0.12970080277902177, cands [12.30565596253393, 12.435356765312951])
[   57.9s]     !! [F4R1-B] CHECK FAIL: tp fill sh.600387-sell/profit-ztp-2016-08-08-pm: price 12.384474235363959 not WAC+mult*sigma0 (WAC 11.921780713171023, sigma0 0.24964949024263916, cands [12.421079693656301, 12.67072918389894])
[   57.9s]     !! [F4R1-B] CHECK FAIL: tp fill sh.600469-sell/profit-ztp-2016-08-08-pm: price 10.104551204168532 not WAC+mult*sigma0 (WAC 12.046254356975886, sigma0 0.12970080277902177, cands [12.30565596253393, 12.435356765312951])
[   57.9s]     !! [F4R1-B] CHECK FAIL: tp fill sh.600438-sell/profit-ztp-2016-08-08-pm: price 6.201740843787279 not WAC+mult*sigma0 (WAC 7.1103093976151035, sigma0 0.1478272291915197, cands [7.405963855998143, 7.553791085189663])
[   57.9s]     !! [F4R1-B] CHECK FAIL: tp fill sh.600387-sell/profit-ztp-2016-08-09-am: price 12.384474235363959 not WAC+mult*sigma0 (WAC 11.921780713171023, sigma0 0.24964949024263916, cands [12.421079693656301, 12.67072918389894])
[   57.9s]     !! [F4R1-B] CHECK FAIL: tp fill sh.600438-sell/profit-ztp-2016-08-09-am: price 6.201740843787279 not WAC+mult*sigma0 (WAC 7.1103093976151035, sigma0 0.1478272291915197, cands [7.405963855998143, 7.553791085189663])
[   57.9s]     !! [F4R1-B] CHECK FAIL: tp fill sh.603001-sell/profit-ztp-2016-08-09-pm: price 20.68159698316718 not WAC+mult*sigma0 (WAC 20.709116559617737, sigma0 0.34773132211145136, cands [21.40457920384064, 21.75231052595209])
[   57.9s]     !! [F4R1-B] CHECK FAIL: tp fill sh.600438-sell/profit-ztp-2016-08-09-pm: price 6.201740843787279 not WAC+mult*sigma0 (WAC 7.1103093976151035, sigma0 0.1478272291915197, cands [7.405963855998143, 7.553791085189663])
[   57.9s]     !! [F4R1-B] CHECK FAIL: tp fill sh.600469-sell/profit-ztp2-2016-08-10-pm: price 10.234252006947553 not WAC+mult*sigma0 (WAC 12.046254356975886, sigma0 0.12970080277902177, cands [12.30565596253393, 12.435356765312951])
[   57.9s]     !! [F4R1-B] CHECK FAIL: tp fill sz.002394-sell/profit-ztp-2016-08-12-pm: price 15.509899598391385 not WAC+mult*sigma0 (WAC 13.578373930848242, sigma0 0.2498995983913842, cands [14.078173127631011, 14.328072726022395])
[   57.9s]     !! [F4R1-B] CHECK FAIL: tp fill sh.600438-sell/profit-ztp2-2016-08-12-pm: price 6.3495680729787995 not WAC+mult*sigma0 (WAC 7.1103093976151035, sigma0 0.1478272291915197, cands [7.405963855998143, 7.553791085189663])
[   57.9s]     !! [F4R1-B] CHECK FAIL: tp fill sz.000698-sell/profit-ztp-2016-08-12-pm: price 6.979247280906272 not WAC+mult*sigma0 (WAC 6.587498357663586, sigma0 0.13283152060418196, cands [6.85316139887195, 6.985992919476132])
[   57.9s]     !! [F4R1-B] CHECK FAIL: tp fill sh.603001-sell/profit-ztp2-2016-08-15-am: price 21.02932830527863 not WAC+mult*sigma0 (WAC 20.709116559617737, sigma0 0.34773132211145136, cands [21.40457920384064, 21.75231052595209])
[   57.9s]     !! [F4R1-B] CHECK FAIL: tp fill sz.002394-sell/profit-ztp-2016-08-15-am: price 15.509899598391385 not WAC+mult*sigma0 (WAC 13.578373930848242, sigma0 0.2498995983913842, cands [14.078173127631011, 14.328072726022395])
[   57.9s]     !! [F4R1-B] CHECK FAIL: tp fill sz.000698-sell/profit-ztp-2016-08-15-am: price 6.979247280906272 not WAC+mult*sigma0 (WAC 6.587498357663586, sigma0 0.13283152060418196, cands [6.85316139887195, 6.985992919476132])
[   57.9s]     !! [F4R1-B] CHECK FAIL: tp fill sz.002394-sell/profit-ztp-2016-08-15-pm: price 15.509899598391385 not WAC+mult*sigma0 (WAC 13.578373930848242, sigma0 0.2498995983913842, cands [14.078173127631011, 14.328072726022395])
[   57.9s]     !! [F4R1-B] CHECK FAIL: tp fill sz.000698-sell/profit-ztp-2016-08-15-pm: price 6.979247280906272 not WAC+mult*sigma0 (WAC 6.587498357663586, sigma0 0.13283152060418196, cands [6.85316139887195, 6.985992919476132])
[   57.9s]     !! [F4R1-B] CHECK FAIL: tp fill sz.002394-sell/profit-ztp2-2016-08-17-am: price 15.759799196782769 not WAC+mult*sigma0 (WAC 13.578373930848242, sigma0 0.2498995983913842, cands [14.078173127631011, 14.328072726022395])
[   57.9s]     !! [F4R1-B] CHECK FAIL: tp fill sz.000698-sell/profit-ztp2-2016-08-22-pm: price 7.112078801510455 not WAC+mult*sigma0 (WAC 6.587498357663586, sigma0 0.13283152060418196, cands [6.85316139887195, 6.985992919476132])
[   57.9s]     !! [F4R1-B] CHECK FAIL: tp fill sz.002372-sell/profit-ztp-2016-09-06-pm: price 16.30929911986422 not WAC+mult*sigma0 (WAC 17.02165354584482, sigma0 0.25953274657614844, cands [17.540719038997118, 17.800251785573266])
[   57.9s]     !! [F4R1-B] CHECK FAIL: tp fill sz.002372-sell/profit-ztp2-2016-09-06-pm: price 16.56883186644037 not WAC+mult*sigma0 (WAC 17.02165354584482, sigma0 0.25953274657614844, cands [17.540719038997118, 17.800251785573266])
[   57.9s]     !! [F4R1-B] CHECK FAIL: tp fill sh.600717-sell/profit-ztp-2016-10-20-pm: price 9.855871512570042 not WAC+mult*sigma0 (WAC 9.611153167742613, sigma0 0.09058100838002715, cands [9.792315184502668, 9.882896192882693])
[   57.9s]     !! [F4R1-B] CHECK FAIL: tp fill sh.600717-sell/profit-ztp-2016-10-21-pm: price 9.855871512570042 not WAC+mult*sigma0 (WAC 9.611153167742613, sigma0 0.09058100838002715, cands [9.792315184502668, 9.882896192882693])
[   57.9s]     !! [F4R1-B] CHECK FAIL: tp fill sh.600717-sell/profit-ztp-2016-10-24-am: price 9.855871512570042 not WAC+mult*sigma0 (WAC 9.611153167742613, sigma0 0.09058100838002715, cands [9.792315184502668, 9.882896192882693])
[   57.9s]     !! [F4R1-B] CHECK FAIL: tp fill sh.600717-sell/profit-ztp2-2016-10-24-am: price 9.946452520950068 not WAC+mult*sigma0 (WAC 9.611153167742613, sigma0 0.09058100838002715, cands [9.792315184502668, 9.882896192882693])
[   57.9s]     !! [F4R1-B] CHECK FAIL: tp fill sz.000761-sell/profit-ztp-2016-11-10-pm: price 5.804955929524614 not WAC+mult*sigma0 (WAC 6.393745443950276, sigma0 0.06330395301640962, cands [6.520353349983095, 6.583657302999504])
[   57.9s]     !! [F4R1-B] CHECK FAIL: tp fill sz.000761-sell/profit-ztp-2016-11-11-am: price 5.804955929524614 not WAC+mult*sigma0 (WAC 6.393745443950276, sigma0 0.06330395301640962, cands [6.520353349983095, 6.583657302999504])
[   57.9s]     !! [F4R1-B] CHECK FAIL: tp fill sz.000761-sell/profit-ztp-2016-11-11-pm: price 5.804955929524614 not WAC+mult*sigma0 (WAC 6.393745443950276, sigma0 0.06330395301640962, cands [6.520353349983095, 6.583657302999504])
[   57.9s]     !! [F4R1-B] CHECK FAIL: tp fill sz.000761-sell/profit-ztp2-2016-11-11-pm: price 5.8682598825410235 not WAC+mult*sigma0 (WAC 6.393745443950276, sigma0 0.06330395301640962, cands [6.520353349983095, 6.583657302999504])
[   57.9s]     !! [F4R1-B] CHECK FAIL: tp fill sh.601799-sell/profit-ztp-2016-11-11-pm: price 40.722663715300335 not WAC+mult*sigma0 (WAC 38.729298153343876, sigma0 0.7076637153003369, cands [40.14462558394455, 40.85228929924489])
[   57.9s]     !! [F4R1-B] CHECK FAIL: tp fill sh.601799-sell/profit-ztp-2016-11-14-am: price 40.722663715300335 not WAC+mult*sigma0 (WAC 38.729298153343876, sigma0 0.7076637153003369, cands [40.14462558394455, 40.85228929924489])
[   57.9s]     !! [F4R1-B] CHECK FAIL: tp fill sh.600438-sell/profit-ztp-2016-11-16-am: price 6.292071326204265 not WAC+mult*sigma0 (WAC 6.723781686635997, sigma0 0.05471421746951005, cands [6.833210121575017, 6.887924339044527])
[   57.9s]     !! [F4R1-B] CHECK FAIL: tp fill sh.600438-sell/profit-ztp-2016-11-16-pm: price 6.292071326204265 not WAC+mult*sigma0 (WAC 6.723781686635997, sigma0 0.05471421746951005, cands [6.833210121575017, 6.887924339044527])
[   57.9s]     !! [F4R1-B] CHECK FAIL: tp fill sh.600438-sell/profit-ztp-2016-11-17-pm: price 6.292071326204265 not WAC+mult*sigma0 (WAC 6.723781686635997, sigma0 0.05471421746951005, cands [6.833210121575017, 6.887924339044527])
[   57.9s]     !! [F4R1-B] CHECK FAIL: tp fill sh.601799-sell/profit-ztp2-2016-11-18-pm: price 41.43032743060067 not WAC+mult*sigma0 (WAC 38.729298153343876, sigma0 0.7076637153003369, cands [40.14462558394455, 40.85228929924489])
[   57.9s]     !! [F4R1-B] CHECK FAIL: tp fill sz.002309-sell/profit-ztp-2016-11-22-am: price 15.523567433380823 not WAC+mult*sigma0 (WAC 15.518959656076355, sigma0 0.2023782889205474, cands [15.92371623391745, 16.126094522837995])
[   57.9s]     !! [F4R1-B] CHECK FAIL: tp fill sz.002309-sell/profit-ztp-2016-11-22-pm: price 15.523567433380823 not WAC+mult*sigma0 (WAC 15.518959656076355, sigma0 0.2023782889205474, cands [15.92371623391745, 16.126094522837995])
[   57.9s]     !! [F4R1-B] CHECK FAIL: tp fill sh.600438-sell/profit-ztp-2016-11-23-am: price 6.28971421746951 not WAC+mult*sigma0 (WAC 6.563236682859449, sigma0 0.05471421746951005, cands [6.672665117798469, 6.727379335267979])
[   57.9s]     !! [F4R1-B] CHECK FAIL: tp fill sh.600729-sell/profit-ztp-2016-12-06-pm: price 24.96319691975695 not WAC+mult*sigma0 (WAC 23.727755122591997, sigma0 0.25319691975694836, cands [24.234148962105895, 24.487345881862844])
[   57.9s]     !! [F4R1-B] CHECK FAIL: tp fill sh.600729-sell/profit-ztp-2016-12-07-am: price 24.96319691975695 not WAC+mult*sigma0 (WAC 23.727755122591997, sigma0 0.25319691975694836, cands [24.234148962105895, 24.487345881862844])
[   57.9s]     !! [F4R1-B] CHECK FAIL: tp fill sh.600729-sell/profit-ztp-2016-12-07-pm: price 24.96319691975695 not WAC+mult*sigma0 (WAC 23.727755122591997, sigma0 0.25319691975694836, cands [24.234148962105895, 24.487345881862844])
[   57.9s]     !! [F4R1-B] CHECK FAIL: tp fill sh.600729-sell/profit-ztp2-2016-12-07-pm: price 25.2163938395139 not WAC+mult*sigma0 (WAC 23.727755122591997, sigma0 0.25319691975694836, cands [24.234148962105895, 24.487345881862844])
[   57.9s]     !! [F4R1-B] CHECK FAIL: tp fill sh.600073-sell/profit-ztp-2016-12-09-pm: price 11.804927775426453 not WAC+mult*sigma0 (WAC 11.687898133527112, sigma0 0.12328518361763559, cands [11.934468500762383, 12.05775368438002])
[   57.9s]     !! [F4R1-B] CHECK FAIL: tp fill sh.600335-sell/profit-ztp-2016-12-22-am: price 12.344537401274069 not WAC+mult*sigma0 (WAC 13.617131011256888, sigma0 0.14453740127406836, cands [13.906205813805025, 14.050743215079093])
[   57.9s]     !! [F4R1-B] CHECK FAIL: tp fill sh.600335-sell/profit-ztp-2016-12-22-pm: price 12.344537401274069 not WAC+mult*sigma0 (WAC 13.617131011256888, sigma0 0.14453740127406836, cands [13.906205813805025, 14.050743215079093])
[   57.9s]     !! [F4R1-B] CHECK FAIL: tp fill sz.000550-sell/profit-ztp-2017-01-18-am: price 29.894774295605337 not WAC+mult*sigma0 (WAC 32.04961191967224, sigma0 0.46318286373689227, cands [32.975977647146024, 33.439160510882914])
[   57.9s]     !! [F4R1-B] CHECK FAIL: tp fill sz.000550-sell/profit-ztp2-2017-01-18-am: price 30.35795715934223 not WAC+mult*sigma0 (WAC 32.04961191967224, sigma0 0.46318286373689227, cands [32.975977647146024, 33.439160510882914])
[   57.9s]     !! [F4R1-B] CHECK FAIL: tp fill sz.002148-sell/profit-ztp-2017-02-09-am: price 18.93184884697538 not WAC+mult*sigma0 (WAC 18.84024560272907, sigma0 0.35456589798358845, cands [19.549377398696247, 19.903943296679834])
[   57.9s]     !! [F4R1-B] CHECK FAIL: tp fill sz.002148-sell/profit-ztp2-2017-02-09-am: price 19.286414744958968 not WAC+mult*sigma0 (WAC 18.84024560272907, sigma0 0.35456589798358845, cands [19.549377398696247, 19.903943296679834])
[   57.9s]     !! [F4R1-B] CHECK FAIL: tp fill sh.601877-sell/profit-ztp-2017-02-09-pm: price 20.005243699575352 not WAC+mult*sigma0 (WAC 21.540358089389446, sigma0 0.19016246638356843, cands [21.920683022156584, 22.11084548854015])
[   57.9s]     !! [F4R1-B] CHECK FAIL: tp fill sh.601877-sell/profit-ztp-2017-02-10-pm: price 20.005243699575352 not WAC+mult*sigma0 (WAC 21.540358089389446, sigma0 0.19016246638356843, cands [21.920683022156584, 22.11084548854015])
[   57.9s]     !! [F4R1-B] CHECK FAIL: tp fill sh.601877-sell/profit-ztp-2017-02-13-am: price 20.005243699575352 not WAC+mult*sigma0 (WAC 21.540358089389446, sigma0 0.19016246638356843, cands [21.920683022156584, 22.11084548854015])
[   57.9s]     !! [F4R1-B] CHECK FAIL: tp fill sh.600216-sell/profit-ztp-2017-02-14-pm: price 12.160931528105165 not WAC+mult*sigma0 (WAC 12.269276884512294, sigma0 0.16728768540344346, cands [12.60385225531918, 12.771139940722625])
[   57.9s]     !! [F4R1-B] CHECK FAIL: tp fill sh.600216-sell/profit-ztp-2017-02-15-am: price 12.160931528105165 not WAC+mult*sigma0 (WAC 12.269276884512294, sigma0 0.16728768540344346, cands [12.60385225531918, 12.771139940722625])
[   57.9s]     !! [F4R1-B] CHECK FAIL: tp fill sz.002477-sell/profit-ztp-2017-02-20-pm: price 4.972155103228511 not WAC+mult*sigma0 (WAC 5.185743221911181, sigma0 0.04810340215234076, cands [5.2819500262158625, 5.3300534283682035])
[   57.9s]     !! [F4R1-B] CHECK FAIL: tp fill sz.002477-sell/profit-ztp-2017-02-21-am: price 4.972155103228511 not WAC+mult*sigma0 (WAC 5.185743221911181, sigma0 0.04810340215234076, cands [5.2819500262158625, 5.3300534283682035])
[   57.9s]     !! [F4R1-B] CHECK FAIL: tp fill sh.600216-sell/profit-ztp-2017-02-21-pm: price 12.160931528105165 not WAC+mult*sigma0 (WAC 12.269276884512294, sigma0 0.16728768540344346, cands [12.60385225531918, 12.771139940722625])
[   57.9s]     !! [F4R1-B] CHECK FAIL: tp fill sz.002477-sell/profit-ztp-2017-02-21-pm: price 4.972155103228511 not WAC+mult*sigma0 (WAC 5.185743221911181, sigma0 0.04810340215234076, cands [5.2819500262158625, 5.3300534283682035])
[   57.9s]     !! [F4R1-B] CHECK FAIL: tp fill sz.002416-sell/profit-ztp-2017-02-22-am: price 13.62709368418204 not WAC+mult*sigma0 (WAC 14.711016516126543, sigma0 0.3180624561213585, cands [15.34714142836926, 15.66520388449062])
[   57.9s]     !! [F4R1-B] CHECK FAIL: tp fill sh.600216-sell/profit-ztp-2017-02-22-am: price 12.160931528105165 not WAC+mult*sigma0 (WAC 12.269276884512294, sigma0 0.16728768540344346, cands [12.60385225531918, 12.771139940722625])
[   57.9s]     !! [F4R1-B] CHECK FAIL: tp fill sh.601877-sell/profit-ztp2-2017-02-22-am: price 20.19540616595892 not WAC+mult*sigma0 (WAC 21.540358089389446, sigma0 0.19016246638356843, cands [21.920683022156584, 22.11084548854015])
[   57.9s]     !! [F4R1-B] CHECK FAIL: tp fill sh.600563-sell/profit-ztp-2017-02-22-pm: price 36.405145887390866 not WAC+mult*sigma0 (WAC 35.04966570067196, sigma0 0.49676392492724203, cands [36.043193550526446, 36.53995747545368])
[   57.9s]     !! [F4R1-B] CHECK FAIL: tp fill sh.600563-sell/profit-ztp2-2017-02-22-pm: price 36.9019098123181 not WAC+mult*sigma0 (WAC 35.04966570067196, sigma0 0.49676392492724203, cands [36.043193550526446, 36.53995747545368])
[   57.9s]     !! [F4R1-B] CHECK FAIL: tp fill sh.600216-sell/profit-ztp2-2017-02-23-am: price 12.328219213508609 not WAC+mult*sigma0 (WAC 12.269276884512294, sigma0 0.16728768540344346, cands [12.60385225531918, 12.771139940722625])
[   57.9s]     !! [F4R1-B] CHECK FAIL: tp fill sz.002416-sell/profit-ztp-2017-02-23-pm: price 13.62709368418204 not WAC+mult*sigma0 (WAC 14.711016516126543, sigma0 0.3180624561213585, cands [15.34714142836926, 15.66520388449062])
[   57.9s]     !! [F4R1-B] CHECK FAIL: tp fill sz.002477-sell/profit-ztp-2017-02-24-am: price 4.972155103228511 not WAC+mult*sigma0 (WAC 5.185743221911181, sigma0 0.04810340215234076, cands [5.2819500262158625, 5.3300534283682035])
[   57.9s]     !! [F4R1-B] CHECK FAIL: tp fill sz.002477-sell/profit-ztp-2017-02-24-pm: price 4.972155103228511 not WAC+mult*sigma0 (WAC 5.185743221911181, sigma0 0.04810340215234076, cands [5.2819500262158625, 5.3300534283682035])
[   57.9s]     !! [F4R1-B] CHECK FAIL: tp fill sz.002477-sell/profit-ztp2-2017-02-24-pm: price 5.020258505380852 not WAC+mult*sigma0 (WAC 5.185743221911181, sigma0 0.04810340215234076, cands [5.2819500262158625, 5.3300534283682035])
[   57.9s]     !! [F4R1-B] CHECK FAIL: tp fill sh.600053-sell/profit-ztp-2017-03-01-pm: price 42.339349548823094 not WAC+mult*sigma0 (WAC 42.36710030078461, sigma0 0.39289969921539436, cands [43.152899699215396, 43.54579939843079])
[   57.9s]     !! [F4R1-B] CHECK FAIL: tp fill sh.600053-sell/profit-ztp2-2017-03-01-pm: price 42.732249248038485 not WAC+mult*sigma0 (WAC 42.36710030078461, sigma0 0.39289969921539436, cands [43.152899699215396, 43.54579939843079])
[   57.9s]     !! [F4R1-B] CHECK FAIL: tp fill sz.002463-sell/profit-ztp-2017-03-03-pm: price 4.892503540676883 not WAC+mult*sigma0 (WAC 4.980793832943416, sigma0 0.03250354067688314, cands [5.045800914297182, 5.078304454974065])
[   57.9s]     !! [F4R1-B] CHECK FAIL: tp fill sz.002463-sell/profit-ztp-2017-03-06-am: price 4.892503540676883 not WAC+mult*sigma0 (WAC 4.980793832943416, sigma0 0.03250354067688314, cands [5.045800914297182, 5.078304454974065])
[   57.9s]     !! [F4R1-B] CHECK FAIL: tp fill sz.000402-sell/profit-ztp-2017-03-10-pm: price 11.18171551388163 not WAC+mult*sigma0 (WAC 10.690072824064238, sigma0 0.14114367592108612, cands [10.97236017590641, 11.113503851827497])
[   57.9s]     !! [F4R1-B] CHECK FAIL: tp fill sz.000402-sell/profit-ztp-2017-03-13-am: price 11.18171551388163 not WAC+mult*sigma0 (WAC 10.690072824064238, sigma0 0.14114367592108612, cands [10.97236017590641, 11.113503851827497])
[   57.9s]     !! [F4R1-B] CHECK FAIL: tp fill sh.600383-sell/profit-ztp-2017-03-13-pm: price 12.279166048958002 not WAC+mult*sigma0 (WAC 12.181373934584892, sigma0 0.12611069930533514, cands [12.433595333195562, 12.559706032500898])
[   57.9s]     !! [F4R1-B] CHECK FAIL: tp fill sh.600383-sell/profit-ztp2-2017-03-13-pm: price 12.405276748263336 not WAC+mult*sigma0 (WAC 12.181373934584892, sigma0 0.12611069930533514, cands [12.433595333195562, 12.559706032500898])
[   57.9s]     !! [F4R1-B] CHECK FAIL: tp fill sz.000402-sell/profit-ztp-2017-03-13-pm: price 11.18171551388163 not WAC+mult*sigma0 (WAC 10.690072824064238, sigma0 0.14114367592108612, cands [10.97236017590641, 11.113503851827497])
[   57.9s]     !! [F4R1-B] CHECK FAIL: tp fill sz.000402-sell/profit-ztp2-2017-03-13-pm: price 11.322859189802717 not WAC+mult*sigma0 (WAC 10.690072824064238, sigma0 0.14114367592108612, cands [10.97236017590641, 11.113503851827497])
[   57.9s]     !! [F4R1-B] CHECK FAIL: tp fill sz.002588-sell/profit-ztp-2017-04-05-pm: price 10.26789540221523 not WAC+mult*sigma0 (WAC 15.062677067758967, sigma0 0.07859693481015338, cands [15.219870937379273, 15.298467872189427])
[   57.9s]     !! [F4R1-B] CHECK FAIL: tp fill sz.002588-sell/profit-ztp-2017-04-06-pm: price 10.26789540221523 not WAC+mult*sigma0 (WAC 15.062677067758967, sigma0 0.07859693481015338, cands [15.219870937379273, 15.298467872189427])
[   57.9s]     !! [F4R1-B] CHECK FAIL: tp fill sh.600846-sell/profit-ztp-2017-04-12-am: price 9.146518955324021 not WAC+mult*sigma0 (WAC 9.135581896308102, sigma0 0.09151895532402024, cands [9.318619806956143, 9.410138762280162])
[   57.9s]     !! [F4R1-B] CHECK FAIL: tp fill sh.600846-sell/profit-ztp2-2017-04-12-am: price 9.23803791064804 not WAC+mult*sigma0 (WAC 9.135581896308102, sigma0 0.09151895532402024, cands [9.318619806956143, 9.410138762280162])
[   57.9s]     !! [F4R1-B] CHECK FAIL: tp fill sh.601011-sell/profit-ztp-2017-06-07-pm: price 5.614921528545724 not WAC+mult*sigma0 (WAC 5.872210098971735, sigma0 0.1099476856971499, cands [6.092105470366034, 6.202053156063185])
[   57.9s]     !! [F4R1-B] CHECK FAIL: tp fill sz.000951-sell/profit-ztp-2017-06-08-am: price 12.311636116180368 not WAC+mult*sigma0 (WAC 14.810834772091786, sigma0 0.18775741078691235, cands [15.18634959366561, 15.374107004452522])
[   57.9s]     !! [F4R1-B] CHECK FAIL: tp fill sh.601011-sell/profit-ztp-2017-06-08-am: price 5.614921528545724 not WAC+mult*sigma0 (WAC 5.872210098971735, sigma0 0.1099476856971499, cands [6.092105470366034, 6.202053156063185])
[   57.9s]     !! [F4R1-B] CHECK FAIL: tp fill sz.000951-sell/profit-ztp-2017-06-08-pm: price 12.311636116180368 not WAC+mult*sigma0 (WAC 14.810834772091786, sigma0 0.18775741078691235, cands [15.18634959366561, 15.374107004452522])
[   57.9s]     !! [F4R1-B] CHECK FAIL: tp fill sz.000951-sell/profit-ztp2-2017-06-08-pm: price 12.49939352696728 not WAC+mult*sigma0 (WAC 14.810834772091786, sigma0 0.18775741078691235, cands [15.18634959366561, 15.374107004452522])
[   57.9s]     !! [F4R1-B] CHECK FAIL: tp fill sh.601011-sell/profit-ztp-2017-06-12-pm: price 5.614921528545724 not WAC+mult*sigma0 (WAC 5.872210098971735, sigma0 0.1099476856971499, cands [6.092105470366034, 6.202053156063185])
[   57.9s]     !! [F4R1-B] CHECK FAIL: tp fill sh.601011-sell/profit-ztp-2017-06-13-am: price 5.614921528545724 not WAC+mult*sigma0 (WAC 5.872210098971735, sigma0 0.1099476856971499, cands [6.092105470366034, 6.202053156063185])
[   57.9s]     !! [F4R1-B] CHECK FAIL: tp fill sh.601011-sell/profit-ztp-2017-06-13-pm: price 5.614921528545724 not WAC+mult*sigma0 (WAC 5.872210098971735, sigma0 0.1099476856971499, cands [6.092105470366034, 6.202053156063185])
[   57.9s]     !! [F4R1-B] CHECK FAIL: tp fill sh.601011-sell/profit-ztp2-2017-06-13-pm: price 5.724869214242874 not WAC+mult*sigma0 (WAC 5.872210098971735, sigma0 0.1099476856971499, cands [6.092105470366034, 6.202053156063185])
[   57.9s]     !! [F4R1-B] CHECK FAIL: tp fill sz.000525-sell/profit-ztp-2017-06-19-pm: price 17.534737781867612 not WAC+mult*sigma0 (WAC 16.74859073610872, sigma0 0.5098251879117416, cands [17.768241111932205, 18.278066299843946])
[   57.9s]     !! [F4R1-B] CHECK FAIL: tp fill sz.000525-sell/profit-ztp-2017-06-20-am: price 17.534737781867612 not WAC+mult*sigma0 (WAC 16.74859073610872, sigma0 0.5098251879117416, cands [17.768241111932205, 18.278066299843946])
[   57.9s]     !! [F4R1-B] CHECK FAIL: tp fill sz.000525-sell/profit-ztp-2017-06-23-pm: price 17.534737781867612 not WAC+mult*sigma0 (WAC 16.74859073610872, sigma0 0.5098251879117416, cands [17.768241111932205, 18.278066299843946])
[   57.9s]     !! [F4R1-B] CHECK FAIL: tp fill sz.000525-sell/profit-ztp2-2017-06-26-pm: price 18.044562969779353 not WAC+mult*sigma0 (WAC 16.74859073610872, sigma0 0.5098251879117416, cands [17.768241111932205, 18.278066299843946])
[   57.9s]     !! [F4R1-B] CHECK FAIL: tp fill sz.002543-sell/profit-ztp-2017-07-06-am: price 25.25015553315173 not WAC+mult*sigma0 (WAC 20.29689174022709, sigma0 0.4534370221011536, cands [21.203765784429397, 21.65720280653055])
[   57.9s]     !! [F4R1-B] CHECK FAIL: tp fill sh.600523-sell/profit-ztp-2017-07-06-pm: price 18.962800986353418 not WAC+mult*sigma0 (WAC 17.965385032191193, sigma0 0.24186732423561225, cands [18.449119680662417, 18.69098700489803])
[   57.9s]     !! [F4R1-B] CHECK FAIL: tp fill sh.600523-sell/profit-ztp2-2017-07-06-pm: price 19.20466831058903 not WAC+mult*sigma0 (WAC 17.965385032191193, sigma0 0.24186732423561225, cands [18.449119680662417, 18.69098700489803])
[   57.9s]     !! [F4R1-B] CHECK FAIL: tp fill sz.002543-sell/profit-ztp-2017-07-10-pm: price 25.25015553315173 not WAC+mult*sigma0 (WAC 20.29689174022709, sigma0 0.4534370221011536, cands [21.203765784429397, 21.65720280653055])
[   57.9s]     !! [F4R1-B] CHECK FAIL: tp fill sz.000597-sell/profit-ztp-2017-07-12-pm: price 11.8595116653648 not WAC+mult*sigma0 (WAC 11.350174514103868, sigma0 0.1796744435765328, cands [11.709523401256934, 11.889197844833467])
[   57.9s]     !! [F4R1-B] CHECK FAIL: tp fill sz.000597-sell/profit-ztp2-2017-07-12-pm: price 12.039186108941331 not WAC+mult*sigma0 (WAC 11.350174514103868, sigma0 0.1796744435765328, cands [11.709523401256934, 11.889197844833467])
[   57.9s]     !! [F4R1-B] CHECK FAIL: tp fill sz.002123-sell/profit-ztp-2017-08-17-am: price 10.804538086141621 not WAC+mult*sigma0 (WAC 11.457706699756967, sigma0 0.2830253907610801, cands [12.023757481279127, 12.306782872040207])
[   57.9s]     !! [F4R1-B] CHECK FAIL: tp fill sz.000800-sell/profit-ztp-2017-08-18-am: price 10.44835564531381 not WAC+mult*sigma0 (WAC 10.165003413176352, sigma0 0.19890376354253966, cands [10.562810940261432, 10.761714703803971])
[   57.9s]     !! [F4R1-B] CHECK FAIL: tp fill sz.000800-sell/profit-ztp-2017-08-18-pm: price 10.44835564531381 not WAC+mult*sigma0 (WAC 10.165003413176352, sigma0 0.19890376354253966, cands [10.562810940261432, 10.761714703803971])
[   57.9s]     !! [F4R1-B] CHECK FAIL: tp fill sz.002123-sell/profit-ztp-2017-08-18-pm: price 10.804538086141621 not WAC+mult*sigma0 (WAC 11.457706699756967, sigma0 0.2830253907610801, cands [12.023757481279127, 12.306782872040207])
[   57.9s]     !! [F4R1-B] CHECK FAIL: tp fill sz.000800-sell/profit-ztp-2017-08-21-am: price 10.44835564531381 not WAC+mult*sigma0 (WAC 10.165003413176352, sigma0 0.19890376354253966, cands [10.562810940261432, 10.761714703803971])
[   57.9s]     !! [F4R1-B] CHECK FAIL: tp fill sz.000800-sell/profit-ztp2-2017-08-21-am: price 10.64725940885635 not WAC+mult*sigma0 (WAC 10.165003413176352, sigma0 0.19890376354253966, cands [10.562810940261432, 10.761714703803971])
[   57.9s]     !! [F4R1-B] CHECK FAIL: tp fill sz.002123-sell/profit-ztp-2017-08-21-am: price 10.804538086141621 not WAC+mult*sigma0 (WAC 11.457706699756967, sigma0 0.2830253907610801, cands [12.023757481279127, 12.306782872040207])
[   57.9s]     !! [F4R1-B] CHECK FAIL: tp fill sz.002123-sell/profit-ztp-2017-08-21-pm: price 10.804538086141621 not WAC+mult*sigma0 (WAC 11.457706699756967, sigma0 0.2830253907610801, cands [12.023757481279127, 12.306782872040207])
[   57.9s]     !! [F4R1-B] CHECK FAIL: tp fill sz.002123-sell/profit-ztp2-2017-08-31-am: price 11.087563476902702 not WAC+mult*sigma0 (WAC 11.457706699756967, sigma0 0.2830253907610801, cands [12.023757481279127, 12.306782872040207])
[   57.9s]     !! [F4R1-B] CHECK FAIL: tp fill sh.601222-sell/profit-ztp-2017-09-04-pm: price 8.23071552417826 not WAC+mult*sigma0 (WAC 11.250039448816244, sigma0 0.12047701611883861, cands [11.490993481053922, 11.61147049717276])
[   57.9s]     !! [F4R1-B] CHECK FAIL: tp fill sh.601222-sell/profit-ztp-2017-09-08-am: price 8.23071552417826 not WAC+mult*sigma0 (WAC 11.250039448816244, sigma0 0.12047701611883861, cands [11.490993481053922, 11.61147049717276])
[   57.9s]     !! [F4R1-B] CHECK FAIL: tp fill sh.601222-sell/profit-ztp-2017-09-08-pm: price 8.23071552417826 not WAC+mult*sigma0 (WAC 11.250039448816244, sigma0 0.12047701611883861, cands [11.490993481053922, 11.61147049717276])
[   57.9s]     !! [F4R1-B] CHECK FAIL: tp fill sh.601222-sell/profit-ztp2-2017-09-08-pm: price 8.351192540297099 not WAC+mult*sigma0 (WAC 11.250039448816244, sigma0 0.12047701611883861, cands [11.490993481053922, 11.61147049717276])
[   57.9s]     !! [F4R1-B] CHECK FAIL: tp fill sh.601588-sell/profit-ztp-2017-09-13-pm: price 6.392313095457853 not WAC+mult*sigma0 (WAC 6.296791269694764, sigma0 0.06820873030523536, cands [6.4332087303052345, 6.50141746061047])
[   57.9s]     !! [F4R1-B] CHECK FAIL: tp fill sh.601588-sell/profit-ztp2-2017-09-13-pm: price 6.460521825763088 not WAC+mult*sigma0 (WAC 6.296791269694764, sigma0 0.06820873030523536, cands [6.4332087303052345, 6.50141746061047])
[   57.9s]     !! [F4R1-B] CHECK FAIL: tp fill sh.600062-sell/profit-ztp-2017-10-10-pm: price 21.69336172805854 not WAC+mult*sigma0 (WAC 20.418197076926695, sigma0 0.23557448537236098, cands [20.889346047671417, 21.124920533043777])
[   57.9s]     !! [F4R1-B] CHECK FAIL: tp fill sh.600062-sell/profit-ztp2-2017-10-10-pm: price 21.9289362134309 not WAC+mult*sigma0 (WAC 20.418197076926695, sigma0 0.23557448537236098, cands [20.889346047671417, 21.124920533043777])
[   57.9s]     !! [F4R1-B] CHECK FAIL: tp fill sz.002258-sell/profit-ztp-2017-10-12-pm: price 12.854234198964123 not WAC+mult*sigma0 (WAC 14.073673563108217, sigma0 0.12282279930941649, cands [14.31931916172705, 14.442141961036466])
[   57.9s]     !! [F4R1-B] CHECK FAIL: tp fill sz.002258-sell/profit-ztp2-2017-10-12-pm: price 12.97705699827354 not WAC+mult*sigma0 (WAC 14.073673563108217, sigma0 0.12282279930941649, cands [14.31931916172705, 14.442141961036466])
[   57.9s]     !! [F4R1-B] CHECK FAIL: tp fill sh.603858-sell/profit-ztp-2017-10-17-pm: price 70.42815598604679 not WAC+mult*sigma0 (WAC 69.44870044100138, sigma0 0.49815598604676664, cands [70.44501241309491, 70.94316839914168])
[   57.9s]     !! [F4R1-B] CHECK FAIL: tp fill sh.603858-sell/profit-ztp2-2017-10-18-am: price 70.92631197209356 not WAC+mult*sigma0 (WAC 69.44870044100138, sigma0 0.49815598604676664, cands [70.44501241309491, 70.94316839914168])
[   57.9s]     !! [F4R1-B] CHECK FAIL: tp fill sh.603816-sell/profit-ztp-2017-10-19-pm: price 54.741524146919815 not WAC+mult*sigma0 (WAC 53.8564141738567, sigma0 0.5543494312798829, cands [54.96511303641646, 55.51946246769635])
[   57.9s]     !! [F4R1-B] CHECK FAIL: tp fill sh.603816-sell/profit-ztp-2017-10-25-am: price 54.904349431279876 not WAC+mult*sigma0 (WAC 53.8564141738567, sigma0 0.5543494312798829, cands [54.96511303641646, 55.51946246769635])
[   57.9s]     !! [F4R1-B] CHECK FAIL: tp fill sh.603816-sell/profit-ztp2-2017-10-25-am: price 55.458698862559764 not WAC+mult*sigma0 (WAC 53.8564141738567, sigma0 0.5543494312798829, cands [54.96511303641646, 55.51946246769635])
[   57.9s]     !! [F4R1-B] CHECK FAIL: tp fill sh.601898-sell/profit-ztp-2017-11-08-pm: price 5.949640813994973 not WAC+mult*sigma0 (WAC 5.5321437583834445, sigma0 0.0664272093299824, cands [5.664998177043409, 5.731425386373392])
[   57.9s]     !! [F4R1-B] CHECK FAIL: tp fill sh.601898-sell/profit-ztp-2017-11-09-am: price 5.949640813994973 not WAC+mult*sigma0 (WAC 5.641245509229115, sigma0 0.0664272093299824, cands [5.77409992788908, 5.840527137219063])
[   57.9s]     !! [F4R1-B] CHECK FAIL: tp fill sz.002648-sell/profit-ztp-2017-11-14-am: price 14.857799525110222 not WAC+mult*sigma0 (WAC 12.29359156560988, sigma0 0.3127995251102221, cands [12.919190615830324, 13.231990140940546])
[   57.9s]     !! [F4R1-B] CHECK FAIL: tp fill sz.002648-sell/profit-ztp-2017-11-14-pm: price 14.857799525110222 not WAC+mult*sigma0 (WAC 12.29359156560988, sigma0 0.3127995251102221, cands [12.919190615830324, 13.231990140940546])
[   57.9s]     !! [F4R1-B] CHECK FAIL: tp fill sz.002648-sell/profit-ztp-2017-11-16-am: price 14.857799525110222 not WAC+mult*sigma0 (WAC 12.29359156560988, sigma0 0.3127995251102221, cands [12.919190615830324, 13.231990140940546])
[   57.9s]     !! [F4R1-B] CHECK FAIL: tp fill sz.002648-sell/profit-ztp-2017-11-16-pm: price 14.857799525110222 not WAC+mult*sigma0 (WAC 12.29359156560988, sigma0 0.3127995251102221, cands [12.919190615830324, 13.231990140940546])
[   57.9s]     !! [F4R1-B] CHECK FAIL: tp fill sh.600075-sell/profit-ztp-2017-11-23-am: price 8.012744715731218 not WAC+mult*sigma0 (WAC 9.951043594976422, sigma0 0.1284964771541456, cands [10.208036549284714, 10.33653302643886])
[   57.9s]     !! [F4R1-B] CHECK FAIL: tp fill sh.600997-sell/profit-ztp-2017-11-24-pm: price 6.073987550588216 not WAC+mult*sigma0 (WAC 6.780466347022771, sigma0 0.1426583670588105, cands [7.065783081140392, 7.208441448199203])
[   57.9s]     !! [F4R1-B] CHECK FAIL: tp fill sh.600997-sell/profit-ztp-2017-11-28-am: price 6.073987550588216 not WAC+mult*sigma0 (WAC 6.780466347022771, sigma0 0.1426583670588105, cands [7.065783081140392, 7.208441448199203])
[   57.9s]     !! [F4R1-B] CHECK FAIL: tp fill sh.600075-sell/profit-ztp-2017-11-28-am: price 8.012744715731218 not WAC+mult*sigma0 (WAC 9.951043594976422, sigma0 0.1284964771541456, cands [10.208036549284714, 10.33653302643886])
[   57.9s]     !! [F4R1-B] CHECK FAIL: tp fill sh.600997-sell/profit-ztp-2017-11-28-pm: price 6.073987550588216 not WAC+mult*sigma0 (WAC 6.780466347022771, sigma0 0.1426583670588105, cands [7.065783081140392, 7.208441448199203])
[   57.9s]     !! [F4R1-B] CHECK FAIL: tp fill sh.600997-sell/profit-ztp2-2017-11-28-pm: price 6.216645917647027 not WAC+mult*sigma0 (WAC 6.780466347022771, sigma0 0.1426583670588105, cands [7.065783081140392, 7.208441448199203])
[   57.9s]     !! [F4R1-B] CHECK FAIL: tp fill sh.600075-sell/profit-ztp-2017-11-28-pm: price 8.012744715731218 not WAC+mult*sigma0 (WAC 9.951043594976422, sigma0 0.1284964771541456, cands [10.208036549284714, 10.33653302643886])
[   57.9s]     !! [F4R1-B] CHECK FAIL: tp fill sh.600075-sell/profit-ztp-2017-11-29-am: price 8.012744715731218 not WAC+mult*sigma0 (WAC 9.951043594976422, sigma0 0.1284964771541456, cands [10.208036549284714, 10.33653302643886])
[   57.9s]     !! [F4R1-B] CHECK FAIL: tp fill sh.600075-sell/profit-ztp2-2017-11-29-am: price 8.141241192885364 not WAC+mult*sigma0 (WAC 9.951043594976422, sigma0 0.1284964771541456, cands [10.208036549284714, 10.33653302643886])
[   57.9s]     !! [F4R1-B] CHECK FAIL: tp fill sz.002567-sell/profit-ztp-2017-12-05-pm: price 7.46365114668612 not WAC+mult*sigma0 (WAC 9.224517244797166, sigma0 0.10910076445741321, cands [9.442718773711993, 9.551819538169406])
[   57.9s]     !! [F4R1-B] CHECK FAIL: tp fill sz.002567-sell/profit-ztp2-2017-12-05-pm: price 7.572751911143533 not WAC+mult*sigma0 (WAC 9.224517244797166, sigma0 0.10910076445741321, cands [9.442718773711993, 9.551819538169406])
[   57.9s]     !! [F4R1-B] CHECK FAIL: tp fill sh.600177-sell/profit-ztp-2018-01-04-pm: price 9.458735109221942 not WAC+mult*sigma0 (WAC 9.273741371139012, sigma0 0.07249007281462787, cands [9.418721516768269, 9.491211589582896])
[   57.9s]     !! [F4R1-B] CHECK FAIL: tp fill sh.600177-sell/profit-ztp2-2018-01-04-pm: price 9.53122518203657 not WAC+mult*sigma0 (WAC 9.273741371139012, sigma0 0.07249007281462787, cands [9.418721516768269, 9.491211589582896])
[   57.9s]     !! [F4R1-B] CHECK FAIL: tp fill sh.600729-sell/profit-ztp-2018-01-11-pm: price 25.72762092536507 not WAC+mult*sigma0 (WAC 24.044813570864275, sigma0 0.44508061691004924, cands [24.934974804684373, 25.380055421594424])
[   57.9s]     !! [F4R1-B] CHECK FAIL: tp fill sh.600729-sell/profit-ztp-2018-01-12-am: price 25.72762092536507 not WAC+mult*sigma0 (WAC 24.044813570864275, sigma0 0.44508061691004924, cands [24.934974804684373, 25.380055421594424])
[   57.9s]     !! [F4R1-B] CHECK FAIL: tp fill sh.600729-sell/profit-ztp2-2018-01-12-am: price 26.17270154227512 not WAC+mult*sigma0 (WAC 24.044813570864275, sigma0 0.44508061691004924, cands [24.934974804684373, 25.380055421594424])
[   57.9s]     !! [F4R1-B] CHECK FAIL: tp fill sh.601898-sell/profit-ztp-2018-01-16-pm: price 6.055767953734294 not WAC+mult*sigma0 (WAC 5.752220621792485, sigma0 0.06576795373429332, cands [5.883756529261072, 5.949524482995366])
[   57.9s]     !! [F4R1-B] CHECK FAIL: tp fill sh.601898-sell/profit-ztp2-2018-01-16-pm: price 6.121535907468587 not WAC+mult*sigma0 (WAC 5.752220621792485, sigma0 0.06576795373429332, cands [5.883756529261072, 5.949524482995366])
[   57.9s]     !! [F4R1-B] CHECK FAIL: tp fill sh.600742-sell/profit-ztp-2018-01-17-pm: price 17.577210368092604 not WAC+mult*sigma0 (WAC 19.99127367195539, sigma0 0.29221036809260403, cands [20.5756944081406, 20.867904776233203])
[   57.9s]     !! [F4R1-B] CHECK FAIL: tp fill sh.600742-sell/profit-ztp-2018-01-22-am: price 17.577210368092604 not WAC+mult*sigma0 (WAC 19.99127367195539, sigma0 0.29221036809260403, cands [20.5756944081406, 20.867904776233203])
[   57.9s]     !! [F4R1-B] CHECK FAIL: tp fill sh.600742-sell/profit-ztp-2018-01-22-pm: price 17.577210368092604 not WAC+mult*sigma0 (WAC 19.99127367195539, sigma0 0.29221036809260403, cands [20.5756944081406, 20.867904776233203])
[   57.9s]     !! [F4R1-B] CHECK FAIL: tp fill sz.002051-sell/profit-ztp-2018-01-30-pm: price 19.01877339059209 not WAC+mult*sigma0 (WAC 18.465817739605274, sigma0 0.2991822603947259, cands [19.064182260394727, 19.363364520789453])
[   57.9s]     !! [F4R1-B] CHECK FAIL: tp fill sh.603328-sell/profit-ztp-2018-02-05-am: price 12.717419688091855 not WAC+mult*sigma0 (WAC 12.383294037826595, sigma0 0.27741968809185674, cands [12.938133414010307, 13.215553102102165])
[   57.9s]     !! [F4R1-B] CHECK FAIL: tp fill sh.603328-sell/profit-ztp-2018-02-07-pm: price 12.717419688091855 not WAC+mult*sigma0 (WAC 12.383294037826595, sigma0 0.27741968809185674, cands [12.938133414010307, 13.215553102102165])
[   57.9s]     !! [F4R1-B] CHECK FAIL: tp fill sh.603328-sell/profit-ztp-2018-02-08-am: price 12.717419688091855 not WAC+mult*sigma0 (WAC 12.383294037826595, sigma0 0.27741968809185674, cands [12.938133414010307, 13.215553102102165])
[   57.9s]     !! [F4R1-B] CHECK FAIL: tp fill sh.603328-sell/profit-ztp-2018-02-08-pm: price 12.717419688091855 not WAC+mult*sigma0 (WAC 12.383294037826595, sigma0 0.27741968809185674, cands [12.938133414010307, 13.215553102102165])
[   57.9s]     !! [F4R1-B] CHECK FAIL: tp fill sh.603328-sell/profit-ztp-2018-02-09-pm: price 12.717419688091855 not WAC+mult*sigma0 (WAC 12.383294037826595, sigma0 0.27741968809185674, cands [12.938133414010307, 13.215553102102165])
[   57.9s]     !! [F4R1-B] CHECK FAIL: tp fill sh.603328-sell/profit-ztp2-2018-02-12-pm: price 12.994839376183712 not WAC+mult*sigma0 (WAC 12.383294037826595, sigma0 0.27741968809185674, cands [12.938133414010307, 13.215553102102165])
[   57.9s]     !! [F4R1-B] CHECK FAIL: tp fill sz.002536-sell/profit-ztp-2018-02-22-pm: price 13.832283343161867 not WAC+mult*sigma0 (WAC 13.696937486490206, sigma0 0.23183334737409347, cands [14.160604181238394, 14.392437528612486])
[   57.9s]     !! [F4R1-B] CHECK FAIL: tp fill sz.002536-sell/profit-ztp-2018-02-23-pm: price 13.832283343161867 not WAC+mult*sigma0 (WAC 13.696937486490206, sigma0 0.23183334737409347, cands [14.160604181238394, 14.392437528612486])
[   57.9s]     !! [F4R1-B] CHECK FAIL: tp fill sz.002536-sell/profit-ztp-2018-02-26-am: price 13.832283343161867 not WAC+mult*sigma0 (WAC 13.696937486490206, sigma0 0.23183334737409347, cands [14.160604181238394, 14.392437528612486])
[   57.9s]     !! [F4R1-B] CHECK FAIL: tp fill sz.002536-sell/profit-ztp-2018-02-26-pm: price 13.832283343161867 not WAC+mult*sigma0 (WAC 13.696937486490206, sigma0 0.23183334737409347, cands [14.160604181238394, 14.392437528612486])
[   57.9s]     !! [F4R1-B] CHECK FAIL: tp fill sz.002536-sell/profit-ztp2-2018-02-26-pm: price 14.06411669053596 not WAC+mult*sigma0 (WAC 13.696937486490206, sigma0 0.23183334737409347, cands [14.160604181238394, 14.392437528612486])
[   57.9s]     !! [F4R1-B] CHECK FAIL: tp fill sh.600120-sell/profit-ztp-2018-03-05-am: price 21.904924298605025 not WAC+mult*sigma0 (WAC 21.617391343327277, sigma0 0.7699495324033495, cands [23.157290408133978, 23.927239940537326])
[   57.9s]     !! [F4R1-B] CHECK FAIL: tp fill sh.600120-sell/profit-ztp-2018-03-05-pm: price 21.904924298605025 not WAC+mult*sigma0 (WAC 21.617391343327277, sigma0 0.7699495324033495, cands [23.157290408133978, 23.927239940537326])
[   57.9s]     !! [F4R1-B] CHECK FAIL: tp fill sh.600120-sell/profit-ztp-2018-03-06-am: price 21.904924298605025 not WAC+mult*sigma0 (WAC 21.617391343327277, sigma0 0.7699495324033495, cands [23.157290408133978, 23.927239940537326])
[   57.9s]     !! [F4R1-B] CHECK FAIL: tp fill sh.600120-sell/profit-ztp2-2018-03-06-pm: price 22.674873831008373 not WAC+mult*sigma0 (WAC 21.617391343327277, sigma0 0.7699495324033495, cands [23.157290408133978, 23.927239940537326])
[   57.9s]     !! [F4R1-B] CHECK FAIL: tp fill sz.000990-sell/profit-ztp-2018-03-08-pm: price 16.647033704887214 not WAC+mult*sigma0 (WAC 16.136925531564007, sigma0 0.3646891365914732, cands [16.866303804746952, 17.230992941338428])
[   57.9s]     !! [F4R1-B] CHECK FAIL: tp fill sz.000990-sell/profit-ztp-2018-03-09-am: price 16.647033704887214 not WAC+mult*sigma0 (WAC 16.136925531564007, sigma0 0.3646891365914732, cands [16.866303804746952, 17.230992941338428])
[   57.9s]     !! [F4R1-B] CHECK FAIL: tp fill sz.000990-sell/profit-ztp-2018-03-09-pm: price 16.647033704887214 not WAC+mult*sigma0 (WAC 16.136925531564007, sigma0 0.3646891365914732, cands [16.866303804746952, 17.230992941338428])
[   57.9s]     !! [F4R1-B] CHECK FAIL: tp fill sh.601238-sell/profit-ztp-2018-03-09-pm: price 22.48294849611046 not WAC+mult*sigma0 (WAC 22.061899836110932, sigma0 0.6686323307403066, cands [23.399164497591546, 24.06779682833185])
[   57.9s]     !! [F4R1-B] CHECK FAIL: tp fill sh.601238-sell/profit-ztp-2018-03-12-am: price 22.48294849611046 not WAC+mult*sigma0 (WAC 22.061899836110932, sigma0 0.6686323307403066, cands [23.399164497591546, 24.06779682833185])
[   57.9s]     !! [F4R1-B] CHECK FAIL: tp fill sh.601238-sell/profit-ztp-2018-03-12-pm: price 22.48294849611046 not WAC+mult*sigma0 (WAC 22.061899836110932, sigma0 0.6686323307403066, cands [23.399164497591546, 24.06779682833185])
[   57.9s]     !! [F4R1-B] CHECK FAIL: tp fill sh.601238-sell/profit-ztp2-2018-03-12-pm: price 23.151580826850765 not WAC+mult*sigma0 (WAC 22.061899836110932, sigma0 0.6686323307403066, cands [23.399164497591546, 24.06779682833185])
[   57.9s]     !! [F4R1-B] CHECK FAIL: tp fill sh.600737-sell/profit-ztp-2018-03-14-pm: price 7.7129604237586875 not WAC+mult*sigma0 (WAC 8.18322707786978, sigma0 0.19530694917245817, cands [8.573840976214697, 8.769147925387156])
[   57.9s]     !! [F4R1-B] CHECK FAIL: tp fill sh.600737-sell/profit-ztp-2018-03-15-am: price 7.7129604237586875 not WAC+mult*sigma0 (WAC 8.18322707786978, sigma0 0.19530694917245817, cands [8.573840976214697, 8.769147925387156])
[   57.9s]     !! [F4R1-B] CHECK FAIL: tp fill sh.600737-sell/profit-ztp2-2018-03-15-am: price 7.908267372931145 not WAC+mult*sigma0 (WAC 8.18322707786978, sigma0 0.19530694917245817, cands [8.573840976214697, 8.769147925387156])
[   57.9s]     !! [F4R1-B] CHECK FAIL: tp fill sh.600963-sell/profit-ztp-2018-04-09-pm: price 6.189982627083375 not WAC+mult*sigma0 (WAC 6.668744077006981, sigma0 0.13332175138891691, cands [6.935387579784814, 7.068709331173731])
[   57.9s]     !! [F4R1-B] CHECK FAIL: tp fill sh.600177-sell/profit-ztp-2018-04-09-pm: price 8.6270192282683 not WAC+mult*sigma0 (WAC 9.11052514835999, sigma0 0.08467948551219943, cands [9.27988411938439, 9.364563604896588])
[   57.9s]     !! [F4R1-B] CHECK FAIL: tp fill sh.600177-sell/profit-ztp2-2018-04-09-pm: price 8.711698713780498 not WAC+mult*sigma0 (WAC 9.11052514835999, sigma0 0.08467948551219943, cands [9.27988411938439, 9.364563604896588])
[   57.9s]     !! [F4R1-B] CHECK FAIL: tp fill sh.600963-sell/profit-ztp-2018-04-10-am: price 6.189982627083375 not WAC+mult*sigma0 (WAC 6.668744077006981, sigma0 0.13332175138891691, cands [6.935387579784814, 7.068709331173731])
[   57.9s]     !! [F4R1-B] CHECK FAIL: tp fill sh.601186-sell/profit-ztp-2018-04-10-am: price 10.074889355093715 not WAC+mult*sigma0 (WAC 11.133919616224986, sigma0 0.12992623672914305, cands [11.393772089683273, 11.523698326412415])
[   57.9s]     !! [F4R1-B] CHECK FAIL: tp fill sh.600963-sell/profit-ztp-2018-04-10-pm: price 6.189982627083375 not WAC+mult*sigma0 (WAC 6.668744077006981, sigma0 0.13332175138891691, cands [6.935387579784814, 7.068709331173731])
[   57.9s]     !! [F4R1-B] CHECK FAIL: tp fill sh.600963-sell/profit-ztp2-2018-04-10-pm: price 6.323304378472292 not WAC+mult*sigma0 (WAC 6.668744077006981, sigma0 0.13332175138891691, cands [6.935387579784814, 7.068709331173731])
[   57.9s]     !! [F4R1-B] CHECK FAIL: tp fill sh.601186-sell/profit-ztp-2018-04-10-pm: price 10.074889355093715 not WAC+mult*sigma0 (WAC 11.133919616224986, sigma0 0.12992623672914305, cands [11.393772089683273, 11.523698326412415])
[   57.9s]     !! [F4R1-B] CHECK FAIL: tp fill sh.601186-sell/profit-ztp-2018-04-11-am: price 10.074889355093715 not WAC+mult*sigma0 (WAC 11.133919616224986, sigma0 0.12992623672914305, cands [11.393772089683273, 11.523698326412415])
[   57.9s]     !! [F4R1-B] CHECK FAIL: tp fill sh.600668-sell/profit-ztp-2018-05-03-pm: price 14.185250568206362 not WAC+mult*sigma0 (WAC 16.03538191062097, sigma0 0.23016704547090716, cands [16.495716001562784, 16.72588304703369])
[   57.9s]     !! [F4R1-B] CHECK FAIL: tp fill sh.600668-sell/profit-ztp-2018-05-04-am: price 14.185250568206362 not WAC+mult*sigma0 (WAC 16.03538191062097, sigma0 0.23016704547090716, cands [16.495716001562784, 16.72588304703369])
[   57.9s]     !! [F4R1-B] CHECK FAIL: tp fill sh.600668-sell/profit-ztp2-2018-05-04-pm: price 14.41541761367727 not WAC+mult*sigma0 (WAC 16.03538191062097, sigma0 0.23016704547090716, cands [16.495716001562784, 16.72588304703369])
[   57.9s]     !! [F4R1-B] CHECK FAIL: tp fill sz.002061-sell/profit-ztp-2018-05-07-am: price 12.215982650811247 not WAC+mult*sigma0 (WAC 12.185238811294612, sigma0 0.22398843387416337, cands [12.633215679042939, 12.857204112917103])
[   57.9s]     !! [F4R1-B] CHECK FAIL: tp fill sz.002061-sell/profit-ztp2-2018-05-07-am: price 12.43997108468541 not WAC+mult*sigma0 (WAC 12.185238811294612, sigma0 0.22398843387416337, cands [12.633215679042939, 12.857204112917103])
[   57.9s]     !! [F4R1-B] CHECK FAIL: tp fill sz.000951-sell/profit-ztp-2018-05-10-pm: price 13.620063506219179 not WAC+mult*sigma0 (WAC 14.481223218754636, sigma0 0.1900635062191787, cands [14.861350231192993, 15.051413737412172])
[   57.9s]     !! [F4R1-B] CHECK FAIL: tp fill sz.000951-sell/profit-ztp2-2018-05-10-pm: price 13.810127012438357 not WAC+mult*sigma0 (WAC 14.481223218754636, sigma0 0.1900635062191787, cands [14.861350231192993, 15.051413737412172])
[   57.9s]     !! [F4R1-B] CHECK FAIL: tp fill sz.000800-sell/profit-ztp-2018-05-10-pm: price 9.389503674206395 not WAC+mult*sigma0 (WAC 9.842425507908853, sigma0 0.1445036742063963, cands [10.131432856321645, 10.275936530528043])
[   57.9s]     !! [F4R1-B] CHECK FAIL: tp fill sz.000800-sell/profit-ztp2-2018-05-10-pm: price 9.534007348412793 not WAC+mult*sigma0 (WAC 9.842425507908853, sigma0 0.1445036742063963, cands [10.131432856321645, 10.275936530528043])
[   57.9s]     !! [F4R1-B] CHECK FAIL: tp fill sz.000778-sell/profit-ztp-2018-05-16-am: price 4.7515294669921175 not WAC+mult*sigma0 (WAC 5.4095260603043664, sigma0 0.06101964466141161, cands [5.53156534962719, 5.592584994288601])
[   57.9s]     !! [F4R1-B] CHECK FAIL: tp fill sz.000778-sell/profit-ztp-2018-05-17-am: price 4.7515294669921175 not WAC+mult*sigma0 (WAC 5.4095260603043664, sigma0 0.06101964466141161, cands [5.53156534962719, 5.592584994288601])
[   57.9s]     !! [F4R1-B] CHECK FAIL: tp fill sz.000778-sell/profit-ztp2-2018-05-17-am: price 4.812549111653529 not WAC+mult*sigma0 (WAC 5.4095260603043664, sigma0 0.06101964466141161, cands [5.53156534962719, 5.592584994288601])
[   57.9s]     !! [F4R1-B] CHECK FAIL: tp fill sz.000937-sell/profit-ztp-2018-05-18-pm: price 4.8717297326272355 not WAC+mult*sigma0 (WAC 5.816236349117657, sigma0 0.07271779905872144, cands [5.9616719472351, 6.034389746293821])
[   57.9s]     !! [F4R1-B] CHECK FAIL: tp fill sz.000937-sell/profit-ztp-2018-05-21-am: price 4.8717297326272355 not WAC+mult*sigma0 (WAC 5.816236349117657, sigma0 0.07271779905872144, cands [5.9616719472351, 6.034389746293821])
[   57.9s]     !! [F4R1-B] CHECK FAIL: tp fill sz.000937-sell/profit-ztp-2018-05-21-pm: price 4.8717297326272355 not WAC+mult*sigma0 (WAC 5.816236349117657, sigma0 0.07271779905872144, cands [5.9616719472351, 6.034389746293821])
[   57.9s]     !! [F4R1-B] CHECK FAIL: tp fill sz.000937-sell/profit-ztp-2018-05-22-am: price 4.8717297326272355 not WAC+mult*sigma0 (WAC 5.816236349117657, sigma0 0.07271779905872144, cands [5.9616719472351, 6.034389746293821])
[   57.9s]     !! [F4R1-B] CHECK FAIL: tp fill sh.600875-sell/profit-ztp-2018-05-22-am: price 9.28170752808932 not WAC+mult*sigma0 (WAC 9.433058595808449, sigma0 0.10780501872621441, cands [9.648668633260877, 9.756473651987092])
[   57.9s]     !! [F4R1-B] CHECK FAIL: tp fill sz.000951-sell/profit-ztp-2018-06-01-pm: price 13.037079240386158 not WAC+mult*sigma0 (WAC 14.258973259619447, sigma0 0.27805282692410455, cands [14.815078913467657, 15.09313174039176])
[   57.9s]     !! [F4R1-B] CHECK FAIL: tp fill sz.000951-sell/profit-ztp-2018-06-04-am: price 13.037079240386158 not WAC+mult*sigma0 (WAC 14.258973259619447, sigma0 0.27805282692410455, cands [14.815078913467657, 15.09313174039176])
[   57.9s]     !! [F4R1-B] CHECK FAIL: tp fill sz.000951-sell/profit-ztp2-2018-06-04-am: price 13.31513206731026 not WAC+mult*sigma0 (WAC 14.258973259619447, sigma0 0.27805282692410455, cands [14.815078913467657, 15.09313174039176])
[   57.9s]     !! [F4R1-B] CHECK FAIL: tp fill sz.002365-sell/profit-ztp-2018-07-11-pm: price 15.239126153063086 not WAC+mult*sigma0 (WAC 15.796726371376364, sigma0 0.43941743537538924, cands [16.67556124212714, 17.11497867750253])
[   57.9s]     !! [F4R1-B] CHECK FAIL: tp fill sz.002365-sell/profit-ztp-2018-07-12-am: price 15.239126153063086 not WAC+mult*sigma0 (WAC 15.796726371376364, sigma0 0.43941743537538924, cands [16.67556124212714, 17.11497867750253])
[   57.9s]     !! [F4R1-B] CHECK FAIL: tp fill sz.002365-sell/profit-ztp2-2018-07-12-pm: price 15.678543588438474 not WAC+mult*sigma0 (WAC 15.796726371376364, sigma0 0.43941743537538924, cands [16.67556124212714, 17.11497867750253])
[   57.9s]     !! [F4R1-B] CHECK FAIL: tp fill sh.600846-sell/profit-ztp-2018-07-17-pm: price 7.760960528647646 not WAC+mult*sigma0 (WAC 8.953625753339562, sigma0 0.20730701909843038, cands [9.368239791536423, 9.575546810634853])
[   57.9s]     !! [F4R1-B] CHECK FAIL: tp fill sz.000800-sell/profit-ztp-2018-07-17-pm: price 7.767769172194954 not WAC+mult*sigma0 (WAC 9.451910344015442, sigma0 0.23184611479663594, cands [9.915602573608714, 10.14744868840535])
[   57.9s]     !! [F4R1-B] CHECK FAIL: tp fill sh.601011-sell/profit-ztp-2018-07-17-pm: price 6.252014156721926 not WAC+mult*sigma0 (WAC 5.879769902487744, sigma0 0.16134277114795054, cands [6.202455444783645, 6.363798215931595])
[   57.9s]     !! [F4R1-B] CHECK FAIL: tp fill sh.601011-sell/profit-ztp2-2018-07-17-pm: price 6.413356927869876 not WAC+mult*sigma0 (WAC 5.879769902487744, sigma0 0.16134277114795054, cands [6.202455444783645, 6.363798215931595])
[   57.9s]     !! [F4R1-B] CHECK FAIL: tp fill sh.600093-sell/profit-ztp-2018-07-17-pm: price 11.233203916888728 not WAC+mult*sigma0 (WAC 11.721879982756718, sigma0 0.3221359445924867, cands [12.36615187194169, 12.688287816534178])
[   57.9s]     !! [F4R1-B] CHECK FAIL: tp fill sh.601128-sell/profit-ztp-2018-07-20-am: price 5.782236307052239 not WAC+mult*sigma0 (WAC 6.036159777410647, sigma0 0.10149087136815896, cands [6.239141520146965, 6.340632391515124])
[   57.9s]     !! [F4R1-B] CHECK FAIL: tp fill sh.601128-sell/profit-ztp2-2018-07-20-am: price 5.883727178420398 not WAC+mult*sigma0 (WAC 6.036159777410647, sigma0 0.10149087136815896, cands [6.239141520146965, 6.340632391515124])
[   57.9s]     !! [F4R1-B] CHECK FAIL: tp fill sh.600160-sell/profit-ztp-2018-07-23-pm: price 8.014106157438665 not WAC+mult*sigma0 (WAC 8.99144828190423, sigma0 0.4960707716257771, cands [9.983589825155784, 10.479660596781562])
[   57.9s]     !! [F4R1-B] CHECK FAIL: tp fill sh.600846-sell/profit-ztp-2018-07-23-pm: price 7.760960528647646 not WAC+mult*sigma0 (WAC 8.953625753339562, sigma0 0.20730701909843038, cands [9.368239791536423, 9.575546810634853])
[   57.9s]     !! [F4R1-B] CHECK FAIL: tp fill sh.600846-sell/profit-ztp2-2018-07-23-pm: price 7.968267547746077 not WAC+mult*sigma0 (WAC 8.953625753339562, sigma0 0.20730701909843038, cands [9.368239791536423, 9.575546810634853])
[   57.9s]     !! [F4R1-B] CHECK FAIL: tp fill sz.000800-sell/profit-ztp-2018-07-24-am: price 7.767769172194954 not WAC+mult*sigma0 (WAC 9.451910344015442, sigma0 0.23184611479663594, cands [9.915602573608714, 10.14744868840535])
[   57.9s]     !! [F4R1-B] CHECK FAIL: tp fill sh.600093-sell/profit-ztp-2018-07-24-am: price 11.233203916888728 not WAC+mult*sigma0 (WAC 11.721879982756718, sigma0 0.3221359445924867, cands [12.36615187194169, 12.688287816534178])
[   57.9s]     !! [F4R1-B] CHECK FAIL: tp fill sh.600160-sell/profit-ztp-2018-07-24-pm: price 8.014106157438665 not WAC+mult*sigma0 (WAC 8.99144828190423, sigma0 0.4960707716257771, cands [9.983589825155784, 10.479660596781562])
[   57.9s]     !! [F4R1-B] CHECK FAIL: tp fill sh.600160-sell/profit-ztp-2018-07-26-pm: price 8.014106157438665 not WAC+mult*sigma0 (WAC 8.99144828190423, sigma0 0.4960707716257771, cands [9.983589825155784, 10.479660596781562])
[   57.9s]     !! [F4R1-B] CHECK FAIL: tp fill sz.000800-sell/profit-ztp-2018-07-26-pm: price 7.767769172194954 not WAC+mult*sigma0 (WAC 9.451910344015442, sigma0 0.23184611479663594, cands [9.915602573608714, 10.14744868840535])
[   57.9s]     !! [F4R1-B] CHECK FAIL: tp fill sh.601678-sell/profit-ztp-2018-08-07-pm: price 6.089194012254894 not WAC+mult*sigma0 (WAC 7.114601635068603, sigma0 0.12612934150326277, cands [7.366860318075129, 7.492989659578392])
[   57.9s]     !! [F4R1-B] CHECK FAIL: tp fill sz.002001-sell/profit-ztp-2018-08-13-am: price 16.39133257223163 not WAC+mult*sigma0 (WAC 19.006468485168067, sigma0 0.42088838148775226, cands [19.848245248143574, 20.269133629631323])
[   57.9s]     !! [F4R1-B] CHECK FAIL: tp fill sz.002001-sell/profit-ztp2-2018-08-13-am: price 16.81222095371938 not WAC+mult*sigma0 (WAC 19.006468485168067, sigma0 0.42088838148775226, cands [19.848245248143574, 20.269133629631323])
[   57.9s]     !! [F4R1-B] CHECK FAIL: tp fill sh.600093-sell/profit-ztp-2018-08-13-am: price 10.326647055805468 not WAC+mult*sigma0 (WAC 11.089403648970539, sigma0 0.2510980372036462, cands [11.591599723377831, 11.842697760581476])
[   57.9s]     !! [F4R1-B] CHECK FAIL: tp fill sh.600093-sell/profit-ztp2-2018-08-13-am: price 10.577745093009113 not WAC+mult*sigma0 (WAC 11.089403648970539, sigma0 0.2510980372036462, cands [11.591599723377831, 11.842697760581476])
[   57.9s]     !! [F4R1-B] CHECK FAIL: tp fill sz.000415-sell/profit-ztp-2018-09-12-pm: price 3.7262508643542027 not WAC+mult*sigma0 (WAC 5.486984050877965, sigma0 0.05750057623613546, cands [5.601985203350235, 5.659485779586371])
[   57.9s]     !! [F4R1-B] CHECK FAIL: tp fill sh.601633-sell/profit-ztp-2018-09-18-pm: price 7.352507515753052 not WAC+mult*sigma0 (WAC 7.551856580605037, sigma0 0.16167167716870126, cands [7.875199934942439, 8.03687161211114])
[   57.9s]     !! [F4R1-B] CHECK FAIL: tp fill sh.601633-sell/profit-ztp-2018-09-19-am: price 7.352507515753052 not WAC+mult*sigma0 (WAC 7.551856580605037, sigma0 0.16167167716870126, cands [7.875199934942439, 8.03687161211114])
[   57.9s]     !! [F4R1-B] CHECK FAIL: tp fill sh.601633-sell/profit-ztp2-2018-09-19-am: price 7.514179192921754 not WAC+mult*sigma0 (WAC 7.551856580605037, sigma0 0.16167167716870126, cands [7.875199934942439, 8.03687161211114])
[   57.9s]     !! [F4R1-B] CHECK FAIL: tp fill sz.000415-sell/profit-ztp-2018-09-19-am: price 3.7262508643542027 not WAC+mult*sigma0 (WAC 5.486984050877965, sigma0 0.05750057623613546, cands [5.601985203350235, 5.659485779586371])
[   57.9s]     !! [F4R1-B] CHECK FAIL: tp fill sz.000415-sell/profit-ztp-2018-09-19-pm: price 3.7262508643542027 not WAC+mult*sigma0 (WAC 5.486984050877965, sigma0 0.05750057623613546, cands [5.601985203350235, 5.659485779586371])
[   57.9s]     !! [F4R1-B] CHECK FAIL: tp fill sz.000415-sell/profit-ztp2-2018-09-19-pm: price 3.7837514405903385 not WAC+mult*sigma0 (WAC 5.486984050877965, sigma0 0.05750057623613546, cands [5.601985203350235, 5.659485779586371])
[   57.9s]     !! [F4R1-B] CHECK FAIL: tp fill sh.600348-sell/profit-ztp-2018-09-25-pm: price 5.8490476954495 not WAC+mult*sigma0 (WAC 5.931110440991943, sigma0 0.09904769544950082, cands [6.129205831890944, 6.228253527340446])
[   57.9s]     !! [F4R1-B] CHECK FAIL: tp fill sh.600348-sell/profit-ztp-2018-09-26-pm: price 5.8490476954495 not WAC+mult*sigma0 (WAC 5.931110440991943, sigma0 0.09904769544950082, cands [6.129205831890944, 6.228253527340446])
[   57.9s]     !! [F4R1-B] CHECK FAIL: tp fill sh.600348-sell/profit-ztp-2018-09-27-am: price 5.8490476954495 not WAC+mult*sigma0 (WAC 5.931110440991943, sigma0 0.09904769544950082, cands [6.129205831890944, 6.228253527340446])
[   57.9s]     !! [F4R1-B] CHECK FAIL: tp fill sh.600348-sell/profit-ztp-2018-09-27-pm: price 5.8490476954495 not WAC+mult*sigma0 (WAC 5.931110440991943, sigma0 0.09904769544950082, cands [6.129205831890944, 6.228253527340446])
[   57.9s]     !! [F4R1-B] CHECK FAIL: tp fill sh.600623-sell/profit-ztp-2018-10-11-pm: price 9.263234974429807 not WAC+mult*sigma0 (WAC 9.399053834555623, sigma0 0.173234974429809, cands [9.74552378341524, 9.918758757845051])
[   57.9s]     !! [F4R1-B] CHECK FAIL: tp fill sh.600997-sell/profit-ztp-2018-10-12-am: price 6.377125765108984 not WAC+mult*sigma0 (WAC 6.6948879505466286, sigma0 0.17808384340598923, cands [7.051055637358607, 7.229139480764596])
[   57.9s]     !! [F4R1-B] CHECK FAIL: tp fill sh.600623-sell/profit-ztp-2018-10-12-am: price 9.263234974429807 not WAC+mult*sigma0 (WAC 9.399053834555623, sigma0 0.173234974429809, cands [9.74552378341524, 9.918758757845051])
[   57.9s]     !! [F4R1-B] CHECK FAIL: tp fill sh.600623-sell/profit-ztp2-2018-10-12-am: price 9.436469948859617 not WAC+mult*sigma0 (WAC 9.399053834555623, sigma0 0.173234974429809, cands [9.74552378341524, 9.918758757845051])
[   57.9s]     !! [F4R1-B] CHECK FAIL: tp fill sh.600997-sell/profit-ztp-2018-10-12-pm: price 6.377125765108984 not WAC+mult*sigma0 (WAC 6.643038460353655, sigma0 0.17808384340598923, cands [6.9992061471656335, 7.177289990571623])
[   57.9s]     !! [F4R1-B] CHECK FAIL: tp fill sh.600019-sell/profit-ztp-2018-10-22-am: price 7.684395895673945 not WAC+mult*sigma0 (WAC 7.593165100264302, sigma0 0.18293059711596318, cands [7.959026294496228, 8.14195689161219])
[   57.9s]     !! [F4R1-B] CHECK FAIL: tp fill sh.600019-sell/profit-ztp-2018-10-22-pm: price 7.684395895673945 not WAC+mult*sigma0 (WAC 7.593165100264302, sigma0 0.18293059711596318, cands [7.959026294496228, 8.14195689161219])
[   57.9s]     !! [F4R1-B] CHECK FAIL: tp fill sh.600637-sell/profit-ztp-2018-11-05-pm: price 9.623104795364792 not WAC+mult*sigma0 (WAC 10.691556001668015, sigma0 0.23540319690986264, cands [11.16236239548774, 11.397765592397603])
[   57.9s]     !! [F4R1-B] CHECK FAIL: tp fill sh.600637-sell/profit-ztp-2018-11-06-am: price 9.623104795364792 not WAC+mult*sigma0 (WAC 10.691556001668015, sigma0 0.23540319690986264, cands [11.16236239548774, 11.397765592397603])
[   57.9s]     !! [F4R1-B] CHECK FAIL: tp fill sh.600637-sell/profit-ztp-2018-11-06-pm: price 9.623104795364792 not WAC+mult*sigma0 (WAC 10.691556001668015, sigma0 0.23540319690986264, cands [11.16236239548774, 11.397765592397603])
[   57.9s]     !! [F4R1-B] CHECK FAIL: tp fill sh.600637-sell/profit-ztp2-2018-11-12-pm: price 9.858507992274655 not WAC+mult*sigma0 (WAC 10.691556001668015, sigma0 0.23540319690986264, cands [11.16236239548774, 11.397765592397603])
[   57.9s]     !! [F4R1-B] CHECK FAIL: tp fill sh.600515-sell/profit-ztp-2018-11-12-pm: price 5.787526951697094 not WAC+mult*sigma0 (WAC 8.57845452992921, sigma0 0.21168463446472977, cands [9.00182379885867, 9.2135084333234])
[   57.9s]     !! [F4R1-B] CHECK FAIL: tp fill sh.600515-sell/profit-ztp-2018-11-13-am: price 5.787526951697094 not WAC+mult*sigma0 (WAC 8.57845452992921, sigma0 0.21168463446472977, cands [9.00182379885867, 9.2135084333234])
[   57.9s]     !! [F4R1-B] CHECK FAIL: tp fill sh.601588-sell/profit-ztp-2018-11-13-pm: price 3.0720013073138497 not WAC+mult*sigma0 (WAC 5.220683499032887, sigma0 0.12133420487589988, cands [5.463351908784687, 5.584686113660587])
[   57.9s]     !! [F4R1-B] CHECK FAIL: tp fill sh.600515-sell/profit-ztp-2018-11-13-pm: price 5.787526951697094 not WAC+mult*sigma0 (WAC 8.57845452992921, sigma0 0.21168463446472977, cands [9.00182379885867, 9.2135084333234])
[   57.9s]     !! [F4R1-B] CHECK FAIL: tp fill sh.600515-sell/profit-ztp-2018-11-14-am: price 5.787526951697094 not WAC+mult*sigma0 (WAC 8.57845452992921, sigma0 0.21168463446472977, cands [9.00182379885867, 9.2135084333234])
[   57.9s]     !! [F4R1-B] CHECK FAIL: tp fill sh.600515-sell/profit-ztp2-2018-11-14-pm: price 5.999211586161824 not WAC+mult*sigma0 (WAC 8.57845452992921, sigma0 0.21168463446472977, cands [9.00182379885867, 9.2135084333234])
[   57.9s]     !! [F4R1-B] CHECK FAIL: tp fill sz.002440-sell/profit-ztp-2018-11-15-pm: price 9.55680890639463 not WAC+mult*sigma0 (WAC 13.745954944453295, sigma0 0.27120593759641987, cands [14.288366819646136, 14.559572757242554])
[   57.9s]     !! [F4R1-B] CHECK FAIL: tp fill sh.601588-sell/profit-ztp-2018-11-15-pm: price 3.0720013073138497 not WAC+mult*sigma0 (WAC 5.220683499032887, sigma0 0.12133420487589988, cands [5.463351908784687, 5.584686113660587])
[   57.9s]     !! [F4R1-B] CHECK FAIL: tp fill sz.002440-sell/profit-ztp-2018-11-16-am: price 9.55680890639463 not WAC+mult*sigma0 (WAC 13.745954944453295, sigma0 0.27120593759641987, cands [14.288366819646136, 14.559572757242554])
[   57.9s]     !! [F4R1-B] CHECK FAIL: tp fill sh.601588-sell/profit-ztp-2018-11-16-am: price 3.0720013073138497 not WAC+mult*sigma0 (WAC 5.220683499032887, sigma0 0.12133420487589988, cands [5.463351908784687, 5.584686113660587])
[   57.9s]     !! [F4R1-B] CHECK FAIL: tp fill sz.002440-sell/profit-ztp-2018-11-16-pm: price 9.55680890639463 not WAC+mult*sigma0 (WAC 13.745954944453295, sigma0 0.27120593759641987, cands [14.288366819646136, 14.559572757242554])
[   57.9s]     !! [F4R1-B] CHECK FAIL: tp fill sh.601588-sell/profit-ztp-2018-11-16-pm: price 3.0720013073138497 not WAC+mult*sigma0 (WAC 5.220683499032887, sigma0 0.12133420487589988, cands [5.463351908784687, 5.584686113660587])
[   57.9s]     !! [F4R1-B] CHECK FAIL: tp fill sz.000778-sell/profit-ztp-2018-11-19-am: price 4.876156342706174 not WAC+mult*sigma0 (WAC 5.121717361205646, sigma0 0.11077089513744927, cands [5.343259151480544, 5.454030046617994])
[   57.9s]     !! [F4R1-B] CHECK FAIL: tp fill sh.601588-sell/profit-ztp-2018-11-19-am: price 3.0720013073138497 not WAC+mult*sigma0 (WAC 5.220683499032887, sigma0 0.12133420487589988, cands [5.463351908784687, 5.584686113660587])
[   57.9s]     !! [F4R1-B] CHECK FAIL: tp fill sh.601588-sell/profit-ztp2-2018-11-19-am: price 3.1933355121897495 not WAC+mult*sigma0 (WAC 5.220683499032887, sigma0 0.12133420487589988, cands [5.463351908784687, 5.584686113660587])
[   57.9s]     !! [F4R1-B] CHECK FAIL: tp fill sz.000778-sell/profit-ztp-2018-11-19-pm: price 4.876156342706174 not WAC+mult*sigma0 (WAC 5.121717361205646, sigma0 0.11077089513744927, cands [5.343259151480544, 5.454030046617994])
[   57.9s]     !! [F4R1-B] CHECK FAIL: tp fill sh.600019-sell/profit-ztp-2018-12-03-pm: price 6.9858645454589325 not WAC+mult*sigma0 (WAC 7.379864847947464, sigma0 0.07724303030595484, cands [7.534350908559373, 7.611593938865329])
[   57.9s]     !! [F4R1-B] CHECK FAIL: tp fill sh.600019-sell/profit-ztp-2018-12-04-am: price 6.9858645454589325 not WAC+mult*sigma0 (WAC 7.379864847947464, sigma0 0.07724303030595484, cands [7.534350908559373, 7.611593938865329])
[   57.9s]     !! [F4R1-B] CHECK FAIL: tp fill sz.002737-sell/profit-ztp-2018-12-05-am: price 17.720597050569083 not WAC+mult*sigma0 (WAC 18.777508984560654, sigma0 0.2937313670460551, cands [19.364971718652765, 19.65870308569882])
[   57.9s]     !! [F4R1-B] CHECK FAIL: tp fill sh.603026-sell/profit-ztp-2018-12-05-pm: price 19.82762675875771 not WAC+mult*sigma0 (WAC 18.159201449405078, sigma0 0.36508450583847024, cands [18.88937046108202, 19.254454966920488])
[   57.9s]     !! [F4R1-B] CHECK FAIL: tp fill sh.603026-sell/profit-ztp2-2018-12-05-pm: price 20.192711264596177 not WAC+mult*sigma0 (WAC 18.159201449405078, sigma0 0.36508450583847024, cands [18.88937046108202, 19.254454966920488])
[   57.9s]     !! [F4R1-B] CHECK FAIL: tp fill sh.600739-sell/profit-ztp-2019-01-03-pm: price 10.749833806922062 not WAC+mult*sigma0 (WAC 12.786668104916284, sigma0 0.19322253794804106, cands [13.173113180812367, 13.366335718760407])
[   57.9s]     !! [F4R1-B] CHECK FAIL: tp fill sh.600739-sell/profit-ztp2-2019-01-03-pm: price 10.943056344870103 not WAC+mult*sigma0 (WAC 12.786668104916284, sigma0 0.19322253794804106, cands [13.173113180812367, 13.366335718760407])
[   57.9s]     !! [F4R1-B] CHECK FAIL: tp fill sh.600348-sell/profit-ztp-2019-01-04-am: price 5.142021730216056 not WAC+mult*sigma0 (WAC 5.659600926748549, sigma0 0.06801448681070382, cands [5.795629900369957, 5.863644387180661])
[   57.9s]     !! [F4R1-B] CHECK FAIL: tp fill sh.600348-sell/profit-ztp-2019-01-04-pm: price 5.142021730216056 not WAC+mult*sigma0 (WAC 5.659600926748549, sigma0 0.06801448681070382, cands [5.795629900369957, 5.863644387180661])
[   57.9s]     !! [F4R1-B] CHECK FAIL: tp fill sh.603113-sell/profit-ztp-2019-01-04-pm: price 11.229959874819043 not WAC+mult*sigma0 (WAC 11.19591936193538, sigma0 0.2066399165460285, cands [11.609199195027436, 11.815839111573466])
[   57.9s]     !! [F4R1-B] CHECK FAIL: tp fill sz.002233-sell/profit-ztp-2019-01-04-pm: price 10.267816825216636 not WAC+mult*sigma0 (WAC 10.346620670599817, sigma0 0.13187788347775822, cands [10.610376437555333, 10.742254321033093])
[   57.9s]     !! [F4R1-B] CHECK FAIL: tp fill sh.600348-sell/profit-ztp-2019-01-07-am: price 5.142021730216056 not WAC+mult*sigma0 (WAC 5.659600926748549, sigma0 0.06801448681070382, cands [5.795629900369957, 5.863644387180661])
[   57.9s]     !! [F4R1-B] CHECK FAIL: tp fill sh.603113-sell/profit-ztp-2019-01-07-am: price 11.229959874819043 not WAC+mult*sigma0 (WAC 11.19591936193538, sigma0 0.2066399165460285, cands [11.609199195027436, 11.815839111573466])
[   57.9s]     !! [F4R1-B] CHECK FAIL: tp fill sz.002233-sell/profit-ztp-2019-01-07-am: price 10.267816825216636 not WAC+mult*sigma0 (WAC 10.346620670599817, sigma0 0.13187788347775822, cands [10.610376437555333, 10.742254321033093])
[   57.9s]     !! [F4R1-B] CHECK FAIL: tp fill sh.600348-sell/profit-ztp-2019-01-07-pm: price 5.142021730216056 not WAC+mult*sigma0 (WAC 5.659600926748549, sigma0 0.06801448681070382, cands [5.795629900369957, 5.863644387180661])
[   57.9s]     !! [F4R1-B] CHECK FAIL: tp fill sz.002233-sell/profit-ztp-2019-01-07-pm: price 10.267816825216636 not WAC+mult*sigma0 (WAC 10.346620670599817, sigma0 0.13187788347775822, cands [10.610376437555333, 10.742254321033093])
[   57.9s]     !! [F4R1-B] CHECK FAIL: tp fill sz.002233-sell/profit-ztp2-2019-01-07-pm: price 10.399694708694396 not WAC+mult*sigma0 (WAC 10.346620670599817, sigma0 0.13187788347775822, cands [10.610376437555333, 10.742254321033093])
[   57.9s]     !! [F4R1-B] CHECK FAIL: tp fill sz.000898-sell/profit-ztp-2019-01-08-pm: price 5.191302537917346 not WAC+mult*sigma0 (WAC 5.3490436970933315, sigma0 0.06130253791734631, cands [5.471648772928024, 5.5329513108453705])
[   57.9s]     !! [F4R1-B] CHECK FAIL: tp fill sz.000778-sell/profit-ztp-2019-01-08-pm: price 4.378631960782616 not WAC+mult*sigma0 (WAC 5.024483029384304, sigma0 0.04575464052174355, cands [5.115992310427791, 5.161746950949534])
[   57.9s]     !! [F4R1-B] CHECK FAIL: tp fill sh.600160-sell/profit-ztp-2019-01-08-pm: price 6.807351935012948 not WAC+mult*sigma0 (WAC 7.9329779061147585, sigma0 0.11156795667529959, cands [8.156113819465357, 8.267681776140657])
[   57.9s]     !! [F4R1-B] CHECK FAIL: tp fill sz.000898-sell/profit-ztp-2019-01-09-am: price 5.191302537917346 not WAC+mult*sigma0 (WAC 5.3490436970933315, sigma0 0.06130253791734631, cands [5.471648772928024, 5.5329513108453705])
[   57.9s]     !! [F4R1-B] CHECK FAIL: tp fill sh.600160-sell/profit-ztp-2019-01-09-am: price 6.807351935012948 not WAC+mult*sigma0 (WAC 7.9329779061147585, sigma0 0.11156795667529959, cands [8.156113819465357, 8.267681776140657])
[   57.9s]     !! [F4R1-B] CHECK FAIL: tp fill sh.600348-sell/profit-ztp2-2019-01-11-pm: price 5.21003621702676 not WAC+mult*sigma0 (WAC 5.659600926748549, sigma0 0.06801448681070382, cands [5.795629900369957, 5.863644387180661])
[   57.9s]     !! [F4R1-B] CHECK FAIL: tp fill sh.603113-sell/profit-ztp2-2019-01-14-am: price 11.436599791365072 not WAC+mult*sigma0 (WAC 11.19591936193538, sigma0 0.2066399165460285, cands [11.609199195027436, 11.815839111573466])
[   57.9s]     !! [F4R1-B] CHECK FAIL: tp fill sz.000778-sell/profit-ztp-2019-01-16-am: price 4.380754640521744 not WAC+mult*sigma0 (WAC 4.947984073888625, sigma0 0.04575464052174355, cands [5.039493354932112, 5.085247995453855])
[   57.9s]     !! [F4R1-B] CHECK FAIL: tp fill sz.000778-sell/profit-ztp2-2019-01-16-am: price 4.4265092810434865 not WAC+mult*sigma0 (WAC 4.947984073888625, sigma0 0.04575464052174355, cands [5.039493354932112, 5.085247995453855])
[   57.9s]     !! [F4R1-B] CHECK FAIL: tp fill sz.000898-sell/profit-ztp-2019-01-16-pm: price 5.191302537917346 not WAC+mult*sigma0 (WAC 5.3490436970933315, sigma0 0.06130253791734631, cands [5.471648772928024, 5.5329513108453705])
[   57.9s]     !! [F4R1-B] CHECK FAIL: tp fill sh.600188-sell/profit-ztp-2019-01-16-pm: price 8.989878335882707 not WAC+mult*sigma0 (WAC 11.411853704373087, sigma0 0.13991889058847187, cands [11.691691485550031, 11.831610376138503])
[   57.9s]     !! [F4R1-B] CHECK FAIL: tp fill sz.000898-sell/profit-ztp-2019-01-17-am: price 5.191302537917346 not WAC+mult*sigma0 (WAC 5.3490436970933315, sigma0 0.06130253791734631, cands [5.471648772928024, 5.5329513108453705])
[   57.9s]     !! [F4R1-B] CHECK FAIL: tp fill sh.600188-sell/profit-ztp-2019-01-17-am: price 8.989878335882707 not WAC+mult*sigma0 (WAC 11.411853704373087, sigma0 0.13991889058847187, cands [11.691691485550031, 11.831610376138503])
[   57.9s]     !! [F4R1-B] CHECK FAIL: tp fill sz.000898-sell/profit-ztp-2019-01-17-pm: price 5.191302537917346 not WAC+mult*sigma0 (WAC 5.3490436970933315, sigma0 0.06130253791734631, cands [5.471648772928024, 5.5329513108453705])
[   57.9s]     !! [F4R1-B] CHECK FAIL: tp fill sh.600188-sell/profit-ztp-2019-01-17-pm: price 8.989878335882707 not WAC+mult*sigma0 (WAC 11.411853704373087, sigma0 0.13991889058847187, cands [11.691691485550031, 11.831610376138503])
[   57.9s]     !! [F4R1-B] CHECK FAIL: tp fill sh.600188-sell/profit-ztp2-2019-01-17-pm: price 9.12979722647118 not WAC+mult*sigma0 (WAC 11.411853704373087, sigma0 0.13991889058847187, cands [11.691691485550031, 11.831610376138503])
[   57.9s]     !! [F4R1-B] CHECK FAIL: tp fill sz.000898-sell/profit-ztp2-2019-01-18-am: price 5.252605075834692 not WAC+mult*sigma0 (WAC 5.3490436970933315, sigma0 0.06130253791734631, cands [5.471648772928024, 5.5329513108453705])
[   57.9s]     !! [F4R1-B] CHECK FAIL: tp fill sh.600160-sell/profit-ztp-2019-01-18-am: price 6.807351935012948 not WAC+mult*sigma0 (WAC 7.9329779061147585, sigma0 0.11156795667529959, cands [8.156113819465357, 8.267681776140657])
[   57.9s]     !! [F4R1-B] CHECK FAIL: tp fill sz.000825-sell/profit-ztp-2019-01-18-am: price 4.479210629750841 not WAC+mult*sigma0 (WAC 4.123842764583245, sigma0 0.046140419833893914, cands [4.216123604251033, 4.262264024084927])
[   57.9s]     !! [F4R1-B] CHECK FAIL: tp fill sz.000825-sell/profit-ztp2-2019-01-18-am: price 4.525351049584735 not WAC+mult*sigma0 (WAC 4.123842764583245, sigma0 0.046140419833893914, cands [4.216123604251033, 4.262264024084927])
[   57.9s]     !! [F4R1-B] CHECK FAIL: tp fill sh.600160-sell/profit-ztp2-2019-01-18-pm: price 6.9189198916882475 not WAC+mult*sigma0 (WAC 7.9329779061147585, sigma0 0.11156795667529959, cands [8.156113819465357, 8.267681776140657])
[   57.9s]     !! [F4R1-B] CHECK FAIL: tp fill sz.000792-sell/profit-ztp-2019-01-18-pm: price 6.3984521785086 not WAC+mult*sigma0 (WAC 6.848352841699981, sigma0 0.1456347856724004, cands [7.139622413044782, 7.285257198717182])
[   57.9s]     !! [F4R1-B] CHECK FAIL: tp fill sz.000792-sell/profit-ztp2-2019-01-18-pm: price 6.544086964181 not WAC+mult*sigma0 (WAC 6.848352841699981, sigma0 0.1456347856724004, cands [7.139622413044782, 7.285257198717182])
[   57.9s]     !! [F4R1-B] CHECK FAIL: tp fill sz.000581-sell/profit-ztp-2019-01-18-pm: price 18.28066425253496 not WAC+mult*sigma0 (WAC 18.228686266912028, sigma0 0.2671095016899748, cands [18.762905270291977, 19.030014771981953])
[   57.9s]     !! [F4R1-B] CHECK FAIL: tp fill sh.603026-sell/profit-ztp-2019-01-22-pm: price 20.409353683369194 not WAC+mult*sigma0 (WAC 18.69176166811792, sigma0 0.3262357889127958, cands [19.34423324594351, 19.670469034856307])
[   57.9s]     !! [F4R1-B] CHECK FAIL: tp fill sz.000581-sell/profit-ztp2-2019-01-24-pm: price 18.547773754224938 not WAC+mult*sigma0 (WAC 18.228686266912028, sigma0 0.2671095016899748, cands [18.762905270291977, 19.030014771981953])
[   57.9s]     !! [F4R1-B] CHECK FAIL: tp fill sh.600668-sell/profit-ztp-2019-02-13-am: price 12.30728569187156 not WAC+mult*sigma0 (WAC 14.709168408641037, sigma0 0.13152379458103977, cands [14.972215997803117, 15.103739792384157])
[   57.9s]     !! [F4R1-B] CHECK FAIL: tp fill sz.000778-sell/profit-ztp-2019-02-13-am: price 4.57134666572846 not WAC+mult*sigma0 (WAC 4.904667573498252, sigma0 0.040897777152307184, cands [4.986463127802867, 5.027360904955174])
[   57.9s]     !! [F4R1-B] CHECK FAIL: tp fill sz.000999-sell/profit-ztp-2019-02-13-am: price 23.781052635394452 not WAC+mult*sigma0 (WAC 25.166915679047822, sigma0 0.33403509026296885, cands [25.83498585957376, 26.169020949836728])
[   57.9s]     !! [F4R1-B] CHECK FAIL: tp fill sh.600668-sell/profit-ztp-2019-02-13-pm: price 12.30728569187156 not WAC+mult*sigma0 (WAC 14.709168408641037, sigma0 0.13152379458103977, cands [14.972215997803117, 15.103739792384157])
[   57.9s]     !! [F4R1-B] CHECK FAIL: tp fill sh.600668-sell/profit-ztp2-2019-02-13-pm: price 12.4388094864526 not WAC+mult*sigma0 (WAC 14.709168408641037, sigma0 0.13152379458103977, cands [14.972215997803117, 15.103739792384157])
[   57.9s]     !! [F4R1-B] CHECK FAIL: tp fill sz.000778-sell/profit-ztp-2019-02-13-pm: price 4.57134666572846 not WAC+mult*sigma0 (WAC 4.904667573498252, sigma0 0.040897777152307184, cands [4.986463127802867, 5.027360904955174])
[   57.9s]     !! [F4R1-B] CHECK FAIL: tp fill sz.002183-sell/profit-ztp-2019-02-13-pm: price 4.7397401109266655 not WAC+mult*sigma0 (WAC 5.256839870191854, sigma0 0.07982674061777721, cands [5.416493351427408, 5.496320092045186])
[   57.9s]     !! [F4R1-B] CHECK FAIL: tp fill sz.002183-sell/profit-ztp2-2019-02-13-pm: price 4.819566851544443 not WAC+mult*sigma0 (WAC 5.256839870191854, sigma0 0.07982674061777721, cands [5.416493351427408, 5.496320092045186])
[   57.9s]     !! [F4R1-B] CHECK FAIL: tp fill sh.600623-sell/profit-ztp-2019-02-18-am: price 8.41673836594896 not WAC+mult*sigma0 (WAC 9.19832226247058, sigma0 0.1444922439659741, cands [9.487306750402528, 9.631798994368502])
[   57.9s]     !! [F4R1-B] CHECK FAIL: tp fill sz.000778-sell/profit-ztp-2019-02-18-am: price 4.57134666572846 not WAC+mult*sigma0 (WAC 4.904667573498252, sigma0 0.040897777152307184, cands [4.986463127802867, 5.027360904955174])
[   57.9s]     !! [F4R1-B] CHECK FAIL: tp fill sz.000778-sell/profit-ztp2-2019-02-18-am: price 4.612244442880767 not WAC+mult*sigma0 (WAC 4.904667573498252, sigma0 0.040897777152307184, cands [4.986463127802867, 5.027360904955174])
[   57.9s]     !! [F4R1-B] CHECK FAIL: tp fill sz.000999-sell/profit-ztp2-2019-02-18-am: price 24.11508772565742 not WAC+mult*sigma0 (WAC 25.166915679047822, sigma0 0.33403509026296885, cands [25.83498585957376, 26.169020949836728])
[   57.9s]     !! [F4R1-B] CHECK FAIL: tp fill sh.600348-sell/profit-ztp-2019-02-18-am: price 5.42851838155114 not WAC+mult*sigma0 (WAC 5.606741846868943, sigma0 0.04567892103409297, cands [5.69809968893713, 5.743778609971223])
[   57.9s]     !! [F4R1-B] CHECK FAIL: tp fill sh.600623-sell/profit-ztp-2019-02-18-pm: price 8.41673836594896 not WAC+mult*sigma0 (WAC 9.19832226247058, sigma0 0.1444922439659741, cands [9.487306750402528, 9.631798994368502])
[   57.9s]     !! [F4R1-B] CHECK FAIL: tp fill sh.600348-sell/profit-ztp-2019-02-18-pm: price 5.42851838155114 not WAC+mult*sigma0 (WAC 5.606741846868943, sigma0 0.04567892103409297, cands [5.69809968893713, 5.743778609971223])
[   57.9s]     !! [F4R1-B] CHECK FAIL: tp fill sz.002128-sell/profit-ztp-2019-02-18-pm: price 7.972156341213452 not WAC+mult*sigma0 (WAC 7.7218828956831445, sigma0 0.06810422747563524, cands [7.858091350634415, 7.92619557811005])
[   57.9s]     !! [F4R1-B] CHECK FAIL: tp fill sh.600729-sell/profit-ztp2-2019-02-18-pm: price 30.06817845998106 not WAC+mult*sigma0 (WAC 24.372116953340242, sigma0 0.3712713839924244, cands [25.11465972132509, 25.485931105317515])
[   57.9s]     !! [F4R1-B] CHECK FAIL: tp fill sh.600623-sell/profit-ztp-2019-02-19-am: price 8.41673836594896 not WAC+mult*sigma0 (WAC 9.19832226247058, sigma0 0.1444922439659741, cands [9.487306750402528, 9.631798994368502])
[   57.9s]     !! [F4R1-B] CHECK FAIL: tp fill sh.600348-sell/profit-ztp-2019-02-19-pm: price 5.42851838155114 not WAC+mult*sigma0 (WAC 5.606741846868943, sigma0 0.04567892103409297, cands [5.69809968893713, 5.743778609971223])
[   57.9s]     !! [F4R1-B] CHECK FAIL: tp fill sh.600348-sell/profit-ztp2-2019-02-19-pm: price 5.4741973025852335 not WAC+mult*sigma0 (WAC 5.606741846868943, sigma0 0.04567892103409297, cands [5.69809968893713, 5.743778609971223])
[   57.9s]     !! [F4R1-B] CHECK FAIL: tp fill sz.002128-sell/profit-ztp-2019-02-19-pm: price 7.972156341213452 not WAC+mult*sigma0 (WAC 7.7218828956831445, sigma0 0.06810422747563524, cands [7.858091350634415, 7.92619557811005])
[   57.9s]     !! [F4R1-B] CHECK FAIL: tp fill sz.002128-sell/profit-ztp-2019-02-20-am: price 7.972156341213452 not WAC+mult*sigma0 (WAC 7.7218828956831445, sigma0 0.06810422747563524, cands [7.858091350634415, 7.92619557811005])
[   57.9s]     !! [F4R1-B] CHECK FAIL: tp fill sz.000789-sell/profit-ztp-2019-02-20-pm: price 12.034475573783627 not WAC+mult*sigma0 (WAC 8.421765941503908, sigma0 0.14965038252241852, cands [8.721066706548745, 8.870717089071164])
[   57.9s]     !! [F4R1-B] CHECK FAIL: tp fill sh.600335-sell/profit-ztp-2019-02-21-am: price 7.143331007494703 not WAC+mult*sigma0 (WAC 12.127151452644638, sigma0 0.11555400499646847, cands [12.358259462637575, 12.473813467634043])
[   57.9s]     !! [F4R1-B] CHECK FAIL: tp fill sh.600335-sell/profit-ztp-2019-02-21-pm: price 7.143331007494703 not WAC+mult*sigma0 (WAC 12.127151452644638, sigma0 0.11555400499646847, cands [12.358259462637575, 12.473813467634043])
[   57.9s]     !! [F4R1-B] CHECK FAIL: tp fill sh.600335-sell/profit-ztp-2019-02-22-am: price 7.143331007494703 not WAC+mult*sigma0 (WAC 12.127151452644638, sigma0 0.11555400499646847, cands [12.358259462637575, 12.473813467634043])
[   57.9s]     !! [F4R1-B] CHECK FAIL: tp fill sh.600623-sell/profit-ztp2-2019-02-22-pm: price 8.561230609914935 not WAC+mult*sigma0 (WAC 9.19832226247058, sigma0 0.1444922439659741, cands [9.487306750402528, 9.631798994368502])
[   57.9s]     !! [F4R1-B] CHECK FAIL: tp fill sz.002128-sell/profit-ztp2-2019-02-22-pm: price 8.040260568689087 not WAC+mult*sigma0 (WAC 7.7218828956831445, sigma0 0.06810422747563524, cands [7.858091350634415, 7.92619557811005])
[   57.9s]     !! [F4R1-B] CHECK FAIL: tp fill sh.600335-sell/profit-ztp2-2019-02-22-pm: price 7.258885012491172 not WAC+mult*sigma0 (WAC 12.127151452644638, sigma0 0.11555400499646847, cands [12.358259462637575, 12.473813467634043])
[   57.9s]     !! [F4R1-B] CHECK FAIL: tp fill sz.000789-sell/profit-ztp-2019-02-22-pm: price 11.98465038252242 not WAC+mult*sigma0 (WAC 8.68957914856328, sigma0 0.14965038252241852, cands [8.988879913608116, 9.138530296130535])
[   57.9s]     !! [F4R1-B] CHECK FAIL: tp fill sz.000789-sell/profit-ztp2-2019-02-22-pm: price 12.134300765044838 not WAC+mult*sigma0 (WAC 8.68957914856328, sigma0 0.14965038252241852, cands [8.988879913608116, 9.138530296130535])
[   57.9s]     !! [F4R1-B] CHECK FAIL: tp fill sz.000656-sell/profit-ztp-2019-03-01-pm: price 6.192714097114827 not WAC+mult*sigma0 (WAC 4.423097996961751, sigma0 0.08869268803277301, cands [4.600483373027297, 4.68917606106007])
[   57.9s]     !! [F4R1-B] CHECK FAIL: tp fill sz.002419-sell/profit-ztp-2019-03-01-pm: price 12.686296143444272 not WAC+mult*sigma0 (WAC 12.490686494606992, sigma0 0.2108640956295164, cands [12.912414685866025, 13.123278781495541])
[   57.9s]     !! [F4R1-B] CHECK FAIL: tp fill sz.002419-sell/profit-ztp2-2019-03-01-pm: price 12.897160239073788 not WAC+mult*sigma0 (WAC 12.490686494606992, sigma0 0.2108640956295164, cands [12.912414685866025, 13.123278781495541])
[   57.9s]     !! [F4R1-B] CHECK FAIL: tp fill sh.600741-sell/profit-ztp-2019-03-01-pm: price 21.489104344043795 not WAC+mult*sigma0 (WAC 18.48239300256057, sigma0 0.4927362293625321, cands [19.467865461285633, 19.96060169064817])
[   57.9s]     !! [F4R1-B] CHECK FAIL: tp fill sz.000656-sell/profit-ztp-2019-03-04-am: price 6.192714097114827 not WAC+mult*sigma0 (WAC 4.423097996961751, sigma0 0.08869268803277301, cands [4.600483373027297, 4.68917606106007])
[   57.9s]     !! [F4R1-B] CHECK FAIL: tp fill sz.000656-sell/profit-ztp2-2019-03-04-am: price 6.2814067851476 not WAC+mult*sigma0 (WAC 4.423097996961751, sigma0 0.08869268803277301, cands [4.600483373027297, 4.68917606106007])
[   57.9s]     !! [F4R1-B] CHECK FAIL: tp fill sh.600741-sell/profit-ztp-2019-03-04-am: price 21.489104344043795 not WAC+mult*sigma0 (WAC 18.48239300256057, sigma0 0.4927362293625321, cands [19.467865461285633, 19.96060169064817])
[   57.9s]     !! [F4R1-B] CHECK FAIL: tp fill sh.600741-sell/profit-ztp-2019-03-05-pm: price 21.489104344043795 not WAC+mult*sigma0 (WAC 18.48239300256057, sigma0 0.4927362293625321, cands [19.467865461285633, 19.96060169064817])
[   57.9s]     !! [F4R1-B] CHECK FAIL: tp fill sh.600623-sell/profit-ztp-2019-03-06-pm: price 9.415603973300188 not WAC+mult*sigma0 (WAC 9.156639779534274, sigma0 0.1904026488667922, cands [9.537445077267858, 9.72784772613465])
[   57.9s]     !! [F4R1-B] CHECK FAIL: tp fill sz.002626-sell/profit-ztp-2019-03-06-pm: price 14.61053588451003 not WAC+mult*sigma0 (WAC 14.800408321008195, sigma0 0.30035725634002025, cands [15.401122833688236, 15.701480090028255])
[   57.9s]     !! [F4R1-B] CHECK FAIL: tp fill sz.002626-sell/profit-ztp2-2019-03-06-pm: price 14.91089314085005 not WAC+mult*sigma0 (WAC 14.800408321008195, sigma0 0.30035725634002025, cands [15.401122833688236, 15.701480090028255])
[   57.9s]     !! [F4R1-B] CHECK FAIL: tp fill sh.600623-sell/profit-ztp-2019-03-07-am: price 9.415603973300188 not WAC+mult*sigma0 (WAC 9.156639779534274, sigma0 0.1904026488667922, cands [9.537445077267858, 9.72784772613465])
[   57.9s]     !! [F4R1-B] CHECK FAIL: tp fill sh.600377-sell/profit-ztp-2019-03-18-pm: price 10.014214442310138 not WAC+mult*sigma0 (WAC 9.069217756737185, sigma0 0.10280962820675912, cands [9.274837013150703, 9.377646641357462])
[   57.9s]     !! [F4R1-B] CHECK FAIL: tp fill sz.002538-sell/profit-ztp-2019-03-22-am: price 6.166528894186532 not WAC+mult*sigma0 (WAC 6.563963831840101, sigma0 0.126528894186533, cands [6.817021620213167, 6.9435505143997])
[   57.9s]     !! [F4R1-B] CHECK FAIL: tp fill sh.600377-sell/profit-ztp-2019-03-22-pm: price 10.014214442310138 not WAC+mult*sigma0 (WAC 9.069217756737185, sigma0 0.10280962820675912, cands [9.274837013150703, 9.377646641357462])
[   57.9s]     !! [F4R1-B] CHECK FAIL: tp fill sh.600377-sell/profit-ztp2-2019-03-22-pm: price 10.117024070516896 not WAC+mult*sigma0 (WAC 9.069217756737185, sigma0 0.10280962820675912, cands [9.274837013150703, 9.377646641357462])
[   57.9s]     !! [F4R1-B] CHECK FAIL: tp fill sz.002538-sell/profit-ztp-2019-03-27-am: price 6.166528894186532 not WAC+mult*sigma0 (WAC 6.563963831840101, sigma0 0.126528894186533, cands [6.817021620213167, 6.9435505143997])
[   57.9s]     !! [F4R1-B] CHECK FAIL: tp fill sz.002538-sell/profit-ztp2-2019-03-27-am: price 6.293057788373066 not WAC+mult*sigma0 (WAC 6.563963831840101, sigma0 0.126528894186533, cands [6.817021620213167, 6.9435505143997])
[   57.9s]     !! [F4R1-B] CHECK FAIL: tp fill sz.002386-sell/profit-ztp-2019-03-27-am: price 6.868863106223296 not WAC+mult*sigma0 (WAC 7.869683605266331, sigma0 0.13924207081553067, cands [8.148167746897393, 8.287409817712923])
[   57.9s]     !! [F4R1-B] CHECK FAIL: tp fill sz.002386-sell/profit-ztp2-2019-03-27-am: price 7.008105177038827 not WAC+mult*sigma0 (WAC 7.869683605266331, sigma0 0.13924207081553067, cands [8.148167746897393, 8.287409817712923])
[   57.9s]     !! [F4R1-B] CHECK FAIL: tp fill sz.002101-sell/profit-ztp-2019-04-03-pm: price 9.867838030746414 not WAC+mult*sigma0 (WAC 14.91331531384741, sigma0 0.23189202049760982, cands [15.37709935484263, 15.608991375340239])
[   57.9s]     !! [F4R1-B] CHECK FAIL: tp fill sz.002101-sell/profit-ztp2-2019-04-03-pm: price 10.099730051244023 not WAC+mult*sigma0 (WAC 14.91331531384741, sigma0 0.23189202049760982, cands [15.37709935484263, 15.608991375340239])
[   57.9s]     !! [F4R1-B] CHECK FAIL: tp fill sh.601633-sell/profit-ztp-2019-04-04-pm: price 9.520463572430234 not WAC+mult*sigma0 (WAC 8.370422060204083, sigma0 0.22030904828682274, cands [8.811040156777729, 9.03134920506455])
[   57.9s]     !! [F4R1-B] CHECK FAIL: tp fill sh.601633-sell/profit-ztp2-2019-04-04-pm: price 9.740772620717056 not WAC+mult*sigma0 (WAC 8.370422060204083, sigma0 0.22030904828682274, cands [8.811040156777729, 9.03134920506455])
[   57.9s]     !! [F4R1-B] CHECK FAIL: tp fill sz.000959-sell/profit-ztp-2019-04-08-am: price 4.728123212589966 not WAC+mult*sigma0 (WAC 5.597325946437207, sigma0 0.0987488083933111, cands [5.794823563223829, 5.89357237161714])
[   57.9s]     !! [F4R1-B] CHECK FAIL: tp fill sz.002416-sell/profit-ztp-2019-04-10-pm: price 6.814407864549543 not WAC+mult*sigma0 (WAC 11.093511590604447, sigma0 0.19627190969969574, cands [11.486055410003837, 11.682327319703534])
[   57.9s]     !! [F4R1-B] CHECK FAIL: tp fill sz.002850-sell/profit-ztp-2019-04-16-pm: price 24.86206093679687 not WAC+mult*sigma0 (WAC 34.86481912069883, sigma0 0.6413739578645806, cands [36.14756703642799, 36.788940994292574])
[   57.9s]     !! [F4R1-B] CHECK FAIL: tp fill sz.002850-sell/profit-ztp-2019-04-17-am: price 24.86206093679687 not WAC+mult*sigma0 (WAC 34.86481912069883, sigma0 0.6413739578645806, cands [36.14756703642799, 36.788940994292574])
[   57.9s]     !! [F4R1-B] CHECK FAIL: tp fill sz.002416-sell/profit-ztp-2019-04-17-pm: price 6.814407864549543 not WAC+mult*sigma0 (WAC 11.093511590604447, sigma0 0.19627190969969574, cands [11.486055410003837, 11.682327319703534])
[   57.9s]     !! [F4R1-B] CHECK FAIL: tp fill sz.002416-sell/profit-ztp-2019-04-18-am: price 6.814407864549543 not WAC+mult*sigma0 (WAC 11.093511590604447, sigma0 0.19627190969969574, cands [11.486055410003837, 11.682327319703534])
[   57.9s]     !! [F4R1-B] CHECK FAIL: tp fill sz.002416-sell/profit-ztp-2019-04-18-pm: price 6.814407864549543 not WAC+mult*sigma0 (WAC 11.093511590604447, sigma0 0.19627190969969574, cands [11.486055410003837, 11.682327319703534])
[   57.9s]     !! [F4R1-B] CHECK FAIL: tp fill sz.002850-sell/profit-ztp2-2019-04-22-pm: price 25.50343489466145 not WAC+mult*sigma0 (WAC 34.86481912069883, sigma0 0.6413739578645806, cands [36.14756703642799, 36.788940994292574])
[   57.9s]     !! [F4R1-B] CHECK FAIL: tp fill sz.002889-sell/profit-ztp-2019-04-22-pm: price 28.199567359581078 not WAC+mult*sigma0 (WAC 26.77063057254881, sigma0 0.6663782397207199, cands [28.10338705199025, 28.76976529171097])
[   57.9s]     !! [F4R1-B] CHECK FAIL: tp fill sz.002889-sell/profit-ztp2-2019-04-22-pm: price 28.8659455993018 not WAC+mult*sigma0 (WAC 26.77063057254881, sigma0 0.6663782397207199, cands [28.10338705199025, 28.76976529171097])
[   57.9s]     !! [F4R1-B] CHECK FAIL: tp fill sz.000543-sell/profit-ztp-2019-05-20-pm: price 4.694562426594705 not WAC+mult*sigma0 (WAC 4.836842736428283, sigma0 0.0845624265947051, cands [5.0059675896176925, 5.090530016212398])
[   57.9s]     !! [F4R1-B] CHECK FAIL: tp fill sz.000543-sell/profit-ztp-2019-05-27-am: price 4.694562426594705 not WAC+mult*sigma0 (WAC 4.836842736428283, sigma0 0.0845624265947051, cands [5.0059675896176925, 5.090530016212398])
[   57.9s]     !! [F4R1-B] CHECK FAIL: tp fill sz.000543-sell/profit-ztp-2019-05-27-pm: price 4.694562426594705 not WAC+mult*sigma0 (WAC 4.836842736428283, sigma0 0.0845624265947051, cands [5.0059675896176925, 5.090530016212398])
[   57.9s]     !! [F4R1-B] CHECK FAIL: tp fill sz.000543-sell/profit-ztp-2019-05-28-am: price 4.694562426594705 not WAC+mult*sigma0 (WAC 4.836842736428283, sigma0 0.0845624265947051, cands [5.0059675896176925, 5.090530016212398])
[   57.9s]     !! [F4R1-B] CHECK FAIL: tp fill sz.000543-sell/profit-ztp-2019-05-29-am: price 4.694562426594705 not WAC+mult*sigma0 (WAC 4.836842736428283, sigma0 0.0845624265947051, cands [5.0059675896176925, 5.090530016212398])
[   57.9s]     !! [F4R1-B] CHECK FAIL: tp fill sz.000543-sell/profit-ztp-2019-05-29-pm: price 4.694562426594705 not WAC+mult*sigma0 (WAC 4.836842736428283, sigma0 0.0845624265947051, cands [5.0059675896176925, 5.090530016212398])
[   57.9s]     !! [F4R1-B] CHECK FAIL: tp fill sz.000036-sell/profit-ztp-2019-06-10-pm: price 7.615026210054246 not WAC+mult*sigma0 (WAC 6.808167193044933, sigma0 0.17668414003616476, cands [7.1615354731172625, 7.338219613153427])
[   57.9s]     !! [F4R1-B] CHECK FAIL: tp fill sz.000036-sell/profit-ztp-2019-06-11-am: price 7.615026210054246 not WAC+mult*sigma0 (WAC 6.808167193044933, sigma0 0.17668414003616476, cands [7.1615354731172625, 7.338219613153427])
[   57.9s]     !! [F4R1-B] CHECK FAIL: tp fill sz.000036-sell/profit-ztp-2019-06-11-pm: price 7.615026210054246 not WAC+mult*sigma0 (WAC 6.808167193044933, sigma0 0.17668414003616476, cands [7.1615354731172625, 7.338219613153427])
[   57.9s]     !! [F4R1-B] CHECK FAIL: tp fill sz.000036-sell/profit-ztp-2019-06-12-am: price 7.615026210054246 not WAC+mult*sigma0 (WAC 6.808167193044933, sigma0 0.17668414003616476, cands [7.1615354731172625, 7.338219613153427])
[   57.9s]     !! [F4R1-B] CHECK FAIL: tp fill sz.000543-sell/profit-ztp2-2019-06-20-pm: price 4.885880019718978 not WAC+mult*sigma0 (WAC 4.836842736428283, sigma0 0.12014748210456098, cands [5.0771377006374045, 5.1972851827419655])
[   57.9s]     !! [F4R1-B] CHECK FAIL: tp fill sz.000728-sell/profit-ztp-2019-07-12-pm: price 9.575325229175183 not WAC+mult*sigma0 (WAC 11.053279669435993, sigma0 0.21032522917518295, cands [11.473930127786359, 11.684255356961541])
[   57.9s]     !! [F4R1-B] CHECK FAIL: tp fill sh.600810-sell/profit-ztp-2019-07-15-am: price 12.956766975997548 not WAC+mult*sigma0 (WAC 10.047431921171766, sigma0 0.28676697599754797, cands [10.620965873166861, 10.90773284916441])
[   57.9s]     !! [F4R1-B] CHECK FAIL: tp fill sz.000728-sell/profit-ztp-2019-07-15-am: price 9.575325229175183 not WAC+mult*sigma0 (WAC 11.053279669435993, sigma0 0.21032522917518295, cands [11.473930127786359, 11.684255356961541])
[   57.9s]     !! [F4R1-B] CHECK FAIL: tp fill sz.002092-sell/profit-ztp-2019-09-04-am: price 7.111281997793478 not WAC+mult*sigma0 (WAC 7.232618435824146, sigma0 0.08085466519565221, cands [7.394327766215451, 7.475182431411103])
[   57.9s]     !! [F4R1-B] CHECK FAIL: tp fill sh.600188-sell/profit-ztp-2019-09-04-am: price 11.086548030231887 not WAC+mult*sigma0 (WAC 10.813454755686516, sigma0 0.157698686821258, cands [11.128852129329033, 11.28655081615029])
[   57.9s]     !! [F4R1-B] CHECK FAIL: tp fill sh.600177-sell/profit-ztp-2019-09-04-pm: price 6.37461508151479 not WAC+mult*sigma0 (WAC 8.005915488459987, sigma0 0.05641005434319325, cands [8.118735597146374, 8.175145651489567])
[   57.9s]     !! [F4R1-B] CHECK FAIL: tp fill sh.600177-sell/profit-ztp2-2019-09-04-pm: price 6.4310251358579835 not WAC+mult*sigma0 (WAC 8.005915488459987, sigma0 0.05641005434319325, cands [8.118735597146374, 8.175145651489567])
[   57.9s]     !! [F4R1-B] CHECK FAIL: tp fill sz.002092-sell/profit-ztp-2019-09-04-pm: price 7.111281997793478 not WAC+mult*sigma0 (WAC 7.232618435824146, sigma0 0.08085466519565221, cands [7.394327766215451, 7.475182431411103])
[   57.9s]     !! [F4R1-B] CHECK FAIL: tp fill sz.002092-sell/profit-ztp2-2019-09-04-pm: price 7.19213666298913 not WAC+mult*sigma0 (WAC 7.232618435824146, sigma0 0.08085466519565221, cands [7.394327766215451, 7.475182431411103])
[   57.9s]     !! [F4R1-B] CHECK FAIL: tp fill sz.002798-sell/profit-ztp-2019-09-04-pm: price 19.0571638449954 not WAC+mult*sigma0 (WAC 17.81348410612156, sigma0 0.35716384499539927, cands [18.52781179611236, 18.884975641107758])
[   57.9s]     !! [F4R1-B] CHECK FAIL: tp fill sz.002798-sell/profit-ztp2-2019-09-04-pm: price 19.4143276899908 not WAC+mult*sigma0 (WAC 17.81348410612156, sigma0 0.35716384499539927, cands [18.52781179611236, 18.884975641107758])
[   57.9s]     !! [F4R1-B] CHECK FAIL: tp fill sh.600188-sell/profit-ztp-2019-09-04-pm: price 11.086548030231887 not WAC+mult*sigma0 (WAC 10.813454755686516, sigma0 0.157698686821258, cands [11.128852129329033, 11.28655081615029])
[   57.9s]     !! [F4R1-B] CHECK FAIL: tp fill sh.600188-sell/profit-ztp2-2019-09-04-pm: price 11.244246717053144 not WAC+mult*sigma0 (WAC 10.813454755686516, sigma0 0.157698686821258, cands [11.128852129329033, 11.28655081615029])
[   57.9s]     !! [F4R1-B] CHECK FAIL: tp fill sh.600060-sell/profit-ztp-2019-09-10-pm: price 8.180638175173277 not WAC+mult*sigma0 (WAC 8.46230923801992, sigma0 0.12709211678218393, cands [8.716493471584288, 8.843585588366471])
[   57.9s]     !! [F4R1-B] CHECK FAIL: tp fill sh.600060-sell/profit-ztp2-2019-09-10-pm: price 8.30773029195546 not WAC+mult*sigma0 (WAC 8.46230923801992, sigma0 0.12709211678218393, cands [8.716493471584288, 8.843585588366471])
[   57.9s]     !! [F4R1-B] CHECK FAIL: tp fill sz.000703-sell/profit-ztp-2019-09-10-pm: price 13.653506899997096 not WAC+mult*sigma0 (WAC 12.92639247337489, sigma0 0.1690045999980626, cands [13.264401673371015, 13.433406273369076])
[   57.9s]     !! [F4R1-B] CHECK FAIL: tp fill sz.000709-sell/profit-ztp-2019-09-12-pm: price 2.6794524832986633 not WAC+mult*sigma0 (WAC 2.6690195211550902, sigma0 0.026301655532442278, cands [2.7216228322199747, 2.747924487752417])
[   57.9s]     !! [F4R1-B] CHECK FAIL: tp fill sz.000703-sell/profit-ztp-2019-09-12-pm: price 13.653506899997096 not WAC+mult*sigma0 (WAC 12.984902025568854, sigma0 0.1690045999980626, cands [13.32291122556498, 13.49191582556304])
[   57.9s]     !! [F4R1-B] CHECK FAIL: tp fill sz.000703-sell/profit-ztp2-2019-09-12-pm: price 13.822511499995157 not WAC+mult*sigma0 (WAC 12.984902025568854, sigma0 0.1690045999980626, cands [13.32291122556498, 13.49191582556304])
[   57.9s]     !! [F4R1-B] CHECK FAIL: tp fill sz.002746-sell/profit-ztp-2019-10-08-pm: price 16.424912663372726 not WAC+mult*sigma0 (WAC 20.36225828264419, sigma0 0.30327510891515114, cands [20.968808500474495, 21.272083609389647])
[   57.9s]     !! [F4R1-B] CHECK FAIL: tp fill sz.002746-sell/profit-ztp-2019-10-09-am: price 16.424912663372726 not WAC+mult*sigma0 (WAC 20.36225828264419, sigma0 0.30327510891515114, cands [20.968808500474495, 21.272083609389647])
[   57.9s]     !! [F4R1-B] CHECK FAIL: tp fill sh.601666-sell/profit-ztp-2019-10-09-pm: price 3.876816659901579 not WAC+mult*sigma0 (WAC 3.87083352092965, sigma0 0.03787777326771932, cands [3.9465890674650885, 3.9844668407328077])
[   57.9s]     !! [F4R1-B] CHECK FAIL: tp fill sz.002092-sell/profit-ztp-2019-10-09-pm: price 7.116264435463974 not WAC+mult*sigma0 (WAC 7.173338996049736, sigma0 0.07084295697598336, cands [7.315024910001703, 7.385867866977686])
[   57.9s]     !! [F4R1-B] CHECK FAIL: tp fill sz.002746-sell/profit-ztp-2019-10-09-pm: price 16.424912663372726 not WAC+mult*sigma0 (WAC 20.36225828264419, sigma0 0.30327510891515114, cands [20.968808500474495, 21.272083609389647])
[   57.9s]     !! [F4R1-B] CHECK FAIL: tp fill sz.002746-sell/profit-ztp2-2019-10-09-pm: price 16.72818777228788 not WAC+mult*sigma0 (WAC 20.36225828264419, sigma0 0.30327510891515114, cands [20.968808500474495, 21.272083609389647])
[   57.9s]     !! [F4R1-B] CHECK FAIL: tp fill sh.601699-sell/profit-ztp-2019-10-09-pm: price 7.399456406788664 not WAC+mult*sigma0 (WAC 7.286280864843287, sigma0 0.07963760452577544, cands [7.4455560738948385, 7.525193678420614])
[   57.9s]     !! [F4R1-B] CHECK FAIL: tp fill sh.601699-sell/profit-ztp-2019-10-10-am: price 7.399456406788664 not WAC+mult*sigma0 (WAC 7.286280864843287, sigma0 0.07963760452577544, cands [7.4455560738948385, 7.525193678420614])
[   57.9s]     !! [F4R1-B] CHECK FAIL: tp fill sh.601666-sell/profit-ztp-2019-10-10-pm: price 3.876816659901579 not WAC+mult*sigma0 (WAC 3.87083352092965, sigma0 0.03787777326771932, cands [3.9465890674650885, 3.9844668407328077])
[   57.9s]     !! [F4R1-B] CHECK FAIL: tp fill sh.601699-sell/profit-ztp-2019-10-10-pm: price 7.399456406788664 not WAC+mult*sigma0 (WAC 7.286280864843287, sigma0 0.07963760452577544, cands [7.4455560738948385, 7.525193678420614])
[   57.9s]     !! [F4R1-B] CHECK FAIL: tp fill sh.601666-sell/profit-ztp-2019-10-11-am: price 3.876816659901579 not WAC+mult*sigma0 (WAC 3.87083352092965, sigma0 0.03787777326771932, cands [3.9465890674650885, 3.9844668407328077])
[   57.9s]     !! [F4R1-B] CHECK FAIL: tp fill sh.601699-sell/profit-ztp-2019-10-11-am: price 7.399456406788664 not WAC+mult*sigma0 (WAC 7.286280864843287, sigma0 0.07963760452577544, cands [7.4455560738948385, 7.525193678420614])
[   57.9s]     !! [F4R1-B] CHECK FAIL: tp fill sh.601666-sell/profit-ztp-2019-10-11-pm: price 3.876816659901579 not WAC+mult*sigma0 (WAC 3.87083352092965, sigma0 0.03787777326771932, cands [3.9465890674650885, 3.9844668407328077])
[   57.9s]     !! [F4R1-B] CHECK FAIL: tp fill sh.601666-sell/profit-ztp2-2019-10-11-pm: price 3.914694433169298 not WAC+mult*sigma0 (WAC 3.87083352092965, sigma0 0.03787777326771932, cands [3.9465890674650885, 3.9844668407328077])
[   57.9s]     !! [F4R1-B] CHECK FAIL: tp fill sz.002092-sell/profit-ztp-2019-10-11-pm: price 7.116264435463974 not WAC+mult*sigma0 (WAC 7.173338996049736, sigma0 0.07084295697598336, cands [7.315024910001703, 7.385867866977686])
[   57.9s]     !! [F4R1-B] CHECK FAIL: tp fill sh.601699-sell/profit-ztp2-2019-10-11-pm: price 7.479094011314439 not WAC+mult*sigma0 (WAC 7.286280864843287, sigma0 0.07963760452577544, cands [7.4455560738948385, 7.525193678420614])
[   57.9s]     !! [F4R1-B] CHECK FAIL: tp fill sh.600859-sell/profit-ztp-2019-10-11-pm: price 14.621493182290276 not WAC+mult*sigma0 (WAC 16.497674440217516, sigma0 0.15432878819351747, cands [16.80633201660455, 16.960660804798067])
[   57.9s]     !! [F4R1-B] CHECK FAIL: tp fill sz.000528-sell/profit-ztp-2019-10-11-pm: price 6.438797538898998 not WAC+mult*sigma0 (WAC 6.413320808469549, sigma0 0.07919835926599919, cands [6.571717527001547, 6.650915886267546])
[   57.9s]     !! [F4R1-B] CHECK FAIL: tp fill sz.000528-sell/profit-ztp2-2019-10-11-pm: price 6.5179958981649975 not WAC+mult*sigma0 (WAC 6.413320808469549, sigma0 0.07919835926599919, cands [6.571717527001547, 6.650915886267546])
[   57.9s]     !! [F4R1-B] CHECK FAIL: tp fill sz.002092-sell/profit-ztp-2019-10-14-am: price 7.116264435463974 not WAC+mult*sigma0 (WAC 7.173338996049736, sigma0 0.07084295697598336, cands [7.315024910001703, 7.385867866977686])
[   57.9s]     !! [F4R1-B] CHECK FAIL: tp fill sh.600859-sell/profit-ztp-2019-10-14-am: price 14.621493182290276 not WAC+mult*sigma0 (WAC 16.497674440217516, sigma0 0.15432878819351747, cands [16.80633201660455, 16.960660804798067])
[   57.9s]     !! [F4R1-B] CHECK FAIL: tp fill sz.002092-sell/profit-ztp-2019-10-14-pm: price 7.116264435463974 not WAC+mult*sigma0 (WAC 7.173338996049736, sigma0 0.07084295697598336, cands [7.315024910001703, 7.385867866977686])
[   57.9s]     !! [F4R1-B] CHECK FAIL: tp fill sh.600859-sell/profit-ztp-2019-10-14-pm: price 14.621493182290276 not WAC+mult*sigma0 (WAC 16.497674440217516, sigma0 0.15432878819351747, cands [16.80633201660455, 16.960660804798067])
[   57.9s]     !! [F4R1-B] CHECK FAIL: tp fill sh.600177-sell/profit-ztp-2019-11-14-am: price 7.170369755628444 not WAC+mult*sigma0 (WAC 7.609371149787239, sigma0 0.05036975562844481, cands [7.710110661044128, 7.760480416672573])
[   57.9s]     !! [F4R1-B] CHECK FAIL: tp fill sh.603258-sell/profit-ztp-2019-11-14-pm: price 21.666482897303304 not WAC+mult*sigma0 (WAC 29.201499204284147, sigma0 0.5376552648688693, cands [30.276809734021885, 30.814464998890756])
[   57.9s]     !! [F4R1-B] CHECK FAIL: tp fill sh.603258-sell/profit-ztp2-2019-11-14-pm: price 22.204138162172175 not WAC+mult*sigma0 (WAC 29.201499204284147, sigma0 0.5376552648688693, cands [30.276809734021885, 30.814464998890756])
[   57.9s]     !! [F4R1-B] CHECK FAIL: tp fill sz.002128-sell/profit-ztp-2019-11-19-pm: price 8.236671183410696 not WAC+mult*sigma0 (WAC 7.886594713805685, sigma0 0.10444745560713128, cands [8.095489625019948, 8.199937080627079])
[   57.9s]     !! [F4R1-B] CHECK FAIL: tp fill sz.002128-sell/profit-ztp-2019-11-20-pm: price 8.236671183410696 not WAC+mult*sigma0 (WAC 7.886594713805685, sigma0 0.10444745560713128, cands [8.095489625019948, 8.199937080627079])
[   57.9s]     !! [F4R1-B] CHECK FAIL: tp fill sh.600482-sell/profit-ztp-2019-11-20-pm: price 21.54941945733009 not WAC+mult*sigma0 (WAC 28.98338508853669, sigma0 0.2996129715533914, cands [29.582611031643474, 29.882224003196864])
[   57.9s]     !! [F4R1-B] CHECK FAIL: tp fill sz.002128-sell/profit-ztp-2019-11-21-pm: price 8.236671183410696 not WAC+mult*sigma0 (WAC 7.886594713805685, sigma0 0.10444745560713128, cands [8.095489625019948, 8.199937080627079])
[   57.9s]     !! [F4R1-B] CHECK FAIL: tp fill sh.600482-sell/profit-ztp-2019-11-22-am: price 21.54941945733009 not WAC+mult*sigma0 (WAC 28.98338508853669, sigma0 0.2996129715533914, cands [29.582611031643474, 29.882224003196864])
[   57.9s]     !! [F4R1-B] CHECK FAIL: tp fill sz.002128-sell/profit-ztp-2019-11-22-pm: price 8.236671183410696 not WAC+mult*sigma0 (WAC 7.886594713805685, sigma0 0.10444745560713128, cands [8.095489625019948, 8.199937080627079])
[   57.9s]     !! [F4R1-B] CHECK FAIL: tp fill sz.002128-sell/profit-ztp2-2019-11-22-pm: price 8.341118639017827 not WAC+mult*sigma0 (WAC 7.886594713805685, sigma0 0.10444745560713128, cands [8.095489625019948, 8.199937080627079])
[   57.9s]     !! [F4R1-B] CHECK FAIL: tp fill sh.600482-sell/profit-ztp-2019-11-25-pm: price 21.54941945733009 not WAC+mult*sigma0 (WAC 28.98338508853669, sigma0 0.2996129715533914, cands [29.582611031643474, 29.882224003196864])
[   57.9s]     !! [F4R1-B] CHECK FAIL: tp fill sh.600482-sell/profit-ztp2-2019-11-25-pm: price 21.84903242888348 not WAC+mult*sigma0 (WAC 28.98338508853669, sigma0 0.2996129715533914, cands [29.582611031643474, 29.882224003196864])
[   57.9s]     !! [F4R1-B] CHECK FAIL: tp fill sz.000728-sell/profit-ztp-2019-11-26-am: price 8.3734039010709 not WAC+mult*sigma0 (WAC 9.74760385842681, sigma0 0.08893593404726627, cands [9.925475726521343, 10.014411660568609])
[   57.9s]     !! [F4R1-B] CHECK FAIL: tp fill sz.000728-sell/profit-ztp-2019-11-26-pm: price 8.3734039010709 not WAC+mult*sigma0 (WAC 9.74760385842681, sigma0 0.08893593404726627, cands [9.925475726521343, 10.014411660568609])
[   57.9s]     !! [F4R1-B] CHECK FAIL: tp fill sz.000728-sell/profit-ztp-2019-11-28-pm: price 8.3734039010709 not WAC+mult*sigma0 (WAC 9.74760385842681, sigma0 0.08893593404726627, cands [9.925475726521343, 10.014411660568609])
[   57.9s]     !! [F4R1-B] CHECK FAIL: tp fill sz.000728-sell/profit-ztp-2019-11-29-pm: price 8.360664467050103 not WAC+mult*sigma0 (WAC 9.74760385842681, sigma0 0.0825662170368685, cands [9.912736292500547, 9.995302509537416])
[   57.9s]     !! [F4R1-B] CHECK FAIL: tp fill sz.000728-sell/profit-ztp2-2019-11-29-pm: price 8.443230684086972 not WAC+mult*sigma0 (WAC 9.74760385842681, sigma0 0.0825662170368685, cands [9.912736292500547, 9.995302509537416])
[   57.9s]     !! [F4R1-B] CHECK FAIL: tp fill sh.600682-sell/profit-ztp-2019-12-05-pm: price 9.426638524564396 not WAC+mult*sigma0 (WAC 9.734846361144005, sigma0 0.14442568304293069, cands [10.023697727229866, 10.168123410272797])
[   57.9s]     !! [F4R1-B] CHECK FAIL: tp fill sh.600682-sell/profit-ztp2-2019-12-05-pm: price 9.571064207607327 not WAC+mult*sigma0 (WAC 9.734846361144005, sigma0 0.14442568304293069, cands [10.023697727229866, 10.168123410272797])
[   57.9s]     !! [F4R1-B] CHECK FAIL: tp fill sh.600153-sell/profit-ztp-2019-12-06-pm: price 8.450848922223825 not WAC+mult*sigma0 (WAC 7.84398831149576, sigma0 0.09389928148254989, cands [8.03178687446086, 8.12568615594341])
[   57.9s]     !! [F4R1-B] CHECK FAIL: tp fill sh.600153-sell/profit-ztp-2019-12-09-am: price 8.450848922223825 not WAC+mult*sigma0 (WAC 7.84398831149576, sigma0 0.09389928148254989, cands [8.03178687446086, 8.12568615594341])
[   57.9s]     !! [F4R1-B] CHECK FAIL: tp fill sh.600153-sell/profit-ztp-2019-12-09-pm: price 8.450848922223825 not WAC+mult*sigma0 (WAC 7.84398831149576, sigma0 0.09389928148254989, cands [8.03178687446086, 8.12568615594341])
[   57.9s]     !! [F4R1-B] CHECK FAIL: tp fill sh.600153-sell/profit-ztp-2019-12-10-am: price 8.450848922223825 not WAC+mult*sigma0 (WAC 7.84398831149576, sigma0 0.09389928148254989, cands [8.03178687446086, 8.12568615594341])
[   57.9s]     !! [F4R1-B] CHECK FAIL: tp fill sz.002274-sell/profit-ztp-2019-12-10-pm: price 6.103057894297597 not WAC+mult*sigma0 (WAC 6.569592820283596, sigma0 0.14203859619839793, cands [6.853670012680392, 6.99570860887879])
[   57.9s]     !! [F4R1-B] CHECK FAIL: tp fill sh.600153-sell/profit-ztp2-2019-12-10-pm: price 8.544748203706375 not WAC+mult*sigma0 (WAC 7.84398831149576, sigma0 0.09389928148254989, cands [8.03178687446086, 8.12568615594341])
[   57.9s]     !! [F4R1-B] CHECK FAIL: tp fill sh.600909-sell/profit-ztp-2019-12-10-pm: price 6.139937067915542 not WAC+mult*sigma0 (WAC 6.080558004621976, sigma0 0.06662471194369458, cands [6.213807428509365, 6.280432140453059])
[   57.9s]     !! [F4R1-B] CHECK FAIL: tp fill sh.600909-sell/profit-ztp-2019-12-12-pm: price 6.139937067915542 not WAC+mult*sigma0 (WAC 6.080558004621976, sigma0 0.06662471194369458, cands [6.213807428509365, 6.280432140453059])
[   57.9s]     !! [F4R1-B] CHECK FAIL: tp fill sh.600346-sell/profit-ztp-2019-12-12-pm: price 14.919463712072579 not WAC+mult*sigma0 (WAC 14.233433707757674, sigma0 0.2929758080483857, cands [14.819385323854446, 15.112361131902832])
[   57.9s]     !! [F4R1-B] CHECK FAIL: tp fill sh.600909-sell/profit-ztp-2019-12-13-am: price 6.139937067915542 not WAC+mult*sigma0 (WAC 6.080558004621976, sigma0 0.06662471194369458, cands [6.213807428509365, 6.280432140453059])
[   57.9s]     !! [F4R1-B] CHECK FAIL: tp fill sh.600909-sell/profit-ztp2-2019-12-13-am: price 6.2065617798592365 not WAC+mult*sigma0 (WAC 6.080558004621976, sigma0 0.06662471194369458, cands [6.213807428509365, 6.280432140453059])
[   57.9s]     !! [F4R1-B] CHECK FAIL: tp fill sh.600346-sell/profit-ztp-2019-12-13-am: price 14.919463712072579 not WAC+mult*sigma0 (WAC 14.233433707757674, sigma0 0.2929758080483857, cands [14.819385323854446, 15.112361131902832])
[   57.9s]     !! [F4R1-B] CHECK FAIL: tp fill sh.600346-sell/profit-ztp-2019-12-13-pm: price 14.919463712072579 not WAC+mult*sigma0 (WAC 14.233433707757674, sigma0 0.2929758080483857, cands [14.819385323854446, 15.112361131902832])
[   57.9s]     !! [F4R1-B] CHECK FAIL: tp fill sz.002274-sell/profit-ztp-2019-12-16-am: price 6.103057894297597 not WAC+mult*sigma0 (WAC 6.569592820283596, sigma0 0.14203859619839793, cands [6.853670012680392, 6.99570860887879])
[   57.9s]     !! [F4R1-B] CHECK FAIL: tp fill sz.002274-sell/profit-ztp-2019-12-16-pm: price 6.103057894297597 not WAC+mult*sigma0 (WAC 6.569592820283596, sigma0 0.14203859619839793, cands [6.853670012680392, 6.99570860887879])
[   57.9s]     !! [F4R1-B] CHECK FAIL: tp fill sz.002274-sell/profit-ztp-2019-12-17-am: price 6.103057894297597 not WAC+mult*sigma0 (WAC 6.569592820283596, sigma0 0.14203859619839793, cands [6.853670012680392, 6.99570860887879])
[   57.9s]     !! [F4R1-B] CHECK FAIL: tp fill sz.002274-sell/profit-ztp-2019-12-17-pm: price 6.103057894297597 not WAC+mult*sigma0 (WAC 6.569592820283596, sigma0 0.14203859619839793, cands [6.853670012680392, 6.99570860887879])
[   57.9s]     !! [F4R1-B] CHECK FAIL: tp fill sz.002274-sell/profit-ztp2-2019-12-17-pm: price 6.245096490495994 not WAC+mult*sigma0 (WAC 6.569592820283596, sigma0 0.14203859619839793, cands [6.853670012680392, 6.99570860887879])
[   57.9s]     !! [F4R1-B] CHECK FAIL: tp fill sh.600346-sell/profit-ztp2-2019-12-26-pm: price 15.212439520120965 not WAC+mult*sigma0 (WAC 14.233433707757674, sigma0 0.2929758080483857, cands [14.819385323854446, 15.112361131902832])
[   57.9s]     !! [F4R1-B] CHECK FAIL: tp fill sh.603609-sell/profit-ztp-2020-01-03-pm: price 12.317574063566298 not WAC+mult*sigma0 (WAC 12.081617290955801, sigma0 0.13838270904419872, cands [12.358382709044198, 12.496765418088398])
[   57.9s]     !! [F4R1-B] CHECK FAIL: tp fill sz.002746-sell/profit-ztp-2020-01-06-pm: price 16.260910756651477 not WAC+mult*sigma0 (WAC 18.569780519086997, sigma0 0.2539405044343175, cands [19.077661527955634, 19.33160203238995])
[   57.9s]     !! [F4R1-B] CHECK FAIL: tp fill sz.002746-sell/profit-ztp2-2020-01-06-pm: price 16.514851261085795 not WAC+mult*sigma0 (WAC 18.569780519086997, sigma0 0.2539405044343175, cands [19.077661527955634, 19.33160203238995])
[   57.9s]     !! [F4R1-B] CHECK FAIL: tp fill sz.000708-sell/profit-ztp-2020-01-06-pm: price 23.469608212370044 not WAC+mult*sigma0 (WAC 14.433958651127616, sigma0 0.4330721415800292, cands [15.300102934287676, 15.733175075867704])
[   57.9s]     !! [F4R1-B] CHECK FAIL: tp fill sz.000708-sell/profit-ztp2-2020-01-06-pm: price 23.902680353950075 not WAC+mult*sigma0 (WAC 14.433958651127616, sigma0 0.4330721415800292, cands [15.300102934287676, 15.733175075867704])
[   57.9s]     !! [F4R1-B] CHECK FAIL: tp fill sz.000090-sell/profit-ztp-2020-01-07-pm: price 5.39076167222839 not WAC+mult*sigma0 (WAC 7.585426989109069, sigma0 0.047174448152259275, cands [7.679775885413588, 7.726950333565847])
[   57.9s]     !! [F4R1-B] CHECK FAIL: tp fill sz.000090-sell/profit-ztp2-2020-01-07-pm: price 5.437936120380649 not WAC+mult*sigma0 (WAC 7.585426989109069, sigma0 0.047174448152259275, cands [7.679775885413588, 7.726950333565847])
[   57.9s]     !! [F4R1-B] CHECK FAIL: tp fill sh.601058-sell/profit-ztp-2020-01-09-am: price 4.607667402168292 not WAC+mult*sigma0 (WAC 4.056393024497818, sigma0 0.05844493477886103, cands [4.17328289405554, 4.231727828834401])
[   57.9s]     !! [F4R1-B] CHECK FAIL: tp fill sh.600233-sell/profit-ztp-2020-01-09-pm: price 12.957169031346307 not WAC+mult*sigma0 (WAC 12.693553979102463, sigma0 0.13144602089753776, cands [12.956446020897538, 13.087892041795076])
[   57.9s]     !! [F4R1-B] CHECK FAIL: tp fill sh.601058-sell/profit-ztp-2020-01-09-pm: price 4.607667402168292 not WAC+mult*sigma0 (WAC 4.056393024497818, sigma0 0.05844493477886103, cands [4.17328289405554, 4.231727828834401])
[   57.9s]     !! [F4R1-B] CHECK FAIL: tp fill sh.601886-sell/profit-ztp-2020-01-09-pm: price 7.681773226751745 not WAC+mult*sigma0 (WAC 7.365578307511351, sigma0 0.08784881783449734, cands [7.541275943180345, 7.629124761014843])
[   57.9s]     !! [F4R1-B] CHECK FAIL: tp fill sh.601886-sell/profit-ztp2-2020-01-09-pm: price 7.769622044586243 not WAC+mult*sigma0 (WAC 7.365578307511351, sigma0 0.08784881783449734, cands [7.541275943180345, 7.629124761014843])
[   57.9s]     !! [F4R1-B] CHECK FAIL: tp fill sh.601058-sell/profit-ztp-2020-01-13-am: price 4.607667402168292 not WAC+mult*sigma0 (WAC 4.056393024497818, sigma0 0.05844493477886103, cands [4.17328289405554, 4.231727828834401])
[   57.9s]     !! [F4R1-B] CHECK FAIL: tp fill sh.601058-sell/profit-ztp-2020-01-13-pm: price 4.607667402168292 not WAC+mult*sigma0 (WAC 4.056393024497818, sigma0 0.05844493477886103, cands [4.17328289405554, 4.231727828834401])
[   57.9s]     !! [F4R1-B] CHECK FAIL: tp fill sh.601058-sell/profit-ztp2-2020-01-13-pm: price 4.666112336947153 not WAC+mult*sigma0 (WAC 4.056393024497818, sigma0 0.05844493477886103, cands [4.17328289405554, 4.231727828834401])
[   57.9s]     !! [F4R1-B] CHECK FAIL: tp fill sh.600926-sell/profit-ztp-2020-01-13-pm: price 9.611611538731454 not WAC+mult*sigma0 (WAC 11.383910643122265, sigma0 0.0810743591543018, cands [11.546059361430869, 11.62713372058517])
[   57.9s]     !! [F4R1-B] CHECK FAIL: tp fill sh.600926-sell/profit-ztp2-2020-01-13-pm: price 9.692685897885756 not WAC+mult*sigma0 (WAC 11.383910643122265, sigma0 0.0810743591543018, cands [11.546059361430869, 11.62713372058517])
[   57.9s]     !! [F4R1-B] CHECK FAIL: tp fill sz.000543-sell/profit-ztp-2020-01-14-pm: price 4.819134762621252 not WAC+mult*sigma0 (WAC 4.793075324899854, sigma0 0.05942317508083448, cands [4.911921675061523, 4.971344850142357])
[   57.9s]     !! [F4R1-B] CHECK FAIL: tp fill sz.000550-sell/profit-ztp-2020-01-17-pm: price 16.029410097955022 not WAC+mult*sigma0 (WAC 25.642868505549675, sigma0 0.24627339863668107, cands [26.135415302823038, 26.38168870145972])
[   57.9s]     !! [F4R1-B] CHECK FAIL: tp fill sh.603708-sell/profit-ztp-2020-02-04-am: price 23.10297802213503 not WAC+mult*sigma0 (WAC 20.117371089122166, sigma0 0.40397069618004067, cands [20.925312481482248, 21.329283177662287])
[   57.9s]     !! [F4R1-B] CHECK FAIL: tp fill sh.603708-sell/profit-ztp-2020-02-04-pm: price 23.10297802213503 not WAC+mult*sigma0 (WAC 20.117371089122166, sigma0 0.40397069618004067, cands [20.925312481482248, 21.329283177662287])
[   57.9s]     !! [F4R1-B] CHECK FAIL: tp fill sh.603708-sell/profit-ztp-2020-02-05-am: price 23.10297802213503 not WAC+mult*sigma0 (WAC 20.117371089122166, sigma0 0.40397069618004067, cands [20.925312481482248, 21.329283177662287])
[   57.9s]     !! [F4R1-B] CHECK FAIL: tp fill sh.603708-sell/profit-ztp-2020-02-05-pm: price 23.10297802213503 not WAC+mult*sigma0 (WAC 20.117371089122166, sigma0 0.40397069618004067, cands [20.925312481482248, 21.329283177662287])
[   57.9s]     !! [F4R1-B] CHECK FAIL: tp fill sh.603708-sell/profit-ztp2-2020-02-06-am: price 23.50694871831507 not WAC+mult*sigma0 (WAC 20.117371089122166, sigma0 0.40397069618004067, cands [20.925312481482248, 21.329283177662287])
[   57.9s]     !! [F4R1-B] CHECK FAIL: tp fill sh.600337-sell/profit-ztp-2020-02-06-pm: price 4.341096177591688 not WAC+mult*sigma0 (WAC 4.924575979030072, sigma0 0.10156596798812693, cands [5.127707915006326, 5.229273882994453])
[   57.9s]     !! [F4R1-B] CHECK FAIL: tp fill sh.600337-sell/profit-ztp2-2020-02-06-pm: price 4.442662145579815 not WAC+mult*sigma0 (WAC 4.924575979030072, sigma0 0.10156596798812693, cands [5.127707915006326, 5.229273882994453])
[   57.9s]     !! [F4R1-B] CHECK FAIL: tp fill sh.600015-sell/profit-ztp-2020-02-07-am: price 7.145192153906134 not WAC+mult*sigma0 (WAC 7.324725764380961, sigma0 0.043461435937423465, cands [7.4116486362558085, 7.455110072193231])
[   57.9s]     !! [F4R1-B] CHECK FAIL: tp fill sh.600015-sell/profit-ztp-2020-02-10-pm: price 7.145192153906134 not WAC+mult*sigma0 (WAC 7.324725764380961, sigma0 0.043461435937423465, cands [7.4116486362558085, 7.455110072193231])
[   57.9s]     !! [F4R1-B] CHECK FAIL: tp fill sh.600015-sell/profit-ztp-2020-02-17-am: price 7.145192153906134 not WAC+mult*sigma0 (WAC 7.324725764380961, sigma0 0.043461435937423465, cands [7.4116486362558085, 7.455110072193231])
[   57.9s]     !! [F4R1-B] CHECK FAIL: tp fill sh.600015-sell/profit-ztp-2020-02-17-pm: price 7.145192153906134 not WAC+mult*sigma0 (WAC 7.324725764380961, sigma0 0.043461435937423465, cands [7.4116486362558085, 7.455110072193231])
[   57.9s]     !! [F4R1-B] CHECK FAIL: tp fill sh.600015-sell/profit-ztp2-2020-02-17-pm: price 7.1886535898435575 not WAC+mult*sigma0 (WAC 7.324725764380961, sigma0 0.043461435937423465, cands [7.4116486362558085, 7.455110072193231])
[   57.9s]     !! [F4R1-B] CHECK FAIL: tp fill sh.601717-sell/profit-ztp-2020-03-04-pm: price 6.5098400586393526 not WAC+mult*sigma0 (WAC 6.2407363522016865, sigma0 0.17989337242623446, cands [6.600523097054156, 6.7804164694803895])
[   57.9s]     !! [F4R1-B] CHECK FAIL: tp fill sh.601717-sell/profit-ztp-2020-03-05-am: price 6.5098400586393526 not WAC+mult*sigma0 (WAC 6.2407363522016865, sigma0 0.17989337242623446, cands [6.600523097054156, 6.7804164694803895])
[   57.9s]     !! [F4R1-B] CHECK FAIL: tp fill sh.601717-sell/profit-ztp2-2020-03-05-am: price 6.689733431065587 not WAC+mult*sigma0 (WAC 6.2407363522016865, sigma0 0.17989337242623446, cands [6.600523097054156, 6.7804164694803895])
[   57.9s]     !! [F4R1-B] CHECK FAIL: tp fill sz.000966-sell/profit-ztp-2020-03-10-am: price 4.514856144538008 not WAC+mult*sigma0 (WAC 4.736046134528423, sigma0 0.12323742969200573, cands [4.982520993912434, 5.10575842360444])
[   57.9s]     !! [F4R1-B] CHECK FAIL: tp fill sh.603360-sell/profit-ztp-2020-04-01-pm: price 25.17041990425837 not WAC+mult*sigma0 (WAC 29.392623919076588, sigma0 0.6402799361722477, cands [30.67318379142108, 31.31346372759333])
[   57.9s]     !! [F4R1-B] CHECK FAIL: tp fill sh.603360-sell/profit-ztp2-2020-04-02-pm: price 25.81069984043062 not WAC+mult*sigma0 (WAC 29.392623919076588, sigma0 0.6402799361722477, cands [30.67318379142108, 31.31346372759333])
[   57.9s]     !! [F4R1-B] CHECK FAIL: tp fill sh.600761-sell/profit-ztp-2020-04-08-pm: price 9.506606495192408 not WAC+mult*sigma0 (WAC 9.900036749817472, sigma0 0.19107099679493797, cands [10.282178743407348, 10.473249740202286])
[   57.9s]     !! [F4R1-B] CHECK FAIL: tp fill sz.002091-sell/profit-ztp-2020-04-09-pm: price 6.19991206525603 not WAC+mult*sigma0 (WAC 12.394045828537564, sigma0 0.16660804350402023, cands [12.727261915545604, 12.893869959049624])
[   57.9s]     !! [F4R1-B] CHECK FAIL: tp fill sz.002091-sell/profit-ztp2-2020-04-09-pm: price 6.366520108760051 not WAC+mult*sigma0 (WAC 12.394045828537564, sigma0 0.16660804350402023, cands [12.727261915545604, 12.893869959049624])
[   57.9s]     !! [F4R1-B] CHECK FAIL: tp fill sh.600761-sell/profit-ztp-2020-04-10-pm: price 9.506606495192408 not WAC+mult*sigma0 (WAC 9.900036749817472, sigma0 0.19107099679493797, cands [10.282178743407348, 10.473249740202286])
[   57.9s]     !! [F4R1-B] CHECK FAIL: tp fill sh.600761-sell/profit-ztp2-2020-04-10-pm: price 9.697677491987346 not WAC+mult*sigma0 (WAC 9.900036749817472, sigma0 0.19107099679493797, cands [10.282178743407348, 10.473249740202286])
[   57.9s]     !! [F4R1-B] CHECK FAIL: tp fill sh.603313-sell/profit-ztp-2020-04-14-pm: price 18.996853824347838 not WAC+mult*sigma0 (WAC 21.67397044911536, sigma0 0.7445692162318905, cands [23.16310888157914, 23.90767809781103])
[   57.9s]     !! [F4R1-B] CHECK FAIL: tp fill sh.603313-sell/profit-ztp2-2020-04-16-pm: price 19.741423040579726 not WAC+mult*sigma0 (WAC 21.67397044911536, sigma0 0.7445692162318905, cands [23.16310888157914, 23.90767809781103])
[   57.9s]     !! [F4R1-B] CHECK FAIL: tp fill sh.600926-sell/profit-ztp-2020-04-28-pm: price 7.940489145664817 not WAC+mult*sigma0 (WAC 10.7432122959776, sigma0 0.1469927637765448, cands [11.03719782353069, 11.184190587307233])
[   57.9s]     !! [F4R1-B] CHECK FAIL: tp fill sz.002244-sell/profit-ztp-2020-04-28-pm: price 4.3810876393935105 not WAC+mult*sigma0 (WAC 5.167094716990349, sigma0 0.12072509292900688, cands [5.408544902848363, 5.52926999577737])
[   57.9s]     !! [F4R1-B] CHECK FAIL: tp fill sh.601058-sell/profit-ztp-2020-04-28-pm: price 4.2981558175175785 not WAC+mult*sigma0 (WAC 4.0510878512666455, sigma0 0.13210387834505274, cands [4.315295607956751, 4.447399486301804])
[   57.9s]     !! [F4R1-B] CHECK FAIL: tp fill sh.600926-sell/profit-ztp-2020-04-29-am: price 7.940489145664817 not WAC+mult*sigma0 (WAC 10.7432122959776, sigma0 0.1469927637765448, cands [11.03719782353069, 11.184190587307233])
[   57.9s]     !! [F4R1-B] CHECK FAIL: tp fill sz.002244-sell/profit-ztp-2020-04-29-am: price 4.3810876393935105 not WAC+mult*sigma0 (WAC 5.167094716990349, sigma0 0.12072509292900688, cands [5.408544902848363, 5.52926999577737])
[   57.9s]     !! [F4R1-B] CHECK FAIL: tp fill sh.601058-sell/profit-ztp-2020-04-29-am: price 4.2981558175175785 not WAC+mult*sigma0 (WAC 4.0510878512666455, sigma0 0.13210387834505274, cands [4.315295607956751, 4.447399486301804])
[   57.9s]     !! [F4R1-B] CHECK FAIL: tp fill sh.600926-sell/profit-ztp-2020-04-29-pm: price 7.940489145664817 not WAC+mult*sigma0 (WAC 10.7432122959776, sigma0 0.1469927637765448, cands [11.03719782353069, 11.184190587307233])
[   57.9s]     !! [F4R1-B] CHECK FAIL: tp fill sh.600926-sell/profit-ztp2-2020-04-29-pm: price 8.087481909441362 not WAC+mult*sigma0 (WAC 10.7432122959776, sigma0 0.1469927637765448, cands [11.03719782353069, 11.184190587307233])
[   57.9s]     !! [F4R1-B] CHECK FAIL: tp fill sz.002244-sell/profit-ztp-2020-04-29-pm: price 4.3810876393935105 not WAC+mult*sigma0 (WAC 5.167094716990349, sigma0 0.12072509292900688, cands [5.408544902848363, 5.52926999577737])
[   57.9s]     !! [F4R1-B] CHECK FAIL: tp fill sh.601058-sell/profit-ztp-2020-04-29-pm: price 4.2981558175175785 not WAC+mult*sigma0 (WAC 4.0510878512666455, sigma0 0.13210387834505274, cands [4.315295607956751, 4.447399486301804])
[   57.9s]     !! [F4R1-B] CHECK FAIL: tp fill sh.601058-sell/profit-ztp2-2020-04-29-pm: price 4.430259695862632 not WAC+mult*sigma0 (WAC 4.0510878512666455, sigma0 0.13210387834505274, cands [4.315295607956751, 4.447399486301804])
[   57.9s]     !! [F4R1-B] CHECK FAIL: tp fill sz.002244-sell/profit-ztp-2020-04-30-am: price 4.3810876393935105 not WAC+mult*sigma0 (WAC 5.167094716990349, sigma0 0.12072509292900688, cands [5.408544902848363, 5.52926999577737])
[   57.9s]     !! [F4R1-B] CHECK FAIL: tp fill sz.000402-sell/profit-ztp-2020-04-30-am: price 6.822355855144741 not WAC+mult*sigma0 (WAC 7.955965423939258, sigma0 0.12157057009649398, cands [8.199106564132245, 8.32067713422874])
[   57.9s]     !! [F4R1-B] CHECK FAIL: tp fill sz.000402-sell/profit-ztp2-2020-04-30-am: price 6.9439264252412345 not WAC+mult*sigma0 (WAC 7.955965423939258, sigma0 0.12157057009649398, cands [8.199106564132245, 8.32067713422874])
[   57.9s]     !! [F4R1-B] CHECK FAIL: tp fill sz.000983-sell/profit-ztp-2020-05-08-pm: price 4.819008206788269 not WAC+mult*sigma0 (WAC 5.531488533687957, sigma0 0.05933880452551224, cands [5.650166142738982, 5.709504947264494])
[   57.9s]     !! [F4R1-B] CHECK FAIL: tp fill sh.600682-sell/profit-ztp-2020-05-13-am: price 8.412783639414862 not WAC+mult*sigma0 (WAC 8.991593478134797, sigma0 0.16185575960990747, cands [9.315304997354612, 9.477160756964519])
[   57.9s]     !! [F4R1-B] CHECK FAIL: tp fill sh.600682-sell/profit-ztp2-2020-05-13-am: price 8.574639399024768 not WAC+mult*sigma0 (WAC 8.991593478134797, sigma0 0.16185575960990747, cands [9.315304997354612, 9.477160756964519])
[   57.9s]     !! [F4R1-B] CHECK FAIL: tp fill sz.000983-sell/profit-ztp-2020-05-26-pm: price 4.819008206788269 not WAC+mult*sigma0 (WAC 5.531488533687957, sigma0 0.05933880452551224, cands [5.650166142738982, 5.709504947264494])
[   57.9s]     !! [F4R1-B] CHECK FAIL: tp fill sz.000983-sell/profit-ztp-2020-05-27-am: price 4.819008206788269 not WAC+mult*sigma0 (WAC 5.531488533687957, sigma0 0.05933880452551224, cands [5.650166142738982, 5.709504947264494])
[   57.9s]     !! [F4R1-B] CHECK FAIL: tp fill sz.000983-sell/profit-ztp-2020-05-27-pm: price 4.819008206788269 not WAC+mult*sigma0 (WAC 5.531488533687957, sigma0 0.05933880452551224, cands [5.650166142738982, 5.709504947264494])
[   57.9s]     !! [F4R1-B] CHECK FAIL: tp fill sz.000983-sell/profit-ztp-2020-05-29-am: price 4.819008206788269 not WAC+mult*sigma0 (WAC 5.531488533687957, sigma0 0.05933880452551224, cands [5.650166142738982, 5.709504947264494])
[   57.9s]     !! [F4R1-B] CHECK FAIL: tp fill sz.002369-sell/profit-ztp-2020-05-29-am: price 9.157085009010943 not WAC+mult*sigma0 (WAC 9.003553236586013, sigma0 0.2820850090109423, cands [9.567723254607898, 9.84980826361884])
[   57.9s]     !! [F4R1-B] CHECK FAIL: tp fill sh.600409-sell/profit-ztp-2020-06-02-pm: price 4.772628887412553 not WAC+mult*sigma0 (WAC 5.366796968403963, sigma0 0.05508592494170197, cands [5.476968818287367, 5.532054743229069])
[   57.9s]     !! [F4R1-B] CHECK FAIL: tp fill sh.600409-sell/profit-ztp2-2020-06-02-pm: price 4.827714812354255 not WAC+mult*sigma0 (WAC 5.366796968403963, sigma0 0.05508592494170197, cands [5.476968818287367, 5.532054743229069])
[   57.9s]     !! [F4R1-B] CHECK FAIL: tp fill sh.600390-sell/profit-ztp-2020-06-10-pm: price 6.9741026708872464 not WAC+mult*sigma0 (WAC 7.472399792301865, sigma0 0.08940178059149792, cands [7.651203353484861, 7.740605134076359])
[   57.9s]     !! [F4R1-B] CHECK FAIL: tp fill sh.600390-sell/profit-ztp2-2020-06-10-pm: price 7.063504451478745 not WAC+mult*sigma0 (WAC 7.472399792301865, sigma0 0.08940178059149792, cands [7.651203353484861, 7.740605134076359])
[   57.9s]     !! [F4R1-B] CHECK FAIL: tp fill sh.600373-sell/profit-ztp-2020-06-12-am: price 11.96306918654709 not WAC+mult*sigma0 (WAC 11.802952790613695, sigma0 0.178069186547088, cands [12.15909116370787, 12.337160350254958])
[   57.9s]     !! [F4R1-B] CHECK FAIL: tp fill sh.600373-sell/profit-ztp-2020-06-12-pm: price 11.96306918654709 not WAC+mult*sigma0 (WAC 11.802952790613695, sigma0 0.178069186547088, cands [12.15909116370787, 12.337160350254958])
[   57.9s]     !! [F4R1-B] CHECK FAIL: tp fill sh.600373-sell/profit-ztp2-2020-06-12-pm: price 12.141138373094178 not WAC+mult*sigma0 (WAC 11.802952790613695, sigma0 0.178069186547088, cands [12.15909116370787, 12.337160350254958])
[   57.9s]     !! [F4R1-B] CHECK FAIL: tp fill sh.600782-sell/profit-ztp-2020-06-15-pm: price 4.185316665250708 not WAC+mult*sigma0 (WAC 4.1530905469232415, sigma0 0.050211110167138556, cands [4.253512767257519, 4.303723877424657])
[   57.9s]     !! [F4R1-B] CHECK FAIL: tp fill sh.600782-sell/profit-ztp2-2020-06-15-pm: price 4.235527775417847 not WAC+mult*sigma0 (WAC 4.1530905469232415, sigma0 0.050211110167138556, cands [4.253512767257519, 4.303723877424657])
[   57.9s]     !! [F4R1-B] CHECK FAIL: tp fill sh.600664-sell/profit-ztp-2020-06-15-pm: price 3.595323556253301 not WAC+mult*sigma0 (WAC 3.552110469873302, sigma0 0.036882370835533564, cands [3.625875211544369, 3.6627575823799026])
[   57.9s]     !! [F4R1-B] CHECK FAIL: tp fill sh.600664-sell/profit-ztp2-2020-06-15-pm: price 3.6322059270888345 not WAC+mult*sigma0 (WAC 3.552110469873302, sigma0 0.036882370835533564, cands [3.625875211544369, 3.6627575823799026])
[   57.9s]     !! [F4R1-B] CHECK FAIL: tp fill sh.600739-sell/profit-ztp-2020-06-16-pm: price 19.781730423355587 not WAC+mult*sigma0 (WAC 14.704494631105842, sigma0 0.3011536155703921, cands [15.306801862246626, 15.607955477817018])
[   57.9s]     !! [F4R1-B] CHECK FAIL: tp fill sh.601700-sell/profit-ztp-2020-06-19-am: price 5.383203561962124 not WAC+mult*sigma0 (WAC 5.471773256736535, sigma0 0.06880237464141581, cands [5.609378006019367, 5.678180380660782])
[   57.9s]     !! [F4R1-B] CHECK FAIL: tp fill sh.601700-sell/profit-ztp2-2020-06-19-am: price 5.452005936603539 not WAC+mult*sigma0 (WAC 5.471773256736535, sigma0 0.06880237464141581, cands [5.609378006019367, 5.678180380660782])
[   57.9s]     !! [F4R1-B] CHECK FAIL: tp fill sh.600864-sell/profit-ztp-2020-06-19-pm: price 6.582145931070345 not WAC+mult*sigma0 (WAC 6.275737532504056, sigma0 0.10809728738022996, cands [6.491932107264517, 6.600029394644746])
[   57.9s]     !! [F4R1-B] CHECK FAIL: tp fill sh.600864-sell/profit-ztp2-2020-06-19-pm: price 6.690243218450575 not WAC+mult*sigma0 (WAC 6.275737532504056, sigma0 0.10809728738022996, cands [6.491932107264517, 6.600029394644746])
[   57.9s]     !! [F4R1-B] CHECK FAIL: tp fill sh.601058-sell/profit-ztp-2020-07-01-pm: price 3.609843926630209 not WAC+mult*sigma0 (WAC 3.8456994162128773, sigma0 0.05322928442013933, cands [3.952157985053156, 4.005387269473295])
[   57.9s]     !! [F4R1-B] CHECK FAIL: tp fill sh.601328-sell/profit-ztp-2020-07-01-pm: price 5.165098560724099 not WAC+mult*sigma0 (WAC 5.135767980101246, sigma0 0.023399040482732177, cands [5.18256606106671, 5.205965101549443])
[   57.9s]     !! [F4R1-B] CHECK FAIL: tp fill sh.601328-sell/profit-ztp2-2020-07-01-pm: price 5.188497601206831 not WAC+mult*sigma0 (WAC 5.135767980101246, sigma0 0.023399040482732177, cands [5.18256606106671, 5.205965101549443])
[   57.9s]     !! [F4R1-B] CHECK FAIL: tp fill sh.601058-sell/profit-ztp-2020-07-02-am: price 3.609843926630209 not WAC+mult*sigma0 (WAC 3.8456994162128773, sigma0 0.05322928442013933, cands [3.952157985053156, 4.005387269473295])
[   57.9s]     !! [F4R1-B] CHECK FAIL: tp fill sz.000528-sell/profit-ztp-2020-07-02-am: price 6.543063477727556 not WAC+mult*sigma0 (WAC 6.393526703488781, sigma0 0.06204231848503737, cands [6.517611340458855, 6.579653658943893])
[   57.9s]     !! [F4R1-B] CHECK FAIL: tp fill sz.002665-sell/profit-ztp-2020-07-02-am: price 2.4978567061351478 not WAC+mult*sigma0 (WAC 2.4781941877845934, sigma0 0.038571137423431934, cands [2.555336462631457, 2.593907600054889])
[   57.9s]     !! [F4R1-B] CHECK FAIL: tp fill sh.601058-sell/profit-ztp-2020-07-02-pm: price 3.609843926630209 not WAC+mult*sigma0 (WAC 3.8456994162128773, sigma0 0.05322928442013933, cands [3.952157985053156, 4.005387269473295])
[   57.9s]     !! [F4R1-B] CHECK FAIL: tp fill sh.601058-sell/profit-ztp2-2020-07-02-pm: price 3.663073211050348 not WAC+mult*sigma0 (WAC 3.8456994162128773, sigma0 0.05322928442013933, cands [3.952157985053156, 4.005387269473295])
[   57.9s]     !! [F4R1-B] CHECK FAIL: tp fill sz.000703-sell/profit-ztp-2020-07-02-pm: price 9.308911268648895 not WAC+mult*sigma0 (WAC 12.262217881239287, sigma0 0.11927417909926348, cands [12.500766239437814, 12.620040418537078])
[   57.9s]     !! [F4R1-B] CHECK FAIL: tp fill sz.000703-sell/profit-ztp2-2020-07-02-pm: price 9.42818544774816 not WAC+mult*sigma0 (WAC 12.262217881239287, sigma0 0.11927417909926348, cands [12.500766239437814, 12.620040418537078])
[   57.9s]     !! [F4R1-B] CHECK FAIL: tp fill sz.000528-sell/profit-ztp-2020-07-02-pm: price 6.543063477727556 not WAC+mult*sigma0 (WAC 6.393526703488781, sigma0 0.06204231848503737, cands [6.517611340458855, 6.579653658943893])
[   57.9s]     !! [F4R1-B] CHECK FAIL: tp fill sz.000528-sell/profit-ztp2-2020-07-02-pm: price 6.605105796212594 not WAC+mult*sigma0 (WAC 6.393526703488781, sigma0 0.06204231848503737, cands [6.517611340458855, 6.579653658943893])
[   57.9s]     !! [F4R1-B] CHECK FAIL: tp fill sz.002665-sell/profit-ztp-2020-07-02-pm: price 2.4978567061351478 not WAC+mult*sigma0 (WAC 2.4781941877845934, sigma0 0.038571137423431934, cands [2.555336462631457, 2.593907600054889])
[   57.9s]     !! [F4R1-B] CHECK FAIL: tp fill sz.002665-sell/profit-ztp2-2020-07-02-pm: price 2.5364278435585796 not WAC+mult*sigma0 (WAC 2.4781941877845934, sigma0 0.038571137423431934, cands [2.555336462631457, 2.593907600054889])
[   57.9s]     !! [F4R1-B] CHECK FAIL: tp fill sh.603008-sell/profit-ztp-2020-07-03-pm: price 11.292139227459614 not WAC+mult*sigma0 (WAC 10.983782241652225, sigma0 0.24213922745961458, cands [11.468060696571454, 11.71019992403107])
[   57.9s]     !! [F4R1-B] CHECK FAIL: tp fill sh.600390-sell/profit-ztp-2020-07-03-pm: price 7.594012494504559 not WAC+mult*sigma0 (WAC 7.463555004771184, sigma0 0.07600832966970593, cands [7.615571664110596, 7.6915799937803015])
[   57.9s]     !! [F4R1-B] CHECK FAIL: tp fill sh.600390-sell/profit-ztp2-2020-07-03-pm: price 7.670020824174265 not WAC+mult*sigma0 (WAC 7.463555004771184, sigma0 0.07600832966970593, cands [7.615571664110596, 7.6915799937803015])
[   57.9s]     !! [F4R1-B] CHECK FAIL: tp fill sh.603008-sell/profit-ztp-2020-07-06-am: price 11.292139227459614 not WAC+mult*sigma0 (WAC 10.983782241652225, sigma0 0.24213922745961458, cands [11.468060696571454, 11.71019992403107])
[   57.9s]     !! [F4R1-B] CHECK FAIL: tp fill sh.603008-sell/profit-ztp-2020-07-06-pm: price 11.292139227459614 not WAC+mult*sigma0 (WAC 10.983782241652225, sigma0 0.24213922745961458, cands [11.468060696571454, 11.71019992403107])
[   57.9s]     !! [F4R1-B] CHECK FAIL: tp fill sh.603008-sell/profit-ztp-2020-07-07-am: price 11.292139227459614 not WAC+mult*sigma0 (WAC 10.983782241652225, sigma0 0.24213922745961458, cands [11.468060696571454, 11.71019992403107])
[   57.9s]     !! [F4R1-B] CHECK FAIL: tp fill sh.603008-sell/profit-ztp2-2020-07-07-am: price 11.534278454919228 not WAC+mult*sigma0 (WAC 10.983782241652225, sigma0 0.24213922745961458, cands [11.468060696571454, 11.71019992403107])
[   57.9s]     !! [F4R1-B] CHECK FAIL: tp fill sh.600782-sell/profit-ztp-2020-07-07-pm: price 4.652246373033308 not WAC+mult*sigma0 (WAC 4.259373299784224, sigma0 0.06816424868887262, cands [4.395701797161969, 4.463866045850842])
[   57.9s]     !! [F4R1-B] CHECK FAIL: tp fill sh.600782-sell/profit-ztp-2020-07-08-am: price 4.652246373033308 not WAC+mult*sigma0 (WAC 4.259373299784224, sigma0 0.06816424868887262, cands [4.395701797161969, 4.463866045850842])
[   57.9s]     !! [F4R1-B] CHECK FAIL: tp fill sh.601009-sell/profit-ztp-2020-07-08-pm: price 8.51391911159992 not WAC+mult*sigma0 (WAC 8.337387258933388, sigma0 0.0826127410666123, cands [8.502612741066613, 8.585225482133225])
[   57.9s]     !! [F4R1-B] CHECK FAIL: tp fill sh.600782-sell/profit-ztp-2020-07-08-pm: price 4.652246373033308 not WAC+mult*sigma0 (WAC 4.259373299784224, sigma0 0.06816424868887262, cands [4.395701797161969, 4.463866045850842])
[   57.9s]     !! [F4R1-B] CHECK FAIL: tp fill sh.601997-sell/profit-ztp-2020-07-09-am: price 8.54269387990903 not WAC+mult*sigma0 (WAC 8.495664762272575, sigma0 0.09269387990903233, cands [8.68105252209064, 8.773746401999672])
[   57.9s]     !! [F4R1-B] CHECK FAIL: tp fill sh.600782-sell/profit-ztp-2020-07-09-am: price 4.652246373033308 not WAC+mult*sigma0 (WAC 4.259373299784224, sigma0 0.06816424868887262, cands [4.395701797161969, 4.463866045850842])
[   57.9s]     !! [F4R1-B] CHECK FAIL: tp fill sh.600782-sell/profit-ztp2-2020-07-09-am: price 4.720410621722181 not WAC+mult*sigma0 (WAC 4.259373299784224, sigma0 0.06816424868887262, cands [4.395701797161969, 4.463866045850842])
[   57.9s]     !! [F4R1-B] CHECK FAIL: tp fill sh.600928-sell/profit-ztp-2020-07-13-am: price 6.1545449589926555 not WAC+mult*sigma0 (WAC 5.8536022049759024, sigma0 0.04454495899265508, cands [5.942692122961213, 5.987237081953868])
[   57.9s]     !! [F4R1-B] CHECK FAIL: tp fill sh.600742-sell/profit-ztp-2020-08-04-pm: price 11.34865151399698 not WAC+mult*sigma0 (WAC 15.265015991617886, sigma0 0.3191010093313204, cands [15.903218010280527, 16.22231901961185])
[   57.9s]     !! [F4R1-B] CHECK FAIL: tp fill sh.600742-sell/profit-ztp-2020-08-05-pm: price 11.34865151399698 not WAC+mult*sigma0 (WAC 15.265015991617886, sigma0 0.3191010093313204, cands [15.903218010280527, 16.22231901961185])
[   57.9s]     !! [F4R1-B] CHECK FAIL: tp fill sh.600510-sell/profit-ztp-2020-08-05-pm: price 8.627752322883033 not WAC+mult*sigma0 (WAC 8.483689864098393, sigma0 0.21183488192202116, cands [8.907359627942435, 9.119194509864457])
[   57.9s]     !! [F4R1-B] CHECK FAIL: tp fill sh.600510-sell/profit-ztp2-2020-08-05-pm: price 8.839587204805055 not WAC+mult*sigma0 (WAC 8.483689864098393, sigma0 0.21183488192202116, cands [8.907359627942435, 9.119194509864457])
[   57.9s]     !! [F4R1-B] CHECK FAIL: tp fill sh.600742-sell/profit-ztp-2020-08-12-pm: price 11.34865151399698 not WAC+mult*sigma0 (WAC 15.265015991617886, sigma0 0.3191010093313204, cands [15.903218010280527, 16.22231901961185])
[   57.9s]     !! [F4R1-B] CHECK FAIL: tp fill sh.600742-sell/profit-ztp2-2020-08-12-pm: price 11.6677525233283 not WAC+mult*sigma0 (WAC 15.265015991617886, sigma0 0.3191010093313204, cands [15.903218010280527, 16.22231901961185])
[   57.9s]     !! [F4R1-B] CHECK FAIL: tp fill sz.002267-sell/profit-ztp-2020-08-17-pm: price 7.069225270017454 not WAC+mult*sigma0 (WAC 8.528993773936486, sigma0 0.15281684667830317, cands [8.834627467293092, 8.987444313971396])
[   57.9s]     !! [F4R1-B] CHECK FAIL: tp fill sz.002267-sell/profit-ztp-2020-08-18-am: price 7.069225270017454 not WAC+mult*sigma0 (WAC 8.528993773936486, sigma0 0.15281684667830317, cands [8.834627467293092, 8.987444313971396])
[   57.9s]     !! [F4R1-B] CHECK FAIL: tp fill sz.002267-sell/profit-ztp-2020-08-18-pm: price 7.069225270017454 not WAC+mult*sigma0 (WAC 8.528993773936486, sigma0 0.15281684667830317, cands [8.834627467293092, 8.987444313971396])
[   57.9s]     !! [F4R1-B] CHECK FAIL: tp fill sz.002267-sell/profit-ztp-2020-08-19-am: price 7.069225270017454 not WAC+mult*sigma0 (WAC 8.528993773936486, sigma0 0.15281684667830317, cands [8.834627467293092, 8.987444313971396])
[   57.9s]     !! [F4R1-B] CHECK FAIL: tp fill sz.002267-sell/profit-ztp-2020-08-19-pm: price 7.069225270017454 not WAC+mult*sigma0 (WAC 8.528993773936486, sigma0 0.15281684667830317, cands [8.834627467293092, 8.987444313971396])
[   57.9s]     !! [F4R1-B] CHECK FAIL: tp fill sh.600322-sell/profit-ztp-2020-08-20-pm: price 2.9241237440026655 not WAC+mult*sigma0 (WAC 3.6211729174375678, sigma0 0.07608249600177686, cands [3.7733379094411212, 3.849420405442898])
[   57.9s]     !! [F4R1-B] CHECK FAIL: tp fill sh.600322-sell/profit-ztp-2020-08-21-am: price 2.9241237440026655 not WAC+mult*sigma0 (WAC 3.6211729174375678, sigma0 0.07608249600177686, cands [3.7733379094411212, 3.849420405442898])
[   57.9s]     !! [F4R1-B] CHECK FAIL: tp fill sh.600322-sell/profit-ztp2-2020-08-21-am: price 3.000206240004442 not WAC+mult*sigma0 (WAC 3.6211729174375678, sigma0 0.07608249600177686, cands [3.7733379094411212, 3.849420405442898])
[   57.9s]     !! [F4R1-B] CHECK FAIL: tp fill sh.603556-sell/profit-ztp-2020-08-28-pm: price 15.33203832666259 not WAC+mult*sigma0 (WAC 20.20232047607664, sigma0 0.3280255511083926, cands [20.858371578293426, 21.18639712940182])
[   57.9s]     !! [F4R1-B] CHECK FAIL: tp fill sh.603556-sell/profit-ztp-2020-08-31-am: price 15.33203832666259 not WAC+mult*sigma0 (WAC 20.20232047607664, sigma0 0.3280255511083926, cands [20.858371578293426, 21.18639712940182])
[   57.9s]     !! [F4R1-B] CHECK FAIL: tp fill sh.600021-sell/profit-ztp-2020-09-17-am: price 7.716158966775331 not WAC+mult*sigma0 (WAC 9.882526575599222, sigma0 0.10410597785022077, cands [10.090738531299664, 10.194844509149885])
[   57.9s]     !! [F4R1-B] CHECK FAIL: tp fill sh.600021-sell/profit-ztp-2020-09-18-am: price 7.716158966775331 not WAC+mult*sigma0 (WAC 9.882526575599222, sigma0 0.10410597785022077, cands [10.090738531299664, 10.194844509149885])
[   57.9s]     !! [F4R1-B] CHECK FAIL: tp fill sh.600742-sell/profit-ztp-2020-10-09-pm: price 10.812368916883884 not WAC+mult*sigma0 (WAC 14.389451626011702, sigma0 0.16157927792258986, cands [14.712610181856881, 14.874189459779473])
[   57.9s]     !! [F4R1-B] CHECK FAIL: tp fill sh.600742-sell/profit-ztp-2020-10-12-am: price 10.812368916883884 not WAC+mult*sigma0 (WAC 14.389451626011702, sigma0 0.16157927792258986, cands [14.712610181856881, 14.874189459779473])
[   57.9s]     !! [F4R1-B] CHECK FAIL: tp fill sh.600742-sell/profit-ztp-2020-10-12-pm: price 10.812368916883884 not WAC+mult*sigma0 (WAC 14.389451626011702, sigma0 0.16157927792258986, cands [14.712610181856881, 14.874189459779473])
[   57.9s]     !! [F4R1-B] CHECK FAIL: tp fill sh.600742-sell/profit-ztp-2020-10-13-am: price 10.812368916883884 not WAC+mult*sigma0 (WAC 14.389451626011702, sigma0 0.16157927792258986, cands [14.712610181856881, 14.874189459779473])
[   57.9s]     !! [F4R1-B] CHECK FAIL: tp fill sh.600742-sell/profit-ztp2-2020-10-13-am: price 10.973948194806475 not WAC+mult*sigma0 (WAC 14.389451626011702, sigma0 0.16157927792258986, cands [14.712610181856881, 14.874189459779473])
[   57.9s]     !! [F4R1-B] CHECK FAIL: tp fill sh.600126-sell/profit-ztp-2020-10-13-pm: price 6.680792722264145 not WAC+mult*sigma0 (WAC 7.396355331603263, sigma0 0.1271951481760967, cands [7.650745627955456, 7.777940776131553])
[   57.9s]     !! [F4R1-B] CHECK FAIL: tp fill sh.600126-sell/profit-ztp2-2020-10-13-pm: price 6.8079878704402415 not WAC+mult*sigma0 (WAC 7.396355331603263, sigma0 0.1271951481760967, cands [7.650745627955456, 7.777940776131553])
[   57.9s]     !! [F4R1-B] CHECK FAIL: tp fill sz.002486-sell/profit-ztp-2020-10-15-am: price 3.7566566546294036 not WAC+mult*sigma0 (WAC 3.752771099569519, sigma0 0.06165665462940328, cands [3.8760844088283255, 3.937741063457729])
[   57.9s]     !! [F4R1-B] CHECK FAIL: tp fill sz.002486-sell/profit-ztp-2020-10-15-pm: price 3.7566566546294036 not WAC+mult*sigma0 (WAC 3.752771099569519, sigma0 0.06165665462940328, cands [3.8760844088283255, 3.937741063457729])
[   57.9s]     !! [F4R1-B] CHECK FAIL: tp fill sz.002486-sell/profit-ztp2-2020-10-15-pm: price 3.818313309258807 not WAC+mult*sigma0 (WAC 3.752771099569519, sigma0 0.06165665462940328, cands [3.8760844088283255, 3.937741063457729])
[   57.9s]     !! [F4R1-B] CHECK FAIL: tp fill sh.601998-sell/profit-ztp-2020-10-22-pm: price 5.302404733740119 not WAC+mult*sigma0 (WAC 5.360107958553516, sigma0 0.03493648916007861, cands [5.429980936873673, 5.464917426033752])
[   57.9s]     !! [F4R1-B] CHECK FAIL: tp fill sh.601998-sell/profit-ztp2-2020-10-22-pm: price 5.337341222900197 not WAC+mult*sigma0 (WAC 5.360107958553516, sigma0 0.03493648916007861, cands [5.429980936873673, 5.464917426033752])
[   57.9s]     !! [F4R1-B] CHECK FAIL: ladder fill sh.600216-buy-zladder-2020-10-30-am-t0: price 14.35530884700119 != anchor 14.49 - 0.5*sigma0(0.2877118548020347) = 14.346144072598983
[   57.9s]     !! [F4R1-B] CHECK FAIL: tp fill sh.600682-sell/profit-ztp-2020-11-02-pm: price 10.655835032058246 not WAC+mult*sigma0 (WAC 9.67377513845724, sigma0 0.237223354705496, cands [10.148221847868232, 10.385445202573727])
[   57.9s]     !! [F4R1-B] CHECK FAIL: tp fill sh.600637-sell/profit-ztp-2020-11-02-pm: price 9.316329691878064 not WAC+mult*sigma0 (WAC 9.757356462291595, sigma0 0.0908864612520419, cands [9.93912938479568, 10.030015846047721])
[   57.9s]     !! [F4R1-B] CHECK FAIL: tp fill sh.600682-sell/profit-ztp-2020-11-03-am: price 10.655835032058246 not WAC+mult*sigma0 (WAC 9.67377513845724, sigma0 0.237223354705496, cands [10.148221847868232, 10.385445202573727])
[   57.9s]     !! [F4R1-B] CHECK FAIL: tp fill sh.600637-sell/profit-ztp-2020-11-03-am: price 9.316329691878064 not WAC+mult*sigma0 (WAC 9.757356462291595, sigma0 0.0908864612520419, cands [9.93912938479568, 10.030015846047721])
[   57.9s]     !! [F4R1-B] CHECK FAIL: tp fill sh.600682-sell/profit-ztp-2020-11-03-pm: price 10.655835032058246 not WAC+mult*sigma0 (WAC 9.67377513845724, sigma0 0.237223354705496, cands [10.148221847868232, 10.385445202573727])
[   57.9s]     !! [F4R1-B] CHECK FAIL: tp fill sz.002567-sell/profit-ztp-2020-11-03-pm: price 7.959589591634104 not WAC+mult*sigma0 (WAC 8.411829436149132, sigma0 0.1395895916341022, cands [8.691008619417337, 8.830598211051438])
[   57.9s]     !! [F4R1-B] CHECK FAIL: tp fill sh.600637-sell/profit-ztp-2020-11-03-pm: price 9.316329691878064 not WAC+mult*sigma0 (WAC 9.553474154477973, sigma0 0.0908864612520419, cands [9.735247076982057, 9.8261335382341])
[   57.9s]     !! [F4R1-B] CHECK FAIL: tp fill sh.600682-sell/profit-ztp-2020-11-04-pm: price 10.655835032058246 not WAC+mult*sigma0 (WAC 9.67377513845724, sigma0 0.237223354705496, cands [10.148221847868232, 10.385445202573727])
[   57.9s]     !! [F4R1-B] CHECK FAIL: tp fill sh.600682-sell/profit-ztp2-2020-11-04-pm: price 10.893058386763741 not WAC+mult*sigma0 (WAC 9.67377513845724, sigma0 0.237223354705496, cands [10.148221847868232, 10.385445202573727])
[   57.9s]     !! [F4R1-B] CHECK FAIL: tp fill sz.002567-sell/profit-ztp-2020-11-04-pm: price 7.959589591634104 not WAC+mult*sigma0 (WAC 8.411829436149132, sigma0 0.1395895916341022, cands [8.691008619417337, 8.830598211051438])
[   57.9s]     !! [F4R1-B] CHECK FAIL: tp fill sh.600523-sell/profit-ztp-2020-11-04-pm: price 15.779936857448174 not WAC+mult*sigma0 (WAC 16.752621622229686, sigma0 0.2932912382987822, cands [17.33920409882725, 17.63249533712603])
[   57.9s]     !! [F4R1-B] CHECK FAIL: tp fill sh.600637-sell/profit-ztp-2020-11-05-am: price 9.355886461252043 not WAC+mult*sigma0 (WAC 9.553474154477973, sigma0 0.0908864612520419, cands [9.735247076982057, 9.8261335382341])
[   57.9s]     !! [F4R1-B] CHECK FAIL: tp fill sh.600523-sell/profit-ztp-2020-11-05-am: price 15.779936857448174 not WAC+mult*sigma0 (WAC 16.752621622229686, sigma0 0.2932912382987822, cands [17.33920409882725, 17.63249533712603])
[   57.9s]     !! [F4R1-B] CHECK FAIL: tp fill sh.600637-sell/profit-ztp-2020-11-05-pm: price 9.355886461252043 not WAC+mult*sigma0 (WAC 9.553474154477973, sigma0 0.0908864612520419, cands [9.735247076982057, 9.8261335382341])
[   57.9s]     !! [F4R1-B] CHECK FAIL: tp fill sh.600523-sell/profit-ztp-2020-11-05-pm: price 15.779936857448174 not WAC+mult*sigma0 (WAC 16.752621622229686, sigma0 0.2932912382987822, cands [17.33920409882725, 17.63249533712603])
[   57.9s]     !! [F4R1-B] CHECK FAIL: tp fill sh.600373-sell/profit-ztp-2020-11-06-pm: price 11.778663523993957 not WAC+mult*sigma0 (WAC 11.718922985443783, sigma0 0.1391090159959712, cands [11.997141017435725, 12.136250033431697])
[   57.9s]     !! [F4R1-B] CHECK FAIL: tp fill sh.600373-sell/profit-ztp2-2020-11-06-pm: price 11.91777253998993 not WAC+mult*sigma0 (WAC 11.718922985443783, sigma0 0.1391090159959712, cands [11.997141017435725, 12.136250033431697])
[   57.9s]     !! [F4R1-B] CHECK FAIL: tp fill sz.002567-sell/profit-ztp-2020-11-06-pm: price 7.959589591634104 not WAC+mult*sigma0 (WAC 8.411829436149132, sigma0 0.1395895916341022, cands [8.691008619417337, 8.830598211051438])
[   57.9s]     !! [F4R1-B] CHECK FAIL: tp fill sh.600637-sell/profit-ztp-2020-11-06-pm: price 9.355886461252043 not WAC+mult*sigma0 (WAC 9.553474154477973, sigma0 0.0908864612520419, cands [9.735247076982057, 9.8261335382341])
[   57.9s]     !! [F4R1-B] CHECK FAIL: tp fill sh.600637-sell/profit-ztp2-2020-11-06-pm: price 9.446772922504085 not WAC+mult*sigma0 (WAC 9.553474154477973, sigma0 0.0908864612520419, cands [9.735247076982057, 9.8261335382341])
[   57.9s]     !! [F4R1-B] CHECK FAIL: tp fill sz.002567-sell/profit-ztp-2020-11-09-am: price 7.959589591634104 not WAC+mult*sigma0 (WAC 8.411829436149132, sigma0 0.1395895916341022, cands [8.691008619417337, 8.830598211051438])
[   57.9s]     !! [F4R1-B] CHECK FAIL: tp fill sz.002223-sell/profit-ztp-2020-11-09-am: price 31.139857576443703 not WAC+mult*sigma0 (WAC 29.874215386883712, sigma0 0.4665717176291311, cands [30.807358822141975, 31.273930539771104])
[   57.9s]     !! [F4R1-B] CHECK FAIL: tp fill sz.002567-sell/profit-ztp-2020-11-09-pm: price 7.959589591634104 not WAC+mult*sigma0 (WAC 8.411829436149132, sigma0 0.1395895916341022, cands [8.691008619417337, 8.830598211051438])
[   57.9s]     !! [F4R1-B] CHECK FAIL: tp fill sz.002419-sell/profit-ztp-2020-11-13-am: price 8.962580891161386 not WAC+mult*sigma0 (WAC 10.413598518106706, sigma0 0.12758089116138546, cands [10.668760300429478, 10.796341191590862])
[   57.9s]     !! [F4R1-B] CHECK FAIL: tp fill sz.002567-sell/profit-ztp2-2020-11-13-pm: price 8.099179183268205 not WAC+mult*sigma0 (WAC 8.411829436149132, sigma0 0.1395895916341022, cands [8.691008619417337, 8.830598211051438])
[   57.9s]     !! [F4R1-B] CHECK FAIL: tp fill sz.002734-sell/profit-ztp-2020-11-13-pm: price 13.36171151876132 not WAC+mult*sigma0 (WAC 13.54655178879919, sigma0 0.3717115187613214, cands [14.289974826321833, 14.661686345083154])
[   57.9s]     !! [F4R1-B] CHECK FAIL: tp fill sh.600523-sell/profit-ztp2-2020-11-13-pm: price 16.073228095746956 not WAC+mult*sigma0 (WAC 16.752621622229686, sigma0 0.2932912382987822, cands [17.33920409882725, 17.63249533712603])
[   57.9s]     !! [F4R1-B] CHECK FAIL: tp fill sz.002419-sell/profit-ztp-2020-11-13-pm: price 8.962580891161386 not WAC+mult*sigma0 (WAC 10.413598518106706, sigma0 0.12758089116138546, cands [10.668760300429478, 10.796341191590862])
[   57.9s]     !! [F4R1-B] CHECK FAIL: tp fill sz.002734-sell/profit-ztp-2020-11-16-am: price 13.36171151876132 not WAC+mult*sigma0 (WAC 13.54655178879919, sigma0 0.3717115187613214, cands [14.289974826321833, 14.661686345083154])
[   57.9s]     !! [F4R1-B] CHECK FAIL: tp fill sz.002419-sell/profit-ztp-2020-11-16-am: price 8.962580891161386 not WAC+mult*sigma0 (WAC 10.413598518106706, sigma0 0.12758089116138546, cands [10.668760300429478, 10.796341191590862])
[   57.9s]     !! [F4R1-B] CHECK FAIL: tp fill sz.002734-sell/profit-ztp-2020-11-16-pm: price 13.36171151876132 not WAC+mult*sigma0 (WAC 13.54655178879919, sigma0 0.3717115187613214, cands [14.289974826321833, 14.661686345083154])
[   57.9s]     !! [F4R1-B] CHECK FAIL: tp fill sz.002734-sell/profit-ztp2-2020-11-16-pm: price 13.733423037522641 not WAC+mult*sigma0 (WAC 13.54655178879919, sigma0 0.3717115187613214, cands [14.289974826321833, 14.661686345083154])
[   57.9s]     !! [F4R1-B] CHECK FAIL: tp fill sz.002419-sell/profit-ztp-2020-11-16-pm: price 8.962580891161386 not WAC+mult*sigma0 (WAC 10.413598518106706, sigma0 0.12758089116138546, cands [10.668760300429478, 10.796341191590862])
[   57.9s]     !! [F4R1-B] CHECK FAIL: tp fill sz.002419-sell/profit-ztp2-2020-11-16-pm: price 9.09016178232277 not WAC+mult*sigma0 (WAC 10.413598518106706, sigma0 0.12758089116138546, cands [10.668760300429478, 10.796341191590862])
[   57.9s]     !! [F4R1-B] CHECK FAIL: tp fill sz.002734-sell/profit-ztp-2020-12-01-pm: price 13.638342345865086 not WAC+mult*sigma0 (WAC 13.506043997544419, sigma0 0.15222823057672397, cands [13.810500458697867, 13.962728689274591])
[   57.9s]     !! [F4R1-B] CHECK FAIL: tp fill sz.002661-sell/profit-ztp-2020-12-01-pm: price 20.062972468357998 not WAC+mult*sigma0 (WAC 16.490780767541317, sigma0 0.2587171599852875, cands [17.008215087511893, 17.26693224749718])
[   57.9s]     !! [F4R1-B] CHECK FAIL: tp fill sz.002734-sell/profit-ztp-2020-12-02-pm: price 13.638342345865086 not WAC+mult*sigma0 (WAC 13.506043997544419, sigma0 0.15222823057672397, cands [13.810500458697867, 13.962728689274591])
[   57.9s]     !! [F4R1-B] CHECK FAIL: tp fill sz.002661-sell/profit-ztp-2020-12-03-am: price 20.062972468357998 not WAC+mult*sigma0 (WAC 16.490780767541317, sigma0 0.2587171599852875, cands [17.008215087511893, 17.26693224749718])
[   57.9s]     !! [F4R1-B] CHECK FAIL: tp fill sz.002940-sell/profit-ztp-2020-12-03-pm: price 47.298834300572615 not WAC+mult*sigma0 (WAC 53.14100957330402, sigma0 0.5658895337150776, cands [54.27278864073417, 54.83867817444925])
[   57.9s]     !! [F4R1-B] CHECK FAIL: tp fill sz.002661-sell/profit-ztp-2020-12-03-pm: price 20.062972468357998 not WAC+mult*sigma0 (WAC 16.490780767541317, sigma0 0.2587171599852875, cands [17.008215087511893, 17.26693224749718])
[   57.9s]     !! [F4R1-B] CHECK FAIL: tp fill sz.002661-sell/profit-ztp2-2020-12-03-pm: price 20.321689628343286 not WAC+mult*sigma0 (WAC 16.490780767541317, sigma0 0.2587171599852875, cands [17.008215087511893, 17.26693224749718])
[   57.9s]     !! [F4R1-B] CHECK FAIL: tp fill sz.002734-sell/profit-ztp-2020-12-04-am: price 13.638342345865086 not WAC+mult*sigma0 (WAC 13.506043997544419, sigma0 0.15222823057672397, cands [13.810500458697867, 13.962728689274591])
[   57.9s]     !! [F4R1-B] CHECK FAIL: tp fill sh.603258-sell/profit-ztp-2020-12-07-pm: price 34.479083185568584 not WAC+mult*sigma0 (WAC 30.225839142867144, sigma0 0.4193887903790572, cands [31.06461672362526, 31.484005514004316])
[   57.9s]     !! [F4R1-B] CHECK FAIL: tp fill sh.603258-sell/profit-ztp2-2020-12-07-pm: price 34.89847197594764 not WAC+mult*sigma0 (WAC 30.225839142867144, sigma0 0.4193887903790572, cands [31.06461672362526, 31.484005514004316])
[   57.9s]     !! [F4R1-B] CHECK FAIL: tp fill sh.600823-sell/profit-ztp-2020-12-10-pm: price 5.809677867504592 not WAC+mult*sigma0 (WAC 5.974125651785549, sigma0 0.11311857833639473, cands [6.200362808458339, 6.3134813867947335])
[   57.9s]     !! [F4R1-B] CHECK FAIL: tp fill sh.600823-sell/profit-ztp-2020-12-11-am: price 5.809677867504592 not WAC+mult*sigma0 (WAC 5.974125651785549, sigma0 0.11311857833639473, cands [6.200362808458339, 6.3134813867947335])
[   57.9s]     !! [F4R1-B] CHECK FAIL: tp fill sh.600823-sell/profit-ztp-2020-12-11-pm: price 5.809677867504592 not WAC+mult*sigma0 (WAC 5.974125651785549, sigma0 0.11311857833639473, cands [6.200362808458339, 6.3134813867947335])
[   57.9s]     !! [F4R1-B] CHECK FAIL: tp fill sz.000915-sell/profit-ztp-2020-12-17-am: price 25.453151276443837 not WAC+mult*sigma0 (WAC 26.217957920722906, sigma0 0.3821008509625585, cands [26.982159622648023, 27.36426047361058])
[   57.9s]     !! [F4R1-B] CHECK FAIL: tp fill sz.000915-sell/profit-ztp-2020-12-17-pm: price 25.453151276443837 not WAC+mult*sigma0 (WAC 26.217957920722906, sigma0 0.3821008509625585, cands [26.982159622648023, 27.36426047361058])
[   57.9s]     !! [F4R1-B] CHECK FAIL: tp fill sz.002950-sell/profit-ztp-2020-12-21-pm: price 21.874904122672184 not WAC+mult*sigma0 (WAC 22.089681342182825, sigma0 0.3499360817814553, cands [22.789553505745737, 23.13948958752719])
[   57.9s]     !! [F4R1-B] CHECK FAIL: tp fill sz.002950-sell/profit-ztp2-2020-12-21-pm: price 22.22484020445364 not WAC+mult*sigma0 (WAC 22.089681342182825, sigma0 0.3499360817814553, cands [22.789553505745737, 23.13948958752719])
[   58.1s]     !! [F4R1-B] CHECK FAIL: stop fill sh.600684 2017-09-06: price 6.954863085612002 != min(line 6.744863085612002, open 7.0) = 6.744863085612002
[   58.2s]     !! [F4R1-B] CHECK FAIL: stop fill sz.000501 2018-05-02: price 13.961536209252824 != min(line 13.884456621653706, open 14.29) = 13.884456621653706
[   58.2s]     !! [F4R1-B] CHECK FAIL: stop fill sz.000623 2018-08-01: price 17.27663805095342 != min(line 16.79090619600804, open 17.45) = 16.79090619600804
[   58.2s]     !! [F4R1-B] CHECK FAIL: stop fill sh.600694 2018-10-08: price 26.8 != min(line 26.72644727202632, open 26.8) = 26.72644727202632
[  128.5s]   [F4R1-C] engine 69.7s, fills 3116, zones 1367, admitted 1367 | rss 3.68 GB
[  128.6s]     [F4R1-C] month 2015-01-30: mid-month admissions 10 (seats recycled intra-month)
[  128.8s]     !! [F4R1-C] CHECK FAIL: tp fill sh.601677-sell/profit-ztp-2015-03-03-am: price 13.580113878579983 not WAC+mult*sigma0 (WAC 12.97861539360271, sigma0 0.22674258571998854, cands [13.432100565042688])
[  128.8s]     !! [F4R1-C] CHECK FAIL: tp fill sz.002424-sell/profit-ztp-2015-03-03-pm: price 44.36168476547909 not WAC+mult*sigma0 (WAC 42.78300774536483, sigma0 0.8011231769860645, cands [44.385254099336954])
[  128.8s]     !! [F4R1-C] CHECK FAIL: tp fill sz.002461-sell/profit-ztp-2015-03-09-pm: price 14.731788240861247 not WAC+mult*sigma0 (WAC 13.75094929146393, sigma0 0.22119216057416383, cands [14.193333612612259])
[  128.8s]     !! [F4R1-C] CHECK FAIL: tp fill sz.002226-sell/profit-ztp-2015-03-11-am: price 13.165617240786467 not WAC+mult*sigma0 (WAC 12.442703732693875, sigma0 0.16561724078646736, cands [12.77393821426681])
[  128.8s]     !! [F4R1-C] CHECK FAIL: tp fill sz.000418-sell/profit-ztp-2015-04-01-pm: price 19.432307259009743 not WAC+mult*sigma0 (WAC 17.2354814859758, sigma0 0.36820483933982784, cands [17.971891164655457])
[  128.8s]     !! [F4R1-C] CHECK FAIL: tp fill sz.002643-sell/profit-ztp-2015-04-02-pm: price 22.043364739188338 not WAC+mult*sigma0 (WAC 18.688417354898004, sigma0 0.4155764927922253, cands [19.519570340482453])
[  128.8s]     !! [F4R1-C] CHECK FAIL: tp fill sh.601233-sell/profit-ztp-2015-04-03-pm: price 14.457636598864989 not WAC+mult*sigma0 (WAC 12.847017621089147, sigma0 0.2984243992433251, cands [13.443866419575798])
[  128.8s]     !! [F4R1-C] CHECK FAIL: tp fill sz.000501-sell/profit-ztp-2015-05-19-pm: price 22.51801352936306 not WAC+mult*sigma0 (WAC 20.177287933505472, sigma0 0.7120090195753721, cands [21.601305972656217])
[  128.8s]     !! [F4R1-C] CHECK FAIL: tp fill sh.600128-sell/profit-ztp-2015-06-03-pm: price 23.94968234562252 not WAC+mult*sigma0 (WAC 19.987630895617208, sigma0 0.6664548970816817, cands [21.32054068978057])
[  128.8s]     !! [F4R1-C] CHECK FAIL: tp fill sz.002372-sell/profit-ztp-2015-06-04-pm: price 22.987400948476814 not WAC+mult*sigma0 (WAC 18.251498547507726, sigma0 1.6116006323178755, cands [21.474699812143477])
[  128.8s]     !! [F4R1-C] CHECK FAIL: tp fill sz.000761-sell/profit-ztp-2015-06-04-pm: price 8.10674750703002 not WAC+mult*sigma0 (WAC 6.992653234355233, sigma0 0.23783167135334699, cands [7.468316577061927])
[  128.8s]     !! [F4R1-C] CHECK FAIL: tp fill sz.000418-sell/profit-ztp-2015-06-10-am: price 24.909216879533513 not WAC+mult*sigma0 (WAC 19.41594635543676, sigma0 0.7842168795335114, cands [20.984380114503782])
[  128.8s]     !! [F4R1-C] CHECK FAIL: tp fill sz.000501-sell/profit-ztp-2015-06-12-pm: price 28.308902806274247 not WAC+mult*sigma0 (WAC 21.507903493052762, sigma0 0.7392685375161666, cands [22.986440568085094])
[  128.8s]     !! [F4R1-C] CHECK FAIL: tp fill sz.002394-sell/profit-ztp-2015-07-10-pm: price 14.731596996192513 not WAC+mult*sigma0 (WAC 12.738744543933564, sigma0 0.8415969961925136, cands [14.42193853631859])
[  128.8s]     !! [F4R1-C] CHECK FAIL: tp fill sh.600486-sell/profit-ztp-2015-07-13-pm: price 28.436022856234263 not WAC+mult*sigma0 (WAC 36.225037040856066, sigma0 1.6079542875314667, cands [39.440945615919])
[  128.8s]     !! [F4R1-C] CHECK FAIL: tp fill sz.002039-sell/profit-ztp-2015-08-10-am: price 17.79199580719782 not WAC+mult*sigma0 (WAC 16.31612110973745, sigma0 1.1079972047985494, cands [18.532115519334546])
[  128.8s]     !! [F4R1-C] CHECK FAIL: tp fill sz.002627-sell/profit-ztp-2015-08-14-am: price 27.31428468427659 not WAC+mult*sigma0 (WAC 22.892557066134533, sigma0 1.689523122851058, cands [26.27160331183665])
[  128.8s]     !! [F4R1-C] CHECK FAIL: tp fill sz.000951-sell/profit-ztp-2015-09-02-pm: price 14.438720322214069 not WAC+mult*sigma0 (WAC 17.352603850378717, sigma0 0.6924802148093793, cands [18.737564279997475])
[  128.8s]     !! [F4R1-C] CHECK FAIL: tp fill sz.000501-sell/profit-ztp-2015-09-11-pm: price 18.415670945844987 not WAC+mult*sigma0 (WAC 20.342188543981663, sigma0 0.843780630563327, cands [22.029749805108317])
[  128.8s]     !! [F4R1-C] CHECK FAIL: tp fill sh.600885-sell/profit-ztp-2015-09-30-pm: price 29.826873458897946 not WAC+mult*sigma0 (WAC 29.32711380679344, sigma0 1.080935074981619, cands [31.48898395675668])
[  128.8s]     !! [F4R1-C] CHECK FAIL: tp fill sh.600004-sell/profit-ztp-2015-10-12-am: price 13.128521221485379 not WAC+mult*sigma0 (WAC 13.707387653664918, sigma0 0.35949153277127543, cands [14.426370719207469])
[  128.8s]     !! [F4R1-C] CHECK FAIL: tp fill sz.000501-sell/profit-ztp-2015-10-16-pm: price 18.386427807510206 not WAC+mult*sigma0 (WAC 19.988261509819658, sigma0 0.6442852050068029, cands [21.276831919833263])
[  128.8s]     !! [F4R1-C] CHECK FAIL: tp fill sz.002281-sell/profit-ztp-2015-10-20-am: price 44.762392114780546 not WAC+mult*sigma0 (WAC 40.450117344843186, sigma0 1.7082614098536957, cands [43.866640164550574])
[  128.8s]     !! [F4R1-C] CHECK FAIL: tp fill sz.000919-sell/profit-ztp-2015-10-22-pm: price 16.587820597893934 not WAC+mult*sigma0 (WAC 15.169873750869995, sigma0 0.6078205978939345, cands [16.385514946657864])
[  128.8s]     !! [F4R1-C] CHECK FAIL: tp fill sz.002595-sell/profit-ztp-2015-10-23-pm: price 21.445741796897927 not WAC+mult*sigma0 (WAC 26.147518618572388, sigma0 0.6657417968979282, cands [27.479002212368243])
[  128.8s]     !! [F4R1-C] CHECK FAIL: tp fill sh.600004-sell/profit-ztp-2015-11-04-pm: price 14.287956335426689 not WAC+mult*sigma0 (WAC 13.675152176284758, sigma0 0.3386375569511252, cands [14.35242729018701])
[  128.8s]     !! [F4R1-C] CHECK FAIL: tp fill sz.002372-sell/profit-ztp-2015-11-05-pm: price 17.675195099101092 not WAC+mult*sigma0 (WAC 17.609255824852113, sigma0 0.5834633994007273, cands [18.77618262365357])
[  128.8s]     !! [F4R1-C] CHECK FAIL: tp fill sz.000501-sell/profit-ztp-2015-11-06-pm: price 19.15521641166761 not WAC+mult*sigma0 (WAC 19.80203197076633, sigma0 0.5301442744450725, cands [20.862320519656475])
[  128.8s]     !! [F4R1-C] CHECK FAIL: tp fill sz.002641-sell/profit-ztp-2015-11-06-pm: price 9.57602872878606 not WAC+mult*sigma0 (WAC 10.18446579440524, sigma0 0.4040191525240391, cands [10.992504099453317])
[  128.8s]     !! [F4R1-C] CHECK FAIL: tp fill sz.000776-sell/profit-ztp-2015-11-11-am: price 20.396244152866224 not WAC+mult*sigma0 (WAC 21.929332195400164, sigma0 0.4562441528662241, cands [22.841820501132613])
[  128.8s]     !! [F4R1-C] CHECK FAIL: tp fill sz.002595-sell/profit-ztp-2015-11-12-am: price 23.359405738807176 not WAC+mult*sigma0 (WAC 25.374054512270764, sigma0 0.5396038258714501, cands [26.453262164013665])
[  128.8s]     !! [F4R1-C] CHECK FAIL: tp fill sh.600337-sell/profit-ztp-2015-11-26-pm: price 16.47976564614966 not WAC+mult*sigma0 (WAC 14.684356253415055, sigma0 0.5647656461496574, cands [15.81388754571437])
[  128.8s]     !! [F4R1-C] CHECK FAIL: tp fill sz.000418-sell/profit-ztp-2015-12-01-pm: price 22.051322596880368 not WAC+mult*sigma0 (WAC 19.665483645174607, sigma0 0.4942150645869124, cands [20.653913774348432])
[  128.8s]     !! [F4R1-C] CHECK FAIL: tp fill sz.000596-sell/profit-ztp-2015-12-01-pm: price 33.7663883015397 not WAC+mult*sigma0 (WAC 29.817022304660036, sigma0 0.8442588676931307, cands [31.5055400400463])
[  128.9s]     !! [F4R1-C] CHECK FAIL: tp fill sz.000999-sell/profit-ztp-2015-12-04-pm: price 27.071960195528007 not WAC+mult*sigma0 (WAC 26.951694443464866, sigma0 0.5146401303520025, cands [27.980974704168872])
[  128.9s]     !! [F4R1-C] CHECK FAIL: tp fill sh.600885-sell/profit-ztp-2015-12-08-am: price 31.291494239411797 not WAC+mult*sigma0 (WAC 29.376176348592782, sigma0 0.7876628262745325, cands [30.951502001141847])
[  128.9s]     !! [F4R1-C] CHECK FAIL: tp fill sz.002311-sell/profit-ztp-2015-12-15-pm: price 14.252070792573013 not WAC+mult*sigma0 (WAC 13.878785340279906, sigma0 0.3013805283820083, cands [14.481546397043923])
[  128.9s]     !! [F4R1-C] CHECK FAIL: tp fill sz.000708-sell/profit-ztp-2015-12-18-am: price 11.767399751529062 not WAC+mult*sigma0 (WAC 10.676069828121511, sigma0 0.25159983435270855, cands [11.179269496826928])
[  128.9s]     !! [F4R1-C] CHECK FAIL: tp fill sz.002508-sell/profit-ztp-2015-12-18-pm: price 41.64115842035071 not WAC+mult*sigma0 (WAC 38.282187604054585, sigma0 0.7207722802338055, cands [39.7237321645222])
[  128.9s]     !! [F4R1-C] CHECK FAIL: tp fill sh.600305-sell/profit-ztp-2015-12-21-pm: price 24.546244709222666 not WAC+mult*sigma0 (WAC 23.889170193851555, sigma0 0.4308298061484454, cands [24.750829806148445])
[  128.9s]     !! [F4R1-C] CHECK FAIL: tp fill sh.600021-sell/profit-ztp-2016-02-16-pm: price 10.625592789224234 not WAC+mult*sigma0 (WAC 12.591268269392344, sigma0 0.5370618594828226, cands [13.665391988357989])
[  128.9s]     !! [F4R1-C] CHECK FAIL: tp fill sz.002116-sell/profit-ztp-2016-02-16-pm: price 13.269096472244586 not WAC+mult*sigma0 (WAC 15.332065251004156, sigma0 0.5727309814963907, cands [16.477527213996936])
[  128.9s]     !! [F4R1-C] CHECK FAIL: tp fill sh.600310-sell/profit-ztp-2016-02-16-pm: price 6.647232696870165 not WAC+mult*sigma0 (WAC 7.551923442157444, sigma0 0.2914884645801095, cands [8.134900371317663])
[  128.9s]     !! [F4R1-C] CHECK FAIL: tp fill sh.600973-sell/profit-ztp-2016-03-02-am: price 10.65740081763294 not WAC+mult*sigma0 (WAC 12.602132230752627, sigma0 0.4782672117552929, cands [13.558666654263213])
[  128.9s]     !! [F4R1-C] CHECK FAIL: tp fill sz.002531-sell/profit-ztp-2016-03-18-am: price 10.851317035578694 not WAC+mult*sigma0 (WAC 10.027050565361218, sigma0 0.3675446903857957, cands [10.762139946132809])
[  128.9s]     !! [F4R1-C] CHECK FAIL: tp fill sz.002382-sell/profit-ztp-2016-03-18-am: price 21.077381578471485 not WAC+mult*sigma0 (WAC 21.61763921898345, sigma0 0.8023815784714844, cands [23.222402375926418])
[  128.9s]     !! [F4R1-C] CHECK FAIL: tp fill sz.002267-sell/profit-ztp-2016-03-18-pm: price 9.370502223379193 not WAC+mult*sigma0 (WAC 9.97865377063098, sigma0 0.32033481558612714, cands [10.619323401803236])
[  128.9s]     !! [F4R1-C] CHECK FAIL: tp fill sz.002160-sell/profit-ztp-2016-03-22-am: price 10.172975747264143 not WAC+mult*sigma0 (WAC 8.9387514501167, sigma0 0.3829757472641419, cands [9.704702944644984])
[  128.9s]     !! [F4R1-C] CHECK FAIL: tp fill sz.002588-sell/profit-ztp-2016-03-23-am: price 26.759714801530137 not WAC+mult*sigma0 (WAC 24.96662813808706, sigma0 0.8197148015301363, cands [26.606057741147332])
[  128.9s]     !! [F4R1-C] CHECK FAIL: tp fill sz.002062-sell/profit-ztp-2016-03-25-pm: price 8.020809112187264 not WAC+mult*sigma0 (WAC 9.586044752420698, sigma0 0.27387274145817536, cands [10.133790235337049])
[  128.9s]     !! [F4R1-C] CHECK FAIL: tp fill sz.002563-sell/profit-ztp-2016-03-30-pm: price 11.25069729637536 not WAC+mult*sigma0 (WAC 15.629898025144717, sigma0 0.320464864250241, cands [16.2708277536452])
[  128.9s]     !! [F4R1-C] CHECK FAIL: tp fill sz.002382-sell/profit-ztp-2016-04-05-am: price 22.16168886200281 not WAC+mult*sigma0 (WAC 21.486321241288756, sigma0 0.5477925746685375, cands [22.581906390625832])
[  128.9s]     !! [F4R1-C] CHECK FAIL: tp fill sh.600062-sell/profit-ztp-2016-04-06-pm: price 18.08418008095986 not WAC+mult*sigma0 (WAC 20.216569744867336, sigma0 0.3227867206399051, cands [20.862143186147147])
[  128.9s]     !! [F4R1-C] CHECK FAIL: tp fill sz.002160-sell/profit-ztp-2016-04-08-pm: price 10.085459623305887 not WAC+mult*sigma0 (WAC 9.069942848331342, sigma0 0.28363974887059146, cands [9.637222346072525])
[  128.9s]     !! [F4R1-C] CHECK FAIL: tp fill sh.601098-sell/profit-ztp-2016-04-11-am: price 18.988135311706383 not WAC+mult*sigma0 (WAC 20.042111454598146, sigma0 0.4054235411375886, cands [20.852958536873324])
[  128.9s]     !! [F4R1-C] CHECK FAIL: tp fill sh.600529-sell/profit-ztp-2016-04-12-am: price 16.103403443772898 not WAC+mult*sigma0 (WAC 15.459130840225633, sigma0 0.3889356291819332, cands [16.2370020985895])
[  128.9s]     !! [F4R1-C] CHECK FAIL: tp fill sz.002062-sell/profit-ztp-2016-04-12-pm: price 8.222806009041053 not WAC+mult*sigma0 (WAC 9.00184699488625, sigma0 0.17520400602736916, cands [9.352255006940988])
[  128.9s]     !! [F4R1-C] CHECK FAIL: tp fill sh.600973-sell/profit-ztp-2016-04-13-pm: price 11.954222322764235 not WAC+mult*sigma0 (WAC 12.268741581213542, sigma0 0.276148215176157, cands [12.821038011565856])
[  128.9s]     !! [F4R1-C] CHECK FAIL: tp fill sh.600004-sell/profit-ztp-2016-05-05-pm: price 12.498217614752214 not WAC+mult*sigma0 (WAC 13.092944222919446, sigma0 0.1321450765014758, cands [13.357234375922397])
[  128.9s]     !! [F4R1-C] CHECK FAIL: tp fill sz.000999-sell/profit-ztp-2016-05-10-pm: price 22.439223030896343 not WAC+mult*sigma0 (WAC 24.601277409664316, sigma0 0.32922303089634275, cands [25.259723471457])
[  128.9s]     !! [F4R1-C] CHECK FAIL: tp fill sh.600429-sell/profit-ztp-2016-05-10-pm: price 7.457299893962093 not WAC+mult*sigma0 (WAC 7.353232001427562, sigma0 0.17153326264139496, cands [7.696298526710352])
[  128.9s]     !! [F4R1-C] CHECK FAIL: tp fill sh.600098-sell/profit-ztp-2016-05-11-am: price 7.944881257293399 not WAC+mult*sigma0 (WAC 7.990384085163299, sigma0 0.1365875048622653, cands [8.26355909488783])
[  128.9s]     !! [F4R1-C] CHECK FAIL: tp fill sh.601098-sell/profit-ztp-2016-05-12-am: price 17.89658018167853 not WAC+mult*sigma0 (WAC 18.424444138283206, sigma0 0.37158018167852974, cands [19.167604501640266])
[  128.9s]     !! [F4R1-C] CHECK FAIL: tp fill sh.601098-sell/profit-ztp-2016-05-12-pm: price 17.89658018167853 not WAC+mult*sigma0 (WAC 18.424444138283206, sigma0 0.37158018167852974, cands [19.167604501640266])
[  128.9s]     !! [F4R1-C] CHECK FAIL: tp fill sz.000703-sell/profit-ztp-2016-06-22-am: price 9.665221993208316 not WAC+mult*sigma0 (WAC 11.266852456487031, sigma0 0.2901479954722106, cands [11.847148447431453])
[  128.9s]     !! [F4R1-C] CHECK FAIL: tp fill sh.600500-sell/profit-ztp-2016-07-04-pm: price 9.258531280605316 not WAC+mult*sigma0 (WAC 9.381593150873833, sigma0 0.15902085373687871, cands [9.69963485834759])
[  128.9s]     !! [F4R1-C] CHECK FAIL: tp fill sh.600717-sell/profit-ztp-2016-07-06-pm: price 9.374577250121487 not WAC+mult*sigma0 (WAC 9.470341707837758, sigma0 0.11638483341432418, cands [9.703111374666406])
[  128.9s]     !! [F4R1-C] CHECK FAIL: tp fill sh.600438-sell/profit-ztp-2016-07-11-am: price 6.737799801001238 not WAC+mult*sigma0 (WAC 8.271788255586124, sigma0 0.13186653400082549, cands [8.535521323587774])
[  128.9s]     !! [F4R1-C] CHECK FAIL: tp fill sh.603001-sell/profit-ztp-2016-07-12-am: price 21.7889243976326 not WAC+mult*sigma0 (WAC 20.943821540962997, sigma0 0.3659495984217334, cands [21.675720737806465])
[  128.9s]     !! [F4R1-C] CHECK FAIL: tp fill sh.600021-sell/profit-ztp-2016-07-12-am: price 11.014522319834924 not WAC+mult*sigma0 (WAC 11.8259294454378, sigma0 0.10452231983492423, cands [12.034974085107649])
[  128.9s]     !! [F4R1-C] CHECK FAIL: tp fill sh.600827-sell/profit-ztp-2016-07-26-pm: price 12.919423591395459 not WAC+mult*sigma0 (WAC 13.980065399726294, sigma0 0.17294906093030493, cands [14.325963521586905])
[  128.9s]     !! [F4R1-C] CHECK FAIL: tp fill sh.600098-sell/profit-ztp-2016-08-02-pm: price 7.756304520975571 not WAC+mult*sigma0 (WAC 7.855026777747012, sigma0 0.07753634731704832, cands [8.010099472381109])
[  128.9s]     !! [F4R1-C] CHECK FAIL: tp fill sh.600469-sell/profit-ztp-2016-08-03-am: price 10.104551204168532 not WAC+mult*sigma0 (WAC 12.225354583564712, sigma0 0.12970080277902177, cands [12.484756189122756])
[  128.9s]     !! [F4R1-C] CHECK FAIL: tp fill sh.600387-sell/profit-ztp-2016-08-08-pm: price 12.384474235363959 not WAC+mult*sigma0 (WAC 12.255844811481, sigma0 0.24964949024263916, cands [12.755143791966278])
[  128.9s]     !! [F4R1-C] CHECK FAIL: tp fill sh.600438-sell/profit-ztp-2016-08-08-pm: price 6.201740843787279 not WAC+mult*sigma0 (WAC 7.278193470109733, sigma0 0.1478272291915197, cands [7.573847928492773])
[  128.9s]     !! [F4R1-C] CHECK FAIL: tp fill sh.603001-sell/profit-ztp-2016-08-09-pm: price 20.68159698316718 not WAC+mult*sigma0 (WAC 20.693990096958114, sigma0 0.34773132211145136, cands [21.389452741181017])
[  128.9s]     !! [F4R1-C] CHECK FAIL: tp fill sz.002394-sell/profit-ztp-2016-08-12-pm: price 15.509899598391385 not WAC+mult*sigma0 (WAC 13.625127317660414, sigma0 0.2498995983913842, cands [14.124926514443183])
[  128.9s]     !! [F4R1-C] CHECK FAIL: tp fill sz.000698-sell/profit-ztp-2016-08-12-pm: price 6.979247280906273 not WAC+mult*sigma0 (WAC 6.5921839816581045, sigma0 0.13283152060418196, cands [6.857847022866468])
[  128.9s]     !! [F4R1-C] CHECK FAIL: tp fill sz.002372-sell/profit-ztp-2016-09-06-pm: price 16.309299119864225 not WAC+mult*sigma0 (WAC 17.196298157825353, sigma0 0.25953274657614844, cands [17.71536365097765])
[  128.9s]     !! [F4R1-C] CHECK FAIL: tp fill sh.600717-sell/profit-ztp-2016-10-20-pm: price 9.855871512570042 not WAC+mult*sigma0 (WAC 9.495887681334285, sigma0 0.09058100838002715, cands [9.67704969809434])
[  128.9s]     !! [F4R1-C] CHECK FAIL: tp fill sz.002394-sell/profit-ztp-2016-10-24-pm: price 18.36571163032057 not WAC+mult*sigma0 (WAC 14.235629712916577, sigma0 0.277141086880381, cands [14.78991188667734])
[  128.9s]     !! [F4R1-C] CHECK FAIL: tp fill sz.000761-sell/profit-ztp-2016-11-10-pm: price 5.804955929524614 not WAC+mult*sigma0 (WAC 6.287071313009055, sigma0 0.06330395301640962, cands [6.4136792190418745])
[  128.9s]     !! [F4R1-C] CHECK FAIL: tp fill sh.601799-sell/profit-ztp-2016-11-11-pm: price 40.722663715300335 not WAC+mult*sigma0 (WAC 40.13462986934182, sigma0 0.7076637153003369, cands [41.5499572999425])
[  128.9s]     !! [F4R1-C] CHECK FAIL: tp fill sh.600438-sell/profit-ztp-2016-11-16-am: price 6.292071326204265 not WAC+mult*sigma0 (WAC 6.9541573834092505, sigma0 0.05471421746951005, cands [7.063585818348271])
[  128.9s]     !! [F4R1-C] CHECK FAIL: tp fill sz.002309-sell/profit-ztp-2016-11-22-am: price 15.523567433380823 not WAC+mult*sigma0 (WAC 15.518959656076355, sigma0 0.2023782889205474, cands [15.92371623391745])
[  128.9s]     !! [F4R1-C] CHECK FAIL: tp fill sh.600729-sell/profit-ztp-2016-12-06-pm: price 24.963196919756953 not WAC+mult*sigma0 (WAC 23.251723150824624, sigma0 0.25319691975694836, cands [23.75811699033852])
[  128.9s]     !! [F4R1-C] CHECK FAIL: tp fill sh.600073-sell/profit-ztp-2016-12-09-pm: price 11.804927775426453 not WAC+mult*sigma0 (WAC 11.694564800193778, sigma0 0.12328518361763559, cands [11.94113516742905])
[  128.9s]     !! [F4R1-C] CHECK FAIL: tp fill sh.600335-sell/profit-ztp-2016-12-22-am: price 12.344537401274069 not WAC+mult*sigma0 (WAC 14.169988276248025, sigma0 0.14453740127406836, cands [14.459063078796163])
[  128.9s]     !! [F4R1-C] CHECK FAIL: tp fill sz.000550-sell/profit-ztp-2017-01-18-am: price 29.894774295605337 not WAC+mult*sigma0 (WAC 33.36826259381235, sigma0 0.46318286373689227, cands [34.29462832128613])
[  128.9s]     !! [F4R1-C] CHECK FAIL: tp fill sz.002148-sell/profit-ztp-2017-02-09-am: price 18.93184884697538 not WAC+mult*sigma0 (WAC 18.84024560272907, sigma0 0.35456589798358845, cands [19.549377398696247])
[  128.9s]     !! [F4R1-C] CHECK FAIL: tp fill sh.601877-sell/profit-ztp-2017-02-09-pm: price 19.975243699575355 not WAC+mult*sigma0 (WAC 24.074277186164423, sigma0 0.19016246638356843, cands [24.45460211893156])
[  128.9s]     !! [F4R1-C] CHECK FAIL: tp fill sh.600216-sell/profit-ztp-2017-02-14-pm: price 12.160931528105165 not WAC+mult*sigma0 (WAC 12.269276884512294, sigma0 0.16728768540344346, cands [12.60385225531918])
[  128.9s]     !! [F4R1-C] CHECK FAIL: tp fill sz.002477-sell/profit-ztp-2017-02-20-pm: price 4.972155103228511 not WAC+mult*sigma0 (WAC 5.1817388222015905, sigma0 0.04810340215234076, cands [5.277945626506272])
[  128.9s]     !! [F4R1-C] CHECK FAIL: tp fill sz.002416-sell/profit-ztp-2017-02-22-am: price 13.62709368418204 not WAC+mult*sigma0 (WAC 14.711016516126543, sigma0 0.3180624561213585, cands [15.34714142836926])
[  128.9s]     !! [F4R1-C] CHECK FAIL: tp fill sh.600563-sell/profit-ztp-2017-02-22-pm: price 36.405145887390866 not WAC+mult*sigma0 (WAC 33.61968446784935, sigma0 0.49676392492724203, cands [34.61321231770384])
[  128.9s]     !! [F4R1-C] CHECK FAIL: tp fill sh.600053-sell/profit-ztp-2017-03-01-pm: price 42.339349548823094 not WAC+mult*sigma0 (WAC 42.36710030078461, sigma0 0.39289969921539436, cands [43.152899699215396])
[  128.9s]     !! [F4R1-C] CHECK FAIL: tp fill sz.000402-sell/profit-ztp-2017-03-10-pm: price 11.18171551388163 not WAC+mult*sigma0 (WAC 10.680970418065316, sigma0 0.14114367592108612, cands [10.963257769907488])
[  128.9s]     !! [F4R1-C] CHECK FAIL: tp fill sh.600383-sell/profit-ztp-2017-03-13-pm: price 12.279166048958002 not WAC+mult*sigma0 (WAC 11.953910621335902, sigma0 0.12611069930533514, cands [12.206132019946573])
[  128.9s]     !! [F4R1-C] CHECK FAIL: tp fill sz.002588-sell/profit-ztp-2017-04-05-pm: price 10.26789540221523 not WAC+mult*sigma0 (WAC 17.53866483534099, sigma0 0.07859693481015338, cands [17.6958587049613])
[  128.9s]     !! [F4R1-C] CHECK FAIL: tp fill sh.600846-sell/profit-ztp-2017-04-12-am: price 9.146518955324021 not WAC+mult*sigma0 (WAC 9.141047274368514, sigma0 0.09151895532402024, cands [9.324085185016555])
[  128.9s]     !! [F4R1-C] CHECK FAIL: tp fill sh.601011-sell/profit-ztp-2017-06-07-pm: price 5.614921528545724 not WAC+mult*sigma0 (WAC 5.873020258465488, sigma0 0.1099476856971499, cands [6.092915629859787])
[  128.9s]     !! [F4R1-C] CHECK FAIL: tp fill sz.000951-sell/profit-ztp-2017-06-08-am: price 12.311636116180368 not WAC+mult*sigma0 (WAC 16.01682483073761, sigma0 0.18775741078691235, cands [16.392339652311435])
[  128.9s]     !! [F4R1-C] CHECK FAIL: tp fill sz.000525-sell/profit-ztp-2017-06-19-pm: price 17.534737781867612 not WAC+mult*sigma0 (WAC 16.946170476932608, sigma0 0.5098251879117416, cands [17.965820852756092])
[  128.9s]     !! [F4R1-C] CHECK FAIL: tp fill sz.002543-sell/profit-ztp-2017-07-06-am: price 25.25015553315173 not WAC+mult*sigma0 (WAC 20.05165599788028, sigma0 0.4534370221011536, cands [20.95853004208259])
[  128.9s]     !! [F4R1-C] CHECK FAIL: tp fill sh.600523-sell/profit-ztp-2017-07-06-pm: price 18.962800986353418 not WAC+mult*sigma0 (WAC 16.56989838526905, sigma0 0.24186732423561225, cands [17.053633033740272])
[  128.9s]     !! [F4R1-C] CHECK FAIL: tp fill sz.002714-sell/profit-ztp-2017-07-06-pm: price 28.236048416717658 not WAC+mult*sigma0 (WAC 29.504270685551518, sigma0 0.33069894447843956, cands [30.1656685745084])
[  128.9s]     !! [F4R1-C] CHECK FAIL: tp fill sz.000597-sell/profit-ztp-2017-07-12-pm: price 12.039674443576532 not WAC+mult*sigma0 (WAC 11.406850024364324, sigma0 0.1796744435765328, cands [11.76619891151739])
[  128.9s]     !! [F4R1-C] CHECK FAIL: tp fill sh.600123-sell/profit-ztp-2017-07-12-pm: price 8.01229105953027 not WAC+mult*sigma0 (WAC 8.00347262697982, sigma0 0.06152737302018126, cands [8.126527373020181])
[  128.9s]     !! [F4R1-C] CHECK FAIL: tp fill sh.603858-sell/profit-ztp-2017-08-17-am: price 69.01955128008422 not WAC+mult*sigma0 (WAC 69.22555686804951, sigma0 1.073034186722817, cands [71.37162524149514])
[  128.9s]     !! [F4R1-C] CHECK FAIL: tp fill sz.002123-sell/profit-ztp-2017-08-17-am: price 10.804538086141621 not WAC+mult*sigma0 (WAC 11.422655198723405, sigma0 0.2830253907610801, cands [11.988705980245564])
[  128.9s]     !! [F4R1-C] CHECK FAIL: tp fill sz.000800-sell/profit-ztp-2017-08-18-am: price 10.44835564531381 not WAC+mult*sigma0 (WAC 10.170205926583064, sigma0 0.19890376354253966, cands [10.568013453668144])
[  128.9s]     !! [F4R1-C] CHECK FAIL: tp fill sh.601222-sell/profit-ztp-2017-09-04-pm: price 8.230715524178258 not WAC+mult*sigma0 (WAC 15.257539679084951, sigma0 0.12047701611883861, cands [15.498493711322629])
[  128.9s]     !! [F4R1-C] CHECK FAIL: tp fill sh.600325-sell/profit-ztp-2017-09-18-pm: price 8.25013964916481 not WAC+mult*sigma0 (WAC 11.023651681808198, sigma0 0.0800930994432052, cands [11.18383788069461])
[  128.9s]     !! [F4R1-C] CHECK FAIL: tp fill sh.600062-sell/profit-ztp-2017-10-10-pm: price 21.69336172805854 not WAC+mult*sigma0 (WAC 20.571502572789623, sigma0 0.23557448537236098, cands [21.042651543534344])
[  128.9s]     !! [F4R1-C] CHECK FAIL: tp fill sz.002258-sell/profit-ztp-2017-10-12-pm: price 12.854234198964123 not WAC+mult*sigma0 (WAC 16.425150684687033, sigma0 0.12282279930941649, cands [16.670796283305865])
[  128.9s]     !! [F4R1-C] CHECK FAIL: tp fill sh.603858-sell/profit-ztp-2017-10-17-pm: price 70.42815598604679 not WAC+mult*sigma0 (WAC 69.32870044100137, sigma0 0.49815598604676664, cands [70.32501241309491])
[  128.9s]     !! [F4R1-C] CHECK FAIL: tp fill sh.603816-sell/profit-ztp-2017-10-18-pm: price 54.721524146919826 not WAC+mult*sigma0 (WAC 53.79538333424496, sigma0 0.5543494312798829, cands [54.90408219680472])
[  128.9s]     !! [F4R1-C] CHECK FAIL: tp fill sh.601898-sell/profit-ztp-2017-11-08-pm: price 5.949640813994973 not WAC+mult*sigma0 (WAC 5.532731863005245, sigma0 0.0664272093299824, cands [5.66558628166521])
[  128.9s]     !! [F4R1-C] CHECK FAIL: tp fill sh.600694-sell/profit-ztp-2017-11-09-am: price 38.86345890028312 not WAC+mult*sigma0 (WAC 39.7433409067691, sigma0 0.3756392668554157, cands [40.49461944047993])
[  128.9s]     !! [F4R1-C] CHECK FAIL: tp fill sz.002648-sell/profit-ztp-2017-11-14-am: price 14.857799525110222 not WAC+mult*sigma0 (WAC 10.678084141209965, sigma0 0.3127995251102221, cands [11.303683191430409])
[  128.9s]     !! [F4R1-C] CHECK FAIL: tp fill sh.600997-sell/profit-ztp-2017-11-24-pm: price 6.073987550588216 not WAC+mult*sigma0 (WAC 6.778179895117296, sigma0 0.1426583670588105, cands [7.063496629234916])
[  128.9s]     !! [F4R1-C] CHECK FAIL: tp fill sh.600075-sell/profit-ztp-2017-11-28-pm: price 8.112744715731218 not WAC+mult*sigma0 (WAC 10.020916690839869, sigma0 0.1284964771541456, cands [10.27790964514816])
[  128.9s]     !! [F4R1-C] CHECK FAIL: tp fill sz.002567-sell/profit-ztp-2017-12-05-pm: price 7.46365114668612 not WAC+mult*sigma0 (WAC 9.153836258117671, sigma0 0.10910076445741321, cands [9.372037787032498])
[  128.9s]     !! [F4R1-C] CHECK FAIL: tp fill sh.600177-sell/profit-ztp-2018-01-04-pm: price 9.458735109221942 not WAC+mult*sigma0 (WAC 9.273741371139012, sigma0 0.07249007281462787, cands [9.418721516768269])
[  128.9s]     !! [F4R1-C] CHECK FAIL: tp fill sz.000666-sell/profit-ztp-2018-01-09-pm: price 20.19822293581281 not WAC+mult*sigma0 (WAC 20.725221210630092, sigma0 0.2921486238752067, cands [21.309518458380506])
[  128.9s]     !! [F4R1-C] CHECK FAIL: tp fill sh.600729-sell/profit-ztp-2018-01-11-pm: price 25.72762092536507 not WAC+mult*sigma0 (WAC 23.585562422555224, sigma0 0.44508061691004924, cands [24.475723656375322])
[  128.9s]     !! [F4R1-C] CHECK FAIL: tp fill sh.601898-sell/profit-ztp-2018-01-17-pm: price 6.130767953734294 not WAC+mult*sigma0 (WAC 5.7659819546354765, sigma0 0.06576795373429332, cands [5.897517862104063])
[  128.9s]     !! [F4R1-C] CHECK FAIL: tp fill sh.603328-sell/profit-ztp-2018-02-05-am: price 12.717419688091855 not WAC+mult*sigma0 (WAC 12.385196742360375, sigma0 0.27741968809185674, cands [12.940036118544088])
[  128.9s]     !! [F4R1-C] CHECK FAIL: tp fill sh.603188-sell/profit-ztp-2018-02-13-am: price 13.494771512293068 not WAC+mult*sigma0 (WAC 15.192670859115513, sigma0 0.26984767486204503, cands [15.732366208839602])
[  128.9s]     !! [F4R1-C] CHECK FAIL: tp fill sz.000990-sell/profit-ztp-2018-03-08-pm: price 16.647033704887214 not WAC+mult*sigma0 (WAC 16.14290437742603, sigma0 0.3646891365914732, cands [16.872282650608977])
[  128.9s]     !! [F4R1-C] CHECK FAIL: tp fill sh.601238-sell/profit-ztp-2018-03-09-pm: price 22.48294849611046 not WAC+mult*sigma0 (WAC 22.85282347746895, sigma0 0.6686323307403066, cands [24.190088138949562])
[  128.9s]     !! [F4R1-C] CHECK FAIL: tp fill sh.600737-sell/profit-ztp-2018-03-14-pm: price 7.7129604237586875 not WAC+mult*sigma0 (WAC 8.187812534345605, sigma0 0.19530694917245817, cands [8.578426432690522])
[  128.9s]     !! [F4R1-C] CHECK FAIL: tp fill sh.600963-sell/profit-ztp-2018-04-09-pm: price 6.189982627083375 not WAC+mult*sigma0 (WAC 6.52023427800133, sigma0 0.13332175138891691, cands [6.786877780779164])
[  128.9s]     !! [F4R1-C] CHECK FAIL: tp fill sh.600177-sell/profit-ztp-2018-04-09-pm: price 8.5970192282683 not WAC+mult*sigma0 (WAC 8.977612981275723, sigma0 0.08467948551219943, cands [9.146971952300122])
[  128.9s]     !! [F4R1-C] CHECK FAIL: tp fill sh.601186-sell/profit-ztp-2018-04-10-am: price 10.074889355093715 not WAC+mult*sigma0 (WAC 11.17595870727908, sigma0 0.12992623672914305, cands [11.435811180737366])
[  128.9s]     !! [F4R1-C] CHECK FAIL: tp fill sz.000686-sell/profit-ztp-2018-04-18-pm: price 7.8312494634324565 not WAC+mult*sigma0 (WAC 8.252380624798704, sigma0 0.10083297562163862, cands [8.454046576041982])
[  128.9s]     !! [F4R1-C] CHECK FAIL: tp fill sh.600668-sell/profit-ztp-2018-05-03-pm: price 14.18525056820636 not WAC+mult*sigma0 (WAC 15.581974578929955, sigma0 0.23016704547090716, cands [16.04230866987177])
[  128.9s]     !! [F4R1-C] CHECK FAIL: tp fill sz.002061-sell/profit-ztp-2018-05-07-am: price 12.215982650811247 not WAC+mult*sigma0 (WAC 12.156464119692426, sigma0 0.22398843387416337, cands [12.604440987440753])
[  128.9s]     !! [F4R1-C] CHECK FAIL: tp fill sz.000951-sell/profit-ztp-2018-05-10-pm: price 13.620063506219177 not WAC+mult*sigma0 (WAC 15.081240995345205, sigma0 0.1900635062191787, cands [15.461368007783562])
[  128.9s]     !! [F4R1-C] CHECK FAIL: tp fill sz.000800-sell/profit-ztp-2018-05-10-pm: price 9.389503674206395 not WAC+mult*sigma0 (WAC 9.635351126188333, sigma0 0.1445036742063963, cands [9.924358474601124])
[  128.9s]     !! [F4R1-C] CHECK FAIL: tp fill sh.601006-sell/profit-ztp-2018-05-10-pm: price 8.831101476661665 not WAC+mult*sigma0 (WAC 8.655311621410569, sigma0 0.09110147666166446, cands [8.837514574733898])
[  128.9s]     !! [F4R1-C] CHECK FAIL: tp fill sz.000778-sell/profit-ztp-2018-05-16-am: price 4.7515294669921175 not WAC+mult*sigma0 (WAC 5.261951704130165, sigma0 0.06101964466141161, cands [5.383990993452988])
[  128.9s]     !! [F4R1-C] CHECK FAIL: tp fill sz.000937-sell/profit-ztp-2018-05-18-pm: price 4.8717297326272355 not WAC+mult*sigma0 (WAC 5.659878409210049, sigma0 0.07271779905872144, cands [5.805314007327492])
[  128.9s]     !! [F4R1-C] CHECK FAIL: tp fill sh.601222-sell/profit-ztp-2018-05-21-am: price 7.0686194180616235 not WAC+mult*sigma0 (WAC 11.312733762882416, sigma0 0.17907961204108222, cands [11.670892986964581])
[  128.9s]     !! [F4R1-C] CHECK FAIL: tp fill sh.600875-sell/profit-ztp-2018-05-21-pm: price 9.241707528089321 not WAC+mult*sigma0 (WAC 9.294831042153552, sigma0 0.10780501872621441, cands [9.51044107960598])
[  128.9s]     !! [F4R1-C] CHECK FAIL: tp fill sz.000951-sell/profit-ztp-2018-06-01-pm: price 13.037079240386158 not WAC+mult*sigma0 (WAC 14.74692089992713, sigma0 0.27805282692410455, cands [15.30302655377534])
[  128.9s]     !! [F4R1-C] CHECK FAIL: tp fill sz.002365-sell/profit-ztp-2018-07-11-pm: price 15.239126153063083 not WAC+mult*sigma0 (WAC 15.89932887773808, sigma0 0.43941743537538924, cands [16.778163748488858])
[  128.9s]     !! [F4R1-C] CHECK FAIL: tp fill sh.601011-sell/profit-ztp-2018-07-13-pm: price 5.722014156721927 not WAC+mult*sigma0 (WAC 5.753170565395262, sigma0 0.16134277114795054, cands [6.0758561076911635])
[  128.9s]     !! [F4R1-C] CHECK FAIL: tp fill sh.600846-sell/profit-ztp-2018-07-17-pm: price 7.760960528647646 not WAC+mult*sigma0 (WAC 8.730829952330177, sigma0 0.20730701909843038, cands [9.145443990527038])
[  128.9s]     !! [F4R1-C] CHECK FAIL: tp fill sz.000800-sell/profit-ztp-2018-07-17-pm: price 7.767769172194954 not WAC+mult*sigma0 (WAC 9.05253258029167, sigma0 0.23184611479663594, cands [9.516224809884942])
[  128.9s]     !! [F4R1-C] CHECK FAIL: tp fill sh.600093-sell/profit-ztp-2018-07-17-pm: price 11.23320391688873 not WAC+mult*sigma0 (WAC 11.61888471411554, sigma0 0.3221359445924867, cands [12.263156603300512])
[  128.9s]     !! [F4R1-C] CHECK FAIL: tp fill sh.601128-sell/profit-ztp-2018-07-20-am: price 5.802236307052239 not WAC+mult*sigma0 (WAC 6.027790109170147, sigma0 0.10149087136815896, cands [6.230771851906465])
[  128.9s]     !! [F4R1-C] CHECK FAIL: tp fill sh.600160-sell/profit-ztp-2018-07-23-pm: price 8.014106157438665 not WAC+mult*sigma0 (WAC 8.360713536960786, sigma0 0.4960707716257771, cands [9.35285508021234])
[  128.9s]     !! [F4R1-C] CHECK FAIL: tp fill sh.601678-sell/profit-ztp-2018-08-07-pm: price 6.089194012254894 not WAC+mult*sigma0 (WAC 6.623196811733269, sigma0 0.12612934150326277, cands [6.875455494739795])
[  128.9s]     !! [F4R1-C] CHECK FAIL: tp fill sz.002001-sell/profit-ztp-2018-08-13-am: price 16.39133257223163 not WAC+mult*sigma0 (WAC 17.783253230614612, sigma0 0.42088838148775226, cands [18.62502999359012])
[  128.9s]     !! [F4R1-C] CHECK FAIL: tp fill sh.600093-sell/profit-ztp-2018-08-13-am: price 10.326647055805468 not WAC+mult*sigma0 (WAC 11.020740136543084, sigma0 0.2510980372036462, cands [11.522936210950377])
[  128.9s]     !! [F4R1-C] CHECK FAIL: tp fill sz.002440-sell/profit-ztp-2018-08-27-am: price 10.76407907971484 not WAC+mult*sigma0 (WAC 12.401985752311484, sigma0 0.2640790797148399, cands [12.930143911741164])
[  128.9s]     !! [F4R1-C] CHECK FAIL: tp fill sz.000415-sell/profit-ztp-2018-09-12-pm: price 3.726250864354203 not WAC+mult*sigma0 (WAC 4.99910657259391, sigma0 0.05750057623613546, cands [5.114107725066181])
[  128.9s]     !! [F4R1-C] CHECK FAIL: tp fill sh.601633-sell/profit-ztp-2018-09-18-pm: price 7.352507515753052 not WAC+mult*sigma0 (WAC 7.557664274151585, sigma0 0.16167167716870126, cands [7.881007628488987])
[  128.9s]     !! [F4R1-C] CHECK FAIL: tp fill sz.000039-sell/profit-ztp-2018-09-18-pm: price 11.513735367484902 not WAC+mult*sigma0 (WAC 13.323491314600586, sigma0 0.1891569116566006, cands [13.701805137913787])
[  128.9s]     !! [F4R1-C] CHECK FAIL: tp fill sz.002419-sell/profit-ztp-2018-09-20-pm: price 11.289707332397615 not WAC+mult*sigma0 (WAC 12.493158504147555, sigma0 0.3464715549317443, cands [13.186101614011044])
[  128.9s]     !! [F4R1-C] CHECK FAIL: tp fill sh.600348-sell/profit-ztp-2018-09-25-pm: price 5.849047695449501 not WAC+mult*sigma0 (WAC 5.9239268990319065, sigma0 0.09904769544950082, cands [6.122022289930908])
[  128.9s]     !! [F4R1-C] CHECK FAIL: tp fill sz.000050-sell/profit-ztp-2018-09-25-pm: price 12.24637164728491 not WAC+mult*sigma0 (WAC 13.122747426223642, sigma0 0.35091443152327373, cands [13.824576289270189])
[  128.9s]     !! [F4R1-C] CHECK FAIL: tp fill sh.600741-sell/profit-ztp-2018-09-25-pm: price 22.18162007900818 not WAC+mult*sigma0 (WAC 18.81055470170571, sigma0 0.39162007900817847, cands [19.593794859722067])
[  128.9s]     !! [F4R1-C] CHECK FAIL: tp fill sh.600623-sell/profit-ztp-2018-10-11-pm: price 9.263234974429809 not WAC+mult*sigma0 (WAC 9.455090303116386, sigma0 0.173234974429809, cands [9.801560251976003])
[  128.9s]     !! [F4R1-C] CHECK FAIL: tp fill sh.600997-sell/profit-ztp-2018-10-12-am: price 6.377125765108984 not WAC+mult*sigma0 (WAC 6.602081798182344, sigma0 0.17808384340598923, cands [6.958249484994322])
[  128.9s]     !! [F4R1-C] CHECK FAIL: tp fill sh.601101-sell/profit-ztp-2018-10-12-pm: price 6.769665301841581 not WAC+mult*sigma0 (WAC 7.139044789762254, sigma0 0.12644353456105417, cands [7.391931858884362])
[  128.9s]     !! [F4R1-C] CHECK FAIL: tp fill sh.600637-sell/profit-ztp-2018-11-05-pm: price 9.623104795364792 not WAC+mult*sigma0 (WAC 10.715988661987428, sigma0 0.23540319690986264, cands [11.186795055807153])
[  128.9s]     !! [F4R1-C] CHECK FAIL: tp fill sh.600515-sell/profit-ztp-2018-11-12-pm: price 5.787526951697094 not WAC+mult*sigma0 (WAC 7.312216378017075, sigma0 0.21168463446472977, cands [7.735585646946534])
[  128.9s]     !! [F4R1-C] CHECK FAIL: tp fill sh.601588-sell/profit-ztp-2018-11-13-pm: price 3.0720013073138497 not WAC+mult*sigma0 (WAC 3.9299147049926955, sigma0 0.12133420487589988, cands [4.172583114744495])
[  128.9s]     !! [F4R1-C] CHECK FAIL: tp fill sz.002440-sell/profit-ztp-2018-11-15-pm: price 9.55680890639463 not WAC+mult*sigma0 (WAC 11.503237724261973, sigma0 0.27120593759641987, cands [12.045649599454814])
[  128.9s]     !! [F4R1-C] CHECK FAIL: tp fill sz.000778-sell/profit-ztp-2018-11-19-am: price 4.876156342706174 not WAC+mult*sigma0 (WAC 5.045855501831468, sigma0 0.11077089513744927, cands [5.2673972921063665])
[  128.9s]     !! [F4R1-C] CHECK FAIL: tp fill sh.600019-sell/profit-ztp-2018-12-03-pm: price 6.985864545458933 not WAC+mult*sigma0 (WAC 7.40527326026942, sigma0 0.07724303030595484, cands [7.559759320881329])
[  128.9s]     !! [F4R1-C] CHECK FAIL: tp fill sz.002737-sell/profit-ztp-2018-12-05-am: price 17.720597050569083 not WAC+mult*sigma0 (WAC 19.183223270274937, sigma0 0.2937313670460551, cands [19.770686004367047])
[  128.9s]     !! [F4R1-C] CHECK FAIL: tp fill sh.603026-sell/profit-ztp-2018-12-05-pm: price 19.82762675875771 not WAC+mult*sigma0 (WAC 18.159201449405078, sigma0 0.36508450583847024, cands [18.88937046108202])
[  128.9s]     !! [F4R1-C] CHECK FAIL: tp fill sh.600739-sell/profit-ztp-2019-01-03-pm: price 10.749833806922062 not WAC+mult*sigma0 (WAC 12.562290385111629, sigma0 0.19322253794804106, cands [12.948735461007711])
[  128.9s]     !! [F4R1-C] CHECK FAIL: tp fill sh.600348-sell/profit-ztp-2019-01-04-am: price 5.142021730216056 not WAC+mult*sigma0 (WAC 5.662230593169117, sigma0 0.06801448681070382, cands [5.798259566790525])
[  128.9s]     !! [F4R1-C] CHECK FAIL: tp fill sh.603113-sell/profit-ztp-2019-01-04-pm: price 11.229959874819043 not WAC+mult*sigma0 (WAC 11.195919361935381, sigma0 0.2066399165460285, cands [11.609199195027438])
[  128.9s]     !! [F4R1-C] CHECK FAIL: tp fill sz.002233-sell/profit-ztp-2019-01-04-pm: price 10.267816825216636 not WAC+mult*sigma0 (WAC 10.241087969892295, sigma0 0.13187788347775822, cands [10.50484373684781])
[  128.9s]     !! [F4R1-C] CHECK FAIL: tp fill sz.000898-sell/profit-ztp-2019-01-08-pm: price 5.1913025379173465 not WAC+mult*sigma0 (WAC 5.444283227857142, sigma0 0.06130253791734631, cands [5.566888303691834])
[  128.9s]     !! [F4R1-C] CHECK FAIL: tp fill sz.000778-sell/profit-ztp-2019-01-08-pm: price 4.378631960782616 not WAC+mult*sigma0 (WAC 4.911080592644014, sigma0 0.04575464052174355, cands [5.002589873687501])
[  128.9s]     !! [F4R1-C] CHECK FAIL: tp fill sh.600160-sell/profit-ztp-2019-01-08-pm: price 6.8073519350129486 not WAC+mult*sigma0 (WAC 7.482872545655799, sigma0 0.11156795667529959, cands [7.706008459006398])
[  128.9s]     !! [F4R1-C] CHECK FAIL: tp fill sh.600188-sell/profit-ztp-2019-01-16-pm: price 8.989878335882707 not WAC+mult*sigma0 (WAC 10.75686869839313, sigma0 0.13991889058847187, cands [11.036706479570075])
[  128.9s]     !! [F4R1-C] CHECK FAIL: tp fill sz.000825-sell/profit-ztp-2019-01-16-pm: price 4.386140419833893 not WAC+mult*sigma0 (WAC 4.196575715395849, sigma0 0.046140419833893914, cands [4.288856555063637])
[  128.9s]     !! [F4R1-C] CHECK FAIL: tp fill sz.000581-sell/profit-ztp-2019-01-18-pm: price 18.28066425253496 not WAC+mult*sigma0 (WAC 18.228686266912028, sigma0 0.2671095016899748, cands [18.762905270291977])
[  128.9s]     !! [F4R1-C] CHECK FAIL: tp fill sh.603026-sell/profit-ztp-2019-01-22-pm: price 20.409353683369194 not WAC+mult*sigma0 (WAC 18.691761668117923, sigma0 0.3262357889127958, cands [19.344233245943514])
[  128.9s]     !! [F4R1-C] CHECK FAIL: tp fill sh.600668-sell/profit-ztp-2019-02-13-am: price 12.30728569187156 not WAC+mult*sigma0 (WAC 13.942331242070058, sigma0 0.13152379458103977, cands [14.205378831232137])
[  128.9s]     !! [F4R1-C] CHECK FAIL: tp fill sz.000778-sell/profit-ztp-2019-02-13-am: price 4.57134666572846 not WAC+mult*sigma0 (WAC 4.845509340009765, sigma0 0.040897777152307184, cands [4.927304894314379])
[  128.9s]     !! [F4R1-C] CHECK FAIL: tp fill sz.000999-sell/profit-ztp-2019-02-13-am: price 23.781052635394452 not WAC+mult*sigma0 (WAC 24.32566723285028, sigma0 0.33403509026296885, cands [24.993737413376216])
[  128.9s]     !! [F4R1-C] CHECK FAIL: tp fill sz.002183-sell/profit-ztp-2019-02-13-pm: price 4.7397401109266655 not WAC+mult*sigma0 (WAC 5.264039372750372, sigma0 0.07982674061777721, cands [5.423692853985926])
[  128.9s]     !! [F4R1-C] CHECK FAIL: tp fill sh.600346-sell/profit-ztp-2019-02-14-pm: price 14.099291432220893 not WAC+mult*sigma0 (WAC 14.126253821880033, sigma0 0.15286095481392903, cands [14.43197573150789])
[  128.9s]     !! [F4R1-C] CHECK FAIL: tp fill sz.002602-sell/profit-ztp-2019-02-15-pm: price 21.410349068337993 not WAC+mult*sigma0 (WAC 20.34659357868088, sigma0 0.20034906833799626, cands [20.747291715356873])
[  128.9s]     !! [F4R1-C] CHECK FAIL: tp fill sh.600623-sell/profit-ztp-2019-02-18-am: price 8.41673836594896 not WAC+mult*sigma0 (WAC 9.148781897324222, sigma0 0.1444922439659741, cands [9.43776638525617])
[  128.9s]     !! [F4R1-C] CHECK FAIL: tp fill sh.600348-sell/profit-ztp-2019-02-18-am: price 5.43851838155114 not WAC+mult*sigma0 (WAC 5.612596269643214, sigma0 0.04567892103409297, cands [5.7039541117114005])
[  128.9s]     !! [F4R1-C] CHECK FAIL: tp fill sh.600729-sell/profit-ztp-2019-02-18-am: price 29.846907075988636 not WAC+mult*sigma0 (WAC 24.54535405480715, sigma0 0.3712713839924244, cands [25.287896822791996])
[  128.9s]     !! [F4R1-C] CHECK FAIL: tp fill sh.600335-sell/profit-ztp-2019-02-18-am: price 6.953331007494703 not WAC+mult*sigma0 (WAC 11.7674833476202, sigma0 0.11555400499646847, cands [11.998591357613137])
[  128.9s]     !! [F4R1-C] CHECK FAIL: tp fill sz.000789-sell/profit-ztp-2019-02-18-am: price 11.824475573783626 not WAC+mult*sigma0 (WAC 9.102788760092245, sigma0 0.14965038252241852, cands [9.402089525137082])
[  128.9s]     !! [F4R1-C] CHECK FAIL: tp fill sz.002128-sell/profit-ztp-2019-02-18-pm: price 7.972156341213453 not WAC+mult*sigma0 (WAC 8.10248226558174, sigma0 0.06810422747563524, cands [8.238690720533011])
[  128.9s]     !! [F4R1-C] CHECK FAIL: tp fill sz.002419-sell/profit-ztp-2019-03-01-pm: price 12.686296143444272 not WAC+mult*sigma0 (WAC 12.447440393755093, sigma0 0.2108640956295164, cands [12.869168585014126])
[  128.9s]     !! [F4R1-C] CHECK FAIL: tp fill sh.600741-sell/profit-ztp-2019-03-01-pm: price 21.489104344043795 not WAC+mult*sigma0 (WAC 19.195344970708668, sigma0 0.4927362293625321, cands [20.18081742943373])
[  128.9s]     !! [F4R1-C] CHECK FAIL: tp fill sh.600623-sell/profit-ztp-2019-03-06-pm: price 9.415603973300188 not WAC+mult*sigma0 (WAC 9.129784693697953, sigma0 0.1904026488667922, cands [9.510589991431537])
[  128.9s]     !! [F4R1-C] CHECK FAIL: tp fill sz.002626-sell/profit-ztp-2019-03-06-pm: price 14.61053588451003 not WAC+mult*sigma0 (WAC 14.88347273295902, sigma0 0.30035725634002025, cands [15.484187245639061])
[  128.9s]     !! [F4R1-C] CHECK FAIL: tp fill sz.002538-sell/profit-ztp-2019-03-11-pm: price 6.056528894186531 not WAC+mult*sigma0 (WAC 6.489762444184544, sigma0 0.126528894186533, cands [6.74282023255761])
[  128.9s]     !! [F4R1-C] CHECK FAIL: tp fill sh.600377-sell/profit-ztp-2019-03-18-pm: price 10.014214442310138 not WAC+mult*sigma0 (WAC 9.313908153664343, sigma0 0.10280962820675912, cands [9.519527410077862])
[  128.9s]     !! [F4R1-C] CHECK FAIL: tp fill sz.002386-sell/profit-ztp-2019-03-27-am: price 6.959242070815532 not WAC+mult*sigma0 (WAC 7.994878268840803, sigma0 0.13924207081553067, cands [8.273362410471865])
[  128.9s]     !! [F4R1-C] CHECK FAIL: tp fill sz.002101-sell/profit-ztp-2019-04-03-pm: price 9.867838030746414 not WAC+mult*sigma0 (WAC 15.463852359879448, sigma0 0.23189202049760982, cands [15.927636400874668])
[  128.9s]     !! [F4R1-C] CHECK FAIL: tp fill sh.601633-sell/profit-ztp-2019-04-04-pm: price 9.520463572430234 not WAC+mult*sigma0 (WAC 8.065058008053253, sigma0 0.22030904828682274, cands [8.505676104626898])
[  128.9s]     !! [F4R1-C] CHECK FAIL: tp fill sz.000959-sell/profit-ztp-2019-04-08-am: price 4.728123212589966 not WAC+mult*sigma0 (WAC 5.42155286518585, sigma0 0.0987488083933111, cands [5.619050481972472])
[  128.9s]     !! [F4R1-C] CHECK FAIL: tp fill sz.002416-sell/profit-ztp-2019-04-10-pm: price 6.814407864549543 not WAC+mult*sigma0 (WAC 11.013110919734114, sigma0 0.19627190969969574, cands [11.405654739133505])
[  128.9s]     !! [F4R1-C] CHECK FAIL: tp fill sz.002850-sell/profit-ztp-2019-04-16-pm: price 24.86206093679687 not WAC+mult*sigma0 (WAC 34.73254623265485, sigma0 0.6413739578645806, cands [36.01529414838401])
[  128.9s]     !! [F4R1-C] CHECK FAIL: tp fill sz.002626-sell/profit-ztp-2019-04-19-am: price 15.891440424425415 not WAC+mult*sigma0 (WAC 14.92213632954247, sigma0 0.3342936162836101, cands [15.590723562109691])
[  128.9s]     !! [F4R1-C] CHECK FAIL: tp fill sz.002889-sell/profit-ztp-2019-04-22-pm: price 29.219567359581077 not WAC+mult*sigma0 (WAC 27.28529054475817, sigma0 0.6663782397207199, cands [28.61804702419961])
[  128.9s]     !! [F4R1-C] CHECK FAIL: tp fill sz.002661-sell/profit-ztp-2019-05-07-pm: price 15.000861804279795 not WAC+mult*sigma0 (WAC 26.75617167407581, sigma0 0.4005745361865292, cands [27.557320746448866])
[  128.9s]     !! [F4R1-C] CHECK FAIL: tp fill sz.000543-sell/profit-ztp-2019-05-20-pm: price 4.694562426594706 not WAC+mult*sigma0 (WAC 5.12901131380906, sigma0 0.0845624265947051, cands [5.29813616699847])
[  128.9s]     !! [F4R1-C] CHECK FAIL: tp fill sz.000036-sell/profit-ztp-2019-06-10-pm: price 7.615026210054246 not WAC+mult*sigma0 (WAC 6.808167193044933, sigma0 0.17668414003616476, cands [7.1615354731172625])
[  128.9s]     !! [F4R1-C] CHECK FAIL: tp fill sh.601375-sell/profit-ztp-2019-06-19-pm: price 5.3826935578276345 not WAC+mult*sigma0 (WAC 4.776117200507395, sigma0 0.15512903855175614, cands [5.086375277610907])
[  128.9s]     !! [F4R1-C] CHECK FAIL: tp fill sz.000543-sell/profit-ztp-2019-06-20-pm: price 4.820221223156841 not WAC+mult*sigma0 (WAC 4.972129869562962, sigma0 0.12014748210456098, cands [5.212424833772084])
[  128.9s]     !! [F4R1-C] CHECK FAIL: tp fill sz.000402-sell/profit-ztp-2019-06-27-am: price 7.769070797375119 not WAC+mult*sigma0 (WAC 8.634284405155224, sigma0 0.15581542482159857, cands [8.945915254798422])
[  128.9s]     !! [F4R1-C] CHECK FAIL: tp fill sh.600515-sell/profit-ztp-2019-06-28-pm: price 5.074189930322294 not WAC+mult*sigma0 (WAC 6.25305866376241, sigma0 0.08272341348001892, cands [6.418505490722447])
[  128.9s]     !! [F4R1-C] CHECK FAIL: tp fill sz.000728-sell/profit-ztp-2019-07-12-pm: price 9.575325229175183 not WAC+mult*sigma0 (WAC 13.782524211189552, sigma0 0.21032522917518295, cands [14.203174669539917])
[  128.9s]     !! [F4R1-C] CHECK FAIL: tp fill sh.600810-sell/profit-ztp-2019-07-15-am: price 12.956766975997548 not WAC+mult*sigma0 (WAC 10.36043347660729, sigma0 0.28676697599754797, cands [10.933967428602385])
[  128.9s]     !! [F4R1-C] CHECK FAIL: tp fill sz.002092-sell/profit-ztp-2019-09-04-am: price 7.111281997793479 not WAC+mult*sigma0 (WAC 7.227738336368595, sigma0 0.08085466519565221, cands [7.389447666759899])
[  128.9s]     !! [F4R1-C] CHECK FAIL: tp fill sh.600188-sell/profit-ztp-2019-09-04-am: price 11.086548030231887 not WAC+mult*sigma0 (WAC 10.550539374640001, sigma0 0.157698686821258, cands [10.865936748282518])
[  128.9s]     !! [F4R1-C] CHECK FAIL: tp fill sh.600177-sell/profit-ztp-2019-09-04-pm: price 6.37461508151479 not WAC+mult*sigma0 (WAC 8.072340311793283, sigma0 0.05641005434319325, cands [8.18516042047967])
[  128.9s]     !! [F4R1-C] CHECK FAIL: tp fill sz.002798-sell/profit-ztp-2019-09-04-pm: price 19.0571638449954 not WAC+mult*sigma0 (WAC 16.97766508156939, sigma0 0.35716384499539927, cands [17.69199277156019])
[  128.9s]     !! [F4R1-C] CHECK FAIL: tp fill sh.600060-sell/profit-ztp-2019-09-10-pm: price 8.180638175173277 not WAC+mult*sigma0 (WAC 8.798431729347106, sigma0 0.12709211678218393, cands [9.052615962911474])
[  128.9s]     !! [F4R1-C] CHECK FAIL: tp fill sz.000703-sell/profit-ztp-2019-09-10-pm: price 13.653506899997096 not WAC+mult*sigma0 (WAC 12.512679699125572, sigma0 0.1690045999980626, cands [12.850688899121698])
[  128.9s]     !! [F4R1-C] CHECK FAIL: tp fill sz.000709-sell/profit-ztp-2019-09-12-pm: price 2.6794524832986633 not WAC+mult*sigma0 (WAC 2.6693819559031495, sigma0 0.026301655532442278, cands [2.721985266968034])
[  128.9s]     !! [F4R1-C] CHECK FAIL: tp fill sz.002746-sell/profit-ztp-2019-10-08-pm: price 16.424912663372726 not WAC+mult*sigma0 (WAC 19.98360029621905, sigma0 0.30327510891515114, cands [20.590150514049352])
[  128.9s]     !! [F4R1-C] CHECK FAIL: tp fill sh.601666-sell/profit-ztp-2019-10-09-pm: price 3.876816659901579 not WAC+mult*sigma0 (WAC 3.8707329820517073, sigma0 0.03787777326771932, cands [3.946488528587146])
[  128.9s]     !! [F4R1-C] CHECK FAIL: tp fill sz.002092-sell/profit-ztp-2019-10-09-pm: price 7.116264435463974 not WAC+mult*sigma0 (WAC 7.170355445001102, sigma0 0.07084295697598336, cands [7.312041358953068])
[  128.9s]     !! [F4R1-C] CHECK FAIL: tp fill sh.601699-sell/profit-ztp-2019-10-09-pm: price 7.399456406788664 not WAC+mult*sigma0 (WAC 7.203227079800249, sigma0 0.07963760452577544, cands [7.3625022888518])
[  128.9s]     !! [F4R1-C] CHECK FAIL: tp fill sh.600312-sell/profit-ztp-2019-10-10-am: price 7.369078985459547 not WAC+mult*sigma0 (WAC 9.879133926179795, sigma0 0.09907898545954663, cands [10.077291897098888])
[  128.9s]     !! [F4R1-C] CHECK FAIL: tp fill sh.600312-sell/profit-ztp-2019-10-10-pm: price 7.369078985459547 not WAC+mult*sigma0 (WAC 9.879133926179795, sigma0 0.09907898545954663, cands [10.077291897098888])
[  128.9s]     !! [F4R1-C] CHECK FAIL: tp fill sz.000528-sell/profit-ztp-2019-10-11-am: price 6.378797538898998 not WAC+mult*sigma0 (WAC 6.5630931256339045, sigma0 0.07919835926599919, cands [6.721489844165903])
[  128.9s]     !! [F4R1-C] CHECK FAIL: tp fill sh.600859-sell/profit-ztp-2019-10-11-pm: price 14.621493182290276 not WAC+mult*sigma0 (WAC 17.05605294098315, sigma0 0.15432878819351747, cands [17.364710517370185])
[  128.9s]     !! [F4R1-C] CHECK FAIL: tp fill sh.600177-sell/profit-ztp-2019-11-12-pm: price 6.935554633442667 not WAC+mult*sigma0 (WAC 7.774707671254769, sigma0 0.05036975562844481, cands [7.8754471825116585])
[  128.9s]     !! [F4R1-C] CHECK FAIL: tp fill sh.603258-sell/profit-ztp-2019-11-14-pm: price 21.666482897303304 not WAC+mult*sigma0 (WAC 30.20732472354411, sigma0 0.5376552648688693, cands [31.28263525328185])
[  128.9s]     !! [F4R1-C] CHECK FAIL: tp fill sh.600482-sell/profit-ztp-2019-11-18-pm: price 21.349419457330086 not WAC+mult*sigma0 (WAC 29.26235063709197, sigma0 0.2996129715533914, cands [29.861576580198754])
[  128.9s]     !! [F4R1-C] CHECK FAIL: tp fill sz.002128-sell/profit-ztp-2019-11-19-pm: price 8.236671183410696 not WAC+mult*sigma0 (WAC 8.085503630721444, sigma0 0.10444745560713128, cands [8.294398541935706])
[  128.9s]     !! [F4R1-C] CHECK FAIL: tp fill sz.000728-sell/profit-ztp-2019-11-26-am: price 8.3734039010709 not WAC+mult*sigma0 (WAC 11.378101861796294, sigma0 0.08893593404726627, cands [11.555973729890827])
[  128.9s]     !! [F4R1-C] CHECK FAIL: tp fill sz.000728-sell/profit-ztp-2019-12-04-pm: price 8.483849325555301 not WAC+mult*sigma0 (WAC 10.79929929984486, sigma0 0.0825662170368685, cands [10.964431733918596])
[  128.9s]     !! [F4R1-C] CHECK FAIL: tp fill sh.600682-sell/profit-ztp-2019-12-05-pm: price 9.426638524564396 not WAC+mult*sigma0 (WAC 10.420677798437714, sigma0 0.14442568304293069, cands [10.709529164523575])
[  128.9s]     !! [F4R1-C] CHECK FAIL: tp fill sh.600153-sell/profit-ztp-2019-12-06-pm: price 8.450848922223825 not WAC+mult*sigma0 (WAC 7.614180091754777, sigma0 0.09389928148254989, cands [7.801978654719877])
[  128.9s]     !! [F4R1-C] CHECK FAIL: tp fill sz.002274-sell/profit-ztp-2019-12-10-pm: price 6.103057894297597 not WAC+mult*sigma0 (WAC 7.106795610890892, sigma0 0.14203859619839793, cands [7.390872803287688])
[  128.9s]     !! [F4R1-C] CHECK FAIL: tp fill sh.600909-sell/profit-ztp-2019-12-10-pm: price 6.139937067915542 not WAC+mult*sigma0 (WAC 6.128147563850688, sigma0 0.06662471194369458, cands [6.2613969877380775])
[  128.9s]     !! [F4R1-C] CHECK FAIL: tp fill sh.600346-sell/profit-ztp-2019-12-27-am: price 15.299463712072578 not WAC+mult*sigma0 (WAC 14.268619464085068, sigma0 0.2929758080483857, cands [14.85457108018184])
[  128.9s]     !! [F4R1-C] CHECK FAIL: tp fill sh.603609-sell/profit-ztp-2020-01-03-pm: price 12.317574063566298 not WAC+mult*sigma0 (WAC 12.081617290955801, sigma0 0.13838270904419872, cands [12.358382709044198])
[  128.9s]     !! [F4R1-C] CHECK FAIL: tp fill sz.002746-sell/profit-ztp-2020-01-06-pm: price 16.260910756651477 not WAC+mult*sigma0 (WAC 18.291372076844564, sigma0 0.2539405044343175, cands [18.799253085713197])
[  128.9s]     !! [F4R1-C] CHECK FAIL: tp fill sz.000708-sell/profit-ztp-2020-01-06-pm: price 23.469608212370044 not WAC+mult*sigma0 (WAC 13.055203786949221, sigma0 0.4330721415800292, cands [13.92134807010928])
[  128.9s]     !! [F4R1-C] CHECK FAIL: tp fill sz.000090-sell/profit-ztp-2020-01-07-pm: price 5.39076167222839 not WAC+mult*sigma0 (WAC 8.08556265840325, sigma0 0.047174448152259275, cands [8.179911554707768])
[  128.9s]     !! [F4R1-C] CHECK FAIL: tp fill sh.601058-sell/profit-ztp-2020-01-09-am: price 4.607667402168292 not WAC+mult*sigma0 (WAC 3.8342645828492525, sigma0 0.05844493477886103, cands [3.9511544524069744])
[  128.9s]     !! [F4R1-C] CHECK FAIL: tp fill sh.601886-sell/profit-ztp-2020-01-09-pm: price 7.681773226751745 not WAC+mult*sigma0 (WAC 7.365294474615247, sigma0 0.08784881783449734, cands [7.540992110284241])
[  128.9s]     !! [F4R1-C] CHECK FAIL: tp fill sh.600926-sell/profit-ztp-2020-01-13-pm: price 9.611611538731454 not WAC+mult*sigma0 (WAC 11.331787423781057, sigma0 0.0810743591543018, cands [11.49393614208966])
[  128.9s]     !! [F4R1-C] CHECK FAIL: tp fill sz.000543-sell/profit-ztp-2020-01-14-pm: price 4.819134762621252 not WAC+mult*sigma0 (WAC 4.911720656873323, sigma0 0.05942317508083448, cands [5.030567007034992])
[  128.9s]     !! [F4R1-C] CHECK FAIL: tp fill sz.000550-sell/profit-ztp-2020-01-17-pm: price 16.029410097955022 not WAC+mult*sigma0 (WAC 26.894441303122854, sigma0 0.24627339863668107, cands [27.386988100396216])
[  128.9s]     !! [F4R1-C] CHECK FAIL: tp fill sh.603708-sell/profit-ztp-2020-02-04-am: price 23.10297802213503 not WAC+mult*sigma0 (WAC 20.117371089122166, sigma0 0.40397069618004067, cands [20.925312481482248])
[  128.9s]     !! [F4R1-C] CHECK FAIL: tp fill sh.600337-sell/profit-ztp-2020-02-06-pm: price 4.341942560658255 not WAC+mult*sigma0 (WAC 7.24044169195643, sigma0 0.10156596798812693, cands [7.443573627932683])
[  128.9s]     !! [F4R1-C] CHECK FAIL: tp fill sh.600015-sell/profit-ztp-2020-02-07-am: price 7.145192153906134 not WAC+mult*sigma0 (WAC 7.330054894027955, sigma0 0.043461435937423465, cands [7.416977765902802])
[  128.9s]     !! [F4R1-C] CHECK FAIL: tp fill sh.601717-sell/profit-ztp-2020-03-04-pm: price 6.5098400586393526 not WAC+mult*sigma0 (WAC 6.182062365284113, sigma0 0.17989337242623446, cands [6.5418491101365825])
[  128.9s]     !! [F4R1-C] CHECK FAIL: tp fill sz.000966-sell/profit-ztp-2020-03-10-am: price 4.514856144538008 not WAC+mult*sigma0 (WAC 4.736878655377584, sigma0 0.12323742969200573, cands [4.983353514761595])
[  128.9s]     !! [F4R1-C] CHECK FAIL: tp fill sh.603360-sell/profit-ztp-2020-04-01-pm: price 25.17041990425837 not WAC+mult*sigma0 (WAC 27.076932947285915, sigma0 0.6402799361722477, cands [28.35749281963041])
[  128.9s]     !! [F4R1-C] CHECK FAIL: tp fill sz.002091-sell/profit-ztp-2020-04-09-pm: price 6.19991206525603 not WAC+mult*sigma0 (WAC 11.203309672369063, sigma0 0.16660804350402023, cands [11.536525759377103])
[  128.9s]     !! [F4R1-C] CHECK FAIL: tp fill sh.600761-sell/profit-ztp-2020-04-10-pm: price 9.556606495192407 not WAC+mult*sigma0 (WAC 9.779045601486617, sigma0 0.19107099679493797, cands [10.161187595076493])
[  128.9s]     !! [F4R1-C] CHECK FAIL: tp fill sh.603313-sell/profit-ztp-2020-04-14-pm: price 18.996853824347838 not WAC+mult*sigma0 (WAC 20.007468426222836, sigma0 0.7445692162318905, cands [21.49660685868662])
[  128.9s]     !! [F4R1-C] CHECK FAIL: tp fill sh.600926-sell/profit-ztp-2020-04-28-pm: price 7.940489145664817 not WAC+mult*sigma0 (WAC 10.130064443671493, sigma0 0.1469927637765448, cands [10.424049971224584])
[  128.9s]     !! [F4R1-C] CHECK FAIL: tp fill sz.002244-sell/profit-ztp-2020-04-28-pm: price 4.3810876393935105 not WAC+mult*sigma0 (WAC 5.14475868952394, sigma0 0.12072509292900688, cands [5.3862088753819535])
[  128.9s]     !! [F4R1-C] CHECK FAIL: tp fill sh.601058-sell/profit-ztp-2020-04-28-pm: price 4.278155817517579 not WAC+mult*sigma0 (WAC 3.892936738923774, sigma0 0.13210387834505274, cands [4.157144495613879])
[  128.9s]     !! [F4R1-C] CHECK FAIL: tp fill sz.000402-sell/profit-ztp-2020-04-30-am: price 6.822355855144741 not WAC+mult*sigma0 (WAC 7.77058376504077, sigma0 0.12157057009649398, cands [8.013724905233758])
[  128.9s]     !! [F4R1-C] CHECK FAIL: tp fill sz.000983-sell/profit-ztp-2020-05-08-pm: price 4.819008206788269 not WAC+mult*sigma0 (WAC 5.522209258485956, sigma0 0.05933880452551224, cands [5.640886867536981])
[  128.9s]     !! [F4R1-C] CHECK FAIL: tp fill sh.600019-sell/profit-ztp-2020-05-08-pm: price 4.951274567838825 not WAC+mult*sigma0 (WAC 6.520192895842674, sigma0 0.047516378559216386, cands [6.615225652961106])
[  128.9s]     !! [F4R1-C] CHECK FAIL: tp fill sh.600682-sell/profit-ztp-2020-05-13-am: price 8.412783639414862 not WAC+mult*sigma0 (WAC 9.780629180880902, sigma0 0.16185575960990747, cands [10.104340700100717])
[  128.9s]     !! [F4R1-C] CHECK FAIL: tp fill sz.002369-sell/profit-ztp-2020-05-26-pm: price 9.052085009010943 not WAC+mult*sigma0 (WAC 8.95618476130582, sigma0 0.2820850090109423, cands [9.520354779327706])
[  128.9s]     !! [F4R1-C] CHECK FAIL: tp fill sh.600409-sell/profit-ztp-2020-06-02-pm: price 4.772628887412553 not WAC+mult*sigma0 (WAC 5.332511254118249, sigma0 0.05508592494170197, cands [5.442683104001653])
[  128.9s]     !! [F4R1-C] CHECK FAIL: tp fill sh.600390-sell/profit-ztp-2020-06-10-pm: price 6.9741026708872464 not WAC+mult*sigma0 (WAC 7.3360616938565375, sigma0 0.08940178059149792, cands [7.514865255039533])
[  128.9s]     !! [F4R1-C] CHECK FAIL: tp fill sh.600742-sell/profit-ztp-2020-06-10-pm: price 11.600390814821253 not WAC+mult*sigma0 (WAC 17.99355623457992, sigma0 0.12039081482125066, cands [18.23433786422242])
[  128.9s]     !! [F4R1-C] CHECK FAIL: tp fill sh.600373-sell/profit-ztp-2020-06-12-am: price 11.963069186547088 not WAC+mult*sigma0 (WAC 11.702132820527243, sigma0 0.178069186547088, cands [12.058271193621419])
[  128.9s]     !! [F4R1-C] CHECK FAIL: tp fill sh.600373-sell/profit-ztp-2020-06-12-pm: price 11.963069186547088 not WAC+mult*sigma0 (WAC 11.702132820527243, sigma0 0.178069186547088, cands [12.058271193621419])
[  128.9s]     !! [F4R1-C] CHECK FAIL: tp fill sh.600664-sell/profit-ztp-2020-06-15-pm: price 3.5953235562533004 not WAC+mult*sigma0 (WAC 3.552052917913806, sigma0 0.036882370835533564, cands [3.625817659584873])
[  128.9s]     !! [F4R1-C] CHECK FAIL: tp fill sh.600739-sell/profit-ztp-2020-06-16-pm: price 19.781730423355587 not WAC+mult*sigma0 (WAC 14.415087571100518, sigma0 0.3011536155703921, cands [15.017394802241302])
[  128.9s]     !! [F4R1-C] CHECK FAIL: tp fill sh.601700-sell/profit-ztp-2020-06-19-am: price 5.393203561962124 not WAC+mult*sigma0 (WAC 5.5974008185136235, sigma0 0.06880237464141581, cands [5.735005567796455])
[  128.9s]     !! [F4R1-C] CHECK FAIL: tp fill sh.600864-sell/profit-ztp-2020-06-19-pm: price 6.672145931070345 not WAC+mult*sigma0 (WAC 6.345796928005674, sigma0 0.10809728738022996, cands [6.561991502766134])
[  128.9s]     !! [F4R1-C] CHECK FAIL: tp fill sh.601058-sell/profit-ztp-2020-07-01-pm: price 3.609843926630209 not WAC+mult*sigma0 (WAC 3.7904232175727626, sigma0 0.05322928442013933, cands [3.8968817864130414])
[  128.9s]     !! [F4R1-C] CHECK FAIL: tp fill sh.601328-sell/profit-ztp-2020-07-01-pm: price 5.165098560724099 not WAC+mult*sigma0 (WAC 5.147121855323944, sigma0 0.023399040482732177, cands [5.193919936289409])
[  128.9s]     !! [F4R1-C] CHECK FAIL: tp fill sz.000528-sell/profit-ztp-2020-07-02-am: price 6.543063477727556 not WAC+mult*sigma0 (WAC 6.4972787346178915, sigma0 0.06204231848503737, cands [6.621363371587966])
[  128.9s]     !! [F4R1-C] CHECK FAIL: tp fill sz.002665-sell/profit-ztp-2020-07-02-am: price 2.4978567061351478 not WAC+mult*sigma0 (WAC 2.515468938967049, sigma0 0.038571137423431934, cands [2.5926112138139126])
[  128.9s]     !! [F4R1-C] CHECK FAIL: tp fill sz.000703-sell/profit-ztp-2020-07-02-pm: price 9.308911268648895 not WAC+mult*sigma0 (WAC 11.953303220965852, sigma0 0.11927417909926348, cands [12.191851579164378])
[  128.9s]     !! [F4R1-C] CHECK FAIL: tp fill sh.603008-sell/profit-ztp-2020-07-03-pm: price 11.292139227459614 not WAC+mult*sigma0 (WAC 11.137713527125083, sigma0 0.24213922745961458, cands [11.621991982044312])
[  128.9s]     !! [F4R1-C] CHECK FAIL: tp fill sh.600390-sell/profit-ztp-2020-07-03-pm: price 7.594012494504559 not WAC+mult*sigma0 (WAC 7.362545229183691, sigma0 0.07600832966970593, cands [7.514561888523103])
[  128.9s]     !! [F4R1-C] CHECK FAIL: tp fill sh.600782-sell/profit-ztp-2020-07-07-pm: price 4.652246373033308 not WAC+mult*sigma0 (WAC 4.269979165172048, sigma0 0.06816424868887262, cands [4.406307662549793])
[  128.9s]     !! [F4R1-C] CHECK FAIL: tp fill sh.601009-sell/profit-ztp-2020-07-08-pm: price 8.51391911159992 not WAC+mult*sigma0 (WAC 8.337387258933388, sigma0 0.0826127410666123, cands [8.502612741066613])
[  128.9s]     !! [F4R1-C] CHECK FAIL: tp fill sh.601997-sell/profit-ztp-2020-07-09-am: price 8.54269387990903 not WAC+mult*sigma0 (WAC 8.499692835814603, sigma0 0.09269387990903233, cands [8.685080595632668])
[  128.9s]     !! [F4R1-C] CHECK FAIL: tp fill sh.600928-sell/profit-ztp-2020-07-13-am: price 6.1545449589926555 not WAC+mult*sigma0 (WAC 5.853305492320397, sigma0 0.04454495899265508, cands [5.942395410305707])
[  128.9s]     !! [F4R1-C] CHECK FAIL: tp fill sh.600742-sell/profit-ztp-2020-08-04-pm: price 11.34865151399698 not WAC+mult*sigma0 (WAC 16.375088070303125, sigma0 0.3191010093313204, cands [17.013290088965764])
[  128.9s]     !! [F4R1-C] CHECK FAIL: tp fill sh.600510-sell/profit-ztp-2020-08-05-pm: price 8.627752322883033 not WAC+mult*sigma0 (WAC 8.49034718088552, sigma0 0.21183488192202116, cands [8.914016944729562])
[  128.9s]     !! [F4R1-C] CHECK FAIL: tp fill sz.002267-sell/profit-ztp-2020-08-17-pm: price 7.069225270017454 not WAC+mult*sigma0 (WAC 9.093342792353909, sigma0 0.15281684667830317, cands [9.398976485710515])
[  128.9s]     !! [F4R1-C] CHECK FAIL: tp fill sh.600322-sell/profit-ztp-2020-08-20-pm: price 2.9241237440026655 not WAC+mult*sigma0 (WAC 3.5965580140915256, sigma0 0.07608249600177686, cands [3.748723006095079])
[  128.9s]     !! [F4R1-C] CHECK FAIL: tp fill sh.601163-sell/profit-ztp-2020-08-31-am: price 15.58274244878223 not WAC+mult*sigma0 (WAC 13.60560873407116, sigma0 0.4151616325214868, cands [14.435931999114134])
[  128.9s]     !! [F4R1-C] CHECK FAIL: tp fill sh.600021-sell/profit-ztp-2020-09-17-am: price 7.716158966775331 not WAC+mult*sigma0 (WAC 10.866377793357152, sigma0 0.10410597785022077, cands [11.074589749057594])
[  128.9s]     !! [F4R1-C] CHECK FAIL: tp fill sz.000030-sell/profit-ztp-2020-09-17-pm: price 7.203225866185329 not WAC+mult*sigma0 (WAC 7.897038274845945, sigma0 0.24215057745688542, cands [8.381339429759716])
[  128.9s]     !! [F4R1-C] CHECK FAIL: tp fill sh.600742-sell/profit-ztp-2020-10-09-pm: price 10.812368916883884 not WAC+mult*sigma0 (WAC 15.433347636820816, sigma0 0.16157927792258986, cands [15.756506192665995])
[  128.9s]     !! [F4R1-C] CHECK FAIL: tp fill sh.600126-sell/profit-ztp-2020-10-13-pm: price 6.680792722264145 not WAC+mult*sigma0 (WAC 7.453395667375623, sigma0 0.1271951481760967, cands [7.707785963727816])
[  128.9s]     !! [F4R1-C] CHECK FAIL: tp fill sz.002486-sell/profit-ztp-2020-10-15-am: price 3.7566566546294036 not WAC+mult*sigma0 (WAC 3.7579453260565736, sigma0 0.06165665462940328, cands [3.88125863531538])
[  128.9s]     !! [F4R1-C] CHECK FAIL: tp fill sz.002486-sell/profit-ztp-2020-10-15-pm: price 3.7566566546294036 not WAC+mult*sigma0 (WAC 3.7579453260565736, sigma0 0.06165665462940328, cands [3.88125863531538])
[  128.9s]     !! [F4R1-C] CHECK FAIL: tp fill sh.601998-sell/profit-ztp-2020-10-22-pm: price 5.302404733740119 not WAC+mult*sigma0 (WAC 5.470674001269264, sigma0 0.03493648916007861, cands [5.540546979589421])
[  128.9s]     !! [F4R1-C] CHECK FAIL: tp fill sh.600682-sell/profit-ztp-2020-11-02-pm: price 10.655835032058246 not WAC+mult*sigma0 (WAC 10.078926347405659, sigma0 0.237223354705496, cands [10.553373056816651])
[  128.9s]     !! [F4R1-C] CHECK FAIL: tp fill sh.600637-sell/profit-ztp-2020-11-02-pm: price 9.316329691878064 not WAC+mult*sigma0 (WAC 10.111323526576403, sigma0 0.0908864612520419, cands [10.293096449080487])
[  128.9s]     !! [F4R1-C] CHECK FAIL: tp fill sz.002567-sell/profit-ztp-2020-11-03-pm: price 7.959589591634103 not WAC+mult*sigma0 (WAC 8.36800913825006, sigma0 0.1395895916341022, cands [8.647188321518264])
[  128.9s]     !! [F4R1-C] CHECK FAIL: tp fill sh.600523-sell/profit-ztp-2020-11-04-pm: price 15.779936857448176 not WAC+mult*sigma0 (WAC 16.069336929116886, sigma0 0.2932912382987822, cands [16.65591940571445])
[  128.9s]     !! [F4R1-C] CHECK FAIL: tp fill sh.600282-sell/profit-ztp-2020-11-05-pm: price 3.099785315420009 not WAC+mult*sigma0 (WAC 3.0701431230533265, sigma0 0.019856876946672933, cands [3.1098568769466723])
[  128.9s]     !! [F4R1-C] CHECK FAIL: tp fill sh.600373-sell/profit-ztp-2020-11-06-pm: price 11.778663523993957 not WAC+mult*sigma0 (WAC 11.651710988395937, sigma0 0.1391090159959712, cands [11.92992902038788])
[  128.9s]     !! [F4R1-C] CHECK FAIL: tp fill sz.002223-sell/profit-ztp-2020-11-09-am: price 31.219857576443697 not WAC+mult*sigma0 (WAC 29.95577773117143, sigma0 0.4665717176291311, cands [30.888921166429693])
[  128.9s]     !! [F4R1-C] CHECK FAIL: tp fill sz.002768-sell/profit-ztp-2020-11-09-am: price 32.31048039944183 not WAC+mult*sigma0 (WAC 32.751068821339224, sigma0 0.5736535996278869, cands [33.898376020594995])
[  128.9s]     !! [F4R1-C] CHECK FAIL: tp fill sz.002419-sell/profit-ztp-2020-11-09-pm: price 8.611371336742078 not WAC+mult*sigma0 (WAC 11.424632683921146, sigma0 0.12758089116138546, cands [11.679794466243917])
[  128.9s]     !! [F4R1-C] CHECK FAIL: tp fill sh.603708-sell/profit-ztp-2020-11-09-pm: price 27.15547682960851 not WAC+mult*sigma0 (WAC 21.166206445819267, sigma0 0.503651219739005, cands [22.173508885297277])
[  128.9s]     !! [F4R1-C] CHECK FAIL: tp fill sz.002734-sell/profit-ztp-2020-11-13-pm: price 13.36171151876132 not WAC+mult*sigma0 (WAC 13.54655178879919, sigma0 0.3717115187613214, cands [14.289974826321833])
[  128.9s]     !! [F4R1-C] CHECK FAIL: tp fill sz.002940-sell/profit-ztp-2020-12-01-pm: price 45.948834300572614 not WAC+mult*sigma0 (WAC 52.46600957330402, sigma0 0.5658895337150776, cands [53.59778864073417])
[  128.9s]     !! [F4R1-C] CHECK FAIL: tp fill sz.002734-sell/profit-ztp-2020-12-01-pm: price 13.638342345865086 not WAC+mult*sigma0 (WAC 13.502040320501795, sigma0 0.15222823057672397, cands [13.806496781655243])
[  128.9s]     !! [F4R1-C] CHECK FAIL: tp fill sz.002661-sell/profit-ztp-2020-12-01-pm: price 20.062972468357998 not WAC+mult*sigma0 (WAC 24.479129508068947, sigma0 0.2587171599852875, cands [24.996563828039523])
[  128.9s]     !! [F4R1-C] CHECK FAIL: tp fill sh.603258-sell/profit-ztp-2020-12-07-pm: price 34.479083185568584 not WAC+mult*sigma0 (WAC 30.942963483815475, sigma0 0.4193887903790572, cands [31.78174106457359])
[  128.9s]     !! [F4R1-C] CHECK FAIL: tp fill sh.600823-sell/profit-ztp-2020-12-11-pm: price 5.889677867504592 not WAC+mult*sigma0 (WAC 6.158656061516378, sigma0 0.11311857833639473, cands [6.384893218189168])
[  128.9s]     !! [F4R1-C] CHECK FAIL: tp fill sz.000915-sell/profit-ztp-2020-12-17-am: price 25.733151276443838 not WAC+mult*sigma0 (WAC 24.73259280894377, sigma0 0.3821008509625585, cands [25.496794510868888])
[  128.9s]     !! [F4R1-C] CHECK FAIL: tp fill sz.002950-sell/profit-ztp-2020-12-21-pm: price 21.929936081781452 not WAC+mult*sigma0 (WAC 22.372696017698978, sigma0 0.3499360817814553, cands [23.07256818126189])
[  128.9s]     !! [F4R1-C] CHECK FAIL: tp fill sz.002223-sell/profit-ztp-2020-12-21-pm: price 28.740518467449483 not WAC+mult*sigma0 (WAC 29.208238657731012, sigma0 0.5136789782996565, cands [30.235596614330326])
[  129.3s]     !! [F4R1-C] CHECK FAIL: stop fill sz.000601 2017-03-01: price 8.213841225011437 != min(line 8.063934804100903, open 8.22) = 8.063934804100903
[  129.3s]     !! [F4R1-C] CHECK FAIL: stop fill sh.600684 2017-09-06: price 6.954863085612002 != min(line 6.744863085612002, open 7.0) = 6.744863085612002
[  129.5s]     !! [F4R1-C] CHECK FAIL: stop fill sh.600694 2018-10-08: price 26.8 != min(line 26.72644727202632, open 26.8) = 26.72644727202632
[  130.0s] == 11. metrics & gates (gates 1-7 R16 verbatim; gate 8 v1.4 caliber) ==
[  131.8s]   F4R1-A: net +0.02% excess -0.58pp adv 3/6 mdd -11.68% turn 6.89 w 28.0% g8 35+0/35=100.0% stuck 0 goal10 False -> eliminated ['2_excess_vs_B1m_ge_2pp', '3_advantage_years_ge_5_of_6', '5_one_side_turnover_le_6']
[  133.5s]   F4R1-B: net -0.01% excess -0.61pp adv 3/6 mdd -9.06% turn 6.40 w 28.0% g8 35+0/35=100.0% stuck 0 goal10 False -> eliminated ['1_net_cagr_gt_0', '2_excess_vs_B1m_ge_2pp', '3_advantage_years_ge_5_of_6', '5_one_side_turnover_le_6']
[  135.5s]   F4R1-C: net +0.86% excess +0.26pp adv 3/6 mdd -11.51% turn 6.96 w 28.0% g8 29+0/29=100.0% stuck 0 goal10 False -> eliminated ['2_excess_vs_B1m_ge_2pp', '3_advantage_years_ge_5_of_6', '5_one_side_turnover_le_6']
[  135.5s] == 12. death attribution ==
[  135.9s]   F4R1-A: attribution ['failed_gates', 'gate3_years', 'gate5_turnover']
[  136.4s]   F4R1-B: attribution ['failed_gates', 'gate3_years', 'gate5_turnover']
[  136.7s]   F4R1-C: attribution ['failed_gates', 'gate3_years', 'gate5_turnover']
[  136.7s] == 13. stop-rule verdict + disclosures ==
[  136.7s]   no ARM passed the dev gates (0/3): all three eliminated -> attribution report; STOP per prereg sec 7; F4R2 NOT opened autonomously.
[  136.7s] == 14. report + metrics_and_gates.json + manifest ==
[    0.0s] == 0. identity pins (engine v1.4 frozen, prereg frozen; full-dev run) ==
[    0.0s]   engine: 7ad35014d72711cb expect 7ad35014d72711cb43ab6aedc232d70adf7eece60604b2a057ee039c9bd11e78 match=True
[    0.4s]   daily: d9a63f4cc3032926 expect d9a63f4cc3032926 match=True
[    0.4s]   halfday_manifest: 2a414174b5df2eee expect 2a414174b5df2eee match=True
[    0.4s]   split_factor: 2f436b2f13d09a9b expect 2f436b2f13d09a9b match=True
[    0.4s]   dividends: 46121c09cddde72e expect 46121c09cddde72e match=True
[    0.4s]   index_000300: 05aaa8183a11c674 expect 05aaa8183a11c674 match=True
[    0.4s]   f3r1_icw_composite: b09242ee542cf675 expect b09242ee542cf675 match=True
[    0.4s]   f3r1_manifest: 9feb6080e985971a expect None match=True
[    0.4s]   f3r1_metrics: 714fd8acb7174c2b expect None match=True
[    0.4s]   industry_l1: 4edffc3994fb527a expect 4edffc3994fb527a match=True
[    0.4s]   r16_config: 27f846a7330919a4 expect 27f846a7330919a4 match=True
[    0.4s]   r16_metrics: 8d0b6ebbdea6ebb9 expect None match=True
[    0.4s]   prereg: 861dc273f0726101 expect None match=True
[    0.4s]   f4r1_config: aa5699aec021aa46 expect None match=True
[    0.4s]   f3r3_runner_source: e404845b442a2bda expect None match=True
[    0.4s]   f3r3_manifest: 2b5a680575d40161 expect None match=True
[    0.4s]   smoke_manifest: 9ed42a82354264cc expect None match=True
[    0.4s]   v3_metrics_r306_anchor_source: 9e2cd4aafec15c08 expect None match=True
[    0.4s]   etf_manifest: 8b5b3fe56c0e02fd expect None match=True
[    0.4s]   gate anchors: B1(m) net +0.60% mdd -39.82%; B3' -0.0199 (== prereg sec 2 frozen values)
[    0.5s]   halfday rows total: 18486939 (pin 18,486,939)
[    4.5s]   etf processed dir aggregate: 75777221a8b33502 (7 files); fund_adj batch re-verified (1169 chunks, 0 mismatches)
[    4.5s]   python 3.11.15 | polars 1.44.2 | numpy 1.26.4 | rss 0.29 GB
[    4.5s] == 1. calendar & signal days (full dev) ==
[    4.6s]   71 full-dev signal days (2015-01-30..2020-11-30; 2020-12-31 dropped as signal, kept as expiry anchor)
[    4.6s] == 2. exposures (T200-40 month-end, full dev) ==
[    4.7s]   exposures[2015-01-30]=0.40 [2020-11-30]=0.90
[    4.7s] == 3. F3R1 ICW composite + candidate tables ==
[    4.8s]   candidates: top-20 per signal month; full-dev union 778 symbols over 71 signal days
[    4.8s] == 4. candidate closes (sigma0 / p0 lookups) ==
[    6.3s]   close lookups: 1114468 traded (symbol, session) points for 778 candidates
[    6.3s] == 5. industry map (shenwan L1, 2026 single snapshot) ==
[    6.3s]   industry L1 map: 5902 stocks, 31 industries; full-dev candidates unmapped 1 -> UNMAPPED bucket (same cap); 2026 single-snapshot lookahead disclosed in prereg sec 3
[    6.4s]   zones frame F4R1-A: 1398 rows (of 1420 candidates; sigma excluded {'lookback_gap': 22})
[    6.4s]   zones frame F4R1-B: 1398 rows (of 1420 candidates; sigma excluded {'lookback_gap': 22})
[    6.5s]   zones frame F4R1-C: 1398 rows (of 1420 candidates; sigma excluded {'lookback_gap': 22})
[    6.5s] == 6. ETF assets ==
[    6.5s]   etf panel dev rows: 13158 per member {'sh.511010': 1462, 'sh.510050': 1462, 'sz.159915': 1462, 'sh.518880': 1462, 'sh.513100': 1462, 'sz.159934': 1462, 'sh.513500': 1462, 'sh.510300': 1462, 'sh.510880': 1462}
[    6.5s]   assertion (ii) preclose nulls: 0
[    6.5s]   assertion (iii): sse 1462 days, panel union 1462 days, missing [], extra []
[    6.6s]   factor coverage gaps per member: {'sh.511010': 0, 'sh.518880': 0, 'sh.510050': 0, 'sh.510300': 0, 'sz.159915': 0, 'sh.510880': 0, 'sh.513100': 0, 'sh.513500': 0, 'sz.159934': 0}
[    6.6s]   dividend events built: 18 {'sh.510050': 5, 'sh.510300': 6, 'sh.510880': 6, 'sh.511010': 1}
[    6.6s]   159934 dev mismatch rows: 1; dividend-rule events: 0 (frozen)
[    6.6s] == 7. market frames (shared loaders) ==
[   16.1s]   limits 9705448 rows, splits 4930, dividends 28450 (full files; dev-filtered per run)
[   16.1s] == 8. F4R1-A0 anchor (R3-06 verbatim, byte reproduction) ==
[   16.4s]   A0 engine run 0.2s, intents 206 | rss 1.25 GB
[   16.4s]   A0 intents: byte_equal=True rows_equal=True
[   16.4s]   A0 fills: byte_equal=True rows_equal=True
[   16.4s]   A0 events: byte_equal=True rows_equal=True
[   16.4s]   A0 daily_equity: byte_equal=True rows_equal=True
[   16.4s]   A0 clips_final: byte_equal=True rows_equal=True
[   16.4s]   F4R1-A0 anchor PASS (5/5 frames byte-equal to F3R3-A0)
[   16.4s] == 9. dev frames (full-period mixed panel) ==
[   17.1s]   dev panel: daily 1066550 rows, half 2041654, limits 1061229, stocks 770 | rss 2.13 GB
[   17.1s] == 10. arm runs: 3 arms x full dev ==
[   35.4s]   [F4R1-A] engine 10.7s, fills 4666, zones 1335, admitted 1335 | rss 3.72 GB
[   35.4s]     [F4R1-A] month 2015-01-30: mid-month admissions 8 (seats recycled intra-month)
[   35.5s]     !! [F4R1-A] CHECK FAIL: ladder fill sh.600216-buy-zladder-2020-10-30-am-t0: price 14.35530884700119 != anchor 14.49 - 0.5*sigma0(0.2877118548020347) = 14.346144072598983
[   47.0s]   [F4R1-B] engine 10.7s, fills 4397, zones 1336, admitted 1320 | rss 3.83 GB
[   47.0s]     [F4R1-B] month 2015-01-30: mid-month admissions 8 (seats recycled intra-month)
[   47.1s]     !! [F4R1-B] CHECK FAIL: ladder fill sh.600216-buy-zladder-2020-10-30-am-t0: price 14.35530884700119 != anchor 14.49 - 0.5*sigma0(0.2877118548020347) = 14.346144072598983
[   57.9s]   [F4R1-C] engine 10.2s, fills 3116, zones 1367, admitted 1367 | rss 3.87 GB
[   57.9s]     [F4R1-C] month 2015-01-30: mid-month admissions 10 (seats recycled intra-month)
[   58.6s] == 11. metrics & gates (gates 1-7 R16 verbatim; gate 8 v1.4 caliber) ==
[   59.0s]   F4R1-A: net +0.02% excess -0.58pp adv 3/6 mdd -11.68% turn 6.89 w 28.0% g8 35+0/35=100.0% stuck 0 goal10 False -> eliminated ['2_excess_vs_B1m_ge_2pp', '3_advantage_years_ge_5_of_6', '5_one_side_turnover_le_6']
[   59.3s]   F4R1-B: net -0.01% excess -0.61pp adv 3/6 mdd -9.06% turn 6.40 w 28.0% g8 35+0/35=100.0% stuck 0 goal10 False -> eliminated ['1_net_cagr_gt_0', '2_excess_vs_B1m_ge_2pp', '3_advantage_years_ge_5_of_6', '5_one_side_turnover_le_6']
[   59.6s]   F4R1-C: net +0.86% excess +0.26pp adv 3/6 mdd -11.51% turn 6.96 w 28.0% g8 29+0/29=100.0% stuck 0 goal10 False -> eliminated ['2_excess_vs_B1m_ge_2pp', '3_advantage_years_ge_5_of_6', '5_one_side_turnover_le_6']
[   59.6s] == 12. death attribution ==
[   59.7s]   F4R1-A: attribution ['failed_gates', 'gate3_years', 'gate5_turnover']
[   59.8s]   F4R1-B: attribution ['failed_gates', 'gate3_years', 'gate5_turnover']
[   59.9s]   F4R1-C: attribution ['failed_gates', 'gate3_years', 'gate5_turnover']
[   59.9s] == 13. stop-rule verdict + disclosures ==
[   59.9s]   no ARM passed the dev gates (0/3): all three eliminated -> attribution report; STOP per prereg sec 7; F4R2 NOT opened autonomously.
[   59.9s] == 14. report + metrics_and_gates.json + manifest ==
[   60.1s]   report.md + metrics_and_gates.json written
[   60.1s] == manifest written; wall 60s, peak rss 3.87 GB ==
[   60.1s] == VERDICT: 0/3 arms dev_pass, 0 goal_met; no ARM passed the dev gates (0/3): all three eliminated -> attribution report; STOP per prereg sec 7; F4R2 NOT opened autonomously.
[    0.0s] == 0. identity pins (engine v1.4 frozen, prereg frozen; full-dev run) ==
[    0.0s]   engine: 7ad35014d72711cb expect 7ad35014d72711cb43ab6aedc232d70adf7eece60604b2a057ee039c9bd11e78 match=True
[    0.5s]   daily: d9a63f4cc3032926 expect d9a63f4cc3032926 match=True
[    0.5s]   halfday_manifest: 2a414174b5df2eee expect 2a414174b5df2eee match=True
[    0.5s]   split_factor: 2f436b2f13d09a9b expect 2f436b2f13d09a9b match=True
[    0.5s]   dividends: 46121c09cddde72e expect 46121c09cddde72e match=True
[    0.5s]   index_000300: 05aaa8183a11c674 expect 05aaa8183a11c674 match=True
[    0.5s]   f3r1_icw_composite: b09242ee542cf675 expect b09242ee542cf675 match=True
[    0.5s]   f3r1_manifest: 9feb6080e985971a expect None match=True
[    0.5s]   f3r1_metrics: 714fd8acb7174c2b expect None match=True
[    0.5s]   industry_l1: 4edffc3994fb527a expect 4edffc3994fb527a match=True
[    0.5s]   r16_config: 27f846a7330919a4 expect 27f846a7330919a4 match=True
[    0.5s]   r16_metrics: 8d0b6ebbdea6ebb9 expect None match=True
[    0.5s]   prereg: 861dc273f0726101 expect None match=True
[    0.5s]   f4r1_config: aa5699aec021aa46 expect None match=True
[    0.5s]   f3r3_runner_source: e404845b442a2bda expect None match=True
[    0.5s]   f3r3_manifest: 2b5a680575d40161 expect None match=True
[    0.5s]   smoke_manifest: 9ed42a82354264cc expect None match=True
[    0.5s]   v3_metrics_r306_anchor_source: 9e2cd4aafec15c08 expect None match=True
[    0.5s]   etf_manifest: 8b5b3fe56c0e02fd expect None match=True
[    0.5s]   gate anchors: B1(m) net +0.60% mdd -39.82%; B3' -0.0199 (== prereg sec 2 frozen values)
[    0.5s]   halfday rows total: 18486939 (pin 18,486,939)
[    3.4s]   etf processed dir aggregate: 75777221a8b33502 (7 files); fund_adj batch re-verified (1169 chunks, 0 mismatches)
[    3.4s]   python 3.11.15 | polars 1.44.2 | numpy 1.26.4 | rss 0.29 GB
[    3.4s] == 1. calendar & signal days (full dev) ==
[    3.5s]   71 full-dev signal days (2015-01-30..2020-11-30; 2020-12-31 dropped as signal, kept as expiry anchor)
[    3.5s] == 2. exposures (T200-40 month-end, full dev) ==
[    3.5s]   exposures[2015-01-30]=0.40 [2020-11-30]=0.90
[    3.5s] == 3. F3R1 ICW composite + candidate tables ==
[    3.6s]   candidates: top-20 per signal month; full-dev union 778 symbols over 71 signal days
[    3.6s] == 4. candidate closes (sigma0 / p0 lookups) ==
[    5.1s]   close lookups: 1114468 traded (symbol, session) points for 778 candidates
[    5.1s] == 5. industry map (shenwan L1, 2026 single snapshot) ==
[    5.1s]   industry L1 map: 5902 stocks, 31 industries; full-dev candidates unmapped 1 -> UNMAPPED bucket (same cap); 2026 single-snapshot lookahead disclosed in prereg sec 3
[    5.1s]   zones frame F4R1-A: 1398 rows (of 1420 candidates; sigma excluded {'lookback_gap': 22})
[    5.1s]   zones frame F4R1-B: 1398 rows (of 1420 candidates; sigma excluded {'lookback_gap': 22})
[    5.2s]   zones frame F4R1-C: 1398 rows (of 1420 candidates; sigma excluded {'lookback_gap': 22})
[    5.2s] == 6. ETF assets ==
[    5.2s]   etf panel dev rows: 13158 per member {'sh.513100': 1462, 'sz.159934': 1462, 'sh.510300': 1462, 'sh.511010': 1462, 'sh.510050': 1462, 'sh.510880': 1462, 'sh.518880': 1462, 'sh.513500': 1462, 'sz.159915': 1462}
[    5.2s]   assertion (ii) preclose nulls: 0
[    5.2s]   assertion (iii): sse 1462 days, panel union 1462 days, missing [], extra []
[    5.2s]   factor coverage gaps per member: {'sh.511010': 0, 'sh.518880': 0, 'sh.510050': 0, 'sh.510300': 0, 'sz.159915': 0, 'sh.510880': 0, 'sh.513100': 0, 'sh.513500': 0, 'sz.159934': 0}
[    5.3s]   dividend events built: 18 {'sh.510050': 5, 'sh.510300': 6, 'sh.510880': 6, 'sh.511010': 1}
[    5.3s]   159934 dev mismatch rows: 1; dividend-rule events: 0 (frozen)
[    5.3s] == 7. market frames (shared loaders) ==
[   14.6s]   limits 9705448 rows, splits 4930, dividends 28450 (full files; dev-filtered per run)
[   14.6s] == 8. F4R1-A0 anchor (R3-06 verbatim, byte reproduction) ==
[   14.8s]   A0 engine run 0.2s, intents 206 | rss 1.26 GB
[   14.8s]   A0 intents: byte_equal=True rows_equal=True
[   14.8s]   A0 fills: byte_equal=True rows_equal=True
[   14.8s]   A0 events: byte_equal=True rows_equal=True
[   14.8s]   A0 daily_equity: byte_equal=True rows_equal=True
[   14.8s]   A0 clips_final: byte_equal=True rows_equal=True
[   14.8s]   F4R1-A0 anchor PASS (5/5 frames byte-equal to F3R3-A0)
[   14.8s] == 9. dev frames (full-period mixed panel) ==
[   15.5s]   dev panel: daily 1066550 rows, half 2041654, limits 1061229, stocks 770 | rss 2.14 GB
[   15.5s] == 10. arm runs: 3 arms x full dev ==
[   35.0s]   [F4R1-A] engine 11.6s, fills 4666, zones 1335, admitted 1335 | rss 3.76 GB
[   35.0s]     [F4R1-A] month 2015-01-30: mid-month admissions 8 (seats recycled intra-month)
[   46.8s]   [F4R1-B] engine 10.9s, fills 4397, zones 1336, admitted 1320 | rss 3.85 GB
[   46.8s]     [F4R1-B] month 2015-01-30: mid-month admissions 8 (seats recycled intra-month)
[   58.5s]   [F4R1-C] engine 10.9s, fills 3116, zones 1367, admitted 1367 | rss 3.89 GB
[   58.5s]     [F4R1-C] month 2015-01-30: mid-month admissions 10 (seats recycled intra-month)
[   59.3s] == 11. metrics & gates (gates 1-7 R16 verbatim; gate 8 v1.4 caliber) ==
[   59.6s]   F4R1-A: net +0.02% excess -0.58pp adv 3/6 mdd -11.68% turn 6.89 w 28.0% g8 35+0/35=100.0% stuck 0 goal10 False -> eliminated ['2_excess_vs_B1m_ge_2pp', '3_advantage_years_ge_5_of_6', '5_one_side_turnover_le_6']
[   60.0s]   F4R1-B: net -0.01% excess -0.61pp adv 3/6 mdd -9.06% turn 6.40 w 28.0% g8 35+0/35=100.0% stuck 0 goal10 False -> eliminated ['1_net_cagr_gt_0', '2_excess_vs_B1m_ge_2pp', '3_advantage_years_ge_5_of_6', '5_one_side_turnover_le_6']
[   60.3s]   F4R1-C: net +0.86% excess +0.26pp adv 3/6 mdd -11.51% turn 6.96 w 28.0% g8 29+0/29=100.0% stuck 0 goal10 False -> eliminated ['2_excess_vs_B1m_ge_2pp', '3_advantage_years_ge_5_of_6', '5_one_side_turnover_le_6']
[   60.3s] == 12. death attribution ==
[   60.3s]   F4R1-A: attribution ['failed_gates', 'gate3_years', 'gate5_turnover']
[   60.4s]   F4R1-B: attribution ['failed_gates', 'gate3_years', 'gate5_turnover']
[   60.5s]   F4R1-C: attribution ['failed_gates', 'gate3_years', 'gate5_turnover']
[   60.5s] == 13. stop-rule verdict + disclosures ==
[   60.5s]   no ARM passed the dev gates (0/3): all three eliminated -> attribution report; STOP per prereg sec 7; F4R2 NOT opened autonomously.
[   60.5s] == 14. report + metrics_and_gates.json + manifest ==
[   60.8s]   report.md + metrics_and_gates.json written
[   60.8s] == manifest written; wall 61s, peak rss 3.89 GB ==
[   60.8s] == VERDICT: 0/3 arms dev_pass, 0 goal_met; no ARM passed the dev gates (0/3): all three eliminated -> attribution report; STOP per prereg sec 7; F4R2 NOT opened autonomously.
