unit,code,date,status,reason,source
PV1_REV11_RANK50_TRAIN_V1,sh.600163,2015-01-05,DISCLOSE,daily_mismatch,"{""open"": 0.0, ""high"": 0.0, ""low"": 0.0, ""close"": -0.01, ""volume"": 0.0}"
PV1_REV11_RANK50_TRAIN_V1,sh.600277,2015-01-05,EXACT,,
PV1_REV11_RANK50_TRAIN_V1,sh.600312,2015-01-05,DISCLOSE,daily_mismatch,"{""open"": 0.0, ""high"": 0.0, ""low"": 0.0, ""close"": -0.01, ""volume"": 0.0}"
PV1_REV11_RANK50_TRAIN_V1,sh.600562,2015-01-05,DISCLOSE,daily_mismatch,"{""open"": 0.0, ""high"": 0.0, ""low"": 0.0, ""close"": 0.03, ""volume"": 0.0}"
PV1_REV11_RANK50_TRAIN_V1,sh.600979,2015-01-05,EXACT,,
PV1_REV11_RANK50_TRAIN_V1,sh.603001,2015-01-05,EXACT,,
PV1_REV11_RANK50_TRAIN_V1,sz.000816,2015-01-05,EXACT,,
PV1_REV11_RANK50_TRAIN_V1,sz.000893,2015-01-05,EXACT,,
PV1_REV11_RANK50_TRAIN_V1,sz.002385,2015-01-05,EXACT,,
PV1_REV11_RANK50_TRAIN_V1,sz.300212,2015-01-05,EXACT,,
REV_vola_11,sh.600212,2015-01-05,DISCLOSE,daily_mismatch,"{""open"": 0.0, ""high"": 0.0, ""low"": 0.0, ""close"": -0.03, ""volume"": 0.0}"
REV_vola_11,sz.000711,2015-01-05,EXACT,,
REV_vola_11,sz.002313,2015-01-05,EXACT,,
REV_vola_11,sz.002488,2015-01-05,EXACT,,
REV_vola_11,sz.002496,2015-01-05,EXACT,,
REV_vola_11,sz.002520,2015-01-05,EXACT,,
REV_vola_11,sz.002606,2015-01-05,EXACT,,
REV_vola_11,sz.300085,2015-01-05,EXACT,,
REV_vola_11,sz.300223,2015-01-05,EXACT,,
REV_vola_11,sz.300348,2015-01-05,EXACT,,
PV1_REV11_RANK50_TRAIN_V1,sh.600219,2015-02-02,DISCLOSE,daily_mismatch,"{""open"": 0.0, ""high"": 0.0, ""low"": 0.0, ""close"": 0.01, ""volume"": 0.0}"
PV1_REV11_RANK50_TRAIN_V1,sh.600352,2015-02-02,EXACT,,
PV1_REV11_RANK50_TRAIN_V1,sh.601299,2015-02-02,EXACT,,
PV1_REV11_RANK50_TRAIN_V1,sh.601766,2015-02-02,DISCLOSE,daily_mismatch,"{""open"": 0.0, ""high"": 0.0, ""low"": 0.0, ""close"": 0.01, ""volume"": -4.0}"
PV1_REV11_RANK50_TRAIN_V1,sz.002118,2015-02-02,EXACT,,
PV1_REV11_RANK50_TRAIN_V1,sz.002440,2015-02-02,EXACT,,
PV1_REV11_RANK50_TRAIN_V1,sz.002448,2015-02-02,EXACT,,
PV1_REV11_RANK50_TRAIN_V1,sz.300016,2015-02-02,EXACT,,
PV1_REV11_RANK50_TRAIN_V1,sz.300090,2015-02-02,EXACT,,
PV1_REV11_RANK50_TRAIN_V1,sz.300358,2015-02-02,EXACT,,
REV_vola_11,sh.600156,2015-02-02,EXACT,,
REV_vola_11,sh.600352,2015-02-02,EXACT,,
REV_vola_11,sh.600401,2015-02-02,SUSPENDED_SKIP,,
REV_vola_11,sh.600485,2015-02-02,DISCLOSE,daily_mismatch,"{""open"": 0.0, ""high"": 0.0, ""low"": 0.0, ""close"": -0.01, ""volume"": 0.0}"
REV_vola_11,sh.600695,2015-02-02,EXACT,,
REV_vola_11,sh.600982,2015-02-02,DISCLOSE,daily_mismatch,"{""open"": 0.0, ""high"": 0.0, ""low"": 0.0, ""close"": -0.01, ""volume"": 0.0}"
REV_vola_11,sh.601299,2015-02-02,EXACT,,
REV_vola_11,sh.601766,2015-02-02,DISCLOSE,daily_mismatch,"{""open"": 0.0, ""high"": 0.0, ""low"": 0.0, ""close"": 0.01, ""volume"": -4.0}"
REV_vola_11,sz.002338,2015-02-02,EXACT,,
REV_vola_11,sz.002640,2015-02-02,EXACT,,
PV1_REV11_RANK50_TRAIN_V1,sh.601519,2015-03-02,EXACT,,
PV1_REV11_RANK50_TRAIN_V1,sz.000625,2015-03-02,EXACT,,
PV1_REV11_RANK50_TRAIN_V1,sz.002074,2015-03-02,EXACT,,
PV1_REV11_RANK50_TRAIN_V1,sz.002103,2015-03-02,EXACT,,
PV1_REV11_RANK50_TRAIN_V1,sz.002426,2015-03-02,EXACT,,
PV1_REV11_RANK50_TRAIN_V1,sz.002469,2015-03-02,EXACT,,
PV1_REV11_RANK50_TRAIN_V1,sz.300027,2015-03-02,EXACT,,
PV1_REV11_RANK50_TRAIN_V1,sz.300199,2015-03-02,EXACT,,
PV1_REV11_RANK50_TRAIN_V1,sz.300250,2015-03-02,EXACT,,
PV1_REV11_RANK50_TRAIN_V1,sz.300378,2015-03-02,EXACT,,
REV_vola_11,sz.002022,2015-03-02,EXACT,,
REV_vola_11,sz.002103,2015-03-02,EXACT,,
REV_vola_11,sz.002282,2015-03-02,EXACT,,
REV_vola_11,sz.002315,2015-03-02,EXACT,,
REV_vola_11,sz.002320,2015-03-02,EXACT,,
REV_vola_11,sz.002344,2015-03-02,EXACT,,
REV_vola_11,sz.002388,2015-03-02,EXACT,,
REV_vola_11,sz.300290,2015-03-02,EXACT,,
REV_vola_11,sz.300295,2015-03-02,EXACT,,
REV_vola_11,sz.300377,2015-03-02,EXACT,,
PV1_REV11_RANK50_TRAIN_V1,sh.600033,2015-04-01,EXACT,,
PV1_REV11_RANK50_TRAIN_V1,sh.600699,2015-04-01,DISCLOSE,daily_mismatch,"{""open"": 0.0, ""high"": 0.0, ""low"": 0.0, ""close"": 0.09, ""volume"": 0.0}"
PV1_REV11_RANK50_TRAIN_V1,sz.000897,2015-04-01,EXACT,,
PV1_REV11_RANK50_TRAIN_V1,sz.000905,2015-04-01,EXACT,,
PV1_REV11_RANK50_TRAIN_V1,sz.002609,2015-04-01,EXACT,,
PV1_REV11_RANK50_TRAIN_V1,sz.300151,2015-04-01,EXACT,,
PV1_REV11_RANK50_TRAIN_V1,sz.300248,2015-04-01,EXACT,,
PV1_REV11_RANK50_TRAIN_V1,sz.300264,2015-04-01,EXACT,,
PV1_REV11_RANK50_TRAIN_V1,sz.300283,2015-04-01,EXACT,,
PV1_REV11_RANK50_TRAIN_V1,sz.300343,2015-04-01,EXACT,,
REV_vola_11,sh.600033,2015-04-01,EXACT,,
REV_vola_11,sh.600699,2015-04-01,DISCLOSE,daily_mismatch,"{""open"": 0.0, ""high"": 0.0, ""low"": 0.0, ""close"": 0.09, ""volume"": 0.0}"
REV_vola_11,sh.600808,2015-04-01,EXACT,,
REV_vola_11,sz.300173,2015-04-01,EXACT,,
REV_vola_11,sz.300212,2015-04-01,EXACT,,
REV_vola_11,sz.300231,2015-04-01,EXACT,,
REV_vola_11,sz.300283,2015-04-01,EXACT,,
REV_vola_11,sz.300343,2015-04-01,EXACT,,
REV_vola_11,sz.300378,2015-04-01,EXACT,,
REV_vola_11,sz.300380,2015-04-01,EXACT,,
PV1_REV11_RANK50_TRAIN_V1,sh.600110,2015-05-04,DISCLOSE,daily_mismatch,"{""open"": 0.0, ""high"": 0.0, ""low"": 0.0, ""close"": 0.01, ""volume"": 0.0}"
PV1_REV11_RANK50_TRAIN_V1,sh.600705,2015-05-04,DISCLOSE,daily_mismatch,"{""open"": 0.0, ""high"": 0.0, ""low"": 0.0, ""close"": 0.02, ""volume"": 0.0}"
PV1_REV11_RANK50_TRAIN_V1,sh.603399,2015-05-04,EXACT,,
PV1_REV11_RANK50_TRAIN_V1,sz.000908,2015-05-04,EXACT,,
PV1_REV11_RANK50_TRAIN_V1,sz.002314,2015-05-04,EXACT,,
PV1_REV11_RANK50_TRAIN_V1,sz.300131,2015-05-04,EXACT,,
PV1_REV11_RANK50_TRAIN_V1,sz.300165,2015-05-04,EXACT,,
PV1_REV11_RANK50_TRAIN_V1,sz.300173,2015-05-04,EXACT,,
PV1_REV11_RANK50_TRAIN_V1,sz.300244,2015-05-04,EXACT,,
PV1_REV11_RANK50_TRAIN_V1,sz.300266,2015-05-04,EXACT,,
REV_vola_11,sh.600495,2015-05-04,EXACT,,
REV_vola_11,sh.600773,2015-05-04,EXACT,,
REV_vola_11,sh.603399,2015-05-04,EXACT,,
REV_vola_11,sz.000656,2015-05-04,EXACT,,
REV_vola_11,sz.000908,2015-05-04,EXACT,,
REV_vola_11,sz.002030,2015-05-04,EXACT,,
REV_vola_11,sz.002166,2015-05-04,EXACT,,
REV_vola_11,sz.002343,2015-05-04,EXACT,,
REV_vola_11,sz.300131,2015-05-04,EXACT,,
REV_vola_11,sz.300266,2015-05-04,EXACT,,
PV1_REV11_RANK50_TRAIN_V1,sh.600240,2015-06-01,DISCLOSE,daily_mismatch,"{""open"": 0.0, ""high"": 0.0, ""low"": 0.0, ""close"": -0.01, ""volume"": 0.0}"
PV1_REV11_RANK50_TRAIN_V1,sh.600733,2015-06-01,EXACT,,
PV1_REV11_RANK50_TRAIN_V1,sh.600848,2015-06-01,DISCLOSE,daily_mismatch,"{""open"": 0.0, ""high"": 0.0, ""low"": 0.0, ""close"": 0.01, ""volume"": 0.0}"
PV1_REV11_RANK50_TRAIN_V1,sh.600895,2015-06-01,DISCLOSE,daily_mismatch,"{""open"": 0.0, ""high"": 0.0, ""low"": 0.0, ""close"": -0.01, ""volume"": 0.0}"
PV1_REV11_RANK50_TRAIN_V1,sz.000607,2015-06-01,EXACT,,
PV1_REV11_RANK50_TRAIN_V1,sz.000910,2015-06-01,EXACT,,
PV1_REV11_RANK50_TRAIN_V1,sz.002014,2015-06-01,EXACT,,
PV1_REV11_RANK50_TRAIN_V1,sz.002415,2015-06-01,EXACT,,
PV1_REV11_RANK50_TRAIN_V1,sz.002462,2015-06-01,EXACT,,
PV1_REV11_RANK50_TRAIN_V1,sz.300090,2015-06-01,EXACT,,
REV_vola_11,sh.600109,2015-06-01,DISCLOSE,daily_mismatch,"{""open"": 0.0, ""high"": 0.0, ""low"": 0.0, ""close"": -0.04, ""volume"": 0.0}"
REV_vola_11,sh.600340,2015-06-01,EXACT,,
REV_vola_11,sh.600895,2015-06-01,DISCLOSE,daily_mismatch,"{""open"": 0.0, ""high"": 0.0, ""low"": 0.0, ""close"": -0.01, ""volume"": 0.0}"
REV_vola_11,sh.601002,2015-06-01,DISCLOSE,daily_mismatch,"{""open"": 0.0, ""high"": 0.0, ""low"": 0.0, ""close"": 0.01, ""volume"": 0.0}"
REV_vola_11,sh.601238,2015-06-01,DISCLOSE,daily_mismatch,"{""open"": 0.0, ""high"": 0.0, ""low"": 0.0, ""close"": 0.02, ""volume"": 0.0}"
REV_vola_11,sz.000671,2015-06-01,EXACT,,
REV_vola_11,sz.000732,2015-06-01,EXACT,,
REV_vola_11,sz.002014,2015-06-01,EXACT,,
REV_vola_11,sz.300171,2015-06-01,EXACT,,
REV_vola_11,sz.300187,2015-06-01,EXACT,,
PV1_REV11_RANK50_TRAIN_V1,sh.600490,2015-07-01,EXACT,,
PV1_REV11_RANK50_TRAIN_V1,sh.600620,2015-07-01,EXACT,,
PV1_REV11_RANK50_TRAIN_V1,sh.600894,2015-07-01,EXACT,,
PV1_REV11_RANK50_TRAIN_V1,sz.000032,2015-07-01,PATCH,,user_csv_1m_lots_to_shares_aggregated_5m
PV1_REV11_RANK50_TRAIN_V1,sz.000560,2015-07-01,PATCH,,user_csv_1m_lots_to_shares_aggregated_5m
PV1_REV11_RANK50_TRAIN_V1,sz.000632,2015-07-01,PATCH,,user_csv_1m_lots_to_shares_aggregated_5m
PV1_REV11_RANK50_TRAIN_V1,sz.000681,2015-07-01,PATCH,,user_csv_1m_lots_to_shares_aggregated_5m
PV1_REV11_RANK50_TRAIN_V1,sz.000989,2015-07-01,PATCH,,user_csv_1m_lots_to_shares_aggregated_5m
PV1_REV11_RANK50_TRAIN_V1,sz.002349,2015-07-01,PATCH,,user_csv_1m_lots_to_shares_aggregated_5m
PV1_REV11_RANK50_TRAIN_V1,sz.300322,2015-07-01,PATCH,,user_csv_1m_lots_to_shares_aggregated_5m
REV_vola_11,sh.600693,2015-07-01,EXACT,,
REV_vola_11,sh.600856,2015-07-01,EXACT,,
REV_vola_11,sh.601339,2015-07-01,EXACT,,
REV_vola_11,sz.000681,2015-07-01,PATCH,,user_csv_1m_lots_to_shares_aggregated_5m
REV_vola_11,sz.000802,2015-07-01,PATCH,,user_csv_1m_lots_to_shares_aggregated_5m
REV_vola_11,sz.000989,2015-07-01,PATCH,,user_csv_1m_lots_to_shares_aggregated_5m
REV_vola_11,sz.002349,2015-07-01,PATCH,,user_csv_1m_lots_to_shares_aggregated_5m
REV_vola_11,sz.300006,2015-07-01,PATCH,,user_csv_1m_lots_to_shares_aggregated_5m
REV_vola_11,sz.300100,2015-07-01,PATCH,,user_csv_1m_lots_to_shares_aggregated_5m
REV_vola_11,sz.300209,2015-07-01,PATCH,,user_csv_1m_lots_to_shares_aggregated_5m
PV1_REV11_RANK50_TRAIN_V1,sh.600120,2015-08-03,EXACT,,
PV1_REV11_RANK50_TRAIN_V1,sh.600143,2015-08-03,DISCLOSE,daily_mismatch,"{""open"": 0.0, ""high"": 0.0, ""low"": 0.0, ""close"": 0.01, ""volume"": 0.0}"
PV1_REV11_RANK50_TRAIN_V1,sh.600298,2015-08-03,DISCLOSE,daily_mismatch,"{""open"": 0.0, ""high"": 0.0, ""low"": 0.0, ""close"": -0.09, ""volume"": 0.0}"
PV1_REV11_RANK50_TRAIN_V1,sh.600389,2015-08-03,DISCLOSE,daily_mismatch,"{""open"": 0.0, ""high"": 0.0, ""low"": 0.0, ""close"": 0.01, ""volume"": 0.0}"
PV1_REV11_RANK50_TRAIN_V1,sh.600895,2015-08-03,EXACT,,
PV1_REV11_RANK50_TRAIN_V1,sh.600993,2015-08-03,DISCLOSE,daily_mismatch,"{""open"": 0.0, ""high"": 0.0, ""low"": 0.0, ""close"": -0.01, ""volume"": 0.0}"
PV1_REV11_RANK50_TRAIN_V1,sh.601012,2015-08-03,EXACT,,
PV1_REV11_RANK50_TRAIN_V1,sz.002323,2015-08-03,EXACT,,
PV1_REV11_RANK50_TRAIN_V1,sz.002332,2015-08-03,EXACT,,
PV1_REV11_RANK50_TRAIN_V1,sz.002446,2015-08-03,EXACT,,
REV_vola_11,sh.600623,2015-08-03,EXACT,,
REV_vola_11,sz.000915,2015-08-03,EXACT,,
REV_vola_11,sz.000928,2015-08-03,EXACT,,
REV_vola_11,sz.002044,2015-08-03,EXACT,,
REV_vola_11,sz.002096,2015-08-03,EXACT,,
REV_vola_11,sz.002323,2015-08-03,EXACT,,
REV_vola_11,sz.002332,2015-08-03,EXACT,,
REV_vola_11,sz.300049,2015-08-03,EXACT,,
REV_vola_11,sz.300275,2015-08-03,EXACT,,
REV_vola_11,sz.300333,2015-08-03,EXACT,,
PV1_REV11_RANK50_TRAIN_V1,sz.000838,2015-09-01,EXACT,,
PV1_REV11_RANK50_TRAIN_V1,sz.000936,2015-09-01,EXACT,,
PV1_REV11_RANK50_TRAIN_V1,sz.002107,2015-09-01,EXACT,,
PV1_REV11_RANK50_TRAIN_V1,sz.002195,2015-09-01,EXACT,,
PV1_REV11_RANK50_TRAIN_V1,sz.002326,2015-09-01,EXACT,,
PV1_REV11_RANK50_TRAIN_V1,sz.002396,2015-09-01,EXACT,,
PV1_REV11_RANK50_TRAIN_V1,sz.002516,2015-09-01,EXACT,,
PV1_REV11_RANK50_TRAIN_V1,sz.002640,2015-09-01,EXACT,,
PV1_REV11_RANK50_TRAIN_V1,sz.300084,2015-09-01,EXACT,,
PV1_REV11_RANK50_TRAIN_V1,sz.300255,2015-09-01,EXACT,,
REV_vola_11,sh.600326,2015-09-01,EXACT,,
REV_vola_11,sh.600338,2015-09-01,EXACT,,
REV_vola_11,sh.600773,2015-09-01,EXACT,,
REV_vola_11,sz.000419,2015-09-01,EXACT,,
REV_vola_11,sz.000752,2015-09-01,EXACT,,
REV_vola_11,sz.002232,2015-09-01,EXACT,,
REV_vola_11,sz.002439,2015-09-01,EXACT,,
REV_vola_11,sz.300004,2015-09-01,EXACT,,
REV_vola_11,sz.300076,2015-09-01,EXACT,,
REV_vola_11,sz.300337,2015-09-01,EXACT,,
PV1_REV11_RANK50_TRAIN_V1,sh.600487,2015-10-08,EXACT,,
PV1_REV11_RANK50_TRAIN_V1,sh.600629,2015-10-08,EXACT,,
PV1_REV11_RANK50_TRAIN_V1,sh.600723,2015-10-08,EXACT,,
PV1_REV11_RANK50_TRAIN_V1,sh.600725,2015-10-08,EXACT,,
PV1_REV11_RANK50_TRAIN_V1,sz.000027,2015-10-08,EXACT,,
PV1_REV11_RANK50_TRAIN_V1,sz.002062,2015-10-08,EXACT,,
PV1_REV11_RANK50_TRAIN_V1,sz.002126,2015-10-08,EXACT,,
PV1_REV11_RANK50_TRAIN_V1,sz.002539,2015-10-08,EXACT,,
PV1_REV11_RANK50_TRAIN_V1,sz.002689,2015-10-08,EXACT,,
PV1_REV11_RANK50_TRAIN_V1,sz.300208,2015-10-08,EXACT,,
REV_vola_11,sh.600545,2015-10-08,EXACT,,
REV_vola_11,sh.601011,2015-10-08,DISCLOSE,daily_mismatch,"{""open"": 0.0, ""high"": 0.0, ""low"": 0.0, ""close"": -0.01, ""volume"": 0.0}"
REV_vola_11,sh.601636,2015-10-08,EXACT,,
REV_vola_11,sz.000029,2015-10-08,EXACT,,
REV_vola_11,sz.000425,2015-10-08,EXACT,,
REV_vola_11,sz.000910,2015-10-08,EXACT,,
REV_vola_11,sz.002180,2015-10-08,EXACT,,
REV_vola_11,sz.002307,2015-10-08,EXACT,,
REV_vola_11,sz.002489,2015-10-08,EXACT,,
REV_vola_11,sz.002691,2015-10-08,EXACT,,
PV1_REV11_RANK50_TRAIN_V1,sh.600105,2015-11-02,DISCLOSE,daily_mismatch,"{""open"": 0.0, ""high"": 0.0, ""low"": 0.0, ""close"": 0.02, ""volume"": 0.0}"
PV1_REV11_RANK50_TRAIN_V1,sh.601567,2015-11-02,DISCLOSE,daily_mismatch,"{""open"": 0.0, ""high"": 0.0, ""low"": 0.0, ""close"": 0.01, ""volume"": 0.0}"
PV1_REV11_RANK50_TRAIN_V1,sz.000987,2015-11-02,EXACT,,
PV1_REV11_RANK50_TRAIN_V1,sz.002217,2015-11-02,EXACT,,
PV1_REV11_RANK50_TRAIN_V1,sz.300018,2015-11-02,EXACT,,
PV1_REV11_RANK50_TRAIN_V1,sz.300092,2015-11-02,EXACT,,
PV1_REV11_RANK50_TRAIN_V1,sz.300153,2015-11-02,EXACT,,
PV1_REV11_RANK50_TRAIN_V1,sz.300190,2015-11-02,EXACT,,
PV1_REV11_RANK50_TRAIN_V1,sz.300385,2015-11-02,EXACT,,
PV1_REV11_RANK50_TRAIN_V1,sz.300399,2015-11-02,EXACT,,
REV_vola_11,sz.000587,2015-11-02,EXACT,,
REV_vola_11,sz.000987,2015-11-02,EXACT,,
REV_vola_11,sz.002479,2015-11-02,EXACT,,
REV_vola_11,sz.300092,2015-11-02,EXACT,,
REV_vola_11,sz.300109,2015-11-02,EXACT,,
REV_vola_11,sz.300147,2015-11-02,EXACT,,
REV_vola_11,sz.300298,2015-11-02,EXACT,,
REV_vola_11,sz.300333,2015-11-02,EXACT,,
REV_vola_11,sz.300382,2015-11-02,EXACT,,
REV_vola_11,sz.300385,2015-11-02,EXACT,,
PV1_REV11_RANK50_TRAIN_V1,sh.600278,2015-12-01,DISCLOSE,daily_mismatch,"{""open"": 0.0, ""high"": 0.0, ""low"": 0.0, ""close"": 0.01, ""volume"": 0.0}"
PV1_REV11_RANK50_TRAIN_V1,sh.600435,2015-12-01,DISCLOSE,daily_mismatch,"{""open"": 0.0, ""high"": 0.0, ""low"": 0.0, ""close"": 0.01, ""volume"": 0.0}"
PV1_REV11_RANK50_TRAIN_V1,sh.600893,2015-12-01,DISCLOSE,daily_mismatch,"{""open"": 0.0, ""high"": 0.0, ""low"": 0.0, ""close"": -0.02, ""volume"": 0.0}"
PV1_REV11_RANK50_TRAIN_V1,sz.000738,2015-12-01,EXACT,,
PV1_REV11_RANK50_TRAIN_V1,sz.000768,2015-12-01,EXACT,,
PV1_REV11_RANK50_TRAIN_V1,sz.000939,2015-12-01,EXACT,,
PV1_REV11_RANK50_TRAIN_V1,sz.002013,2015-12-01,EXACT,,
PV1_REV11_RANK50_TRAIN_V1,sz.002355,2015-12-01,EXACT,,
PV1_REV11_RANK50_TRAIN_V1,sz.300101,2015-12-01,EXACT,,
PV1_REV11_RANK50_TRAIN_V1,sz.300278,2015-12-01,EXACT,,
REV_vola_11,sh.600184,2015-12-01,EXACT,,
REV_vola_11,sh.600358,2015-12-01,DISCLOSE,daily_mismatch,"{""open"": 0.0, ""high"": 0.0, ""low"": 0.0, ""close"": 0.02, ""volume"": 0.0}"
REV_vola_11,sh.600391,2015-12-01,DISCLOSE,daily_mismatch,"{""open"": 0.0, ""high"": 0.0, ""low"": 0.0, ""close"": 0.01, ""volume"": 0.0}"
REV_vola_11,sh.600855,2015-12-01,DISCLOSE,daily_mismatch,"{""open"": 0.0, ""high"": 0.0, ""low"": 0.0, ""close"": 0.1, ""volume"": 0.0}"
REV_vola_11,sh.600879,2015-12-01,EXACT,,
REV_vola_11,sz.000099,2015-12-01,EXACT,,
REV_vola_11,sz.000628,2015-12-01,EXACT,,
REV_vola_11,sz.000738,2015-12-01,EXACT,,
REV_vola_11,sz.000885,2015-12-01,EXACT,,
REV_vola_11,sz.002355,2015-12-01,EXACT,,
PV1_REV11_RANK50_TRAIN_V1,sh.600338,2016-01-04,EXACT,,
PV1_REV11_RANK50_TRAIN_V1,sz.000629,2016-01-04,EXACT,,
PV1_REV11_RANK50_TRAIN_V1,sz.000838,2016-01-04,EXACT,,
PV1_REV11_RANK50_TRAIN_V1,sz.000952,2016-01-04,EXACT,,
PV1_REV11_RANK50_TRAIN_V1,sz.002224,2016-01-04,EXACT,,
PV1_REV11_RANK50_TRAIN_V1,sz.002413,2016-01-04,EXACT,,
PV1_REV11_RANK50_TRAIN_V1,sz.002560,2016-01-04,EXACT,,
PV1_REV11_RANK50_TRAIN_V1,sz.300178,2016-01-04,EXACT,,
PV1_REV11_RANK50_TRAIN_V1,sz.300243,2016-01-04,EXACT,,
PV1_REV11_RANK50_TRAIN_V1,sz.300277,2016-01-04,EXACT,,
REV_vola_11,sh.600712,2016-01-04,EXACT,,
REV_vola_11,sz.000567,2016-01-04,EXACT,,
REV_vola_11,sz.000952,2016-01-04,EXACT,,
REV_vola_11,sz.002058,2016-01-04,EXACT,,
REV_vola_11,sz.002556,2016-01-04,EXACT,,
REV_vola_11,sz.002722,2016-01-04,EXACT,,
REV_vola_11,sz.300085,2016-01-04,EXACT,,
REV_vola_11,sz.300321,2016-01-04,EXACT,,
REV_vola_11,sz.300383,2016-01-04,EXACT,,
REV_vola_11,sz.300390,2016-01-04,EXACT,,
PV1_REV11_RANK50_TRAIN_V1,sh.600481,2016-02-01,EXACT,,
PV1_REV11_RANK50_TRAIN_V1,sh.600495,2016-02-01,DISCLOSE,daily_mismatch,"{""open"": 0.0, ""high"": 0.0, ""low"": 0.0, ""close"": 0.01, ""volume"": 0.0}"
PV1_REV11_RANK50_TRAIN_V1,sh.601012,2016-02-01,EXACT,,
PV1_REV11_RANK50_TRAIN_V1,sh.601636,2016-02-01,EXACT,,
PV1_REV11_RANK50_TRAIN_V1,sz.000971,2016-02-01,EXACT,,
PV1_REV11_RANK50_TRAIN_V1,sz.002266,2016-02-01,EXACT,,
PV1_REV11_RANK50_TRAIN_V1,sz.002392,2016-02-01,EXACT,,
PV1_REV11_RANK50_TRAIN_V1,sz.002470,2016-02-01,EXACT,,
PV1_REV11_RANK50_TRAIN_V1,sz.002650,2016-02-01,EXACT,,
PV1_REV11_RANK50_TRAIN_V1,sz.300148,2016-02-01,EXACT,,
REV_vola_11,sh.600425,2016-02-01,DISCLOSE,daily_mismatch,"{""open"": 0.0, ""high"": 0.0, ""low"": 0.0, ""close"": -0.01, ""volume"": 0.0}"
REV_vola_11,sz.000705,2016-02-01,EXACT,,
REV_vola_11,sz.000953,2016-02-01,EXACT,,
REV_vola_11,sz.000971,2016-02-01,EXACT,,
REV_vola_11,sz.002077,2016-02-01,EXACT,,
REV_vola_11,sz.002395,2016-02-01,EXACT,,
REV_vola_11,sz.002438,2016-02-01,EXACT,,
REV_vola_11,sz.002687,2016-02-01,EXACT,,
REV_vola_11,sz.300264,2016-02-01,EXACT,,
REV_vola_11,sz.300354,2016-02-01,EXACT,,
PV1_REV11_RANK50_TRAIN_V1,sz.000505,2016-03-01,DISCLOSE,daily_mismatch,"{""open"": 0.0, ""high"": -0.02, ""low"": 0.0, ""close"": 0.0, ""volume"": 0.0}"
PV1_REV11_RANK50_TRAIN_V1,sz.002163,2016-03-01,EXACT,,
PV1_REV11_RANK50_TRAIN_V1,sz.002280,2016-03-01,DISCLOSE,daily_mismatch,"{""open"": 0.0, ""high"": 0.0, ""low"": 0.01, ""close"": 0.0, ""volume"": 0.0}"
PV1_REV11_RANK50_TRAIN_V1,sz.002442,2016-03-01,PATCH,,xianyu_1m_aggregated_5m_derived_reuse
PV1_REV11_RANK50_TRAIN_V1,sz.002460,2016-03-01,DISCLOSE,daily_mismatch,"{""open"": 0.0, ""high"": -0.01, ""low"": 0.0, ""close"": 0.0, ""volume"": 0.0}"
PV1_REV11_RANK50_TRAIN_V1,sz.002667,2016-03-01,EXACT,,
PV1_REV11_RANK50_TRAIN_V1,sz.300216,2016-03-01,DISCLOSE,daily_mismatch,"{""open"": 0.0, ""high"": -0.03, ""low"": 0.0, ""close"": 0.0, ""volume"": 0.0}"
PV1_REV11_RANK50_TRAIN_V1,sz.300236,2016-03-01,EXACT,,
PV1_REV11_RANK50_TRAIN_V1,sz.300322,2016-03-01,DISCLOSE,daily_mismatch,"{""open"": 0.0, ""high"": -0.02, ""low"": 0.0, ""close"": 0.0, ""volume"": 0.0}"
PV1_REV11_RANK50_TRAIN_V1,sz.300358,2016-03-01,DISCLOSE,daily_mismatch,"{""open"": 0.0, ""high"": -0.01, ""low"": 0.0, ""close"": 0.0, ""volume"": 0.0}"
REV_vola_11,sh.600693,2016-03-01,DISCLOSE,daily_mismatch,"{""open"": 0.0, ""high"": -0.03, ""low"": 0.02, ""close"": 0.0, ""volume"": 0.0}"
REV_vola_11,sh.600734,2016-03-01,DISCLOSE,daily_mismatch,"{""open"": 0.0, ""high"": 0.0, ""low"": 0.0, ""close"": 0.03, ""volume"": 0.0}"
REV_vola_11,sz.002077,2016-03-01,EXACT,,
REV_vola_11,sz.002137,2016-03-01,EXACT,,
REV_vola_11,sz.002368,2016-03-01,DISCLOSE,daily_mismatch,"{""open"": 0.0, ""high"": -0.01, ""low"": 0.0, ""close"": 0.0, ""volume"": 0.0}"
REV_vola_11,sz.002514,2016-03-01,EXACT,,
REV_vola_11,sz.002712,2016-03-01,DISCLOSE,daily_mismatch,"{""open"": 0.0, ""high"": -0.08, ""low"": 0.12, ""close"": 0.0, ""volume"": 0.0}"
REV_vola_11,sz.300061,2016-03-01,DISCLOSE,daily_mismatch,"{""open"": 0.0, ""high"": -0.01, ""low"": 0.05, ""close"": 0.0, ""volume"": 0.0}"
REV_vola_11,sz.300078,2016-03-01,EXACT,,
REV_vola_11,sz.300096,2016-03-01,EXACT,,
PV1_REV11_RANK50_TRAIN_V1,sh.600633,2016-04-01,EXACT,,
PV1_REV11_RANK50_TRAIN_V1,sh.600754,2016-04-01,DISCLOSE,daily_mismatch,"{""open"": 0.0, ""high"": 0.0, ""low"": 0.0, ""close"": 0.01, ""volume"": 0.0}"
PV1_REV11_RANK50_TRAIN_V1,sh.603997,2016-04-01,DISCLOSE,daily_mismatch,"{""open"": 0.0, ""high"": 0.0, ""low"": 0.0, ""close"": 0.03, ""volume"": 0.0}"
PV1_REV11_RANK50_TRAIN_V1,sz.000591,2016-04-01,EXACT,,
PV1_REV11_RANK50_TRAIN_V1,sz.000906,2016-04-01,EXACT,,
PV1_REV11_RANK50_TRAIN_V1,sz.002161,2016-04-01,EXACT,,
PV1_REV11_RANK50_TRAIN_V1,sz.002656,2016-04-01,EXACT,,
PV1_REV11_RANK50_TRAIN_V1,sz.300076,2016-04-01,EXACT,,
PV1_REV11_RANK50_TRAIN_V1,sz.300122,2016-04-01,EXACT,,
PV1_REV11_RANK50_TRAIN_V1,sz.300264,2016-04-01,EXACT,,
REV_vola_11,sh.600754,2016-04-01,DISCLOSE,daily_mismatch,"{""open"": 0.0, ""high"": 0.0, ""low"": 0.0, ""close"": 0.01, ""volume"": 0.0}"
REV_vola_11,sh.603997,2016-04-01,DISCLOSE,daily_mismatch,"{""open"": 0.0, ""high"": 0.0, ""low"": 0.0, ""close"": 0.03, ""volume"": 0.0}"
REV_vola_11,sz.000687,2016-04-01,EXACT,,
REV_vola_11,sz.002161,2016-04-01,EXACT,,
REV_vola_11,sz.002463,2016-04-01,EXACT,,
REV_vola_11,sz.002615,2016-04-01,EXACT,,
REV_vola_11,sz.002643,2016-04-01,EXACT,,
REV_vola_11,sz.002667,2016-04-01,EXACT,,
REV_vola_11,sz.300264,2016-04-01,EXACT,,
REV_vola_11,sz.300278,2016-04-01,EXACT,,
PV1_REV11_RANK50_TRAIN_V1,sh.600185,2016-05-03,DISCLOSE,daily_mismatch,"{""open"": 0.0, ""high"": 0.0, ""low"": 0.0, ""close"": 0.01, ""volume"": 0.0}"
PV1_REV11_RANK50_TRAIN_V1,sh.600201,2016-05-03,DISCLOSE,daily_mismatch,"{""open"": 0.0, ""high"": 0.0, ""low"": 0.0, ""close"": 0.03, ""volume"": 0.0}"
PV1_REV11_RANK50_TRAIN_V1,sz.000426,2016-05-03,EXACT,,
PV1_REV11_RANK50_TRAIN_V1,sz.000683,2016-05-03,EXACT,,
PV1_REV11_RANK50_TRAIN_V1,sz.000723,2016-05-03,EXACT,,
PV1_REV11_RANK50_TRAIN_V1,sz.002036,2016-05-03,EXACT,,
PV1_REV11_RANK50_TRAIN_V1,sz.002384,2016-05-03,EXACT,,
PV1_REV11_RANK50_TRAIN_V1,sz.002424,2016-05-03,EXACT,,
PV1_REV11_RANK50_TRAIN_V1,sz.300284,2016-05-03,DISCLOSE,daily_mismatch,"{""open"": -0.05, ""high"": 0.0, ""low"": 0.0, ""close"": 0.0, ""volume"": 0.0}"
PV1_REV11_RANK50_TRAIN_V1,sz.300353,2016-05-03,EXACT,,
REV_vola_11,sh.600201,2016-05-03,DISCLOSE,daily_mismatch,"{""open"": 0.0, ""high"": 0.0, ""low"": 0.0, ""close"": 0.03, ""volume"": 0.0}"
REV_vola_11,sh.600829,2016-05-03,EXACT,,
REV_vola_11,sh.600960,2016-05-03,DISCLOSE,daily_mismatch,"{""open"": 0.0, ""high"": 0.0, ""low"": 0.0, ""close"": -0.01, ""volume"": 0.0}"
REV_vola_11,sz.002032,2016-05-03,EXACT,,
REV_vola_11,sz.002416,2016-05-03,EXACT,,
REV_vola_11,sz.002541,2016-05-03,EXACT,,
REV_vola_11,sz.002638,2016-05-03,EXACT,,
REV_vola_11,sz.300114,2016-05-03,BLOCKED,code_absent_in_archive,
REV_vola_11,sz.300275,2016-05-03,EXACT,,
REV_vola_11,sz.300353,2016-05-03,EXACT,,
PV1_REV11_RANK50_TRAIN_V1,sh.600452,2016-06-01,DISCLOSE,daily_mismatch,"{""open"": 0.0, ""high"": 0.0, ""low"": 0.0, ""close"": 0.01, ""volume"": 0.0}"
PV1_REV11_RANK50_TRAIN_V1,sh.600482,2016-06-01,DISCLOSE,daily_mismatch,"{""open"": 0.0, ""high"": 0.0, ""low"": 0.0, ""close"": -0.01, ""volume"": 0.0}"
PV1_REV11_RANK50_TRAIN_V1,sz.000799,2016-06-01,EXACT,,
PV1_REV11_RANK50_TRAIN_V1,sz.000981,2016-06-01,EXACT,,
PV1_REV11_RANK50_TRAIN_V1,sz.002070,2016-06-01,EXACT,,
PV1_REV11_RANK50_TRAIN_V1,sz.002125,2016-06-01,EXACT,,
PV1_REV11_RANK50_TRAIN_V1,sz.002274,2016-06-01,EXACT,,
PV1_REV11_RANK50_TRAIN_V1,sz.300228,2016-06-01,EXACT,,
PV1_REV11_RANK50_TRAIN_V1,sz.300355,2016-06-01,EXACT,,
PV1_REV11_RANK50_TRAIN_V1,sz.300420,2016-06-01,EXACT,,
REV_vola_11,sh.600185,2016-06-01,EXACT,,
REV_vola_11,sh.600297,2016-06-01,EXACT,,
REV_vola_11,sh.601199,2016-06-01,DISCLOSE,daily_mismatch,"{""open"": 0.0, ""high"": 0.0, ""low"": 0.0, ""close"": 0.01, ""volume"": 0.0}"
REV_vola_11,sh.603799,2016-06-01,DISCLOSE,daily_mismatch,"{""open"": 0.0, ""high"": 0.0, ""low"": 0.0, ""close"": -0.02, ""volume"": 0.0}"
REV_vola_11,sz.002124,2016-06-01,EXACT,,
REV_vola_11,sz.002234,2016-06-01,EXACT,,
REV_vola_11,sz.002466,2016-06-01,EXACT,,
REV_vola_11,sz.002468,2016-06-01,EXACT,,
REV_vola_11,sz.002514,2016-06-01,EXACT,,
REV_vola_11,sz.300409,2016-06-01,EXACT,,
PV1_REV11_RANK50_TRAIN_V1,sh.600172,2016-07-01,EXACT,,
PV1_REV11_RANK50_TRAIN_V1,sh.600359,2016-07-01,EXACT,,
PV1_REV11_RANK50_TRAIN_V1,sh.600728,2016-07-01,DISCLOSE,daily_mismatch,"{""open"": 0.0, ""high"": 0.0, ""low"": 0.0, ""close"": 0.01, ""volume"": 0.0}"
PV1_REV11_RANK50_TRAIN_V1,sh.603077,2016-07-01,DISCLOSE,daily_mismatch,"{""open"": 0.0, ""high"": 0.0, ""low"": 0.0, ""close"": 0.01, ""volume"": 0.0}"
PV1_REV11_RANK50_TRAIN_V1,sz.000886,2016-07-01,EXACT,,
PV1_REV11_RANK50_TRAIN_V1,sz.002074,2016-07-01,EXACT,,
PV1_REV11_RANK50_TRAIN_V1,sz.300183,2016-07-01,EXACT,,
PV1_REV11_RANK50_TRAIN_V1,sz.300198,2016-07-01,EXACT,,
PV1_REV11_RANK50_TRAIN_V1,sz.300240,2016-07-01,EXACT,,
PV1_REV11_RANK50_TRAIN_V1,sz.300325,2016-07-01,EXACT,,
REV_vola_11,sh.600359,2016-07-01,EXACT,,
REV_vola_11,sz.000023,2016-07-01,EXACT,,
REV_vola_11,sz.002074,2016-07-01,EXACT,,
REV_vola_11,sz.002169,2016-07-01,EXACT,,
REV_vola_11,sz.002301,2016-07-01,EXACT,,
REV_vola_11,sz.002443,2016-07-01,EXACT,,
REV_vola_11,sz.002643,2016-07-01,EXACT,,
REV_vola_11,sz.300083,2016-07-01,EXACT,,
REV_vola_11,sz.300097,2016-07-01,EXACT,,
REV_vola_11,sz.300157,2016-07-01,EXACT,,
PV1_REV11_RANK50_TRAIN_V1,sz.000688,2016-08-01,EXACT,,
PV1_REV11_RANK50_TRAIN_V1,sz.002036,2016-08-01,EXACT,,
PV1_REV11_RANK50_TRAIN_V1,sz.002368,2016-08-01,EXACT,,
PV1_REV11_RANK50_TRAIN_V1,sz.002486,2016-08-01,EXACT,,
PV1_REV11_RANK50_TRAIN_V1,sz.002699,2016-08-01,EXACT,,
PV1_REV11_RANK50_TRAIN_V1,sz.300109,2016-08-01,EXACT,,
PV1_REV11_RANK50_TRAIN_V1,sz.300122,2016-08-01,EXACT,,
PV1_REV11_RANK50_TRAIN_V1,sz.300264,2016-08-01,EXACT,,
PV1_REV11_RANK50_TRAIN_V1,sz.300302,2016-08-01,EXACT,,
PV1_REV11_RANK50_TRAIN_V1,sz.300354,2016-08-01,EXACT,,
REV_vola_11,sh.600845,2016-08-01,DISCLOSE,daily_mismatch,"{""open"": 0.0, ""high"": 0.0, ""low"": 0.0, ""close"": 0.03, ""volume"": 0.0}"
REV_vola_11,sz.000615,2016-08-01,EXACT,,
REV_vola_11,sz.002114,2016-08-01,EXACT,,
REV_vola_11,sz.002368,2016-08-01,EXACT,,
REV_vola_11,sz.002590,2016-08-01,EXACT,,
REV_vola_11,sz.002612,2016-08-01,EXACT,,
REV_vola_11,sz.300109,2016-08-01,EXACT,,
REV_vola_11,sz.300316,2016-08-01,EXACT,,
REV_vola_11,sz.300354,2016-08-01,EXACT,,
REV_vola_11,sz.300462,2016-08-01,EXACT,,
PV1_REV11_RANK50_TRAIN_V1,sh.600187,2016-09-01,DISCLOSE,daily_mismatch,"{""open"": 0.0, ""high"": 0.0, ""low"": 0.0, ""close"": 0.02, ""volume"": 0.0}"
PV1_REV11_RANK50_TRAIN_V1,sz.002118,2016-09-01,EXACT,,
PV1_REV11_RANK50_TRAIN_V1,sz.002329,2016-09-01,EXACT,,
PV1_REV11_RANK50_TRAIN_V1,sz.002415,2016-09-01,EXACT,,
PV1_REV11_RANK50_TRAIN_V1,sz.002684,2016-09-01,EXACT,,
PV1_REV11_RANK50_TRAIN_V1,sz.300331,2016-09-01,EXACT,,
PV1_REV11_RANK50_TRAIN_V1,sz.300341,2016-09-01,EXACT,,
PV1_REV11_RANK50_TRAIN_V1,sz.300345,2016-09-01,EXACT,,
PV1_REV11_RANK50_TRAIN_V1,sz.300456,2016-09-01,DISCLOSE,daily_mismatch,"{""open"": 0.07, ""high"": 0.0, ""low"": 0.0, ""close"": 0.0, ""volume"": 0.0}"
PV1_REV11_RANK50_TRAIN_V1,sz.300479,2016-09-01,EXACT,,
REV_vola_11,sh.600400,2016-09-01,DISCLOSE,daily_mismatch,"{""open"": 0.0, ""high"": 0.0, ""low"": 0.0, ""close"": -0.01, ""volume"": 0.0}"
REV_vola_11,sh.600797,2016-09-01,DISCLOSE,daily_mismatch,"{""open"": 0.0, ""high"": 0.0, ""low"": 0.0, ""close"": -0.04, ""volume"": 0.0}"
REV_vola_11,sh.603399,2016-09-01,DISCLOSE,daily_mismatch,"{""open"": 0.0, ""high"": 0.0, ""low"": 0.0, ""close"": 0.01, ""volume"": 0.0}"
REV_vola_11,sz.000567,2016-09-01,EXACT,,
REV_vola_11,sz.002054,2016-09-01,EXACT,,
REV_vola_11,sz.002060,2016-09-01,EXACT,,
REV_vola_11,sz.300061,2016-09-01,EXACT,,
REV_vola_11,sz.300185,2016-09-01,EXACT,,
REV_vola_11,sz.300331,2016-09-01,EXACT,,
REV_vola_11,sz.300429,2016-09-01,DISCLOSE,daily_mismatch,"{""open"": -0.53, ""high"": 0.0, ""low"": 0.0, ""close"": 0.0, ""volume"": 0.0}"
PV1_REV11_RANK50_TRAIN_V1,sh.600088,2016-10-10,DISCLOSE,daily_mismatch,"{""open"": 0.0, ""high"": 0.0, ""low"": 0.0, ""close"": 0.02, ""volume"": 0.0}"
PV1_REV11_RANK50_TRAIN_V1,sh.600126,2016-10-10,DISCLOSE,daily_mismatch,"{""open"": 0.0, ""high"": 0.0, ""low"": 0.0, ""close"": -0.02, ""volume"": 0.0}"
PV1_REV11_RANK50_TRAIN_V1,sz.000985,2016-10-10,EXACT,,
PV1_REV11_RANK50_TRAIN_V1,sz.002205,2016-10-10,EXACT,,
PV1_REV11_RANK50_TRAIN_V1,sz.002375,2016-10-10,EXACT,,
PV1_REV11_RANK50_TRAIN_V1,sz.002559,2016-10-10,EXACT,,
PV1_REV11_RANK50_TRAIN_V1,sz.300191,2016-10-10,EXACT,,
PV1_REV11_RANK50_TRAIN_V1,sz.300210,2016-10-10,EXACT,,
PV1_REV11_RANK50_TRAIN_V1,sz.300249,2016-10-10,EXACT,,
PV1_REV11_RANK50_TRAIN_V1,sz.300409,2016-10-10,EXACT,,
REV_vola_11,sh.600358,2016-10-10,DISCLOSE,daily_mismatch,"{""open"": 0.0, ""high"": 0.0, ""low"": 0.0, ""close"": 0.01, ""volume"": 0.0}"
REV_vola_11,sh.601222,2016-10-10,EXACT,,
REV_vola_11,sh.603003,2016-10-10,EXACT,,
REV_vola_11,sz.000813,2016-10-10,EXACT,,
REV_vola_11,sz.002748,2016-10-10,EXACT,,
REV_vola_11,sz.300153,2016-10-10,EXACT,,
REV_vola_11,sz.300201,2016-10-10,EXACT,,
REV_vola_11,sz.300249,2016-10-10,EXACT,,
REV_vola_11,sz.300409,2016-10-10,EXACT,,
REV_vola_11,sz.300428,2016-10-10,EXACT,,
PV1_REV11_RANK50_TRAIN_V1,sh.600126,2016-11-01,EXACT,,
PV1_REV11_RANK50_TRAIN_V1,sh.600310,2016-11-01,DISCLOSE,daily_mismatch,"{""open"": 0.0, ""high"": 0.0, ""low"": 0.0, ""close"": 0.02, ""volume"": 0.0}"
PV1_REV11_RANK50_TRAIN_V1,sh.600491,2016-11-01,DISCLOSE,daily_mismatch,"{""open"": 0.0, ""high"": 0.0, ""low"": 0.0, ""close"": -0.02, ""volume"": 0.0}"
PV1_REV11_RANK50_TRAIN_V1,sh.600714,2016-11-01,DISCLOSE,daily_mismatch,"{""open"": 0.0, ""high"": 0.0, ""low"": 0.0, ""close"": -0.01, ""volume"": 0.0}"
PV1_REV11_RANK50_TRAIN_V1,sz.000748,2016-11-01,SUSPENDED_SKIP,,
PV1_REV11_RANK50_TRAIN_V1,sz.000922,2016-11-01,EXACT,,
PV1_REV11_RANK50_TRAIN_V1,sz.000928,2016-11-01,EXACT,,
PV1_REV11_RANK50_TRAIN_V1,sz.000948,2016-11-01,EXACT,,
PV1_REV11_RANK50_TRAIN_V1,sz.002443,2016-11-01,EXACT,,
PV1_REV11_RANK50_TRAIN_V1,sz.300117,2016-11-01,EXACT,,
REV_vola_11,sh.600491,2016-11-01,DISCLOSE,daily_mismatch,"{""open"": 0.0, ""high"": 0.0, ""low"": 0.0, ""close"": -0.02, ""volume"": 0.0}"
REV_vola_11,sh.600645,2016-11-01,DISCLOSE,daily_mismatch,"{""open"": 0.0, ""high"": 0.0, ""low"": 0.0, ""close"": 0.01, ""volume"": 0.0}"
REV_vola_11,sz.000626,2016-11-01,EXACT,,
REV_vola_11,sz.000836,2016-11-01,EXACT,,
REV_vola_11,sz.000922,2016-11-01,EXACT,,
REV_vola_11,sz.000948,2016-11-01,EXACT,,
REV_vola_11,sz.002194,2016-11-01,EXACT,,
REV_vola_11,sz.002760,2016-11-01,EXACT,,
REV_vola_11,sz.300038,2016-11-01,EXACT,,
REV_vola_11,sz.300343,2016-11-01,EXACT,,
PV1_REV11_RANK50_TRAIN_V1,sh.600338,2016-12-01,DISCLOSE,daily_mismatch,"{""open"": 0.0, ""high"": 0.0, ""low"": 0.0, ""close"": -0.02, ""volume"": 0.0}"
PV1_REV11_RANK50_TRAIN_V1,sz.000595,2016-12-01,EXACT,,
PV1_REV11_RANK50_TRAIN_V1,sz.000715,2016-12-01,EXACT,,
PV1_REV11_RANK50_TRAIN_V1,sz.002058,2016-12-01,EXACT,,
PV1_REV11_RANK50_TRAIN_V1,sz.002486,2016-12-01,EXACT,,
PV1_REV11_RANK50_TRAIN_V1,sz.002530,2016-12-01,EXACT,,
PV1_REV11_RANK50_TRAIN_V1,sz.002558,2016-12-01,EXACT,,
PV1_REV11_RANK50_TRAIN_V1,sz.300103,2016-12-01,EXACT,,
PV1_REV11_RANK50_TRAIN_V1,sz.300384,2016-12-01,EXACT,,
PV1_REV11_RANK50_TRAIN_V1,sz.300411,2016-12-01,EXACT,,
REV_vola_11,sh.600395,2016-12-01,DISCLOSE,daily_mismatch,"{""open"": 0.0, ""high"": 0.0, ""low"": 0.0, ""close"": 0.01, ""volume"": 0.0}"
REV_vola_11,sz.000953,2016-12-01,EXACT,,
REV_vola_11,sz.002124,2016-12-01,EXACT,,
REV_vola_11,sz.002346,2016-12-01,EXACT,,
REV_vola_11,sz.002530,2016-12-01,EXACT,,
REV_vola_11,sz.300181,2016-12-01,EXACT,,
REV_vola_11,sz.300313,2016-12-01,EXACT,,
REV_vola_11,sz.300402,2016-12-01,EXACT,,
REV_vola_11,sz.300411,2016-12-01,EXACT,,
REV_vola_11,sz.300461,2016-12-01,EXACT,,
PV1_REV11_RANK50_TRAIN_V1,sh.600012,2017-01-03,DISCLOSE,daily_mismatch,"{""open"": 0.0, ""high"": 0.0, ""low"": 0.0, ""close"": 0.03, ""volume"": 0.0}"
PV1_REV11_RANK50_TRAIN_V1,sh.600139,2017-01-03,DISCLOSE,daily_mismatch,"{""open"": 0.0, ""high"": 0.0, ""low"": 0.0, ""close"": 0.01, ""volume"": 0.0}"
PV1_REV11_RANK50_TRAIN_V1,sh.600491,2017-01-03,DISCLOSE,daily_mismatch,"{""open"": 0.0, ""high"": 0.0, ""low"": 0.0, ""close"": 0.01, ""volume"": 0.0}"
PV1_REV11_RANK50_TRAIN_V1,sh.600535,2017-01-03,DISCLOSE,daily_mismatch,"{""open"": 0.0, ""high"": 0.0, ""low"": 0.0, ""close"": -0.02, ""volume"": 0.0}"
PV1_REV11_RANK50_TRAIN_V1,sz.000417,2017-01-03,EXACT,,
PV1_REV11_RANK50_TRAIN_V1,sz.002224,2017-01-03,EXACT,,
PV1_REV11_RANK50_TRAIN_V1,sz.002405,2017-01-03,EXACT,,
PV1_REV11_RANK50_TRAIN_V1,sz.002699,2017-01-03,EXACT,,
PV1_REV11_RANK50_TRAIN_V1,sz.300089,2017-01-03,DISCLOSE,daily_mismatch,"{""open"": -0.18, ""high"": 0.0, ""low"": 0.0, ""close"": 0.0, ""volume"": 0.0}"
PV1_REV11_RANK50_TRAIN_V1,sz.300182,2017-01-03,EXACT,,
REV_vola_11,sh.600158,2017-01-03,EXACT,,
REV_vola_11,sh.600310,2017-01-03,EXACT,,
REV_vola_11,sh.600965,2017-01-03,EXACT,,
REV_vola_11,sh.603609,2017-01-03,DISCLOSE,daily_mismatch,"{""open"": 0.0, ""high"": 0.0, ""low"": 0.0, ""close"": -0.01, ""volume"": 0.0}"
REV_vola_11,sz.000607,2017-01-03,EXACT,,
REV_vola_11,sz.000980,2017-01-03,EXACT,,
REV_vola_11,sz.002052,2017-01-03,EXACT,,
REV_vola_11,sz.002265,2017-01-03,EXACT,,
REV_vola_11,sz.002746,2017-01-03,EXACT,,
REV_vola_11,sz.300094,2017-01-03,EXACT,,
PV1_REV11_RANK50_TRAIN_V1,sh.600309,2017-02-03,EXACT,,
PV1_REV11_RANK50_TRAIN_V1,sh.600522,2017-02-03,DISCLOSE,daily_mismatch,"{""open"": 0.0, ""high"": 0.0, ""low"": 0.0, ""close"": 0.01, ""volume"": 0.0}"
PV1_REV11_RANK50_TRAIN_V1,sz.000514,2017-02-03,EXACT,,
PV1_REV11_RANK50_TRAIN_V1,sz.000638,2017-02-03,EXACT,,
PV1_REV11_RANK50_TRAIN_V1,sz.002094,2017-02-03,EXACT,,
PV1_REV11_RANK50_TRAIN_V1,sz.002207,2017-02-03,EXACT,,
PV1_REV11_RANK50_TRAIN_V1,sz.002560,2017-02-03,EXACT,,
PV1_REV11_RANK50_TRAIN_V1,sz.300090,2017-02-03,EXACT,,
PV1_REV11_RANK50_TRAIN_V1,sz.300216,2017-02-03,DISCLOSE,daily_mismatch,"{""open"": -0.1, ""high"": 0.0, ""low"": -0.09, ""close"": 0.0, ""volume"": 0.0}"
PV1_REV11_RANK50_TRAIN_V1,sz.300371,2017-02-03,EXACT,,
REV_vola_11,sh.600200,2017-02-03,DISCLOSE,daily_mismatch,"{""open"": 0.0, ""high"": 0.0, ""low"": 0.0, ""close"": -0.01, ""volume"": 0.0}"
REV_vola_11,sh.600599,2017-02-03,DISCLOSE,daily_mismatch,"{""open"": 0.0, ""high"": 0.0, ""low"": 0.0, ""close"": 0.01, ""volume"": 0.0}"
REV_vola_11,sh.601106,2017-02-03,DISCLOSE,daily_mismatch,"{""open"": 0.0, ""high"": 0.0, ""low"": 0.0, ""close"": -0.01, ""volume"": 0.0}"
REV_vola_11,sz.000514,2017-02-03,EXACT,,
REV_vola_11,sz.000550,2017-02-03,EXACT,,
REV_vola_11,sz.000759,2017-02-03,EXACT,,
REV_vola_11,sz.002094,2017-02-03,EXACT,,
REV_vola_11,sz.002098,2017-02-03,EXACT,,
REV_vola_11,sz.300103,2017-02-03,EXACT,,
REV_vola_11,sz.300417,2017-02-03,EXACT,,
PV1_REV11_RANK50_TRAIN_V1,sh.600619,2017-03-01,EXACT,,
PV1_REV11_RANK50_TRAIN_V1,sh.600802,2017-03-01,DISCLOSE,daily_mismatch,"{""open"": 0.0, ""high"": 0.0, ""low"": 0.0, ""close"": 0.02, ""volume"": 0.0}"
PV1_REV11_RANK50_TRAIN_V1,sh.600827,2017-03-01,DISCLOSE,daily_mismatch,"{""open"": 0.0, ""high"": 0.0, ""low"": 0.0, ""close"": 0.01, ""volume"": 0.0}"
PV1_REV11_RANK50_TRAIN_V1,sh.600992,2017-03-01,DISCLOSE,daily_mismatch,"{""open"": 0.0, ""high"": 0.0, ""low"": 0.0, ""close"": -0.02, ""volume"": 0.0}"
PV1_REV11_RANK50_TRAIN_V1,sz.000881,2017-03-01,EXACT,,
PV1_REV11_RANK50_TRAIN_V1,sz.002203,2017-03-01,EXACT,,
PV1_REV11_RANK50_TRAIN_V1,sz.300198,2017-03-01,EXACT,,
PV1_REV11_RANK50_TRAIN_V1,sz.300371,2017-03-01,EXACT,,
PV1_REV11_RANK50_TRAIN_V1,sz.300379,2017-03-01,EXACT,,
PV1_REV11_RANK50_TRAIN_V1,sz.300461,2017-03-01,DISCLOSE,daily_mismatch,"{""open"": -0.38, ""high"": 0.0, ""low"": 0.0, ""close"": 0.0, ""volume"": 0.0}"
REV_vola_11,sh.600693,2017-03-01,DISCLOSE,daily_mismatch,"{""open"": 0.0, ""high"": 0.0, ""low"": 0.0, ""close"": 0.01, ""volume"": 0.0}"
REV_vola_11,sh.600802,2017-03-01,DISCLOSE,daily_mismatch,"{""open"": 0.0, ""high"": 0.0, ""low"": 0.0, ""close"": 0.02, ""volume"": 0.0}"
REV_vola_11,sh.600992,2017-03-01,DISCLOSE,daily_mismatch,"{""open"": 0.0, ""high"": 0.0, ""low"": 0.0, ""close"": -0.02, ""volume"": 0.0}"
REV_vola_11,sh.603300,2017-03-01,EXACT,,
REV_vola_11,sz.000615,2017-03-01,EXACT,,
REV_vola_11,sz.000881,2017-03-01,EXACT,,
REV_vola_11,sz.000971,2017-03-01,EXACT,,
REV_vola_11,sz.002606,2017-03-01,EXACT,,
REV_vola_11,sz.300343,2017-03-01,EXACT,,
REV_vola_11,sz.300376,2017-03-01,EXACT,,
PV1_REV11_RANK50_TRAIN_V1,sh.600647,2017-04-05,DISCLOSE,daily_mismatch,"{""open"": 0.0, ""high"": 0.0, ""low"": 0.0, ""close"": 0.02, ""volume"": 0.0}"
PV1_REV11_RANK50_TRAIN_V1,sz.000066,2017-04-05,EXACT,,
PV1_REV11_RANK50_TRAIN_V1,sz.002354,2017-04-05,EXACT,,
PV1_REV11_RANK50_TRAIN_V1,sz.002395,2017-04-05,EXACT,,
PV1_REV11_RANK50_TRAIN_V1,sz.002703,2017-04-05,EXACT,,
PV1_REV11_RANK50_TRAIN_V1,sz.002755,2017-04-05,EXACT,,
PV1_REV11_RANK50_TRAIN_V1,sz.002783,2017-04-05,EXACT,,
PV1_REV11_RANK50_TRAIN_V1,sz.300063,2017-04-05,EXACT,,
PV1_REV11_RANK50_TRAIN_V1,sz.300228,2017-04-05,EXACT,,
PV1_REV11_RANK50_TRAIN_V1,sz.300468,2017-04-05,DISCLOSE,daily_mismatch,"{""open"": 0.1, ""high"": 0.0, ""low"": 0.0, ""close"": 0.0, ""volume"": 0.0}"
REV_vola_11,sh.603703,2017-04-05,DISCLOSE,daily_mismatch,"{""open"": 0.0, ""high"": 0.0, ""low"": 0.0, ""close"": -0.01, ""volume"": 0.0}"
REV_vola_11,sz.000639,2017-04-05,EXACT,,
REV_vola_11,sz.002105,2017-04-05,EXACT,,
REV_vola_11,sz.002607,2017-04-05,EXACT,,
REV_vola_11,sz.002722,2017-04-05,EXACT,,
REV_vola_11,sz.002789,2017-04-05,EXACT,,
REV_vola_11,sz.300202,2017-04-05,EXACT,,
REV_vola_11,sz.300331,2017-04-05,EXACT,,
REV_vola_11,sz.300481,2017-04-05,EXACT,,
REV_vola_11,sz.300505,2017-04-05,EXACT,,
PV1_REV11_RANK50_TRAIN_V1,sh.600416,2017-05-02,EXACT,,
PV1_REV11_RANK50_TRAIN_V1,sz.000018,2017-05-02,EXACT,,
PV1_REV11_RANK50_TRAIN_V1,sz.000510,2017-05-02,EXACT,,
PV1_REV11_RANK50_TRAIN_V1,sz.000662,2017-05-02,EXACT,,
PV1_REV11_RANK50_TRAIN_V1,sz.000676,2017-05-02,EXACT,,
PV1_REV11_RANK50_TRAIN_V1,sz.000881,2017-05-02,EXACT,,
PV1_REV11_RANK50_TRAIN_V1,sz.002111,2017-05-02,EXACT,,
PV1_REV11_RANK50_TRAIN_V1,sz.002249,2017-05-02,EXACT,,
PV1_REV11_RANK50_TRAIN_V1,sz.002491,2017-05-02,EXACT,,
PV1_REV11_RANK50_TRAIN_V1,sz.002602,2017-05-02,DISCLOSE,daily_mismatch,"{""open"": 0.29, ""high"": 0.0, ""low"": 0.0, ""close"": 0.0, ""volume"": 0.0}"
REV_vola_11,sh.600759,2017-05-02,DISCLOSE,daily_mismatch,"{""open"": 0.0, ""high"": 0.0, ""low"": 0.0, ""close"": -0.01, ""volume"": 0.0}"
REV_vola_11,sz.000659,2017-05-02,SUSPENDED_SKIP,,
REV_vola_11,sz.000690,2017-05-02,EXACT,,
REV_vola_11,sz.000767,2017-05-02,EXACT,,
REV_vola_11,sz.000927,2017-05-02,EXACT,,
REV_vola_11,sz.000966,2017-05-02,EXACT,,
REV_vola_11,sz.002249,2017-05-02,EXACT,,
REV_vola_11,sz.002363,2017-05-02,EXACT,,
REV_vola_11,sz.002602,2017-05-02,DISCLOSE,daily_mismatch,"{""open"": 0.29, ""high"": 0.0, ""low"": 0.0, ""close"": 0.0, ""volume"": 0.0}"
REV_vola_11,sz.300101,2017-05-02,EXACT,,
PV1_REV11_RANK50_TRAIN_V1,sh.600202,2017-06-01,DISCLOSE,daily_mismatch,"{""open"": 0.0, ""high"": 0.0, ""low"": 0.0, ""close"": -0.02, ""volume"": 0.0}"
PV1_REV11_RANK50_TRAIN_V1,sh.603997,2017-06-01,SUSPENDED_SKIP,,
PV1_REV11_RANK50_TRAIN_V1,sz.000791,2017-06-01,EXACT,,
PV1_REV11_RANK50_TRAIN_V1,sz.000957,2017-06-01,EXACT,,
PV1_REV11_RANK50_TRAIN_V1,sz.002182,2017-06-01,EXACT,,
PV1_REV11_RANK50_TRAIN_V1,sz.002742,2017-06-01,EXACT,,
PV1_REV11_RANK50_TRAIN_V1,sz.300072,2017-06-01,EXACT,,
PV1_REV11_RANK50_TRAIN_V1,sz.300097,2017-06-01,EXACT,,
PV1_REV11_RANK50_TRAIN_V1,sz.300310,2017-06-01,EXACT,,
PV1_REV11_RANK50_TRAIN_V1,sz.300379,2017-06-01,EXACT,,
REV_vola_11,sh.603006,2017-06-01,DISCLOSE,daily_mismatch,"{""open"": 0.0, ""high"": 0.0, ""low"": 0.0, ""close"": -0.01, ""volume"": 0.0}"
REV_vola_11,sh.603726,2017-06-01,DISCLOSE,daily_mismatch,"{""open"": 0.0, ""high"": 0.0, ""low"": 0.0, ""close"": 0.01, ""volume"": 0.0}"
REV_vola_11,sh.603997,2017-06-01,SUSPENDED_SKIP,,
REV_vola_11,sz.000877,2017-06-01,EXACT,,
REV_vola_11,sz.002333,2017-06-01,EXACT,,
REV_vola_11,sz.002388,2017-06-01,EXACT,,
REV_vola_11,sz.002761,2017-06-01,EXACT,,
REV_vola_11,sz.300044,2017-06-01,EXACT,,
REV_vola_11,sz.300072,2017-06-01,EXACT,,
REV_vola_11,sz.300222,2017-06-01,EXACT,,
PV1_REV11_RANK50_TRAIN_V1,sh.600880,2017-07-03,EXACT,,
PV1_REV11_RANK50_TRAIN_V1,sz.000638,2017-07-03,EXACT,,
PV1_REV11_RANK50_TRAIN_V1,sz.002061,2017-07-03,EXACT,,
PV1_REV11_RANK50_TRAIN_V1,sz.002205,2017-07-03,EXACT,,
PV1_REV11_RANK50_TRAIN_V1,sz.002434,2017-07-03,EXACT,,
PV1_REV11_RANK50_TRAIN_V1,sz.300062,2017-07-03,EXACT,,
PV1_REV11_RANK50_TRAIN_V1,sz.300083,2017-07-03,EXACT,,
PV1_REV11_RANK50_TRAIN_V1,sz.300223,2017-07-03,EXACT,,
PV1_REV11_RANK50_TRAIN_V1,sz.300296,2017-07-03,EXACT,,
PV1_REV11_RANK50_TRAIN_V1,sz.300371,2017-07-03,EXACT,,
REV_vola_11,sh.600393,2017-07-03,DISCLOSE,daily_mismatch,"{""open"": 0.0, ""high"": 0.0, ""low"": 0.0, ""close"": 0.01, ""volume"": 0.0}"
REV_vola_11,sh.600848,2017-07-03,DISCLOSE,daily_mismatch,"{""open"": 0.0, ""high"": 0.0, ""low"": 0.0, ""close"": -0.03, ""volume"": 0.0}"
REV_vola_11,sh.601238,2017-07-03,EXACT,,
REV_vola_11,sz.000600,2017-07-03,EXACT,,
REV_vola_11,sz.002342,2017-07-03,EXACT,,
REV_vola_11,sz.002346,2017-07-03,EXACT,,
REV_vola_11,sz.002492,2017-07-03,EXACT,,
REV_vola_11,sz.002494,2017-07-03,EXACT,,
REV_vola_11,sz.002616,2017-07-03,EXACT,,
REV_vola_11,sz.300275,2017-07-03,EXACT,,
PV1_REV11_RANK50_TRAIN_V1,sh.600069,2017-08-01,EXACT,,
PV1_REV11_RANK50_TRAIN_V1,sh.600491,2017-08-01,EXACT,,
PV1_REV11_RANK50_TRAIN_V1,sh.600506,2017-08-01,DISCLOSE,daily_mismatch,"{""open"": 0.0, ""high"": 0.0, ""low"": 0.0, ""close"": -0.01, ""volume"": 0.0}"
PV1_REV11_RANK50_TRAIN_V1,sh.600706,2017-08-01,DISCLOSE,daily_mismatch,"{""open"": 0.0, ""high"": 0.0, ""low"": 0.0, ""close"": -0.01, ""volume"": 0.0}"
PV1_REV11_RANK50_TRAIN_V1,sz.000158,2017-08-01,EXACT,,
PV1_REV11_RANK50_TRAIN_V1,sz.000669,2017-08-01,EXACT,,
PV1_REV11_RANK50_TRAIN_V1,sz.000797,2017-08-01,EXACT,,
PV1_REV11_RANK50_TRAIN_V1,sz.002008,2017-08-01,EXACT,,
PV1_REV11_RANK50_TRAIN_V1,sz.002294,2017-08-01,EXACT,,
PV1_REV11_RANK50_TRAIN_V1,sz.002415,2017-08-01,EXACT,,
REV_vola_11,sh.600698,2017-08-01,DISCLOSE,daily_mismatch,"{""open"": 0.0, ""high"": 0.0, ""low"": 0.0, ""close"": 0.01, ""volume"": 0.0}"
REV_vola_11,sh.600962,2017-08-01,DISCLOSE,daily_mismatch,"{""open"": -0.05, ""high"": 0.0, ""low"": 0.0, ""close"": 0.0, ""volume"": 0.0}"
REV_vola_11,sh.600967,2017-08-01,EXACT,,
REV_vola_11,sz.000921,2017-08-01,EXACT,,
REV_vola_11,sz.002265,2017-08-01,EXACT,,
REV_vola_11,sz.002294,2017-08-01,EXACT,,
REV_vola_11,sz.002450,2017-08-01,EXACT,,
REV_vola_11,sz.002508,2017-08-01,EXACT,,
REV_vola_11,sz.300408,2017-08-01,EXACT,,
REV_vola_11,sz.300433,2017-08-01,EXACT,,
PV1_REV11_RANK50_TRAIN_V1,sh.600201,2017-09-01,DISCLOSE,daily_mismatch,"{""open"": 0.0, ""high"": 0.0, ""low"": 0.0, ""close"": -0.01, ""volume"": 0.0}"
PV1_REV11_RANK50_TRAIN_V1,sh.600820,2017-09-01,EXACT,,
PV1_REV11_RANK50_TRAIN_V1,sh.603288,2017-09-01,EXACT,,
PV1_REV11_RANK50_TRAIN_V1,sz.000584,2017-09-01,EXACT,,
PV1_REV11_RANK50_TRAIN_V1,sz.000651,2017-09-01,EXACT,,
PV1_REV11_RANK50_TRAIN_V1,sz.000821,2017-09-01,EXACT,,
PV1_REV11_RANK50_TRAIN_V1,sz.000990,2017-09-01,EXACT,,
PV1_REV11_RANK50_TRAIN_V1,sz.002013,2017-09-01,EXACT,,
PV1_REV11_RANK50_TRAIN_V1,sz.002494,2017-09-01,EXACT,,
PV1_REV11_RANK50_TRAIN_V1,sz.300159,2017-09-01,EXACT,,
REV_vola_11,sh.600148,2017-09-01,DISCLOSE,daily_mismatch,"{""open"": 0.0, ""high"": 0.0, ""low"": 0.0, ""close"": -0.01, ""volume"": 0.0}"
REV_vola_11,sh.600777,2017-09-01,DISCLOSE,daily_mismatch,"{""open"": 0.0, ""high"": 0.0, ""low"": 0.0, ""close"": 0.01, ""volume"": 0.0}"
REV_vola_11,sz.000546,2017-09-01,EXACT,,
REV_vola_11,sz.000651,2017-09-01,EXACT,,
REV_vola_11,sz.000669,2017-09-01,EXACT,,
REV_vola_11,sz.002054,2017-09-01,EXACT,,
REV_vola_11,sz.002434,2017-09-01,EXACT,,
REV_vola_11,sz.002452,2017-09-01,EXACT,,
REV_vola_11,sz.300323,2017-09-01,EXACT,,
REV_vola_11,sz.300507,2017-09-01,EXACT,,
PV1_REV11_RANK50_TRAIN_V1,sh.600318,2017-10-09,DISCLOSE,daily_mismatch,"{""open"": 0.0, ""high"": 0.0, ""low"": 0.0, ""close"": 0.02, ""volume"": 0.0}"
PV1_REV11_RANK50_TRAIN_V1,sh.600496,2017-10-09,DISCLOSE,daily_mismatch,"{""open"": 0.0, ""high"": 0.0, ""low"": 0.0, ""close"": 0.01, ""volume"": 0.0}"
PV1_REV11_RANK50_TRAIN_V1,sz.000736,2017-10-09,EXACT,,
PV1_REV11_RANK50_TRAIN_V1,sz.000961,2017-10-09,EXACT,,
PV1_REV11_RANK50_TRAIN_V1,sz.002239,2017-10-09,EXACT,,
PV1_REV11_RANK50_TRAIN_V1,sz.002249,2017-10-09,EXACT,,
PV1_REV11_RANK50_TRAIN_V1,sz.300068,2017-10-09,EXACT,,
PV1_REV11_RANK50_TRAIN_V1,sz.300198,2017-10-09,EXACT,,
PV1_REV11_RANK50_TRAIN_V1,sz.300228,2017-10-09,EXACT,,
PV1_REV11_RANK50_TRAIN_V1,sz.300486,2017-10-09,EXACT,,
REV_vola_11,sh.600191,2017-10-09,EXACT,,
REV_vola_11,sh.600466,2017-10-09,DISCLOSE,daily_mismatch,"{""open"": 0.0, ""high"": 0.0, ""low"": 0.0, ""close"": 0.01, ""volume"": 0.0}"
REV_vola_11,sh.600791,2017-10-09,DISCLOSE,daily_mismatch,"{""open"": 0.0, ""high"": 0.0, ""low"": 0.0, ""close"": 0.02, ""volume"": 0.0}"
REV_vola_11,sz.000671,2017-10-09,EXACT,,
REV_vola_11,sz.000736,2017-10-09,EXACT,,
REV_vola_11,sz.000933,2017-10-09,EXACT,,
REV_vola_11,sz.002545,2017-10-09,EXACT,,
REV_vola_11,sz.002742,2017-10-09,EXACT,,
REV_vola_11,sz.300350,2017-10-09,EXACT,,
REV_vola_11,sz.300532,2017-10-09,EXACT,,
PV1_REV11_RANK50_TRAIN_V1,sh.600255,2017-11-01,DISCLOSE,daily_mismatch,"{""open"": 0.0, ""high"": 0.0, ""low"": 0.0, ""close"": 0.01, ""volume"": 0.0}"
PV1_REV11_RANK50_TRAIN_V1,sh.600791,2017-11-01,EXACT,,
PV1_REV11_RANK50_TRAIN_V1,sh.603703,2017-11-01,EXACT,,
PV1_REV11_RANK50_TRAIN_V1,sz.000158,2017-11-01,EXACT,,
PV1_REV11_RANK50_TRAIN_V1,sz.002280,2017-11-01,EXACT,,
PV1_REV11_RANK50_TRAIN_V1,sz.002428,2017-11-01,EXACT,,
PV1_REV11_RANK50_TRAIN_V1,sz.002645,2017-11-01,EXACT,,
PV1_REV11_RANK50_TRAIN_V1,sz.002668,2017-11-01,EXACT,,
PV1_REV11_RANK50_TRAIN_V1,sz.300072,2017-11-01,EXACT,,
PV1_REV11_RANK50_TRAIN_V1,sz.300161,2017-11-01,EXACT,,
REV_vola_11,sz.000010,2017-11-01,EXACT,,
REV_vola_11,sz.002176,2017-11-01,EXACT,,
REV_vola_11,sz.002668,2017-11-01,EXACT,,
REV_vola_11,sz.002679,2017-11-01,EXACT,,
REV_vola_11,sz.002769,2017-11-01,EXACT,,
REV_vola_11,sz.300157,2017-11-01,EXACT,,
REV_vola_11,sz.300173,2017-11-01,EXACT,,
REV_vola_11,sz.300312,2017-11-01,EXACT,,
REV_vola_11,sz.300518,2017-11-01,EXACT,,
REV_vola_11,sz.300552,2017-11-01,DISCLOSE,daily_mismatch,"{""open"": -0.02, ""high"": 0.0, ""low"": 0.0, ""close"": 0.0, ""volume"": 0.0}"
PV1_REV11_RANK50_TRAIN_V1,sh.601908,2017-12-01,DISCLOSE,daily_mismatch,"{""open"": 0.0, ""high"": 0.0, ""low"": 0.0, ""close"": 0.01, ""volume"": 0.0}"
PV1_REV11_RANK50_TRAIN_V1,sz.000839,2017-12-01,EXACT,,
PV1_REV11_RANK50_TRAIN_V1,sz.002341,2017-12-01,EXACT,,
PV1_REV11_RANK50_TRAIN_V1,sz.002583,2017-12-01,EXACT,,
PV1_REV11_RANK50_TRAIN_V1,sz.002594,2017-12-01,EXACT,,
PV1_REV11_RANK50_TRAIN_V1,sz.002635,2017-12-01,EXACT,,
PV1_REV11_RANK50_TRAIN_V1,sz.002714,2017-12-01,EXACT,,
PV1_REV11_RANK50_TRAIN_V1,sz.300038,2017-12-01,EXACT,,
PV1_REV11_RANK50_TRAIN_V1,sz.300115,2017-12-01,EXACT,,
PV1_REV11_RANK50_TRAIN_V1,sz.300477,2017-12-01,EXACT,,
REV_vola_11,sh.600050,2017-12-01,EXACT,,
REV_vola_11,sz.000049,2017-12-01,EXACT,,
REV_vola_11,sz.000916,2017-12-01,EXACT,,
REV_vola_11,sz.002366,2017-12-01,EXACT,,
REV_vola_11,sz.002389,2017-12-01,EXACT,,
REV_vola_11,sz.002486,2017-12-01,EXACT,,
REV_vola_11,sz.002777,2017-12-01,EXACT,,
REV_vola_11,sz.002806,2017-12-01,EXACT,,
REV_vola_11,sz.300502,2017-12-01,EXACT,,
REV_vola_11,sz.300535,2017-12-01,EXACT,,
PV1_REV11_RANK50_TRAIN_V1,sh.600256,2018-01-02,EXACT,,
PV1_REV11_RANK50_TRAIN_V1,sh.600691,2018-01-02,EXACT,,
PV1_REV11_RANK50_TRAIN_V1,sz.002020,2018-01-02,EXACT,,
PV1_REV11_RANK50_TRAIN_V1,sz.002234,2018-01-02,EXACT,,
PV1_REV11_RANK50_TRAIN_V1,sz.002299,2018-01-02,EXACT,,
PV1_REV11_RANK50_TRAIN_V1,sz.002522,2018-01-02,EXACT,,
PV1_REV11_RANK50_TRAIN_V1,sz.002635,2018-01-02,EXACT,,
PV1_REV11_RANK50_TRAIN_V1,sz.300176,2018-01-02,EXACT,,
PV1_REV11_RANK50_TRAIN_V1,sz.300287,2018-01-02,EXACT,,
PV1_REV11_RANK50_TRAIN_V1,sz.300468,2018-01-02,EXACT,,
REV_vola_11,sh.600515,2018-01-02,DISCLOSE,daily_mismatch,"{""open"": 0.0, ""high"": 0.0, ""low"": 0.0, ""close"": -0.01, ""volume"": 0.0}"
REV_vola_11,sh.600617,2018-01-02,DISCLOSE,daily_mismatch,"{""open"": 0.0, ""high"": 0.0, ""low"": 0.0, ""close"": 0.01, ""volume"": 0.0}"
REV_vola_11,sh.600803,2018-01-02,EXACT,,
REV_vola_11,sz.002020,2018-01-02,EXACT,,
REV_vola_11,sz.002023,2018-01-02,EXACT,,
REV_vola_11,sz.002036,2018-01-02,EXACT,,
REV_vola_11,sz.002635,2018-01-02,EXACT,,
REV_vola_11,sz.002685,2018-01-02,EXACT,,
REV_vola_11,sz.300097,2018-01-02,EXACT,,
REV_vola_11,sz.300176,2018-01-02,EXACT,,
PV1_REV11_RANK50_TRAIN_V1,sh.600673,2018-02-01,DISCLOSE,daily_mismatch,"{""open"": 0.0, ""high"": 0.0, ""low"": 0.0, ""close"": 0.02, ""volume"": 0.0}"
PV1_REV11_RANK50_TRAIN_V1,sh.600681,2018-02-01,DISCLOSE,daily_mismatch,"{""open"": 0.0, ""high"": 0.0, ""low"": 0.0, ""close"": 0.02, ""volume"": 0.0}"
PV1_REV11_RANK50_TRAIN_V1,sz.002230,2018-02-01,EXACT,,
PV1_REV11_RANK50_TRAIN_V1,sz.002353,2018-02-01,EXACT,,
PV1_REV11_RANK50_TRAIN_V1,sz.002766,2018-02-01,EXACT,,
PV1_REV11_RANK50_TRAIN_V1,sz.300137,2018-02-01,EXACT,,
PV1_REV11_RANK50_TRAIN_V1,sz.300176,2018-02-01,EXACT,,
PV1_REV11_RANK50_TRAIN_V1,sz.300226,2018-02-01,EXACT,,
PV1_REV11_RANK50_TRAIN_V1,sz.300502,2018-02-01,EXACT,,
PV1_REV11_RANK50_TRAIN_V1,sz.300561,2018-02-01,EXACT,,
REV_vola_11,sh.603559,2018-02-01,DISCLOSE,daily_mismatch,"{""open"": 0.0, ""high"": 0.0, ""low"": 0.0, ""close"": 0.05, ""volume"": 0.0}"
REV_vola_11,sz.002045,2018-02-01,EXACT,,
REV_vola_11,sz.002113,2018-02-01,SUSPENDED_SKIP,,
REV_vola_11,sz.002670,2018-02-01,EXACT,,
REV_vola_11,sz.300089,2018-02-01,SUSPENDED_SKIP,,
REV_vola_11,sz.300226,2018-02-01,EXACT,,
REV_vola_11,sz.300320,2018-02-01,EXACT,,
REV_vola_11,sz.300520,2018-02-01,EXACT,,
REV_vola_11,sz.300556,2018-02-01,EXACT,,
REV_vola_11,sz.300590,2018-02-01,EXACT,,
PV1_REV11_RANK50_TRAIN_V1,sh.600239,2018-03-01,EXACT,,
PV1_REV11_RANK50_TRAIN_V1,sh.600998,2018-03-01,DISCLOSE,daily_mismatch,"{""open"": 0.0, ""high"": 0.0, ""low"": 0.0, ""close"": 0.01, ""volume"": 0.0}"
PV1_REV11_RANK50_TRAIN_V1,sh.603355,2018-03-01,EXACT,,
PV1_REV11_RANK50_TRAIN_V1,sz.000910,2018-03-01,EXACT,,
PV1_REV11_RANK50_TRAIN_V1,sz.002080,2018-03-01,EXACT,,
PV1_REV11_RANK50_TRAIN_V1,sz.002426,2018-03-01,EXACT,,
PV1_REV11_RANK50_TRAIN_V1,sz.002547,2018-03-01,EXACT,,
PV1_REV11_RANK50_TRAIN_V1,sz.002695,2018-03-01,EXACT,,
PV1_REV11_RANK50_TRAIN_V1,sz.002812,2018-03-01,PATCH,,user_csv_1m_lots_to_shares_aggregated_5m
PV1_REV11_RANK50_TRAIN_V1,sz.300176,2018-03-01,EXACT,,
REV_vola_11,sh.600239,2018-03-01,EXACT,,
REV_vola_11,sh.601398,2018-03-01,DISCLOSE,daily_mismatch,"{""open"": 0.0, ""high"": 0.0, ""low"": 0.0, ""close"": -0.01, ""volume"": 0.0}"
REV_vola_11,sz.000333,2018-03-01,EXACT,,
REV_vola_11,sz.000651,2018-03-01,EXACT,,
REV_vola_11,sz.000910,2018-03-01,EXACT,,
REV_vola_11,sz.001979,2018-03-01,EXACT,,
REV_vola_11,sz.002035,2018-03-01,EXACT,,
REV_vola_11,sz.002124,2018-03-01,EXACT,,
REV_vola_11,sz.002330,2018-03-01,EXACT,,
REV_vola_11,sz.002714,2018-03-01,EXACT,,
PV1_REV11_RANK50_TRAIN_V1,sh.600135,2018-04-02,EXACT,,
PV1_REV11_RANK50_TRAIN_V1,sh.600227,2018-04-02,EXACT,,
PV1_REV11_RANK50_TRAIN_V1,sh.603118,2018-04-02,EXACT,,
PV1_REV11_RANK50_TRAIN_V1,sz.000893,2018-04-02,EXACT,,
PV1_REV11_RANK50_TRAIN_V1,sz.000910,2018-04-02,EXACT,,
PV1_REV11_RANK50_TRAIN_V1,sz.002254,2018-04-02,EXACT,,
PV1_REV11_RANK50_TRAIN_V1,sz.002297,2018-04-02,EXACT,,
PV1_REV11_RANK50_TRAIN_V1,sz.002385,2018-04-02,EXACT,,
PV1_REV11_RANK50_TRAIN_V1,sz.002629,2018-04-02,EXACT,,
PV1_REV11_RANK50_TRAIN_V1,sz.300477,2018-04-02,EXACT,,
REV_vola_11,sh.600135,2018-04-02,EXACT,,
REV_vola_11,sh.600741,2018-04-02,DISCLOSE,daily_mismatch,"{""open"": 0.0, ""high"": 0.0, ""low"": 0.0, ""close"": -0.01, ""volume"": 0.0}"
REV_vola_11,sh.601601,2018-04-02,EXACT,,
REV_vola_11,sh.601888,2018-04-02,EXACT,,
REV_vola_11,sz.000550,2018-04-02,EXACT,,
REV_vola_11,sz.000893,2018-04-02,EXACT,,
REV_vola_11,sz.000996,2018-04-02,EXACT,,
REV_vola_11,sz.002385,2018-04-02,EXACT,,
REV_vola_11,sz.002476,2018-04-02,EXACT,,
REV_vola_11,sz.300477,2018-04-02,EXACT,,
PV1_REV11_RANK50_TRAIN_V1,sh.600271,2018-05-02,DISCLOSE,daily_mismatch,"{""open"": 0.0, ""high"": 0.0, ""low"": 0.0, ""close"": 0.01, ""volume"": 0.0}"
PV1_REV11_RANK50_TRAIN_V1,sh.600288,2018-05-02,DISCLOSE,daily_mismatch,"{""open"": 0.0, ""high"": 0.0, ""low"": 0.0, ""close"": 0.04, ""volume"": 0.0}"
PV1_REV11_RANK50_TRAIN_V1,sh.600416,2018-05-02,EXACT,,
PV1_REV11_RANK50_TRAIN_V1,sh.601118,2018-05-02,DISCLOSE,daily_mismatch,"{""open"": 0.0, ""high"": 0.0, ""low"": 0.0, ""close"": -0.01, ""volume"": 0.0}"
PV1_REV11_RANK50_TRAIN_V1,sz.002023,2018-05-02,EXACT,,
PV1_REV11_RANK50_TRAIN_V1,sz.002368,2018-05-02,EXACT,,
PV1_REV11_RANK50_TRAIN_V1,sz.002371,2018-05-02,EXACT,,
PV1_REV11_RANK50_TRAIN_V1,sz.300132,2018-05-02,EXACT,,
PV1_REV11_RANK50_TRAIN_V1,sz.300352,2018-05-02,EXACT,,
PV1_REV11_RANK50_TRAIN_V1,sz.300621,2018-05-02,DISCLOSE,daily_mismatch,"{""open"": -0.05, ""high"": 0.0, ""low"": 0.0, ""close"": 0.0, ""volume"": 0.0}"
REV_vola_11,sh.600779,2018-05-02,EXACT,,
REV_vola_11,sh.601360,2018-05-02,SUSPENDED_SKIP,,
REV_vola_11,sh.603078,2018-05-02,DISCLOSE,daily_mismatch,"{""open"": 0.0, ""high"": 0.0, ""low"": 0.0, ""close"": 0.07, ""volume"": 0.0}"
REV_vola_11,sh.603986,2018-05-02,DISCLOSE,daily_mismatch,"{""open"": 0.0, ""high"": 0.0, ""low"": 0.0, ""close"": 0.07, ""volume"": 0.0}"
REV_vola_11,sz.000738,2018-05-02,EXACT,,
REV_vola_11,sz.000952,2018-05-02,EXACT,,
REV_vola_11,sz.002108,2018-05-02,EXACT,,
REV_vola_11,sz.002557,2018-05-02,EXACT,,
REV_vola_11,sz.300588,2018-05-02,EXACT,,
REV_vola_11,sz.300613,2018-05-02,EXACT,,
PV1_REV11_RANK50_TRAIN_V1,sh.603881,2018-06-01,DISCLOSE,daily_mismatch,"{""open"": 0.0, ""high"": 0.0, ""low"": 0.0, ""close"": 0.01, ""volume"": 0.0}"
PV1_REV11_RANK50_TRAIN_V1,sz.002190,2018-06-01,EXACT,,
PV1_REV11_RANK50_TRAIN_V1,sz.002630,2018-06-01,EXACT,,
PV1_REV11_RANK50_TRAIN_V1,sz.002648,2018-06-01,EXACT,,
PV1_REV11_RANK50_TRAIN_V1,sz.002683,2018-06-01,EXACT,,
PV1_REV11_RANK50_TRAIN_V1,sz.002725,2018-06-01,EXACT,,
PV1_REV11_RANK50_TRAIN_V1,sz.002805,2018-06-01,EXACT,,
PV1_REV11_RANK50_TRAIN_V1,sz.300177,2018-06-01,EXACT,,
PV1_REV11_RANK50_TRAIN_V1,sz.300302,2018-06-01,EXACT,,
PV1_REV11_RANK50_TRAIN_V1,sz.300522,2018-06-01,EXACT,,
REV_vola_11,sz.000567,2018-06-01,EXACT,,
REV_vola_11,sz.000592,2018-06-01,EXACT,,
REV_vola_11,sz.002288,2018-06-01,EXACT,,
REV_vola_11,sz.002524,2018-06-01,EXACT,,
REV_vola_11,sz.002684,2018-06-01,EXACT,,
REV_vola_11,sz.002725,2018-06-01,EXACT,,
REV_vola_11,sz.002805,2018-06-01,EXACT,,
REV_vola_11,sz.300097,2018-06-01,EXACT,,
REV_vola_11,sz.300128,2018-06-01,SUSPENDED_SKIP,,
REV_vola_11,sz.300522,2018-06-01,EXACT,,
PV1_REV11_RANK50_TRAIN_V1,sh.600622,2018-07-02,DISCLOSE,daily_mismatch,"{""open"": 0.0, ""high"": 0.0, ""low"": 0.0, ""close"": 0.01, ""volume"": 0.0}"
PV1_REV11_RANK50_TRAIN_V1,sh.600729,2018-07-02,DISCLOSE,daily_mismatch,"{""open"": 0.0, ""high"": 0.0, ""low"": 0.0, ""close"": -0.01, ""volume"": 0.0}"
PV1_REV11_RANK50_TRAIN_V1,sh.601006,2018-07-02,DISCLOSE,daily_mismatch,"{""open"": 0.0, ""high"": 0.0, ""low"": 0.0, ""close"": -0.02, ""volume"": 0.0}"
PV1_REV11_RANK50_TRAIN_V1,sz.000019,2018-07-02,EXACT,,
PV1_REV11_RANK50_TRAIN_V1,sz.002085,2018-07-02,EXACT,,
PV1_REV11_RANK50_TRAIN_V1,sz.002271,2018-07-02,EXACT,,
PV1_REV11_RANK50_TRAIN_V1,sz.002399,2018-07-02,EXACT,,
PV1_REV11_RANK50_TRAIN_V1,sz.002683,2018-07-02,EXACT,,
PV1_REV11_RANK50_TRAIN_V1,sz.300104,2018-07-02,EXACT,,
PV1_REV11_RANK50_TRAIN_V1,sz.300487,2018-07-02,EXACT,,
REV_vola_11,sh.601111,2018-07-02,EXACT,,
REV_vola_11,sz.000537,2018-07-02,EXACT,,
REV_vola_11,sz.000735,2018-07-02,EXACT,,
REV_vola_11,sz.000786,2018-07-02,EXACT,,
REV_vola_11,sz.000961,2018-07-02,EXACT,,
REV_vola_11,sz.001979,2018-07-02,EXACT,,
REV_vola_11,sz.002035,2018-07-02,EXACT,,
REV_vola_11,sz.002271,2018-07-02,EXACT,,
REV_vola_11,sz.002385,2018-07-02,EXACT,,
REV_vola_11,sz.002672,2018-07-02,EXACT,,
PV1_REV11_RANK50_TRAIN_V1,sh.600345,2018-08-01,EXACT,,
PV1_REV11_RANK50_TRAIN_V1,sz.000063,2018-08-01,EXACT,,
PV1_REV11_RANK50_TRAIN_V1,sz.000593,2018-08-01,EXACT,,
PV1_REV11_RANK50_TRAIN_V1,sz.002458,2018-08-01,EXACT,,
PV1_REV11_RANK50_TRAIN_V1,sz.002812,2018-08-01,EXACT,,
PV1_REV11_RANK50_TRAIN_V1,sz.300308,2018-08-01,EXACT,,
PV1_REV11_RANK50_TRAIN_V1,sz.300390,2018-08-01,EXACT,,
PV1_REV11_RANK50_TRAIN_V1,sz.300413,2018-08-01,EXACT,,
PV1_REV11_RANK50_TRAIN_V1,sz.300469,2018-08-01,EXACT,,
PV1_REV11_RANK50_TRAIN_V1,sz.300602,2018-08-01,EXACT,,
REV_vola_11,sh.600345,2018-08-01,EXACT,,
REV_vola_11,sh.603718,2018-08-01,DISCLOSE,daily_mismatch,"{""open"": 0.0, ""high"": 0.0, ""low"": 0.0, ""close"": -0.04, ""volume"": 0.0}"
REV_vola_11,sz.002747,2018-08-01,EXACT,,
REV_vola_11,sz.002795,2018-08-01,EXACT,,
REV_vola_11,sz.002840,2018-08-01,EXACT,,
REV_vola_11,sz.300170,2018-08-01,EXACT,,
REV_vola_11,sz.300308,2018-08-01,EXACT,,
REV_vola_11,sz.300469,2018-08-01,EXACT,,
REV_vola_11,sz.300477,2018-08-01,EXACT,,
REV_vola_11,sz.300514,2018-08-01,EXACT,,
PV1_REV11_RANK50_TRAIN_V1,sh.600477,2018-09-03,EXACT,,
PV1_REV11_RANK50_TRAIN_V1,sh.600754,2018-09-03,EXACT,,
PV1_REV11_RANK50_TRAIN_V1,sh.603718,2018-09-03,EXACT,,
PV1_REV11_RANK50_TRAIN_V1,sz.002152,2018-09-03,EXACT,,
PV1_REV11_RANK50_TRAIN_V1,sz.002168,2018-09-03,EXACT,,
PV1_REV11_RANK50_TRAIN_V1,sz.002202,2018-09-03,EXACT,,
PV1_REV11_RANK50_TRAIN_V1,sz.002356,2018-09-03,EXACT,,
PV1_REV11_RANK50_TRAIN_V1,sz.002691,2018-09-03,EXACT,,
PV1_REV11_RANK50_TRAIN_V1,sz.300176,2018-09-03,EXACT,,
PV1_REV11_RANK50_TRAIN_V1,sz.300266,2018-09-03,EXACT,,
REV_vola_11,sh.600273,2018-09-03,EXACT,,
REV_vola_11,sh.600477,2018-09-03,EXACT,,
REV_vola_11,sz.000766,2018-09-03,EXACT,,
REV_vola_11,sz.000820,2018-09-03,EXACT,,
REV_vola_11,sz.002343,2018-09-03,EXACT,,
REV_vola_11,sz.002366,2018-09-03,EXACT,,
REV_vola_11,sz.002517,2018-09-03,EXACT,,
REV_vola_11,sz.002600,2018-09-03,EXACT,,
REV_vola_11,sz.002789,2018-09-03,EXACT,,
REV_vola_11,sz.300462,2018-09-03,EXACT,,
PV1_REV11_RANK50_TRAIN_V1,sz.000025,2018-10-08,EXACT,,
PV1_REV11_RANK50_TRAIN_V1,sz.000669,2018-10-08,EXACT,,
PV1_REV11_RANK50_TRAIN_V1,sz.000806,2018-10-08,EXACT,,
PV1_REV11_RANK50_TRAIN_V1,sz.002002,2018-10-08,EXACT,,
PV1_REV11_RANK50_TRAIN_V1,sz.002457,2018-10-08,EXACT,,
PV1_REV11_RANK50_TRAIN_V1,sz.002554,2018-10-08,EXACT,,
PV1_REV11_RANK50_TRAIN_V1,sz.300084,2018-10-08,EXACT,,
PV1_REV11_RANK50_TRAIN_V1,sz.300216,2018-10-08,SUSPENDED_SKIP,,
PV1_REV11_RANK50_TRAIN_V1,sz.300411,2018-10-08,EXACT,,
PV1_REV11_RANK50_TRAIN_V1,sz.300571,2018-10-08,EXACT,,
REV_vola_11,sh.600333,2018-10-08,EXACT,,
REV_vola_11,sh.603690,2018-10-08,EXACT,,
REV_vola_11,sz.000721,2018-10-08,EXACT,,
REV_vola_11,sz.002012,2018-10-08,EXACT,,
REV_vola_11,sz.002259,2018-10-08,SUSPENDED_SKIP,,
REV_vola_11,sz.002692,2018-10-08,EXACT,,
REV_vola_11,sz.300020,2018-10-08,EXACT,,
REV_vola_11,sz.300188,2018-10-08,EXACT,,
REV_vola_11,sz.300265,2018-10-08,EXACT,,
REV_vola_11,sz.300588,2018-10-08,EXACT,,
PV1_REV11_RANK50_TRAIN_V1,sh.600104,2018-11-01,EXACT,,
PV1_REV11_RANK50_TRAIN_V1,sh.600398,2018-11-01,EXACT,,
PV1_REV11_RANK50_TRAIN_V1,sz.000007,2018-11-01,EXACT,,
PV1_REV11_RANK50_TRAIN_V1,sz.000656,2018-11-01,EXACT,,
PV1_REV11_RANK50_TRAIN_V1,sz.002258,2018-11-01,EXACT,,
PV1_REV11_RANK50_TRAIN_V1,sz.002356,2018-11-01,EXACT,,
PV1_REV11_RANK50_TRAIN_V1,sz.002368,2018-11-01,EXACT,,
PV1_REV11_RANK50_TRAIN_V1,sz.002419,2018-11-01,EXACT,,
PV1_REV11_RANK50_TRAIN_V1,sz.002451,2018-11-01,EXACT,,
PV1_REV11_RANK50_TRAIN_V1,sz.300568,2018-11-01,EXACT,,
REV_vola_11,sh.600197,2018-11-01,EXACT,,
REV_vola_11,sh.600398,2018-11-01,EXACT,,
REV_vola_11,sz.002030,2018-11-01,EXACT,,
REV_vola_11,sz.002371,2018-11-01,EXACT,,
REV_vola_11,sz.002451,2018-11-01,EXACT,,
REV_vola_11,sz.002563,2018-11-01,EXACT,,
REV_vola_11,sz.002699,2018-11-01,EXACT,,
REV_vola_11,sz.002747,2018-11-01,EXACT,,
REV_vola_11,sz.300384,2018-11-01,EXACT,,
REV_vola_11,sz.300568,2018-11-01,EXACT,,
PV1_REV11_RANK50_TRAIN_V1,sh.600080,2018-12-03,EXACT,,
PV1_REV11_RANK50_TRAIN_V1,sh.600604,2018-12-03,EXACT,,
PV1_REV11_RANK50_TRAIN_V1,sh.600635,2018-12-03,EXACT,,
PV1_REV11_RANK50_TRAIN_V1,sh.600895,2018-12-03,EXACT,,
PV1_REV11_RANK50_TRAIN_V1,sz.000058,2018-12-03,EXACT,,
PV1_REV11_RANK50_TRAIN_V1,sz.000917,2018-12-03,EXACT,,
PV1_REV11_RANK50_TRAIN_V1,sz.002407,2018-12-03,EXACT,,
PV1_REV11_RANK50_TRAIN_V1,sz.002708,2018-12-03,EXACT,,
PV1_REV11_RANK50_TRAIN_V1,sz.300126,2018-12-03,EXACT,,
PV1_REV11_RANK50_TRAIN_V1,sz.300410,2018-12-03,EXACT,,
REV_vola_11,sh.600080,2018-12-03,EXACT,,
REV_vola_11,sh.600131,2018-12-03,EXACT,,
REV_vola_11,sh.600635,2018-12-03,EXACT,,
REV_vola_11,sh.600848,2018-12-03,EXACT,,
REV_vola_11,sz.000007,2018-12-03,EXACT,,
REV_vola_11,sz.000058,2018-12-03,EXACT,,
REV_vola_11,sz.002472,2018-12-03,EXACT,,
REV_vola_11,sz.002886,2018-12-03,EXACT,,
REV_vola_11,sz.300410,2018-12-03,EXACT,,
REV_vola_11,sz.300471,2018-12-03,EXACT,,
PV1_REV11_RANK50_TRAIN_V1,sh.600290,2019-01-02,DISCLOSE,daily_mismatch,"{""open"": 0.0, ""high"": 0.0, ""low"": 0.03, ""close"": 0.0, ""volume"": 0.0}"
PV1_REV11_RANK50_TRAIN_V1,sh.603378,2019-01-02,DISCLOSE,daily_mismatch,"{""open"": 0.0, ""high"": 0.0, ""low"": 0.08, ""close"": 0.0, ""volume"": 0.0}"
PV1_REV11_RANK50_TRAIN_V1,sz.000503,2019-01-02,EXACT,,
PV1_REV11_RANK50_TRAIN_V1,sz.000806,2019-01-02,EXACT,,
PV1_REV11_RANK50_TRAIN_V1,sz.000996,2019-01-02,EXACT,,
PV1_REV11_RANK50_TRAIN_V1,sz.002011,2019-01-02,DISCLOSE,daily_mismatch,"{""open"": 0.0, ""high"": -0.01, ""low"": 0.0, ""close"": 0.0, ""volume"": 0.0}"
PV1_REV11_RANK50_TRAIN_V1,sz.002366,2019-01-02,EXACT,,
PV1_REV11_RANK50_TRAIN_V1,sz.002437,2019-01-02,DISCLOSE,daily_mismatch,"{""open"": 0.0, ""high"": -0.02, ""low"": 0.0, ""close"": 0.0, ""volume"": 0.0}"
PV1_REV11_RANK50_TRAIN_V1,sz.002684,2019-01-02,EXACT,,
PV1_REV11_RANK50_TRAIN_V1,sz.300262,2019-01-02,DISCLOSE,daily_mismatch,"{""open"": 0.0, ""high"": 0.0, ""low"": 0.03, ""close"": 0.0, ""volume"": 0.0}"
REV_vola_11,sh.600122,2019-01-02,EXACT,,
REV_vola_11,sh.600703,2019-01-02,DISCLOSE,daily_mismatch,"{""open"": 0.0, ""high"": 0.0, ""low"": 0.01, ""close"": 0.0, ""volume"": 0.0}"
REV_vola_11,sh.600789,2019-01-02,DISCLOSE,daily_mismatch,"{""open"": 0.0, ""high"": -0.01, ""low"": 0.0, ""close"": 0.0, ""volume"": 0.0}"
REV_vola_11,sz.000506,2019-01-02,EXACT,,
REV_vola_11,sz.000806,2019-01-02,EXACT,,
REV_vola_11,sz.002061,2019-01-02,DISCLOSE,daily_mismatch,"{""open"": 0.0, ""high"": -0.02, ""low"": 0.0, ""close"": 0.0, ""volume"": 0.0}"
REV_vola_11,sz.002555,2019-01-02,DISCLOSE,daily_mismatch,"{""open"": 0.0, ""high"": -0.01, ""low"": 0.0, ""close"": 0.0, ""volume"": 0.0}"
REV_vola_11,sz.002664,2019-01-02,EXACT,,
REV_vola_11,sz.002684,2019-01-02,EXACT,,
REV_vola_11,sz.002778,2019-01-02,DISCLOSE,daily_mismatch,"{""open"": 0.0, ""high"": 0.0, ""low"": 0.01, ""close"": 0.0, ""volume"": 0.0}"
PV1_REV11_RANK50_TRAIN_V1,sh.603017,2019-02-01,DISCLOSE,daily_mismatch,"{""open"": 0.0, ""high"": 0.0, ""low"": 0.04, ""close"": 0.0, ""volume"": 0.0}"
PV1_REV11_RANK50_TRAIN_V1,sz.002181,2019-02-01,EXACT,,
PV1_REV11_RANK50_TRAIN_V1,sz.002243,2019-02-01,DISCLOSE,daily_mismatch,"{""open"": 0.0, ""high"": 0.0, ""low"": 0.01, ""close"": 0.0, ""volume"": 0.0}"
PV1_REV11_RANK50_TRAIN_V1,sz.002270,2019-02-01,EXACT,,
PV1_REV11_RANK50_TRAIN_V1,sz.002418,2019-02-01,EXACT,,
PV1_REV11_RANK50_TRAIN_V1,sz.002498,2019-02-01,EXACT,,
PV1_REV11_RANK50_TRAIN_V1,sz.300096,2019-02-01,DISCLOSE,daily_mismatch,"{""open"": 0.0, ""high"": 0.0, ""low"": 0.01, ""close"": 0.0, ""volume"": 0.0}"
PV1_REV11_RANK50_TRAIN_V1,sz.300173,2019-02-01,EXACT,,
PV1_REV11_RANK50_TRAIN_V1,sz.300377,2019-02-01,DISCLOSE,daily_mismatch,"{""open"": 0.0, ""high"": 0.0, ""low"": 0.01, ""close"": 0.0, ""volume"": 0.0}"
PV1_REV11_RANK50_TRAIN_V1,sz.300693,2019-02-01,DISCLOSE,daily_mismatch,"{""open"": 0.0, ""high"": 0.0, ""low"": 0.14, ""close"": 0.0, ""volume"": 0.0}"
REV_vola_11,sh.600235,2019-02-01,EXACT,,
REV_vola_11,sh.600604,2019-02-01,DISCLOSE,daily_mismatch,"{""open"": 0.0, ""high"": -0.01, ""low"": 0.0, ""close"": 0.0, ""volume"": 0.0}"
REV_vola_11,sh.600766,2019-02-01,DISCLOSE,daily_mismatch,"{""open"": 0.0, ""high"": -0.01, ""low"": 0.01, ""close"": 0.0, ""volume"": 0.0}"
REV_vola_11,sh.603196,2019-02-01,DISCLOSE,daily_mismatch,"{""open"": 0.0, ""high"": 0.0, ""low"": 0.01, ""close"": 0.0, ""volume"": 0.0}"
REV_vola_11,sz.002072,2019-02-01,EXACT,,
REV_vola_11,sz.002451,2019-02-01,EXACT,,
REV_vola_11,sz.002699,2019-02-01,EXACT,,
REV_vola_11,sz.300090,2019-02-01,EXACT,,
REV_vola_11,sz.300096,2019-02-01,DISCLOSE,daily_mismatch,"{""open"": 0.0, ""high"": 0.0, ""low"": 0.01, ""close"": 0.0, ""volume"": 0.0}"
REV_vola_11,sz.300698,2019-02-01,EXACT,,
PV1_REV11_RANK50_TRAIN_V1,sh.600146,2019-03-01,EXACT,,
PV1_REV11_RANK50_TRAIN_V1,sh.600446,2019-03-01,EXACT,,
PV1_REV11_RANK50_TRAIN_V1,sh.600776,2019-03-01,DISCLOSE,daily_mismatch,"{""open"": 0.0, ""high"": -0.02, ""low"": 0.01, ""close"": 0.0, ""volume"": 0.0}"
PV1_REV11_RANK50_TRAIN_V1,sh.603000,2019-03-01,DISCLOSE,daily_mismatch,"{""open"": 0.0, ""high"": 0.0, ""low"": 0.04, ""close"": 0.0, ""volume"": 0.0}"
PV1_REV11_RANK50_TRAIN_V1,sz.002192,2019-03-01,EXACT,,
PV1_REV11_RANK50_TRAIN_V1,sz.002668,2019-03-01,EXACT,,
PV1_REV11_RANK50_TRAIN_V1,sz.002786,2019-03-01,EXACT,,
PV1_REV11_RANK50_TRAIN_V1,sz.300328,2019-03-01,DISCLOSE,daily_mismatch,"{""open"": 0.0, ""high"": -0.01, ""low"": 0.0, ""close"": 0.0, ""volume"": 0.0}"
PV1_REV11_RANK50_TRAIN_V1,sz.300545,2019-03-01,DISCLOSE,daily_mismatch,"{""open"": 0.0, ""high"": -0.01, ""low"": 0.02, ""close"": 0.0, ""volume"": 0.0}"
PV1_REV11_RANK50_TRAIN_V1,sz.300624,2019-03-01,EXACT,,
REV_vola_11,sh.600438,2019-03-01,DISCLOSE,daily_mismatch,"{""open"": 0.0, ""high"": -0.02, ""low"": 0.0, ""close"": 0.0, ""volume"": 0.0}"
REV_vola_11,sh.600776,2019-03-01,DISCLOSE,daily_mismatch,"{""open"": 0.0, ""high"": -0.02, ""low"": 0.01, ""close"": 0.0, ""volume"": 0.0}"
REV_vola_11,sh.603000,2019-03-01,DISCLOSE,daily_mismatch,"{""open"": 0.0, ""high"": 0.0, ""low"": 0.04, ""close"": 0.0, ""volume"": 0.0}"
REV_vola_11,sz.002192,2019-03-01,EXACT,,
REV_vola_11,sz.002358,2019-03-01,DISCLOSE,daily_mismatch,"{""open"": 0.0, ""high"": -0.01, ""low"": 0.0, ""close"": 0.0, ""volume"": 0.0}"
REV_vola_11,sz.002862,2019-03-01,EXACT,,
REV_vola_11,sz.002925,2019-03-01,DISCLOSE,daily_mismatch,"{""open"": 0.0, ""high"": 0.0, ""low"": 0.02, ""close"": 0.0, ""volume"": 0.0}"
REV_vola_11,sz.300274,2019-03-01,EXACT,,
REV_vola_11,sz.300593,2019-03-01,EXACT,,
REV_vola_11,sz.300624,2019-03-01,EXACT,,
PV1_REV11_RANK50_TRAIN_V1,sh.600088,2019-04-01,DISCLOSE,daily_mismatch,"{""open"": 0.0, ""high"": 0.0, ""low"": 0.01, ""close"": 0.0, ""volume"": 0.0}"
PV1_REV11_RANK50_TRAIN_V1,sh.601311,2019-04-01,EXACT,,
PV1_REV11_RANK50_TRAIN_V1,sh.603006,2019-04-01,DISCLOSE,daily_mismatch,"{""open"": 0.0, ""high"": -0.01, ""low"": 0.01, ""close"": 0.0, ""volume"": 0.0}"
PV1_REV11_RANK50_TRAIN_V1,sz.002488,2019-04-01,DISCLOSE,daily_mismatch,"{""open"": 0.0, ""high"": -0.01, ""low"": 0.0, ""close"": 0.0, ""volume"": 0.0}"
PV1_REV11_RANK50_TRAIN_V1,sz.300125,2019-04-01,DISCLOSE,daily_mismatch,"{""open"": 0.0, ""high"": 0.0, ""low"": 0.01, ""close"": 0.0, ""volume"": 0.0}"
PV1_REV11_RANK50_TRAIN_V1,sz.300171,2019-04-01,DISCLOSE,daily_mismatch,"{""open"": 0.0, ""high"": -0.01, ""low"": 0.03, ""close"": 0.0, ""volume"": 0.0}"
PV1_REV11_RANK50_TRAIN_V1,sz.300184,2019-04-01,DISCLOSE,daily_mismatch,"{""open"": 0.0, ""high"": 0.0, ""low"": 0.01, ""close"": 0.0, ""volume"": 0.0}"
PV1_REV11_RANK50_TRAIN_V1,sz.300241,2019-04-01,DISCLOSE,daily_mismatch,"{""open"": 0.0, ""high"": -0.01, ""low"": 0.0, ""close"": 0.0, ""volume"": 0.0}"
PV1_REV11_RANK50_TRAIN_V1,sz.300471,2019-04-01,DISCLOSE,daily_mismatch,"{""open"": 0.0, ""high"": 0.0, ""low"": 0.02, ""close"": 0.0, ""volume"": 0.0}"
PV1_REV11_RANK50_TRAIN_V1,sz.300691,2019-04-01,DISCLOSE,daily_mismatch,"{""open"": 0.0, ""high"": -0.02, ""low"": 0.01, ""close"": 0.0, ""volume"": 0.0}"
REV_vola_11,sh.600064,2019-04-01,DISCLOSE,daily_mismatch,"{""open"": 0.0, ""high"": -0.01, ""low"": 0.01, ""close"": 0.0, ""volume"": 0.0}"
REV_vola_11,sh.600283,2019-04-01,DISCLOSE,daily_mismatch,"{""open"": 0.0, ""high"": -0.02, ""low"": 0.0, ""close"": 0.0, ""volume"": 0.0}"
REV_vola_11,sh.603006,2019-04-01,DISCLOSE,daily_mismatch,"{""open"": 0.0, ""high"": -0.01, ""low"": 0.01, ""close"": 0.0, ""volume"": 0.0}"
REV_vola_11,sz.002192,2019-04-01,DISCLOSE,daily_mismatch,"{""open"": 0.0, ""high"": -0.01, ""low"": 0.0, ""close"": 0.0, ""volume"": 0.0}"
REV_vola_11,sz.002569,2019-04-01,DISCLOSE,daily_mismatch,"{""open"": 0.0, ""high"": -0.03, ""low"": 0.0, ""close"": 0.0, ""volume"": 0.0}"
REV_vola_11,sz.002596,2019-04-01,DISCLOSE,daily_mismatch,"{""open"": 0.0, ""high"": -0.02, ""low"": 0.0, ""close"": 0.0, ""volume"": 0.0}"
REV_vola_11,sz.300125,2019-04-01,DISCLOSE,daily_mismatch,"{""open"": 0.0, ""high"": 0.0, ""low"": 0.01, ""close"": 0.0, ""volume"": 0.0}"
REV_vola_11,sz.300167,2019-04-01,DISCLOSE,daily_mismatch,"{""open"": 0.0, ""high"": 0.0, ""low"": 0.02, ""close"": 0.0, ""volume"": 0.0}"
REV_vola_11,sz.300184,2019-04-01,DISCLOSE,daily_mismatch,"{""open"": 0.0, ""high"": 0.0, ""low"": 0.01, ""close"": 0.0, ""volume"": 0.0}"
REV_vola_11,sz.300654,2019-04-01,DISCLOSE,daily_mismatch,"{""open"": 0.0, ""high"": -0.02, ""low"": 0.16, ""close"": 0.0, ""volume"": 0.0}"
PV1_REV11_RANK50_TRAIN_V1,sh.600230,2019-05-06,EXACT,,
PV1_REV11_RANK50_TRAIN_V1,sh.600517,2019-05-06,DISCLOSE,daily_mismatch,"{""open"": 0.0, ""high"": -0.02, ""low"": 0.0, ""close"": 0.0, ""volume"": 0.0}"
PV1_REV11_RANK50_TRAIN_V1,sh.603026,2019-05-06,PATCH,,xianyu_1m_aggregated_5m_derived_reuse
PV1_REV11_RANK50_TRAIN_V1,sh.603998,2019-05-06,EXACT,,
PV1_REV11_RANK50_TRAIN_V1,sz.002214,2019-05-06,EXACT,,
PV1_REV11_RANK50_TRAIN_V1,sz.002481,2019-05-06,EXACT,,
PV1_REV11_RANK50_TRAIN_V1,sz.002537,2019-05-06,DISCLOSE,daily_mismatch,"{""open"": 0.0, ""high"": -0.01, ""low"": 0.0, ""close"": 0.0, ""volume"": 0.0}"
PV1_REV11_RANK50_TRAIN_V1,sz.002798,2019-05-06,EXACT,,
PV1_REV11_RANK50_TRAIN_V1,sz.300086,2019-05-06,EXACT,,
PV1_REV11_RANK50_TRAIN_V1,sz.300638,2019-05-06,DISCLOSE,daily_mismatch,"{""open"": 0.0, ""high"": -0.32, ""low"": 0.0, ""close"": 0.0, ""volume"": 0.0}"
REV_vola_11,sh.600165,2019-05-06,EXACT,,
REV_vola_11,sh.600225,2019-05-06,EXACT,,
REV_vola_11,sh.600230,2019-05-06,EXACT,,
REV_vola_11,sh.600624,2019-05-06,DISCLOSE,daily_mismatch,"{""open"": 0.0, ""high"": -0.01, ""low"": 0.0, ""close"": 0.0, ""volume"": 0.0}"
REV_vola_11,sz.000068,2019-05-06,EXACT,,
REV_vola_11,sz.002428,2019-05-06,EXACT,,
REV_vola_11,sz.002481,2019-05-06,EXACT,,
REV_vola_11,sz.002691,2019-05-06,DISCLOSE,daily_mismatch,"{""open"": 0.0, ""high"": 0.0, ""low"": 0.02, ""close"": 0.0, ""volume"": 0.0}"
REV_vola_11,sz.300108,2019-05-06,EXACT,,
REV_vola_11,sz.300684,2019-05-06,EXACT,,
PV1_REV11_RANK50_TRAIN_V1,sz.000813,2019-06-03,EXACT,,
PV1_REV11_RANK50_TRAIN_V1,sz.002118,2019-06-03,DISCLOSE,daily_mismatch,"{""open"": 0.0, ""high"": -0.01, ""low"": 0.01, ""close"": 0.0, ""volume"": 0.0}"
PV1_REV11_RANK50_TRAIN_V1,sz.002592,2019-06-03,EXACT,,
PV1_REV11_RANK50_TRAIN_V1,sz.300145,2019-06-03,EXACT,,
PV1_REV11_RANK50_TRAIN_V1,sz.300174,2019-06-03,EXACT,,
PV1_REV11_RANK50_TRAIN_V1,sz.300175,2019-06-03,EXACT,,
PV1_REV11_RANK50_TRAIN_V1,sz.300238,2019-06-03,DISCLOSE,daily_mismatch,"{""open"": 0.0, ""high"": -0.04, ""low"": 0.04, ""close"": 0.0, ""volume"": 0.0}"
PV1_REV11_RANK50_TRAIN_V1,sz.300267,2019-06-03,EXACT,,
PV1_REV11_RANK50_TRAIN_V1,sz.300342,2019-06-03,DISCLOSE,daily_mismatch,"{""open"": 0.0, ""high"": -0.01, ""low"": 0.0, ""close"": 0.0, ""volume"": 0.0}"
PV1_REV11_RANK50_TRAIN_V1,sz.300413,2019-06-03,EXACT,,
REV_vola_11,sh.600179,2019-06-03,DISCLOSE,daily_mismatch,"{""open"": 0.0, ""high"": -0.01, ""low"": 0.01, ""close"": 0.0, ""volume"": 0.0}"
REV_vola_11,sz.000813,2019-06-03,EXACT,,
REV_vola_11,sz.000963,2019-06-03,EXACT,,
REV_vola_11,sz.002592,2019-06-03,EXACT,,
REV_vola_11,sz.002836,2019-06-03,EXACT,,
REV_vola_11,sz.300174,2019-06-03,EXACT,,
REV_vola_11,sz.300175,2019-06-03,EXACT,,
REV_vola_11,sz.300238,2019-06-03,DISCLOSE,daily_mismatch,"{""open"": 0.0, ""high"": -0.04, ""low"": 0.04, ""close"": 0.0, ""volume"": 0.0}"
REV_vola_11,sz.300244,2019-06-03,DISCLOSE,daily_mismatch,"{""open"": 0.0, ""high"": -0.07, ""low"": 0.0, ""close"": 0.0, ""volume"": 0.0}"
REV_vola_11,sz.300375,2019-06-03,EXACT,,
PV1_REV11_RANK50_TRAIN_V1,sh.601038,2019-07-01,DISCLOSE,daily_mismatch,"{""open"": 0.0, ""high"": -0.01, ""low"": 0.01, ""close"": 0.0, ""volume"": 0.0}"
PV1_REV11_RANK50_TRAIN_V1,sz.000912,2019-07-01,EXACT,,
PV1_REV11_RANK50_TRAIN_V1,sz.002467,2019-07-01,DISCLOSE,daily_mismatch,"{""open"": 0.0, ""high"": -0.01, ""low"": 0.0, ""close"": 0.0, ""volume"": 0.0}"
PV1_REV11_RANK50_TRAIN_V1,sz.002776,2019-07-01,DISCLOSE,daily_mismatch,"{""open"": 0.0, ""high"": -0.01, ""low"": 0.0, ""close"": 0.0, ""volume"": 0.0}"
PV1_REV11_RANK50_TRAIN_V1,sz.002805,2019-07-01,EXACT,,
PV1_REV11_RANK50_TRAIN_V1,sz.300029,2019-07-01,DISCLOSE,daily_mismatch,"{""open"": 0.0, ""high"": -0.01, ""low"": 0.0, ""close"": 0.0, ""volume"": 0.0}"
PV1_REV11_RANK50_TRAIN_V1,sz.300190,2019-07-01,DISCLOSE,daily_mismatch,"{""open"": 0.0, ""high"": 0.0, ""low"": 0.01, ""close"": 0.0, ""volume"": 0.0}"
PV1_REV11_RANK50_TRAIN_V1,sz.300266,2019-07-01,DISCLOSE,daily_mismatch,"{""open"": 0.0, ""high"": 0.0, ""low"": 0.01, ""close"": 0.0, ""volume"": 0.0}"
PV1_REV11_RANK50_TRAIN_V1,sz.300573,2019-07-01,DISCLOSE,daily_mismatch,"{""open"": 0.0, ""high"": 0.0, ""low"": 0.03, ""close"": 0.0, ""volume"": 0.0}"
PV1_REV11_RANK50_TRAIN_V1,sz.300626,2019-07-01,EXACT,,
REV_vola_11,sh.603169,2019-07-01,EXACT,,
REV_vola_11,sz.000912,2019-07-01,EXACT,,
REV_vola_11,sz.002247,2019-07-01,EXACT,,
REV_vola_11,sz.300029,2019-07-01,DISCLOSE,daily_mismatch,"{""open"": 0.0, ""high"": -0.01, ""low"": 0.0, ""close"": 0.0, ""volume"": 0.0}"
REV_vola_11,sz.300152,2019-07-01,EXACT,,
REV_vola_11,sz.300301,2019-07-01,EXACT,,
REV_vola_11,sz.300325,2019-07-01,EXACT,,
REV_vola_11,sz.300405,2019-07-01,DISCLOSE,daily_mismatch,"{""open"": 0.0, ""high"": -0.04, ""low"": 0.0, ""close"": 0.0, ""volume"": 0.0}"
REV_vola_11,sz.300573,2019-07-01,DISCLOSE,daily_mismatch,"{""open"": 0.0, ""high"": 0.0, ""low"": 0.03, ""close"": 0.0, ""volume"": 0.0}"
REV_vola_11,sz.300626,2019-07-01,EXACT,,
PV1_REV11_RANK50_TRAIN_V1,sh.600078,2019-08-01,EXACT,,
PV1_REV11_RANK50_TRAIN_V1,sh.600593,2019-08-01,EXACT,,
PV1_REV11_RANK50_TRAIN_V1,sh.603078,2019-08-01,DISCLOSE,daily_mismatch,"{""open"": 0.0, ""high"": 0.0, ""low"": 0.01, ""close"": 0.0, ""volume"": 0.0}"
PV1_REV11_RANK50_TRAIN_V1,sh.603787,2019-08-01,EXACT,,
PV1_REV11_RANK50_TRAIN_V1,sz.002367,2019-08-01,DISCLOSE,daily_mismatch,"{""open"": 0.0, ""high"": 0.0, ""low"": 0.02, ""close"": 0.0, ""volume"": 0.0}"
PV1_REV11_RANK50_TRAIN_V1,sz.300091,2019-08-01,EXACT,,
PV1_REV11_RANK50_TRAIN_V1,sz.300191,2019-08-01,DISCLOSE,daily_mismatch,"{""open"": 0.0, ""high"": -0.01, ""low"": 0.0, ""close"": 0.0, ""volume"": 0.0}"
PV1_REV11_RANK50_TRAIN_V1,sz.300251,2019-08-01,DISCLOSE,daily_mismatch,"{""open"": 0.0, ""high"": 0.0, ""low"": 0.01, ""close"": 0.0, ""volume"": 0.0}"
PV1_REV11_RANK50_TRAIN_V1,sz.300516,2019-08-01,DISCLOSE,daily_mismatch,"{""open"": 0.0, ""high"": 0.0, ""low"": 0.04, ""close"": 0.0, ""volume"": 0.0}"
PV1_REV11_RANK50_TRAIN_V1,sz.300708,2019-08-01,DISCLOSE,daily_mismatch,"{""open"": 0.0, ""high"": 0.0, ""low"": 0.01, ""close"": 0.0, ""volume"": 0.0}"
REV_vola_11,sh.600393,2019-08-01,EXACT,,
REV_vola_11,sh.603078,2019-08-01,DISCLOSE,daily_mismatch,"{""open"": 0.0, ""high"": 0.0, ""low"": 0.01, ""close"": 0.0, ""volume"": 0.0}"
REV_vola_11,sh.603618,2019-08-01,DISCLOSE,daily_mismatch,"{""open"": 0.0, ""high"": -0.01, ""low"": 0.01, ""close"": 0.0, ""volume"": 0.0}"
REV_vola_11,sh.603787,2019-08-01,EXACT,,
REV_vola_11,sz.000536,2019-08-01,EXACT,,
REV_vola_11,sz.300191,2019-08-01,DISCLOSE,daily_mismatch,"{""open"": 0.0, ""high"": -0.01, ""low"": 0.0, ""close"": 0.0, ""volume"": 0.0}"
REV_vola_11,sz.300401,2019-08-01,EXACT,,
REV_vola_11,sz.300526,2019-08-01,DISCLOSE,daily_mismatch,"{""open"": 0.0, ""high"": 0.0, ""low"": 0.02, ""close"": 0.0, ""volume"": 0.0}"
REV_vola_11,sz.300532,2019-08-01,DISCLOSE,daily_mismatch,"{""open"": 0.0, ""high"": -0.02, ""low"": 0.01, ""close"": 0.0, ""volume"": 0.0}"
REV_vola_11,sz.300708,2019-08-01,DISCLOSE,daily_mismatch,"{""open"": 0.0, ""high"": 0.0, ""low"": 0.01, ""close"": 0.0, ""volume"": 0.0}"
PV1_REV11_RANK50_TRAIN_V1,sh.600069,2019-09-02,DISCLOSE,daily_mismatch,"{""open"": 0.0, ""high"": 0.0, ""low"": 0.01, ""close"": 0.0, ""volume"": 0.0}"
PV1_REV11_RANK50_TRAIN_V1,sz.000016,2019-09-02,EXACT,,
PV1_REV11_RANK50_TRAIN_V1,sz.000021,2019-09-02,DISCLOSE,daily_mismatch,"{""open"": 0.0, ""high"": 0.0, ""low"": 0.01, ""close"": 0.0, ""volume"": 0.0}"
PV1_REV11_RANK50_TRAIN_V1,sz.002488,2019-09-02,EXACT,,
PV1_REV11_RANK50_TRAIN_V1,sz.002881,2019-09-02,DISCLOSE,daily_mismatch,"{""open"": 0.0, ""high"": -0.01, ""low"": 0.0, ""close"": 0.0, ""volume"": 0.0}"
PV1_REV11_RANK50_TRAIN_V1,sz.300088,2019-09-02,EXACT,,
PV1_REV11_RANK50_TRAIN_V1,sz.300178,2019-09-02,DISCLOSE,daily_mismatch,"{""open"": 0.0, ""high"": -0.04, ""low"": 0.0, ""close"": 0.0, ""volume"": 0.0}"
PV1_REV11_RANK50_TRAIN_V1,sz.300420,2019-09-02,PATCH,,user_csv_1m_lots_to_shares_aggregated_5m
PV1_REV11_RANK50_TRAIN_V1,sz.300584,2019-09-02,EXACT,,
PV1_REV11_RANK50_TRAIN_V1,sz.300709,2019-09-02,DISCLOSE,daily_mismatch,"{""open"": 0.0, ""high"": 0.0, ""low"": 0.01, ""close"": 0.0, ""volume"": 0.0}"
REV_vola_11,sh.600069,2019-09-02,DISCLOSE,daily_mismatch,"{""open"": 0.0, ""high"": 0.0, ""low"": 0.01, ""close"": 0.0, ""volume"": 0.0}"
REV_vola_11,sz.000016,2019-09-02,EXACT,,
REV_vola_11,sz.000021,2019-09-02,DISCLOSE,daily_mismatch,"{""open"": 0.0, ""high"": 0.0, ""low"": 0.01, ""close"": 0.0, ""volume"": 0.0}"
REV_vola_11,sz.002488,2019-09-02,EXACT,,
REV_vola_11,sz.002881,2019-09-02,DISCLOSE,daily_mismatch,"{""open"": 0.0, ""high"": -0.01, ""low"": 0.0, ""close"": 0.0, ""volume"": 0.0}"
REV_vola_11,sz.002903,2019-09-02,EXACT,,
REV_vola_11,sz.300178,2019-09-02,DISCLOSE,daily_mismatch,"{""open"": 0.0, ""high"": -0.04, ""low"": 0.0, ""close"": 0.0, ""volume"": 0.0}"
REV_vola_11,sz.300328,2019-09-02,DISCLOSE,daily_mismatch,"{""open"": 0.0, ""high"": 0.0, ""low"": 0.04, ""close"": 0.0, ""volume"": 0.0}"
REV_vola_11,sz.300537,2019-09-02,EXACT,,
REV_vola_11,sz.300684,2019-09-02,DISCLOSE,daily_mismatch,"{""open"": 0.0, ""high"": 0.0, ""low"": 0.13, ""close"": 0.0, ""volume"": 0.0}"
PV1_REV11_RANK50_TRAIN_V1,sh.600745,2019-10-08,DISCLOSE,daily_mismatch,"{""open"": 0.0, ""high"": -0.1, ""low"": 0.01, ""close"": 0.0, ""volume"": 0.0}"
PV1_REV11_RANK50_TRAIN_V1,sh.603333,2019-10-08,EXACT,,
PV1_REV11_RANK50_TRAIN_V1,sz.002134,2019-10-08,DISCLOSE,daily_mismatch,"{""open"": 0.0, ""high"": -0.02, ""low"": 0.0, ""close"": 0.0, ""volume"": 0.0}"
PV1_REV11_RANK50_TRAIN_V1,sz.002417,2019-10-08,DISCLOSE,daily_mismatch,"{""open"": 0.0, ""high"": -0.04, ""low"": 0.0, ""close"": 0.0, ""volume"": 0.0}"
PV1_REV11_RANK50_TRAIN_V1,sz.300061,2019-10-08,EXACT,,
PV1_REV11_RANK50_TRAIN_V1,sz.300081,2019-10-08,EXACT,,
PV1_REV11_RANK50_TRAIN_V1,sz.300448,2019-10-08,DISCLOSE,daily_mismatch,"{""open"": 0.0, ""high"": 0.0, ""low"": 0.01, ""close"": 0.0, ""volume"": 0.0}"
PV1_REV11_RANK50_TRAIN_V1,sz.300474,2019-10-08,DISCLOSE,daily_mismatch,"{""open"": 0.0, ""high"": 0.0, ""low"": 0.07, ""close"": 0.0, ""volume"": 0.0}"
PV1_REV11_RANK50_TRAIN_V1,sz.300581,2019-10-08,DISCLOSE,daily_mismatch,"{""open"": 0.0, ""high"": 0.0, ""low"": 0.01, ""close"": 0.0, ""volume"": 0.0}"
PV1_REV11_RANK50_TRAIN_V1,sz.300604,2019-10-08,DISCLOSE,daily_mismatch,"{""open"": 0.0, ""high"": -0.01, ""low"": 0.0, ""close"": 0.0, ""volume"": 0.0}"
REV_vola_11,sh.603000,2019-10-08,DISCLOSE,daily_mismatch,"{""open"": 0.0, ""high"": -0.03, ""low"": 0.0, ""close"": 0.0, ""volume"": 0.0}"
REV_vola_11,sh.603333,2019-10-08,EXACT,,
REV_vola_11,sh.603986,2019-10-08,DISCLOSE,daily_mismatch,"{""open"": 0.0, ""high"": -0.07, ""low"": 0.0, ""close"": 0.0, ""volume"": 0.0}"
REV_vola_11,sz.002294,2019-10-08,DISCLOSE,daily_mismatch,"{""open"": 0.0, ""high"": -0.01, ""low"": 0.0, ""close"": 0.0, ""volume"": 0.0}"
REV_vola_11,sz.002869,2019-10-08,DISCLOSE,daily_mismatch,"{""open"": 0.0, ""high"": -0.01, ""low"": 0.0, ""close"": 0.0, ""volume"": 0.0}"
REV_vola_11,sz.300081,2019-10-08,EXACT,,
REV_vola_11,sz.300194,2019-10-08,EXACT,,
REV_vola_11,sz.300223,2019-10-08,DISCLOSE,daily_mismatch,"{""open"": 0.0, ""high"": -0.07, ""low"": 0.0, ""close"": 0.0, ""volume"": 0.0}"
REV_vola_11,sz.300462,2019-10-08,EXACT,,
REV_vola_11,sz.300552,2019-10-08,DISCLOSE,daily_mismatch,"{""open"": 0.0, ""high"": -0.19, ""low"": 0.0, ""close"": 0.0, ""volume"": 0.0}"
PV1_REV11_RANK50_TRAIN_V1,sh.600633,2019-11-01,EXACT,,
PV1_REV11_RANK50_TRAIN_V1,sh.600986,2019-11-01,DISCLOSE,daily_mismatch,"{""open"": 0.0, ""high"": -0.01, ""low"": 0.04, ""close"": 0.0, ""volume"": 0.0}"
PV1_REV11_RANK50_TRAIN_V1,sz.000555,2019-11-01,DISCLOSE,daily_mismatch,"{""open"": 0.0, ""high"": 0.0, ""low"": 0.01, ""close"": 0.0, ""volume"": 0.0}"
PV1_REV11_RANK50_TRAIN_V1,sz.000607,2019-11-01,EXACT,,
PV1_REV11_RANK50_TRAIN_V1,sz.002063,2019-11-01,DISCLOSE,daily_mismatch,"{""open"": 0.0, ""high"": -0.01, ""low"": 0.0, ""close"": 0.0, ""volume"": 0.0}"
PV1_REV11_RANK50_TRAIN_V1,sz.002104,2019-11-01,DISCLOSE,daily_mismatch,"{""open"": 0.0, ""high"": 0.0, ""low"": 0.01, ""close"": 0.0, ""volume"": 0.0}"
PV1_REV11_RANK50_TRAIN_V1,sz.002530,2019-11-01,DISCLOSE,daily_mismatch,"{""open"": 0.0, ""high"": -0.04, ""low"": 0.0, ""close"": 0.0, ""volume"": 0.0}"
PV1_REV11_RANK50_TRAIN_V1,sz.300099,2019-11-01,DISCLOSE,daily_mismatch,"{""open"": 0.0, ""high"": 0.0, ""low"": 0.02, ""close"": 0.0, ""volume"": 0.0}"
PV1_REV11_RANK50_TRAIN_V1,sz.300542,2019-11-01,EXACT,,
PV1_REV11_RANK50_TRAIN_V1,sz.300663,2019-11-01,DISCLOSE,daily_mismatch,"{""open"": 0.0, ""high"": -0.01, ""low"": 0.02, ""close"": 0.0, ""volume"": 0.0}"
REV_vola_11,sh.600633,2019-11-01,EXACT,,
REV_vola_11,sz.000607,2019-11-01,EXACT,,
REV_vola_11,sz.002063,2019-11-01,DISCLOSE,daily_mismatch,"{""open"": 0.0, ""high"": -0.01, ""low"": 0.0, ""close"": 0.0, ""volume"": 0.0}"
REV_vola_11,sz.002104,2019-11-01,DISCLOSE,daily_mismatch,"{""open"": 0.0, ""high"": 0.0, ""low"": 0.01, ""close"": 0.0, ""volume"": 0.0}"
REV_vola_11,sz.002530,2019-11-01,DISCLOSE,daily_mismatch,"{""open"": 0.0, ""high"": -0.04, ""low"": 0.0, ""close"": 0.0, ""volume"": 0.0}"
REV_vola_11,sz.002660,2019-11-01,EXACT,,
REV_vola_11,sz.300099,2019-11-01,DISCLOSE,daily_mismatch,"{""open"": 0.0, ""high"": 0.0, ""low"": 0.02, ""close"": 0.0, ""volume"": 0.0}"
REV_vola_11,sz.300356,2019-11-01,EXACT,,
REV_vola_11,sz.300542,2019-11-01,EXACT,,
REV_vola_11,sz.300663,2019-11-01,DISCLOSE,daily_mismatch,"{""open"": 0.0, ""high"": -0.01, ""low"": 0.02, ""close"": 0.0, ""volume"": 0.0}"
PV1_REV11_RANK50_TRAIN_V1,sh.600198,2019-12-02,DISCLOSE,daily_mismatch,"{""open"": 0.0, ""high"": -0.02, ""low"": 0.0, ""close"": 0.0, ""volume"": 0.0}"
PV1_REV11_RANK50_TRAIN_V1,sh.600592,2019-12-02,EXACT,,
PV1_REV11_RANK50_TRAIN_V1,sh.601799,2019-12-02,DISCLOSE,daily_mismatch,"{""open"": 0.0, ""high"": -0.03, ""low"": 0.0, ""close"": 0.0, ""volume"": 0.0}"
PV1_REV11_RANK50_TRAIN_V1,sz.000766,2019-12-02,EXACT,,
PV1_REV11_RANK50_TRAIN_V1,sz.002312,2019-12-02,EXACT,,
PV1_REV11_RANK50_TRAIN_V1,sz.002881,2019-12-02,DISCLOSE,daily_mismatch,"{""open"": 0.0, ""high"": -0.01, ""low"": 0.0, ""close"": 0.0, ""volume"": 0.0}"
PV1_REV11_RANK50_TRAIN_V1,sz.300003,2019-12-02,DISCLOSE,daily_mismatch,"{""open"": 0.0, ""high"": -0.02, ""low"": 0.05, ""close"": 0.0, ""volume"": 0.0}"
PV1_REV11_RANK50_TRAIN_V1,sz.300118,2019-12-02,DISCLOSE,daily_mismatch,"{""open"": 0.0, ""high"": -0.02, ""low"": 0.01, ""close"": 0.0, ""volume"": 0.0}"
PV1_REV11_RANK50_TRAIN_V1,sz.300328,2019-12-02,DISCLOSE,daily_mismatch,"{""open"": 0.0, ""high"": -0.02, ""low"": 0.0, ""close"": 0.0, ""volume"": 0.0}"
PV1_REV11_RANK50_TRAIN_V1,sz.300598,2019-12-02,DISCLOSE,daily_mismatch,"{""open"": 0.0, ""high"": -0.28, ""low"": 0.01, ""close"": 0.0, ""volume"": 0.0}"
REV_vola_11,sh.600093,2019-12-02,DISCLOSE,daily_mismatch,"{""open"": 0.0, ""high"": -0.02, ""low"": 0.01, ""close"": 0.0, ""volume"": 0.0}"
REV_vola_11,sh.600592,2019-12-02,EXACT,,
REV_vola_11,sz.002417,2019-12-02,EXACT,,
REV_vola_11,sz.002611,2019-12-02,EXACT,,
REV_vola_11,sz.002865,2019-12-02,DISCLOSE,daily_mismatch,"{""open"": 0.0, ""high"": 0.0, ""low"": 0.01, ""close"": 0.0, ""volume"": 0.0}"
REV_vola_11,sz.002875,2019-12-02,EXACT,,
REV_vola_11,sz.300006,2019-12-02,DISCLOSE,daily_mismatch,"{""open"": 0.0, ""high"": -0.01, ""low"": 0.0, ""close"": 0.0, ""volume"": 0.0}"
REV_vola_11,sz.300449,2019-12-02,DISCLOSE,daily_mismatch,"{""open"": 0.0, ""high"": -0.02, ""low"": 0.01, ""close"": 0.0, ""volume"": 0.0}"
REV_vola_11,sz.300571,2019-12-02,DISCLOSE,daily_mismatch,"{""open"": 0.0, ""high"": -0.04, ""low"": 0.0, ""close"": 0.0, ""volume"": 0.0}"
REV_vola_11,sz.300598,2019-12-02,DISCLOSE,daily_mismatch,"{""open"": 0.0, ""high"": -0.28, ""low"": 0.01, ""close"": 0.0, ""volume"": 0.0}"
PV1_REV11_RANK50_TRAIN_V1,sh.600114,2020-01-02,EXACT,,
PV1_REV11_RANK50_TRAIN_V1,sh.603035,2020-01-02,DISCLOSE,daily_mismatch,"{""open"": 0.0, ""high"": -0.05, ""low"": 0.0, ""close"": 0.0, ""volume"": 0.0}"
PV1_REV11_RANK50_TRAIN_V1,sh.603232,2020-01-02,EXACT,,
PV1_REV11_RANK50_TRAIN_V1,sh.603920,2020-01-02,EXACT,,
PV1_REV11_RANK50_TRAIN_V1,sz.002212,2020-01-02,EXACT,,
PV1_REV11_RANK50_TRAIN_V1,sz.300079,2020-01-02,DISCLOSE,daily_mismatch,"{""open"": 0.0, ""high"": -0.01, ""low"": 0.0, ""close"": 0.0, ""volume"": 0.0}"
PV1_REV11_RANK50_TRAIN_V1,sz.300088,2020-01-02,DISCLOSE,daily_mismatch,"{""open"": 0.0, ""high"": 0.0, ""low"": 0.01, ""close"": 0.0, ""volume"": 1.0}"
PV1_REV11_RANK50_TRAIN_V1,sz.300461,2020-01-02,EXACT,,
PV1_REV11_RANK50_TRAIN_V1,sz.300464,2020-01-02,DISCLOSE,daily_mismatch,"{""open"": 0.0, ""high"": -0.01, ""low"": 0.04, ""close"": 0.0, ""volume"": 0.0}"
PV1_REV11_RANK50_TRAIN_V1,sz.300643,2020-01-02,EXACT,,
REV_vola_11,sh.600515,2020-01-02,EXACT,,
REV_vola_11,sh.603602,2020-01-02,DISCLOSE,daily_mismatch,"{""open"": 0.0, ""high"": -0.01, ""low"": 0.01, ""close"": 0.0, ""volume"": 0.0}"
REV_vola_11,sh.603920,2020-01-02,EXACT,,
REV_vola_11,sz.002617,2020-01-02,DISCLOSE,daily_mismatch,"{""open"": 0.0, ""high"": 0.0, ""low"": 0.01, ""close"": 0.0, ""volume"": 0.0}"
REV_vola_11,sz.002745,2020-01-02,DISCLOSE,daily_mismatch,"{""open"": 0.0, ""high"": 0.0, ""low"": 0.01, ""close"": 0.0, ""volume"": 0.0}"
REV_vola_11,sz.002785,2020-01-02,EXACT,,
REV_vola_11,sz.300277,2020-01-02,EXACT,,
REV_vola_11,sz.300461,2020-01-02,EXACT,,
REV_vola_11,sz.300464,2020-01-02,DISCLOSE,daily_mismatch,"{""open"": 0.0, ""high"": -0.01, ""low"": 0.04, ""close"": 0.0, ""volume"": 0.0}"
REV_vola_11,sz.300709,2020-01-02,EXACT,,
PV1_REV11_RANK50_TRAIN_V1,sh.603396,2020-02-03,EXACT,,
PV1_REV11_RANK50_TRAIN_V1,sz.000955,2020-02-03,PATCH,,baostock_native_5m
PV1_REV11_RANK50_TRAIN_V1,sz.002126,2020-02-03,DISCLOSE,daily_mismatch,"{""open"": 0.0, ""high"": -0.01, ""low"": 0.0, ""close"": 0.0, ""volume"": 0.0}"
PV1_REV11_RANK50_TRAIN_V1,sz.002235,2020-02-03,EXACT,,
PV1_REV11_RANK50_TRAIN_V1,sz.002291,2020-02-03,DISCLOSE,daily_mismatch,"{""open"": 0.0, ""high"": -0.02, ""low"": 0.0, ""close"": 0.0, ""volume"": 0.0}"
PV1_REV11_RANK50_TRAIN_V1,sz.002317,2020-02-03,EXACT,,
PV1_REV11_RANK50_TRAIN_V1,sz.002640,2020-02-03,EXACT,,
PV1_REV11_RANK50_TRAIN_V1,sz.300006,2020-02-03,DISCLOSE,daily_mismatch,"{""open"": 0.0, ""high"": -0.03, ""low"": 0.0, ""close"": 0.0, ""volume"": 0.0}"
PV1_REV11_RANK50_TRAIN_V1,sz.300119,2020-02-03,DISCLOSE,daily_mismatch,"{""open"": 0.0, ""high"": -0.03, ""low"": 0.0, ""close"": 0.0, ""volume"": 0.0}"
PV1_REV11_RANK50_TRAIN_V1,sz.300462,2020-02-03,EXACT,,
REV_vola_11,sh.600592,2020-02-03,EXACT,,
REV_vola_11,sh.603037,2020-02-03,EXACT,,
REV_vola_11,sh.603536,2020-02-03,DISCLOSE,daily_mismatch,"{""open"": 0.0, ""high"": -0.01, ""low"": 0.0, ""close"": 0.0, ""volume"": 0.0}"
REV_vola_11,sh.603729,2020-02-03,EXACT,,
REV_vola_11,sz.002351,2020-02-03,EXACT,,
REV_vola_11,sz.300119,2020-02-03,DISCLOSE,daily_mismatch,"{""open"": 0.0, ""high"": -0.03, ""low"": 0.0, ""close"": 0.0, ""volume"": 0.0}"
REV_vola_11,sz.300426,2020-02-03,DISCLOSE,daily_mismatch,"{""open"": 0.0, ""high"": -0.05, ""low"": 0.0, ""close"": 0.0, ""volume"": 0.0}"
REV_vola_11,sz.300634,2020-02-03,EXACT,,
REV_vola_11,sz.300643,2020-02-03,EXACT,,
REV_vola_11,sz.300707,2020-02-03,EXACT,,
PV1_REV11_RANK50_TRAIN_V1,sh.600105,2020-03-02,EXACT,,
PV1_REV11_RANK50_TRAIN_V1,sh.600267,2020-03-02,DISCLOSE,daily_mismatch,"{""open"": 0.0, ""high"": -0.05, ""low"": 0.01, ""close"": 0.0, ""volume"": 0.0}"
PV1_REV11_RANK50_TRAIN_V1,sh.600513,2020-03-02,DISCLOSE,daily_mismatch,"{""open"": 0.0, ""high"": -0.01, ""low"": 0.0, ""close"": 0.0, ""volume"": 0.0}"
PV1_REV11_RANK50_TRAIN_V1,sz.000156,2020-03-02,DISCLOSE,daily_mismatch,"{""open"": 0.0, ""high"": -0.01, ""low"": 0.01, ""close"": 0.0, ""volume"": 0.0}"
PV1_REV11_RANK50_TRAIN_V1,sz.002349,2020-03-02,DISCLOSE,daily_mismatch,"{""open"": 0.0, ""high"": 0.0, ""low"": 0.01, ""close"": 0.0, ""volume"": 0.0}"
PV1_REV11_RANK50_TRAIN_V1,sz.300045,2020-03-02,DISCLOSE,daily_mismatch,"{""open"": 0.0, ""high"": 0.0, ""low"": 0.05, ""close"": 0.0, ""volume"": 0.0}"
PV1_REV11_RANK50_TRAIN_V1,sz.300182,2020-03-02,DISCLOSE,daily_mismatch,"{""open"": 0.0, ""high"": -0.01, ""low"": 0.0, ""close"": 0.0, ""volume"": 0.0}"
PV1_REV11_RANK50_TRAIN_V1,sz.300204,2020-03-02,DISCLOSE,daily_mismatch,"{""open"": 0.0, ""high"": 0.0, ""low"": 0.01, ""close"": 0.0, ""volume"": 0.0}"
PV1_REV11_RANK50_TRAIN_V1,sz.300211,2020-03-02,DISCLOSE,daily_mismatch,"{""open"": 0.0, ""high"": -0.01, ""low"": 0.0, ""close"": 0.0, ""volume"": 0.0}"
PV1_REV11_RANK50_TRAIN_V1,sz.300545,2020-03-02,DISCLOSE,daily_mismatch,"{""open"": 0.0, ""high"": -0.01, ""low"": 0.0, ""close"": 0.0, ""volume"": 0.0}"
REV_vola_11,sh.600088,2020-03-02,DISCLOSE,daily_mismatch,"{""open"": 0.0, ""high"": 0.0, ""low"": 0.03, ""close"": 0.0, ""volume"": 0.0}"
REV_vola_11,sh.600105,2020-03-02,EXACT,,
REV_vola_11,sh.603959,2020-03-02,DISCLOSE,daily_mismatch,"{""open"": 0.0, ""high"": -0.03, ""low"": 0.01, ""close"": 0.0, ""volume"": 0.0}"
REV_vola_11,sz.000156,2020-03-02,DISCLOSE,daily_mismatch,"{""open"": 0.0, ""high"": -0.01, ""low"": 0.01, ""close"": 0.0, ""volume"": 0.0}"
REV_vola_11,sz.000818,2020-03-02,DISCLOSE,daily_mismatch,"{""open"": 0.0, ""high"": 0.0, ""low"": 0.03, ""close"": 0.0, ""volume"": 0.0}"
REV_vola_11,sz.002549,2020-03-02,EXACT,,
REV_vola_11,sz.002582,2020-03-02,DISCLOSE,daily_mismatch,"{""open"": 0.0, ""high"": 0.0, ""low"": 0.01, ""close"": 0.0, ""volume"": 0.0}"
REV_vola_11,sz.300182,2020-03-02,DISCLOSE,daily_mismatch,"{""open"": 0.0, ""high"": -0.01, ""low"": 0.0, ""close"": 0.0, ""volume"": 0.0}"
REV_vola_11,sz.300435,2020-03-02,DISCLOSE,daily_mismatch,"{""open"": 0.0, ""high"": -0.02, ""low"": 0.0, ""close"": 0.0, ""volume"": 0.0}"
REV_vola_11,sz.300545,2020-03-02,DISCLOSE,daily_mismatch,"{""open"": 0.0, ""high"": -0.01, ""low"": 0.0, ""close"": 0.0, ""volume"": 0.0}"
PV1_REV11_RANK50_TRAIN_V1,sh.600203,2020-04-01,EXACT,,
PV1_REV11_RANK50_TRAIN_V1,sh.603232,2020-04-01,DISCLOSE,daily_mismatch,"{""open"": 0.0, ""high"": -0.02, ""low"": 0.02, ""close"": 0.0, ""volume"": 0.0}"
PV1_REV11_RANK50_TRAIN_V1,sz.002075,2020-04-01,DISCLOSE,daily_mismatch,"{""open"": 0.0, ""high"": -0.02, ""low"": 0.01, ""close"": 0.0, ""volume"": 0.0}"
PV1_REV11_RANK50_TRAIN_V1,sz.002518,2020-04-01,DISCLOSE,daily_mismatch,"{""open"": 0.0, ""high"": 0.0, ""low"": 0.02, ""close"": 0.0, ""volume"": 0.0}"
PV1_REV11_RANK50_TRAIN_V1,sz.002559,2020-04-01,DISCLOSE,daily_mismatch,"{""open"": 0.0, ""high"": -0.01, ""low"": 0.01, ""close"": 0.0, ""volume"": 0.0}"
PV1_REV11_RANK50_TRAIN_V1,sz.002623,2020-04-01,DISCLOSE,daily_mismatch,"{""open"": 0.0, ""high"": -0.03, ""low"": 0.0, ""close"": 0.0, ""volume"": 0.0}"
PV1_REV11_RANK50_TRAIN_V1,sz.300002,2020-04-01,EXACT,,
PV1_REV11_RANK50_TRAIN_V1,sz.300083,2020-04-01,DISCLOSE,daily_mismatch,"{""open"": 0.0, ""high"": 0.0, ""low"": 0.01, ""close"": 0.0, ""volume"": 0.0}"
PV1_REV11_RANK50_TRAIN_V1,sz.300394,2020-04-01,EXACT,,
PV1_REV11_RANK50_TRAIN_V1,sz.300460,2020-04-01,EXACT,,
REV_vola_11,sh.603938,2020-04-01,DISCLOSE,daily_mismatch,"{""open"": 0.0, ""high"": 0.0, ""low"": 0.01, ""close"": 0.0, ""volume"": 0.0}"
REV_vola_11,sz.000851,2020-04-01,DISCLOSE,daily_mismatch,"{""open"": 0.0, ""high"": 0.0, ""low"": 0.01, ""close"": 0.0, ""volume"": 0.0}"
REV_vola_11,sz.002090,2020-04-01,DISCLOSE,daily_mismatch,"{""open"": 0.0, ""high"": -0.01, ""low"": 0.0, ""close"": 0.0, ""volume"": 0.0}"
REV_vola_11,sz.002261,2020-04-01,DISCLOSE,daily_mismatch,"{""open"": 0.0, ""high"": 0.0, ""low"": 0.01, ""close"": 0.0, ""volume"": 0.0}"
REV_vola_11,sz.002559,2020-04-01,DISCLOSE,daily_mismatch,"{""open"": 0.0, ""high"": -0.01, ""low"": 0.01, ""close"": 0.0, ""volume"": 0.0}"
REV_vola_11,sz.300054,2020-04-01,DISCLOSE,daily_mismatch,"{""open"": 0.0, ""high"": 0.0, ""low"": 0.01, ""close"": 0.0, ""volume"": 0.0}"
REV_vola_11,sz.300078,2020-04-01,EXACT,,
REV_vola_11,sz.300634,2020-04-01,DISCLOSE,daily_mismatch,"{""open"": 0.0, ""high"": -0.01, ""low"": 0.0, ""close"": 0.0, ""volume"": 0.0}"
REV_vola_11,sz.300693,2020-04-01,DISCLOSE,daily_mismatch,"{""open"": 0.0, ""high"": -0.01, ""low"": 0.01, ""close"": 0.0, ""volume"": 0.0}"
REV_vola_11,sz.300730,2020-04-01,DISCLOSE,daily_mismatch,"{""open"": 0.0, ""high"": 0.0, ""low"": 0.03, ""close"": 0.0, ""volume"": 0.0}"
PV1_REV11_RANK50_TRAIN_V1,sh.600268,2020-05-06,DISCLOSE,daily_mismatch,"{""open"": 0.0, ""high"": -0.02, ""low"": 0.01, ""close"": 0.0, ""volume"": 0.0}"
PV1_REV11_RANK50_TRAIN_V1,sh.600527,2020-05-06,DISCLOSE,daily_mismatch,"{""open"": 0.0, ""high"": -0.01, ""low"": 0.01, ""close"": 0.0, ""volume"": 0.0}"
PV1_REV11_RANK50_TRAIN_V1,sh.603238,2020-05-06,DISCLOSE,daily_mismatch,"{""open"": 0.0, ""high"": -0.01, ""low"": 0.12, ""close"": 0.0, ""volume"": 0.0}"
PV1_REV11_RANK50_TRAIN_V1,sz.002030,2020-05-06,DISCLOSE,daily_mismatch,"{""open"": 0.0, ""high"": -0.03, ""low"": 0.0, ""close"": 0.0, ""volume"": 0.0}"
PV1_REV11_RANK50_TRAIN_V1,sz.002486,2020-05-06,DISCLOSE,daily_mismatch,"{""open"": 0.0, ""high"": 0.0, ""low"": 0.01, ""close"": 0.0, ""volume"": 0.0}"
PV1_REV11_RANK50_TRAIN_V1,sz.002603,2020-05-06,DISCLOSE,daily_mismatch,"{""open"": 0.0, ""high"": 0.0, ""low"": 0.25, ""close"": 0.0, ""volume"": 0.0}"
PV1_REV11_RANK50_TRAIN_V1,sz.002825,2020-05-06,EXACT,,
PV1_REV11_RANK50_TRAIN_V1,sz.002932,2020-05-06,DISCLOSE,daily_mismatch,"{""open"": 0.0, ""high"": -0.07, ""low"": 0.0, ""close"": 0.0, ""volume"": 0.0}"
PV1_REV11_RANK50_TRAIN_V1,sz.300026,2020-05-06,DISCLOSE,daily_mismatch,"{""open"": 0.0, ""high"": -0.01, ""low"": 0.0, ""close"": 0.0, ""volume"": 0.0}"
PV1_REV11_RANK50_TRAIN_V1,sz.300658,2020-05-06,DISCLOSE,daily_mismatch,"{""open"": 0.0, ""high"": 0.0, ""low"": 0.11, ""close"": 0.0, ""volume"": 0.0}"
REV_vola_11,sh.600527,2020-05-06,DISCLOSE,daily_mismatch,"{""open"": 0.0, ""high"": -0.01, ""low"": 0.01, ""close"": 0.0, ""volume"": 0.0}"
REV_vola_11,sh.603238,2020-05-06,DISCLOSE,daily_mismatch,"{""open"": 0.0, ""high"": -0.01, ""low"": 0.12, ""close"": 0.0, ""volume"": 0.0}"
REV_vola_11,sz.000652,2020-05-06,DISCLOSE,daily_mismatch,"{""open"": 0.0, ""high"": -0.02, ""low"": 0.01, ""close"": 0.0, ""volume"": 0.0}"
REV_vola_11,sz.002030,2020-05-06,DISCLOSE,daily_mismatch,"{""open"": 0.0, ""high"": -0.03, ""low"": 0.0, ""close"": 0.0, ""volume"": 0.0}"
REV_vola_11,sz.002165,2020-05-06,EXACT,,
REV_vola_11,sz.002603,2020-05-06,DISCLOSE,daily_mismatch,"{""open"": 0.0, ""high"": 0.0, ""low"": 0.25, ""close"": 0.0, ""volume"": 0.0}"
REV_vola_11,sz.002846,2020-05-06,DISCLOSE,daily_mismatch,"{""open"": 0.0, ""high"": 0.0, ""low"": 0.04, ""close"": 0.0, ""volume"": 0.0}"
REV_vola_11,sz.002932,2020-05-06,DISCLOSE,daily_mismatch,"{""open"": 0.0, ""high"": -0.07, ""low"": 0.0, ""close"": 0.0, ""volume"": 0.0}"
REV_vola_11,sz.300026,2020-05-06,DISCLOSE,daily_mismatch,"{""open"": 0.0, ""high"": -0.01, ""low"": 0.0, ""close"": 0.0, ""volume"": 0.0}"
REV_vola_11,sz.300471,2020-05-06,DISCLOSE,daily_mismatch,"{""open"": 0.0, ""high"": -0.03, ""low"": 0.03, ""close"": 0.0, ""volume"": 0.0}"
PV1_REV11_RANK50_TRAIN_V1,sh.600425,2020-06-01,EXACT,,
PV1_REV11_RANK50_TRAIN_V1,sh.603929,2020-06-01,DISCLOSE,daily_mismatch,"{""open"": 0.0, ""high"": -0.01, ""low"": 0.01, ""close"": 0.0, ""volume"": 0.0}"
PV1_REV11_RANK50_TRAIN_V1,sz.002307,2020-06-01,DISCLOSE,daily_mismatch,"{""open"": 0.0, ""high"": -0.02, ""low"": 0.01, ""close"": 0.0, ""volume"": 0.0}"
PV1_REV11_RANK50_TRAIN_V1,sz.002338,2020-06-01,DISCLOSE,daily_mismatch,"{""open"": 0.0, ""high"": -0.02, ""low"": 0.01, ""close"": 0.0, ""volume"": 0.0}"
PV1_REV11_RANK50_TRAIN_V1,sz.002625,2020-06-01,EXACT,,
PV1_REV11_RANK50_TRAIN_V1,sz.300160,2020-06-01,DISCLOSE,daily_mismatch,"{""open"": 0.0, ""high"": 0.0, ""low"": 0.01, ""close"": 0.0, ""volume"": 0.0}"
PV1_REV11_RANK50_TRAIN_V1,sz.300432,2020-06-01,EXACT,,
PV1_REV11_RANK50_TRAIN_V1,sz.300460,2020-06-01,DISCLOSE,daily_mismatch,"{""open"": 0.0, ""high"": -0.01, ""low"": 0.0, ""close"": 0.0, ""volume"": 0.0}"
PV1_REV11_RANK50_TRAIN_V1,sz.300633,2020-06-01,DISCLOSE,daily_mismatch,"{""open"": 0.0, ""high"": -0.02, ""low"": 0.02, ""close"": 0.0, ""volume"": 0.0}"
PV1_REV11_RANK50_TRAIN_V1,sz.300712,2020-06-01,DISCLOSE,daily_mismatch,"{""open"": 0.0, ""high"": 0.0, ""low"": 0.01, ""close"": 0.0, ""volume"": 0.0}"
REV_vola_11,sh.600094,2020-06-01,DISCLOSE,daily_mismatch,"{""open"": 0.0, ""high"": -0.01, ""low"": 0.01, ""close"": 0.0, ""volume"": 0.0}"
REV_vola_11,sh.603618,2020-06-01,EXACT,,
REV_vola_11,sh.603668,2020-06-01,EXACT,,
REV_vola_11,sz.002625,2020-06-01,EXACT,,
REV_vola_11,sz.300260,2020-06-01,DISCLOSE,daily_mismatch,"{""open"": 0.0, ""high"": 0.0, ""low"": 0.06, ""close"": 0.0, ""volume"": 0.0}"
REV_vola_11,sz.300377,2020-06-01,DISCLOSE,daily_mismatch,"{""open"": 0.0, ""high"": 0.0, ""low"": 0.03, ""close"": 0.0, ""volume"": 0.0}"
REV_vola_11,sz.300416,2020-06-01,DISCLOSE,daily_mismatch,"{""open"": 0.0, ""high"": 0.0, ""low"": 0.05, ""close"": 0.0, ""volume"": 0.0}"
REV_vola_11,sz.300620,2020-06-01,DISCLOSE,daily_mismatch,"{""open"": 0.0, ""high"": 0.0, ""low"": 0.04, ""close"": 0.0, ""volume"": 0.0}"
REV_vola_11,sz.300671,2020-06-01,EXACT,,
REV_vola_11,sz.300721,2020-06-01,EXACT,,
PV1_REV11_RANK50_TRAIN_V1,sh.600282,2020-07-01,EXACT,,
PV1_REV11_RANK50_TRAIN_V1,sh.600415,2020-07-01,EXACT,,
PV1_REV11_RANK50_TRAIN_V1,sh.600827,2020-07-01,EXACT,,
PV1_REV11_RANK50_TRAIN_V1,sh.603277,2020-07-01,DISCLOSE,daily_mismatch,"{""open"": 0.0, ""high"": 0.0, ""low"": 0.01, ""close"": 0.0, ""volume"": 0.0}"
PV1_REV11_RANK50_TRAIN_V1,sh.603608,2020-07-01,DISCLOSE,daily_mismatch,"{""open"": 0.0, ""high"": 0.0, ""low"": 0.01, ""close"": 0.0, ""volume"": 0.0}"
PV1_REV11_RANK50_TRAIN_V1,sh.603661,2020-07-01,DISCLOSE,daily_mismatch,"{""open"": 0.0, ""high"": -0.19, ""low"": 0.0, ""close"": 0.0, ""volume"": 0.0}"
PV1_REV11_RANK50_TRAIN_V1,sz.002612,2020-07-01,DISCLOSE,daily_mismatch,"{""open"": 0.0, ""high"": -0.01, ""low"": 0.05, ""close"": 0.0, ""volume"": 0.0}"
PV1_REV11_RANK50_TRAIN_V1,sz.002666,2020-07-01,DISCLOSE,daily_mismatch,"{""open"": 0.0, ""high"": -0.03, ""low"": 0.0, ""close"": 0.0, ""volume"": 0.0}"
PV1_REV11_RANK50_TRAIN_V1,sz.300169,2020-07-01,EXACT,,
PV1_REV11_RANK50_TRAIN_V1,sz.300651,2020-07-01,EXACT,,
REV_vola_11,sh.600233,2020-07-01,EXACT,,
REV_vola_11,sh.600239,2020-07-01,EXACT,,
REV_vola_11,sh.600415,2020-07-01,EXACT,,
REV_vola_11,sh.603208,2020-07-01,DISCLOSE,daily_mismatch,"{""open"": 0.0, ""high"": -0.01, ""low"": 0.0, ""close"": 0.0, ""volume"": 0.0}"
REV_vola_11,sh.603608,2020-07-01,DISCLOSE,daily_mismatch,"{""open"": 0.0, ""high"": 0.0, ""low"": 0.01, ""close"": 0.0, ""volume"": 0.0}"
REV_vola_11,sh.603823,2020-07-01,EXACT,,
REV_vola_11,sh.603916,2020-07-01,EXACT,,
REV_vola_11,sz.002075,2020-07-01,EXACT,,
REV_vola_11,sz.002785,2020-07-01,EXACT,,
REV_vola_11,sz.300495,2020-07-01,DISCLOSE,daily_mismatch,"{""open"": 0.0, ""high"": 0.0, ""low"": 0.01, ""close"": 0.0, ""volume"": 0.0}"
PV1_REV11_RANK50_TRAIN_V1,sh.600489,2020-08-03,DISCLOSE,daily_mismatch,"{""open"": 0.0, ""high"": -0.01, ""low"": 0.01, ""close"": 0.0, ""volume"": 0.0}"
PV1_REV11_RANK50_TRAIN_V1,sh.600685,2020-08-03,DISCLOSE,daily_mismatch,"{""open"": 0.0, ""high"": -0.01, ""low"": 0.0, ""close"": 0.0, ""volume"": 0.0}"
PV1_REV11_RANK50_TRAIN_V1,sh.600723,2020-08-03,EXACT,,
PV1_REV11_RANK50_TRAIN_V1,sh.603039,2020-08-03,DISCLOSE,daily_mismatch,"{""open"": 0.0, ""high"": -0.23, ""low"": 0.06, ""close"": 0.0, ""volume"": 0.0}"
PV1_REV11_RANK50_TRAIN_V1,sz.000975,2020-08-03,DISCLOSE,daily_mismatch,"{""open"": 0.0, ""high"": -0.01, ""low"": 0.05, ""close"": 0.0, ""volume"": 0.0}"
PV1_REV11_RANK50_TRAIN_V1,sz.002155,2020-08-03,DISCLOSE,daily_mismatch,"{""open"": 0.0, ""high"": 0.0, ""low"": 0.01, ""close"": 0.0, ""volume"": 0.0}"
PV1_REV11_RANK50_TRAIN_V1,sz.002389,2020-08-03,DISCLOSE,daily_mismatch,"{""open"": 0.0, ""high"": 0.0, ""low"": 0.03, ""close"": 0.0, ""volume"": 0.0}"
PV1_REV11_RANK50_TRAIN_V1,sz.002563,2020-08-03,DISCLOSE,daily_mismatch,"{""open"": 0.0, ""high"": -0.01, ""low"": 0.02, ""close"": 0.0, ""volume"": 0.0}"
PV1_REV11_RANK50_TRAIN_V1,sz.300123,2020-08-03,DISCLOSE,daily_mismatch,"{""open"": 0.0, ""high"": -0.01, ""low"": 0.03, ""close"": 0.0, ""volume"": 0.0}"
PV1_REV11_RANK50_TRAIN_V1,sz.300458,2020-08-03,DISCLOSE,daily_mismatch,"{""open"": 0.0, ""high"": -0.03, ""low"": 0.0, ""close"": 0.0, ""volume"": 0.0}"
REV_vola_11,sz.000009,2020-08-03,EXACT,,
REV_vola_11,sz.000426,2020-08-03,EXACT,,
REV_vola_11,sz.000975,2020-08-03,DISCLOSE,daily_mismatch,"{""open"": 0.0, ""high"": -0.01, ""low"": 0.05, ""close"": 0.0, ""volume"": 0.0}"
REV_vola_11,sz.002004,2020-08-03,EXACT,,
REV_vola_11,sz.002183,2020-08-03,EXACT,,
REV_vola_11,sz.002389,2020-08-03,DISCLOSE,daily_mismatch,"{""open"": 0.0, ""high"": 0.0, ""low"": 0.03, ""close"": 0.0, ""volume"": 0.0}"
REV_vola_11,sz.002563,2020-08-03,DISCLOSE,daily_mismatch,"{""open"": 0.0, ""high"": -0.01, ""low"": 0.02, ""close"": 0.0, ""volume"": 0.0}"
REV_vola_11,sz.002623,2020-08-03,DISCLOSE,daily_mismatch,"{""open"": 0.0, ""high"": -0.02, ""low"": 0.01, ""close"": 0.0, ""volume"": 0.0}"
REV_vola_11,sz.002664,2020-08-03,DISCLOSE,daily_mismatch,"{""open"": 0.0, ""high"": 0.0, ""low"": 0.08, ""close"": 0.0, ""volume"": 0.0}"
REV_vola_11,sz.300227,2020-08-03,DISCLOSE,daily_mismatch,"{""open"": 0.0, ""high"": -0.01, ""low"": 0.01, ""close"": 0.0, ""volume"": 0.0}"
PV1_REV11_RANK50_TRAIN_V1,sh.600158,2020-09-01,EXACT,,
PV1_REV11_RANK50_TRAIN_V1,sh.600732,2020-09-01,EXACT,,
PV1_REV11_RANK50_TRAIN_V1,sh.603167,2020-09-01,EXACT,,
PV1_REV11_RANK50_TRAIN_V1,sh.603595,2020-09-01,EXACT,,
PV1_REV11_RANK50_TRAIN_V1,sh.603959,2020-09-01,EXACT,,
PV1_REV11_RANK50_TRAIN_V1,sz.002108,2020-09-01,EXACT,,
PV1_REV11_RANK50_TRAIN_V1,sz.300489,2020-09-01,EXACT,,
PV1_REV11_RANK50_TRAIN_V1,sz.300573,2020-09-01,EXACT,,
PV1_REV11_RANK50_TRAIN_V1,sz.300591,2020-09-01,EXACT,,
PV1_REV11_RANK50_TRAIN_V1,sz.300715,2020-09-01,EXACT,,
REV_vola_11,sh.601599,2020-09-01,EXACT,,
REV_vola_11,sh.601882,2020-09-01,EXACT,,
REV_vola_11,sh.603167,2020-09-01,EXACT,,
REV_vola_11,sh.603595,2020-09-01,EXACT,,
REV_vola_11,sh.603959,2020-09-01,EXACT,,
REV_vola_11,sz.000011,2020-09-01,EXACT,,
REV_vola_11,sz.000501,2020-09-01,EXACT,,
REV_vola_11,sz.002918,2020-09-01,EXACT,,
REV_vola_11,sz.300489,2020-09-01,EXACT,,
REV_vola_11,sz.300573,2020-09-01,EXACT,,
PV1_REV11_RANK50_TRAIN_V1,sh.600481,2020-10-09,DISCLOSE,daily_mismatch,"{""open"": 0.0, ""high"": -0.01, ""low"": 0.01, ""close"": 0.0, ""volume"": 0.0}"
PV1_REV11_RANK50_TRAIN_V1,sh.600739,2020-10-09,DISCLOSE,daily_mismatch,"{""open"": 0.0, ""high"": 0.0, ""low"": 0.04, ""close"": 0.0, ""volume"": 0.0}"
PV1_REV11_RANK50_TRAIN_V1,sh.600976,2020-10-09,DISCLOSE,daily_mismatch,"{""open"": 0.0, ""high"": -0.01, ""low"": 0.0, ""close"": 0.0, ""volume"": 0.0}"
PV1_REV11_RANK50_TRAIN_V1,sh.603557,2020-10-09,PATCH,,baostock_native_5m
PV1_REV11_RANK50_TRAIN_V1,sz.000638,2020-10-09,DISCLOSE,daily_mismatch,"{""open"": 0.0, ""high"": 0.0, ""low"": 0.01, ""close"": 0.0, ""volume"": 0.0}"
PV1_REV11_RANK50_TRAIN_V1,sz.002831,2020-10-09,DISCLOSE,daily_mismatch,"{""open"": 0.0, ""high"": 0.0, ""low"": 0.12, ""close"": 0.0, ""volume"": 0.0}"
PV1_REV11_RANK50_TRAIN_V1,sz.300102,2020-10-09,DISCLOSE,daily_mismatch,"{""open"": 0.0, ""high"": -0.03, ""low"": 0.01, ""close"": 0.0, ""volume"": 0.0}"
PV1_REV11_RANK50_TRAIN_V1,sz.300536,2020-10-09,PATCH,,baostock_native_5m
PV1_REV11_RANK50_TRAIN_V1,sz.300650,2020-10-09,EXACT,,
PV1_REV11_RANK50_TRAIN_V1,sz.300715,2020-10-09,EXACT,,
REV_vola_11,sh.600481,2020-10-09,DISCLOSE,daily_mismatch,"{""open"": 0.0, ""high"": -0.01, ""low"": 0.01, ""close"": 0.0, ""volume"": 0.0}"
REV_vola_11,sh.600739,2020-10-09,DISCLOSE,daily_mismatch,"{""open"": 0.0, ""high"": 0.0, ""low"": 0.04, ""close"": 0.0, ""volume"": 0.0}"
REV_vola_11,sz.000638,2020-10-09,DISCLOSE,daily_mismatch,"{""open"": 0.0, ""high"": 0.0, ""low"": 0.01, ""close"": 0.0, ""volume"": 0.0}"
REV_vola_11,sz.300020,2020-10-09,DISCLOSE,daily_mismatch,"{""open"": 0.0, ""high"": 0.0, ""low"": 0.01, ""close"": 0.0, ""volume"": 0.0}"
REV_vola_11,sz.300275,2020-10-09,DISCLOSE,daily_mismatch,"{""open"": 0.0, ""high"": 0.0, ""low"": 0.02, ""close"": 0.0, ""volume"": 0.0}"
REV_vola_11,sz.300536,2020-10-09,PATCH,,baostock_native_5m
REV_vola_11,sz.300588,2020-10-09,EXACT,,
REV_vola_11,sz.300612,2020-10-09,DISCLOSE,daily_mismatch,"{""open"": 0.0, ""high"": -0.01, ""low"": 0.0, ""close"": 0.0, ""volume"": 0.0}"
REV_vola_11,sz.300650,2020-10-09,EXACT,,
REV_vola_11,sz.300715,2020-10-09,EXACT,,
PV1_REV11_RANK50_TRAIN_V1,sh.603229,2020-11-02,EXACT,,
PV1_REV11_RANK50_TRAIN_V1,sh.603396,2020-11-02,EXACT,,
PV1_REV11_RANK50_TRAIN_V1,sz.000037,2020-11-02,EXACT,,
PV1_REV11_RANK50_TRAIN_V1,sz.002699,2020-11-02,DISCLOSE,daily_mismatch,"{""open"": 0.0, ""high"": -0.01, ""low"": 0.0, ""close"": 0.0, ""volume"": 0.0}"
PV1_REV11_RANK50_TRAIN_V1,sz.002865,2020-11-02,EXACT,,
PV1_REV11_RANK50_TRAIN_V1,sz.300117,2020-11-02,DISCLOSE,daily_mismatch,"{""open"": 0.0, ""high"": 0.0, ""low"": 0.01, ""close"": 0.0, ""volume"": 0.0}"
PV1_REV11_RANK50_TRAIN_V1,sz.300280,2020-11-02,DISCLOSE,daily_mismatch,"{""open"": 0.0, ""high"": -0.08, ""low"": 0.03, ""close"": 0.0, ""volume"": 0.0}"
PV1_REV11_RANK50_TRAIN_V1,sz.300489,2020-11-02,EXACT,,
PV1_REV11_RANK50_TRAIN_V1,sz.300551,2020-11-02,DISCLOSE,daily_mismatch,"{""open"": 0.0, ""high"": 0.0, ""low"": 0.17, ""close"": 0.0, ""volume"": 0.0}"
PV1_REV11_RANK50_TRAIN_V1,sz.300729,2020-11-02,DISCLOSE,daily_mismatch,"{""open"": 0.0, ""high"": 0.0, ""low"": 0.01, ""close"": 0.0, ""volume"": 0.0}"
REV_vola_11,sh.601128,2020-11-02,EXACT,,
REV_vola_11,sh.601339,2020-11-02,EXACT,,
REV_vola_11,sz.002699,2020-11-02,DISCLOSE,daily_mismatch,"{""open"": 0.0, ""high"": -0.01, ""low"": 0.0, ""close"": 0.0, ""volume"": 0.0}"
REV_vola_11,sz.300010,2020-11-02,EXACT,,
REV_vola_11,sz.300203,2020-11-02,EXACT,,
REV_vola_11,sz.300302,2020-11-02,DISCLOSE,daily_mismatch,"{""open"": 0.0, ""high"": -0.1, ""low"": 0.04, ""close"": 0.0, ""volume"": 0.0}"
REV_vola_11,sz.300489,2020-11-02,EXACT,,
REV_vola_11,sz.300712,2020-11-02,PATCH,,baostock_native_5m
REV_vola_11,sz.300727,2020-11-02,DISCLOSE,daily_mismatch,"{""open"": 0.0, ""high"": -0.09, ""low"": 0.0, ""close"": 0.0, ""volume"": 0.0}"
REV_vola_11,sz.300729,2020-11-02,DISCLOSE,daily_mismatch,"{""open"": 0.0, ""high"": 0.0, ""low"": 0.01, ""close"": 0.0, ""volume"": 0.0}"
PV1_REV11_RANK50_TRAIN_V1,sh.601636,2020-12-01,DISCLOSE,daily_mismatch,"{""open"": 0.0, ""high"": -0.01, ""low"": 0.03, ""close"": 0.0, ""volume"": 0.0}"
PV1_REV11_RANK50_TRAIN_V1,sh.603002,2020-12-01,EXACT,,
PV1_REV11_RANK50_TRAIN_V1,sh.603348,2020-12-01,DISCLOSE,daily_mismatch,"{""open"": 0.0, ""high"": -0.2, ""low"": 0.0, ""close"": 0.0, ""volume"": 0.0}"
PV1_REV11_RANK50_TRAIN_V1,sh.603533,2020-12-01,DISCLOSE,daily_mismatch,"{""open"": 0.0, ""high"": 0.0, ""low"": 0.03, ""close"": 0.0, ""volume"": 0.0}"
PV1_REV11_RANK50_TRAIN_V1,sh.688288,2020-12-01,EXACT,,
PV1_REV11_RANK50_TRAIN_V1,sh.688388,2020-12-01,EXACT,,
PV1_REV11_RANK50_TRAIN_V1,sz.002009,2020-12-01,EXACT,,
PV1_REV11_RANK50_TRAIN_V1,sz.002206,2020-12-01,EXACT,,
PV1_REV11_RANK50_TRAIN_V1,sz.002747,2020-12-01,DISCLOSE,daily_mismatch,"{""open"": 0.0, ""high"": -0.01, ""low"": 0.02, ""close"": 0.0, ""volume"": 0.0}"
PV1_REV11_RANK50_TRAIN_V1,sz.300124,2020-12-01,DISCLOSE,daily_mismatch,"{""open"": 0.0, ""high"": -0.04, ""low"": 0.07, ""close"": 0.0, ""volume"": 0.0}"
REV_vola_11,sh.600189,2020-12-01,EXACT,,
REV_vola_11,sh.601717,2020-12-01,EXACT,,
REV_vola_11,sh.603026,2020-12-01,DISCLOSE,daily_mismatch,"{""open"": 0.0, ""high"": -0.01, ""low"": 0.0, ""close"": 0.0, ""volume"": 0.0}"
REV_vola_11,sh.603348,2020-12-01,DISCLOSE,daily_mismatch,"{""open"": 0.0, ""high"": -0.2, ""low"": 0.0, ""close"": 0.0, ""volume"": 0.0}"
REV_vola_11,sz.002623,2020-12-01,EXACT,,
REV_vola_11,sz.300225,2020-12-01,DISCLOSE,daily_mismatch,"{""open"": 0.0, ""high"": -0.02, ""low"": 0.0, ""close"": 0.0, ""volume"": 0.0}"
REV_vola_11,sz.300335,2020-12-01,EXACT,,
REV_vola_11,sz.300391,2020-12-01,DISCLOSE,daily_mismatch,"{""open"": 0.0, ""high"": -0.01, ""low"": 0.01, ""close"": 0.0, ""volume"": 0.0}"
REV_vola_11,sz.300554,2020-12-01,EXACT,,
REV_vola_11,sz.300715,2020-12-01,DISCLOSE,daily_mismatch,"{""open"": 0.0, ""high"": -0.08, ""low"": 0.0, ""close"": 0.0, ""volume"": 0.0}"
PV1_REV11_RANK50_TRAIN_V1,sh.600125,2021-01-04,DISCLOSE,daily_mismatch,"{""open"": 0.0, ""high"": -0.01, ""low"": 0.0, ""close"": 0.0, ""volume"": 0.0}"
PV1_REV11_RANK50_TRAIN_V1,sh.600537,2021-01-04,DISCLOSE,daily_mismatch,"{""open"": 0.0, ""high"": -0.01, ""low"": 0.0, ""close"": 0.0, ""volume"": 0.0}"
PV1_REV11_RANK50_TRAIN_V1,sh.601101,2021-01-04,EXACT,,
PV1_REV11_RANK50_TRAIN_V1,sh.601689,2021-01-04,EXACT,,
PV1_REV11_RANK50_TRAIN_V1,sh.603077,2021-01-04,EXACT,,
PV1_REV11_RANK50_TRAIN_V1,sz.002459,2021-01-04,DISCLOSE,daily_mismatch,"{""open"": 0.0, ""high"": 0.0, ""low"": 0.03, ""close"": 0.0, ""volume"": 0.0}"
PV1_REV11_RANK50_TRAIN_V1,sz.002783,2021-01-04,EXACT,,
PV1_REV11_RANK50_TRAIN_V1,sz.300187,2021-01-04,EXACT,,
PV1_REV11_RANK50_TRAIN_V1,sz.300316,2021-01-04,DISCLOSE,daily_mismatch,"{""open"": 0.0, ""high"": -0.01, ""low"": 0.3, ""close"": 0.0, ""volume"": 0.0}"
PV1_REV11_RANK50_TRAIN_V1,sz.300436,2021-01-04,EXACT,,
REV_vola_11,sh.600158,2021-01-04,DISCLOSE,daily_mismatch,"{""open"": 0.0, ""high"": 0.0, ""low"": 0.04, ""close"": 0.0, ""volume"": 0.0}"
REV_vola_11,sh.600178,2021-01-04,EXACT,,
REV_vola_11,sh.603429,2021-01-04,DISCLOSE,daily_mismatch,"{""open"": 0.0, ""high"": 0.0, ""low"": 0.04, ""close"": 0.0, ""volume"": 0.0}"
REV_vola_11,sh.603665,2021-01-04,EXACT,,
REV_vola_11,sh.603825,2021-01-04,DISCLOSE,daily_mismatch,"{""open"": 0.0, ""high"": 0.0, ""low"": 0.01, ""close"": 0.0, ""volume"": 0.0}"
REV_vola_11,sz.002127,2021-01-04,DISCLOSE,daily_mismatch,"{""open"": 0.0, ""high"": -0.01, ""low"": 0.0, ""close"": 0.0, ""volume"": 0.0}"
REV_vola_11,sz.300227,2021-01-04,DISCLOSE,daily_mismatch,"{""open"": 0.0, ""high"": -0.01, ""low"": 0.02, ""close"": 0.0, ""volume"": 0.0}"
REV_vola_11,sz.300573,2021-01-04,EXACT,,
REV_vola_11,sz.300690,2021-01-04,DISCLOSE,daily_mismatch,"{""open"": 0.0, ""high"": 0.0, ""low"": 0.03, ""close"": 0.0, ""volume"": 0.0}"
REV_vola_11,sz.300713,2021-01-04,EXACT,,
PV1_REV11_RANK50_TRAIN_V1,sh.600827,2021-02-01,DISCLOSE,daily_mismatch,"{""open"": 0.0, ""high"": -0.02, ""low"": 0.0, ""close"": 0.0, ""volume"": 0.0}"
PV1_REV11_RANK50_TRAIN_V1,sh.601015,2021-02-01,EXACT,,
PV1_REV11_RANK50_TRAIN_V1,sh.601689,2021-02-01,DISCLOSE,daily_mismatch,"{""open"": 0.0, ""high"": -0.01, ""low"": 0.0, ""close"": 0.0, ""volume"": 0.0}"
PV1_REV11_RANK50_TRAIN_V1,sh.688068,2021-02-01,EXACT,,
PV1_REV11_RANK50_TRAIN_V1,sz.002022,2021-02-01,EXACT,,
PV1_REV11_RANK50_TRAIN_V1,sz.002030,2021-02-01,DISCLOSE,daily_mismatch,"{""open"": 0.0, ""high"": -0.01, ""low"": 0.03, ""close"": 0.0, ""volume"": 0.0}"
PV1_REV11_RANK50_TRAIN_V1,sz.002416,2021-02-01,DISCLOSE,daily_mismatch,"{""open"": 0.0, ""high"": -0.03, ""low"": 0.0, ""close"": 0.0, ""volume"": 0.0}"
PV1_REV11_RANK50_TRAIN_V1,sz.002497,2021-02-01,DISCLOSE,daily_mismatch,"{""open"": 0.0, ""high"": -0.05, ""low"": 0.02, ""close"": 0.0, ""volume"": 0.0}"
PV1_REV11_RANK50_TRAIN_V1,sz.300244,2021-02-01,DISCLOSE,daily_mismatch,"{""open"": 0.0, ""high"": -0.01, ""low"": 0.01, ""close"": 0.0, ""volume"": 0.0}"
PV1_REV11_RANK50_TRAIN_V1,sz.300659,2021-02-01,DISCLOSE,daily_mismatch,"{""open"": 0.0, ""high"": -0.01, ""low"": 0.0, ""close"": 0.0, ""volume"": 0.0}"
REV_vola_11,sh.600993,2021-02-01,EXACT,,
REV_vola_11,sh.601015,2021-02-01,EXACT,,
REV_vola_11,sh.603063,2021-02-01,DISCLOSE,daily_mismatch,"{""open"": 0.0, ""high"": -0.01, ""low"": 0.03, ""close"": 0.0, ""volume"": 0.0}"
REV_vola_11,sh.603976,2021-02-01,DISCLOSE,daily_mismatch,"{""open"": 0.0, ""high"": -0.01, ""low"": 0.0, ""close"": 0.0, ""volume"": 0.0}"
REV_vola_11,sz.002416,2021-02-01,DISCLOSE,daily_mismatch,"{""open"": 0.0, ""high"": -0.03, ""low"": 0.0, ""close"": 0.0, ""volume"": 0.0}"
REV_vola_11,sz.002756,2021-02-01,DISCLOSE,daily_mismatch,"{""open"": 0.0, ""high"": -0.04, ""low"": 0.01, ""close"": 0.0, ""volume"": 0.0}"
REV_vola_11,sz.300101,2021-02-01,DISCLOSE,daily_mismatch,"{""open"": 0.0, ""high"": -0.02, ""low"": 0.0, ""close"": 0.0, ""volume"": 0.0}"
REV_vola_11,sz.300293,2021-02-01,EXACT,,
REV_vola_11,sz.300318,2021-02-01,DISCLOSE,daily_mismatch,"{""open"": 0.0, ""high"": 0.0, ""low"": 0.01, ""close"": 0.0, ""volume"": 0.0}"
REV_vola_11,sz.300671,2021-02-01,DISCLOSE,daily_mismatch,"{""open"": 0.0, ""high"": -0.03, ""low"": 0.0, ""close"": 0.0, ""volume"": 0.0}"
PV1_REV11_RANK50_TRAIN_V1,sh.600309,2021-03-01,DISCLOSE,daily_mismatch,"{""open"": 0.0, ""high"": -0.02, ""low"": 0.23, ""close"": 0.0, ""volume"": 0.0}"
PV1_REV11_RANK50_TRAIN_V1,sh.600315,2021-03-01,DISCLOSE,daily_mismatch,"{""open"": 0.0, ""high"": -0.09, ""low"": 0.0, ""close"": 0.0, ""volume"": 0.0}"
PV1_REV11_RANK50_TRAIN_V1,sh.600346,2021-03-01,DISCLOSE,daily_mismatch,"{""open"": 0.0, ""high"": -0.08, ""low"": 0.02, ""close"": 0.0, ""volume"": 0.0}"
PV1_REV11_RANK50_TRAIN_V1,sh.601168,2021-03-01,DISCLOSE,daily_mismatch,"{""open"": 0.0, ""high"": -0.01, ""low"": 0.0, ""close"": 0.0, ""volume"": 0.0}"
PV1_REV11_RANK50_TRAIN_V1,sh.601899,2021-03-01,DISCLOSE,daily_mismatch,"{""open"": 0.0, ""high"": -0.03, ""low"": 0.01, ""close"": 0.0, ""volume"": 2.0}"
PV1_REV11_RANK50_TRAIN_V1,sh.603113,2021-03-01,DISCLOSE,daily_mismatch,"{""open"": 0.0, ""high"": 0.0, ""low"": 0.08, ""close"": 0.0, ""volume"": 0.0}"
PV1_REV11_RANK50_TRAIN_V1,sh.603801,2021-03-01,DISCLOSE,daily_mismatch,"{""open"": 0.0, ""high"": -0.01, ""low"": 0.06, ""close"": 0.0, ""volume"": 0.0}"
PV1_REV11_RANK50_TRAIN_V1,sz.000923,2021-03-01,EXACT,,
PV1_REV11_RANK50_TRAIN_V1,sz.002353,2021-03-01,EXACT,,
PV1_REV11_RANK50_TRAIN_V1,sz.002493,2021-03-01,DISCLOSE,daily_mismatch,"{""open"": 0.0, ""high"": -0.01, ""low"": 0.03, ""close"": 0.0, ""volume"": 0.0}"
REV_vola_11,sh.600436,2021-03-01,DISCLOSE,daily_mismatch,"{""open"": 0.0, ""high"": -1.0, ""low"": 0.05, ""close"": 0.0, ""volume"": 0.0}"
REV_vola_11,sh.600763,2021-03-01,DISCLOSE,daily_mismatch,"{""open"": 0.0, ""high"": -1.03, ""low"": 0.01, ""close"": 0.0, ""volume"": 0.0}"
REV_vola_11,sh.600809,2021-03-01,DISCLOSE,daily_mismatch,"{""open"": 0.0, ""high"": -2.35, ""low"": 0.18, ""close"": 0.0, ""volume"": 0.0}"
REV_vola_11,sh.601168,2021-03-01,DISCLOSE,daily_mismatch,"{""open"": 0.0, ""high"": -0.01, ""low"": 0.0, ""close"": 0.0, ""volume"": 0.0}"
REV_vola_11,sh.603076,2021-03-01,DISCLOSE,daily_mismatch,"{""open"": 0.0, ""high"": -0.1, ""low"": 0.03, ""close"": 0.0, ""volume"": 0.0}"
REV_vola_11,sh.603801,2021-03-01,DISCLOSE,daily_mismatch,"{""open"": 0.0, ""high"": -0.01, ""low"": 0.06, ""close"": 0.0, ""volume"": 0.0}"
REV_vola_11,sz.002568,2021-03-01,DISCLOSE,daily_mismatch,"{""open"": 0.0, ""high"": -0.25, ""low"": 0.0, ""close"": 0.0, ""volume"": 0.0}"
REV_vola_11,sz.002906,2021-03-01,DISCLOSE,daily_mismatch,"{""open"": 0.0, ""high"": 0.0, ""low"": 0.05, ""close"": 0.0, ""volume"": 0.0}"
REV_vola_11,sz.300124,2021-03-01,DISCLOSE,daily_mismatch,"{""open"": 0.0, ""high"": -0.1, ""low"": 0.0, ""close"": 0.0, ""volume"": 0.0}"
REV_vola_11,sz.300347,2021-03-01,DISCLOSE,daily_mismatch,"{""open"": 0.0, ""high"": 0.0, ""low"": 0.22, ""close"": 0.0, ""volume"": 0.0}"
PV1_REV11_RANK50_TRAIN_V1,sh.600526,2021-04-01,EXACT,,
PV1_REV11_RANK50_TRAIN_V1,sh.600543,2021-04-01,EXACT,,
PV1_REV11_RANK50_TRAIN_V1,sh.600710,2021-04-01,EXACT,,
PV1_REV11_RANK50_TRAIN_V1,sh.600983,2021-04-01,EXACT,,
PV1_REV11_RANK50_TRAIN_V1,sh.603976,2021-04-01,EXACT,,
PV1_REV11_RANK50_TRAIN_V1,sh.688010,2021-04-01,EXACT,,
PV1_REV11_RANK50_TRAIN_V1,sz.002088,2021-04-01,EXACT,,
PV1_REV11_RANK50_TRAIN_V1,sz.002554,2021-04-01,EXACT,,
PV1_REV11_RANK50_TRAIN_V1,sz.002887,2021-04-01,EXACT,,
PV1_REV11_RANK50_TRAIN_V1,sz.300286,2021-04-01,EXACT,,
REV_vola_11,sh.600292,2021-04-01,EXACT,,
REV_vola_11,sh.600766,2021-04-01,EXACT,,
REV_vola_11,sh.600983,2021-04-01,EXACT,,
REV_vola_11,sh.603990,2021-04-01,EXACT,,
REV_vola_11,sh.688010,2021-04-01,EXACT,,
REV_vola_11,sz.002331,2021-04-01,EXACT,,
REV_vola_11,sz.002554,2021-04-01,EXACT,,
REV_vola_11,sz.300140,2021-04-01,EXACT,,
REV_vola_11,sz.300203,2021-04-01,EXACT,,
REV_vola_11,sz.300549,2021-04-01,EXACT,,
PV1_REV11_RANK50_TRAIN_V1,sh.601949,2021-05-06,EXACT,,
PV1_REV11_RANK50_TRAIN_V1,sh.603801,2021-05-06,EXACT,,
PV1_REV11_RANK50_TRAIN_V1,sh.688298,2021-05-06,EXACT,,
PV1_REV11_RANK50_TRAIN_V1,sz.001896,2021-05-06,EXACT,,
PV1_REV11_RANK50_TRAIN_V1,sz.002026,2021-05-06,EXACT,,
PV1_REV11_RANK50_TRAIN_V1,sz.002284,2021-05-06,EXACT,,
PV1_REV11_RANK50_TRAIN_V1,sz.002413,2021-05-06,EXACT,,
PV1_REV11_RANK50_TRAIN_V1,sz.002906,2021-05-06,EXACT,,
PV1_REV11_RANK50_TRAIN_V1,sz.300471,2021-05-06,EXACT,,
PV1_REV11_RANK50_TRAIN_V1,sz.300472,2021-05-06,EXACT,,
REV_vola_11,sh.600769,2021-05-06,EXACT,,
REV_vola_11,sh.601698,2021-05-06,EXACT,,
REV_vola_11,sh.601949,2021-05-06,EXACT,,
REV_vola_11,sh.603883,2021-05-06,EXACT,,
REV_vola_11,sz.002383,2021-05-06,EXACT,,
REV_vola_11,sz.300302,2021-05-06,EXACT,,
REV_vola_11,sz.300342,2021-05-06,EXACT,,
REV_vola_11,sz.300356,2021-05-06,EXACT,,
REV_vola_11,sz.300455,2021-05-06,EXACT,,
REV_vola_11,sz.300491,2021-05-06,EXACT,,
PV1_REV11_RANK50_TRAIN_V1,sh.600039,2021-06-01,EXACT,,
PV1_REV11_RANK50_TRAIN_V1,sh.600172,2021-06-01,EXACT,,
PV1_REV11_RANK50_TRAIN_V1,sh.600307,2021-06-01,EXACT,,
PV1_REV11_RANK50_TRAIN_V1,sh.600587,2021-06-01,EXACT,,
PV1_REV11_RANK50_TRAIN_V1,sh.601339,2021-06-01,EXACT,,
PV1_REV11_RANK50_TRAIN_V1,sh.603998,2021-06-01,EXACT,,
PV1_REV11_RANK50_TRAIN_V1,sz.000975,2021-06-01,EXACT,,
PV1_REV11_RANK50_TRAIN_V1,sz.002176,2021-06-01,EXACT,,
PV1_REV11_RANK50_TRAIN_V1,sz.002534,2021-06-01,EXACT,,
PV1_REV11_RANK50_TRAIN_V1,sz.300122,2021-06-01,EXACT,,
REV_vola_11,sh.600007,2021-06-01,EXACT,,
REV_vola_11,sh.600337,2021-06-01,EXACT,,
REV_vola_11,sh.603998,2021-06-01,EXACT,,
REV_vola_11,sz.000739,2021-06-01,EXACT,,
REV_vola_11,sz.000889,2021-06-01,EXACT,,
REV_vola_11,sz.002099,2021-06-01,EXACT,,
REV_vola_11,sz.002444,2021-06-01,EXACT,,
REV_vola_11,sz.300013,2021-06-01,EXACT,,
REV_vola_11,sz.300492,2021-06-01,EXACT,,
REV_vola_11,sz.300741,2021-06-01,EXACT,,
PV1_REV11_RANK50_TRAIN_V1,sh.600577,2021-07-01,EXACT,,
PV1_REV11_RANK50_TRAIN_V1,sh.601619,2021-07-01,EXACT,,
PV1_REV11_RANK50_TRAIN_V1,sh.688078,2021-07-01,EXACT,,
PV1_REV11_RANK50_TRAIN_V1,sz.002516,2021-07-01,EXACT,,
PV1_REV11_RANK50_TRAIN_V1,sz.002530,2021-07-01,EXACT,,
PV1_REV11_RANK50_TRAIN_V1,sz.002617,2021-07-01,EXACT,,
PV1_REV11_RANK50_TRAIN_V1,sz.002664,2021-07-01,EXACT,,
PV1_REV11_RANK50_TRAIN_V1,sz.002819,2021-07-01,EXACT,,
PV1_REV11_RANK50_TRAIN_V1,sz.300007,2021-07-01,EXACT,,
PV1_REV11_RANK50_TRAIN_V1,sz.300710,2021-07-01,EXACT,,
REV_vola_11,sh.601127,2021-07-01,EXACT,,
REV_vola_11,sh.603168,2021-07-01,EXACT,,
REV_vola_11,sz.000572,2021-07-01,EXACT,,
REV_vola_11,sz.002516,2021-07-01,EXACT,,
REV_vola_11,sz.002617,2021-07-01,EXACT,,
REV_vola_11,sz.002819,2021-07-01,EXACT,,
REV_vola_11,sz.300266,2021-07-01,EXACT,,
REV_vola_11,sz.300573,2021-07-01,EXACT,,
REV_vola_11,sz.300663,2021-07-01,EXACT,,
REV_vola_11,sz.300710,2021-07-01,EXACT,,
PV1_REV11_RANK50_TRAIN_V1,sh.600141,2021-08-02,EXACT,,
PV1_REV11_RANK50_TRAIN_V1,sh.600216,2021-08-02,EXACT,,
PV1_REV11_RANK50_TRAIN_V1,sh.600418,2021-08-02,EXACT,,
PV1_REV11_RANK50_TRAIN_V1,sh.600711,2021-08-02,EXACT,,
PV1_REV11_RANK50_TRAIN_V1,sh.603938,2021-08-02,EXACT,,
PV1_REV11_RANK50_TRAIN_V1,sh.688081,2021-08-02,EXACT,,
PV1_REV11_RANK50_TRAIN_V1,sz.000786,2021-08-02,EXACT,,
PV1_REV11_RANK50_TRAIN_V1,sz.000848,2021-08-02,EXACT,,
PV1_REV11_RANK50_TRAIN_V1,sz.002858,2021-08-02,EXACT,,
PV1_REV11_RANK50_TRAIN_V1,sz.300390,2021-08-02,EXACT,,
REV_vola_11,sh.600216,2021-08-02,EXACT,,
REV_vola_11,sh.600418,2021-08-02,EXACT,,
REV_vola_11,sh.600918,2021-08-02,EXACT,,
REV_vola_11,sz.000422,2021-08-02,EXACT,,
REV_vola_11,sz.000858,2021-08-02,EXACT,,
REV_vola_11,sz.002803,2021-08-02,EXACT,,
REV_vola_11,sz.002858,2021-08-02,EXACT,,
REV_vola_11,sz.300055,2021-08-02,EXACT,,
REV_vola_11,sz.300350,2021-08-02,EXACT,,
REV_vola_11,sz.300390,2021-08-02,EXACT,,
PV1_REV11_RANK50_TRAIN_V1,sh.600363,2021-09-01,EXACT,,
PV1_REV11_RANK50_TRAIN_V1,sh.688025,2021-09-01,EXACT,,
PV1_REV11_RANK50_TRAIN_V1,sh.688155,2021-09-01,EXACT,,
PV1_REV11_RANK50_TRAIN_V1,sh.688298,2021-09-01,EXACT,,
PV1_REV11_RANK50_TRAIN_V1,sz.002396,2021-09-01,EXACT,,
PV1_REV11_RANK50_TRAIN_V1,sz.002858,2021-09-01,EXACT,,
PV1_REV11_RANK50_TRAIN_V1,sz.300010,2021-09-01,EXACT,,
PV1_REV11_RANK50_TRAIN_V1,sz.300122,2021-09-01,EXACT,,
PV1_REV11_RANK50_TRAIN_V1,sz.300173,2021-09-01,EXACT,,
PV1_REV11_RANK50_TRAIN_V1,sz.300679,2021-09-01,EXACT,,
REV_vola_11,sh.600563,2021-09-01,EXACT,,
REV_vola_11,sh.600699,2021-09-01,EXACT,,
REV_vola_11,sh.688068,2021-09-01,EXACT,,
REV_vola_11,sh.688111,2021-09-01,EXACT,,
REV_vola_11,sh.688165,2021-09-01,EXACT,,
REV_vola_11,sh.688169,2021-09-01,EXACT,,
REV_vola_11,sh.688202,2021-09-01,EXACT,,
REV_vola_11,sz.300220,2021-09-01,EXACT,,
REV_vola_11,sz.300604,2021-09-01,EXACT,,
REV_vola_11,sz.300681,2021-09-01,EXACT,,
PV1_REV11_RANK50_TRAIN_V1,sh.600308,2021-10-08,EXACT,,
PV1_REV11_RANK50_TRAIN_V1,sh.603505,2021-10-08,EXACT,,
PV1_REV11_RANK50_TRAIN_V1,sz.000731,2021-10-08,EXACT,,
PV1_REV11_RANK50_TRAIN_V1,sz.000960,2021-10-08,EXACT,,
PV1_REV11_RANK50_TRAIN_V1,sz.002092,2021-10-08,EXACT,,
PV1_REV11_RANK50_TRAIN_V1,sz.002165,2021-10-08,EXACT,,
PV1_REV11_RANK50_TRAIN_V1,sz.002206,2021-10-08,EXACT,,
PV1_REV11_RANK50_TRAIN_V1,sz.002233,2021-10-08,EXACT,,
PV1_REV11_RANK50_TRAIN_V1,sz.002377,2021-10-08,EXACT,,
PV1_REV11_RANK50_TRAIN_V1,sz.300432,2021-10-08,EXACT,,
REV_vola_11,sh.600063,2021-10-08,EXACT,,
REV_vola_11,sh.601969,2021-10-08,EXACT,,
REV_vola_11,sh.603379,2021-10-08,EXACT,,
REV_vola_11,sh.603505,2021-10-08,EXACT,,
REV_vola_11,sz.000688,2021-10-08,EXACT,,
REV_vola_11,sz.000807,2021-10-08,EXACT,,
REV_vola_11,sz.000822,2021-10-08,EXACT,,
REV_vola_11,sz.002092,2021-10-08,EXACT,,
REV_vola_11,sz.002165,2021-10-08,EXACT,,
REV_vola_11,sz.002167,2021-10-08,EXACT,,
PV1_REV11_RANK50_TRAIN_V1,sh.600739,2021-11-01,EXACT,,
PV1_REV11_RANK50_TRAIN_V1,sh.601339,2021-11-01,EXACT,,
PV1_REV11_RANK50_TRAIN_V1,sh.603033,2021-11-01,EXACT,,
PV1_REV11_RANK50_TRAIN_V1,sh.688378,2021-11-01,EXACT,,
PV1_REV11_RANK50_TRAIN_V1,sz.000657,2021-11-01,EXACT,,
PV1_REV11_RANK50_TRAIN_V1,sz.002502,2021-11-01,EXACT,,
PV1_REV11_RANK50_TRAIN_V1,sz.300338,2021-11-01,EXACT,,
PV1_REV11_RANK50_TRAIN_V1,sz.300702,2021-11-01,EXACT,,
PV1_REV11_RANK50_TRAIN_V1,sz.300716,2021-11-01,EXACT,,
PV1_REV11_RANK50_TRAIN_V1,sz.300806,2021-11-01,EXACT,,
REV_vola_11,sh.600188,2021-11-01,EXACT,,
REV_vola_11,sh.600331,2021-11-01,EXACT,,
REV_vola_11,sh.600739,2021-11-01,EXACT,,
REV_vola_11,sh.600792,2021-11-01,EXACT,,
REV_vola_11,sh.601666,2021-11-01,EXACT,,
REV_vola_11,sh.603033,2021-11-01,EXACT,,
REV_vola_11,sz.002192,2021-11-01,EXACT,,
REV_vola_11,sz.002360,2021-11-01,EXACT,,
REV_vola_11,sz.300716,2021-11-01,EXACT,,
REV_vola_11,sz.300806,2021-11-01,EXACT,,
PV1_REV11_RANK50_TRAIN_V1,sh.600212,2021-12-01,EXACT,,
PV1_REV11_RANK50_TRAIN_V1,sh.600499,2021-12-01,EXACT,,
PV1_REV11_RANK50_TRAIN_V1,sh.603178,2021-12-01,EXACT,,
PV1_REV11_RANK50_TRAIN_V1,sh.688039,2021-12-01,EXACT,,
PV1_REV11_RANK50_TRAIN_V1,sh.688330,2021-12-01,EXACT,,
PV1_REV11_RANK50_TRAIN_V1,sz.002045,2021-12-01,EXACT,,
PV1_REV11_RANK50_TRAIN_V1,sz.002309,2021-12-01,EXACT,,
PV1_REV11_RANK50_TRAIN_V1,sz.002765,2021-12-01,EXACT,,
PV1_REV11_RANK50_TRAIN_V1,sz.300474,2021-12-01,EXACT,,
PV1_REV11_RANK50_TRAIN_V1,sz.300604,2021-12-01,EXACT,,
REV_vola_11,sz.000982,2021-12-01,EXACT,,
REV_vola_11,sz.002045,2021-12-01,EXACT,,
REV_vola_11,sz.002308,2021-12-01,DISCLOSE,daily_mismatch,"{""open"": 0.0, ""high"": 0.0, ""low"": 0.01, ""close"": 0.0, ""volume"": 0.0}"
REV_vola_11,sz.002717,2021-12-01,EXACT,,
REV_vola_11,sz.300081,2021-12-01,EXACT,,
REV_vola_11,sz.300088,2021-12-01,EXACT,,
REV_vola_11,sz.300101,2021-12-01,EXACT,,
REV_vola_11,sz.300109,2021-12-01,EXACT,,
REV_vola_11,sz.300203,2021-12-01,EXACT,,
REV_vola_11,sz.300364,2021-12-01,EXACT,,
PV1_REV11_RANK50_TRAIN_V1,sh.600192,2022-01-04,EXACT,,
PV1_REV11_RANK50_TRAIN_V1,sz.000537,2022-01-04,EXACT,,
PV1_REV11_RANK50_TRAIN_V1,sz.000665,2022-01-04,EXACT,,
PV1_REV11_RANK50_TRAIN_V1,sz.000767,2022-01-04,EXACT,,
PV1_REV11_RANK50_TRAIN_V1,sz.000838,2022-01-04,EXACT,,
PV1_REV11_RANK50_TRAIN_V1,sz.000875,2022-01-04,EXACT,,
PV1_REV11_RANK50_TRAIN_V1,sz.000918,2022-01-04,EXACT,,
PV1_REV11_RANK50_TRAIN_V1,sz.002178,2022-01-04,EXACT,,
PV1_REV11_RANK50_TRAIN_V1,sz.002682,2022-01-04,EXACT,,
PV1_REV11_RANK50_TRAIN_V1,sz.002825,2022-01-04,EXACT,,
REV_vola_11,sh.600406,2022-01-04,EXACT,,
REV_vola_11,sh.603037,2022-01-04,EXACT,,
REV_vola_11,sh.603693,2022-01-04,EXACT,,
REV_vola_11,sz.000400,2022-01-04,EXACT,,
REV_vola_11,sz.000720,2022-01-04,EXACT,,
REV_vola_11,sz.002316,2022-01-04,EXACT,,
REV_vola_11,sz.300065,2022-01-04,EXACT,,
REV_vola_11,sz.300203,2022-01-04,EXACT,,
REV_vola_11,sz.300540,2022-01-04,EXACT,,
REV_vola_11,sz.300622,2022-01-04,EXACT,,
PV1_REV11_RANK50_TRAIN_V1,sh.600986,2022-02-07,EXACT,,
PV1_REV11_RANK50_TRAIN_V1,sh.601929,2022-02-07,EXACT,,
PV1_REV11_RANK50_TRAIN_V1,sh.603399,2022-02-07,EXACT,,
PV1_REV11_RANK50_TRAIN_V1,sh.688166,2022-02-07,EXACT,,
PV1_REV11_RANK50_TRAIN_V1,sz.000056,2022-02-07,EXACT,,
PV1_REV11_RANK50_TRAIN_V1,sz.002330,2022-02-07,EXACT,,
PV1_REV11_RANK50_TRAIN_V1,sz.002717,2022-02-07,EXACT,,
PV1_REV11_RANK50_TRAIN_V1,sz.300075,2022-02-07,EXACT,,
PV1_REV11_RANK50_TRAIN_V1,sz.300094,2022-02-07,EXACT,,
PV1_REV11_RANK50_TRAIN_V1,sz.300497,2022-02-07,EXACT,,
REV_vola_11,sh.601929,2022-02-07,EXACT,,
REV_vola_11,sz.000665,2022-02-07,EXACT,,
REV_vola_11,sz.002374,2022-02-07,EXACT,,
REV_vola_11,sz.300075,2022-02-07,EXACT,,
REV_vola_11,sz.300094,2022-02-07,EXACT,,
REV_vola_11,sz.300199,2022-02-07,EXACT,,
REV_vola_11,sz.300204,2022-02-07,EXACT,,
REV_vola_11,sz.300491,2022-02-07,EXACT,,
REV_vola_11,sz.300632,2022-02-07,EXACT,,
REV_vola_11,sz.300846,2022-02-07,EXACT,,
PV1_REV11_RANK50_TRAIN_V1,sh.600715,2022-03-01,EXACT,,
PV1_REV11_RANK50_TRAIN_V1,sh.600831,2022-03-01,EXACT,,
PV1_REV11_RANK50_TRAIN_V1,sh.600936,2022-03-01,EXACT,,
PV1_REV11_RANK50_TRAIN_V1,sz.002095,2022-03-01,EXACT,,
PV1_REV11_RANK50_TRAIN_V1,sz.002104,2022-03-01,EXACT,,
PV1_REV11_RANK50_TRAIN_V1,sz.002178,2022-03-01,EXACT,,
PV1_REV11_RANK50_TRAIN_V1,sz.002400,2022-03-01,EXACT,,
PV1_REV11_RANK50_TRAIN_V1,sz.002549,2022-03-01,EXACT,,
PV1_REV11_RANK50_TRAIN_V1,sz.002671,2022-03-01,EXACT,,
PV1_REV11_RANK50_TRAIN_V1,sz.300468,2022-03-01,EXACT,,
REV_vola_11,sh.600939,2022-03-01,EXACT,,
REV_vola_11,sz.002104,2022-03-01,EXACT,,
REV_vola_11,sz.002116,2022-03-01,EXACT,,
REV_vola_11,sz.002178,2022-03-01,EXACT,,
REV_vola_11,sz.002530,2022-03-01,EXACT,,
REV_vola_11,sz.002642,2022-03-01,EXACT,,
REV_vola_11,sz.300374,2022-03-01,EXACT,,
REV_vola_11,sz.300479,2022-03-01,EXACT,,
REV_vola_11,sz.300546,2022-03-01,EXACT,,
REV_vola_11,sz.300572,2022-03-01,EXACT,,
PV1_REV11_RANK50_TRAIN_V1,sh.603583,2022-04-01,EXACT,,
PV1_REV11_RANK50_TRAIN_V1,sh.603997,2022-04-01,EXACT,,
PV1_REV11_RANK50_TRAIN_V1,sh.688006,2022-04-01,EXACT,,
PV1_REV11_RANK50_TRAIN_V1,sh.688339,2022-04-01,EXACT,,
PV1_REV11_RANK50_TRAIN_V1,sz.002326,2022-04-01,EXACT,,
PV1_REV11_RANK50_TRAIN_V1,sz.002733,2022-04-01,EXACT,,
PV1_REV11_RANK50_TRAIN_V1,sz.002915,2022-04-01,EXACT,,
PV1_REV11_RANK50_TRAIN_V1,sz.300127,2022-04-01,EXACT,,
PV1_REV11_RANK50_TRAIN_V1,sz.300320,2022-04-01,EXACT,,
PV1_REV11_RANK50_TRAIN_V1,sz.300617,2022-04-01,EXACT,,
REV_vola_11,sh.688687,2022-04-01,EXACT,,
REV_vola_11,sz.002326,2022-04-01,EXACT,,
REV_vola_11,sz.002349,2022-04-01,EXACT,,
REV_vola_11,sz.002529,2022-04-01,EXACT,,
REV_vola_11,sz.002534,2022-04-01,EXACT,,
REV_vola_11,sz.002585,2022-04-01,EXACT,,
REV_vola_11,sz.002915,2022-04-01,EXACT,,
REV_vola_11,sz.300275,2022-04-01,EXACT,,
REV_vola_11,sz.300393,2022-04-01,EXACT,,
REV_vola_11,sz.300412,2022-04-01,EXACT,,
PV1_REV11_RANK50_TRAIN_V1,sh.600545,2022-05-05,EXACT,,
PV1_REV11_RANK50_TRAIN_V1,sh.603535,2022-05-05,EXACT,,
PV1_REV11_RANK50_TRAIN_V1,sh.603602,2022-05-05,EXACT,,
PV1_REV11_RANK50_TRAIN_V1,sz.002746,2022-05-05,EXACT,,
PV1_REV11_RANK50_TRAIN_V1,sz.002796,2022-05-05,EXACT,,
PV1_REV11_RANK50_TRAIN_V1,sz.300225,2022-05-05,EXACT,,
PV1_REV11_RANK50_TRAIN_V1,sz.300328,2022-05-05,EXACT,,
PV1_REV11_RANK50_TRAIN_V1,sz.300525,2022-05-05,EXACT,,
PV1_REV11_RANK50_TRAIN_V1,sz.300678,2022-05-05,EXACT,,
PV1_REV11_RANK50_TRAIN_V1,sz.300768,2022-05-05,EXACT,,
REV_vola_11,sh.603030,2022-05-05,EXACT,,
REV_vola_11,sh.688233,2022-05-05,EXACT,,
REV_vola_11,sz.000757,2022-05-05,EXACT,,
REV_vola_11,sz.000850,2022-05-05,EXACT,,
REV_vola_11,sz.002377,2022-05-05,EXACT,,
REV_vola_11,sz.300011,2022-05-05,EXACT,,
REV_vola_11,sz.300114,2022-05-05,PATCH,,baostock_native_5m
REV_vola_11,sz.300328,2022-05-05,EXACT,,
REV_vola_11,sz.300551,2022-05-05,EXACT,,
REV_vola_11,sz.300940,2022-05-05,EXACT,,
PV1_REV11_RANK50_TRAIN_V1,sh.600297,2022-06-01,EXACT,,
PV1_REV11_RANK50_TRAIN_V1,sh.605128,2022-06-01,EXACT,,
PV1_REV11_RANK50_TRAIN_V1,sh.688068,2022-06-01,EXACT,,
PV1_REV11_RANK50_TRAIN_V1,sh.688317,2022-06-01,EXACT,,
PV1_REV11_RANK50_TRAIN_V1,sz.000753,2022-06-01,EXACT,,
PV1_REV11_RANK50_TRAIN_V1,sz.000838,2022-06-01,EXACT,,
PV1_REV11_RANK50_TRAIN_V1,sz.002292,2022-06-01,EXACT,,
PV1_REV11_RANK50_TRAIN_V1,sz.002620,2022-06-01,EXACT,,
PV1_REV11_RANK50_TRAIN_V1,sz.002793,2022-06-01,EXACT,,
PV1_REV11_RANK50_TRAIN_V1,sz.002940,2022-06-01,EXACT,,
REV_vola_11,sh.600297,2022-06-01,EXACT,,
REV_vola_11,sh.603392,2022-06-01,EXACT,,
REV_vola_11,sh.603429,2022-06-01,EXACT,,
REV_vola_11,sh.688317,2022-06-01,EXACT,,
REV_vola_11,sz.000632,2022-06-01,EXACT,,
REV_vola_11,sz.000838,2022-06-01,EXACT,,
REV_vola_11,sz.002292,2022-06-01,EXACT,,
REV_vola_11,sz.002620,2022-06-01,EXACT,,
REV_vola_11,sz.002738,2022-06-01,EXACT,,
REV_vola_11,sz.002932,2022-06-01,EXACT,,
PV1_REV11_RANK50_TRAIN_V1,sh.605133,2022-07-01,EXACT,,
PV1_REV11_RANK50_TRAIN_V1,sh.605208,2022-07-01,EXACT,,
PV1_REV11_RANK50_TRAIN_V1,sh.688068,2022-07-01,EXACT,,
PV1_REV11_RANK50_TRAIN_V1,sh.688196,2022-07-01,EXACT,,
PV1_REV11_RANK50_TRAIN_V1,sz.000868,2022-07-01,EXACT,,
PV1_REV11_RANK50_TRAIN_V1,sz.002204,2022-07-01,EXACT,,
PV1_REV11_RANK50_TRAIN_V1,sz.002480,2022-07-01,EXACT,,
PV1_REV11_RANK50_TRAIN_V1,sz.002765,2022-07-01,EXACT,,
PV1_REV11_RANK50_TRAIN_V1,sz.002838,2022-07-01,EXACT,,
PV1_REV11_RANK50_TRAIN_V1,sz.002881,2022-07-01,EXACT,,
REV_vola_11,sh.603088,2022-07-01,EXACT,,
REV_vola_11,sh.603918,2022-07-01,EXACT,,
REV_vola_11,sh.603997,2022-07-01,EXACT,,
REV_vola_11,sh.688155,2022-07-01,EXACT,,
REV_vola_11,sz.000868,2022-07-01,EXACT,,
REV_vola_11,sz.000913,2022-07-01,EXACT,,
REV_vola_11,sz.002666,2022-07-01,EXACT,,
REV_vola_11,sz.002838,2022-07-01,EXACT,,
REV_vola_11,sz.002988,2022-07-01,EXACT,,
REV_vola_11,sz.300969,2022-07-01,EXACT,,
PV1_REV11_RANK50_TRAIN_V1,sh.600196,2022-08-01,EXACT,,
PV1_REV11_RANK50_TRAIN_V1,sh.688221,2022-08-01,EXACT,,
PV1_REV11_RANK50_TRAIN_V1,sz.000631,2022-08-01,EXACT,,
PV1_REV11_RANK50_TRAIN_V1,sz.000826,2022-08-01,EXACT,,
PV1_REV11_RANK50_TRAIN_V1,sz.002037,2022-08-01,EXACT,,
PV1_REV11_RANK50_TRAIN_V1,sz.002039,2022-08-01,EXACT,,
PV1_REV11_RANK50_TRAIN_V1,sz.002204,2022-08-01,EXACT,,
PV1_REV11_RANK50_TRAIN_V1,sz.002523,2022-08-01,EXACT,,
PV1_REV11_RANK50_TRAIN_V1,sz.300073,2022-08-01,EXACT,,
PV1_REV11_RANK50_TRAIN_V1,sz.300199,2022-08-01,EXACT,,
REV_vola_11,sh.600062,2022-08-01,EXACT,,
REV_vola_11,sh.600196,2022-08-01,EXACT,,
REV_vola_11,sh.600400,2022-08-01,EXACT,,
REV_vola_11,sh.600973,2022-08-01,EXACT,,
REV_vola_11,sh.688016,2022-08-01,EXACT,,
REV_vola_11,sh.688607,2022-08-01,EXACT,,
REV_vola_11,sz.002037,2022-08-01,EXACT,,
REV_vola_11,sz.300199,2022-08-01,EXACT,,
REV_vola_11,sz.300725,2022-08-01,EXACT,,
REV_vola_11,sz.300919,2022-08-01,EXACT,,
PV1_REV11_RANK50_TRAIN_V1,sh.600152,2022-09-01,EXACT,,
PV1_REV11_RANK50_TRAIN_V1,sh.603050,2022-09-01,EXACT,,
PV1_REV11_RANK50_TRAIN_V1,sh.688518,2022-09-01,EXACT,,
PV1_REV11_RANK50_TRAIN_V1,sh.688659,2022-09-01,EXACT,,
PV1_REV11_RANK50_TRAIN_V1,sz.002169,2022-09-01,EXACT,,
PV1_REV11_RANK50_TRAIN_V1,sz.002518,2022-09-01,EXACT,,
PV1_REV11_RANK50_TRAIN_V1,sz.002843,2022-09-01,EXACT,,
PV1_REV11_RANK50_TRAIN_V1,sz.002868,2022-09-01,EXACT,,
PV1_REV11_RANK50_TRAIN_V1,sz.002992,2022-09-01,EXACT,,
PV1_REV11_RANK50_TRAIN_V1,sz.300863,2022-09-01,EXACT,,
REV_vola_11,sh.603701,2022-09-01,EXACT,,
REV_vola_11,sh.688390,2022-09-01,EXACT,,
REV_vola_11,sh.688663,2022-09-01,EXACT,,
REV_vola_11,sz.000040,2022-09-01,EXACT,,
REV_vola_11,sz.002765,2022-09-01,EXACT,,
REV_vola_11,sz.002997,2022-09-01,EXACT,,
REV_vola_11,sz.003038,2022-09-01,EXACT,,
REV_vola_11,sz.300335,2022-09-01,EXACT,,
REV_vola_11,sz.301021,2022-09-01,EXACT,,
REV_vola_11,sz.301046,2022-09-01,EXACT,,
PV1_REV11_RANK50_TRAIN_V1,sh.600152,2022-10-10,EXACT,,
PV1_REV11_RANK50_TRAIN_V1,sh.603822,2022-10-10,EXACT,,
PV1_REV11_RANK50_TRAIN_V1,sz.002416,2022-10-10,EXACT,,
PV1_REV11_RANK50_TRAIN_V1,sz.002480,2022-10-10,EXACT,,
PV1_REV11_RANK50_TRAIN_V1,sz.002667,2022-10-10,EXACT,,
PV1_REV11_RANK50_TRAIN_V1,sz.002765,2022-10-10,EXACT,,
PV1_REV11_RANK50_TRAIN_V1,sz.002769,2022-10-10,EXACT,,
PV1_REV11_RANK50_TRAIN_V1,sz.002866,2022-10-10,EXACT,,
PV1_REV11_RANK50_TRAIN_V1,sz.002976,2022-10-10,EXACT,,
PV1_REV11_RANK50_TRAIN_V1,sz.300125,2022-10-10,EXACT,,
REV_vola_11,sh.603949,2022-10-10,EXACT,,
REV_vola_11,sh.688601,2022-10-10,EXACT,,
REV_vola_11,sz.000595,2022-10-10,EXACT,,
REV_vola_11,sz.000678,2022-10-10,EXACT,,
REV_vola_11,sz.002480,2022-10-10,EXACT,,
REV_vola_11,sz.002708,2022-10-10,EXACT,,
REV_vola_11,sz.300081,2022-10-10,EXACT,,
REV_vola_11,sz.300105,2022-10-10,EXACT,,
REV_vola_11,sz.300808,2022-10-10,EXACT,,
REV_vola_11,sz.300883,2022-10-10,EXACT,,
PV1_REV11_RANK50_TRAIN_V1,sh.603032,2022-11-01,EXACT,,
PV1_REV11_RANK50_TRAIN_V1,sh.603076,2022-11-01,EXACT,,
PV1_REV11_RANK50_TRAIN_V1,sh.603086,2022-11-01,EXACT,,
PV1_REV11_RANK50_TRAIN_V1,sh.603297,2022-11-01,EXACT,,
PV1_REV11_RANK50_TRAIN_V1,sh.688056,2022-11-01,EXACT,,
PV1_REV11_RANK50_TRAIN_V1,sh.688103,2022-11-01,EXACT,,
PV1_REV11_RANK50_TRAIN_V1,sz.000707,2022-11-01,EXACT,,
PV1_REV11_RANK50_TRAIN_V1,sz.000913,2022-11-01,EXACT,,
PV1_REV11_RANK50_TRAIN_V1,sz.002613,2022-11-01,EXACT,,
PV1_REV11_RANK50_TRAIN_V1,sz.300802,2022-11-01,EXACT,,
REV_vola_11,sh.688686,2022-11-01,EXACT,,
REV_vola_11,sh.688733,2022-11-01,EXACT,,
REV_vola_11,sh.689009,2022-11-01,EXACT,,
REV_vola_11,sz.000633,2022-11-01,EXACT,,
REV_vola_11,sz.002165,2022-11-01,EXACT,,
REV_vola_11,sz.300037,2022-11-01,EXACT,,
REV_vola_11,sz.300041,2022-11-01,EXACT,,
REV_vola_11,sz.300653,2022-11-01,EXACT,,
REV_vola_11,sz.300673,2022-11-01,EXACT,,
REV_vola_11,sz.300822,2022-11-01,EXACT,,
PV1_REV11_RANK50_TRAIN_V1,sh.600149,2022-12-01,EXACT,,
PV1_REV11_RANK50_TRAIN_V1,sh.600223,2022-12-01,EXACT,,
PV1_REV11_RANK50_TRAIN_V1,sh.688501,2022-12-01,EXACT,,
PV1_REV11_RANK50_TRAIN_V1,sh.688520,2022-12-01,EXACT,,
PV1_REV11_RANK50_TRAIN_V1,sh.688618,2022-12-01,EXACT,,
PV1_REV11_RANK50_TRAIN_V1,sz.000609,2022-12-01,EXACT,,
PV1_REV11_RANK50_TRAIN_V1,sz.001203,2022-12-01,EXACT,,
PV1_REV11_RANK50_TRAIN_V1,sz.002876,2022-12-01,EXACT,,
PV1_REV11_RANK50_TRAIN_V1,sz.300881,2022-12-01,EXACT,,
PV1_REV11_RANK50_TRAIN_V1,sz.300909,2022-12-01,EXACT,,
REV_vola_11,sh.600302,2022-12-01,EXACT,,
REV_vola_11,sh.688355,2022-12-01,EXACT,,
REV_vola_11,sh.688408,2022-12-01,EXACT,,
REV_vola_11,sh.688618,2022-12-01,EXACT,,
REV_vola_11,sz.300203,2022-12-01,EXACT,,
REV_vola_11,sz.300518,2022-12-01,EXACT,,
REV_vola_11,sz.300820,2022-12-01,EXACT,,
REV_vola_11,sz.300845,2022-12-01,EXACT,,
REV_vola_11,sz.300909,2022-12-01,EXACT,,
REV_vola_11,sz.300996,2022-12-01,EXACT,,
PV1_REV11_RANK50_TRAIN_V1,sh.600965,2023-01-03,EXACT,,
PV1_REV11_RANK50_TRAIN_V1,sh.603387,2023-01-03,EXACT,,
PV1_REV11_RANK50_TRAIN_V1,sh.688317,2023-01-03,EXACT,,
PV1_REV11_RANK50_TRAIN_V1,sz.000756,2023-01-03,EXACT,,
PV1_REV11_RANK50_TRAIN_V1,sz.002424,2023-01-03,EXACT,,
PV1_REV11_RANK50_TRAIN_V1,sz.002644,2023-01-03,EXACT,,
PV1_REV11_RANK50_TRAIN_V1,sz.002864,2023-01-03,EXACT,,
PV1_REV11_RANK50_TRAIN_V1,sz.002923,2023-01-03,EXACT,,
PV1_REV11_RANK50_TRAIN_V1,sz.300518,2023-01-03,EXACT,,
PV1_REV11_RANK50_TRAIN_V1,sz.301089,2023-01-03,EXACT,,
REV_vola_11,sz.002317,2023-01-03,EXACT,,
REV_vola_11,sz.002579,2023-01-03,EXACT,,
REV_vola_11,sz.002603,2023-01-03,EXACT,,
REV_vola_11,sz.002607,2023-01-03,EXACT,,
REV_vola_11,sz.002864,2023-01-03,EXACT,,
REV_vola_11,sz.300039,2023-01-03,EXACT,,
REV_vola_11,sz.300158,2023-01-03,EXACT,,
REV_vola_11,sz.300254,2023-01-03,EXACT,,
REV_vola_11,sz.300434,2023-01-03,EXACT,,
REV_vola_11,sz.300518,2023-01-03,EXACT,,
PV1_REV11_RANK50_TRAIN_V1,sh.601888,2023-02-01,EXACT,,
PV1_REV11_RANK50_TRAIN_V1,sh.603197,2023-02-01,EXACT,,
PV1_REV11_RANK50_TRAIN_V1,sh.603529,2023-02-01,EXACT,,
PV1_REV11_RANK50_TRAIN_V1,sh.605133,2023-02-01,EXACT,,
PV1_REV11_RANK50_TRAIN_V1,sz.000403,2023-02-01,EXACT,,
PV1_REV11_RANK50_TRAIN_V1,sz.002198,2023-02-01,EXACT,,
PV1_REV11_RANK50_TRAIN_V1,sz.002812,2023-02-01,EXACT,,
PV1_REV11_RANK50_TRAIN_V1,sz.300537,2023-02-01,EXACT,,
PV1_REV11_RANK50_TRAIN_V1,sz.300863,2023-02-01,EXACT,,
PV1_REV11_RANK50_TRAIN_V1,sz.300990,2023-02-01,EXACT,,
REV_vola_11,sh.600859,2023-02-01,EXACT,,
REV_vola_11,sh.601888,2023-02-01,EXACT,,
REV_vola_11,sh.603288,2023-02-01,EXACT,,
REV_vola_11,sh.603777,2023-02-01,EXACT,,
REV_vola_11,sh.688185,2023-02-01,EXACT,,
REV_vola_11,sh.688221,2023-02-01,EXACT,,
REV_vola_11,sh.688596,2023-02-01,EXACT,,
REV_vola_11,sz.000610,2023-02-01,EXACT,,
REV_vola_11,sz.000721,2023-02-01,EXACT,,
REV_vola_11,sz.300122,2023-02-01,EXACT,,
PV1_REV11_RANK50_TRAIN_V1,sh.601212,2023-03-01,EXACT,,
PV1_REV11_RANK50_TRAIN_V1,sh.601360,2023-03-01,EXACT,,
PV1_REV11_RANK50_TRAIN_V1,sh.688078,2023-03-01,EXACT,,
PV1_REV11_RANK50_TRAIN_V1,sz.000409,2023-03-01,EXACT,,
PV1_REV11_RANK50_TRAIN_V1,sz.002354,2023-03-01,EXACT,,
PV1_REV11_RANK50_TRAIN_V1,sz.002877,2023-03-01,EXACT,,
PV1_REV11_RANK50_TRAIN_V1,sz.300031,2023-03-01,EXACT,,
PV1_REV11_RANK50_TRAIN_V1,sz.300113,2023-03-01,EXACT,,
PV1_REV11_RANK50_TRAIN_V1,sz.300340,2023-03-01,EXACT,,
PV1_REV11_RANK50_TRAIN_V1,sz.301198,2023-03-01,EXACT,,
REV_vola_11,sh.600847,2023-03-01,EXACT,,
REV_vola_11,sh.688158,2023-03-01,EXACT,,
REV_vola_11,sh.688560,2023-03-01,EXACT,,
REV_vola_11,sz.000923,2023-03-01,EXACT,,
REV_vola_11,sz.002425,2023-03-01,EXACT,,
REV_vola_11,sz.002713,2023-03-01,EXACT,,
REV_vola_11,sz.002877,2023-03-01,EXACT,,
REV_vola_11,sz.002882,2023-03-01,EXACT,,
REV_vola_11,sz.300031,2023-03-01,EXACT,,
REV_vola_11,sz.300340,2023-03-01,EXACT,,
PV1_REV11_RANK50_TRAIN_V1,sh.600665,2023-04-03,EXACT,,
PV1_REV11_RANK50_TRAIN_V1,sh.600895,2023-04-03,EXACT,,
PV1_REV11_RANK50_TRAIN_V1,sh.688107,2023-04-03,EXACT,,
PV1_REV11_RANK50_TRAIN_V1,sh.688310,2023-04-03,EXACT,,
PV1_REV11_RANK50_TRAIN_V1,sh.688368,2023-04-03,EXACT,,
PV1_REV11_RANK50_TRAIN_V1,sz.000059,2023-04-03,EXACT,,
PV1_REV11_RANK50_TRAIN_V1,sz.000838,2023-04-03,EXACT,,
PV1_REV11_RANK50_TRAIN_V1,sz.002229,2023-04-03,EXACT,,
PV1_REV11_RANK50_TRAIN_V1,sz.300616,2023-04-03,EXACT,,
PV1_REV11_RANK50_TRAIN_V1,sz.301185,2023-04-03,EXACT,,
REV_vola_11,sh.688368,2023-04-03,EXACT,,
REV_vola_11,sh.688619,2023-04-03,EXACT,,
REV_vola_11,sz.000059,2023-04-03,EXACT,,
REV_vola_11,sz.000838,2023-04-03,EXACT,,
REV_vola_11,sz.001308,2023-04-03,EXACT,,
REV_vola_11,sz.002229,2023-04-03,EXACT,,
REV_vola_11,sz.002955,2023-04-03,EXACT,,
REV_vola_11,sz.300699,2023-04-03,EXACT,,
REV_vola_11,sz.300912,2023-04-03,EXACT,,
REV_vola_11,sz.301185,2023-04-03,EXACT,,
PV1_REV11_RANK50_TRAIN_V1,sh.603209,2023-05-04,EXACT,,
PV1_REV11_RANK50_TRAIN_V1,sh.688004,2023-05-04,EXACT,,
PV1_REV11_RANK50_TRAIN_V1,sh.688010,2023-05-04,EXACT,,
PV1_REV11_RANK50_TRAIN_V1,sh.688150,2023-05-04,EXACT,,
PV1_REV11_RANK50_TRAIN_V1,sh.688519,2023-05-04,EXACT,,
PV1_REV11_RANK50_TRAIN_V1,sh.688608,2023-05-04,EXACT,,
PV1_REV11_RANK50_TRAIN_V1,sh.688619,2023-05-04,EXACT,,
PV1_REV11_RANK50_TRAIN_V1,sz.300487,2023-05-04,EXACT,,
PV1_REV11_RANK50_TRAIN_V1,sz.300633,2023-05-04,EXACT,,
PV1_REV11_RANK50_TRAIN_V1,sz.300970,2023-05-04,EXACT,,
REV_vola_11,sh.603186,2023-05-04,EXACT,,
REV_vola_11,sh.688059,2023-05-04,EXACT,,
REV_vola_11,sh.688232,2023-05-04,EXACT,,
REV_vola_11,sh.688308,2023-05-04,EXACT,,
REV_vola_11,sh.688619,2023-05-04,EXACT,,
REV_vola_11,sz.300151,2023-05-04,EXACT,,
REV_vola_11,sz.300183,2023-05-04,EXACT,,
REV_vola_11,sz.300727,2023-05-04,EXACT,,
REV_vola_11,sz.301099,2023-05-04,EXACT,,
REV_vola_11,sz.301213,2023-05-04,EXACT,,
PV1_REV11_RANK50_TRAIN_V1,sh.603613,2023-06-01,EXACT,,
PV1_REV11_RANK50_TRAIN_V1,sh.603659,2023-06-01,EXACT,,
PV1_REV11_RANK50_TRAIN_V1,sh.605020,2023-06-01,EXACT,,
PV1_REV11_RANK50_TRAIN_V1,sh.688091,2023-06-01,EXACT,,
PV1_REV11_RANK50_TRAIN_V1,sh.688226,2023-06-01,EXACT,,
PV1_REV11_RANK50_TRAIN_V1,sh.688266,2023-06-01,EXACT,,
PV1_REV11_RANK50_TRAIN_V1,sz.002015,2023-06-01,EXACT,,
PV1_REV11_RANK50_TRAIN_V1,sz.002192,2023-06-01,EXACT,,
PV1_REV11_RANK50_TRAIN_V1,sz.300021,2023-06-01,EXACT,,
PV1_REV11_RANK50_TRAIN_V1,sz.300382,2023-06-01,EXACT,,
REV_vola_11,sh.600188,2023-06-01,EXACT,,
REV_vola_11,sh.600399,2023-06-01,EXACT,,
REV_vola_11,sh.603219,2023-06-01,EXACT,,
REV_vola_11,sh.688599,2023-06-01,EXACT,,
REV_vola_11,sz.002453,2023-06-01,EXACT,,
REV_vola_11,sz.002505,2023-06-01,EXACT,,
REV_vola_11,sz.300116,2023-06-01,EXACT,,
REV_vola_11,sz.300558,2023-06-01,EXACT,,
REV_vola_11,sz.301179,2023-06-01,EXACT,,
REV_vola_11,sz.301199,2023-06-01,EXACT,,
PV1_REV11_RANK50_TRAIN_V1,sh.600246,2023-07-03,EXACT,,
PV1_REV11_RANK50_TRAIN_V1,sh.603322,2023-07-03,EXACT,,
PV1_REV11_RANK50_TRAIN_V1,sh.603629,2023-07-03,EXACT,,
PV1_REV11_RANK50_TRAIN_V1,sh.603779,2023-07-03,EXACT,,
PV1_REV11_RANK50_TRAIN_V1,sh.605186,2023-07-03,EXACT,,
PV1_REV11_RANK50_TRAIN_V1,sh.688668,2023-07-03,EXACT,,
PV1_REV11_RANK50_TRAIN_V1,sz.000681,2023-07-03,EXACT,,
PV1_REV11_RANK50_TRAIN_V1,sz.002425,2023-07-03,EXACT,,
PV1_REV11_RANK50_TRAIN_V1,sz.300271,2023-07-03,EXACT,,
PV1_REV11_RANK50_TRAIN_V1,sz.300657,2023-07-03,EXACT,,
REV_vola_11,sh.688004,2023-07-03,EXACT,,
REV_vola_11,sh.688228,2023-07-03,EXACT,,
REV_vola_11,sh.688229,2023-07-03,EXACT,,
REV_vola_11,sh.688256,2023-07-03,EXACT,,
REV_vola_11,sh.688327,2023-07-03,EXACT,,
REV_vola_11,sh.688787,2023-07-03,EXACT,,
REV_vola_11,sz.300168,2023-07-03,EXACT,,
REV_vola_11,sz.300229,2023-07-03,EXACT,,
REV_vola_11,sz.300559,2023-07-03,EXACT,,
REV_vola_11,sz.300657,2023-07-03,EXACT,,
PV1_REV11_RANK50_TRAIN_V1,sh.600602,2023-08-01,EXACT,,
PV1_REV11_RANK50_TRAIN_V1,sh.688118,2023-08-01,EXACT,,
PV1_REV11_RANK50_TRAIN_V1,sh.688159,2023-08-01,EXACT,,
PV1_REV11_RANK50_TRAIN_V1,sz.000802,2023-08-01,EXACT,,
PV1_REV11_RANK50_TRAIN_V1,sz.002849,2023-08-01,EXACT,,
PV1_REV11_RANK50_TRAIN_V1,sz.002866,2023-08-01,EXACT,,
PV1_REV11_RANK50_TRAIN_V1,sz.002920,2023-08-01,EXACT,,
PV1_REV11_RANK50_TRAIN_V1,sz.300551,2023-08-01,EXACT,,
PV1_REV11_RANK50_TRAIN_V1,sz.300657,2023-08-01,EXACT,,
PV1_REV11_RANK50_TRAIN_V1,sz.300982,2023-08-01,EXACT,,
REV_vola_11,sh.688095,2023-08-01,EXACT,,
REV_vola_11,sh.688239,2023-08-01,EXACT,,
REV_vola_11,sh.688328,2023-08-01,EXACT,,
REV_vola_11,sh.688661,2023-08-01,EXACT,,
REV_vola_11,sh.688662,2023-08-01,EXACT,,
REV_vola_11,sh.688700,2023-08-01,EXACT,,
REV_vola_11,sz.002849,2023-08-01,EXACT,,
REV_vola_11,sz.300572,2023-08-01,EXACT,,
REV_vola_11,sz.300634,2023-08-01,EXACT,,
REV_vola_11,sz.300812,2023-08-01,EXACT,,
PV1_REV11_RANK50_TRAIN_V1,sh.603039,2023-09-01,EXACT,,
PV1_REV11_RANK50_TRAIN_V1,sh.688065,2023-09-01,EXACT,,
PV1_REV11_RANK50_TRAIN_V1,sh.688169,2023-09-01,EXACT,,
PV1_REV11_RANK50_TRAIN_V1,sz.000035,2023-09-01,EXACT,,
PV1_REV11_RANK50_TRAIN_V1,sz.002356,2023-09-01,EXACT,,
PV1_REV11_RANK50_TRAIN_V1,sz.002694,2023-09-01,EXACT,,
PV1_REV11_RANK50_TRAIN_V1,sz.300369,2023-09-01,EXACT,,
PV1_REV11_RANK50_TRAIN_V1,sz.300457,2023-09-01,EXACT,,
PV1_REV11_RANK50_TRAIN_V1,sz.300469,2023-09-01,EXACT,,
PV1_REV11_RANK50_TRAIN_V1,sz.301159,2023-09-01,EXACT,,
REV_vola_11,sh.603799,2023-09-01,EXACT,,
REV_vola_11,sz.002694,2023-09-01,EXACT,,
REV_vola_11,sz.300033,2023-09-01,EXACT,,
REV_vola_11,sz.300085,2023-09-01,EXACT,,
REV_vola_11,sz.300377,2023-09-01,EXACT,,
REV_vola_11,sz.300380,2023-09-01,EXACT,,
REV_vola_11,sz.300399,2023-09-01,EXACT,,
REV_vola_11,sz.300457,2023-09-01,EXACT,,
REV_vola_11,sz.300751,2023-09-01,EXACT,,
REV_vola_11,sz.300803,2023-09-01,EXACT,,
PV1_REV11_RANK50_TRAIN_V1,sh.600189,2023-10-09,EXACT,,
PV1_REV11_RANK50_TRAIN_V1,sh.600818,2023-10-09,EXACT,,
PV1_REV11_RANK50_TRAIN_V1,sh.601666,2023-10-09,EXACT,,
PV1_REV11_RANK50_TRAIN_V1,sh.603208,2023-10-09,EXACT,,
PV1_REV11_RANK50_TRAIN_V1,sh.603326,2023-10-09,EXACT,,
PV1_REV11_RANK50_TRAIN_V1,sh.603345,2023-10-09,EXACT,,
PV1_REV11_RANK50_TRAIN_V1,sz.000560,2023-10-09,EXACT,,
PV1_REV11_RANK50_TRAIN_V1,sz.000766,2023-10-09,EXACT,,
PV1_REV11_RANK50_TRAIN_V1,sz.001226,2023-10-09,EXACT,,
PV1_REV11_RANK50_TRAIN_V1,sz.300573,2023-10-09,EXACT,,
REV_vola_11,sh.600610,2023-10-09,EXACT,,
REV_vola_11,sh.600814,2023-10-09,EXACT,,
REV_vola_11,sh.603208,2023-10-09,EXACT,,
REV_vola_11,sh.603326,2023-10-09,EXACT,,
REV_vola_11,sh.603378,2023-10-09,EXACT,,
REV_vola_11,sh.603933,2023-10-09,EXACT,,
REV_vola_11,sz.000560,2023-10-09,EXACT,,
REV_vola_11,sz.000663,2023-10-09,EXACT,,
REV_vola_11,sz.002333,2023-10-09,EXACT,,
REV_vola_11,sz.002679,2023-10-09,EXACT,,
PV1_REV11_RANK50_TRAIN_V1,sh.600418,2023-11-01,EXACT,,
PV1_REV11_RANK50_TRAIN_V1,sh.600853,2023-11-01,EXACT,,
PV1_REV11_RANK50_TRAIN_V1,sh.601127,2023-11-01,EXACT,,
PV1_REV11_RANK50_TRAIN_V1,sh.603616,2023-11-01,EXACT,,
PV1_REV11_RANK50_TRAIN_V1,sh.603788,2023-11-01,EXACT,,
PV1_REV11_RANK50_TRAIN_V1,sh.603985,2023-11-01,EXACT,,
PV1_REV11_RANK50_TRAIN_V1,sh.688072,2023-11-01,EXACT,,
PV1_REV11_RANK50_TRAIN_V1,sz.002115,2023-11-01,EXACT,,
PV1_REV11_RANK50_TRAIN_V1,sz.002205,2023-11-01,EXACT,,
PV1_REV11_RANK50_TRAIN_V1,sz.002771,2023-11-01,EXACT,,
REV_vola_11,sh.603599,2023-11-01,EXACT,,
REV_vola_11,sh.603616,2023-11-01,EXACT,,
REV_vola_11,sh.603788,2023-11-01,EXACT,,
REV_vola_11,sz.000090,2023-11-01,EXACT,,
REV_vola_11,sz.000712,2023-11-01,EXACT,,
REV_vola_11,sz.000786,2023-11-01,EXACT,,
REV_vola_11,sz.002205,2023-11-01,EXACT,,
REV_vola_11,sz.002771,2023-11-01,EXACT,,
REV_vola_11,sz.300394,2023-11-01,EXACT,,
REV_vola_11,sz.300559,2023-11-01,EXACT,,
PV1_REV11_RANK50_TRAIN_V1,sh.600159,2023-12-01,EXACT,,
PV1_REV11_RANK50_TRAIN_V1,sh.600775,2023-12-01,EXACT,,
PV1_REV11_RANK50_TRAIN_V1,sh.603297,2023-12-01,EXACT,,
PV1_REV11_RANK50_TRAIN_V1,sh.603305,2023-12-01,EXACT,,
PV1_REV11_RANK50_TRAIN_V1,sh.688170,2023-12-01,EXACT,,
PV1_REV11_RANK50_TRAIN_V1,sh.688229,2023-12-01,EXACT,,
PV1_REV11_RANK50_TRAIN_V1,sh.688609,2023-12-01,EXACT,,
PV1_REV11_RANK50_TRAIN_V1,sz.002331,2023-12-01,EXACT,,
PV1_REV11_RANK50_TRAIN_V1,sz.300928,2023-12-01,EXACT,,
PV1_REV11_RANK50_TRAIN_V1,sz.301215,2023-12-01,EXACT,,
REV_vola_11,sh.600159,2023-12-01,EXACT,,
REV_vola_11,sh.600266,2023-12-01,EXACT,,
REV_vola_11,sh.600683,2023-12-01,EXACT,,
REV_vola_11,sh.603353,2023-12-01,EXACT,,
REV_vola_11,sz.002331,2023-12-01,EXACT,,
REV_vola_11,sz.300255,2023-12-01,EXACT,,
REV_vola_11,sz.300310,2023-12-01,EXACT,,
REV_vola_11,sz.300780,2023-12-01,EXACT,,
REV_vola_11,sz.301042,2023-12-01,EXACT,,
REV_vola_11,sz.301215,2023-12-01,EXACT,,
PV1_REV11_RANK50_TRAIN_V1,sh.600636,2024-01-02,EXACT,,
PV1_REV11_RANK50_TRAIN_V1,sh.601022,2024-01-02,EXACT,,
PV1_REV11_RANK50_TRAIN_V1,sh.603353,2024-01-02,EXACT,,
PV1_REV11_RANK50_TRAIN_V1,sh.603860,2024-01-02,EXACT,,
PV1_REV11_RANK50_TRAIN_V1,sh.605488,2024-01-02,EXACT,,
PV1_REV11_RANK50_TRAIN_V1,sz.002328,2024-01-02,EXACT,,
PV1_REV11_RANK50_TRAIN_V1,sz.002490,2024-01-02,EXACT,,
PV1_REV11_RANK50_TRAIN_V1,sz.300406,2024-01-02,EXACT,,
PV1_REV11_RANK50_TRAIN_V1,sz.300551,2024-01-02,EXACT,,
PV1_REV11_RANK50_TRAIN_V1,sz.300949,2024-01-02,EXACT,,
REV_vola_11,sh.601022,2024-01-02,EXACT,,
REV_vola_11,sh.601127,2024-01-02,EXACT,,
REV_vola_11,sh.603037,2024-01-02,EXACT,,
REV_vola_11,sh.605011,2024-01-02,EXACT,,
REV_vola_11,sh.688658,2024-01-02,EXACT,,
REV_vola_11,sz.000609,2024-01-02,EXACT,,
REV_vola_11,sz.001234,2024-01-02,EXACT,,
REV_vola_11,sz.300551,2024-01-02,EXACT,,
REV_vola_11,sz.300910,2024-01-02,EXACT,,
REV_vola_11,sz.300949,2024-01-02,EXACT,,
PV1_REV11_RANK50_TRAIN_V1,sh.600200,2024-02-01,EXACT,,
PV1_REV11_RANK50_TRAIN_V1,sh.600593,2024-02-01,EXACT,,
PV1_REV11_RANK50_TRAIN_V1,sh.603099,2024-02-01,EXACT,,
PV1_REV11_RANK50_TRAIN_V1,sh.688023,2024-02-01,EXACT,,
PV1_REV11_RANK50_TRAIN_V1,sh.688260,2024-02-01,EXACT,,
PV1_REV11_RANK50_TRAIN_V1,sh.688326,2024-02-01,EXACT,,
PV1_REV11_RANK50_TRAIN_V1,sz.000936,2024-02-01,EXACT,,
PV1_REV11_RANK50_TRAIN_V1,sz.300949,2024-02-01,EXACT,,
PV1_REV11_RANK50_TRAIN_V1,sz.301031,2024-02-01,EXACT,,
PV1_REV11_RANK50_TRAIN_V1,sz.301159,2024-02-01,EXACT,,
REV_vola_11,sh.688213,2024-02-01,EXACT,,
REV_vola_11,sh.688498,2024-02-01,EXACT,,
REV_vola_11,sh.688609,2024-02-01,EXACT,,
REV_vola_11,sh.688668,2024-02-01,EXACT,,
REV_vola_11,sh.688685,2024-02-01,EXACT,,
REV_vola_11,sz.300350,2024-02-01,EXACT,,
REV_vola_11,sz.300405,2024-02-01,EXACT,,
REV_vola_11,sz.300423,2024-02-01,EXACT,,
REV_vola_11,sz.301218,2024-02-01,EXACT,,
REV_vola_11,sz.301302,2024-02-01,EXACT,,
PV1_REV11_RANK50_TRAIN_V1,sh.603825,2024-03-01,EXACT,,
PV1_REV11_RANK50_TRAIN_V1,sh.603960,2024-03-01,EXACT,,
PV1_REV11_RANK50_TRAIN_V1,sh.603990,2024-03-01,EXACT,,
PV1_REV11_RANK50_TRAIN_V1,sh.688305,2024-03-01,EXACT,,
PV1_REV11_RANK50_TRAIN_V1,sz.002093,2024-03-01,EXACT,,
PV1_REV11_RANK50_TRAIN_V1,sz.002301,2024-03-01,EXACT,,
PV1_REV11_RANK50_TRAIN_V1,sz.300188,2024-03-01,EXACT,,
PV1_REV11_RANK50_TRAIN_V1,sz.300895,2024-03-01,EXACT,,
PV1_REV11_RANK50_TRAIN_V1,sz.300903,2024-03-01,EXACT,,
PV1_REV11_RANK50_TRAIN_V1,sz.301041,2024-03-01,EXACT,,
REV_vola_11,sh.600546,2024-03-01,EXACT,,
REV_vola_11,sh.601156,2024-03-01,EXACT,,
REV_vola_11,sh.603066,2024-03-01,EXACT,,
REV_vola_11,sh.603398,2024-03-01,EXACT,,
REV_vola_11,sh.603990,2024-03-01,EXACT,,
REV_vola_11,sh.605318,2024-03-01,EXACT,,
REV_vola_11,sh.688159,2024-03-01,EXACT,,
REV_vola_11,sh.688305,2024-03-01,EXACT,,
REV_vola_11,sz.002789,2024-03-01,EXACT,,
REV_vola_11,sz.300903,2024-03-01,EXACT,,
PV1_REV11_RANK50_TRAIN_V1,sh.600165,2024-04-01,EXACT,,
PV1_REV11_RANK50_TRAIN_V1,sh.600243,2024-04-01,EXACT,,
PV1_REV11_RANK50_TRAIN_V1,sh.603038,2024-04-01,EXACT,,
PV1_REV11_RANK50_TRAIN_V1,sh.603533,2024-04-01,EXACT,,
PV1_REV11_RANK50_TRAIN_V1,sh.688031,2024-04-01,EXACT,,
PV1_REV11_RANK50_TRAIN_V1,sh.688095,2024-04-01,EXACT,,
PV1_REV11_RANK50_TRAIN_V1,sz.000561,2024-04-01,EXACT,,
PV1_REV11_RANK50_TRAIN_V1,sz.002875,2024-04-01,EXACT,,
PV1_REV11_RANK50_TRAIN_V1,sz.300494,2024-04-01,EXACT,,
PV1_REV11_RANK50_TRAIN_V1,sz.300965,2024-04-01,EXACT,,
REV_vola_11,sh.600243,2024-04-01,EXACT,,
REV_vola_11,sh.600986,2024-04-01,EXACT,,
REV_vola_11,sh.603038,2024-04-01,EXACT,,
REV_vola_11,sh.688031,2024-04-01,EXACT,,
REV_vola_11,sh.688048,2024-04-01,EXACT,,
REV_vola_11,sh.688661,2024-04-01,EXACT,,
REV_vola_11,sh.688668,2024-04-01,EXACT,,
REV_vola_11,sz.300454,2024-04-01,EXACT,,
REV_vola_11,sz.300494,2024-04-01,EXACT,,
REV_vola_11,sz.300536,2024-04-01,EXACT,,
PV1_REV11_RANK50_TRAIN_V1,sh.600918,2024-05-06,EXACT,,
PV1_REV11_RANK50_TRAIN_V1,sh.601633,2024-05-06,EXACT,,
PV1_REV11_RANK50_TRAIN_V1,sh.603167,2024-05-06,EXACT,,
PV1_REV11_RANK50_TRAIN_V1,sh.603556,2024-05-06,EXACT,,
PV1_REV11_RANK50_TRAIN_V1,sh.603887,2024-05-06,EXACT,,
PV1_REV11_RANK50_TRAIN_V1,sh.688789,2024-05-06,EXACT,,
PV1_REV11_RANK50_TRAIN_V1,sz.000532,2024-05-06,EXACT,,
PV1_REV11_RANK50_TRAIN_V1,sz.300255,2024-05-06,EXACT,,
PV1_REV11_RANK50_TRAIN_V1,sz.300310,2024-05-06,EXACT,,
PV1_REV11_RANK50_TRAIN_V1,sz.300660,2024-05-06,EXACT,,
REV_vola_11,sh.600012,2024-05-06,EXACT,,
REV_vola_11,sh.600987,2024-05-06,EXACT,,
REV_vola_11,sh.688036,2024-05-06,EXACT,,
REV_vola_11,sz.000550,2024-05-06,EXACT,,
REV_vola_11,sz.000625,2024-05-06,EXACT,,
REV_vola_11,sz.000691,2024-05-06,EXACT,,
REV_vola_11,sz.000949,2024-05-06,EXACT,,
REV_vola_11,sz.001259,2024-05-06,EXACT,,
REV_vola_11,sz.001308,2024-05-06,EXACT,,
REV_vola_11,sz.300255,2024-05-06,EXACT,,
PV1_REV11_RANK50_TRAIN_V1,sh.603739,2024-06-03,EXACT,,
PV1_REV11_RANK50_TRAIN_V1,sh.605162,2024-06-03,EXACT,,
PV1_REV11_RANK50_TRAIN_V1,sh.688516,2024-06-03,EXACT,,
PV1_REV11_RANK50_TRAIN_V1,sh.688559,2024-06-03,EXACT,,
PV1_REV11_RANK50_TRAIN_V1,sz.001267,2024-06-03,EXACT,,
PV1_REV11_RANK50_TRAIN_V1,sz.002851,2024-06-03,EXACT,,
PV1_REV11_RANK50_TRAIN_V1,sz.002897,2024-06-03,EXACT,,
PV1_REV11_RANK50_TRAIN_V1,sz.300769,2024-06-03,EXACT,,
PV1_REV11_RANK50_TRAIN_V1,sz.301162,2024-06-03,EXACT,,
PV1_REV11_RANK50_TRAIN_V1,sz.301205,2024-06-03,EXACT,,
REV_vola_11,sh.603079,2024-06-03,EXACT,,
REV_vola_11,sh.603566,2024-06-03,EXACT,,
REV_vola_11,sh.605198,2024-06-03,EXACT,,
REV_vola_11,sh.688559,2024-06-03,EXACT,,
REV_vola_11,sz.000702,2024-06-03,EXACT,,
REV_vola_11,sz.002225,2024-06-03,EXACT,,
REV_vola_11,sz.300254,2024-06-03,EXACT,,
REV_vola_11,sz.300551,2024-06-03,EXACT,,
REV_vola_11,sz.300732,2024-06-03,EXACT,,
REV_vola_11,sz.300947,2024-06-03,EXACT,,
PV1_REV11_RANK50_TRAIN_V1,sh.600246,2024-07-01,EXACT,,
PV1_REV11_RANK50_TRAIN_V1,sh.603668,2024-07-01,EXACT,,
PV1_REV11_RANK50_TRAIN_V1,sh.688062,2024-07-01,EXACT,,
PV1_REV11_RANK50_TRAIN_V1,sh.688147,2024-07-01,EXACT,,
PV1_REV11_RANK50_TRAIN_V1,sh.688153,2024-07-01,EXACT,,
PV1_REV11_RANK50_TRAIN_V1,sh.688206,2024-07-01,EXACT,,
PV1_REV11_RANK50_TRAIN_V1,sh.688516,2024-07-01,EXACT,,
PV1_REV11_RANK50_TRAIN_V1,sz.002373,2024-07-01,EXACT,,
PV1_REV11_RANK50_TRAIN_V1,sz.002869,2024-07-01,EXACT,,
PV1_REV11_RANK50_TRAIN_V1,sz.300462,2024-07-01,EXACT,,
REV_vola_11,sh.600208,2024-07-01,EXACT,,
REV_vola_11,sh.600246,2024-07-01,EXACT,,
REV_vola_11,sh.603278,2024-07-01,EXACT,,
REV_vola_11,sh.603668,2024-07-01,EXACT,,
REV_vola_11,sh.603826,2024-07-01,EXACT,,
REV_vola_11,sh.688200,2024-07-01,EXACT,,
REV_vola_11,sh.688409,2024-07-01,EXACT,,
REV_vola_11,sh.688512,2024-07-01,EXACT,,
REV_vola_11,sh.688521,2024-07-01,EXACT,,
REV_vola_11,sz.000555,2024-07-01,EXACT,,
PV1_REV11_RANK50_TRAIN_V1,sh.600060,2024-08-01,EXACT,,
PV1_REV11_RANK50_TRAIN_V1,sh.600187,2024-08-01,EXACT,,
PV1_REV11_RANK50_TRAIN_V1,sh.600331,2024-08-01,EXACT,,
PV1_REV11_RANK50_TRAIN_V1,sh.600635,2024-08-01,EXACT,,
PV1_REV11_RANK50_TRAIN_V1,sh.600989,2024-08-01,EXACT,,
PV1_REV11_RANK50_TRAIN_V1,sz.000078,2024-08-01,EXACT,,
PV1_REV11_RANK50_TRAIN_V1,sz.001226,2024-08-01,EXACT,,
PV1_REV11_RANK50_TRAIN_V1,sz.300240,2024-08-01,EXACT,,
PV1_REV11_RANK50_TRAIN_V1,sz.300589,2024-08-01,EXACT,,
PV1_REV11_RANK50_TRAIN_V1,sz.300826,2024-08-01,EXACT,,
REV_vola_11,sh.600060,2024-08-01,EXACT,,
REV_vola_11,sh.600183,2024-08-01,EXACT,,
REV_vola_11,sh.600886,2024-08-01,EXACT,,
REV_vola_11,sh.600989,2024-08-01,EXACT,,
REV_vola_11,sh.688166,2024-08-01,EXACT,,
REV_vola_11,sz.000078,2024-08-01,EXACT,,
REV_vola_11,sz.001226,2024-08-01,EXACT,,
REV_vola_11,sz.003816,2024-08-01,EXACT,,
REV_vola_11,sz.300240,2024-08-01,EXACT,,
REV_vola_11,sz.300862,2024-08-01,EXACT,,
PV1_REV11_RANK50_TRAIN_V1,sh.601077,2024-09-02,EXACT,,
PV1_REV11_RANK50_TRAIN_V1,sh.601717,2024-09-02,EXACT,,
PV1_REV11_RANK50_TRAIN_V1,sh.603786,2024-09-02,EXACT,,
PV1_REV11_RANK50_TRAIN_V1,sh.603826,2024-09-02,EXACT,,
PV1_REV11_RANK50_TRAIN_V1,sh.688009,2024-09-02,EXACT,,
PV1_REV11_RANK50_TRAIN_V1,sh.688608,2024-09-02,EXACT,,
PV1_REV11_RANK50_TRAIN_V1,sh.688613,2024-09-02,EXACT,,
PV1_REV11_RANK50_TRAIN_V1,sz.300147,2024-09-02,EXACT,,
PV1_REV11_RANK50_TRAIN_V1,sz.300977,2024-09-02,EXACT,,
PV1_REV11_RANK50_TRAIN_V1,sz.301205,2024-09-02,EXACT,,
REV_vola_11,sh.600489,2024-09-02,EXACT,,
REV_vola_11,sh.600547,2024-09-02,EXACT,,
REV_vola_11,sh.600650,2024-09-02,EXACT,,
REV_vola_11,sh.600820,2024-09-02,EXACT,,
REV_vola_11,sh.688009,2024-09-02,EXACT,,
REV_vola_11,sh.688187,2024-09-02,EXACT,,
REV_vola_11,sz.000532,2024-09-02,EXACT,,
REV_vola_11,sz.001317,2024-09-02,EXACT,,
REV_vola_11,sz.300147,2024-09-02,EXACT,,
REV_vola_11,sz.300901,2024-09-02,EXACT,,
PV1_REV11_RANK50_TRAIN_V1,sh.600198,2024-10-08,EXACT,,
PV1_REV11_RANK50_TRAIN_V1,sh.600390,2024-10-08,EXACT,,
PV1_REV11_RANK50_TRAIN_V1,sh.600550,2024-10-08,EXACT,,
PV1_REV11_RANK50_TRAIN_V1,sh.600665,2024-10-08,EXACT,,
PV1_REV11_RANK50_TRAIN_V1,sh.600826,2024-10-08,EXACT,,
PV1_REV11_RANK50_TRAIN_V1,sh.601933,2024-10-08,EXACT,,
PV1_REV11_RANK50_TRAIN_V1,sh.603106,2024-10-08,EXACT,,
PV1_REV11_RANK50_TRAIN_V1,sz.002423,2024-10-08,EXACT,,
PV1_REV11_RANK50_TRAIN_V1,sz.002583,2024-10-08,EXACT,,
PV1_REV11_RANK50_TRAIN_V1,sz.300927,2024-10-08,EXACT,,
REV_vola_11,sh.600028,2024-10-08,EXACT,,
REV_vola_11,sh.600187,2024-10-08,EXACT,,
REV_vola_11,sh.600198,2024-10-08,EXACT,,
REV_vola_11,sh.600377,2024-10-08,EXACT,,
REV_vola_11,sh.600406,2024-10-08,EXACT,,
REV_vola_11,sh.600550,2024-10-08,EXACT,,
REV_vola_11,sh.600665,2024-10-08,EXACT,,
REV_vola_11,sh.601288,2024-10-08,EXACT,,
REV_vola_11,sh.601933,2024-10-08,EXACT,,
REV_vola_11,sh.603106,2024-10-08,EXACT,,
PV1_REV11_RANK50_TRAIN_V1,sh.600207,2024-11-01,EXACT,,
PV1_REV11_RANK50_TRAIN_V1,sh.603188,2024-11-01,EXACT,,
PV1_REV11_RANK50_TRAIN_V1,sh.688328,2024-11-01,EXACT,,
PV1_REV11_RANK50_TRAIN_V1,sh.688400,2024-11-01,EXACT,,
PV1_REV11_RANK50_TRAIN_V1,sh.688498,2024-11-01,EXACT,,
PV1_REV11_RANK50_TRAIN_V1,sz.000056,2024-11-01,EXACT,,
PV1_REV11_RANK50_TRAIN_V1,sz.000936,2024-11-01,EXACT,,
PV1_REV11_RANK50_TRAIN_V1,sz.300656,2024-11-01,EXACT,,
PV1_REV11_RANK50_TRAIN_V1,sz.301086,2024-11-01,EXACT,,
PV1_REV11_RANK50_TRAIN_V1,sz.301548,2024-11-01,EXACT,,
REV_vola_11,sh.688328,2024-11-01,EXACT,,
REV_vola_11,sh.688578,2024-11-01,EXACT,,
REV_vola_11,sz.000056,2024-11-01,EXACT,,
REV_vola_11,sz.003002,2024-11-01,EXACT,,
REV_vola_11,sz.300049,2024-11-01,EXACT,,
REV_vola_11,sz.300577,2024-11-01,EXACT,,
REV_vola_11,sz.300656,2024-11-01,EXACT,,
REV_vola_11,sz.300765,2024-11-01,EXACT,,
REV_vola_11,sz.300857,2024-11-01,EXACT,,
REV_vola_11,sz.301548,2024-11-01,EXACT,,
PV1_REV11_RANK50_TRAIN_V1,sh.600288,2024-12-02,EXACT,,
PV1_REV11_RANK50_TRAIN_V1,sz.000833,2024-12-02,EXACT,,
PV1_REV11_RANK50_TRAIN_V1,sz.002117,2024-12-02,EXACT,,
PV1_REV11_RANK50_TRAIN_V1,sz.002175,2024-12-02,EXACT,,
PV1_REV11_RANK50_TRAIN_V1,sz.002344,2024-12-02,EXACT,,
PV1_REV11_RANK50_TRAIN_V1,sz.002348,2024-12-02,EXACT,,
PV1_REV11_RANK50_TRAIN_V1,sz.002402,2024-12-02,EXACT,,
PV1_REV11_RANK50_TRAIN_V1,sz.002469,2024-12-02,EXACT,,
PV1_REV11_RANK50_TRAIN_V1,sz.002611,2024-12-02,EXACT,,
PV1_REV11_RANK50_TRAIN_V1,sz.002741,2024-12-02,EXACT,,
REV_vola_11,sh.600246,2024-12-02,EXACT,,
REV_vola_11,sh.601133,2024-12-02,EXACT,,
REV_vola_11,sh.603359,2024-12-02,EXACT,,
REV_vola_11,sz.002117,2024-12-02,EXACT,,
REV_vola_11,sz.002348,2024-12-02,EXACT,,
REV_vola_11,sz.002402,2024-12-02,EXACT,,
REV_vola_11,sz.002469,2024-12-02,EXACT,,
REV_vola_11,sz.002583,2024-12-02,EXACT,,
REV_vola_11,sz.002611,2024-12-02,EXACT,,
REV_vola_11,sz.301082,2024-12-02,EXACT,,
