year,trade_date,symbol,close,off_close,diff_fen
2015,2015-03-05,sz.000001,13.31,13.38,7.0
2015,2015-04-28,sz.000001,16.8,16.7,10.0
2015,2015-07-01,sz.000001,13.94,13.92,2.0
2015,2015-03-05,sz.000002,11.85,11.9,5.0
2015,2015-04-28,sz.000002,14.23,14.19,4.0
2015,2015-03-05,sz.000004,19.19,19.23,4.0
2015,2015-04-28,sz.000004,24.3,24.29,1.0
2015,2015-07-01,sz.000004,34.9,35.7,80.0
2015,2015-03-05,sz.000006,6.64,6.66,2.0
2015,2015-04-28,sz.000006,10.86,10.84,2.0
2015,2015-07-01,sz.000006,13.1,12.89,21.0
2015,2015-03-05,sz.000007,13.25,13.32,7.0
2015,2015-04-28,sz.000007,23.96,23.9,6.0
2015,2015-03-05,sz.000008,32.99,32.88,11.0
2015,2015-03-05,sz.000009,15.56,15.61,5.0
2015,2015-04-28,sz.000009,20.0,19.93,7.0
2015,2015-07-01,sz.000010,10.22,9.9,32.0
2015,2015-03-05,sz.000011,9.48,9.52,4.0
2015,2015-04-28,sz.000011,14.12,14.13,1.0
2015,2015-03-05,sz.000012,9.9,10.04,14.0
2015,2015-04-28,sz.000012,14.71,14.65,6.0
2015,2015-07-01,sz.000012,13.38,13.42,4.0
2015,2015-03-05,sz.000014,15.06,15.0,6.0
2015,2015-04-28,sz.000014,21.1,21.5,40.0
2015,2015-03-05,sz.000016,9.21,9.2,1.0
2015,2015-03-05,sz.000017,8.93,8.95,2.0
2015,2015-04-28,sz.000017,13.6,13.56,4.0
2015,2015-03-05,sz.000018,25.35,25.61,26.0
2015,2015-04-28,sz.000018,29.9,29.95,5.0
2015,2015-07-01,sz.000018,32.5,32.97,47.0
2015,2015-03-05,sz.000019,9.04,9.01,3.0
2015,2015-04-28,sz.000019,13.92,13.8,12.0
2015,2015-07-01,sz.000019,14.28,14.41,13.0
2015,2015-04-28,sz.000020,14.76,14.68,8.0
2015,2015-03-05,sz.000021,9.57,9.6,3.0
2015,2015-04-28,sz.000021,12.99,12.96,3.0
2015,2015-03-05,sz.000023,25.15,24.99,16.0
2015,2015-04-28,sz.000023,25.64,25.68,4.0
2015,2015-07-01,sz.000023,22.5,22.96,46.0
2015,2015-03-05,sz.000024,22.92,23.11,19.0
2015,2015-03-05,sz.000025,15.42,15.5,8.0
2015,2015-03-05,sz.000026,12.79,12.82,3.0
2015,2015-04-28,sz.000026,16.39,16.43,4.0
2015,2015-03-05,sz.000027,10.35,10.37,2.0
2015,2015-03-05,sz.000028,51.33,51.28,5.0
2015,2015-04-28,sz.000028,70.91,70.89,2.0
2015,2015-07-01,sz.000028,69.48,68.9,58.0
2015,2015-03-05,sz.000029,6.67,6.62,5.0
2015,2015-04-28,sz.000029,11.12,11.11,1.0
2015,2015-03-05,sz.000030,9.26,9.32,6.0
2015,2015-07-01,sz.000030,10.57,10.44,13.0
2015,2015-03-05,sz.000031,8.55,8.6,5.0
2015,2015-04-28,sz.000031,12.83,12.73,10.0
2015,2015-03-05,sz.000032,13.85,13.95,10.0
2015,2015-04-28,sz.000032,20.1,20.33,23.0
2015,2015-03-05,sz.000034,8.28,8.4,12.0
2015,2015-03-05,sz.000035,14.21,14.27,6.0
2015,2015-03-05,sz.000037,7.98,7.97,1.0
2015,2015-04-28,sz.000037,12.34,12.49,15.0
2015,2015-03-05,sz.000039,19.04,19.14,10.0
2015,2015-04-28,sz.000039,25.92,26.0,8.0
2015,2015-07-01,sz.000039,31.1,30.84,26.0
2015,2015-03-05,sz.000040,7.1,7.13,3.0
2015,2015-04-28,sz.000040,9.08,9.06,2.0
2015,2015-03-05,sz.000042,14.78,14.96,18.0
2015,2015-04-28,sz.000042,21.56,21.59,3.0
2015,2015-07-01,sz.000042,22.6,23.1,50.0
2015,2015-03-05,sz.000045,10.71,10.65,6.0
2015,2015-04-28,sz.000045,13.59,13.58,1.0
2015,2015-03-05,sz.000046,13.44,13.53,9.0
2015,2015-03-05,sz.000048,13.48,13.56,8.0
2015,2015-07-01,sz.000048,22.96,22.97,1.0
2015,2015-04-28,sz.000049,41.3,41.29,1.0
2015,2015-07-01,sz.000049,45.8,45.26,54.0
2015,2015-03-05,sz.000050,23.26,23.44,18.0
2015,2015-04-28,sz.000050,26.93,26.8,13.0
2015,2015-03-05,sz.000055,9.53,9.55,2.0
2015,2015-04-28,sz.000055,13.26,13.29,3.0
2015,2015-07-01,sz.000055,11.34,11.45,11.0
2015,2015-03-05,sz.000056,17.5,17.41,9.0
2015,2015-04-28,sz.000056,21.69,21.64,5.0
2015,2015-03-05,sz.000058,8.94,9.24,30.0
2015,2015-04-28,sz.000058,15.01,14.99,2.0
2015,2015-03-05,sz.000059,9.14,9.13,1.0
2015,2015-03-05,sz.000060,11.19,11.3,11.0
2015,2015-04-28,sz.000060,18.11,18.14,3.0
2015,2015-03-05,sz.000061,14.69,14.53,16.0
2015,2015-04-28,sz.000061,17.99,17.96,3.0
2015,2015-07-01,sz.000061,18.66,18.37,29.0
2015,2015-03-05,sz.000062,28.13,28.23,10.0
2015,2015-03-05,sz.000063,19.84,19.9,6.0
2015,2015-04-28,sz.000063,27.99,27.96,3.0
2015,2015-07-01,sz.000063,23.31,23.38,7.0
2015,2015-03-05,sz.000065,18.75,18.96,21.0
2015,2015-07-01,sz.000065,36.95,37.8,85.0
2015,2015-04-28,sz.000066,15.22,15.18,4.0
2015,2015-04-28,sz.000069,9.98,9.97,1.0
2015,2015-07-01,sz.000069,11.68,11.7,2.0
2015,2015-04-28,sz.000070,22.64,22.58,6.0
2015,2015-03-05,sz.000078,10.71,10.77,6.0
2015,2015-04-28,sz.000078,22.55,22.46,9.0
2015,2015-07-01,sz.000078,19.99,19.85,14.0
2015,2015-03-05,sz.000088,9.8,9.87,7.0
2015,2015-07-01,sz.000088,14.02,13.75,27.0
2015,2015-03-05,sz.000089,6.11,6.15,4.0
2015,2015-04-28,sz.000089,8.72,8.69,3.0
2015,2015-07-01,sz.000089,10.39,10.2,19.0
2015,2015-03-05,sz.000090,16.86,16.82,4.0
2015,2015-04-28,sz.000090,22.18,22.29,11.0
2015,2015-07-01,sz.000090,21.99,22.53,54.0
2015,2015-03-05,sz.000096,8.14,8.1,4.0
2015,2015-04-28,sz.000096,12.1,12.03,7.0
2015,2015-07-01,sz.000096,17.82,17.75,7.0
2015,2015-03-05,sz.000099,13.93,14.1,17.0
2015,2015-04-28,sz.000099,17.75,17.83,8.0
2015,2015-07-01,sz.000099,16.13,16.08,5.0
2015,2015-04-28,sz.000100,6.16,6.15,1.0
2015,2015-07-01,sz.000100,5.19,5.24,5.0
2015,2015-03-05,sz.000150,37.4,37.32,8.0
2015,2015-03-05,sz.000151,21.15,21.23,8.0
2015,2015-04-28,sz.000151,28.92,28.97,5.0
2015,2015-07-01,sz.000151,27.51,27.45,6.0
2015,2015-03-05,sz.000153,13.15,13.3,15.0
2015,2015-04-28,sz.000153,13.95,13.94,1.0
2015,2015-07-01,sz.000153,11.94,11.95,1.0
2015,2015-03-05,sz.000155,9.25,9.3,5.0
2015,2015-04-28,sz.000155,12.02,11.98,4.0
2015,2015-03-05,sz.000156,39.01,39.4,39.0
2015,2015-04-28,sz.000156,45.62,45.61,1.0
2015,2015-07-01,sz.000156,33.05,33.56,51.0
2015,2015-03-05,sz.000157,6.19,6.25,6.0
2015,2015-04-28,sz.000158,18.63,18.81,18.0
2015,2015-03-05,sz.000159,10.9,10.92,2.0
2015,2015-04-28,sz.000159,13.92,13.8,12.0
2015,2015-07-01,sz.000159,11.34,11.28,6.0
2015,2015-03-05,sz.000166,15.44,15.45,1.0
2015,2015-04-28,sz.000166,18.45,18.44,1.0
2015,2015-07-01,sz.000166,15.19,15.09,10.0
2015,2015-03-05,sz.000301,5.33,5.39,6.0
2015,2015-04-28,sz.000301,7.16,7.14,2.0
2015,2015-07-01,sz.000301,7.72,7.63,9.0
2015,2015-03-05,sz.000333,29.56,29.7,14.0
2015,2015-04-28,sz.000333,37.32,37.37,5.0
2015,2015-07-01,sz.000333,35.95,35.6,35.0
2015,2015-03-05,sz.000338,25.95,26.07,12.0
2015,2015-04-28,sz.000338,32.8,32.71,9.0
2015,2015-07-01,sz.000338,30.01,30.0,1.0
2015,2015-03-05,sz.000400,23.58,23.62,4.0
2015,2015-04-28,sz.000400,29.21,29.2,1.0
2015,2015-07-01,sz.000400,23.9,23.82,8.0
2015,2015-03-05,sz.000401,11.22,11.35,13.0
2015,2015-04-28,sz.000401,21.14,21.1,4.0
2015,2015-07-01,sz.000401,11.86,11.84,2.0
2015,2015-03-05,sz.000402,9.45,9.56,11.0
2015,2015-04-28,sz.000402,14.18,14.1,8.0
2015,2015-07-01,sz.000402,12.75,12.8,5.0
2015,2015-04-28,sz.000404,9.81,9.79,2.0
2015,2015-04-28,sz.000407,8.9,8.88,2.0
2015,2015-07-01,sz.000407,8.19,8.2,1.0
2015,2015-03-05,sz.000408,12.62,12.76,14.0
2015,2015-03-05,sz.000409,12.69,12.71,2.0
2015,2015-04-28,sz.000409,18.3,18.28,2.0
2015,2015-07-01,sz.000409,13.74,13.48,26.0
2015,2015-04-28,sz.000410,29.02,29.01,1.0
2015,2015-07-01,sz.000410,22.76,22.75,1.0
2015,2015-04-28,sz.000413,11.68,11.66,2.0
2015,2015-07-01,sz.000413,9.06,9.1,4.0
2015,2015-04-28,sz.000415,22.0,21.96,4.0
2015,2015-07-01,sz.000415,8.7,8.9,20.0
2015,2015-03-05,sz.000416,10.31,10.43,12.0
2015,2015-04-28,sz.000416,14.01,14.53,52.0
2015,2015-03-05,sz.000417,8.69,8.7,1.0
2015,2015-04-28,sz.000417,11.48,11.46,2.0
2015,2015-07-01,sz.000417,11.62,11.29,33.0
2015,2015-03-05,sz.000418,16.62,16.8,18.0
2015,2015-04-28,sz.000418,21.22,21.2,2.0
2015,2015-07-01,sz.000418,23.48,23.5,2.0
2015,2015-03-05,sz.000419,8.08,8.01,7.0
2015,2015-04-28,sz.000419,9.73,9.7,3.0
2015,2015-03-05,sz.000420,5.65,5.69,4.0
2015,2015-04-28,sz.000420,7.48,7.51,3.0
2015,2015-07-01,sz.000420,10.25,10.23,2.0
2015,2015-07-01,sz.000421,11.0,11.01,1.0
2015,2015-03-05,sz.000422,7.34,7.38,4.0
2015,2015-04-28,sz.000422,8.9,8.94,4.0
2015,2015-03-05,sz.000423,38.99,39.05,6.0
2015,2015-04-28,sz.000423,50.42,50.7,28.0
2015,2015-07-01,sz.000423,52.36,52.2,16.0
2015,2015-03-05,sz.000425,13.72,13.78,6.0
2015,2015-04-28,sz.000425,15.1,15.0,10.0
2015,2015-07-01,sz.000425,12.3,12.19,11.0
2015,2015-04-28,sz.000426,14.27,14.23,4.0
2015,2015-07-01,sz.000426,14.88,14.86,2.0
2015,2015-03-05,sz.000428,8.03,8.01,2.0
2015,2015-07-01,sz.000428,10.03,10.07,4.0
2015,2015-03-05,sz.000429,4.93,4.95,2.0
2015,2015-03-05,sz.000430,9.12,9.17,5.0
2015,2015-04-28,sz.000430,11.99,11.94,5.0
2015,2015-04-28,sz.000488,8.7,8.73,3.0
2015,2015-07-01,sz.000488,8.33,8.4,7.0
2015,2015-03-05,sz.000498,5.89,5.92,3.0
2015,2015-04-28,sz.000498,7.78,7.77,1.0
2015,2015-07-01,sz.000498,8.71,8.58,13.0
2015,2015-03-05,sz.000501,17.4,17.47,7.0
2015,2015-04-28,sz.000501,21.65,21.64,1.0
2015,2015-07-01,sz.000501,19.08,19.18,10.0
2015,2015-03-05,sz.000503,42.48,41.81,67.0
2015,2015-07-01,sz.000503,44.1,44.12,2.0
2015,2015-04-28,sz.000504,21.75,21.73,2.0
2015,2015-07-01,sz.000504,22.79,22.51,28.0
2015,2015-03-05,sz.000505,8.33,8.39,6.0
2015,2015-04-28,sz.000505,12.57,12.55,2.0
2015,2015-03-05,sz.000506,6.21,6.17,4.0
2015,2015-07-01,sz.000506,15.2,15.31,11.0
2015,2015-03-05,sz.000507,9.78,9.8,2.0
2015,2015-04-28,sz.000507,12.52,12.47,5.0
2015,2015-07-01,sz.000507,9.46,9.36,10.0
2015,2015-03-05,sz.000509,5.86,5.8,6.0
2015,2015-04-28,sz.000509,8.09,8.04,5.0
2015,2015-03-05,sz.000511,10.63,10.7,7.0
2015,2015-04-28,sz.000511,12.61,12.57,4.0
2015,2015-07-01,sz.000511,11.08,11.03,5.0
2015,2015-03-05,sz.000513,54.4,54.0,40.0
2015,2015-04-28,sz.000513,66.57,66.62,5.0
2015,2015-07-01,sz.000513,62.02,62.39,37.0
2015,2015-03-05,sz.000516,18.09,18.08,1.0
2015,2015-04-28,sz.000516,31.84,31.85,1.0
2015,2015-07-01,sz.000516,23.0,23.13,13.0
2015,2015-03-05,sz.000517,10.84,10.91,7.0
2015,2015-04-28,sz.000517,23.6,23.38,22.0
2015,2015-03-05,sz.000518,6.29,6.27,2.0
2015,2015-03-05,sz.000519,15.32,15.3,2.0
2015,2015-04-28,sz.000519,18.63,18.65,2.0
2015,2015-03-05,sz.000521,6.7,6.74,4.0
2015,2015-04-28,sz.000521,8.44,8.42,2.0
2015,2015-07-01,sz.000521,8.44,8.49,5.0
2015,2015-03-05,sz.000523,11.79,11.85,6.0
2015,2015-04-28,sz.000523,16.0,15.74,26.0
2015,2015-07-01,sz.000523,15.78,15.86,8.0
2015,2015-03-05,sz.000524,13.56,13.66,10.0
2015,2015-04-28,sz.000524,16.53,16.48,5.0
2015,2015-03-05,sz.000525,17.3,17.33,3.0
2015,2015-04-28,sz.000525,20.57,20.58,1.0
2015,2015-07-01,sz.000525,20.9,20.88,2.0
2015,2015-03-05,sz.000528,11.39,11.51,12.0
2015,2015-04-28,sz.000528,14.18,14.16,2.0
2015,2015-04-28,sz.000529,14.84,14.74,10.0
2015,2015-03-05,sz.000530,14.1,14.19,9.0
2015,2015-04-28,sz.000530,15.45,15.48,3.0
2015,2015-07-01,sz.000530,15.27,15.26,1.0
2015,2015-03-05,sz.000531,12.57,12.58,1.0
2015,2015-04-28,sz.000531,15.06,15.02,4.0
2015,2015-07-01,sz.000531,13.25,13.35,10.0
2015,2015-03-05,sz.000532,17.89,18.1,21.0
2015,2015-04-28,sz.000532,21.97,21.92,5.0
2015,2015-07-01,sz.000532,27.81,27.88,7.0
2015,2015-03-05,sz.000533,5.56,5.59,3.0
2015,2015-04-28,sz.000533,7.77,7.75,2.0
2015,2015-07-01,sz.000533,12.5,12.75,25.0
2015,2015-03-05,sz.000534,8.9,8.94,4.0
2015,2015-03-05,sz.000536,18.58,18.73,15.0
2015,2015-04-28,sz.000536,20.13,20.05,8.0
2015,2015-07-01,sz.000536,16.04,15.87,17.0
2015,2015-03-05,sz.000537,9.44,9.5,6.0
2015,2015-04-28,sz.000537,11.49,11.45,4.0
2015,2015-03-05,sz.000538,63.49,63.59,10.0
2015,2015-04-28,sz.000538,70.08,69.99,9.0
2015,2015-07-01,sz.000538,80.35,80.99,64.0
2015,2015-03-05,sz.000539,6.91,6.9,1.0
2015,2015-04-28,sz.000539,9.89,9.87,2.0
2015,2015-03-05,sz.000540,17.63,17.6,3.0
2015,2015-04-28,sz.000540,12.53,12.52,1.0
2015,2015-07-01,sz.000540,11.45,11.34,11.0
2015,2015-03-05,sz.000541,12.93,12.99,6.0
2015,2015-04-28,sz.000541,14.8,14.9,10.0
2015,2015-07-01,sz.000541,10.65,10.7,5.0
2015,2015-04-28,sz.000543,15.12,15.09,3.0
2015,2015-03-05,sz.000544,16.65,16.73,8.0
2015,2015-04-28,sz.000544,20.3,20.39,9.0
2015,2015-07-01,sz.000544,21.38,21.24,14.0
2015,2015-03-05,sz.000545,15.9,16.12,22.0
2015,2015-04-28,sz.000545,15.13,15.1,3.0
2015,2015-04-28,sz.000546,10.57,10.55,2.0
2015,2015-07-01,sz.000546,10.78,10.55,23.0
2015,2015-03-05,sz.000547,19.44,19.5,6.0
2015,2015-04-28,sz.000547,22.97,22.9,7.0
2015,2015-03-05,sz.000548,9.37,9.36,1.0
2015,2015-04-28,sz.000548,13.0,12.99,1.0
2015,2015-07-01,sz.000548,12.11,12.15,4.0
2015,2015-03-05,sz.000550,39.06,39.2,14.0
2015,2015-04-28,sz.000550,40.4,40.42,2.0
2015,2015-07-01,sz.000550,34.7,34.11,59.0
2015,2015-03-05,sz.000551,11.88,11.87,1.0
2015,2015-04-28,sz.000551,13.46,13.42,4.0
2015,2015-03-05,sz.000552,9.67,9.71,4.0
2015,2015-04-28,sz.000552,12.08,12.09,1.0
2015,2015-07-01,sz.000552,13.4,13.5,10.0
2015,2015-03-05,sz.000553,15.05,15.04,1.0
2015,2015-04-28,sz.000553,15.62,15.6,2.0
2015,2015-03-05,sz.000554,10.06,10.05,1.0
2015,2015-04-28,sz.000554,14.49,14.55,6.0
2015,2015-07-01,sz.000554,17.77,17.75,2.0
2015,2015-03-05,sz.000555,58.4,59.9,150.0
2015,2015-07-01,sz.000555,75.69,77.6,191.0
2015,2015-03-05,sz.000558,6.73,6.78,5.0
2015,2015-04-28,sz.000558,10.96,11.0,4.0
2015,2015-03-05,sz.000559,15.09,15.28,19.0
2015,2015-04-28,sz.000559,18.34,18.36,2.0
2015,2015-07-01,sz.000559,19.99,19.72,27.0
2015,2015-03-05,sz.000560,23.0,23.03,3.0
2015,2015-04-28,sz.000560,33.66,33.56,10.0
2015,2015-03-05,sz.000561,10.48,10.53,5.0
2015,2015-03-05,sz.000563,12.29,12.32,3.0
2015,2015-04-28,sz.000563,16.15,16.19,4.0
2015,2015-07-01,sz.000563,12.66,12.69,3.0
2015,2015-03-05,sz.000565,17.02,16.92,10.0
2015,2015-04-28,sz.000565,19.26,19.02,24.0
2015,2015-07-01,sz.000565,36.5,36.6,10.0
2015,2015-03-05,sz.000566,22.8,22.7,10.0
2015,2015-04-28,sz.000566,35.38,35.24,14.0
2015,2015-04-28,sz.000567,23.13,23.3,17.0
2015,2015-03-05,sz.000568,20.16,20.32,16.0
2015,2015-04-28,sz.000568,25.32,25.25,7.0
2015,2015-07-01,sz.000568,30.9,30.77,13.0
2015,2015-03-05,sz.000570,9.18,9.19,1.0
2015,2015-04-28,sz.000570,10.88,10.89,1.0
2015,2015-03-05,sz.000571,5.42,5.49,7.0
2015,2015-04-28,sz.000571,7.32,7.3,2.0
2015,2015-07-01,sz.000571,7.99,7.94,5.0
2015,2015-04-28,sz.000572,8.0,8.03,3.0
2015,2015-07-01,sz.000572,7.62,7.68,6.0
2015,2015-03-05,sz.000573,5.28,5.31,3.0
2015,2015-04-28,sz.000573,7.19,7.18,1.0
2015,2015-07-01,sz.000573,7.15,7.19,4.0
2015,2015-04-28,sz.000576,16.72,16.65,7.0
2015,2015-07-01,sz.000576,15.2,14.98,22.0
2015,2015-03-05,sz.000581,33.54,33.65,11.0
2015,2015-04-28,sz.000581,38.53,38.4,13.0
2015,2015-07-01,sz.000581,29.85,29.64,21.0
2015,2015-03-05,sz.000582,21.33,21.41,8.0
2015,2015-04-28,sz.000582,26.82,26.7,12.0
2015,2015-07-01,sz.000582,20.12,20.16,4.0
2015,2015-07-01,sz.000584,18.05,17.9,15.0
2015,2015-03-05,sz.000585,5.66,5.63,3.0
2015,2015-04-28,sz.000585,6.85,6.84,1.0
2015,2015-07-01,sz.000585,6.57,6.55,2.0
2015,2015-03-05,sz.000586,12.95,13.0,5.0
2015,2015-07-01,sz.000587,20.83,20.82,1.0
2015,2015-03-05,sz.000589,7.19,7.2,1.0
2015,2015-04-28,sz.000589,9.69,9.65,4.0
2015,2015-07-01,sz.000589,10.63,10.61,2.0
2015,2015-03-05,sz.000590,16.08,16.15,7.0
2015,2015-04-28,sz.000590,24.91,24.99,8.0
2015,2015-04-28,sz.000591,24.77,24.72,5.0
2015,2015-07-01,sz.000591,20.1,20.0,10.0
2015,2015-03-05,sz.000592,20.45,20.58,13.0
2015,2015-04-28,sz.000592,23.35,23.59,24.0
2015,2015-03-05,sz.000595,12.34,12.3,4.0
2015,2015-04-28,sz.000595,12.74,12.7,4.0
2015,2015-03-05,sz.000596,32.15,32.14,1.0
2015,2015-04-28,sz.000596,37.78,37.7,8.0
2015,2015-07-01,sz.000596,44.5,44.3,20.0
2015,2015-03-05,sz.000597,11.45,11.66,21.0
2015,2015-04-28,sz.000597,13.55,13.52,3.0
2015,2015-07-01,sz.000597,11.56,11.53,3.0
2015,2015-07-01,sz.000598,9.0,8.92,8.0
2015,2015-03-05,sz.000599,6.47,6.44,3.0
2015,2015-04-28,sz.000599,10.84,10.83,1.0
2015,2015-03-05,sz.000600,9.94,9.99,5.0
2015,2015-07-01,sz.000600,13.76,13.75,1.0
2015,2015-03-05,sz.000601,6.25,6.26,1.0
2015,2015-04-28,sz.000601,9.11,9.1,1.0
2015,2015-07-01,sz.000601,8.65,8.59,6.0
2015,2015-04-28,sz.000605,22.1,22.11,1.0
2015,2015-07-01,sz.000605,23.56,23.47,9.0
2015,2015-04-28,sz.000606,10.7,10.65,5.0
2015,2015-07-01,sz.000606,11.05,10.7,35.0
2015,2015-07-01,sz.000607,13.99,13.3,69.0
2015,2015-03-05,sz.000608,4.72,4.75,3.0
2015,2015-04-28,sz.000608,6.62,6.61,1.0
2015,2015-03-05,sz.000609,15.08,15.09,1.0
2015,2015-03-05,sz.000610,13.61,13.49,12.0
2015,2015-04-28,sz.000610,14.66,14.6,6.0
2015,2015-07-01,sz.000610,14.82,14.66,16.0
2015,2015-04-28,sz.000611,8.36,8.32,4.0
2015,2015-07-01,sz.000611,10.0,9.85,15.0
2015,2015-03-05,sz.000612,10.59,10.63,4.0
2015,2015-07-01,sz.000612,10.01,10.16,15.0
2015,2015-03-05,sz.000613,8.57,8.48,9.0
2015,2015-04-28,sz.000613,13.3,13.42,12.0
2015,2015-03-05,sz.000617,11.68,11.7,2.0
2015,2015-04-28,sz.000617,15.07,15.04,3.0
2015,2015-07-01,sz.000617,13.95,14.0,5.0
2015,2015-03-05,sz.000619,10.03,10.07,4.0
2015,2015-04-28,sz.000619,13.74,13.73,1.0
2015,2015-03-05,sz.000620,8.37,8.52,15.0
2015,2015-04-28,sz.000620,10.36,10.38,2.0
2015,2015-07-01,sz.000620,12.55,12.69,14.0
2015,2015-03-05,sz.000622,8.02,8.0,2.0
2015,2015-03-05,sz.000623,31.28,31.46,18.0
2015,2015-04-28,sz.000623,39.36,39.24,12.0
2015,2015-07-01,sz.000623,31.38,31.15,23.0
2015,2015-03-05,sz.000625,20.05,20.29,24.0
2015,2015-07-01,sz.000625,20.4,20.51,11.0
2015,2015-03-05,sz.000627,9.36,9.3,6.0
2015,2015-04-28,sz.000627,13.2,13.13,7.0
2015,2015-07-01,sz.000627,10.05,10.1,5.0
2015,2015-03-05,sz.000628,10.52,10.5,2.0
2015,2015-04-28,sz.000628,13.01,13.02,1.0
2015,2015-03-05,sz.000629,3.12,3.15,3.0
2015,2015-04-28,sz.000629,5.32,5.31,1.0
2015,2015-07-01,sz.000629,4.94,4.91,3.0
2015,2015-03-05,sz.000630,16.32,16.52,20.0
2015,2015-03-05,sz.000631,6.91,6.93,2.0
2015,2015-04-28,sz.000631,11.28,11.29,1.0
2015,2015-07-01,sz.000631,7.3,7.32,2.0
2015,2015-03-05,sz.000632,6.95,6.87,8.0
2015,2015-04-28,sz.000632,10.29,10.38,9.0
2015,2015-03-05,sz.000635,12.53,12.6,7.0
2015,2015-04-28,sz.000635,14.94,14.88,6.0
2015,2015-07-01,sz.000635,13.28,13.3,2.0
2015,2015-03-05,sz.000637,7.85,7.79,6.0
2015,2015-04-28,sz.000637,11.7,11.73,3.0
2015,2015-07-01,sz.000637,12.77,12.83,6.0
2015,2015-03-05,sz.000638,6.76,6.79,3.0
2015,2015-04-28,sz.000638,15.1,15.06,4.0
2015,2015-03-05,sz.000639,20.75,20.71,4.0
2015,2015-04-28,sz.000639,13.72,13.66,6.0
2015,2015-07-01,sz.000639,21.55,21.8,25.0
2015,2015-03-05,sz.000650,9.94,9.95,1.0
2015,2015-04-28,sz.000650,12.58,12.57,1.0
2015,2015-03-05,sz.000651,39.05,39.3,25.0
2015,2015-07-01,sz.000651,60.86,60.81,5.0
2015,2015-03-05,sz.000652,7.64,7.67,3.0
2015,2015-04-28,sz.000652,10.89,10.86,3.0
2015,2015-03-05,sz.000655,12.3,12.38,8.0
2015,2015-03-05,sz.000656,16.37,16.38,1.0
2015,2015-04-28,sz.000656,27.2,27.14,6.0
2015,2015-07-01,sz.000656,6.31,6.34,3.0
2015,2015-03-05,sz.000657,16.51,16.59,8.0
2015,2015-04-28,sz.000657,20.95,21.0,5.0
2015,2015-07-01,sz.000657,18.77,18.82,5.0
2015,2015-03-05,sz.000659,4.67,4.69,2.0
2015,2015-07-01,sz.000659,5.22,5.35,13.0
2015,2015-03-05,sz.000661,98.12,98.8,68.0
2015,2015-04-28,sz.000661,123.65,122.99,66.0
2015,2015-07-01,sz.000661,123.3,127.0,370.0
2015,2015-03-05,sz.000662,10.7,10.79,9.0
2015,2015-04-28,sz.000662,22.2,22.16,4.0
2015,2015-04-28,sz.000663,17.87,17.8,7.0
2015,2015-03-05,sz.000665,18.15,17.93,22.0
2015,2015-04-28,sz.000665,19.83,19.8,3.0
2015,2015-03-05,sz.000666,18.48,18.5,2.0
2015,2015-04-28,sz.000666,22.58,22.61,3.0
2015,2015-03-05,sz.000667,3.08,3.09,1.0
2015,2015-04-28,sz.000667,5.88,6.01,13.0
2015,2015-07-01,sz.000667,6.07,6.05,2.0
2015,2015-03-05,sz.000668,14.24,14.34,10.0
2015,2015-04-28,sz.000668,23.01,22.96,5.0
2015,2015-03-05,sz.000669,32.96,32.9,6.0
2015,2015-04-28,sz.000669,35.79,35.84,5.0
2015,2015-03-05,sz.000670,13.12,13.04,8.0
2015,2015-04-28,sz.000670,13.37,13.43,6.0
2015,2015-03-05,sz.000671,16.04,16.3,26.0
2015,2015-04-28,sz.000671,21.79,21.6,19.0
2015,2015-03-05,sz.000672,7.96,7.98,2.0
2015,2015-03-05,sz.000673,18.23,18.3,7.0
2015,2015-04-28,sz.000673,25.37,25.45,8.0
2015,2015-07-01,sz.000673,29.88,29.85,3.0
2015,2015-03-05,sz.000678,7.49,7.5,1.0
2015,2015-04-28,sz.000678,10.07,10.03,4.0
2015,2015-07-01,sz.000678,9.97,9.89,8.0
2015,2015-03-05,sz.000679,7.78,7.83,5.0
2015,2015-04-28,sz.000679,10.85,10.82,3.0
2015,2015-03-05,sz.000680,7.88,7.98,10.0
2015,2015-04-28,sz.000680,10.0,9.94,6.0
2015,2015-07-01,sz.000680,8.0,7.99,1.0
2015,2015-03-05,sz.000681,34.05,33.54,51.0
2015,2015-04-28,sz.000681,39.68,39.37,31.0
2015,2015-07-01,sz.000681,37.6,38.0,40.0
2015,2015-03-05,sz.000682,5.48,5.49,1.0
2015,2015-04-28,sz.000682,7.65,7.64,1.0
2015,2015-07-01,sz.000682,7.48,7.49,1.0
2015,2015-03-05,sz.000683,5.53,5.54,1.0
2015,2015-04-28,sz.000683,7.46,7.45,1.0
2015,2015-03-05,sz.000685,22.76,22.65,11.0
2015,2015-04-28,sz.000685,28.38,28.25,13.0
2015,2015-07-01,sz.000685,28.33,28.1,23.0
2015,2015-03-05,sz.000686,18.18,18.21,3.0
2015,2015-04-28,sz.000686,25.19,25.16,3.0
2015,2015-07-01,sz.000686,18.02,17.98,4.0
2015,2015-03-05,sz.000688,7.59,7.62,3.0
2015,2015-04-28,sz.000688,9.68,9.66,2.0
2015,2015-03-05,sz.000690,6.42,6.45,3.0
2015,2015-04-28,sz.000690,9.6,9.56,4.0
2015,2015-07-01,sz.000690,11.94,12.12,18.0
2015,2015-03-05,sz.000691,6.81,6.8,1.0
2015,2015-07-01,sz.000692,8.73,8.77,4.0
2015,2015-04-28,sz.000693,26.41,26.25,16.0
2015,2015-03-05,sz.000695,18.98,18.93,5.0
2015,2015-04-28,sz.000695,20.39,20.33,6.0
2015,2015-07-01,sz.000695,22.29,23.8,151.0
2015,2015-03-05,sz.000697,22.0,21.99,1.0
2015,2015-04-28,sz.000697,30.6,30.57,3.0
2015,2015-03-05,sz.000698,5.54,5.56,2.0
2015,2015-04-28,sz.000698,7.78,7.77,1.0
2015,2015-03-05,sz.000701,13.87,13.99,12.0
2015,2015-04-28,sz.000701,17.9,17.92,2.0
2015,2015-03-05,sz.000702,10.2,10.26,6.0
2015,2015-04-28,sz.000702,13.18,13.28,10.0
2015,2015-03-05,sz.000703,10.61,10.59,2.0
2015,2015-04-28,sz.000703,14.65,14.7,5.0
2015,2015-07-01,sz.000703,12.01,12.02,1.0
2015,2015-03-05,sz.000705,12.82,12.84,2.0
2015,2015-04-28,sz.000705,15.99,16.12,13.0
2015,2015-03-05,sz.000707,6.06,6.09,3.0
2015,2015-04-28,sz.000707,7.69,7.68,1.0
2015,2015-03-05,sz.000708,10.32,10.35,3.0
2015,2015-04-28,sz.000708,14.54,14.5,4.0
2015,2015-03-05,sz.000709,3.41,3.44,3.0
2015,2015-04-28,sz.000709,5.62,5.58,4.0
2015,2015-03-05,sz.000710,14.0,13.8,20.0
2015,2015-04-28,sz.000710,23.08,23.1,2.0
2015,2015-03-05,sz.000711,17.96,17.99,3.0
2015,2015-04-28,sz.000711,16.45,16.55,10.0
2015,2015-03-05,sz.000712,34.99,35.2,21.0
2015,2015-04-28,sz.000712,47.75,47.7,5.0
2015,2015-07-01,sz.000712,31.69,31.67,2.0
2015,2015-03-05,sz.000713,10.89,10.9,1.0
2015,2015-04-28,sz.000713,13.18,13.14,4.0
2015,2015-07-01,sz.000713,12.85,12.78,7.0
2015,2015-03-05,sz.000716,15.9,15.97,7.0
2015,2015-04-28,sz.000716,19.18,19.11,7.0
2015,2015-03-05,sz.000717,5.94,5.85,9.0
2015,2015-04-28,sz.000717,6.42,6.41,1.0
2015,2015-07-01,sz.000717,6.75,6.77,2.0
2015,2015-03-05,sz.000718,6.75,6.8,5.0
2015,2015-04-28,sz.000718,12.07,12.02,5.0
2015,2015-07-01,sz.000718,13.71,13.9,19.0
2015,2015-07-01,sz.000719,20.95,20.9,5.0
2015,2015-04-28,sz.000720,9.17,9.25,8.0
2015,2015-04-28,sz.000721,8.71,8.67,4.0
2015,2015-07-01,sz.000721,12.5,12.36,14.0
2015,2015-04-28,sz.000722,17.0,16.85,15.0
2015,2015-07-01,sz.000722,20.3,20.43,13.0
2015,2015-03-05,sz.000723,8.3,8.38,8.0
2015,2015-04-28,sz.000723,10.43,10.44,1.0
2015,2015-07-01,sz.000723,16.35,16.15,20.0
2015,2015-03-05,sz.000725,3.2,3.21,1.0
2015,2015-04-28,sz.000725,4.53,4.52,1.0
2015,2015-07-01,sz.000725,4.94,4.92,2.0
2015,2015-03-05,sz.000726,11.88,11.97,9.0
2015,2015-04-28,sz.000726,14.4,14.41,1.0
2015,2015-07-01,sz.000726,13.25,13.35,10.0
2015,2015-03-05,sz.000727,9.12,9.23,11.0
2015,2015-04-28,sz.000727,10.92,10.91,1.0
2015,2015-03-05,sz.000728,33.51,33.52,1.0
2015,2015-04-28,sz.000728,36.75,36.67,8.0
2015,2015-03-05,sz.000729,8.18,8.24,6.0
2015,2015-04-28,sz.000729,10.3,10.29,1.0
2015,2015-07-01,sz.000729,9.46,9.4,6.0
2015,2015-03-05,sz.000731,10.85,11.0,15.0
2015,2015-04-28,sz.000731,15.45,15.54,9.0
2015,2015-03-05,sz.000732,21.32,21.33,1.0
2015,2015-04-28,sz.000732,31.5,31.49,1.0
2015,2015-04-28,sz.000733,22.99,23.25,26.0
2015,2015-03-05,sz.000735,7.83,7.87,4.0
2015,2015-04-28,sz.000735,9.58,9.54,4.0
2015,2015-07-01,sz.000735,8.58,8.5,8.0
2015,2015-03-05,sz.000736,10.68,10.75,7.0
2015,2015-04-28,sz.000736,16.22,16.25,3.0
2015,2015-07-01,sz.000736,14.05,13.98,7.0
2015,2015-03-05,sz.000737,5.6,5.63,3.0
2015,2015-04-28,sz.000737,7.1,7.08,2.0
2015,2015-03-05,sz.000738,19.38,19.33,5.0
2015,2015-04-28,sz.000738,29.06,28.95,11.0
2015,2015-07-01,sz.000738,29.87,29.84,3.0
2015,2015-03-05,sz.000739,8.64,8.63,1.0
2015,2015-04-28,sz.000739,11.65,11.6,5.0
2015,2015-07-01,sz.000739,9.3,9.26,4.0
2015,2015-03-05,sz.000748,44.41,44.82,41.0
2015,2015-04-28,sz.000748,49.04,48.9,14.0
2015,2015-03-05,sz.000750,16.97,16.95,2.0
2015,2015-04-28,sz.000750,20.19,20.26,7.0
2015,2015-07-01,sz.000750,15.21,15.12,9.0
2015,2015-03-05,sz.000751,6.29,6.3,1.0
2015,2015-04-28,sz.000751,9.11,9.12,1.0
2015,2015-07-01,sz.000751,9.68,9.72,4.0
2015,2015-03-05,sz.000752,16.49,16.38,11.0
2015,2015-04-28,sz.000752,18.04,17.97,7.0
2015,2015-03-05,sz.000753,7.29,7.34,5.0
2015,2015-04-28,sz.000753,11.51,11.52,1.0
2015,2015-07-01,sz.000753,7.33,7.32,1.0
2015,2015-03-05,sz.000756,8.9,8.95,5.0
2015,2015-04-28,sz.000756,14.01,14.0,1.0
2015,2015-07-01,sz.000756,11.1,10.95,15.0
2015,2015-03-05,sz.000757,8.3,8.39,9.0
2015,2015-04-28,sz.000757,11.06,11.02,4.0
2015,2015-07-01,sz.000757,12.76,12.58,18.0
2015,2015-03-05,sz.000758,15.91,16.03,12.0
2015,2015-04-28,sz.000758,25.11,25.01,10.0
2015,2015-07-01,sz.000758,18.24,18.15,9.0
2015,2015-03-05,sz.000759,8.86,8.88,2.0
2015,2015-04-28,sz.000759,10.64,10.62,2.0
2015,2015-07-01,sz.000759,11.4,11.29,11.0
2015,2015-03-05,sz.000760,13.45,13.47,2.0
2015,2015-03-05,sz.000761,5.43,5.44,1.0
2015,2015-04-28,sz.000761,6.91,6.86,5.0
2015,2015-03-05,sz.000762,17.3,17.22,8.0
2015,2015-04-28,sz.000762,19.12,19.21,9.0
2015,2015-03-05,sz.000766,7.73,7.79,6.0
2015,2015-03-05,sz.000767,5.01,5.06,5.0
2015,2015-04-28,sz.000767,8.19,8.17,2.0
2015,2015-07-01,sz.000767,8.53,8.48,5.0
2015,2015-03-05,sz.000768,25.92,26.11,19.0
2015,2015-04-28,sz.000768,32.29,32.24,5.0
2015,2015-07-01,sz.000768,42.03,42.7,67.0
2015,2015-03-05,sz.000776,22.92,22.94,2.0
2015,2015-07-01,sz.000776,21.09,21.14,5.0
2015,2015-03-05,sz.000777,33.52,33.55,3.0
2015,2015-04-28,sz.000777,41.58,41.55,3.0
2015,2015-07-01,sz.000777,30.7,31.03,33.0
2015,2015-03-05,sz.000778,5.63,5.64,1.0
2015,2015-04-28,sz.000778,7.79,7.75,4.0
2015,2015-03-05,sz.000779,13.18,13.29,11.0
2015,2015-04-28,sz.000779,19.65,19.68,3.0
2015,2015-07-01,sz.000779,17.1,16.8,30.0
2015,2015-03-05,sz.000780,6.01,6.02,1.0
2015,2015-07-01,sz.000780,8.39,8.38,1.0
2015,2015-03-05,sz.000782,10.51,10.45,6.0
2015,2015-04-28,sz.000782,15.34,15.18,16.0
2015,2015-03-05,sz.000783,14.3,14.37,7.0
2015,2015-07-01,sz.000783,13.26,13.33,7.0
2015,2015-03-05,sz.000785,9.1,9.12,2.0
2015,2015-04-28,sz.000785,11.95,11.93,2.0
2015,2015-07-01,sz.000785,14.83,14.45,38.0
2015,2015-03-05,sz.000786,24.71,24.78,7.0
2015,2015-03-05,sz.000788,18.56,18.49,7.0
2015,2015-04-28,sz.000788,20.34,20.35,1.0
2015,2015-03-05,sz.000789,13.18,13.28,10.0
2015,2015-04-28,sz.000789,17.26,17.25,1.0
2015,2015-07-01,sz.000789,9.67,9.6,7.0
2015,2015-03-05,sz.000790,12.68,12.78,10.0
2015,2015-04-28,sz.000790,17.74,17.76,2.0
2015,2015-07-01,sz.000790,13.9,13.89,1.0
2015,2015-03-05,sz.000791,12.58,12.65,7.0
2015,2015-04-28,sz.000791,14.32,14.31,1.0
2015,2015-03-05,sz.000792,27.15,27.22,7.0
2015,2015-04-28,sz.000792,29.14,28.96,18.0
2015,2015-07-01,sz.000792,26.49,27.01,52.0
2015,2015-03-05,sz.000793,14.34,14.43,9.0
2015,2015-04-28,sz.000793,15.82,15.78,4.0
2015,2015-03-05,sz.000795,11.09,11.12,3.0
2015,2015-04-28,sz.000795,13.25,13.27,2.0
2015,2015-07-01,sz.000796,22.4,22.79,39.0
2015,2015-03-05,sz.000797,16.48,16.63,15.0
2015,2015-04-28,sz.000797,25.0,24.99,1.0
2015,2015-03-05,sz.000798,10.84,10.86,2.0
2015,2015-03-05,sz.000799,14.98,15.03,5.0
2015,2015-04-28,sz.000799,18.72,18.71,1.0
2015,2015-03-05,sz.000800,18.68,18.76,8.0
2015,2015-04-28,sz.000800,21.78,21.79,1.0
2015,2015-07-01,sz.000800,22.44,22.39,5.0
2015,2015-03-05,sz.000801,21.11,20.94,17.0
2015,2015-04-28,sz.000801,27.08,27.1,2.0
2015,2015-03-05,sz.000802,17.24,17.3,6.0
2015,2015-04-28,sz.000802,19.25,19.21,4.0
2015,2015-07-01,sz.000802,29.0,29.8,80.0
2015,2015-04-28,sz.000803,28.02,28.01,1.0
2015,2015-03-05,sz.000806,9.27,9.29,2.0
2015,2015-04-28,sz.000806,19.9,19.87,3.0
2015,2015-03-05,sz.000807,7.96,7.94,2.0
2015,2015-04-28,sz.000807,9.35,9.33,2.0
2015,2015-07-01,sz.000807,7.59,7.56,3.0
2015,2015-03-05,sz.000809,10.96,10.95,1.0
2015,2015-04-28,sz.000809,12.92,12.86,6.0
2015,2015-07-01,sz.000809,10.35,10.31,4.0
2015,2015-03-05,sz.000810,28.52,28.18,34.0
2015,2015-07-01,sz.000810,24.88,25.4,52.0
2015,2015-03-05,sz.000811,13.55,13.53,2.0
2015,2015-07-01,sz.000811,14.3,14.21,9.0
2015,2015-03-05,sz.000812,9.94,10.09,15.0
2015,2015-04-28,sz.000812,12.23,12.22,1.0
2015,2015-04-28,sz.000813,11.0,10.99,1.0
2015,2015-03-05,sz.000815,10.12,10.16,4.0
2015,2015-04-28,sz.000815,18.6,18.56,4.0
2015,2015-03-05,sz.000816,8.2,8.39,19.0
2015,2015-04-28,sz.000816,12.27,12.3,3.0
2015,2015-04-28,sz.000818,6.68,6.65,3.0
2015,2015-03-05,sz.000819,20.9,21.03,13.0
2015,2015-04-28,sz.000819,40.46,40.43,3.0
2015,2015-03-05,sz.000820,10.3,10.39,9.0
2015,2015-04-28,sz.000820,15.55,15.57,2.0
2015,2015-03-05,sz.000821,14.32,14.07,25.0
2015,2015-04-28,sz.000821,16.7,16.64,6.0
2015,2015-07-01,sz.000821,21.8,23.93,213.0
2015,2015-03-05,sz.000822,6.76,6.85,9.0
2015,2015-04-28,sz.000822,8.66,8.63,3.0
2015,2015-07-01,sz.000822,8.27,8.24,3.0
2015,2015-03-05,sz.000823,12.5,12.55,5.0
2015,2015-07-01,sz.000823,12.24,12.22,2.0
2015,2015-03-05,sz.000825,4.86,4.92,6.0
2015,2015-04-28,sz.000825,7.56,7.5,6.0
2015,2015-07-01,sz.000825,6.66,6.77,11.0
2015,2015-03-05,sz.000826,28.68,28.65,3.0
2015,2015-04-28,sz.000826,39.23,39.21,2.0
2015,2015-07-01,sz.000826,36.67,37.0,33.0
2015,2015-04-28,sz.000828,14.55,14.45,10.0
2015,2015-07-01,sz.000828,14.24,14.17,7.0
2015,2015-04-28,sz.000829,18.03,18.11,8.0
2015,2015-03-05,sz.000830,5.63,5.64,1.0
2015,2015-04-28,sz.000830,7.74,7.73,1.0
2015,2015-03-05,sz.000831,32.13,32.21,8.0
2015,2015-04-28,sz.000831,36.64,36.65,1.0
2015,2015-07-01,sz.000831,23.04,23.02,2.0
2015,2015-03-05,sz.000833,9.75,9.74,1.0
2015,2015-04-28,sz.000833,13.81,13.82,1.0
2015,2015-03-05,sz.000835,10.33,10.44,11.0
2015,2015-04-28,sz.000835,14.74,14.75,1.0
2015,2015-03-05,sz.000836,13.04,12.87,17.0
2015,2015-04-28,sz.000836,16.11,16.1,1.0
2015,2015-03-05,sz.000837,12.43,12.48,5.0
2015,2015-04-28,sz.000837,14.06,14.05,1.0
2015,2015-07-01,sz.000837,15.12,15.04,8.0
2015,2015-03-05,sz.000838,12.96,13.04,8.0
2015,2015-07-01,sz.000838,20.39,21.1,71.0
2015,2015-03-05,sz.000839,14.9,14.88,2.0
2015,2015-04-28,sz.000839,18.71,18.69,2.0
2015,2015-03-05,sz.000848,20.83,20.95,12.0
2015,2015-04-28,sz.000848,26.07,26.05,2.0
2015,2015-07-01,sz.000848,17.61,17.69,8.0
2015,2015-03-05,sz.000850,7.55,7.59,4.0
2015,2015-04-28,sz.000850,11.11,11.08,3.0
2015,2015-03-05,sz.000851,14.09,14.2,11.0
2015,2015-04-28,sz.000851,16.74,16.68,6.0
2015,2015-03-05,sz.000852,23.31,23.55,24.0
2015,2015-04-28,sz.000852,27.99,28.3,31.0
2015,2015-03-05,sz.000856,9.01,9.05,4.0
2015,2015-03-05,sz.000858,20.6,20.73,13.0
2015,2015-04-28,sz.000858,26.22,26.16,6.0
2015,2015-07-01,sz.000858,30.48,30.66,18.0
2015,2015-03-05,sz.000859,7.2,7.3,10.0
2015,2015-04-28,sz.000859,12.45,12.52,7.0
2015,2015-04-28,sz.000860,25.06,25.08,2.0
2015,2015-07-01,sz.000860,21.7,21.76,6.0
2015,2015-03-05,sz.000861,12.98,13.01,3.0
2015,2015-04-28,sz.000861,15.79,15.8,1.0
2015,2015-07-01,sz.000861,19.36,19.34,2.0
2015,2015-03-05,sz.000862,8.5,8.55,5.0
2015,2015-04-28,sz.000862,10.67,10.65,2.0
2015,2015-03-05,sz.000868,6.69,6.66,3.0
2015,2015-04-28,sz.000868,11.18,11.16,2.0
2015,2015-07-01,sz.000868,9.14,9.11,3.0
2015,2015-03-05,sz.000869,34.89,35.0,11.0
2015,2015-04-28,sz.000869,44.27,44.25,2.0
2015,2015-07-01,sz.000869,46.64,47.07,43.0
2015,2015-07-01,sz.000875,11.86,11.66,20.0
2015,2015-03-05,sz.000876,19.61,19.48,13.0
2015,2015-04-28,sz.000876,22.51,22.5,1.0
2015,2015-07-01,sz.000876,18.3,18.49,19.0
2015,2015-03-05,sz.000877,9.35,9.37,2.0
2015,2015-04-28,sz.000877,13.2,13.19,1.0
2015,2015-07-01,sz.000877,10.61,10.65,4.0
2015,2015-03-05,sz.000878,13.64,13.67,3.0
2015,2015-04-28,sz.000878,17.38,17.27,11.0
2015,2015-03-05,sz.000880,13.97,14.09,12.0
2015,2015-04-28,sz.000880,16.68,16.72,4.0
2015,2015-03-05,sz.000881,9.49,9.5,1.0
2015,2015-03-05,sz.000882,3.65,3.67,2.0
2015,2015-04-28,sz.000882,6.91,6.9,1.0
2015,2015-07-01,sz.000883,7.86,7.85,1.0
2015,2015-03-05,sz.000885,10.92,11.06,14.0
2015,2015-04-28,sz.000885,13.29,13.25,4.0
2015,2015-03-05,sz.000886,4.87,4.88,1.0
2015,2015-04-28,sz.000887,23.28,23.35,7.0
2015,2015-03-05,sz.000888,22.98,22.85,13.0
2015,2015-04-28,sz.000888,28.39,28.36,3.0
2015,2015-07-01,sz.000888,14.57,14.4,17.0
2015,2015-03-05,sz.000890,8.74,8.8,6.0
2015,2015-03-05,sz.000892,8.33,8.41,8.0
2015,2015-03-05,sz.000893,12.76,12.81,5.0
2015,2015-04-28,sz.000893,16.63,16.61,2.0
2015,2015-03-05,sz.000895,33.17,33.37,20.0
2015,2015-04-28,sz.000895,39.09,39.03,6.0
2015,2015-07-01,sz.000895,20.3,20.27,3.0
2015,2015-03-05,sz.000897,7.58,7.65,7.0
2015,2015-04-28,sz.000897,8.83,8.81,2.0
2015,2015-03-05,sz.000898,5.31,5.35,4.0
2015,2015-04-28,sz.000898,7.75,7.69,6.0
2015,2015-07-01,sz.000898,7.05,6.98,7.0
2015,2015-04-28,sz.000899,11.22,11.2,2.0
2015,2015-07-01,sz.000899,13.83,13.82,1.0
2015,2015-03-05,sz.000900,7.55,7.59,4.0
2015,2015-04-28,sz.000900,10.22,10.18,4.0
2015,2015-07-01,sz.000900,9.6,9.57,3.0
2015,2015-03-05,sz.000901,33.39,33.7,31.0
2015,2015-04-28,sz.000901,42.29,42.31,2.0
2015,2015-07-01,sz.000901,62.05,61.42,63.0
2015,2015-03-05,sz.000902,17.76,18.04,28.0
2015,2015-04-28,sz.000902,25.9,25.8,10.0
2015,2015-07-01,sz.000902,27.18,27.2,2.0
2015,2015-03-05,sz.000903,8.13,8.16,3.0
2015,2015-04-28,sz.000903,9.61,9.63,2.0
2015,2015-03-05,sz.000905,16.74,16.96,22.0
2015,2015-04-28,sz.000905,23.11,23.12,1.0
2015,2015-07-01,sz.000905,14.0,14.05,5.0
2015,2015-03-05,sz.000906,16.19,16.04,15.0
2015,2015-04-28,sz.000906,23.89,23.87,2.0
2015,2015-03-05,sz.000908,16.68,16.74,6.0
2015,2015-04-28,sz.000908,19.08,19.1,2.0
2015,2015-07-01,sz.000908,17.62,17.9,28.0
2015,2015-03-05,sz.000909,12.2,12.18,2.0
2015,2015-07-01,sz.000909,15.19,15.18,1.0
2015,2015-03-05,sz.000910,14.19,14.13,6.0
2015,2015-04-28,sz.000910,13.7,13.8,10.0
2015,2015-07-01,sz.000910,15.73,16.0,27.0
2015,2015-03-05,sz.000911,10.38,10.36,2.0
2015,2015-04-28,sz.000911,16.79,16.75,4.0
2015,2015-07-01,sz.000911,15.97,15.9,7.0
2015,2015-03-05,sz.000912,9.42,9.58,16.0
2015,2015-03-05,sz.000913,7.02,7.07,5.0
2015,2015-04-28,sz.000913,9.11,9.1,1.0
2015,2015-07-01,sz.000913,9.89,9.84,5.0
2015,2015-03-05,sz.000915,34.37,34.54,17.0
2015,2015-04-28,sz.000915,40.2,40.03,17.0
2015,2015-07-01,sz.000915,51.1,50.4,70.0
2015,2015-03-05,sz.000916,5.7,5.72,2.0
2015,2015-07-01,sz.000916,7.81,7.96,15.0
2015,2015-03-05,sz.000917,21.06,21.16,10.0
2015,2015-04-28,sz.000917,27.86,27.9,4.0
2015,2015-03-05,sz.000918,5.84,6.0,16.0
2015,2015-04-28,sz.000918,6.82,6.78,4.0
2015,2015-07-01,sz.000918,6.95,7.02,7.0
2015,2015-03-05,sz.000919,15.16,15.17,1.0
2015,2015-07-01,sz.000919,18.42,18.37,5.0
2015,2015-03-05,sz.000920,20.9,20.93,3.0
2015,2015-04-28,sz.000920,24.66,24.94,28.0
2015,2015-03-05,sz.000921,9.68,9.73,5.0
2015,2015-04-28,sz.000921,11.18,11.1,8.0
2015,2015-07-01,sz.000921,11.37,11.4,3.0
2015,2015-03-05,sz.000922,16.2,16.23,3.0
2015,2015-04-28,sz.000922,17.65,17.56,9.0
2015,2015-03-05,sz.000923,11.63,11.67,4.0
2015,2015-04-28,sz.000923,25.73,25.9,17.0
2015,2015-07-01,sz.000923,25.0,24.3,70.0
2015,2015-03-05,sz.000925,22.67,22.8,13.0
2015,2015-04-28,sz.000925,25.2,25.12,8.0
2015,2015-07-01,sz.000925,24.85,24.9,5.0
2015,2015-03-05,sz.000926,10.3,10.39,9.0
2015,2015-04-28,sz.000926,12.9,12.88,2.0
2015,2015-07-01,sz.000926,12.83,12.77,6.0
2015,2015-03-05,sz.000927,7.41,7.45,4.0
2015,2015-04-28,sz.000927,9.67,9.69,2.0
2015,2015-03-05,sz.000928,14.78,15.18,40.0
2015,2015-07-01,sz.000928,24.1,24.21,11.0
2015,2015-03-05,sz.000929,11.9,12.02,12.0
2015,2015-07-01,sz.000929,21.5,21.15,35.0
2015,2015-03-05,sz.000930,8.99,8.92,7.0
2015,2015-04-28,sz.000931,12.23,12.16,7.0
2015,2015-03-05,sz.000932,3.66,3.68,2.0
2015,2015-04-28,sz.000932,5.09,5.08,1.0
2015,2015-04-28,sz.000933,7.59,7.56,3.0
2015,2015-07-01,sz.000933,8.58,8.51,7.0
2015,2015-03-05,sz.000935,7.36,7.37,1.0
2015,2015-07-01,sz.000935,8.3,8.25,5.0
2015,2015-03-05,sz.000936,7.13,7.11,2.0
2015,2015-04-28,sz.000936,11.92,11.9,2.0
2015,2015-07-01,sz.000936,15.28,15.08,20.0
2015,2015-03-05,sz.000937,7.69,7.72,3.0
2015,2015-07-01,sz.000937,7.47,7.44,3.0
2015,2015-03-05,sz.000939,13.43,13.48,5.0
2015,2015-04-28,sz.000939,16.76,16.72,4.0
2015,2015-07-01,sz.000939,13.25,13.19,6.0
2015,2015-03-05,sz.000949,5.1,5.15,5.0
2015,2015-04-28,sz.000950,8.73,8.68,5.0
2015,2015-03-05,sz.000951,18.26,18.38,12.0
2015,2015-04-28,sz.000951,22.89,22.8,9.0
2015,2015-07-01,sz.000951,26.73,26.6,13.0
2015,2015-03-05,sz.000952,12.96,12.98,2.0
2015,2015-04-28,sz.000952,17.52,17.42,10.0
2015,2015-07-01,sz.000952,15.0,15.1,10.0
2015,2015-03-05,sz.000953,8.16,8.19,3.0
2015,2015-04-28,sz.000953,10.46,10.41,5.0
2015,2015-03-05,sz.000955,5.87,5.88,1.0
2015,2015-04-28,sz.000955,8.9,8.88,2.0
2015,2015-03-05,sz.000957,16.49,16.5,1.0
2015,2015-04-28,sz.000957,18.52,18.49,3.0
2015,2015-07-01,sz.000957,23.88,24.1,22.0
2015,2015-04-28,sz.000958,23.43,23.32,11.0
2015,2015-07-01,sz.000958,28.0,30.0,200.0
2015,2015-04-28,sz.000960,22.2,22.07,13.0
2015,2015-03-05,sz.000961,12.67,12.8,13.0
2015,2015-04-28,sz.000961,18.08,18.04,4.0
2015,2015-07-01,sz.000961,19.37,19.7,33.0
2015,2015-03-05,sz.000962,12.58,12.53,5.0
2015,2015-04-28,sz.000962,14.81,14.79,2.0
2015,2015-07-01,sz.000962,13.62,14.0,38.0
2015,2015-03-05,sz.000963,54.43,54.97,54.0
2015,2015-04-28,sz.000963,68.72,68.73,1.0
2015,2015-03-05,sz.000965,9.82,9.85,3.0
2015,2015-04-28,sz.000965,12.25,12.16,9.0
2015,2015-03-05,sz.000966,10.93,10.95,2.0
2015,2015-04-28,sz.000966,15.96,15.95,1.0
2015,2015-04-28,sz.000967,23.26,23.2,6.0
2015,2015-04-28,sz.000968,11.6,11.58,2.0
2015,2015-07-01,sz.000968,11.37,11.31,6.0
2015,2015-04-28,sz.000969,14.82,14.8,2.0
2015,2015-03-05,sz.000970,18.52,18.7,18.0
2015,2015-04-28,sz.000970,22.7,22.71,1.0
2015,2015-04-28,sz.000971,28.52,28.42,10.0
2015,2015-03-05,sz.000972,5.91,5.96,5.0
2015,2015-04-28,sz.000972,8.71,8.65,6.0
2015,2015-03-05,sz.000973,7.62,7.55,7.0
2015,2015-03-05,sz.000975,19.07,19.28,21.0
2015,2015-04-28,sz.000975,21.53,21.3,23.0
2015,2015-07-01,sz.000975,15.52,15.51,1.0
2015,2015-03-05,sz.000977,51.9,52.15,25.0
2015,2015-04-28,sz.000977,32.9,32.89,1.0
2015,2015-07-01,sz.000977,27.26,27.93,67.0
2015,2015-04-28,sz.000978,13.35,13.26,9.0
2015,2015-03-05,sz.000979,5.27,5.3,3.0
2015,2015-04-28,sz.000979,7.21,7.19,2.0
2015,2015-03-05,sz.000980,6.72,6.73,1.0
2015,2015-04-28,sz.000980,8.39,8.36,3.0
2015,2015-07-01,sz.000980,9.06,9.1,4.0
2015,2015-03-05,sz.000981,13.29,13.24,5.0
2015,2015-04-28,sz.000981,18.68,18.79,11.0
2015,2015-07-01,sz.000981,26.35,26.23,12.0
2015,2015-04-28,sz.000983,9.5,9.48,2.0
2015,2015-07-01,sz.000983,8.83,8.84,1.0
2015,2015-02-09,sz.000985,14.94,14.96,2.0
2015,2015-03-05,sz.000985,16.66,16.63,3.0
2015,2015-04-28,sz.000985,21.5,21.51,1.0
2015,2015-07-01,sz.000985,23.35,23.17,18.0
2015,2015-03-05,sz.000987,20.11,20.13,2.0
2015,2015-04-28,sz.000987,29.42,29.39,3.0
2015,2015-07-01,sz.000987,26.04,26.38,34.0
2015,2015-03-05,sz.000988,13.13,13.22,9.0
2015,2015-04-28,sz.000988,15.87,15.84,3.0
2015,2015-07-01,sz.000988,16.64,16.72,8.0
2015,2015-07-01,sz.000989,30.6,30.46,14.0
2015,2015-03-05,sz.000993,9.21,9.22,1.0
2015,2015-04-28,sz.000993,11.33,11.2,13.0
2015,2015-03-05,sz.000997,36.88,36.91,3.0
2015,2015-04-28,sz.000997,37.11,37.22,11.0
2015,2015-07-01,sz.000997,25.8,25.35,45.0
2015,2015-03-05,sz.000998,20.32,20.33,1.0
2015,2015-04-28,sz.000998,25.58,25.74,16.0
2015,2015-07-01,sz.000998,26.32,26.29,3.0
2015,2015-03-05,sz.000999,24.11,24.1,1.0
2015,2015-04-28,sz.000999,30.06,30.0,6.0
2015,2015-07-01,sz.000999,29.2,29.17,3.0
2015,2015-03-05,sz.001696,10.9,10.91,1.0
2015,2015-04-28,sz.001696,22.4,22.37,3.0
2015,2015-03-05,sz.001896,12.08,12.23,15.0
2015,2015-04-28,sz.001896,15.94,15.97,3.0
2015,2015-07-01,sz.001896,18.28,18.0,28.0
2015,2015-03-05,sz.002001,15.73,15.76,3.0
2015,2015-04-28,sz.002001,19.78,19.7,8.0
2015,2015-03-05,sz.002002,13.55,13.8,25.0
2015,2015-04-28,sz.002002,20.99,20.9,9.0
2015,2015-03-05,sz.002003,11.2,11.24,4.0
2015,2015-04-28,sz.002003,14.75,14.71,4.0
2015,2015-03-05,sz.002004,24.61,25.0,39.0
2015,2015-04-28,sz.002004,32.39,32.21,18.0
2015,2015-07-01,sz.002004,12.4,12.5,10.0
2015,2015-03-05,sz.002005,9.09,9.12,3.0
2015,2015-07-01,sz.002005,10.39,10.33,6.0
2015,2015-04-28,sz.002006,11.66,11.64,2.0
2015,2015-07-01,sz.002006,10.56,10.53,3.0
2015,2015-03-05,sz.002007,38.25,38.0,25.0
2015,2015-04-28,sz.002007,53.71,53.7,1.0
2015,2015-07-01,sz.002007,43.8,44.5,70.0
2015,2015-03-05,sz.002008,18.99,19.16,17.0
2015,2015-04-28,sz.002008,27.15,27.7,55.0
2015,2015-07-01,sz.002008,27.48,27.7,22.0
2015,2015-03-05,sz.002009,22.67,22.43,24.0
2015,2015-04-28,sz.002009,27.33,27.29,4.0
2015,2015-07-01,sz.002009,22.35,22.67,32.0
2015,2015-03-05,sz.002011,11.99,12.02,3.0
2015,2015-04-28,sz.002011,17.02,17.1,8.0
2015,2015-07-01,sz.002011,13.29,13.22,7.0
2015,2015-04-28,sz.002012,9.81,9.85,4.0
2015,2015-03-05,sz.002013,28.24,28.07,17.0
2015,2015-04-28,sz.002013,32.3,32.18,12.0
2015,2015-03-05,sz.002014,9.82,9.84,2.0
2015,2015-04-28,sz.002014,12.57,12.55,2.0
2015,2015-07-01,sz.002014,22.33,22.5,17.0
2015,2015-03-05,sz.002016,10.61,10.6,1.0
2015,2015-04-28,sz.002016,13.88,13.9,2.0
2015,2015-07-01,sz.002016,13.5,13.69,19.0
2015,2015-03-05,sz.002017,16.83,16.93,10.0
2015,2015-04-28,sz.002017,21.27,21.2,7.0
2015,2015-07-01,sz.002017,19.59,19.57,2.0
2015,2015-04-28,sz.002018,24.9,24.78,12.0
2015,2015-03-05,sz.002019,28.49,28.47,2.0
2015,2015-04-28,sz.002019,33.87,33.85,2.0
2015,2015-07-01,sz.002019,30.87,31.2,33.0
2015,2015-03-05,sz.002020,20.46,20.47,1.0
2015,2015-03-05,sz.002022,31.56,31.03,53.0
2015,2015-04-28,sz.002022,36.26,36.1,16.0
2015,2015-03-05,sz.002023,26.04,26.13,9.0
2015,2015-04-28,sz.002023,32.87,32.85,2.0
2015,2015-07-01,sz.002023,20.62,21.17,55.0
2015,2015-03-05,sz.002024,12.09,12.24,15.0
2015,2015-04-28,sz.002024,12.92,12.93,1.0
2015,2015-07-01,sz.002024,14.98,15.16,18.0
2015,2015-03-05,sz.002025,22.15,22.26,11.0
2015,2015-04-28,sz.002025,26.97,26.94,3.0
2015,2015-07-01,sz.002025,23.6,23.61,1.0
2015,2015-03-05,sz.002026,10.28,10.34,6.0
2015,2015-04-28,sz.002026,13.37,13.36,1.0
2015,2015-07-01,sz.002026,11.44,11.5,6.0
2015,2015-04-28,sz.002027,12.17,12.19,2.0
2015,2015-03-05,sz.002028,14.7,14.75,5.0
2015,2015-04-28,sz.002028,18.97,19.0,3.0
2015,2015-07-01,sz.002028,16.88,16.83,5.0
2015,2015-03-05,sz.002029,11.19,11.32,13.0
2015,2015-04-28,sz.002029,14.63,14.73,10.0
2015,2015-03-05,sz.002030,36.69,36.36,33.0
2015,2015-04-28,sz.002030,50.25,50.09,16.0
2015,2015-03-05,sz.002031,16.54,16.74,20.0
2015,2015-04-28,sz.002031,17.15,17.1,5.0
2015,2015-03-05,sz.002032,18.65,18.75,10.0
2015,2015-03-05,sz.002033,15.82,15.89,7.0
2015,2015-04-28,sz.002033,23.9,23.84,6.0
2015,2015-04-28,sz.002034,33.5,33.7,20.0
2015,2015-03-05,sz.002035,13.88,13.91,3.0
2015,2015-04-28,sz.002035,16.28,16.29,1.0
2015,2015-07-01,sz.002035,15.26,15.2,6.0
2015,2015-07-01,sz.002036,20.35,20.1,25.0
2015,2015-07-01,sz.002037,37.03,36.8,23.0
2015,2015-03-05,sz.002038,45.04,45.17,13.0
2015,2015-04-28,sz.002038,52.23,52.35,12.0
2015,2015-07-01,sz.002038,54.99,54.89,10.0
2015,2015-02-02,sz.002039,13.72,13.68,4.0
2015,2015-03-05,sz.002039,14.08,14.11,3.0
2015,2015-04-28,sz.002039,16.78,16.71,7.0
2015,2015-07-01,sz.002039,22.0,21.77,23.0
2015,2015-03-05,sz.002040,18.51,18.76,25.0
2015,2015-04-28,sz.002040,18.56,18.5,6.0
2015,2015-07-01,sz.002040,16.55,16.65,10.0
2015,2015-03-05,sz.002041,34.3,34.24,6.0
2015,2015-04-28,sz.002041,41.7,41.61,9.0
2015,2015-07-01,sz.002041,17.2,17.5,30.0
2015,2015-03-05,sz.002042,6.1,6.11,1.0
2015,2015-04-28,sz.002042,9.65,9.6,5.0
2015,2015-07-01,sz.002042,12.8,13.34,54.0
2015,2015-03-05,sz.002043,7.24,7.26,2.0
2015,2015-04-28,sz.002044,38.93,38.87,6.0
2015,2015-03-05,sz.002045,8.28,8.33,5.0
2015,2015-04-28,sz.002045,9.41,9.4,1.0
2015,2015-03-05,sz.002046,11.24,11.31,7.0
2015,2015-04-28,sz.002046,14.07,14.15,8.0
2015,2015-07-01,sz.002046,12.62,12.66,4.0
2015,2015-03-05,sz.002047,9.24,9.15,9.0
2015,2015-07-01,sz.002047,11.51,11.57,6.0
2015,2015-03-05,sz.002048,15.21,15.26,5.0
2015,2015-04-28,sz.002048,23.17,23.15,2.0
2015,2015-07-01,sz.002048,20.5,20.74,24.0
2015,2015-03-05,sz.002049,33.6,33.68,8.0
2015,2015-04-28,sz.002049,37.41,37.38,3.0
2015,2015-03-05,sz.002050,15.79,15.74,5.0
2015,2015-04-28,sz.002050,11.03,11.0,3.0
2015,2015-07-01,sz.002050,10.5,10.38,12.0
2015,2015-03-05,sz.002051,27.34,27.75,41.0
2015,2015-04-28,sz.002051,35.14,35.23,9.0
2015,2015-03-05,sz.002052,11.73,11.81,8.0
2015,2015-04-28,sz.002052,14.18,14.0,18.0
2015,2015-03-05,sz.002053,18.88,18.9,2.0
2015,2015-07-01,sz.002053,26.2,26.27,7.0
2015,2015-03-05,sz.002054,9.93,9.96,3.0
2015,2015-04-28,sz.002054,15.04,15.15,11.0
2015,2015-03-05,sz.002055,15.85,15.99,14.0
2015,2015-04-28,sz.002055,31.98,32.0,2.0
2015,2015-03-05,sz.002056,25.94,26.01,7.0
2015,2015-04-28,sz.002056,29.56,29.67,11.0
2015,2015-07-01,sz.002056,28.88,28.5,38.0
2015,2015-03-05,sz.002058,13.71,13.89,18.0
2015,2015-04-28,sz.002058,16.24,16.23,1.0
2015,2015-07-01,sz.002058,19.03,19.19,16.0
2015,2015-03-05,sz.002059,13.63,14.0,37.0
2015,2015-04-28,sz.002059,20.58,20.55,3.0
2015,2015-07-01,sz.002059,11.01,11.2,19.0
2015,2015-03-05,sz.002060,7.73,7.76,3.0
2015,2015-03-05,sz.002061,7.31,7.4,9.0
2015,2015-04-28,sz.002061,12.76,12.81,5.0
2015,2015-03-05,sz.002062,6.08,6.12,4.0
2015,2015-04-28,sz.002062,9.97,10.0,3.0
2015,2015-03-05,sz.002063,24.65,24.81,16.0
2015,2015-04-28,sz.002063,38.19,38.18,1.0
2015,2015-07-01,sz.002063,29.17,28.97,20.0
2015,2015-03-05,sz.002064,11.84,11.88,4.0
2015,2015-04-28,sz.002064,16.32,16.26,6.0
2015,2015-07-01,sz.002064,8.39,8.32,7.0
2015,2015-03-05,sz.002065,28.51,28.73,22.0
2015,2015-07-01,sz.002065,26.1,26.3,20.0
2015,2015-03-05,sz.002066,12.78,12.92,14.0
2015,2015-04-28,sz.002066,15.99,16.1,11.0
2015,2015-07-01,sz.002066,22.61,21.81,80.0
2015,2015-03-05,sz.002067,4.02,4.03,1.0
2015,2015-04-28,sz.002067,6.05,6.04,1.0
2015,2015-03-05,sz.002068,9.18,9.24,6.0
2015,2015-04-28,sz.002068,9.34,9.32,2.0
2015,2015-03-05,sz.002069,13.43,13.51,8.0
2015,2015-04-28,sz.002071,23.5,23.4,10.0
2015,2015-03-05,sz.002072,17.48,17.5,2.0
2015,2015-04-28,sz.002072,25.47,25.5,3.0
2015,2015-07-01,sz.002072,18.9,18.7,20.0
2015,2015-03-05,sz.002073,15.6,15.64,4.0
2015,2015-04-28,sz.002073,17.86,17.82,4.0
2015,2015-07-01,sz.002073,23.19,23.14,5.0
2015,2015-03-05,sz.002074,28.65,28.2,45.0
2015,2015-03-05,sz.002075,9.97,10.15,18.0
2015,2015-04-28,sz.002075,16.06,16.09,3.0
2015,2015-03-05,sz.002076,13.51,13.54,3.0
2015,2015-04-28,sz.002076,16.44,16.42,2.0
2015,2015-03-05,sz.002077,11.66,11.71,5.0
2015,2015-04-28,sz.002077,16.56,16.45,11.0
2015,2015-03-05,sz.002078,4.7,4.68,2.0
2015,2015-04-28,sz.002078,6.49,6.48,1.0
2015,2015-04-28,sz.002079,10.38,10.36,2.0
2015,2015-07-01,sz.002079,9.82,9.8,2.0
2015,2015-03-05,sz.002080,15.93,15.99,6.0
2015,2015-03-05,sz.002081,26.67,26.8,13.0
2015,2015-04-28,sz.002081,30.16,30.01,15.0
2015,2015-07-01,sz.002081,25.47,25.43,4.0
2015,2015-03-05,sz.002082,10.76,10.78,2.0
2015,2015-04-28,sz.002082,13.15,13.14,1.0
2015,2015-07-01,sz.002082,13.0,12.95,5.0
2015,2015-03-05,sz.002083,6.02,6.03,1.0
2015,2015-04-28,sz.002083,7.4,7.38,2.0
2015,2015-07-01,sz.002083,8.37,8.3,7.0
2015,2015-03-05,sz.002084,15.83,15.73,10.0
2015,2015-04-28,sz.002084,14.45,14.41,4.0
2015,2015-04-28,sz.002085,48.89,49.29,40.0
2015,2015-07-01,sz.002085,57.3,57.0,30.0
2015,2015-03-05,sz.002086,15.9,15.81,9.0
2015,2015-04-28,sz.002086,20.66,20.58,8.0
2015,2015-07-01,sz.002086,21.4,21.35,5.0
2015,2015-03-05,sz.002087,5.49,5.53,4.0
2015,2015-04-28,sz.002087,7.35,7.34,1.0
2015,2015-07-01,sz.002087,7.66,7.78,12.0
2015,2015-03-05,sz.002088,13.07,13.15,8.0
2015,2015-04-28,sz.002088,15.36,15.37,1.0
2015,2015-07-01,sz.002088,16.0,16.26,26.0
2015,2015-03-05,sz.002089,16.35,16.51,16.0
2015,2015-04-28,sz.002089,19.23,19.17,6.0
2015,2015-03-05,sz.002090,16.94,17.0,6.0
2015,2015-04-28,sz.002090,32.1,32.28,18.0
2015,2015-03-05,sz.002091,18.29,18.36,7.0
2015,2015-04-28,sz.002091,20.28,20.24,4.0
2015,2015-03-05,sz.002092,8.83,8.85,2.0
2015,2015-04-28,sz.002092,10.71,10.65,6.0
2015,2015-07-01,sz.002092,9.4,9.34,6.0
2015,2015-03-05,sz.002093,8.19,8.22,3.0
2015,2015-07-01,sz.002093,14.9,14.8,10.0
2015,2015-03-05,sz.002094,15.73,15.64,9.0
2015,2015-04-28,sz.002094,18.0,17.99,1.0
2015,2015-03-05,sz.002095,86.82,85.6,122.0
2015,2015-04-28,sz.002095,80.39,80.55,16.0
2015,2015-03-05,sz.002096,12.8,12.7,10.0
2015,2015-04-28,sz.002096,20.6,20.57,3.0
2015,2015-07-01,sz.002096,30.6,30.79,19.0
2015,2015-03-05,sz.002097,11.33,11.67,34.0
2015,2015-04-28,sz.002097,14.6,14.54,6.0
2015,2015-03-05,sz.002098,20.75,20.51,24.0
2015,2015-04-28,sz.002098,27.8,27.78,2.0
2015,2015-07-01,sz.002098,14.26,14.2,6.0
2015,2015-03-05,sz.002099,10.8,10.7,10.0
2015,2015-04-28,sz.002099,19.0,18.98,2.0
2015,2015-07-01,sz.002099,23.8,24.0,20.0
2015,2015-04-28,sz.002100,20.84,20.8,4.0
2015,2015-07-01,sz.002100,10.56,10.54,2.0
2015,2015-03-05,sz.002101,18.9,19.0,10.0
2015,2015-04-28,sz.002101,27.48,27.55,7.0
2015,2015-04-28,sz.002102,14.79,14.7,9.0
2015,2015-03-05,sz.002103,19.71,19.62,9.0
2015,2015-04-28,sz.002103,23.97,24.1,13.0
2015,2015-03-05,sz.002104,16.56,16.62,6.0
2015,2015-07-01,sz.002104,22.13,22.0,13.0
2015,2015-03-05,sz.002105,8.95,8.98,3.0
2015,2015-04-28,sz.002105,10.37,10.39,2.0
2015,2015-03-05,sz.002106,14.21,14.22,1.0
2015,2015-03-05,sz.002107,39.65,39.95,30.0
2015,2015-04-28,sz.002107,35.43,35.56,13.0
2015,2015-07-01,sz.002107,32.88,33.25,37.0
2015,2015-03-05,sz.002108,22.18,21.88,30.0
2015,2015-04-28,sz.002108,22.02,21.99,3.0
2015,2015-07-01,sz.002108,14.75,14.6,15.0
2015,2015-03-05,sz.002109,6.95,6.93,2.0
2015,2015-04-28,sz.002109,9.18,9.17,1.0
2015,2015-03-05,sz.002110,7.36,7.38,2.0
2015,2015-03-05,sz.002111,18.78,18.85,7.0
2015,2015-04-28,sz.002111,27.4,27.49,9.0
2015,2015-07-01,sz.002111,31.61,31.6,1.0
2015,2015-03-05,sz.002112,12.36,12.38,2.0
2015,2015-04-28,sz.002112,16.17,16.18,1.0
2015,2015-04-28,sz.002113,24.71,24.59,12.0
2015,2015-07-01,sz.002113,25.25,25.53,28.0
2015,2015-03-05,sz.002114,16.64,16.72,8.0
2015,2015-03-05,sz.002115,10.14,10.15,1.0
2015,2015-04-28,sz.002115,15.68,15.6,8.0
2015,2015-03-05,sz.002116,17.45,17.55,10.0
2015,2015-03-05,sz.002117,24.32,24.31,1.0
2015,2015-04-28,sz.002117,30.42,30.53,11.0
2015,2015-03-05,sz.002118,18.52,18.63,11.0
2015,2015-04-28,sz.002118,20.11,20.1,1.0
2015,2015-03-05,sz.002120,15.08,15.19,11.0
2015,2015-04-28,sz.002120,21.58,21.5,8.0
2015,2015-03-05,sz.002121,17.86,17.88,2.0
2015,2015-07-01,sz.002121,29.85,30.36,51.0
2015,2015-03-05,sz.002122,7.89,8.0,11.0
2015,2015-04-28,sz.002122,10.69,10.65,4.0
2015,2015-07-01,sz.002122,9.59,9.63,4.0
2015,2015-04-28,sz.002123,18.93,18.98,5.0
2015,2015-03-05,sz.002124,11.7,11.6,10.0
2015,2015-04-28,sz.002124,17.45,17.44,1.0
2015,2015-07-01,sz.002124,18.31,18.7,39.0
2015,2015-03-05,sz.002125,12.12,12.25,13.0
2015,2015-07-01,sz.002125,18.17,18.16,1.0
2015,2015-03-05,sz.002126,15.25,15.29,4.0
2015,2015-04-28,sz.002126,18.89,18.95,6.0
2015,2015-07-01,sz.002126,18.56,18.82,26.0
2015,2015-03-05,sz.002127,9.06,9.08,2.0
2015,2015-04-28,sz.002127,11.31,11.37,6.0
2015,2015-03-05,sz.002128,9.94,10.0,6.0
2015,2015-04-28,sz.002128,14.03,13.96,7.0
2015,2015-07-01,sz.002128,15.31,15.09,22.0
2015,2015-03-05,sz.002129,25.94,26.2,26.0
2015,2015-04-28,sz.002129,50.15,50.08,7.0
2015,2015-07-01,sz.002129,18.79,19.1,31.0
2015,2015-03-05,sz.002130,14.5,14.57,7.0
2015,2015-04-28,sz.002130,21.18,21.17,1.0
2015,2015-07-01,sz.002130,19.06,18.86,20.0
2015,2015-03-05,sz.002132,6.78,6.8,2.0
2015,2015-04-28,sz.002132,8.22,8.21,1.0
2015,2015-03-05,sz.002133,5.92,5.94,2.0
2015,2015-04-28,sz.002133,8.23,8.28,5.0
2015,2015-03-05,sz.002134,9.86,9.9,4.0
2015,2015-04-28,sz.002134,13.31,13.23,8.0
2015,2015-03-05,sz.002135,7.13,7.16,3.0
2015,2015-04-28,sz.002135,10.7,10.65,5.0
2015,2015-07-01,sz.002135,11.21,11.13,8.0
2015,2015-03-05,sz.002136,12.94,12.97,3.0
2015,2015-04-28,sz.002136,15.07,15.03,4.0
2015,2015-07-01,sz.002136,12.59,12.53,6.0
2015,2015-03-05,sz.002137,8.95,9.02,7.0
2015,2015-03-05,sz.002138,23.97,24.08,11.0
2015,2015-07-01,sz.002138,13.82,13.83,1.0
2015,2015-03-05,sz.002139,16.66,16.72,6.0
2015,2015-07-01,sz.002139,21.53,21.8,27.0
2015,2015-07-01,sz.002140,22.59,22.7,11.0
2015,2015-03-05,sz.002141,16.28,16.4,12.0
2015,2015-04-28,sz.002141,22.69,22.76,7.0
2015,2015-07-01,sz.002141,21.04,21.0,4.0
2015,2015-03-05,sz.002142,13.89,13.95,6.0
2015,2015-04-28,sz.002142,20.51,20.42,9.0
2015,2015-07-01,sz.002142,20.36,20.39,3.0
2015,2015-04-28,sz.002143,24.54,24.6,6.0
2015,2015-07-01,sz.002143,30.5,30.11,39.0
2015,2015-03-05,sz.002144,21.3,21.35,5.0
2015,2015-04-28,sz.002144,28.46,28.42,4.0
2015,2015-07-01,sz.002144,35.6,35.5,10.0
2015,2015-03-05,sz.002145,15.03,15.05,2.0
2015,2015-07-01,sz.002145,18.56,18.58,2.0
2015,2015-03-05,sz.002146,14.87,14.98,11.0
2015,2015-04-28,sz.002146,21.98,21.97,1.0
2015,2015-07-01,sz.002146,12.4,12.5,10.0
2015,2015-03-05,sz.002147,10.8,10.82,2.0
2015,2015-04-28,sz.002147,15.8,15.84,4.0
2015,2015-03-05,sz.002148,23.05,23.18,13.0
2015,2015-04-28,sz.002148,26.87,26.75,12.0
2015,2015-07-01,sz.002148,20.53,20.57,4.0
2015,2015-03-05,sz.002149,19.65,19.63,2.0
2015,2015-04-28,sz.002149,23.66,23.59,7.0
2015,2015-07-01,sz.002149,25.65,25.61,4.0
2015,2015-03-05,sz.002150,9.63,9.69,6.0
2015,2015-04-28,sz.002150,14.15,14.1,5.0
2015,2015-03-05,sz.002151,41.4,41.6,20.0
2015,2015-04-28,sz.002151,49.56,49.52,4.0
2015,2015-07-01,sz.002151,48.08,48.85,77.0
2015,2015-04-28,sz.002152,40.06,40.0,6.0
2015,2015-07-01,sz.002152,31.1,31.58,48.0
2015,2015-03-05,sz.002153,93.5,93.81,31.0
2015,2015-04-28,sz.002153,120.32,120.75,43.0
2015,2015-07-01,sz.002153,118.76,117.0,176.0
2015,2015-03-05,sz.002154,11.89,11.95,6.0
2015,2015-04-28,sz.002154,17.68,17.61,7.0
2015,2015-07-01,sz.002154,8.42,8.4,2.0
2015,2015-04-28,sz.002155,13.66,13.61,5.0
2015,2015-07-01,sz.002155,11.45,11.59,14.0
2015,2015-03-05,sz.002156,11.03,11.0,3.0
2015,2015-04-28,sz.002156,14.43,14.4,3.0
2015,2015-07-01,sz.002156,17.27,17.71,44.0
2015,2015-07-01,sz.002157,17.75,17.99,24.0
2015,2015-03-05,sz.002158,18.82,19.01,19.0
2015,2015-07-01,sz.002158,22.35,22.51,16.0
2015,2015-03-05,sz.002160,8.51,8.58,7.0
2015,2015-07-01,sz.002160,13.09,13.4,31.0
2015,2015-03-05,sz.002161,12.64,12.65,1.0
2015,2015-07-01,sz.002161,21.06,20.39,67.0
2015,2015-03-05,sz.002162,9.23,9.35,12.0
2015,2015-04-28,sz.002162,10.27,10.3,3.0
2015,2015-07-01,sz.002162,9.66,9.57,9.0
2015,2015-04-28,sz.002163,11.36,11.39,3.0
2015,2015-03-05,sz.002164,7.09,7.23,14.0
2015,2015-07-01,sz.002164,14.84,14.91,7.0
2015,2015-03-05,sz.002165,7.57,7.58,1.0
2015,2015-04-28,sz.002165,8.64,8.61,3.0
2015,2015-07-01,sz.002165,9.27,9.19,8.0
2015,2015-03-05,sz.002166,25.59,25.56,3.0
2015,2015-04-28,sz.002167,19.2,19.13,7.0
2015,2015-03-05,sz.002168,9.6,9.66,6.0
2015,2015-04-28,sz.002168,13.68,13.63,5.0
2015,2015-07-01,sz.002168,15.12,15.39,27.0
2015,2015-04-28,sz.002170,17.65,17.59,6.0
2015,2015-07-01,sz.002171,21.0,20.61,39.0
2015,2015-03-05,sz.002172,9.95,10.03,8.0
2015,2015-04-28,sz.002172,11.33,11.28,5.0
2015,2015-07-01,sz.002172,10.15,10.24,9.0
2015,2015-04-28,sz.002174,79.85,79.68,17.0
2015,2015-07-01,sz.002174,87.5,87.68,18.0
2015,2015-03-05,sz.002175,34.51,34.8,29.0
2015,2015-04-28,sz.002176,21.17,21.27,10.0
2015,2015-07-01,sz.002176,25.49,25.3,19.0
2015,2015-03-05,sz.002177,10.2,10.17,3.0
2015,2015-04-28,sz.002177,13.49,13.39,10.0
2015,2015-03-05,sz.002178,18.44,18.38,6.0
2015,2015-04-28,sz.002178,18.63,18.64,1.0
2015,2015-07-01,sz.002178,14.2,14.08,12.0
2015,2015-03-05,sz.002179,28.97,28.88,9.0
2015,2015-04-28,sz.002179,37.4,37.45,5.0
2015,2015-07-01,sz.002179,29.71,29.7,1.0
2015,2015-07-01,sz.002180,48.3,48.4,10.0
2015,2015-04-28,sz.002181,22.97,22.94,3.0
2015,2015-07-01,sz.002181,13.24,13.23,1.0
2015,2015-03-05,sz.002182,13.39,13.45,6.0
2015,2015-04-28,sz.002182,16.02,16.04,2.0
2015,2015-03-05,sz.002183,29.92,29.65,27.0
2015,2015-04-28,sz.002183,37.36,37.22,14.0
2015,2015-03-05,sz.002184,27.76,28.29,53.0
2015,2015-04-28,sz.002184,32.95,33.1,15.0
2015,2015-03-05,sz.002185,15.97,16.14,17.0
2015,2015-04-28,sz.002185,17.77,17.73,4.0
2015,2015-03-05,sz.002186,20.51,20.54,3.0
2015,2015-04-28,sz.002186,24.35,24.34,1.0
2015,2015-03-05,sz.002187,13.55,13.6,5.0
2015,2015-04-28,sz.002187,16.84,16.8,4.0
2015,2015-07-01,sz.002187,17.0,17.1,10.0
2015,2015-03-05,sz.002189,24.5,24.47,3.0
2015,2015-04-28,sz.002189,32.09,32.3,21.0
2015,2015-03-05,sz.002190,36.32,36.5,18.0
2015,2015-04-28,sz.002190,45.0,44.86,14.0
2015,2015-07-01,sz.002190,46.21,45.89,32.0
2015,2015-03-05,sz.002191,16.16,16.26,10.0
2015,2015-04-28,sz.002191,26.6,26.4,20.0
2015,2015-03-05,sz.002192,27.03,26.98,5.0
2015,2015-04-28,sz.002193,14.42,14.41,1.0
2015,2015-07-01,sz.002193,21.43,21.7,27.0
2015,2015-03-05,sz.002194,12.78,12.82,4.0
2015,2015-04-28,sz.002194,15.87,15.89,2.0
2015,2015-03-05,sz.002195,85.02,84.53,49.0
2015,2015-04-28,sz.002195,53.26,53.14,12.0
2015,2015-03-05,sz.002196,19.41,19.3,11.0
2015,2015-07-01,sz.002196,22.88,22.9,2.0
2015,2015-03-05,sz.002197,22.98,23.21,23.0
2015,2015-04-28,sz.002197,35.72,35.7,2.0
2015,2015-07-01,sz.002197,27.79,27.8,1.0
2015,2015-03-05,sz.002198,10.05,10.11,6.0
2015,2015-04-28,sz.002198,12.37,12.32,5.0
2015,2015-07-01,sz.002198,12.72,12.67,5.0
2015,2015-03-05,sz.002199,11.68,11.69,1.0
2015,2015-03-05,sz.002200,18.88,18.89,1.0
2015,2015-04-28,sz.002200,26.01,26.0,1.0
2015,2015-03-05,sz.002201,10.53,10.54,1.0
2015,2015-04-28,sz.002201,15.11,15.08,3.0
2015,2015-03-05,sz.002202,14.48,14.58,10.0
2015,2015-04-28,sz.002202,19.82,19.76,6.0
2015,2015-07-01,sz.002202,19.26,19.1,16.0
2015,2015-03-05,sz.002203,9.68,9.81,13.0
2015,2015-03-05,sz.002204,13.26,13.23,3.0
2015,2015-07-01,sz.002204,12.08,12.03,5.0
2015,2015-03-05,sz.002205,19.55,19.84,29.0
2015,2015-07-01,sz.002205,26.0,26.26,26.0
2015,2015-03-05,sz.002206,9.22,9.24,2.0
2015,2015-04-28,sz.002206,13.23,13.19,4.0
2015,2015-07-01,sz.002206,15.8,16.07,27.0
2015,2015-03-05,sz.002207,14.59,14.93,34.0
2015,2015-04-28,sz.002207,21.67,21.66,1.0
2015,2015-04-28,sz.002208,22.33,22.6,27.0
2015,2015-01-16,sz.002209,8.92,8.93,1.0
2015,2015-03-05,sz.002209,11.8,11.74,6.0
2015,2015-04-28,sz.002209,13.78,13.76,2.0
2015,2015-03-05,sz.002210,24.44,24.41,3.0
2015,2015-04-28,sz.002210,19.7,19.66,4.0
2015,2015-07-01,sz.002210,27.24,29.25,201.0
2015,2015-03-05,sz.002212,8.2,8.16,4.0
2015,2015-03-05,sz.002213,12.32,12.35,3.0
2015,2015-04-28,sz.002213,14.65,14.62,3.0
2015,2015-03-05,sz.002214,25.14,25.4,26.0
2015,2015-04-28,sz.002214,29.13,29.56,43.0
2015,2015-03-05,sz.002215,13.21,13.3,9.0
2015,2015-04-28,sz.002215,20.25,20.29,4.0
2015,2015-07-01,sz.002215,17.5,17.29,21.0
2015,2015-03-05,sz.002216,21.76,21.83,7.0
2015,2015-04-28,sz.002216,15.02,14.99,3.0
2015,2015-07-01,sz.002216,14.4,14.29,11.0
2015,2015-03-05,sz.002217,10.79,10.96,17.0
2015,2015-04-28,sz.002217,15.47,15.49,2.0
2015,2015-07-01,sz.002217,20.95,21.0,5.0
2015,2015-03-05,sz.002218,11.13,11.1,3.0
2015,2015-04-28,sz.002218,12.79,12.78,1.0
2015,2015-07-01,sz.002218,11.99,11.76,23.0
2015,2015-03-05,sz.002219,27.59,27.6,1.0
2015,2015-07-01,sz.002219,45.14,45.78,64.0
2015,2015-03-05,sz.002220,10.28,10.29,1.0
2015,2015-04-28,sz.002220,17.01,16.91,10.0
2015,2015-07-01,sz.002221,30.1,29.84,26.0
2015,2015-03-05,sz.002222,11.52,11.67,15.0
2015,2015-04-28,sz.002222,15.04,15.0,4.0
2015,2015-03-05,sz.002223,32.29,32.32,3.0
2015,2015-04-28,sz.002223,44.96,44.8,16.0
2015,2015-03-05,sz.002224,11.3,11.25,5.0
2015,2015-04-28,sz.002224,17.7,17.68,2.0
2015,2015-03-05,sz.002225,7.62,7.76,14.0
2015,2015-07-01,sz.002225,8.87,8.82,5.0
2015,2015-03-05,sz.002226,12.88,12.99,11.0
2015,2015-04-28,sz.002226,20.28,20.33,5.0
2015,2015-04-28,sz.002227,34.85,34.79,6.0
2015,2015-07-01,sz.002227,29.08,29.7,62.0
2015,2015-03-05,sz.002228,14.61,14.6,1.0
2015,2015-04-28,sz.002228,22.0,21.97,3.0
2015,2015-07-01,sz.002228,26.98,26.86,12.0
2015,2015-03-05,sz.002229,20.3,20.17,13.0
2015,2015-04-28,sz.002229,34.54,34.68,14.0
2015,2015-07-01,sz.002229,21.77,21.49,28.0
2015,2015-03-05,sz.002230,43.65,42.96,69.0
2015,2015-07-01,sz.002230,35.0,35.03,3.0
2015,2015-03-05,sz.002231,10.3,10.33,3.0
2015,2015-03-05,sz.002232,12.76,12.84,8.0
2015,2015-04-28,sz.002232,17.33,17.21,12.0
2015,2015-07-01,sz.002232,17.75,17.77,2.0
2015,2015-03-05,sz.002233,10.42,10.48,6.0
2015,2015-04-28,sz.002233,11.89,11.88,1.0
2015,2015-07-01,sz.002233,15.55,15.53,2.0
2015,2015-03-05,sz.002234,11.41,11.45,4.0
2015,2015-04-28,sz.002234,12.63,12.56,7.0
2015,2015-03-05,sz.002235,16.75,16.72,3.0
2015,2015-04-28,sz.002235,26.21,26.23,2.0
2015,2015-07-01,sz.002235,29.3,29.1,20.0
2015,2015-03-05,sz.002236,27.33,27.8,47.0
2015,2015-04-28,sz.002236,35.09,35.0,9.0
2015,2015-07-01,sz.002236,32.68,32.9,22.0
2015,2015-03-05,sz.002237,18.83,18.77,6.0
2015,2015-04-28,sz.002237,14.23,14.15,8.0
2015,2015-07-01,sz.002237,11.22,11.2,2.0
2015,2015-03-05,sz.002238,18.92,18.88,4.0
2015,2015-04-28,sz.002238,23.73,23.65,8.0
2015,2015-03-05,sz.002239,8.07,8.13,6.0
2015,2015-04-28,sz.002239,11.62,11.59,3.0
2015,2015-03-05,sz.002240,16.21,16.28,7.0
2015,2015-04-28,sz.002240,17.57,17.5,7.0
2015,2015-03-05,sz.002241,29.9,30.14,24.0
2015,2015-04-28,sz.002241,32.31,32.26,5.0
2015,2015-07-01,sz.002241,34.94,35.21,27.0
2015,2015-03-05,sz.002242,13.0,13.03,3.0
2015,2015-04-28,sz.002242,15.9,15.8,10.0
2015,2015-03-05,sz.002243,9.24,9.29,5.0
2015,2015-04-28,sz.002243,11.56,11.57,1.0
2015,2015-03-05,sz.002244,9.78,9.75,3.0
2015,2015-04-28,sz.002244,14.18,14.31,13.0
2015,2015-07-01,sz.002244,17.07,16.95,12.0
2015,2015-03-05,sz.002245,15.96,16.12,16.0
2015,2015-04-28,sz.002245,10.61,10.58,3.0
2015,2015-07-01,sz.002245,8.73,8.84,11.0
2015,2015-03-05,sz.002246,12.35,12.19,16.0
2015,2015-04-28,sz.002246,14.76,14.89,13.0
2015,2015-03-05,sz.002247,13.34,13.48,14.0
2015,2015-04-28,sz.002247,22.17,22.15,2.0
2015,2015-03-05,sz.002249,15.25,15.34,9.0
2015,2015-07-01,sz.002249,12.11,12.17,6.0
2015,2015-03-05,sz.002250,17.65,17.96,31.0
2015,2015-04-28,sz.002250,21.19,21.17,2.0
2015,2015-07-01,sz.002250,20.68,20.6,8.0
2015,2015-03-05,sz.002251,18.57,18.58,1.0
2015,2015-04-28,sz.002251,25.71,25.7,1.0
2015,2015-03-05,sz.002252,54.12,53.86,26.0
2015,2015-04-28,sz.002252,60.39,60.4,1.0
2015,2015-07-01,sz.002252,65.98,66.4,42.0
2015,2015-03-05,sz.002253,28.5,28.49,1.0
2015,2015-04-28,sz.002253,39.91,39.88,3.0
2015,2015-03-05,sz.002254,13.07,13.23,16.0
2015,2015-04-28,sz.002254,17.6,17.54,6.0
2015,2015-07-01,sz.002254,15.54,15.6,6.0
2015,2015-07-01,sz.002255,10.44,10.4,4.0
2015,2015-04-28,sz.002256,23.32,23.31,1.0
2015,2015-03-05,sz.002258,17.5,17.68,18.0
2015,2015-04-28,sz.002258,21.76,21.75,1.0
2015,2015-07-01,sz.002258,26.6,26.01,59.0
2015,2015-03-05,sz.002259,6.38,6.4,2.0
2015,2015-04-28,sz.002259,8.68,8.64,4.0
2015,2015-03-05,sz.002260,31.14,30.93,21.0
2015,2015-04-28,sz.002260,48.1,47.9,20.0
2015,2015-07-01,sz.002260,37.04,37.35,31.0
2015,2015-07-01,sz.002261,45.51,45.57,6.0
2015,2015-03-05,sz.002262,27.41,27.48,7.0
2015,2015-04-28,sz.002262,26.89,26.93,4.0
2015,2015-07-01,sz.002262,34.65,34.6,5.0
2015,2015-03-05,sz.002263,7.76,7.6,16.0
2015,2015-04-28,sz.002263,9.8,9.85,5.0
2015,2015-07-01,sz.002263,9.8,9.78,2.0
2015,2015-03-05,sz.002264,8.1,8.18,8.0
2015,2015-01-12,sz.002265,10.25,10.24,1.0
2015,2015-03-05,sz.002265,12.52,12.56,4.0
2015,2015-04-28,sz.002265,15.86,15.67,19.0
2015,2015-07-01,sz.002265,16.72,16.5,22.0
2015,2015-03-05,sz.002266,10.03,9.9,13.0
2015,2015-04-28,sz.002266,14.47,14.45,2.0
2015,2015-07-01,sz.002266,13.05,12.89,16.0
2015,2015-03-05,sz.002267,14.32,14.36,4.0
2015,2015-04-28,sz.002267,15.74,15.75,1.0
2015,2015-07-01,sz.002267,15.75,15.85,10.0
2015,2015-03-05,sz.002268,88.71,89.48,77.0
2015,2015-04-28,sz.002268,66.99,67.18,19.0
2015,2015-03-05,sz.002269,13.53,13.45,8.0
2015,2015-04-28,sz.002269,20.53,20.5,3.0
2015,2015-04-28,sz.002270,18.75,18.47,28.0
2015,2015-03-05,sz.002271,38.23,38.37,14.0
2015,2015-04-28,sz.002271,43.39,43.4,1.0
2015,2015-07-01,sz.002271,23.8,24.88,108.0
2015,2015-03-05,sz.002272,8.36,8.42,6.0
2015,2015-03-05,sz.002273,23.73,23.69,4.0
2015,2015-04-28,sz.002273,25.65,25.43,22.0
2015,2015-03-05,sz.002274,8.11,8.12,1.0
2015,2015-07-01,sz.002274,11.7,11.53,17.0
2015,2015-03-05,sz.002275,20.23,20.2,3.0
2015,2015-04-28,sz.002275,25.66,25.6,6.0
2015,2015-07-01,sz.002275,24.05,23.94,11.0
2015,2015-03-05,sz.002276,10.62,10.74,12.0
2015,2015-04-28,sz.002276,16.85,16.81,4.0
2015,2015-03-05,sz.002277,15.66,15.71,5.0
2015,2015-04-28,sz.002277,17.83,17.94,11.0
2015,2015-07-01,sz.002277,15.59,15.44,15.0
2015,2015-03-05,sz.002278,12.02,12.05,3.0
2015,2015-04-28,sz.002278,15.01,14.91,10.0
2015,2015-04-28,sz.002279,68.31,68.06,25.0
2015,2015-04-28,sz.002280,64.69,63.97,72.0
2015,2015-03-05,sz.002281,41.86,42.08,22.0
2015,2015-04-28,sz.002281,50.07,50.1,3.0
2015,2015-07-01,sz.002281,43.36,43.33,3.0
2015,2015-03-05,sz.002282,18.48,18.9,42.0
2015,2015-04-28,sz.002282,16.02,16.01,1.0
2015,2015-07-01,sz.002282,13.34,13.32,2.0
2015,2015-03-05,sz.002283,10.15,10.21,6.0
2015,2015-04-28,sz.002283,17.58,17.6,2.0
2015,2015-07-01,sz.002283,15.5,16.0,50.0
2015,2015-03-05,sz.002284,16.9,16.89,1.0
2015,2015-04-28,sz.002284,11.56,11.55,1.0
2015,2015-07-01,sz.002284,25.49,25.27,22.0
2015,2015-03-05,sz.002285,21.35,21.05,30.0
2015,2015-04-28,sz.002285,20.12,20.16,4.0
2015,2015-07-01,sz.002285,20.19,20.76,57.0
2015,2015-03-05,sz.002286,9.39,9.43,4.0
2015,2015-04-28,sz.002286,13.79,13.76,3.0
2015,2015-07-01,sz.002286,14.42,14.45,3.0
2015,2015-03-05,sz.002287,27.8,27.82,2.0
2015,2015-04-28,sz.002287,31.5,31.4,10.0
2015,2015-07-01,sz.002287,38.2,38.3,10.0
2015,2015-03-05,sz.002288,11.83,11.84,1.0
2015,2015-04-28,sz.002288,18.74,18.66,8.0
2015,2015-03-05,sz.002289,19.34,19.36,2.0
2015,2015-04-28,sz.002289,25.97,26.06,9.0
2015,2015-03-05,sz.002290,12.66,12.69,3.0
2015,2015-03-05,sz.002291,8.87,8.85,2.0
2015,2015-04-28,sz.002291,11.27,11.37,10.0
2015,2015-03-05,sz.002292,37.99,38.3,31.0
2015,2015-04-28,sz.002292,49.0,48.5,50.0
2015,2015-03-05,sz.002293,29.3,29.65,35.0
2015,2015-04-28,sz.002293,49.69,49.7,1.0
2015,2015-07-01,sz.002293,16.3,16.39,9.0
2015,2015-03-05,sz.002294,40.16,40.94,78.0
2015,2015-04-28,sz.002294,31.12,31.18,6.0
2015,2015-07-01,sz.002294,28.0,28.2,20.0
2015,2015-02-09,sz.002295,10.18,10.11,7.0
2015,2015-03-05,sz.002295,11.48,11.45,3.0
2015,2015-04-28,sz.002295,16.1,16.0,10.0
2015,2015-07-01,sz.002295,20.69,20.8,11.0
2015,2015-03-05,sz.002296,17.36,17.59,23.0
2015,2015-04-28,sz.002296,21.21,21.18,3.0
2015,2015-04-28,sz.002297,20.74,20.71,3.0
2015,2015-04-28,sz.002298,19.12,19.09,3.0
2015,2015-03-05,sz.002299,15.15,15.31,16.0
2015,2015-04-28,sz.002299,16.18,16.19,1.0
2015,2015-07-01,sz.002299,19.8,19.92,12.0
2015,2015-03-05,sz.002300,8.19,8.17,2.0
2015,2015-04-28,sz.002300,11.76,11.73,3.0
2015,2015-07-01,sz.002300,10.62,10.66,4.0
2015,2015-03-05,sz.002301,13.06,13.14,8.0
2015,2015-04-28,sz.002301,17.55,17.57,2.0
2015,2015-03-05,sz.002302,15.23,15.44,21.0
2015,2015-03-05,sz.002303,22.13,22.35,22.0
2015,2015-04-28,sz.002303,25.14,24.98,16.0
2015,2015-03-05,sz.002304,76.04,76.55,51.0
2015,2015-04-28,sz.002304,92.91,93.0,9.0
2015,2015-07-01,sz.002304,67.08,66.89,19.0
2015,2015-03-05,sz.002305,7.08,7.12,4.0
2015,2015-07-01,sz.002305,7.42,7.41,1.0
2015,2015-03-05,sz.002306,7.49,7.62,13.0
2015,2015-04-28,sz.002306,8.1,8.08,2.0
2015,2015-03-05,sz.002307,12.31,12.43,12.0
2015,2015-04-28,sz.002307,17.98,17.86,12.0
2015,2015-03-05,sz.002308,12.57,12.34,23.0
2015,2015-03-05,sz.002309,21.26,21.2,6.0
2015,2015-04-28,sz.002309,25.9,25.89,1.0
2015,2015-03-05,sz.002310,21.3,21.39,9.0
2015,2015-04-28,sz.002310,27.45,27.37,8.0
2015,2015-03-05,sz.002311,15.27,15.36,9.0
2015,2015-04-28,sz.002311,19.98,19.92,6.0
2015,2015-07-01,sz.002311,13.5,13.46,4.0
2015,2015-04-28,sz.002312,42.8,42.75,5.0
2015,2015-03-05,sz.002313,13.18,13.22,4.0
2015,2015-04-28,sz.002313,17.58,17.52,6.0
2015,2015-03-05,sz.002314,5.93,5.94,1.0
2015,2015-03-05,sz.002315,70.85,70.76,9.0
2015,2015-04-28,sz.002315,85.7,85.88,18.0
2015,2015-04-28,sz.002317,26.94,26.95,1.0
2015,2015-07-01,sz.002317,26.5,27.29,79.0
2015,2015-03-05,sz.002318,44.05,43.92,13.0
2015,2015-04-28,sz.002318,48.1,48.27,17.0
2015,2015-07-01,sz.002318,52.21,54.29,208.0
2015,2015-07-01,sz.002319,19.95,19.76,19.0
2015,2015-03-05,sz.002320,13.42,13.63,21.0
2015,2015-04-28,sz.002320,17.64,17.58,6.0
2015,2015-04-28,sz.002321,11.37,11.29,8.0
2015,2015-07-01,sz.002321,11.4,11.1,30.0
2015,2015-03-05,sz.002322,17.12,17.08,4.0
2015,2015-04-28,sz.002322,22.69,22.68,1.0
2015,2015-03-05,sz.002323,26.03,26.15,12.0
2015,2015-04-28,sz.002323,29.61,29.6,1.0
2015,2015-07-01,sz.002323,30.2,30.31,11.0
2015,2015-03-05,sz.002324,29.38,28.96,42.0
2015,2015-04-28,sz.002324,33.37,33.38,1.0
2015,2015-07-01,sz.002324,33.4,33.81,41.0
2015,2015-04-28,sz.002325,18.1,18.08,2.0
2015,2015-04-28,sz.002326,50.33,50.28,5.0
2015,2015-03-05,sz.002327,15.6,15.7,10.0
2015,2015-04-28,sz.002327,22.41,22.43,2.0
2015,2015-07-01,sz.002327,11.33,11.2,13.0
2015,2015-03-05,sz.002328,9.85,9.87,2.0
2015,2015-04-28,sz.002328,12.75,12.79,4.0
2015,2015-03-05,sz.002329,27.1,27.2,10.0
2015,2015-04-28,sz.002329,31.31,31.22,9.0
2015,2015-03-05,sz.002330,7.51,7.48,3.0
2015,2015-04-28,sz.002330,11.35,11.48,13.0
2015,2015-04-28,sz.002331,21.28,21.2,8.0
2015,2015-07-01,sz.002331,27.41,28.0,59.0
2015,2015-04-28,sz.002332,17.95,17.9,5.0
2015,2015-03-05,sz.002333,13.54,13.57,3.0
2015,2015-04-28,sz.002333,15.76,15.71,5.0
2015,2015-07-01,sz.002333,17.8,17.74,6.0
2015,2015-03-05,sz.002334,16.95,17.01,6.0
2015,2015-04-28,sz.002334,26.05,26.12,7.0
2015,2015-07-01,sz.002334,11.28,11.25,3.0
2015,2015-03-05,sz.002335,26.83,26.9,7.0
2015,2015-04-28,sz.002335,43.13,43.0,13.0
2015,2015-03-05,sz.002336,11.33,11.5,17.0
2015,2015-04-28,sz.002336,15.49,15.47,2.0
2015,2015-03-05,sz.002337,36.7,36.5,20.0
2015,2015-04-28,sz.002337,18.99,18.95,4.0
2015,2015-03-05,sz.002338,47.66,47.89,23.0
2015,2015-04-28,sz.002338,53.82,53.78,4.0
2015,2015-03-05,sz.002339,16.48,16.57,9.0
2015,2015-04-28,sz.002339,30.8,30.64,16.0
2015,2015-03-05,sz.002340,17.12,17.01,11.0
2015,2015-04-28,sz.002340,19.49,19.4,9.0
2015,2015-07-01,sz.002340,14.8,14.95,15.0
2015,2015-03-05,sz.002341,17.41,17.31,10.0
2015,2015-04-28,sz.002341,21.16,21.08,8.0
2015,2015-03-05,sz.002342,6.8,6.85,5.0
2015,2015-04-28,sz.002342,9.88,9.85,3.0
2015,2015-07-01,sz.002342,8.53,8.52,1.0
2015,2015-03-05,sz.002343,16.74,16.78,4.0
2015,2015-04-28,sz.002343,25.41,25.33,8.0
2015,2015-07-01,sz.002343,24.91,25.24,33.0
2015,2015-03-05,sz.002344,17.39,17.4,1.0
2015,2015-07-01,sz.002344,18.5,18.58,8.0
2015,2015-03-05,sz.002345,12.14,12.08,6.0
2015,2015-03-05,sz.002346,13.92,13.89,3.0
2015,2015-03-05,sz.002347,13.01,13.07,6.0
2015,2015-04-28,sz.002347,19.28,19.2,8.0
2015,2015-03-05,sz.002348,10.94,10.99,5.0
2015,2015-03-05,sz.002350,14.33,14.38,5.0
2015,2015-04-28,sz.002350,22.3,22.12,18.0
2015,2015-07-01,sz.002350,20.95,20.73,22.0
2015,2015-03-05,sz.002351,19.81,19.99,18.0
2015,2015-04-28,sz.002351,27.4,27.19,21.0
2015,2015-03-05,sz.002352,26.15,26.38,23.0
2015,2015-04-28,sz.002352,32.86,32.96,10.0
2015,2015-07-01,sz.002352,35.64,35.01,63.0
2015,2015-03-05,sz.002353,35.62,35.97,35.0
2015,2015-04-28,sz.002353,38.26,38.14,12.0
2015,2015-04-28,sz.002354,93.5,93.7,20.0
2015,2015-04-28,sz.002355,8.84,8.81,3.0
2015,2015-07-01,sz.002355,9.96,9.92,4.0
2015,2015-03-05,sz.002356,43.53,43.46,7.0
2015,2015-03-05,sz.002357,15.62,15.61,1.0
2015,2015-03-05,sz.002358,40.8,40.9,10.0
2015,2015-04-28,sz.002358,48.3,48.83,53.0
2015,2015-07-01,sz.002358,20.67,20.8,13.0
2015,2015-04-28,sz.002360,10.28,10.23,5.0
2015,2015-07-01,sz.002360,17.81,17.6,21.0
2015,2015-07-01,sz.002361,19.64,19.85,21.0
2015,2015-03-05,sz.002362,22.43,22.41,2.0
2015,2015-04-28,sz.002362,31.67,31.71,4.0
2015,2015-03-05,sz.002363,25.62,25.2,42.0
2015,2015-04-28,sz.002363,28.7,28.67,3.0
2015,2015-02-09,sz.002364,21.56,21.57,1.0
2015,2015-03-05,sz.002364,33.3,32.6,70.0
2015,2015-04-28,sz.002364,53.31,53.26,5.0
2015,2015-03-05,sz.002365,14.62,14.68,6.0
2015,2015-04-28,sz.002365,16.76,16.74,2.0
2015,2015-07-01,sz.002365,18.9,19.06,16.0
2015,2015-03-05,sz.002366,44.79,44.93,14.0
2015,2015-07-01,sz.002366,72.5,73.47,97.0
2015,2015-03-05,sz.002367,13.2,13.16,4.0
2015,2015-04-28,sz.002367,16.0,16.2,20.0
2015,2015-04-28,sz.002368,82.98,83.19,21.0
2015,2015-03-05,sz.002369,11.75,11.81,6.0
2015,2015-04-28,sz.002369,13.66,13.64,2.0
2015,2015-03-05,sz.002370,18.83,18.86,3.0
2015,2015-03-05,sz.002371,28.84,28.95,11.0
2015,2015-04-28,sz.002371,32.06,32.4,34.0
2015,2015-03-05,sz.002372,16.93,17.1,17.0
2015,2015-04-28,sz.002372,22.16,22.1,6.0
2015,2015-07-01,sz.002372,16.62,16.5,12.0
2015,2015-03-05,sz.002373,42.57,43.05,48.0
2015,2015-04-28,sz.002373,47.35,47.18,17.0
2015,2015-07-01,sz.002373,39.49,40.6,111.0
2015,2015-04-28,sz.002374,20.89,20.69,20.0
2015,2015-03-05,sz.002375,24.06,24.18,12.0
2015,2015-04-28,sz.002375,33.63,33.6,3.0
2015,2015-07-01,sz.002376,17.1,17.07,3.0
2015,2015-03-05,sz.002377,8.47,8.42,5.0
2015,2015-04-28,sz.002377,9.89,10.07,18.0
2015,2015-04-28,sz.002378,29.06,29.02,4.0
2015,2015-07-01,sz.002378,15.2,15.12,8.0
2015,2015-03-05,sz.002379,4.76,4.8,4.0
2015,2015-03-05,sz.002380,35.26,35.24,2.0
2015,2015-04-28,sz.002380,41.87,41.88,1.0
2015,2015-07-01,sz.002380,52.81,54.0,119.0
2015,2015-03-05,sz.002381,16.02,15.95,7.0
2015,2015-07-01,sz.002381,14.2,14.17,3.0
2015,2015-03-05,sz.002382,22.53,22.24,29.0
2015,2015-04-28,sz.002382,26.0,26.04,4.0
2015,2015-07-01,sz.002382,24.88,24.6,28.0
2015,2015-03-05,sz.002383,30.99,30.54,45.0
2015,2015-04-28,sz.002383,43.65,44.0,35.0
2015,2015-07-01,sz.002383,47.26,46.9,36.0
2015,2015-04-28,sz.002384,17.71,17.69,2.0
2015,2015-07-01,sz.002384,22.69,23.35,66.0
2015,2015-04-28,sz.002385,24.0,23.96,4.0
2015,2015-07-01,sz.002385,13.3,13.15,15.0
2015,2015-03-05,sz.002386,9.63,9.69,6.0
2015,2015-07-01,sz.002386,7.76,7.8,4.0
2015,2015-03-05,sz.002387,17.37,17.46,9.0
2015,2015-04-28,sz.002387,20.18,20.17,1.0
2015,2015-07-01,sz.002387,14.68,14.65,3.0
2015,2015-03-05,sz.002388,17.29,17.3,1.0
2015,2015-04-28,sz.002388,19.97,19.99,2.0
2015,2015-03-05,sz.002389,12.24,12.35,11.0
2015,2015-04-28,sz.002389,16.49,16.51,2.0
2015,2015-07-01,sz.002389,18.4,18.5,10.0
2015,2015-07-01,sz.002390,16.4,16.45,5.0
2015,2015-03-05,sz.002391,18.4,18.47,7.0
2015,2015-04-28,sz.002391,20.12,20.07,5.0
2015,2015-07-01,sz.002391,18.53,18.58,5.0
2015,2015-03-05,sz.002392,13.76,13.86,10.0
2015,2015-04-28,sz.002392,17.26,17.2,6.0
2015,2015-07-01,sz.002392,7.87,7.83,4.0
2015,2015-03-05,sz.002393,35.06,35.16,10.0
2015,2015-04-28,sz.002393,41.5,41.4,10.0
2015,2015-07-01,sz.002393,43.9,43.71,19.0
2015,2015-03-05,sz.002394,12.49,12.51,2.0
2015,2015-04-28,sz.002394,18.17,18.4,23.0
2015,2015-07-01,sz.002394,14.15,14.0,15.0
2015,2015-03-05,sz.002395,12.66,12.75,9.0
2015,2015-04-28,sz.002395,17.15,17.28,13.0
2015,2015-03-05,sz.002396,33.9,33.98,8.0
2015,2015-04-28,sz.002396,44.22,44.21,1.0
2015,2015-04-28,sz.002397,19.3,19.34,4.0
2015,2015-07-01,sz.002397,11.98,11.8,18.0
2015,2015-03-05,sz.002398,17.76,18.05,29.0
2015,2015-04-28,sz.002398,23.99,24.0,1.0
2015,2015-03-05,sz.002399,29.35,29.29,6.0
2015,2015-04-28,sz.002399,37.43,37.3,13.0
2015,2015-07-01,sz.002399,31.89,32.07,18.0
2015,2015-03-05,sz.002400,29.04,29.16,12.0
2015,2015-04-28,sz.002400,34.64,34.61,3.0
2015,2015-07-01,sz.002400,24.9,25.32,42.0
2015,2015-03-05,sz.002401,20.65,20.7,5.0
2015,2015-04-28,sz.002401,23.03,23.04,1.0
2015,2015-07-01,sz.002401,21.76,21.99,23.0
2015,2015-03-05,sz.002402,22.73,22.99,26.0
2015,2015-04-28,sz.002402,39.8,39.9,10.0
2015,2015-07-01,sz.002402,26.8,26.71,9.0
2015,2015-04-28,sz.002403,18.09,17.97,12.0
2015,2015-07-01,sz.002403,21.03,21.05,2.0
2015,2015-03-05,sz.002404,15.56,15.58,2.0
2015,2015-04-28,sz.002404,19.79,19.69,10.0
2015,2015-03-05,sz.002405,29.0,29.24,24.0
2015,2015-04-28,sz.002405,37.86,37.9,4.0
2015,2015-03-05,sz.002406,11.67,11.73,6.0
2015,2015-04-28,sz.002406,22.66,22.58,8.0
2015,2015-07-01,sz.002406,12.1,11.99,11.0
2015,2015-03-05,sz.002407,23.77,23.7,7.0
2015,2015-04-28,sz.002407,32.3,32.7,40.0
2015,2015-04-28,sz.002408,23.01,23.25,24.0
2015,2015-07-01,sz.002408,15.5,15.6,10.0
2015,2015-03-05,sz.002409,20.75,20.79,4.0
2015,2015-04-28,sz.002409,27.23,27.69,46.0
2015,2015-07-01,sz.002409,30.9,31.0,10.0
2015,2015-03-05,sz.002410,31.94,32.31,37.0
2015,2015-07-01,sz.002410,22.71,23.09,38.0
2015,2015-07-01,sz.002411,16.62,16.51,11.0
2015,2015-03-05,sz.002412,17.8,17.85,5.0
2015,2015-04-28,sz.002412,22.85,22.9,5.0
2015,2015-07-01,sz.002412,23.03,22.91,12.0
2015,2015-03-05,sz.002413,25.15,25.09,6.0
2015,2015-03-05,sz.002414,23.73,23.89,16.0
2015,2015-04-28,sz.002414,33.96,33.95,1.0
2015,2015-03-05,sz.002415,27.19,27.22,3.0
2015,2015-04-28,sz.002415,31.94,31.9,4.0
2015,2015-07-01,sz.002415,42.01,42.78,77.0
2015,2015-03-05,sz.002416,15.62,15.83,21.0
2015,2015-04-28,sz.002416,19.04,19.03,1.0
2015,2015-03-05,sz.002418,19.5,19.51,1.0
2015,2015-04-28,sz.002418,28.05,28.01,4.0
2015,2015-07-01,sz.002418,31.92,32.3,38.0
2015,2015-03-05,sz.002419,13.01,13.16,15.0
2015,2015-04-28,sz.002419,16.4,16.45,5.0
2015,2015-07-01,sz.002419,15.96,15.99,3.0
2015,2015-03-05,sz.002420,7.67,7.75,8.0
2015,2015-04-28,sz.002420,10.03,9.98,5.0
2015,2015-07-01,sz.002420,10.23,10.16,7.0
2015,2015-07-01,sz.002421,18.4,18.9,50.0
2015,2015-03-05,sz.002422,36.23,36.41,18.0
2015,2015-04-28,sz.002422,39.05,38.92,13.0
2015,2015-07-01,sz.002422,38.17,38.2,3.0
2015,2015-03-05,sz.002423,12.48,12.64,16.0
2015,2015-04-28,sz.002423,15.99,16.05,6.0
2015,2015-07-01,sz.002423,14.7,14.81,11.0
2015,2015-03-05,sz.002424,47.84,47.8,4.0
2015,2015-04-28,sz.002424,61.81,61.51,30.0
2015,2015-07-01,sz.002424,58.52,58.0,52.0
2015,2015-03-05,sz.002425,15.22,15.29,7.0
2015,2015-03-05,sz.002426,13.08,12.84,24.0
2015,2015-04-28,sz.002426,13.99,13.78,21.0
2015,2015-03-05,sz.002427,15.15,15.22,7.0
2015,2015-03-05,sz.002428,16.35,16.39,4.0
2015,2015-04-28,sz.002428,19.5,19.45,5.0
2015,2015-03-05,sz.002429,10.48,10.4,8.0
2015,2015-04-28,sz.002429,11.64,11.65,1.0
2015,2015-07-01,sz.002429,12.76,12.75,1.0
2015,2015-04-28,sz.002430,12.08,12.03,5.0
2015,2015-03-05,sz.002431,23.74,23.61,13.0
2015,2015-04-28,sz.002431,27.34,27.24,10.0
2015,2015-03-05,sz.002432,34.93,35.2,27.0
2015,2015-04-28,sz.002432,31.29,31.25,4.0
2015,2015-07-01,sz.002432,25.2,26.7,150.0
2015,2015-03-05,sz.002433,14.75,14.78,3.0
2015,2015-04-28,sz.002433,16.68,16.69,1.0
2015,2015-03-05,sz.002434,20.91,20.73,18.0
2015,2015-04-28,sz.002434,22.27,22.26,1.0
2015,2015-01-16,sz.002435,9.33,9.31,2.0
2015,2015-03-05,sz.002435,11.65,11.68,3.0
2015,2015-03-05,sz.002436,41.51,41.7,19.0
2015,2015-04-28,sz.002436,44.36,44.44,8.0
2015,2015-07-01,sz.002436,16.32,16.5,18.0
2015,2015-03-05,sz.002437,29.73,29.87,14.0
2015,2015-04-28,sz.002437,31.8,31.77,3.0
2015,2015-07-01,sz.002437,30.2,30.24,4.0
2015,2015-03-05,sz.002438,26.37,26.48,11.0
2015,2015-04-28,sz.002438,29.23,29.18,5.0
2015,2015-04-28,sz.002439,52.67,52.1,57.0
2015,2015-03-05,sz.002440,25.5,25.66,16.0
2015,2015-04-28,sz.002440,30.6,30.65,5.0
2015,2015-07-01,sz.002440,23.0,22.99,1.0
2015,2015-04-28,sz.002441,38.1,37.7,40.0
2015,2015-03-05,sz.002443,8.19,8.22,3.0
2015,2015-07-01,sz.002444,17.32,17.25,7.0
2015,2015-04-28,sz.002445,40.0,40.48,48.0
2015,2015-03-05,sz.002447,16.58,16.67,9.0
2015,2015-04-28,sz.002447,22.62,22.55,7.0
2015,2015-07-01,sz.002447,11.4,11.26,14.0
2015,2015-03-05,sz.002448,23.4,23.39,1.0
2015,2015-04-28,sz.002448,33.69,33.72,3.0
2015,2015-07-01,sz.002448,12.31,12.3,1.0
2015,2015-03-05,sz.002449,13.34,13.35,1.0
2015,2015-04-28,sz.002449,15.21,15.19,2.0
2015,2015-03-05,sz.002450,35.04,35.08,4.0
2015,2015-04-28,sz.002450,46.29,46.26,3.0
2015,2015-07-01,sz.002450,29.24,29.04,20.0
2015,2015-03-05,sz.002451,9.32,9.36,4.0
2015,2015-04-28,sz.002451,12.72,12.7,2.0
2015,2015-03-05,sz.002452,17.2,17.36,16.0
2015,2015-07-01,sz.002452,9.39,9.49,10.0
2015,2015-03-05,sz.002453,7.54,7.6,6.0
2015,2015-04-28,sz.002453,10.17,10.12,5.0
2015,2015-07-01,sz.002453,10.37,10.4,3.0
2015,2015-03-05,sz.002454,19.48,19.41,7.0
2015,2015-04-28,sz.002454,22.13,22.22,9.0
2015,2015-07-01,sz.002454,20.99,20.5,49.0
2015,2015-03-05,sz.002455,10.6,10.65,5.0
2015,2015-03-05,sz.002456,24.29,24.31,2.0
2015,2015-04-28,sz.002456,28.42,28.41,1.0
2015,2015-07-01,sz.002456,34.28,34.7,42.0
2015,2015-03-05,sz.002457,11.65,11.67,2.0
2015,2015-04-28,sz.002457,13.92,13.84,8.0
2015,2015-07-01,sz.002457,14.17,14.39,22.0
2015,2015-03-05,sz.002458,12.68,12.72,4.0
2015,2015-04-28,sz.002458,15.88,15.77,11.0
2015,2015-03-05,sz.002459,14.64,14.61,3.0
2015,2015-04-28,sz.002459,16.68,16.6,8.0
2015,2015-07-01,sz.002459,24.6,25.33,73.0
2015,2015-03-05,sz.002460,23.56,23.55,1.0
2015,2015-04-28,sz.002460,24.28,24.2,8.0
2015,2015-03-05,sz.002461,14.33,14.4,7.0
2015,2015-04-28,sz.002461,17.4,17.46,6.0
2015,2015-03-05,sz.002462,39.74,39.28,46.0
2015,2015-04-28,sz.002462,45.15,45.22,7.0
2015,2015-07-01,sz.002462,49.2,50.21,101.0
2015,2015-04-28,sz.002463,7.2,7.15,5.0
2015,2015-03-05,sz.002465,24.09,24.26,17.0
2015,2015-04-28,sz.002465,29.02,29.07,5.0
2015,2015-07-01,sz.002465,31.85,32.15,30.0
2015,2015-03-05,sz.002466,59.49,58.9,59.0
2015,2015-04-28,sz.002466,63.4,63.43,3.0
2015,2015-07-01,sz.002466,58.6,57.9,70.0
2015,2015-04-28,sz.002467,24.74,24.68,6.0
2015,2015-03-05,sz.002468,17.39,17.36,3.0
2015,2015-04-28,sz.002468,22.33,22.31,2.0
2015,2015-03-05,sz.002469,19.49,19.56,7.0
2015,2015-04-28,sz.002469,23.35,23.45,10.0
2015,2015-07-01,sz.002469,20.31,20.13,18.0
2015,2015-03-05,sz.002470,36.8,37.0,20.0
2015,2015-04-28,sz.002470,41.52,41.41,11.0
2015,2015-07-01,sz.002470,20.5,20.1,40.0
2015,2015-03-05,sz.002471,15.4,15.38,2.0
2015,2015-03-05,sz.002472,14.87,14.93,6.0
2015,2015-04-28,sz.002472,18.63,18.65,2.0
2015,2015-01-30,sz.002473,28.68,28.61,7.0
2015,2015-02-03,sz.002473,28.88,28.93,5.0
2015,2015-03-05,sz.002473,31.95,31.96,1.0
2015,2015-03-05,sz.002474,14.39,14.51,12.0
2015,2015-04-28,sz.002474,17.25,17.22,3.0
2015,2015-03-05,sz.002475,38.61,38.71,10.0
2015,2015-04-28,sz.002475,40.05,39.76,29.0
2015,2015-07-01,sz.002475,33.19,33.05,14.0
2015,2015-07-01,sz.002476,12.63,12.8,17.0
2015,2015-03-05,sz.002477,10.38,10.37,1.0
2015,2015-04-28,sz.002477,16.28,16.25,3.0
2015,2015-07-01,sz.002477,19.08,19.55,47.0
2015,2015-03-05,sz.002478,13.11,13.24,13.0
2015,2015-04-28,sz.002478,17.67,17.61,6.0
2015,2015-07-01,sz.002478,15.12,15.17,5.0
2015,2015-03-05,sz.002479,10.59,10.75,16.0
2015,2015-04-28,sz.002479,13.83,13.81,2.0
2015,2015-07-01,sz.002479,17.56,17.67,11.0
2015,2015-03-05,sz.002480,11.85,11.97,12.0
2015,2015-04-28,sz.002480,15.78,15.76,2.0
2015,2015-03-05,sz.002481,20.6,20.55,5.0
2015,2015-07-01,sz.002481,42.4,42.25,15.0
2015,2015-03-05,sz.002482,19.52,19.58,6.0
2015,2015-04-28,sz.002482,24.99,24.85,14.0
2015,2015-07-01,sz.002482,24.57,24.58,1.0
2015,2015-03-05,sz.002483,13.56,13.63,7.0
2015,2015-04-28,sz.002483,17.35,17.31,4.0
2015,2015-07-01,sz.002483,15.88,15.75,13.0
2015,2015-03-05,sz.002484,17.5,17.57,7.0
2015,2015-04-28,sz.002484,18.63,18.6,3.0
2015,2015-03-05,sz.002485,12.83,13.0,17.0
2015,2015-04-28,sz.002485,20.27,20.53,26.0
2015,2015-07-01,sz.002485,14.35,14.25,10.0
2015,2015-03-05,sz.002486,5.07,5.08,1.0
2015,2015-04-28,sz.002486,6.96,6.94,2.0
2015,2015-07-01,sz.002486,7.41,7.39,2.0
2015,2015-03-05,sz.002487,10.33,10.36,3.0
2015,2015-07-01,sz.002487,12.75,13.15,40.0
2015,2015-03-05,sz.002488,35.24,35.7,46.0
2015,2015-04-28,sz.002488,63.78,63.6,18.0
2015,2015-03-05,sz.002489,16.26,16.25,1.0
2015,2015-04-28,sz.002489,33.87,33.91,4.0
2015,2015-03-05,sz.002490,9.98,10.03,5.0
2015,2015-04-28,sz.002490,12.54,12.47,7.0
2015,2015-07-01,sz.002490,10.83,10.81,2.0
2015,2015-07-01,sz.002491,17.58,17.8,22.0
2015,2015-03-05,sz.002492,11.64,11.75,11.0
2015,2015-04-28,sz.002492,14.25,14.23,2.0
2015,2015-03-05,sz.002493,18.5,18.23,27.0
2015,2015-04-28,sz.002493,24.27,24.43,16.0
2015,2015-07-01,sz.002493,19.14,19.29,15.0
2015,2015-03-05,sz.002494,15.67,15.7,3.0
2015,2015-03-05,sz.002495,19.19,19.24,5.0
2015,2015-04-28,sz.002495,10.91,10.9,1.0
2015,2015-03-05,sz.002496,29.43,29.39,4.0
2015,2015-04-28,sz.002496,27.83,27.75,8.0
2015,2015-07-01,sz.002496,24.25,25.9,165.0
2015,2015-03-05,sz.002497,15.14,15.12,2.0
2015,2015-04-28,sz.002497,17.75,17.7,5.0
2015,2015-07-01,sz.002497,7.5,7.46,4.0
2015,2015-03-05,sz.002498,10.34,10.3,4.0
2015,2015-04-28,sz.002498,14.9,14.96,6.0
2015,2015-03-05,sz.002499,29.05,28.92,13.0
2015,2015-04-28,sz.002499,40.45,40.11,34.0
2015,2015-04-28,sz.002500,22.13,22.14,1.0
2015,2015-07-01,sz.002500,16.48,16.28,20.0
2015,2015-04-28,sz.002501,17.03,17.04,1.0
2015,2015-07-01,sz.002501,14.72,14.7,2.0
2015,2015-03-05,sz.002502,16.94,17.19,25.0
2015,2015-07-01,sz.002502,21.09,21.2,11.0
2015,2015-04-28,sz.002503,28.0,27.98,2.0
2015,2015-07-01,sz.002503,18.02,18.84,82.0
2015,2015-03-05,sz.002504,17.88,17.93,5.0
2015,2015-07-01,sz.002504,25.8,25.55,25.0
2015,2015-03-05,sz.002505,9.25,9.17,8.0
2015,2015-04-28,sz.002505,9.41,9.4,1.0
2015,2015-07-01,sz.002505,7.76,7.82,6.0
2015,2015-04-28,sz.002507,33.28,33.4,12.0
2015,2015-07-01,sz.002507,39.9,40.0,10.0
2015,2015-03-05,sz.002508,41.37,41.4,3.0
2015,2015-04-28,sz.002508,50.12,49.91,21.0
2015,2015-07-01,sz.002508,37.61,37.71,10.0
2015,2015-04-28,sz.002509,19.7,19.72,2.0
2015,2015-07-01,sz.002509,16.14,16.3,16.0
2015,2015-03-05,sz.002510,10.7,10.74,4.0
2015,2015-04-28,sz.002510,14.01,14.08,7.0
2015,2015-03-05,sz.002511,11.95,11.98,3.0
2015,2015-04-28,sz.002511,13.83,13.8,3.0
2015,2015-07-01,sz.002512,34.76,34.6,16.0
2015,2015-07-01,sz.002513,17.28,17.04,24.0
2015,2015-03-05,sz.002514,17.74,17.95,21.0
2015,2015-04-28,sz.002514,29.15,29.03,12.0
2015,2015-07-01,sz.002514,22.76,22.55,21.0
2015,2015-03-05,sz.002515,25.49,26.28,79.0
2015,2015-04-28,sz.002515,41.24,41.59,35.0
2015,2015-03-05,sz.002516,24.55,24.6,5.0
2015,2015-04-28,sz.002516,35.22,35.19,3.0
2015,2015-07-01,sz.002516,13.65,14.06,41.0
2015,2015-07-01,sz.002517,38.23,39.0,77.0
2015,2015-03-05,sz.002518,20.55,20.6,5.0
2015,2015-04-28,sz.002518,24.54,24.55,1.0
2015,2015-03-05,sz.002519,30.55,30.6,5.0
2015,2015-07-01,sz.002519,19.9,20.43,53.0
2015,2015-03-05,sz.002520,33.12,33.2,8.0
2015,2015-04-28,sz.002520,36.76,36.61,15.0
2015,2015-03-05,sz.002521,13.37,13.39,2.0
2015,2015-04-28,sz.002521,14.73,14.69,4.0
2015,2015-07-01,sz.002521,12.87,12.65,22.0
2015,2015-03-05,sz.002522,29.93,29.99,6.0
2015,2015-04-28,sz.002522,54.8,54.0,80.0
2015,2015-03-05,sz.002523,7.67,7.72,5.0
2015,2015-07-01,sz.002523,9.47,9.37,10.0
2015,2015-03-05,sz.002524,7.96,7.9,6.0
2015,2015-04-28,sz.002524,9.68,9.66,2.0
2015,2015-03-05,sz.002526,9.35,9.4,5.0
2015,2015-04-28,sz.002526,13.25,13.33,8.0
2015,2015-04-28,sz.002527,27.89,27.84,5.0
2015,2015-03-05,sz.002528,14.0,14.06,6.0
2015,2015-04-28,sz.002528,16.74,16.75,1.0
2015,2015-03-05,sz.002529,13.8,13.87,7.0
2015,2015-04-28,sz.002529,17.29,17.26,3.0
2015,2015-07-01,sz.002529,18.9,18.7,20.0
2015,2015-03-05,sz.002530,9.21,9.35,14.0
2015,2015-04-28,sz.002530,13.16,13.11,5.0
2015,2015-03-05,sz.002531,17.32,17.61,29.0
2015,2015-04-28,sz.002531,22.44,22.41,3.0
2015,2015-03-05,sz.002532,12.55,12.43,12.0
2015,2015-04-28,sz.002532,16.12,16.11,1.0
2015,2015-03-05,sz.002533,8.32,8.43,11.0
2015,2015-04-28,sz.002533,10.11,10.04,7.0
2015,2015-03-05,sz.002534,20.71,20.69,2.0
2015,2015-04-28,sz.002534,22.14,22.18,4.0
2015,2015-03-05,sz.002535,9.63,9.67,4.0
2015,2015-04-28,sz.002535,12.52,12.5,2.0
2015,2015-07-01,sz.002535,12.31,12.33,2.0
2015,2015-03-05,sz.002536,27.91,28.02,11.0
2015,2015-04-28,sz.002536,34.17,34.13,4.0
2015,2015-03-05,sz.002537,24.97,25.04,7.0
2015,2015-04-28,sz.002537,30.34,30.36,2.0
2015,2015-07-01,sz.002537,15.01,15.08,7.0
2015,2015-03-05,sz.002538,12.94,13.19,25.0
2015,2015-07-01,sz.002538,12.1,12.3,20.0
2015,2015-04-28,sz.002539,28.95,29.5,55.0
2015,2015-07-01,sz.002539,29.67,30.99,132.0
2015,2015-03-05,sz.002540,20.49,20.75,26.0
2015,2015-04-28,sz.002540,14.36,14.3,6.0
2015,2015-03-05,sz.002541,15.9,15.97,7.0
2015,2015-04-28,sz.002541,18.98,18.97,1.0
2015,2015-07-01,sz.002541,17.99,17.94,5.0
2015,2015-03-05,sz.002542,15.2,15.17,3.0
2015,2015-07-01,sz.002542,11.86,12.13,27.0
2015,2015-03-05,sz.002543,12.5,12.62,12.0
2015,2015-04-28,sz.002543,17.75,17.71,4.0
2015,2015-03-05,sz.002544,27.09,27.6,51.0
2015,2015-04-28,sz.002544,30.6,30.51,9.0
2015,2015-07-01,sz.002544,32.55,32.75,20.0
2015,2015-03-05,sz.002545,18.41,18.69,28.0
2015,2015-04-28,sz.002545,21.59,21.6,1.0
2015,2015-03-05,sz.002546,14.72,14.8,8.0
2015,2015-04-28,sz.002546,20.66,20.59,7.0
2015,2015-03-05,sz.002547,20.95,21.15,20.0
2015,2015-04-28,sz.002547,24.61,24.64,3.0
2015,2015-07-01,sz.002547,32.6,31.86,74.0
2015,2015-03-05,sz.002549,15.31,15.46,15.0
2015,2015-03-05,sz.002550,27.65,27.66,1.0
2015,2015-04-28,sz.002550,36.2,36.38,18.0
2015,2015-07-01,sz.002550,19.8,19.94,14.0
2015,2015-03-05,sz.002551,25.85,25.93,8.0
2015,2015-03-05,sz.002552,9.98,10.0,2.0
2015,2015-04-28,sz.002552,13.14,13.11,3.0
2015,2015-07-01,sz.002552,20.75,21.78,103.0
2015,2015-03-05,sz.002553,17.78,17.79,1.0
2015,2015-04-28,sz.002553,24.24,24.19,5.0
2015,2015-03-05,sz.002554,12.32,12.38,6.0
2015,2015-04-28,sz.002554,15.03,15.04,1.0
2015,2015-07-01,sz.002554,13.41,13.28,13.0
2015,2015-07-01,sz.002555,41.2,42.25,105.0
2015,2015-03-05,sz.002556,13.78,13.82,4.0
2015,2015-04-28,sz.002556,17.17,17.23,6.0
2015,2015-03-05,sz.002557,21.47,21.5,3.0
2015,2015-04-28,sz.002557,27.07,27.1,3.0
2015,2015-03-05,sz.002559,23.28,23.33,5.0
2015,2015-04-28,sz.002559,15.38,15.34,4.0
2015,2015-07-01,sz.002559,16.95,16.99,4.0
2015,2015-04-28,sz.002560,23.08,22.93,15.0
2015,2015-07-01,sz.002560,23.46,23.45,1.0
2015,2015-03-05,sz.002561,13.32,13.44,12.0
2015,2015-04-28,sz.002561,15.82,15.78,4.0
2015,2015-07-01,sz.002561,15.55,15.58,3.0
2015,2015-03-05,sz.002562,14.35,14.52,17.0
2015,2015-04-28,sz.002562,17.64,17.56,8.0
2015,2015-07-01,sz.002562,18.06,18.07,1.0
2015,2015-03-05,sz.002563,39.8,39.82,2.0
2015,2015-04-28,sz.002563,57.82,58.18,36.0
2015,2015-07-01,sz.002563,23.2,22.9,30.0
2015,2015-03-05,sz.002564,10.41,10.36,5.0
2015,2015-04-28,sz.002564,13.38,13.36,2.0
2015,2015-03-05,sz.002565,8.55,8.69,14.0
2015,2015-07-01,sz.002565,9.07,9.05,2.0
2015,2015-03-05,sz.002566,15.04,15.09,5.0
2015,2015-04-28,sz.002566,17.87,17.83,4.0
2015,2015-07-01,sz.002566,22.81,22.97,16.0
2015,2015-03-05,sz.002567,9.56,9.6,4.0
2015,2015-03-05,sz.002568,67.1,67.9,80.0
2015,2015-07-01,sz.002568,135.2,135.88,68.0
2015,2015-03-05,sz.002570,17.1,17.17,7.0
2015,2015-04-28,sz.002570,20.66,20.49,17.0
2015,2015-07-01,sz.002570,17.5,17.58,8.0
2015,2015-03-05,sz.002571,13.15,13.2,5.0
2015,2015-04-28,sz.002571,15.76,15.74,2.0
2015,2015-03-05,sz.002572,28.9,28.8,10.0
2015,2015-04-28,sz.002572,32.6,32.77,17.0
2015,2015-07-01,sz.002572,37.37,36.77,60.0
2015,2015-03-05,sz.002573,36.0,35.87,13.0
2015,2015-04-28,sz.002573,39.85,39.7,15.0
2015,2015-07-01,sz.002573,18.62,18.94,32.0
2015,2015-03-05,sz.002574,12.92,12.97,5.0
2015,2015-04-28,sz.002574,14.48,14.46,2.0
2015,2015-03-05,sz.002575,14.73,14.69,4.0
2015,2015-02-12,sz.002576,17.99,18.0,1.0
2015,2015-03-05,sz.002576,21.49,21.44,5.0
2015,2015-04-28,sz.002576,28.79,28.98,19.0
2015,2015-07-01,sz.002576,27.27,27.17,10.0
2015,2015-03-05,sz.002577,39.15,38.51,64.0
2015,2015-04-28,sz.002577,56.78,56.6,18.0
2015,2015-03-05,sz.002578,19.72,19.9,18.0
2015,2015-04-28,sz.002578,27.42,27.41,1.0
2015,2015-03-05,sz.002579,18.16,18.1,6.0
2015,2015-03-05,sz.002580,22.54,22.49,5.0
2015,2015-04-28,sz.002580,31.55,31.76,21.0
2015,2015-03-05,sz.002581,47.77,47.2,57.0
2015,2015-04-28,sz.002581,78.58,78.5,8.0
2015,2015-03-05,sz.002582,22.65,22.55,10.0
2015,2015-03-05,sz.002583,15.02,15.08,6.0
2015,2015-04-28,sz.002583,17.75,17.67,8.0
2015,2015-07-01,sz.002583,16.1,16.04,6.0
2015,2015-03-05,sz.002584,20.92,21.08,16.0
2015,2015-04-28,sz.002584,35.46,35.27,19.0
2015,2015-03-05,sz.002585,14.55,14.7,15.0
2015,2015-04-28,sz.002585,17.63,17.59,4.0
2015,2015-07-01,sz.002585,15.8,15.98,18.0
2015,2015-03-05,sz.002586,13.99,14.06,7.0
2015,2015-04-28,sz.002586,23.3,23.4,10.0
2015,2015-03-05,sz.002587,15.83,15.93,10.0
2015,2015-07-01,sz.002587,15.5,15.84,34.0
2015,2015-03-05,sz.002588,43.92,43.9,2.0
2015,2015-04-28,sz.002588,57.5,57.3,20.0
2015,2015-03-05,sz.002589,51.9,50.65,125.0
2015,2015-04-28,sz.002589,69.89,70.49,60.0
2015,2015-03-05,sz.002590,16.73,16.74,1.0
2015,2015-03-05,sz.002591,10.94,11.06,12.0
2015,2015-04-28,sz.002591,12.36,12.33,3.0
2015,2015-03-05,sz.002592,19.08,19.23,15.0
2015,2015-04-28,sz.002592,26.4,26.42,2.0
2015,2015-07-01,sz.002592,55.32,54.7,62.0
2015,2015-03-05,sz.002593,15.02,15.07,5.0
2015,2015-04-28,sz.002593,23.9,23.85,5.0
2015,2015-04-28,sz.002594,59.79,59.51,28.0
2015,2015-07-01,sz.002594,52.62,52.99,37.0
2015,2015-04-28,sz.002595,24.33,24.29,4.0
2015,2015-07-01,sz.002595,20.8,20.61,19.0
2015,2015-07-01,sz.002596,17.99,18.8,81.0
2015,2015-03-05,sz.002597,17.23,17.31,8.0
2015,2015-04-28,sz.002597,11.93,11.89,4.0
2015,2015-07-01,sz.002597,11.56,11.65,9.0
2015,2015-07-01,sz.002598,12.3,12.5,20.0
2015,2015-03-05,sz.002599,21.47,21.46,1.0
2015,2015-04-28,sz.002599,34.86,34.92,6.0
2015,2015-07-01,sz.002599,36.01,35.97,4.0
2015,2015-03-05,sz.002600,12.39,12.47,8.0
2015,2015-04-28,sz.002600,9.97,9.95,2.0
2015,2015-07-01,sz.002600,8.58,8.55,3.0
2015,2015-03-05,sz.002601,28.38,28.4,2.0
2015,2015-07-01,sz.002601,43.34,43.95,61.0
2015,2015-03-05,sz.002603,33.87,33.88,1.0
2015,2015-04-28,sz.002603,43.07,42.96,11.0
2015,2015-07-01,sz.002603,18.88,18.91,3.0
2015,2015-04-28,sz.002604,20.53,20.78,25.0
2015,2015-03-05,sz.002605,22.31,22.17,14.0
2015,2015-04-28,sz.002605,21.93,21.9,3.0
2015,2015-03-05,sz.002606,17.15,17.26,11.0
2015,2015-04-28,sz.002606,22.37,22.3,7.0
2015,2015-03-05,sz.002607,11.09,10.99,10.0
2015,2015-03-05,sz.002608,11.03,11.14,11.0
2015,2015-04-28,sz.002608,14.71,14.64,7.0
2015,2015-03-05,sz.002609,25.82,26.2,38.0
2015,2015-04-28,sz.002609,32.62,32.61,1.0
2015,2015-03-05,sz.002610,19.88,19.85,3.0
2015,2015-04-28,sz.002610,30.74,30.59,15.0
2015,2015-07-01,sz.002610,13.3,13.01,29.0
2015,2015-03-05,sz.002611,15.53,15.58,5.0
2015,2015-04-28,sz.002611,17.29,17.28,1.0
2015,2015-03-05,sz.002612,33.44,33.45,1.0
2015,2015-03-05,sz.002613,9.97,9.91,6.0
2015,2015-07-01,sz.002613,7.85,7.84,1.0
2015,2015-03-05,sz.002614,17.29,17.39,10.0
2015,2015-04-28,sz.002614,22.86,22.8,6.0
2015,2015-03-05,sz.002615,26.99,27.28,29.0
2015,2015-04-28,sz.002615,36.46,36.87,41.0
2015,2015-07-01,sz.002615,21.17,22.0,83.0
2015,2015-03-05,sz.002616,35.26,35.3,4.0
2015,2015-07-01,sz.002616,29.71,30.35,64.0
2015,2015-04-28,sz.002618,43.79,43.68,11.0
2015,2015-03-05,sz.002619,27.85,27.94,9.0
2015,2015-04-28,sz.002619,33.42,33.4,2.0
2015,2015-07-01,sz.002619,29.0,28.89,11.0
2015,2015-03-05,sz.002620,19.74,19.78,4.0
2015,2015-04-28,sz.002620,29.62,29.5,12.0
2015,2015-03-05,sz.002621,15.13,15.19,6.0
2015,2015-04-28,sz.002621,19.4,19.38,2.0
2015,2015-07-01,sz.002621,17.58,17.59,1.0
2015,2015-03-05,sz.002622,40.84,41.23,39.0
2015,2015-04-28,sz.002622,26.69,26.66,3.0
2015,2015-03-05,sz.002623,25.3,25.41,11.0
2015,2015-04-28,sz.002623,30.12,30.14,2.0
2015,2015-07-01,sz.002623,40.52,40.41,11.0
2015,2015-03-05,sz.002624,24.25,24.04,21.0
2015,2015-04-28,sz.002625,42.18,42.1,8.0
2015,2015-07-01,sz.002625,74.61,73.3,131.0
2015,2015-03-05,sz.002626,28.5,28.58,8.0
2015,2015-03-05,sz.002627,17.2,17.45,25.0
2015,2015-04-28,sz.002627,22.09,22.05,4.0
2015,2015-07-01,sz.002627,27.23,27.9,67.0
2015,2015-03-05,sz.002628,5.42,5.45,3.0
2015,2015-04-28,sz.002628,7.01,7.0,1.0
2015,2015-07-01,sz.002628,7.02,7.06,4.0
2015,2015-03-05,sz.002629,9.18,9.4,22.0
2015,2015-04-28,sz.002629,13.08,13.03,5.0
2015,2015-03-05,sz.002630,19.41,19.48,7.0
2015,2015-07-01,sz.002630,27.65,27.6,5.0
2015,2015-03-05,sz.002631,19.7,19.56,14.0
2015,2015-04-28,sz.002631,20.01,20.0,1.0
2015,2015-07-01,sz.002631,26.9,28.1,120.0
2015,2015-03-05,sz.002632,20.95,21.23,28.0
2015,2015-03-05,sz.002633,20.67,20.68,1.0
2015,2015-03-05,sz.002634,19.57,19.6,3.0
2015,2015-04-28,sz.002634,26.14,26.1,4.0
2015,2015-03-05,sz.002635,36.36,36.27,9.0
2015,2015-04-28,sz.002635,19.91,19.94,3.0
2015,2015-07-01,sz.002635,21.92,21.99,7.0
2015,2015-03-05,sz.002636,13.5,13.56,6.0
2015,2015-04-28,sz.002636,27.93,28.34,41.0
2015,2015-07-01,sz.002637,22.19,22.21,2.0
2015,2015-04-28,sz.002638,19.99,19.81,18.0
2015,2015-01-15,sz.002639,17.43,17.44,1.0
2015,2015-03-05,sz.002639,24.46,24.7,24.0
2015,2015-04-28,sz.002640,58.45,58.06,39.0
2015,2015-03-05,sz.002641,11.56,11.49,7.0
2015,2015-04-28,sz.002641,18.93,18.9,3.0
2015,2015-03-05,sz.002642,58.35,57.55,80.0
2015,2015-04-28,sz.002642,52.44,52.43,1.0
2015,2015-03-05,sz.002643,19.08,19.01,7.0
2015,2015-04-28,sz.002643,28.27,28.01,26.0
2015,2015-03-05,sz.002644,23.27,23.53,26.0
2015,2015-04-28,sz.002644,34.61,34.2,41.0
2015,2015-07-01,sz.002644,47.1,47.6,50.0
2015,2015-03-05,sz.002646,21.41,21.44,3.0
2015,2015-04-28,sz.002646,28.1,28.0,10.0
2015,2015-07-01,sz.002646,26.48,26.26,22.0
2015,2015-03-05,sz.002647,14.29,14.45,16.0
2015,2015-03-05,sz.002648,13.45,13.44,1.0
2015,2015-04-28,sz.002648,16.15,16.14,1.0
2015,2015-07-01,sz.002648,14.8,15.12,32.0
2015,2015-03-05,sz.002649,46.23,46.6,37.0
2015,2015-04-28,sz.002649,60.6,60.37,23.0
2015,2015-04-28,sz.002650,16.18,16.15,3.0
2015,2015-07-01,sz.002650,16.7,17.19,49.0
2015,2015-03-05,sz.002651,26.45,26.49,4.0
2015,2015-04-28,sz.002651,33.9,33.66,24.0
2015,2015-07-01,sz.002651,39.01,39.1,9.0
2015,2015-03-05,sz.002652,16.02,16.14,12.0
2015,2015-03-05,sz.002653,26.42,26.45,3.0
2015,2015-04-28,sz.002653,24.99,25.01,2.0
2015,2015-07-01,sz.002653,26.3,26.58,28.0
2015,2015-03-05,sz.002654,17.28,17.41,13.0
2015,2015-04-28,sz.002654,23.25,23.1,15.0
2015,2015-07-01,sz.002654,27.0,26.7,30.0
2015,2015-03-05,sz.002655,11.3,11.27,3.0
2015,2015-04-28,sz.002655,13.73,13.67,6.0
2015,2015-03-05,sz.002656,17.16,17.32,16.0
2015,2015-07-01,sz.002656,27.44,27.51,7.0
2015,2015-03-05,sz.002657,95.77,94.35,142.0
2015,2015-04-28,sz.002657,86.5,86.2,30.0
2015,2015-03-05,sz.002658,43.22,42.02,120.0
2015,2015-04-28,sz.002658,25.78,25.65,13.0
2015,2015-07-01,sz.002658,24.5,24.82,32.0
2015,2015-07-01,sz.002659,21.71,21.81,10.0
2015,2015-07-01,sz.002660,13.76,13.95,19.0
2015,2015-03-05,sz.002661,38.49,38.53,4.0
2015,2015-04-28,sz.002661,44.8,44.9,10.0
2015,2015-07-01,sz.002661,46.92,47.05,13.0
2015,2015-03-05,sz.002662,14.35,14.38,3.0
2015,2015-04-28,sz.002662,18.3,18.39,9.0
2015,2015-04-28,sz.002663,26.67,26.6,7.0
2015,2015-07-01,sz.002663,8.77,8.79,2.0
2015,2015-03-05,sz.002664,38.93,39.6,67.0
2015,2015-04-28,sz.002664,27.38,27.28,10.0
2015,2015-07-01,sz.002664,33.1,36.7,360.0
2015,2015-03-05,sz.002665,49.4,49.6,20.0
2015,2015-07-01,sz.002665,26.5,28.2,170.0
2015,2015-03-05,sz.002666,24.75,24.03,72.0
2015,2015-04-28,sz.002666,24.85,24.86,1.0
2015,2015-07-01,sz.002666,25.02,25.06,4.0
2015,2015-02-25,sz.002667,35.92,35.96,4.0
2015,2015-03-05,sz.002667,35.54,35.58,4.0
2015,2015-03-05,sz.002668,21.06,21.16,10.0
2015,2015-04-28,sz.002668,25.8,25.7,10.0
2015,2015-03-05,sz.002669,15.95,15.85,10.0
2015,2015-04-28,sz.002669,18.78,18.75,3.0
2015,2015-03-05,sz.002670,14.9,14.96,6.0
2015,2015-03-05,sz.002671,12.3,12.32,2.0
2015,2015-03-05,sz.002672,42.35,42.39,4.0
2015,2015-04-28,sz.002672,56.65,56.0,65.0
2015,2015-07-01,sz.002672,19.58,19.4,18.0
2015,2015-03-05,sz.002673,35.58,35.65,7.0
2015,2015-04-28,sz.002673,64.18,64.07,11.0
2015,2015-07-01,sz.002673,28.75,28.6,15.0
2015,2015-03-05,sz.002674,14.29,14.3,1.0
2015,2015-04-28,sz.002674,18.28,18.48,20.0
2015,2015-07-01,sz.002674,17.19,17.01,18.0
2015,2015-07-01,sz.002675,44.98,45.1,12.0
2015,2015-03-05,sz.002676,22.14,22.36,22.0
2015,2015-03-05,sz.002677,24.54,24.61,7.0
2015,2015-07-01,sz.002677,14.55,14.61,6.0
2015,2015-03-05,sz.002678,15.26,15.29,3.0
2015,2015-03-05,sz.002679,19.76,19.83,7.0
2015,2015-04-28,sz.002679,26.06,26.05,1.0
2015,2015-03-05,sz.002680,34.85,34.77,8.0
2015,2015-03-05,sz.002681,49.78,50.31,53.0
2015,2015-04-28,sz.002681,77.98,78.98,100.0
2015,2015-07-01,sz.002681,29.0,30.21,121.0
2015,2015-03-05,sz.002682,9.74,9.8,6.0
2015,2015-04-28,sz.002682,13.93,13.87,6.0
2015,2015-03-05,sz.002683,28.62,28.74,12.0
2015,2015-04-28,sz.002683,35.77,35.71,6.0
2015,2015-04-28,sz.002684,27.4,27.43,3.0
2015,2015-07-01,sz.002684,24.68,24.6,8.0
2015,2015-03-05,sz.002685,17.12,17.14,2.0
2015,2015-04-28,sz.002685,14.98,14.84,14.0
2015,2015-03-05,sz.002686,13.93,13.95,2.0
2015,2015-04-28,sz.002686,17.25,17.24,1.0
2015,2015-03-05,sz.002687,11.84,11.83,1.0
2015,2015-04-28,sz.002687,17.1,17.06,4.0
2015,2015-07-01,sz.002687,12.37,12.38,1.0
2015,2015-03-05,sz.002688,16.34,16.35,1.0
2015,2015-04-28,sz.002688,18.34,18.3,4.0
2015,2015-03-05,sz.002689,13.42,13.23,19.0
2015,2015-04-28,sz.002689,15.67,15.66,1.0
2015,2015-03-05,sz.002690,47.88,47.64,24.0
2015,2015-04-28,sz.002690,61.56,61.38,18.0
2015,2015-07-01,sz.002690,36.46,36.0,46.0
2015,2015-07-01,sz.002691,19.3,19.15,15.0
2015,2015-03-05,sz.002692,13.58,13.68,10.0
2015,2015-04-28,sz.002692,20.15,20.18,3.0
2015,2015-07-01,sz.002692,21.68,22.45,77.0
2015,2015-03-05,sz.002693,16.44,16.6,16.0
2015,2015-04-28,sz.002693,14.39,14.41,2.0
2015,2015-07-01,sz.002693,12.79,12.75,4.0
2015,2015-04-28,sz.002694,13.61,13.62,1.0
2015,2015-07-01,sz.002694,13.09,12.98,11.0
2015,2015-03-05,sz.002695,30.3,30.4,10.0
2015,2015-04-28,sz.002695,40.11,40.15,4.0
2015,2015-03-05,sz.002696,13.21,13.27,6.0
2015,2015-04-28,sz.002696,15.75,15.74,1.0
2015,2015-04-28,sz.002697,12.99,12.95,4.0
2015,2015-07-01,sz.002697,11.92,11.78,14.0
2015,2015-03-05,sz.002698,30.28,30.21,7.0
2015,2015-07-01,sz.002698,49.6,50.46,86.0
2015,2015-03-05,sz.002699,34.8,34.93,13.0
2015,2015-04-28,sz.002699,25.58,25.51,7.0
2015,2015-07-01,sz.002699,36.8,36.88,8.0
2015,2015-03-05,sz.002700,22.25,22.26,1.0
2015,2015-04-28,sz.002700,28.78,28.91,13.0
2015,2015-07-01,sz.002700,14.1,14.16,6.0
2015,2015-03-05,sz.002701,29.3,29.31,1.0
2015,2015-04-28,sz.002701,24.46,24.6,14.0
2015,2015-07-01,sz.002701,26.97,26.9,7.0
2015,2015-03-05,sz.002702,32.3,32.95,65.0
2015,2015-04-28,sz.002702,35.35,35.25,10.0
2015,2015-02-04,sz.002703,26.01,26.02,1.0
2015,2015-03-05,sz.002703,26.9,27.0,10.0
2015,2015-04-28,sz.002703,35.53,35.5,3.0
2015,2015-03-05,sz.002705,15.62,15.7,8.0
2015,2015-04-28,sz.002705,18.63,18.77,14.0
2015,2015-07-01,sz.002705,17.97,17.95,2.0
2015,2015-03-05,sz.002706,49.8,50.23,43.0
2015,2015-04-28,sz.002706,54.56,54.58,2.0
2015,2015-03-05,sz.002707,146.03,145.4,63.0
2015,2015-07-01,sz.002707,88.0,89.22,122.0
2015,2015-03-05,sz.002708,19.36,19.33,3.0
2015,2015-04-28,sz.002708,23.49,23.71,22.0
2015,2015-07-01,sz.002708,32.75,32.7,5.0
2015,2015-03-05,sz.002709,41.66,42.02,36.0
2015,2015-04-28,sz.002709,42.02,42.13,11.0
2015,2015-03-05,sz.002711,59.55,58.7,85.0
2015,2015-04-28,sz.002711,70.78,71.4,62.0
2015,2015-07-01,sz.002711,63.76,63.73,3.0
2015,2015-03-05,sz.002712,67.4,67.42,2.0
2015,2015-03-05,sz.002713,51.79,51.72,7.0
2015,2015-04-28,sz.002713,52.18,52.09,9.0
2015,2015-07-01,sz.002713,30.35,30.25,10.0
2015,2015-03-05,sz.002714,56.48,56.22,26.0
2015,2015-03-19,sz.002714,61.04,61.27,23.0
2015,2015-04-28,sz.002714,77.0,77.73,73.0
2015,2015-07-01,sz.002714,53.5,53.91,41.0
2015,2015-03-05,sz.002715,26.38,26.67,29.0
2015,2015-03-05,sz.002716,25.03,25.39,36.0
2015,2015-03-05,sz.002717,29.28,29.6,32.0
2015,2015-03-05,sz.002718,72.8,72.99,19.0
2015,2015-07-01,sz.002718,49.0,48.29,71.0
2015,2015-03-05,sz.002719,33.27,33.36,9.0
2015,2015-04-28,sz.002719,37.8,37.51,29.0
2015,2015-07-01,sz.002719,73.29,72.87,42.0
2015,2015-07-01,sz.002721,64.0,63.5,50.0
2015,2015-04-28,sz.002722,28.25,28.23,2.0
2015,2015-07-01,sz.002722,26.96,27.1,14.0
2015,2015-03-05,sz.002723,28.55,28.6,5.0
2015,2015-04-28,sz.002723,34.44,34.49,5.0
2015,2015-03-05,sz.002724,27.61,27.51,10.0
2015,2015-04-28,sz.002724,28.55,28.51,4.0
2015,2015-07-01,sz.002724,24.55,24.61,6.0
2015,2015-03-05,sz.002725,33.72,33.85,13.0
2015,2015-04-28,sz.002725,39.7,39.71,1.0
2015,2015-07-01,sz.002725,21.58,21.11,47.0
2015,2015-04-28,sz.002726,14.68,14.66,2.0
2015,2015-07-01,sz.002726,13.28,13.24,4.0
2015,2015-03-05,sz.002727,54.89,54.8,9.0
2015,2015-04-28,sz.002728,52.05,51.9,15.0
2015,2015-07-01,sz.002728,55.86,56.21,35.0
2015,2015-03-05,sz.002729,46.69,47.61,92.0
2015,2015-04-28,sz.002729,45.69,45.53,16.0
2015,2015-07-01,sz.002729,85.18,87.91,273.0
2015,2015-03-05,sz.002730,22.9,22.91,1.0
2015,2015-04-28,sz.002730,27.52,27.4,12.0
2015,2015-07-01,sz.002730,35.5,36.49,99.0
2015,2015-03-05,sz.002731,32.84,32.91,7.0
2015,2015-04-28,sz.002731,35.5,35.48,2.0
2015,2015-07-01,sz.002731,31.72,31.8,8.0
2015,2015-03-05,sz.002732,24.33,24.23,10.0
2015,2015-07-01,sz.002732,33.33,33.19,14.0
2015,2015-03-05,sz.002733,32.53,32.35,18.0
2015,2015-04-28,sz.002733,38.45,38.5,5.0
2015,2015-07-01,sz.002733,25.75,26.25,50.0
2015,2015-03-05,sz.002734,27.84,27.77,7.0
2015,2015-03-05,sz.002735,36.59,36.83,24.0
2015,2015-07-01,sz.002735,37.03,37.01,2.0
2015,2015-03-05,sz.002736,20.63,20.69,6.0
2015,2015-07-01,sz.002736,24.4,24.3,10.0
2015,2015-03-05,sz.002737,66.95,66.8,15.0
2015,2015-04-28,sz.002737,88.99,89.08,9.0
2015,2015-07-01,sz.002737,48.05,48.51,46.0
2015,2015-03-05,sz.002738,33.7,33.58,12.0
2015,2015-07-01,sz.002738,30.0,30.2,20.0
2015,2015-03-05,sz.002739,96.6,98.33,173.0
2015,2015-04-28,sz.002739,150.7,150.43,27.0
2015,2015-03-05,sz.002740,32.93,32.94,1.0
2015,2015-04-28,sz.002740,38.2,38.15,5.0
2015,2015-03-05,sz.002741,30.13,29.92,21.0
2015,2015-04-28,sz.002741,41.85,41.81,4.0
2015,2015-03-05,sz.002742,40.7,40.58,12.0
2015,2015-04-28,sz.002742,46.89,46.7,19.0
2015,2015-07-01,sz.002742,31.75,31.71,4.0
2015,2015-03-05,sz.002745,42.23,42.07,16.0
2015,2015-04-28,sz.002745,43.4,43.31,9.0
2015,2015-07-01,sz.002745,41.8,42.05,25.0
2015,2015-04-28,sz.002746,24.31,24.34,3.0
2015,2015-04-28,sz.002747,64.81,64.74,7.0
2015,2015-07-01,sz.002747,58.58,58.61,3.0
2015,2015-04-28,sz.002748,39.52,39.65,13.0
2015,2015-07-01,sz.002748,33.41,33.8,39.0
2015,2015-04-28,sz.002749,78.35,78.3,5.0
2015,2015-07-01,sz.002749,80.04,79.51,53.0
2015,2015-04-28,sz.002750,75.97,75.63,34.0
2015,2015-07-01,sz.002753,37.25,37.0,25.0
2015,2015-07-01,sz.002755,37.8,35.86,194.0
2015,2015-07-01,sz.002756,49.18,49.0,18.0
2015,2015-07-01,sz.002757,36.06,35.4,66.0
2015,2015-07-01,sz.002758,64.82,64.8,2.0
2015,2015-07-01,sz.002759,38.21,38.3,9.0
2015,2015-07-01,sz.002761,31.0,31.18,18.0
2015,2015-07-01,sz.002762,83.36,86.2,284.0
2015,2015-07-01,sz.002763,35.4,34.88,52.0
2015,2015-07-01,sz.002765,25.18,24.83,35.0
2015,2015-07-01,sz.002766,35.4,36.0,60.0
2015,2015-07-01,sz.002767,43.93,45.0,107.0
2015,2015-07-01,sz.300001,20.0,20.39,39.0
2015,2015-03-05,sz.300002,24.71,24.49,22.0
2015,2015-04-28,sz.300002,33.65,33.79,14.0
2015,2015-03-05,sz.300003,30.0,29.89,11.0
2015,2015-04-28,sz.300003,34.09,34.08,1.0
2015,2015-07-01,sz.300003,37.89,37.38,51.0
2015,2015-03-05,sz.300004,46.7,46.62,8.0
2015,2015-07-01,sz.300004,62.0,61.2,80.0
2015,2015-03-05,sz.300005,26.97,26.96,1.0
2015,2015-04-28,sz.300005,26.29,26.2,9.0
2015,2015-07-01,sz.300005,25.8,26.08,28.0
2015,2015-02-03,sz.300006,31.91,31.92,1.0
2015,2015-03-05,sz.300006,37.9,37.89,1.0
2015,2015-04-28,sz.300006,47.97,47.45,52.0
2015,2015-03-05,sz.300007,50.8,51.19,39.0
2015,2015-04-28,sz.300007,65.91,65.66,25.0
2015,2015-03-05,sz.300008,14.51,14.53,2.0
2015,2015-04-28,sz.300009,24.35,24.44,9.0
2015,2015-07-01,sz.300009,24.21,24.7,49.0
2015,2015-03-05,sz.300010,29.0,28.86,14.0
2015,2015-04-28,sz.300010,50.9,50.89,1.0
2015,2015-07-01,sz.300010,25.67,25.88,21.0
2015,2015-03-05,sz.300011,24.5,25.16,66.0
2015,2015-04-28,sz.300011,29.51,29.5,1.0
2015,2015-07-01,sz.300011,31.99,32.67,68.0
2015,2015-03-05,sz.300012,19.61,19.65,4.0
2015,2015-04-28,sz.300012,22.72,22.87,15.0
2015,2015-03-05,sz.300014,16.58,16.63,5.0
2015,2015-04-28,sz.300014,22.4,22.43,3.0
2015,2015-03-05,sz.300015,34.56,34.45,11.0
2015,2015-04-28,sz.300015,39.92,39.85,7.0
2015,2015-07-01,sz.300015,31.48,32.24,76.0
2015,2015-04-28,sz.300016,31.7,31.82,12.0
2015,2015-04-28,sz.300017,47.46,47.68,22.0
2015,2015-07-01,sz.300017,47.33,47.36,3.0
2015,2015-04-28,sz.300018,44.82,44.33,49.0
2015,2015-07-01,sz.300018,40.87,40.7,17.0
2015,2015-03-05,sz.300019,18.76,18.71,5.0
2015,2015-04-28,sz.300019,28.13,28.08,5.0
2015,2015-03-05,sz.300020,43.15,43.31,16.0
2015,2015-04-28,sz.300020,49.5,49.28,22.0
2015,2015-07-01,sz.300020,24.75,24.95,20.0
2015,2015-03-05,sz.300021,15.21,15.25,4.0
2015,2015-04-28,sz.300021,16.52,16.48,4.0
2015,2015-03-05,sz.300023,20.87,20.99,12.0
2015,2015-04-28,sz.300023,27.91,27.85,6.0
2015,2015-03-05,sz.300024,42.47,42.53,6.0
2015,2015-04-28,sz.300024,56.27,56.52,25.0
2015,2015-07-01,sz.300024,79.01,80.1,109.0
2015,2015-07-01,sz.300026,21.68,22.2,52.0
2015,2015-03-05,sz.300027,30.56,30.27,29.0
2015,2015-04-28,sz.300027,33.21,33.22,1.0
2015,2015-07-01,sz.300027,35.5,35.2,30.0
2015,2015-03-05,sz.300028,24.86,25.03,17.0
2015,2015-04-28,sz.300028,41.8,41.52,28.0
2015,2015-04-28,sz.300029,17.07,16.79,28.0
2015,2015-04-28,sz.300030,20.52,20.75,23.0
2015,2015-03-05,sz.300031,11.96,12.05,9.0
2015,2015-04-28,sz.300031,12.89,12.85,4.0
2015,2015-03-05,sz.300032,34.3,33.88,42.0
2015,2015-04-28,sz.300032,58.68,58.02,66.0
2015,2015-07-01,sz.300032,35.79,36.2,41.0
2015,2015-03-05,sz.300033,85.98,85.36,62.0
2015,2015-04-28,sz.300033,103.49,102.9,59.0
2015,2015-03-05,sz.300034,24.52,24.56,4.0
2015,2015-04-28,sz.300034,32.36,32.34,2.0
2015,2015-07-01,sz.300034,32.3,32.39,9.0
2015,2015-03-05,sz.300035,10.83,10.81,2.0
2015,2015-04-28,sz.300035,14.53,14.49,4.0
2015,2015-03-05,sz.300036,37.71,37.53,18.0
2015,2015-04-28,sz.300036,44.4,44.31,9.0
2015,2015-03-05,sz.300037,39.44,39.73,29.0
2015,2015-04-28,sz.300037,39.65,39.75,10.0
2015,2015-03-05,sz.300038,31.9,31.58,32.0
2015,2015-03-05,sz.300039,14.71,14.81,10.0
2015,2015-04-28,sz.300039,17.97,17.92,5.0
2015,2015-07-01,sz.300039,14.05,14.33,28.0
2015,2015-03-05,sz.300040,8.79,8.85,6.0
2015,2015-03-05,sz.300041,23.63,23.76,13.0
2015,2015-04-28,sz.300041,32.45,32.6,15.0
2015,2015-07-01,sz.300041,33.3,32.99,31.0
2015,2015-03-05,sz.300042,17.38,17.46,8.0
2015,2015-04-28,sz.300042,24.5,24.42,8.0
2015,2015-07-01,sz.300042,23.65,23.67,2.0
2015,2015-03-05,sz.300043,21.66,21.56,10.0
2015,2015-04-28,sz.300043,13.58,13.5,8.0
2015,2015-07-01,sz.300043,14.02,14.0,2.0
2015,2015-03-05,sz.300044,16.26,16.28,2.0
2015,2015-04-28,sz.300044,18.37,18.36,1.0
2015,2015-03-05,sz.300045,20.99,21.12,13.0
2015,2015-04-28,sz.300045,31.92,31.89,3.0
2015,2015-03-05,sz.300046,16.41,16.57,16.0
2015,2015-04-28,sz.300046,27.75,28.24,49.0
2015,2015-03-05,sz.300047,15.45,15.49,4.0
2015,2015-04-28,sz.300047,19.2,19.21,1.0
2015,2015-03-05,sz.300048,11.65,11.75,10.0
2015,2015-03-05,sz.300049,49.42,49.15,27.0
2015,2015-04-28,sz.300049,86.73,86.79,6.0
2015,2015-07-01,sz.300049,84.95,83.35,160.0
2015,2015-04-28,sz.300050,29.27,29.25,2.0
2015,2015-07-01,sz.300050,25.97,25.67,30.0
2015,2015-03-05,sz.300051,17.29,17.33,4.0
2015,2015-04-28,sz.300051,18.29,18.25,4.0
2015,2015-03-05,sz.300052,30.82,30.63,19.0
2015,2015-04-28,sz.300052,29.96,30.01,5.0
2015,2015-03-05,sz.300053,26.75,26.39,36.0
2015,2015-04-28,sz.300053,34.66,34.38,28.0
2015,2015-03-05,sz.300054,20.15,20.24,9.0
2015,2015-04-28,sz.300054,23.5,23.55,5.0
2015,2015-07-01,sz.300054,24.8,25.77,97.0
2015,2015-03-05,sz.300055,59.49,59.83,34.0
2015,2015-04-28,sz.300055,38.9,38.69,21.0
2015,2015-07-01,sz.300055,22.24,22.2,4.0
2015,2015-03-05,sz.300056,31.55,31.18,37.0
2015,2015-04-28,sz.300056,30.76,30.78,2.0
2015,2015-03-05,sz.300057,11.23,11.3,7.0
2015,2015-03-05,sz.300058,27.57,27.45,12.0
2015,2015-04-28,sz.300058,29.49,29.42,7.0
2015,2015-07-01,sz.300058,14.89,14.85,4.0
2015,2015-07-01,sz.300059,61.25,59.01,224.0
2015,2015-04-28,sz.300061,17.69,17.71,2.0
2015,2015-07-01,sz.300061,13.34,13.4,6.0
2015,2015-03-05,sz.300062,14.28,14.33,5.0
2015,2015-04-28,sz.300062,17.94,17.9,4.0
2015,2015-07-01,sz.300062,20.4,20.0,40.0
2015,2015-03-05,sz.300064,7.7,7.73,3.0
2015,2015-04-28,sz.300064,16.82,16.88,6.0
2015,2015-03-05,sz.300065,25.16,24.83,33.0
2015,2015-07-01,sz.300065,30.49,30.0,49.0
2015,2015-03-05,sz.300066,17.86,17.88,2.0
2015,2015-04-28,sz.300066,22.94,22.97,3.0
2015,2015-03-05,sz.300067,16.12,16.23,11.0
2015,2015-04-28,sz.300067,17.94,17.99,5.0
2015,2015-07-01,sz.300067,10.45,10.47,2.0
2015,2015-03-05,sz.300068,11.81,11.88,7.0
2015,2015-04-28,sz.300068,16.88,16.77,11.0
2015,2015-07-01,sz.300068,20.07,20.0,7.0
2015,2015-03-05,sz.300069,18.04,18.07,3.0
2015,2015-04-28,sz.300069,31.92,31.9,2.0
2015,2015-07-01,sz.300069,38.78,39.0,22.0
2015,2015-03-05,sz.300070,38.29,38.32,3.0
2015,2015-04-28,sz.300070,46.9,47.16,26.0
2015,2015-07-01,sz.300070,48.01,48.2,19.0
2015,2015-04-28,sz.300071,20.75,20.7,5.0
2015,2015-04-28,sz.300072,46.09,46.2,11.0
2015,2015-07-01,sz.300072,33.1,33.25,15.0
2015,2015-04-28,sz.300073,25.4,25.19,21.0
2015,2015-07-01,sz.300073,24.39,24.16,23.0
2015,2015-03-05,sz.300074,16.65,16.75,10.0
2015,2015-06-16,sz.300074,23.25,23.27,2.0
2015,2015-03-05,sz.300075,51.8,52.98,118.0
2015,2015-04-28,sz.300075,76.46,76.3,16.0
2015,2015-07-01,sz.300075,33.94,34.3,36.0
2015,2015-03-05,sz.300076,17.0,17.01,1.0
2015,2015-04-28,sz.300076,17.4,17.39,1.0
2015,2015-07-01,sz.300076,28.22,28.31,9.0
2015,2015-03-05,sz.300077,39.21,38.69,52.0
2015,2015-04-28,sz.300077,50.85,51.0,15.0
2015,2015-03-05,sz.300079,15.79,15.91,12.0
2015,2015-07-01,sz.300079,25.32,25.01,31.0
2015,2015-03-05,sz.300080,9.56,9.58,2.0
2015,2015-04-28,sz.300080,11.79,11.75,4.0
2015,2015-04-28,sz.300081,47.96,49.4,144.0
2015,2015-03-05,sz.300082,14.59,14.65,6.0
2015,2015-04-28,sz.300082,19.78,19.67,11.0
2015,2015-07-01,sz.300082,8.8,8.87,7.0
2015,2015-03-05,sz.300083,27.56,27.5,6.0
2015,2015-03-05,sz.300084,26.67,26.77,10.0
2015,2015-04-28,sz.300084,29.7,29.66,4.0
2015,2015-03-05,sz.300085,83.25,83.3,5.0
2015,2015-03-05,sz.300086,17.96,17.85,11.0
2015,2015-04-28,sz.300086,23.7,23.88,18.0
2015,2015-03-05,sz.300087,13.42,13.4,2.0
2015,2015-04-28,sz.300087,17.2,17.23,3.0
2015,2015-03-05,sz.300088,18.35,18.36,1.0
2015,2015-07-01,sz.300088,25.49,25.38,11.0
2015,2015-03-05,sz.300090,19.55,19.88,33.0
2015,2015-07-01,sz.300090,20.65,20.7,5.0
2015,2015-02-10,sz.300091,26.9,26.85,5.0
2015,2015-03-05,sz.300091,26.7,26.79,9.0
2015,2015-04-28,sz.300091,36.3,36.28,2.0
2015,2015-07-01,sz.300091,35.82,35.83,1.0
2015,2015-03-05,sz.300092,20.4,20.48,8.0
2015,2015-04-28,sz.300092,31.26,31.53,27.0
2015,2015-07-01,sz.300092,12.48,12.43,5.0
2015,2015-03-05,sz.300093,15.1,15.03,7.0
2015,2015-04-28,sz.300093,19.77,19.8,3.0
2015,2015-03-05,sz.300094,12.38,12.53,15.0
2015,2015-04-28,sz.300094,18.99,19.02,3.0
2015,2015-07-01,sz.300095,10.6,10.59,1.0
2015,2015-03-05,sz.300096,16.89,17.13,24.0
2015,2015-04-28,sz.300096,20.0,19.94,6.0
2015,2015-03-05,sz.300097,21.34,21.33,1.0
2015,2015-07-01,sz.300098,27.24,27.75,51.0
2015,2015-03-05,sz.300099,12.9,13.15,25.0
2015,2015-04-28,sz.300099,16.03,15.99,4.0
2015,2015-03-05,sz.300100,14.4,14.49,9.0
2015,2015-04-28,sz.300100,19.75,19.77,2.0
2015,2015-03-05,sz.300101,34.9,34.97,7.0
2015,2015-07-01,sz.300101,57.0,57.3,30.0
2015,2015-03-05,sz.300102,13.63,13.71,8.0
2015,2015-04-28,sz.300102,19.04,18.97,7.0
2015,2015-07-01,sz.300102,9.28,9.15,13.0
2015,2015-03-05,sz.300103,18.6,18.66,6.0
2015,2015-04-28,sz.300103,21.9,21.88,2.0
2015,2015-07-01,sz.300103,22.4,22.5,10.0
2015,2015-03-05,sz.300104,79.71,79.88,17.0
2015,2015-04-28,sz.300104,119.19,122.0,281.0
2015,2015-07-01,sz.300104,54.36,54.8,44.0
2015,2015-03-05,sz.300105,14.42,14.43,1.0
2015,2015-04-28,sz.300105,17.47,17.4,7.0
2015,2015-07-01,sz.300105,14.01,14.03,2.0
2015,2015-03-05,sz.300106,13.81,13.84,3.0
2015,2015-04-28,sz.300106,16.3,16.24,6.0
2015,2015-07-01,sz.300106,25.99,25.98,1.0
2015,2015-03-05,sz.300107,13.17,13.22,5.0
2015,2015-04-28,sz.300107,17.34,17.27,7.0
2015,2015-07-01,sz.300107,7.83,7.86,3.0
2015,2015-03-05,sz.300108,17.95,18.07,12.0
2015,2015-04-28,sz.300109,62.3,62.24,6.0
2015,2015-07-01,sz.300110,18.13,18.1,3.0
2015,2015-04-28,sz.300111,6.43,6.42,1.0
2015,2015-07-01,sz.300111,7.21,7.31,10.0
2015,2015-03-05,sz.300112,11.68,11.74,6.0
2015,2015-04-28,sz.300112,15.12,15.1,2.0
2015,2015-03-05,sz.300113,31.4,31.33,7.0
2015,2015-04-28,sz.300113,53.31,53.35,4.0
2015,2015-07-01,sz.300115,32.88,32.63,25.0
2015,2015-03-05,sz.300116,8.16,8.15,1.0
2015,2015-04-28,sz.300116,10.94,10.95,1.0
2015,2015-03-05,sz.300117,7.4,7.44,4.0
2015,2015-04-28,sz.300117,11.47,11.4,7.0
2015,2015-04-28,sz.300118,12.64,12.62,2.0
2015,2015-07-01,sz.300118,10.9,10.85,5.0
2015,2015-03-05,sz.300119,11.01,11.1,9.0
2015,2015-04-28,sz.300119,15.73,15.78,5.0
2015,2015-03-05,sz.300120,10.19,10.21,2.0
2015,2015-04-28,sz.300120,16.7,16.85,15.0
2015,2015-07-01,sz.300120,28.28,27.68,60.0
2015,2015-03-05,sz.300121,10.06,10.1,4.0
2015,2015-07-01,sz.300121,12.33,12.3,3.0
2015,2015-03-05,sz.300122,25.39,25.55,16.0
2015,2015-04-28,sz.300122,28.66,28.59,7.0
2015,2015-07-01,sz.300122,26.66,26.98,32.0
2015,2015-03-05,sz.300124,35.49,35.62,13.0
2015,2015-04-28,sz.300124,40.25,40.19,6.0
2015,2015-07-01,sz.300124,45.16,45.36,20.0
2015,2015-03-05,sz.300125,28.2,28.24,4.0
2015,2015-04-28,sz.300125,39.8,40.0,20.0
2015,2015-07-01,sz.300126,29.0,28.7,30.0
2015,2015-03-05,sz.300127,13.61,13.66,5.0
2015,2015-04-28,sz.300127,16.41,16.48,7.0
2015,2015-07-01,sz.300127,15.42,15.51,9.0
2015,2015-03-05,sz.300128,16.83,16.79,4.0
2015,2015-04-28,sz.300128,17.7,17.75,5.0
2015,2015-04-28,sz.300129,17.0,16.99,1.0
2015,2015-07-01,sz.300129,8.23,8.19,4.0
2015,2015-03-05,sz.300130,50.35,51.5,115.0
2015,2015-04-28,sz.300130,70.02,70.68,66.0
2015,2015-07-01,sz.300130,40.5,39.6,90.0
2015,2015-04-28,sz.300131,20.04,20.1,6.0
2015,2015-07-01,sz.300131,26.0,26.7,70.0
2015,2015-03-05,sz.300132,8.64,8.84,20.0
2015,2015-04-28,sz.300132,9.51,9.49,2.0
2015,2015-07-01,sz.300132,10.42,10.39,3.0
2015,2015-03-05,sz.300133,34.58,34.28,30.0
2015,2015-04-28,sz.300133,34.63,34.65,2.0
2015,2015-07-01,sz.300133,28.3,28.38,8.0
2015,2015-03-05,sz.300134,39.95,40.06,11.0
2015,2015-04-28,sz.300134,31.53,31.41,12.0
2015,2015-07-01,sz.300134,25.3,25.5,20.0
2015,2015-03-05,sz.300135,12.85,12.8,5.0
2015,2015-04-28,sz.300135,16.89,17.0,11.0
2015,2015-03-05,sz.300136,22.92,23.19,27.0
2015,2015-04-28,sz.300136,32.0,31.75,25.0
2015,2015-03-05,sz.300137,19.66,19.43,23.0
2015,2015-04-28,sz.300137,18.63,18.62,1.0
2015,2015-03-05,sz.300138,12.73,12.82,9.0
2015,2015-04-28,sz.300138,15.34,15.3,4.0
2015,2015-07-01,sz.300138,15.87,15.85,2.0
2015,2015-03-05,sz.300139,52.86,52.11,75.0
2015,2015-04-28,sz.300139,23.49,23.45,4.0
2015,2015-07-01,sz.300139,18.58,18.5,8.0
2015,2015-03-05,sz.300140,38.0,38.05,5.0
2015,2015-04-28,sz.300140,59.7,59.77,7.0
2015,2015-07-01,sz.300141,21.0,20.67,33.0
2015,2015-03-05,sz.300142,44.88,45.03,15.0
2015,2015-04-28,sz.300142,28.16,28.15,1.0
2015,2015-04-28,sz.300144,59.6,59.5,10.0
2015,2015-03-05,sz.300145,28.07,28.3,23.0
2015,2015-07-01,sz.300145,43.94,44.0,6.0
2015,2015-03-05,sz.300146,34.02,34.2,18.0
2015,2015-04-28,sz.300146,41.1,41.18,8.0
2015,2015-07-01,sz.300146,36.08,35.69,39.0
2015,2015-04-28,sz.300147,28.56,28.58,2.0
2015,2015-07-01,sz.300147,27.77,27.78,1.0
2015,2015-03-05,sz.300148,22.4,22.39,1.0
2015,2015-07-01,sz.300148,21.11,20.99,12.0
2015,2015-03-05,sz.300149,8.41,8.42,1.0
2015,2015-04-28,sz.300149,14.66,14.55,11.0
2015,2015-03-05,sz.300150,18.9,19.17,27.0
2015,2015-04-28,sz.300150,27.92,27.86,6.0
2015,2015-07-01,sz.300150,12.66,13.02,36.0
2015,2015-03-05,sz.300151,22.0,22.3,30.0
2015,2015-03-05,sz.300152,19.44,18.88,56.0
2015,2015-07-01,sz.300152,47.9,47.79,11.0
2015,2015-03-05,sz.300153,19.65,19.49,16.0
2015,2015-04-28,sz.300153,26.04,26.05,1.0
2015,2015-07-01,sz.300153,12.22,12.18,4.0
2015,2015-03-05,sz.300154,16.5,16.57,7.0
2015,2015-04-28,sz.300154,19.99,20.0,1.0
2015,2015-07-01,sz.300154,24.7,24.82,12.0
2015,2015-04-28,sz.300155,25.38,25.4,2.0
2015,2015-03-05,sz.300156,22.2,22.18,2.0
2015,2015-04-28,sz.300156,28.67,28.58,9.0
2015,2015-07-01,sz.300156,44.5,46.98,248.0
2015,2015-03-05,sz.300157,13.06,13.14,8.0
2015,2015-04-28,sz.300157,15.37,15.32,5.0
2015,2015-03-05,sz.300158,14.72,14.78,6.0
2015,2015-04-28,sz.300159,37.76,37.78,2.0
2015,2015-07-01,sz.300159,17.28,17.51,23.0
2015,2015-03-05,sz.300160,13.05,13.14,9.0
2015,2015-04-28,sz.300160,16.2,16.19,1.0
2015,2015-03-05,sz.300161,18.78,18.74,4.0
2015,2015-04-28,sz.300161,25.4,25.32,8.0
2015,2015-03-05,sz.300162,53.99,53.94,5.0
2015,2015-03-05,sz.300163,12.23,12.35,12.0
2015,2015-04-28,sz.300163,27.0,27.01,1.0
2015,2015-03-05,sz.300164,11.29,11.4,11.0
2015,2015-04-28,sz.300164,13.82,13.73,9.0
2015,2015-03-05,sz.300165,24.99,24.97,2.0
2015,2015-04-28,sz.300165,35.79,35.8,1.0
2015,2015-03-05,sz.300166,47.45,47.58,13.0
2015,2015-07-01,sz.300166,37.5,36.26,124.0
2015,2015-07-01,sz.300167,35.89,37.0,111.0
2015,2015-04-28,sz.300168,88.86,89.0,14.0
2015,2015-07-01,sz.300168,51.0,51.26,26.0
2015,2015-03-05,sz.300169,10.4,10.52,12.0
2015,2015-04-28,sz.300169,12.29,12.16,13.0
2015,2015-07-01,sz.300169,12.56,12.57,1.0
2015,2015-03-05,sz.300170,26.01,25.74,27.0
2015,2015-07-01,sz.300170,22.44,22.9,46.0
2015,2015-03-05,sz.300171,31.5,31.47,3.0
2015,2015-04-28,sz.300171,67.28,68.49,121.0
2015,2015-07-01,sz.300171,26.1,27.6,150.0
2015,2015-04-28,sz.300172,20.73,20.75,2.0
2015,2015-07-01,sz.300172,14.51,14.68,17.0
2015,2015-03-05,sz.300173,27.94,28.01,7.0
2015,2015-04-28,sz.300173,42.94,43.32,38.0
2015,2015-04-28,sz.300174,23.5,23.6,10.0
2015,2015-07-01,sz.300174,24.59,24.65,6.0
2015,2015-03-03,sz.300176,16.48,16.47,1.0
2015,2015-04-28,sz.300176,22.47,22.45,2.0
2015,2015-07-01,sz.300176,23.85,23.66,19.0
2015,2015-03-05,sz.300177,17.09,17.15,6.0
2015,2015-04-28,sz.300177,19.68,19.66,2.0
2015,2015-07-01,sz.300177,17.82,18.04,22.0
2015,2015-03-05,sz.300178,42.9,42.42,48.0
2015,2015-04-28,sz.300178,29.93,29.75,18.0
2015,2015-07-01,sz.300178,32.6,32.5,10.0
2015,2015-03-05,sz.300179,16.79,16.86,7.0
2015,2015-04-28,sz.300179,11.42,11.41,1.0
2015,2015-07-01,sz.300179,9.39,9.31,8.0
2015,2015-03-05,sz.300180,26.98,26.92,6.0
2015,2015-04-28,sz.300180,36.84,36.8,4.0
2015,2015-07-01,sz.300180,12.79,12.7,9.0
2015,2015-04-28,sz.300181,18.95,18.9,5.0
2015,2015-07-01,sz.300181,10.85,11.0,15.0
2015,2015-03-05,sz.300182,24.98,25.02,4.0
2015,2015-03-05,sz.300183,62.68,62.3,38.0
2015,2015-04-28,sz.300183,61.2,61.22,2.0
2015,2015-04-28,sz.300184,13.87,13.79,8.0
2015,2015-03-05,sz.300185,6.28,6.31,3.0
2015,2015-04-28,sz.300185,8.49,8.55,6.0
2015,2015-07-01,sz.300185,10.75,10.85,10.0
2015,2015-07-01,sz.300186,43.01,42.06,95.0
2015,2015-03-05,sz.300187,38.43,38.35,8.0
2015,2015-04-28,sz.300187,46.31,46.3,1.0
2015,2015-07-01,sz.300187,36.58,36.9,32.0
2015,2015-03-05,sz.300188,34.33,34.4,7.0
2015,2015-03-05,sz.300189,8.16,8.27,11.0
2015,2015-04-28,sz.300189,14.19,14.3,11.0
2015,2015-03-05,sz.300190,36.05,36.21,16.0
2015,2015-04-28,sz.300190,49.78,49.61,17.0
2015,2015-03-05,sz.300191,20.98,20.96,2.0
2015,2015-04-28,sz.300191,25.42,25.39,3.0
2015,2015-04-28,sz.300193,22.39,22.49,10.0
2015,2015-07-01,sz.300193,31.0,30.61,39.0
2015,2015-03-05,sz.300194,22.0,22.09,9.0
2015,2015-04-28,sz.300194,24.1,24.0,10.0
2015,2015-03-05,sz.300195,35.23,35.2,3.0
2015,2015-04-28,sz.300195,30.3,30.35,5.0
2015,2015-03-05,sz.300196,26.8,26.7,10.0
2015,2015-04-28,sz.300196,30.28,30.18,10.0
2015,2015-03-05,sz.300197,17.6,17.64,4.0
2015,2015-04-28,sz.300197,22.72,22.73,1.0
2015,2015-03-05,sz.300198,10.58,10.62,4.0
2015,2015-04-28,sz.300198,12.5,12.45,5.0
2015,2015-07-01,sz.300198,12.16,12.08,8.0
2015,2015-03-05,sz.300199,33.75,33.7,5.0
2015,2015-07-01,sz.300199,30.57,31.4,83.0
2015,2015-03-05,sz.300200,13.31,13.55,24.0
2015,2015-04-28,sz.300200,15.19,15.16,3.0
2015,2015-07-01,sz.300200,14.22,14.3,8.0
2015,2015-07-01,sz.300201,14.6,14.77,17.0
2015,2015-03-05,sz.300202,30.02,30.06,4.0
2015,2015-04-28,sz.300202,40.7,40.55,15.0
2015,2015-07-01,sz.300202,39.63,39.31,32.0
2015,2015-03-05,sz.300203,29.85,29.74,11.0
2015,2015-03-05,sz.300204,33.0,33.17,17.0
2015,2015-04-28,sz.300204,34.16,34.2,4.0
2015,2015-07-01,sz.300204,31.4,31.0,40.0
2015,2015-03-05,sz.300205,18.24,18.28,4.0
2015,2015-04-28,sz.300205,26.54,26.42,12.0
2015,2015-03-05,sz.300206,24.38,24.7,32.0
2015,2015-04-28,sz.300206,36.18,36.3,12.0
2015,2015-03-05,sz.300207,37.13,37.3,17.0
2015,2015-04-28,sz.300207,17.9,17.85,5.0
2015,2015-07-01,sz.300207,24.88,24.91,3.0
2015,2015-03-05,sz.300208,22.79,22.98,19.0
2015,2015-04-28,sz.300208,49.9,49.3,60.0
2015,2015-03-05,sz.300209,21.0,21.42,42.0
2015,2015-04-28,sz.300209,49.49,49.72,23.0
2015,2015-07-01,sz.300209,21.22,21.2,2.0
2015,2015-01-15,sz.300210,13.98,13.99,1.0
2015,2015-02-11,sz.300210,15.12,15.14,2.0
2015,2015-03-05,sz.300210,16.4,16.44,4.0
2015,2015-04-28,sz.300210,22.9,22.75,15.0
2015,2015-07-01,sz.300210,17.91,17.89,2.0
2015,2015-03-05,sz.300211,25.44,24.63,81.0
2015,2015-04-28,sz.300211,31.99,31.88,11.0
2015,2015-07-01,sz.300211,18.81,19.0,19.0
2015,2015-03-05,sz.300212,47.87,48.45,58.0
2015,2015-04-28,sz.300212,52.5,52.8,30.0
2015,2015-07-01,sz.300213,38.7,40.66,196.0
2015,2015-03-05,sz.300214,6.16,6.2,4.0
2015,2015-03-05,sz.300215,9.44,9.42,2.0
2015,2015-04-28,sz.300215,11.31,11.28,3.0
2015,2015-03-05,sz.300216,67.68,68.8,112.0
2015,2015-04-28,sz.300216,49.89,49.72,17.0
2015,2015-07-01,sz.300216,51.71,51.1,61.0
2015,2015-03-05,sz.300217,12.75,12.83,8.0
2015,2015-04-28,sz.300217,15.33,15.32,1.0
2015,2015-03-05,sz.300218,11.2,11.25,5.0
2015,2015-04-28,sz.300218,15.53,15.48,5.0
2015,2015-07-01,sz.300218,14.6,14.83,23.0
2015,2015-03-05,sz.300219,13.27,13.3,3.0
2015,2015-04-28,sz.300219,24.5,24.55,5.0
2015,2015-03-05,sz.300220,37.15,37.42,27.0
2015,2015-04-28,sz.300220,41.5,41.64,14.0
2015,2015-03-05,sz.300221,22.4,22.45,5.0
2015,2015-04-28,sz.300221,12.37,12.43,6.0
2015,2015-04-28,sz.300222,51.69,52.0,31.0
2015,2015-07-01,sz.300222,44.6,46.52,192.0
2015,2015-03-05,sz.300223,39.7,39.37,33.0
2015,2015-04-28,sz.300223,49.24,49.51,27.0
2015,2015-07-01,sz.300223,32.05,32.52,47.0
2015,2015-03-05,sz.300224,29.78,29.52,26.0
2015,2015-04-28,sz.300224,36.25,36.2,5.0
2015,2015-07-01,sz.300224,20.65,20.35,30.0
2015,2015-03-05,sz.300225,12.38,12.43,5.0
2015,2015-04-28,sz.300225,15.64,15.67,3.0
2015,2015-03-05,sz.300226,110.48,110.5,2.0
2015,2015-04-28,sz.300226,99.2,98.6,60.0
2015,2015-03-05,sz.300227,21.76,21.8,4.0
2015,2015-07-01,sz.300227,28.81,30.7,189.0
2015,2015-03-05,sz.300228,58.74,58.66,8.0
2015,2015-04-28,sz.300228,71.38,71.1,28.0
2015,2015-03-05,sz.300229,37.3,37.7,40.0
2015,2015-04-28,sz.300229,40.19,40.22,3.0
2015,2015-07-01,sz.300229,25.0,25.42,42.0
2015,2015-01-15,sz.300230,10.7,10.71,1.0
2015,2015-04-28,sz.300230,17.53,17.5,3.0
2015,2015-03-05,sz.300231,22.11,21.99,12.0
2015,2015-04-28,sz.300231,18.63,18.7,7.0
2015,2015-03-05,sz.300232,20.3,20.55,25.0
2015,2015-07-01,sz.300233,75.98,75.4,58.0
2015,2015-04-28,sz.300234,18.68,18.6,8.0
2015,2015-07-01,sz.300234,19.25,19.24,1.0
2015,2015-03-05,sz.300235,21.33,21.43,10.0
2015,2015-03-05,sz.300236,43.76,43.8,4.0
2015,2015-04-28,sz.300236,46.7,46.98,28.0
2015,2015-03-05,sz.300237,31.09,31.0,9.0
2015,2015-07-01,sz.300237,31.35,31.0,35.0
2015,2015-03-05,sz.300238,66.7,66.31,39.0
2015,2015-04-28,sz.300238,35.4,35.29,11.0
2015,2015-07-01,sz.300238,39.49,40.6,111.0
2015,2015-03-05,sz.300239,13.41,13.62,21.0
2015,2015-04-28,sz.300239,15.92,16.05,13.0
2015,2015-03-05,sz.300240,15.38,15.44,6.0
2015,2015-04-28,sz.300240,28.01,28.18,17.0
2015,2015-03-05,sz.300241,13.24,13.27,3.0
2015,2015-07-01,sz.300241,15.38,15.44,6.0
2015,2015-03-05,sz.300242,46.68,47.12,44.0
2015,2015-07-01,sz.300242,64.2,64.17,3.0
2015,2015-04-28,sz.300243,14.7,14.71,1.0
2015,2015-07-01,sz.300243,16.33,15.97,36.0
2015,2015-03-05,sz.300244,73.17,73.07,10.0
2015,2015-04-28,sz.300244,139.56,139.09,47.0
2015,2015-07-01,sz.300244,86.45,87.49,104.0
2015,2015-03-05,sz.300245,30.6,30.8,20.0
2015,2015-04-28,sz.300245,32.17,32.02,15.0
2015,2015-07-01,sz.300245,21.81,21.79,2.0
2015,2015-03-05,sz.300246,32.26,32.89,63.0
2015,2015-04-28,sz.300246,57.84,57.98,14.0
2015,2015-04-28,sz.300247,13.12,13.1,2.0
2015,2015-03-05,sz.300248,48.08,47.68,40.0
2015,2015-04-28,sz.300248,48.6,49.1,50.0
2015,2015-03-05,sz.300249,16.71,16.76,5.0
2015,2015-04-28,sz.300249,20.66,20.57,9.0
2015,2015-03-05,sz.300250,55.12,54.98,14.0
2015,2015-04-28,sz.300250,59.93,61.8,187.0
2015,2015-07-01,sz.300250,60.0,60.55,55.0
2015,2015-03-05,sz.300251,36.11,36.42,31.0
2015,2015-04-28,sz.300251,31.03,30.93,10.0
2015,2015-07-01,sz.300251,24.2,24.45,25.0
2015,2015-03-05,sz.300252,47.41,47.45,4.0
2015,2015-04-28,sz.300252,76.5,76.01,49.0
2015,2015-07-01,sz.300252,35.7,36.69,99.0
2015,2015-03-05,sz.300253,100.82,99.95,87.0
2015,2015-04-28,sz.300253,63.89,64.31,42.0
2015,2015-07-01,sz.300253,46.81,46.8,1.0
2015,2015-03-05,sz.300254,35.85,35.25,60.0
2015,2015-04-28,sz.300254,37.98,37.85,13.0
2015,2015-03-05,sz.300255,38.04,38.1,6.0
2015,2015-04-28,sz.300255,50.5,50.45,5.0
2015,2015-03-05,sz.300256,17.96,17.88,8.0
2015,2015-04-28,sz.300256,27.54,28.58,104.0
2015,2015-03-05,sz.300257,46.04,46.79,75.0
2015,2015-07-01,sz.300257,23.1,23.55,45.0
2015,2015-01-19,sz.300258,16.85,16.84,1.0
2015,2015-03-05,sz.300258,18.97,19.03,6.0
2015,2015-07-01,sz.300258,16.03,16.14,11.0
2015,2015-03-05,sz.300259,16.24,16.5,26.0
2015,2015-04-28,sz.300259,22.21,22.38,17.0
2015,2015-02-12,sz.300260,17.22,17.26,4.0
2015,2015-03-05,sz.300260,18.91,19.0,9.0
2015,2015-04-28,sz.300260,26.32,26.21,11.0
2015,2015-07-01,sz.300260,30.49,31.0,51.0
2015,2015-03-05,sz.300261,16.0,16.03,3.0
2015,2015-03-05,sz.300262,27.91,27.74,17.0
2015,2015-04-28,sz.300262,32.11,31.99,12.0
2015,2015-07-01,sz.300262,17.78,17.74,4.0
2015,2015-03-05,sz.300263,19.71,20.2,49.0
2015,2015-04-28,sz.300263,30.7,30.78,8.0
2015,2015-03-05,sz.300264,11.7,11.78,8.0
2015,2015-04-28,sz.300264,15.12,15.07,5.0
2015,2015-03-05,sz.300265,25.69,25.96,27.0
2015,2015-04-28,sz.300265,33.58,33.5,8.0
2015,2015-07-01,sz.300265,12.55,12.54,1.0
2015,2015-03-05,sz.300266,58.53,58.88,35.0
2015,2015-04-28,sz.300266,70.85,70.4,45.0
2015,2015-03-05,sz.300267,42.08,42.1,2.0
2015,2015-04-28,sz.300267,25.2,25.15,5.0
2015,2015-07-01,sz.300267,32.4,32.0,40.0
2015,2015-03-05,sz.300268,16.6,16.53,7.0
2015,2015-04-28,sz.300268,21.41,21.46,5.0
2015,2015-03-05,sz.300269,43.66,43.51,15.0
2015,2015-04-28,sz.300269,55.96,55.69,27.0
2015,2015-03-05,sz.300270,22.82,23.05,23.0
2015,2015-04-28,sz.300270,42.7,42.65,5.0
2015,2015-07-01,sz.300270,16.9,17.06,16.0
2015,2015-03-05,sz.300271,59.41,59.08,33.0
2015,2015-07-01,sz.300271,44.0,43.81,19.0
2015,2015-03-05,sz.300272,24.13,23.82,31.0
2015,2015-04-28,sz.300272,25.39,25.37,2.0
2015,2015-07-01,sz.300272,17.9,17.84,6.0
2015,2015-04-28,sz.300273,34.35,34.25,10.0
2015,2015-07-01,sz.300273,27.79,27.5,29.0
2015,2015-03-05,sz.300274,22.33,22.42,9.0
2015,2015-04-28,sz.300274,35.3,35.2,10.0
2015,2015-07-01,sz.300274,30.42,30.0,42.0
2015,2015-03-05,sz.300275,19.7,19.75,5.0
2015,2015-04-28,sz.300275,23.8,23.82,2.0
2015,2015-07-01,sz.300275,27.49,27.3,19.0
2015,2015-03-05,sz.300276,14.26,14.28,2.0
2015,2015-04-28,sz.300276,17.64,17.61,3.0
2015,2015-07-01,sz.300276,27.56,26.6,96.0
2015,2015-02-11,sz.300277,15.04,15.05,1.0
2015,2015-03-05,sz.300277,16.24,16.28,4.0
2015,2015-04-28,sz.300277,24.8,24.99,19.0
2015,2015-03-05,sz.300279,29.51,29.54,3.0
2015,2015-03-05,sz.300280,15.51,15.48,3.0
2015,2015-04-28,sz.300281,29.97,29.99,2.0
2015,2015-07-01,sz.300281,21.9,23.98,208.0
2015,2015-03-05,sz.300282,28.8,29.03,23.0
2015,2015-04-28,sz.300282,31.36,31.45,9.0
2015,2015-07-01,sz.300282,53.9,52.9,100.0
2015,2015-03-05,sz.300283,18.77,18.89,12.0
2015,2015-04-28,sz.300283,26.9,26.98,8.0
2015,2015-03-05,sz.300284,16.47,16.5,3.0
2015,2015-07-01,sz.300284,19.3,19.6,30.0
2015,2015-03-05,sz.300285,36.21,36.05,16.0
2015,2015-04-28,sz.300285,45.35,45.6,25.0
2015,2015-07-01,sz.300285,36.58,37.1,52.0
2015,2015-03-05,sz.300286,24.87,24.91,4.0
2015,2015-04-28,sz.300286,31.41,31.47,6.0
2015,2015-03-05,sz.300287,51.1,51.42,32.0
2015,2015-04-28,sz.300287,54.95,54.85,10.0
2015,2015-04-28,sz.300288,73.46,73.49,3.0
2015,2015-04-28,sz.300289,41.4,41.52,12.0
2015,2015-07-01,sz.300289,48.21,48.0,21.0
2015,2015-03-05,sz.300290,28.74,28.77,3.0
2015,2015-04-28,sz.300290,37.16,37.15,1.0
2015,2015-03-05,sz.300291,49.41,49.3,11.0
2015,2015-04-28,sz.300291,56.96,56.85,11.0
2015,2015-03-05,sz.300292,30.23,31.39,116.0
2015,2015-04-28,sz.300292,37.18,36.9,28.0
2015,2015-07-01,sz.300292,31.45,31.8,35.0
2015,2015-03-05,sz.300293,23.32,23.03,29.0
2015,2015-03-05,sz.300294,71.51,71.45,6.0
2015,2015-03-05,sz.300295,119.76,121.99,223.0
2015,2015-04-28,sz.300295,183.0,183.3,30.0
2015,2015-03-05,sz.300296,25.77,25.93,16.0
2015,2015-04-28,sz.300296,29.58,29.56,2.0
2015,2015-07-01,sz.300296,16.99,16.9,9.0
2015,2015-03-05,sz.300297,30.64,30.5,14.0
2015,2015-04-28,sz.300297,63.98,63.99,1.0
2015,2015-03-05,sz.300298,49.3,48.3,100.0
2015,2015-07-01,sz.300298,35.5,34.96,54.0
2015,2015-03-05,sz.300299,16.27,16.25,2.0
2015,2015-03-05,sz.300300,35.7,35.51,19.0
2015,2015-07-01,sz.300300,24.19,23.95,24.0
2015,2015-03-05,sz.300301,16.37,16.32,5.0
2015,2015-04-28,sz.300301,23.36,23.35,1.0
2015,2015-03-05,sz.300302,30.0,29.9,10.0
2015,2015-03-05,sz.300303,20.8,20.82,2.0
2015,2015-04-28,sz.300303,12.6,12.76,16.0
2015,2015-07-01,sz.300303,12.77,12.79,2.0
2015,2015-03-05,sz.300304,22.01,22.38,37.0
2015,2015-04-28,sz.300304,23.6,23.56,4.0
2015,2015-03-05,sz.300305,22.14,22.47,33.0
2015,2015-04-28,sz.300305,37.81,37.7,11.0
2015,2015-07-01,sz.300305,22.6,22.78,18.0
2015,2015-03-05,sz.300306,30.72,30.75,3.0
2015,2015-04-28,sz.300306,45.52,46.19,67.0
2015,2015-03-05,sz.300307,10.35,10.46,11.0
2015,2015-04-28,sz.300307,14.6,14.58,2.0
2015,2015-07-01,sz.300307,15.24,15.25,1.0
2015,2015-03-05,sz.300308,11.37,11.47,10.0
2015,2015-03-05,sz.300309,21.01,21.07,6.0
2015,2015-07-01,sz.300309,16.3,15.89,41.0
2015,2015-03-05,sz.300310,19.92,19.91,1.0
2015,2015-04-28,sz.300310,27.19,27.13,6.0
2015,2015-04-28,sz.300311,44.49,44.5,1.0
2015,2015-03-05,sz.300312,30.36,30.07,29.0
2015,2015-04-28,sz.300312,36.54,36.6,6.0
2015,2015-03-05,sz.300313,23.2,23.3,10.0
2015,2015-04-28,sz.300313,27.89,27.96,7.0
2015,2015-03-05,sz.300314,26.7,26.78,8.0
2015,2015-03-05,sz.300315,27.72,27.59,13.0
2015,2015-04-28,sz.300315,30.0,29.98,2.0
2015,2015-07-01,sz.300315,12.27,12.2,7.0
2015,2015-03-05,sz.300316,29.97,30.08,11.0
2015,2015-04-28,sz.300316,21.48,21.3,18.0
2015,2015-03-05,sz.300317,24.9,25.18,28.0
2015,2015-04-28,sz.300317,28.53,28.26,27.0
2015,2015-07-01,sz.300317,34.5,34.0,50.0
2015,2015-03-05,sz.300318,23.7,23.91,21.0
2015,2015-04-28,sz.300318,42.01,42.8,79.0
2015,2015-07-01,sz.300318,44.11,43.9,21.0
2015,2015-03-05,sz.300319,20.23,20.33,10.0
2015,2015-04-28,sz.300319,22.06,22.07,1.0
2015,2015-07-01,sz.300319,32.0,33.99,199.0
2015,2015-03-05,sz.300320,23.0,23.16,16.0
2015,2015-04-28,sz.300320,30.87,31.0,13.0
2015,2015-03-05,sz.300321,59.36,59.2,16.0
2015,2015-04-28,sz.300321,70.48,70.36,12.0
2015,2015-07-01,sz.300322,13.99,14.1,11.0
2015,2015-03-05,sz.300323,12.84,12.99,15.0
2015,2015-03-05,sz.300324,56.96,57.12,16.0
2015,2015-04-28,sz.300324,71.32,71.37,5.0
2015,2015-07-01,sz.300324,25.7,25.55,15.0
2015,2015-03-05,sz.300325,10.04,10.11,7.0
2015,2015-07-01,sz.300325,15.76,16.4,64.0
2015,2015-03-05,sz.300326,35.6,35.8,20.0
2015,2015-04-28,sz.300326,47.9,47.99,9.0
2015,2015-07-01,sz.300326,27.3,27.42,12.0
2015,2015-03-05,sz.300327,17.17,17.07,10.0
2015,2015-04-28,sz.300327,20.82,20.86,4.0
2015,2015-04-28,sz.300328,31.45,31.52,7.0
2015,2015-03-05,sz.300329,18.86,18.83,3.0
2015,2015-04-28,sz.300329,28.22,28.14,8.0
2015,2015-03-05,sz.300330,14.37,14.38,1.0
2015,2015-04-28,sz.300330,17.29,17.25,4.0
2015,2015-03-05,sz.300331,32.15,32.21,6.0
2015,2015-04-28,sz.300331,39.31,39.6,29.0
2015,2015-07-01,sz.300331,48.68,48.19,49.0
2015,2015-03-05,sz.300332,17.64,17.68,4.0
2015,2015-04-28,sz.300332,27.35,27.37,2.0
2015,2015-07-01,sz.300332,24.5,24.41,9.0
2015,2015-03-05,sz.300333,45.62,47.0,138.0
2015,2015-04-28,sz.300333,55.45,55.44,1.0
2015,2015-03-05,sz.300334,24.68,24.6,8.0
2015,2015-04-28,sz.300334,33.39,33.23,16.0
2015,2015-03-05,sz.300335,14.2,14.21,1.0
2015,2015-04-28,sz.300335,17.1,17.13,3.0
2015,2015-07-01,sz.300335,16.38,16.3,8.0
2015,2015-03-05,sz.300336,36.72,36.94,22.0
2015,2015-04-28,sz.300336,55.06,55.75,69.0
2015,2015-07-01,sz.300336,22.51,22.88,37.0
2015,2015-03-05,sz.300337,15.52,15.61,9.0
2015,2015-04-28,sz.300337,18.99,18.98,1.0
2015,2015-03-05,sz.300338,21.69,22.4,71.0
2015,2015-04-28,sz.300338,40.6,40.5,10.0
2015,2015-07-01,sz.300339,43.28,43.49,21.0
2015,2015-03-05,sz.300340,20.59,20.9,31.0
2015,2015-04-28,sz.300340,32.78,32.94,16.0
2015,2015-03-05,sz.300341,15.68,15.48,20.0
2015,2015-04-28,sz.300341,29.0,28.98,2.0
2015,2015-03-05,sz.300342,22.5,22.32,18.0
2015,2015-04-28,sz.300342,26.96,26.94,2.0
2015,2015-04-28,sz.300343,61.67,61.68,1.0
2015,2015-03-05,sz.300344,8.31,8.33,2.0
2015,2015-04-28,sz.300344,15.01,15.5,49.0
2015,2015-03-05,sz.300345,23.38,23.49,11.0
2015,2015-04-28,sz.300345,25.2,25.3,10.0
2015,2015-07-01,sz.300345,42.99,43.13,14.0
2015,2015-03-05,sz.300346,35.49,35.6,11.0
2015,2015-04-28,sz.300346,44.93,44.99,6.0
2015,2015-03-05,sz.300347,49.8,49.21,59.0
2015,2015-04-28,sz.300347,78.2,78.19,1.0
2015,2015-07-01,sz.300347,34.9,35.9,100.0
2015,2015-03-05,sz.300349,31.81,31.41,40.0
2015,2015-04-28,sz.300349,44.57,44.58,1.0
2015,2015-03-05,sz.300350,55.54,56.0,46.0
2015,2015-04-28,sz.300350,86.74,85.12,162.0
2015,2015-03-05,sz.300351,44.21,45.12,91.0
2015,2015-04-28,sz.300351,29.52,29.51,1.0
2015,2015-07-01,sz.300351,34.6,34.52,8.0
2015,2015-03-05,sz.300352,34.49,34.47,2.0
2015,2015-04-28,sz.300352,48.72,48.8,8.0
2015,2015-07-01,sz.300352,39.46,40.21,75.0
2015,2015-03-05,sz.300353,26.53,26.18,35.0
2015,2015-04-28,sz.300353,32.26,32.21,5.0
2015,2015-03-05,sz.300354,44.88,44.01,87.0
2015,2015-04-28,sz.300354,66.2,66.19,1.0
2015,2015-07-01,sz.300354,32.1,32.93,83.0
2015,2015-03-05,sz.300355,18.75,18.73,2.0
2015,2015-04-28,sz.300355,19.51,19.5,1.0
2015,2015-07-01,sz.300355,16.27,16.3,3.0
2015,2015-03-05,sz.300356,34.2,34.4,20.0
2015,2015-04-28,sz.300356,53.21,53.67,46.0
2015,2015-03-05,sz.300357,42.38,42.48,10.0
2015,2015-04-28,sz.300357,50.95,51.25,30.0
2015,2015-07-01,sz.300357,43.02,43.0,2.0
2015,2015-03-05,sz.300358,52.58,52.99,41.0
2015,2015-04-28,sz.300358,33.91,33.97,6.0
2015,2015-07-01,sz.300358,44.72,44.44,28.0
2015,2015-03-05,sz.300359,193.58,193.08,50.0
2015,2015-04-28,sz.300359,307.0,306.22,78.0
2015,2015-07-01,sz.300359,122.0,121.0,100.0
2015,2015-03-05,sz.300360,26.72,27.05,33.0
2015,2015-04-28,sz.300360,28.7,28.84,14.0
2015,2015-07-01,sz.300362,34.72,35.3,58.0
2015,2015-03-05,sz.300363,81.34,82.1,76.0
2015,2015-04-28,sz.300363,44.11,44.04,7.0
2015,2015-03-05,sz.300364,73.98,72.63,135.0
2015,2015-04-28,sz.300364,73.3,73.2,10.0
2015,2015-03-05,sz.300365,40.4,40.64,24.0
2015,2015-04-28,sz.300365,27.93,27.92,1.0
2015,2015-03-05,sz.300367,133.99,134.56,57.0
2015,2015-07-01,sz.300367,59.0,60.0,100.0
2015,2015-03-05,sz.300368,50.76,51.1,34.0
2015,2015-03-05,sz.300369,81.86,83.02,116.0
2015,2015-04-28,sz.300369,117.25,117.0,25.0
2015,2015-07-01,sz.300369,45.9,46.9,100.0
2015,2015-03-05,sz.300370,39.83,39.71,12.0
2015,2015-04-28,sz.300370,52.4,52.5,10.0
2015,2015-03-05,sz.300371,30.31,30.35,4.0
2015,2015-04-28,sz.300371,36.03,36.09,6.0
2015,2015-03-05,sz.300372,29.92,29.98,6.0
2015,2015-04-28,sz.300372,39.29,39.03,26.0
2015,2015-03-05,sz.300373,32.6,32.63,3.0
2015,2015-04-28,sz.300373,55.65,56.4,75.0
2015,2015-04-28,sz.300374,37.9,37.8,10.0
2015,2015-07-01,sz.300374,19.99,20.62,63.0
2015,2015-03-05,sz.300375,44.7,44.76,6.0
2015,2015-04-28,sz.300375,52.4,52.36,4.0
2015,2015-07-01,sz.300375,24.84,24.67,17.0
2015,2015-03-05,sz.300376,44.81,45.19,38.0
2015,2015-04-28,sz.300376,56.45,56.68,23.0
2015,2015-07-01,sz.300376,40.02,39.95,7.0
2015,2015-03-05,sz.300377,69.44,69.84,40.0
2015,2015-04-28,sz.300377,154.58,155.68,110.0
2015,2015-03-05,sz.300378,77.4,76.0,140.0
2015,2015-04-28,sz.300378,83.08,82.99,9.0
2015,2015-07-01,sz.300378,81.05,81.99,94.0
2015,2015-04-28,sz.300379,89.3,88.6,70.0
2015,2015-03-05,sz.300380,136.2,137.05,85.0
2015,2015-03-05,sz.300381,34.44,34.35,9.0
2015,2015-02-04,sz.300382,60.25,60.38,13.0
2015,2015-03-05,sz.300382,65.09,65.21,12.0
2015,2015-04-28,sz.300382,113.21,115.0,179.0
2015,2015-07-01,sz.300382,53.94,55.0,106.0
2015,2015-03-05,sz.300383,60.66,60.69,3.0
2015,2015-04-28,sz.300383,127.9,127.99,9.0
2015,2015-03-05,sz.300384,87.35,85.08,227.0
2015,2015-04-28,sz.300384,205.9,206.0,10.0
2015,2015-03-05,sz.300385,48.69,49.33,64.0
2015,2015-04-28,sz.300385,70.5,70.4,10.0
2015,2015-07-01,sz.300385,58.6,58.0,60.0
2015,2015-03-05,sz.300386,131.0,131.35,35.0
2015,2015-04-28,sz.300386,152.3,151.89,41.0
2015,2015-07-01,sz.300386,132.48,133.0,52.0
2015,2015-03-05,sz.300387,47.6,47.66,6.0
2015,2015-03-05,sz.300388,46.07,46.33,26.0
2015,2015-04-28,sz.300388,92.75,92.64,11.0
2015,2015-03-05,sz.300389,79.48,79.13,35.0
2015,2015-04-28,sz.300389,96.59,96.35,24.0
2015,2015-07-01,sz.300390,30.2,30.15,5.0
2015,2015-03-05,sz.300391,35.91,35.88,3.0
2015,2015-04-28,sz.300391,45.35,45.37,2.0
2015,2015-07-01,sz.300391,20.04,20.25,21.0
2015,2015-03-05,sz.300392,133.51,134.0,49.0
2015,2015-03-05,sz.300393,41.37,41.4,3.0
2015,2015-04-28,sz.300393,45.35,45.22,13.0
2015,2015-07-01,sz.300393,59.7,58.4,130.0
2015,2015-04-28,sz.300394,74.32,74.5,18.0
2015,2015-07-01,sz.300394,75.39,76.0,61.0
2015,2015-03-05,sz.300395,58.75,58.95,20.0
2015,2015-04-28,sz.300395,32.63,32.59,4.0
2015,2015-07-01,sz.300395,30.53,30.9,37.0
2015,2015-03-05,sz.300396,91.83,92.2,37.0
2015,2015-03-05,sz.300397,90.51,91.1,59.0
2015,2015-07-01,sz.300397,163.0,163.3,30.0
2015,2015-03-05,sz.300398,62.91,62.84,7.0
2015,2015-04-28,sz.300398,80.68,80.8,12.0
2015,2015-07-01,sz.300398,70.74,70.95,21.0
2015,2015-03-05,sz.300399,101.6,99.5,210.0
2015,2015-04-28,sz.300399,180.0,179.99,1.0
2015,2015-03-05,sz.300400,32.62,32.72,10.0
2015,2015-04-28,sz.300400,69.15,71.0,185.0
2015,2015-03-05,sz.300401,36.8,36.82,2.0
2015,2015-04-28,sz.300401,45.01,45.02,1.0
2015,2015-07-01,sz.300401,20.9,21.24,34.0
2015,2015-03-05,sz.300402,18.03,17.96,7.0
2015,2015-04-28,sz.300402,19.77,19.74,3.0
2015,2015-07-01,sz.300402,20.13,20.0,13.0
2015,2015-03-05,sz.300403,46.23,45.9,33.0
2015,2015-04-28,sz.300403,58.2,57.69,51.0
2015,2015-07-01,sz.300403,52.35,52.26,9.0
2015,2015-03-05,sz.300405,44.2,44.39,19.0
2015,2015-04-28,sz.300405,48.0,48.01,1.0
2015,2015-07-01,sz.300405,48.45,49.66,121.0
2015,2015-12-23,sz.300405,57.2,57.12,8.0
2015,2015-03-05,sz.300406,80.22,79.94,28.0
2015,2015-04-28,sz.300406,48.9,48.76,14.0
2015,2015-07-01,sz.300406,44.32,45.26,94.0
2015,2015-03-05,sz.300407,52.69,53.25,56.0
2015,2015-04-28,sz.300407,64.47,64.43,4.0
2015,2015-03-05,sz.300408,60.37,60.0,37.0
2015,2015-04-28,sz.300408,74.83,74.84,1.0
2015,2015-07-01,sz.300408,33.13,33.75,62.0
2015,2015-03-05,sz.300409,49.01,49.6,59.0
2015,2015-04-28,sz.300409,62.3,61.83,47.0
2015,2015-07-01,sz.300409,53.88,53.8,8.0
2015,2015-03-05,sz.300410,35.06,35.29,23.0
2015,2015-04-28,sz.300410,45.36,45.28,8.0
2015,2015-07-01,sz.300410,61.39,61.2,19.0
2015,2015-03-05,sz.300411,33.35,33.46,11.0
2015,2015-04-28,sz.300411,45.88,45.75,13.0
2015,2015-03-05,sz.300412,42.13,42.51,38.0
2015,2015-04-28,sz.300412,37.29,37.21,8.0
2015,2015-07-01,sz.300412,35.05,35.02,3.0
2015,2015-03-05,sz.300413,33.98,33.82,16.0
2015,2015-04-28,sz.300413,39.12,38.9,22.0
2015,2015-07-01,sz.300413,43.25,43.85,60.0
2015,2015-07-01,sz.300414,78.1,78.06,4.0
2015,2015-03-05,sz.300415,31.3,31.28,2.0
2015,2015-04-28,sz.300415,36.26,36.2,6.0
2015,2015-03-05,sz.300416,40.14,40.45,31.0
2015,2015-04-28,sz.300416,63.65,63.4,25.0
2015,2015-03-05,sz.300417,51.3,51.41,11.0
2015,2015-04-28,sz.300417,68.72,68.74,2.0
2015,2015-03-05,sz.300418,66.5,66.61,11.0
2015,2015-04-28,sz.300418,125.48,125.35,13.0
2015,2015-03-05,sz.300419,108.35,108.59,24.0
2015,2015-04-28,sz.300420,36.0,36.15,15.0
2015,2015-04-28,sz.300421,29.0,28.94,6.0
2015,2015-04-28,sz.300423,32.75,32.62,13.0
2015,2015-07-01,sz.300423,36.72,37.0,28.0
2015,2015-07-01,sz.300424,71.51,71.52,1.0
2015,2015-07-01,sz.300425,63.0,62.8,20.0
2015,2015-04-28,sz.300426,100.0,100.1,10.0
2015,2015-07-01,sz.300426,139.7,138.63,107.0
2015,2015-04-28,sz.300427,37.05,37.0,5.0
2015,2015-04-28,sz.300428,41.27,41.3,3.0
2015,2015-07-01,sz.300428,47.89,47.65,24.0
2015,2015-04-28,sz.300429,61.06,61.05,1.0
2015,2015-07-01,sz.300429,124.98,124.23,75.0
2015,2015-04-28,sz.300430,73.0,72.95,5.0
2015,2015-07-01,sz.300430,83.0,84.0,100.0
2015,2015-04-28,sz.300432,56.16,56.3,14.0
2015,2015-07-01,sz.300432,77.4,81.5,410.0
2015,2015-04-28,sz.300433,99.37,99.38,1.0
2015,2015-07-01,sz.300433,86.3,86.06,24.0
2015,2015-04-28,sz.300435,54.91,54.9,1.0
2015,2015-07-01,sz.300436,137.0,138.0,100.0
2015,2015-07-01,sz.300438,63.25,62.8,45.0
2015,2015-07-01,sz.300439,112.99,112.0,99.0
2015,2015-07-01,sz.300441,46.48,45.96,52.0
2015,2015-07-01,sz.300442,60.7,59.75,95.0
2015,2015-07-01,sz.300443,131.38,131.47,9.0
2015,2015-07-01,sz.300444,46.4,46.45,5.0
2015,2015-07-01,sz.300445,92.85,92.84,1.0
2015,2015-07-01,sz.300446,117.0,119.9,290.0
2015,2015-07-01,sz.300449,90.39,89.73,66.0
2015,2015-07-01,sz.300450,141.1,143.0,190.0
2015,2015-07-01,sz.300451,177.11,186.0,889.0
2015,2015-07-01,sz.300453,49.22,50.2,98.0
2015,2015-07-01,sz.300456,114.5,114.45,5.0
2015,2015-07-01,sz.300458,80.0,79.0,100.0
2015,2015-07-01,sz.300459,38.5,38.4,10.0
2015,2015-07-01,sz.300460,30.99,30.87,12.0
2015,2015-07-01,sz.300461,45.48,46.8,132.0
2015,2015-07-01,sz.300462,51.97,52.0,3.0
2015,2015-07-01,sz.300464,37.03,37.4,37.0
2015,2015-07-01,sz.300465,91.27,95.0,373.0
2015,2015-07-01,sz.300466,36.8,36.48,32.0
2015,2015-07-01,sz.300470,96.06,96.81,75.0
2015,2015-07-01,sz.300471,113.8,115.0,120.0
2015,2015-07-01,sz.300472,47.66,47.21,45.0
2015,2015-07-01,sz.300473,61.51,61.1,41.0
2015,2015-07-01,sz.300475,28.5,28.92,42.0
2015,2015-07-01,sz.300476,42.89,43.28,39.0
2015,2015-07-01,sz.300477,36.1,36.4,30.0
2015,2015-07-01,sz.300478,49.94,50.83,89.0
2016,2016-01-22,sz.000001,10.39,10.4,1.0
2016,2016-01-22,sz.000009,12.72,12.71,1.0
2016,2016-01-22,sz.000010,8.78,8.88,10.0
2016,2016-01-22,sz.000011,10.55,10.58,3.0
2016,2016-01-22,sz.000012,9.51,9.56,5.0
2016,2016-01-22,sz.000016,4.91,4.9,1.0
2016,2016-01-22,sz.000018,39.63,39.65,2.0
2016,2016-01-22,sz.000019,11.45,11.43,2.0
2016,2016-01-22,sz.000021,8.84,8.86,2.0
2016,2016-01-22,sz.000026,11.85,11.87,2.0
2016,2016-01-22,sz.000027,7.53,7.54,1.0
2016,2016-01-22,sz.000029,8.8,8.83,3.0
2016,2016-01-22,sz.000030,7.25,7.26,1.0
2016,2016-01-22,sz.000032,18.02,18.06,4.0
2016,2016-01-22,sz.000040,12.91,13.05,14.0
2016,2016-01-22,sz.000042,16.58,16.59,1.0
2016,2016-10-13,sz.000042,19.26,19.29,3.0
2016,2016-01-22,sz.000045,10.06,10.07,1.0
2016,2016-01-22,sz.000046,9.83,9.84,1.0
2016,2016-01-22,sz.000049,41.0,41.02,2.0
2016,2016-01-22,sz.000050,15.64,15.7,6.0
2016,2016-01-22,sz.000055,9.93,9.92,1.0
2016,2016-01-04,sz.000056,31.1,31.2,10.0
2016,2016-01-22,sz.000059,5.57,5.58,1.0
2016,2016-01-22,sz.000060,10.32,10.34,2.0
2016,2016-01-22,sz.000062,24.9,24.92,2.0
2016,2016-01-22,sz.000063,15.78,15.79,1.0
2016,2016-01-22,sz.000070,22.48,22.49,1.0
2016,2016-01-22,sz.000078,17.54,17.61,7.0
2016,2016-01-04,sz.000089,7.67,7.61,6.0
2016,2016-01-22,sz.000089,7.14,7.15,1.0
2016,2016-01-22,sz.000096,12.17,12.2,3.0
2016,2016-01-22,sz.000099,11.59,11.58,1.0
2016,2016-01-22,sz.000100,3.58,3.57,1.0
2016,2016-01-22,sz.000150,28.59,28.5,9.0
2016,2016-01-22,sz.000155,6.88,6.87,1.0
2016,2016-01-22,sz.000158,13.22,13.23,1.0
2016,2016-01-22,sz.000159,6.96,6.97,1.0
2016,2016-01-22,sz.000338,8.02,8.03,1.0
2016,2016-01-22,sz.000402,9.42,9.44,2.0
2016,2016-01-22,sz.000403,25.6,25.61,1.0
2016,2016-01-22,sz.000407,5.8,5.81,1.0
2016,2016-01-22,sz.000408,14.4,14.32,8.0
2016,2016-01-22,sz.000409,9.02,9.03,1.0
2016,2016-01-22,sz.000410,18.2,18.22,2.0
2016,2016-01-22,sz.000411,17.69,17.75,6.0
2016,2016-01-22,sz.000420,7.26,7.25,1.0
2016,2016-01-22,sz.000422,6.43,6.42,1.0
2016,2016-01-22,sz.000423,43.26,43.27,1.0
2016,2016-01-22,sz.000428,7.08,7.09,1.0
2016,2016-01-22,sz.000488,7.08,7.09,1.0
2016,2016-01-04,sz.000501,19.26,19.27,1.0
2016,2016-01-22,sz.000502,24.43,24.45,2.0
2016,2016-01-22,sz.000503,25.08,25.1,2.0
2016,2016-01-22,sz.000504,22.7,22.69,1.0
2016,2016-01-22,sz.000505,7.13,7.12,1.0
2016,2016-01-04,sz.000506,8.63,8.62,1.0
2016,2016-01-22,sz.000506,7.43,7.44,1.0
2016,2016-01-22,sz.000507,5.71,5.72,1.0
2016,2016-01-22,sz.000509,6.01,6.02,1.0
2016,2016-01-22,sz.000513,43.67,43.61,6.0
2016,2016-01-22,sz.000516,15.78,15.81,3.0
2016,2016-01-22,sz.000518,7.01,7.0,1.0
2016,2016-01-22,sz.000524,13.97,13.96,1.0
2016,2016-01-22,sz.000525,13.18,13.17,1.0
2016,2016-01-22,sz.000526,54.9,54.91,1.0
2016,2016-01-22,sz.000529,8.73,8.74,1.0
2016,2016-01-04,sz.000530,17.13,17.14,1.0
2016,2016-01-22,sz.000530,14.65,14.69,4.0
2016,2016-01-22,sz.000531,9.67,9.68,1.0
2016,2016-01-22,sz.000532,17.21,17.2,1.0
2016,2016-01-22,sz.000536,10.88,10.87,1.0
2016,2016-01-22,sz.000537,7.61,7.68,7.0
2016,2016-01-22,sz.000538,59.48,59.3,18.0
2016,2016-01-22,sz.000540,7.1,7.11,1.0
2016,2016-01-22,sz.000541,10.87,10.86,1.0
2016,2016-01-22,sz.000543,6.73,6.74,1.0
2016,2016-01-22,sz.000544,14.13,14.14,1.0
2016,2016-01-22,sz.000546,11.13,11.14,1.0
2016,2016-01-22,sz.000548,7.68,7.69,1.0
2016,2016-01-04,sz.000550,27.21,27.32,11.0
2016,2016-01-22,sz.000550,26.96,26.99,3.0
2016,2016-01-22,sz.000555,29.58,29.6,2.0
2016,2016-01-22,sz.000557,5.64,5.65,1.0
2016,2016-01-22,sz.000561,10.29,10.28,1.0
2016,2016-01-04,sz.000567,26.31,26.33,2.0
2016,2016-01-22,sz.000568,22.01,22.05,4.0
2016,2016-01-22,sz.000570,7.84,7.85,1.0
2016,2016-01-22,sz.000572,4.91,4.92,1.0
2016,2016-01-22,sz.000573,7.19,7.2,1.0
2016,2016-01-22,sz.000576,16.87,16.86,1.0
2016,2016-01-22,sz.000581,18.22,18.23,1.0
2016,2016-01-22,sz.000582,16.36,16.37,1.0
2016,2016-01-22,sz.000586,20.2,20.28,8.0
2016,2016-01-22,sz.000587,17.45,17.33,12.0
2016,2016-01-22,sz.000589,5.8,5.81,1.0
2016,2016-01-22,sz.000590,18.15,18.13,2.0
2016,2016-01-22,sz.000593,10.29,10.3,1.0
2016,2016-01-22,sz.000595,10.01,10.03,2.0
2016,2016-01-22,sz.000597,9.46,9.47,1.0
2016,2016-01-22,sz.000600,8.66,8.67,1.0
2016,2016-01-22,sz.000603,14.74,15.11,37.0
2016,2016-01-22,sz.000605,17.71,17.7,1.0
2016,2016-01-22,sz.000606,11.81,11.82,1.0
2016,2016-01-22,sz.000609,10.1,10.11,1.0
2016,2016-01-22,sz.000610,11.12,11.1,2.0
2016,2016-01-22,sz.000611,8.2,8.23,3.0
2016,2016-01-22,sz.000612,6.1,6.09,1.0
2016,2016-01-04,sz.000613,15.52,15.46,6.0
2016,2016-01-22,sz.000617,10.18,10.16,2.0
2016,2016-01-22,sz.000623,25.5,25.49,1.0
2016,2016-01-22,sz.000625,14.55,14.57,2.0
2016,2016-01-22,sz.000627,7.87,7.88,1.0
2016,2016-01-22,sz.000628,12.06,12.05,1.0
2016,2016-01-22,sz.000630,2.9,2.89,1.0
2016,2016-01-22,sz.000631,6.76,6.75,1.0
2016,2016-01-22,sz.000635,10.59,10.58,1.0
2016,2016-01-22,sz.000637,6.32,6.33,1.0
2016,2016-01-22,sz.000639,13.61,13.62,1.0
2016,2016-08-18,sz.000659,6.06,6.07,1.0
2016,2016-01-22,sz.000662,19.08,19.1,2.0
2016,2016-01-22,sz.000668,21.03,21.01,2.0
2016,2016-01-22,sz.000670,10.06,10.08,2.0
2016,2016-01-22,sz.000672,6.79,6.8,1.0
2016,2016-01-22,sz.000676,24.62,24.6,2.0
2016,2016-01-22,sz.000679,13.07,13.09,2.0
2016,2016-01-22,sz.000681,27.96,27.91,5.0
2016,2016-01-22,sz.000683,4.4,4.42,2.0
2016,2016-01-22,sz.000685,11.51,11.56,5.0
2016,2016-01-22,sz.000690,7.19,7.18,1.0
2016,2016-01-22,sz.000697,20.4,20.47,7.0
2016,2016-01-22,sz.000700,19.29,19.35,6.0
2016,2016-01-22,sz.000701,17.07,17.1,3.0
2016,2016-01-22,sz.000703,8.79,8.77,2.0
2016,2016-01-22,sz.000705,14.1,14.09,1.0
2016,2016-01-22,sz.000707,6.2,6.21,1.0
2016,2016-01-22,sz.000708,9.15,9.16,1.0
2016,2016-01-22,sz.000709,3.23,3.24,1.0
2016,2016-10-19,sz.000711,32.65,32.54,11.0
2016,2016-01-22,sz.000713,9.38,9.39,1.0
2016,2016-01-22,sz.000715,10.17,10.18,1.0
2016,2016-01-22,sz.000726,10.96,10.9,6.0
2016,2016-01-04,sz.000732,22.15,22.17,2.0
2016,2016-01-22,sz.000732,21.99,21.89,10.0
2016,2016-01-22,sz.000733,18.75,18.78,3.0
2016,2016-01-22,sz.000735,6.24,6.25,1.0
2016,2016-01-22,sz.000739,6.66,6.68,2.0
2016,2016-01-22,sz.000751,4.78,4.79,1.0
2016,2016-01-22,sz.000755,6.66,6.68,2.0
2016,2016-01-22,sz.000757,8.31,8.32,1.0
2016,2016-01-22,sz.000758,13.32,13.31,1.0
2016,2016-01-04,sz.000759,7.8,7.78,2.0
2016,2016-01-22,sz.000760,15.12,15.14,2.0
2016,2016-01-22,sz.000761,5.96,5.98,2.0
2016,2016-01-22,sz.000762,20.13,20.11,2.0
2016,2016-01-22,sz.000767,4.9,4.91,1.0
2016,2016-01-22,sz.000768,19.03,19.04,1.0
2016,2016-01-22,sz.000777,23.72,23.75,3.0
2016,2016-01-22,sz.000779,26.54,26.49,5.0
2016,2016-01-22,sz.000782,9.71,9.7,1.0
2016,2016-01-22,sz.000785,16.16,16.17,1.0
2016,2016-01-22,sz.000786,8.97,8.96,1.0
2016,2016-01-22,sz.000788,10.77,10.78,1.0
2016,2016-01-22,sz.000789,6.54,6.57,3.0
2016,2016-01-22,sz.000790,10.39,10.4,1.0
2016,2016-01-22,sz.000792,18.75,18.78,3.0
2016,2016-01-22,sz.000797,15.9,15.91,1.0
2016,2016-01-22,sz.000798,10.56,10.54,2.0
2016,2016-01-22,sz.000800,12.46,12.47,1.0
2016,2016-01-22,sz.000801,24.68,24.65,3.0
2016,2016-01-22,sz.000807,6.06,6.07,1.0
2016,2016-01-22,sz.000809,4.58,4.57,1.0
2016,2016-01-22,sz.000811,11.54,11.55,1.0
2016,2016-01-22,sz.000819,26.79,26.81,2.0
2016,2016-01-22,sz.000820,11.9,11.88,2.0
2016,2016-01-22,sz.000821,14.59,14.6,1.0
2016,2016-01-22,sz.000828,10.25,10.26,1.0
2016,2016-01-22,sz.000831,15.26,15.27,1.0
2016,2016-01-22,sz.000833,10.2,10.21,1.0
2016,2016-01-22,sz.000835,14.64,14.71,7.0
2016,2016-01-22,sz.000837,9.75,9.76,1.0
2016,2016-01-22,sz.000838,57.72,58.0,28.0
2016,2016-01-22,sz.000859,4.81,4.8,1.0
2016,2016-01-22,sz.000862,6.7,6.63,7.0
2016,2016-01-22,sz.000863,8.78,8.77,1.0
2016,2016-01-22,sz.000868,6.61,6.6,1.0
2016,2016-01-22,sz.000869,35.6,35.5,10.0
2016,2016-01-22,sz.000875,7.05,7.07,2.0
2016,2016-01-22,sz.000878,10.19,10.2,1.0
2016,2016-01-04,sz.000880,15.1,14.93,17.0
2016,2016-01-22,sz.000880,11.34,11.26,8.0
2016,2016-01-22,sz.000881,17.01,17.0,1.0
2016,2016-01-22,sz.000885,12.51,12.52,1.0
2016,2016-01-22,sz.000889,9.99,9.97,2.0
2016,2016-01-22,sz.000890,9.23,9.22,1.0
2016,2016-01-22,sz.000897,5.05,5.07,2.0
2016,2016-01-22,sz.000898,4.52,4.51,1.0
2016,2016-01-22,sz.000900,6.8,6.79,1.0
2016,2016-01-22,sz.000902,27.4,27.6,20.0
2016,2016-01-22,sz.000903,7.03,7.04,1.0
2016,2016-01-22,sz.000905,9.24,9.22,2.0
2016,2016-01-22,sz.000906,11.61,11.67,6.0
2016,2016-01-22,sz.000911,13.41,13.5,9.0
2016,2016-01-22,sz.000912,5.6,5.61,1.0
2016,2016-01-04,sz.000915,31.66,31.64,2.0
2016,2016-01-22,sz.000915,26.67,26.68,1.0
2016,2016-01-22,sz.000916,4.81,4.82,1.0
2016,2016-01-22,sz.000917,17.47,17.5,3.0
2016,2016-01-22,sz.000918,4.04,4.05,1.0
2016,2016-01-22,sz.000922,9.57,9.59,2.0
2016,2016-01-22,sz.000923,11.96,11.99,3.0
2016,2016-01-22,sz.000927,5.42,5.41,1.0
2016,2016-01-22,sz.000928,13.91,13.92,1.0
2016,2016-01-22,sz.000935,5.82,5.83,1.0
2016,2016-01-22,sz.000938,69.63,69.64,1.0
2016,2016-01-22,sz.000948,17.71,17.72,1.0
2016,2016-01-22,sz.000949,4.35,4.36,1.0
2016,2016-01-22,sz.000950,6.7,6.71,1.0
2016,2016-01-22,sz.000951,16.64,16.63,1.0
2016,2016-01-22,sz.000953,11.65,11.66,1.0
2016,2016-01-22,sz.000958,15.85,15.86,1.0
2016,2016-01-22,sz.000960,10.21,10.2,1.0
2016,2016-01-22,sz.000961,12.65,12.62,3.0
2016,2016-01-22,sz.000962,9.49,9.51,2.0
2016,2016-01-04,sz.000963,77.57,76.94,63.0
2016,2016-09-28,sz.000963,67.3,67.31,1.0
2016,2016-01-04,sz.000966,13.81,13.83,2.0
2016,2016-01-22,sz.000966,12.92,12.94,2.0
2016,2016-01-04,sz.000967,24.4,24.42,2.0
2016,2016-01-22,sz.000967,18.59,18.58,1.0
2016,2016-01-22,sz.000969,9.74,9.75,1.0
2016,2016-01-22,sz.000970,10.94,10.95,1.0
2016,2016-01-22,sz.000975,9.21,9.22,1.0
2016,2016-01-04,sz.000976,10.53,10.55,2.0
2016,2016-01-22,sz.000977,23.18,23.17,1.0
2016,2016-01-22,sz.000978,12.76,12.75,1.0
2016,2016-01-22,sz.000983,6.83,6.82,1.0
2016,2016-01-22,sz.000985,19.8,19.82,2.0
2016,2016-01-22,sz.000988,15.28,15.29,1.0
2016,2016-01-22,sz.000990,16.53,16.54,1.0
2016,2016-01-22,sz.000997,18.35,18.36,1.0
2016,2016-01-22,sz.000998,18.05,18.07,2.0
2016,2016-01-22,sz.000999,22.11,22.14,3.0
2016,2016-01-22,sz.002002,16.43,16.39,4.0
2016,2016-01-22,sz.002004,10.28,10.27,1.0
2016,2016-01-22,sz.002005,6.83,6.84,1.0
2016,2016-01-22,sz.002007,42.25,42.26,1.0
2016,2016-01-22,sz.002009,16.21,16.37,16.0
2016,2016-01-22,sz.002013,18.79,18.8,1.0
2016,2016-01-22,sz.002015,8.09,8.1,1.0
2016,2016-01-22,sz.002017,14.48,14.49,1.0
2016,2016-01-22,sz.002019,46.5,46.49,1.0
2016,2016-01-22,sz.002020,29.49,29.5,1.0
2016,2016-01-22,sz.002022,20.81,20.83,2.0
2016,2016-01-22,sz.002025,19.45,19.44,1.0
2016,2016-01-22,sz.002026,12.8,12.82,2.0
2016,2016-01-22,sz.002028,14.95,14.97,2.0
2016,2016-01-22,sz.002030,32.79,32.8,1.0
2016,2016-01-22,sz.002033,14.94,14.92,2.0
2016,2016-01-22,sz.002035,14.3,14.31,1.0
2016,2016-01-22,sz.002037,16.53,16.48,5.0
2016,2016-01-22,sz.002038,27.01,27.0,1.0
2016,2016-01-04,sz.002039,18.17,18.19,2.0
2016,2016-01-22,sz.002039,15.92,15.95,3.0
2016,2016-01-22,sz.002041,14.25,14.26,1.0
2016,2016-01-22,sz.002042,8.52,8.43,9.0
2016,2016-01-04,sz.002046,12.1,12.08,2.0
2016,2016-01-22,sz.002046,9.54,9.55,1.0
2016,2016-01-22,sz.002047,9.39,9.38,1.0
2016,2016-01-22,sz.002050,7.4,7.42,2.0
2016,2016-01-22,sz.002054,11.34,11.35,1.0
2016,2016-01-22,sz.002058,19.1,19.14,4.0
2016,2016-01-22,sz.002059,8.81,8.82,1.0
2016,2016-01-22,sz.002060,7.1,7.11,1.0
2016,2016-01-22,sz.002062,7.3,7.31,1.0
2016,2016-01-22,sz.002067,6.45,6.46,1.0
2016,2016-01-22,sz.002068,6.08,6.1,2.0
2016,2016-01-22,sz.002070,18.73,18.78,5.0
2016,2016-01-22,sz.002073,12.31,12.33,2.0
2016,2016-01-22,sz.002076,11.95,11.99,4.0
2016,2016-01-22,sz.002077,17.41,17.37,4.0
2016,2016-01-22,sz.002078,4.38,4.39,1.0
2016,2016-01-22,sz.002080,20.98,21.0,2.0
2016,2016-01-22,sz.002084,9.65,9.64,1.0
2016,2016-01-04,sz.002086,27.0,27.08,8.0
2016,2016-01-22,sz.002086,17.01,17.05,4.0
2016,2016-01-22,sz.002088,12.66,12.65,1.0
2016,2016-01-22,sz.002090,27.89,27.92,3.0
2016,2016-01-22,sz.002091,17.34,17.36,2.0
2016,2016-01-22,sz.002093,9.96,9.97,1.0
2016,2016-01-22,sz.002096,17.14,17.95,81.0
2016,2016-01-22,sz.002098,10.19,10.2,1.0
2016,2016-01-22,sz.002102,11.36,11.39,3.0
2016,2016-01-22,sz.002104,17.4,17.41,1.0
2016,2016-01-22,sz.002106,8.93,8.95,2.0
2016,2016-01-22,sz.002108,14.53,14.51,2.0
2016,2016-01-22,sz.002110,5.88,5.89,1.0
2016,2016-01-22,sz.002113,30.75,30.81,6.0
2016,2016-01-22,sz.002114,14.68,14.75,7.0
2016,2016-01-22,sz.002116,13.29,13.26,3.0
2016,2016-01-22,sz.002117,35.6,35.8,20.0
2016,2016-01-22,sz.002118,15.3,15.31,1.0
2016,2016-01-22,sz.002122,6.57,6.58,1.0
2016,2016-01-22,sz.002123,20.4,20.39,1.0
2016,2016-01-22,sz.002125,15.97,15.94,3.0
2016,2016-01-22,sz.002127,15.85,15.8,5.0
2016,2016-01-22,sz.002128,7.48,7.5,2.0
2016,2016-01-22,sz.002129,9.2,9.22,2.0
2016,2016-01-22,sz.002130,16.91,16.9,1.0
2016,2016-01-22,sz.002131,17.56,17.58,2.0
2016,2016-01-22,sz.002132,6.39,6.4,1.0
2016,2016-01-22,sz.002134,11.5,11.51,1.0
2016,2016-01-22,sz.002138,11.16,11.17,1.0
2016,2016-01-22,sz.002140,15.8,15.85,5.0
2016,2016-01-22,sz.002141,25.55,25.53,2.0
2016,2016-01-22,sz.002142,13.03,13.05,2.0
2016,2016-01-22,sz.002144,23.39,23.4,1.0
2016,2016-01-22,sz.002145,14.21,14.25,4.0
2016,2016-01-22,sz.002148,14.99,15.0,1.0
2016,2016-01-22,sz.002149,18.29,18.26,3.0
2016,2016-01-22,sz.002151,37.76,37.78,2.0
2016,2016-01-22,sz.002152,24.02,24.05,3.0
2016,2016-01-22,sz.002153,87.38,87.25,13.0
2016,2016-01-22,sz.002154,5.61,5.6,1.0
2016,2016-01-22,sz.002155,7.97,7.98,1.0
2016,2016-01-22,sz.002156,12.39,12.42,3.0
2016,2016-01-22,sz.002157,16.14,16.15,1.0
2016,2016-01-04,sz.002159,28.66,28.68,2.0
2016,2016-01-22,sz.002159,21.93,21.88,5.0
2016,2016-01-22,sz.002161,14.02,14.07,5.0
2016,2016-01-22,sz.002162,9.3,9.31,1.0
2016,2016-01-22,sz.002163,7.16,7.17,1.0
2016,2016-01-22,sz.002168,8.47,8.48,1.0
2016,2016-01-22,sz.002169,15.48,15.49,1.0
2016,2016-01-22,sz.002170,9.4,9.39,1.0
2016,2016-01-22,sz.002171,16.36,16.35,1.0
2016,2016-01-22,sz.002172,10.53,10.55,2.0
2016,2016-01-22,sz.002173,22.22,22.23,1.0
2016,2016-11-09,sz.002173,20.4,20.39,1.0
2016,2016-01-22,sz.002175,45.4,45.43,3.0
2016,2016-01-22,sz.002177,8.01,8.0,1.0
2016,2016-01-04,sz.002180,41.93,41.98,5.0
2016,2016-01-22,sz.002182,12.68,12.66,2.0
2016,2016-01-22,sz.002183,29.9,29.95,5.0
2016,2016-01-22,sz.002185,13.57,13.59,2.0
2016,2016-01-04,sz.002187,14.81,14.82,1.0
2016,2016-01-22,sz.002188,31.0,31.5,50.0
2016,2016-01-22,sz.002195,26.44,26.45,1.0
2016,2016-01-22,sz.002196,27.05,27.06,1.0
2016,2016-01-22,sz.002197,20.08,20.1,2.0
2016,2016-01-04,sz.002198,9.86,9.85,1.0
2016,2016-01-22,sz.002198,7.94,7.95,1.0
2016,2016-01-22,sz.002200,19.57,19.6,3.0
2016,2016-01-22,sz.002202,17.15,17.16,1.0
2016,2016-01-04,sz.002205,35.46,35.5,4.0
2016,2016-01-22,sz.002206,13.6,13.58,2.0
2016,2016-01-22,sz.002208,19.08,19.09,1.0
2016,2016-01-22,sz.002210,17.75,17.73,2.0
2016,2016-01-22,sz.002212,9.3,9.31,1.0
2016,2016-01-22,sz.002213,15.46,15.5,4.0
2016,2016-01-22,sz.002214,11.82,11.83,1.0
2016,2016-01-22,sz.002217,11.94,11.95,1.0
2016,2016-01-22,sz.002218,8.38,8.37,1.0
2016,2016-01-04,sz.002220,15.65,15.29,36.0
2016,2016-01-22,sz.002221,19.13,19.16,3.0
2016,2016-01-22,sz.002223,29.44,29.43,1.0
2016,2016-01-22,sz.002224,17.28,17.34,6.0
2016,2016-01-22,sz.002226,7.02,7.03,1.0
2016,2016-01-22,sz.002229,19.25,19.28,3.0
2016,2016-01-22,sz.002230,26.68,26.67,1.0
2016,2016-01-22,sz.002233,9.25,9.24,1.0
2016,2016-01-04,sz.002234,16.3,16.33,3.0
2016,2016-01-22,sz.002234,14.48,14.49,1.0
2016,2016-01-22,sz.002235,33.58,33.6,2.0
2016,2016-01-22,sz.002236,33.96,33.98,2.0
2016,2016-01-22,sz.002241,27.73,27.69,4.0
2016,2016-01-22,sz.002243,10.83,10.85,2.0
2016,2016-01-22,sz.002245,7.87,7.85,2.0
2016,2016-01-22,sz.002250,15.34,15.38,4.0
2016,2016-01-22,sz.002251,12.04,12.09,5.0
2016,2016-01-22,sz.002252,39.0,38.88,12.0
2016,2016-01-22,sz.002253,36.97,37.0,3.0
2016,2016-01-22,sz.002254,13.63,13.62,1.0
2016,2016-01-22,sz.002256,16.11,16.12,1.0
2016,2016-01-22,sz.002259,7.3,7.32,2.0
2016,2016-01-22,sz.002262,21.73,21.74,1.0
2016,2016-01-22,sz.002263,6.45,6.46,1.0
2016,2016-01-22,sz.002264,6.4,6.44,4.0
2016,2016-01-22,sz.002265,11.56,11.57,1.0
2016,2016-01-22,sz.002266,6.37,6.38,1.0
2016,2016-01-22,sz.002268,35.8,35.79,1.0
2016,2016-01-22,sz.002271,14.79,14.81,2.0
2016,2016-01-22,sz.002272,8.29,8.3,1.0
2016,2016-01-22,sz.002275,17.28,17.29,1.0
2016,2016-01-22,sz.002276,22.2,22.23,3.0
2016,2016-01-22,sz.002277,10.63,10.62,1.0
2016,2016-01-22,sz.002281,51.03,51.1,7.0
2016,2016-01-22,sz.002282,12.58,12.56,2.0
2016,2016-01-22,sz.002283,14.79,14.8,1.0
2016,2016-01-22,sz.002284,15.75,15.9,15.0
2016,2016-01-22,sz.002285,11.63,11.68,5.0
2016,2016-01-22,sz.002287,28.98,29.02,4.0
2016,2016-01-22,sz.002289,24.52,24.54,2.0
2016,2016-01-22,sz.002290,22.35,22.37,2.0
2016,2016-01-22,sz.002291,11.14,11.12,2.0
2016,2016-01-22,sz.002292,32.89,32.88,1.0
2016,2016-01-22,sz.002294,25.84,25.8,4.0
2016,2016-01-22,sz.002295,14.14,14.13,1.0
2016,2016-01-22,sz.002296,15.56,15.58,2.0
2016,2016-01-22,sz.002297,10.66,10.67,1.0
2016,2016-01-22,sz.002299,18.38,18.25,13.0
2016,2016-01-22,sz.002300,9.18,9.2,2.0
2016,2016-01-22,sz.002301,16.13,16.1,3.0
2016,2016-01-04,sz.002302,16.13,16.22,9.0
2016,2016-01-22,sz.002302,14.81,14.82,1.0
2016,2016-01-22,sz.002304,58.16,58.11,5.0
2016,2016-01-22,sz.002308,16.14,16.15,1.0
2016,2016-01-22,sz.002309,14.13,14.15,2.0
2016,2016-01-22,sz.002310,19.08,19.07,1.0
2016,2016-01-22,sz.002315,75.33,75.39,6.0
2016,2016-01-22,sz.002318,10.66,10.68,2.0
2016,2016-01-22,sz.002319,14.61,14.64,3.0
2016,2016-01-22,sz.002320,16.92,16.9,2.0
2016,2016-01-22,sz.002322,19.19,19.18,1.0
2016,2016-01-22,sz.002323,27.55,27.51,4.0
2016,2016-01-22,sz.002324,26.62,26.63,1.0
2016,2016-01-22,sz.002328,8.88,8.9,2.0
2016,2016-01-22,sz.002331,18.22,18.23,1.0
2016,2016-01-22,sz.002332,10.97,10.98,1.0
2016,2016-01-22,sz.002333,19.3,19.33,3.0
2016,2016-01-22,sz.002336,10.7,10.72,2.0
2016,2016-01-22,sz.002337,7.33,7.34,1.0
2016,2016-01-22,sz.002338,58.75,58.7,5.0
2016,2016-01-22,sz.002339,17.44,17.45,1.0
2016,2016-01-22,sz.002340,11.16,11.19,3.0
2016,2016-01-22,sz.002342,6.04,6.03,1.0
2016,2016-01-22,sz.002343,46.86,46.84,2.0
2016,2016-01-22,sz.002345,11.33,11.32,1.0
2016,2016-01-22,sz.002348,11.66,11.77,11.0
2016,2016-01-04,sz.002350,18.4,18.36,4.0
2016,2016-01-22,sz.002351,18.11,18.1,1.0
2016,2016-01-04,sz.002352,28.96,28.84,12.0
2016,2016-01-22,sz.002352,23.6,23.65,5.0
2016,2016-01-22,sz.002353,17.25,17.27,2.0
2016,2016-01-04,sz.002354,86.5,86.38,12.0
2016,2016-01-22,sz.002354,80.34,80.6,26.0
2016,2016-01-22,sz.002355,21.0,20.9,10.0
2016,2016-01-22,sz.002357,12.5,12.51,1.0
2016,2016-01-22,sz.002358,13.13,13.14,1.0
2016,2016-01-22,sz.002359,28.63,28.65,2.0
2016,2016-01-22,sz.002362,23.7,23.79,9.0
2016,2016-01-22,sz.002365,16.03,16.04,1.0
2016,2016-01-22,sz.002366,48.2,47.8,40.0
2016,2016-01-22,sz.002369,8.96,8.97,1.0
2016,2016-01-22,sz.002370,26.63,26.66,3.0
2016,2016-01-22,sz.002371,25.84,25.87,3.0
2016,2016-01-22,sz.002372,14.57,14.58,1.0
2016,2016-01-22,sz.002374,13.08,13.09,1.0
2016,2016-01-22,sz.002375,11.74,11.76,2.0
2016,2016-01-22,sz.002376,13.92,13.93,1.0
2016,2016-01-22,sz.002380,32.2,32.18,2.0
2016,2016-01-22,sz.002382,22.58,22.6,2.0
2016,2016-01-22,sz.002384,18.99,19.0,1.0
2016,2016-01-22,sz.002385,9.82,9.83,1.0
2016,2016-01-22,sz.002386,6.18,6.21,3.0
2016,2016-01-22,sz.002388,7.8,7.82,2.0
2016,2016-01-22,sz.002389,13.55,13.56,1.0
2016,2016-01-04,sz.002390,13.02,13.06,4.0
2016,2016-01-04,sz.002394,17.0,16.89,11.0
2016,2016-01-22,sz.002394,15.55,15.58,3.0
2016,2016-01-22,sz.002395,23.43,23.41,2.0
2016,2016-01-22,sz.002396,16.86,16.85,1.0
2016,2016-01-22,sz.002399,27.24,27.25,1.0
2016,2016-01-22,sz.002400,19.66,19.65,1.0
2016,2016-01-22,sz.002402,20.58,20.59,1.0
2016,2016-01-22,sz.002403,11.4,11.42,2.0
2016,2016-01-22,sz.002407,73.5,73.39,11.0
2016,2016-11-25,sz.002409,23.96,23.97,1.0
2016,2016-01-22,sz.002412,18.22,18.21,1.0
2016,2016-01-22,sz.002413,44.3,44.29,1.0
2016,2016-01-22,sz.002415,25.95,25.97,2.0
2016,2016-01-22,sz.002418,28.49,28.5,1.0
2016,2016-01-04,sz.002419,12.27,12.25,2.0
2016,2016-01-22,sz.002419,11.67,11.7,3.0
2016,2016-01-22,sz.002420,8.58,8.59,1.0
2016,2016-01-22,sz.002421,14.9,14.95,5.0
2016,2016-01-22,sz.002422,15.38,15.44,6.0
2016,2016-01-22,sz.002423,11.76,11.79,3.0
2016,2016-01-22,sz.002426,20.4,20.41,1.0
2016,2016-01-22,sz.002428,19.52,19.51,1.0
2016,2016-01-22,sz.002429,8.36,8.38,2.0
2016,2016-01-22,sz.002430,8.21,8.24,3.0
2016,2016-01-22,sz.002431,17.64,17.66,2.0
2016,2016-01-22,sz.002432,18.61,18.7,9.0
2016,2016-01-22,sz.002436,14.72,14.73,1.0
2016,2016-01-04,sz.002437,27.7,27.62,8.0
2016,2016-01-22,sz.002437,23.42,23.45,3.0
2016,2016-01-22,sz.002439,24.18,24.2,2.0
2016,2016-01-22,sz.002440,15.0,15.01,1.0
2016,2016-01-22,sz.002442,13.88,13.89,1.0
2016,2016-01-22,sz.002447,6.91,6.92,1.0
2016,2016-01-22,sz.002448,10.47,10.46,1.0
2016,2016-01-22,sz.002449,11.35,11.36,1.0
2016,2016-01-22,sz.002452,11.78,11.79,1.0
2016,2016-01-22,sz.002455,7.61,7.62,1.0
2016,2016-01-22,sz.002456,24.34,24.35,1.0
2016,2016-01-22,sz.002457,9.8,9.82,2.0
2016,2016-01-22,sz.002459,15.42,15.45,3.0
2016,2016-01-22,sz.002460,43.89,43.88,1.0
2016,2016-01-22,sz.002461,12.02,11.98,4.0
2016,2016-01-22,sz.002462,36.96,36.95,1.0
2016,2016-01-22,sz.002464,56.15,56.01,14.0
2016,2016-01-22,sz.002466,119.9,120.0,10.0
2016,2016-01-22,sz.002467,14.36,14.4,4.0
2016,2016-01-22,sz.002468,33.3,33.32,2.0
2016,2016-01-22,sz.002469,12.56,12.55,1.0
2016,2016-01-22,sz.002470,16.82,16.81,1.0
2016,2016-01-22,sz.002471,7.11,7.13,2.0
2016,2016-01-22,sz.002472,22.05,22.06,1.0
2016,2016-01-22,sz.002475,26.0,26.02,2.0
2016,2016-01-22,sz.002477,12.39,12.5,11.0
2016,2016-01-22,sz.002478,11.5,11.49,1.0
2016,2016-01-04,sz.002480,11.54,11.53,1.0
2016,2016-01-22,sz.002480,9.53,9.54,1.0
2016,2016-01-22,sz.002481,7.86,7.87,1.0
2016,2016-01-22,sz.002486,4.78,4.79,1.0
2016,2016-01-22,sz.002487,9.61,9.62,1.0
2016,2016-01-22,sz.002490,7.59,7.57,2.0
2016,2016-01-22,sz.002491,13.47,13.48,1.0
2016,2016-01-22,sz.002492,10.77,10.81,4.0
2016,2016-01-22,sz.002494,17.63,17.65,2.0
2016,2016-01-22,sz.002495,6.0,5.99,1.0
2016,2016-01-22,sz.002496,22.16,22.18,2.0
2016,2016-01-22,sz.002499,18.31,18.33,2.0
2016,2016-01-22,sz.002500,12.1,12.11,1.0
2016,2016-01-22,sz.002503,14.8,14.79,1.0
2016,2016-01-22,sz.002504,24.69,24.8,11.0
2016,2016-01-22,sz.002506,8.43,8.45,2.0
2016,2016-01-04,sz.002507,17.01,16.97,4.0
2016,2016-01-22,sz.002508,39.11,39.12,1.0
2016,2016-01-04,sz.002512,20.5,20.4,10.0
2016,2016-07-18,sz.002513,14.84,14.83,1.0
2016,2016-01-22,sz.002514,22.0,22.12,12.0
2016,2016-01-22,sz.002516,10.82,10.81,1.0
2016,2016-01-22,sz.002517,48.8,48.78,2.0
2016,2016-01-22,sz.002518,28.88,28.89,1.0
2016,2016-01-22,sz.002519,18.42,18.46,4.0
2016,2016-01-22,sz.002520,19.29,19.28,1.0
2016,2016-01-22,sz.002521,9.23,9.24,1.0
2016,2016-01-22,sz.002524,7.13,7.14,1.0
2016,2016-01-22,sz.002529,16.23,16.25,2.0
2016,2016-01-22,sz.002531,10.23,10.24,1.0
2016,2016-01-22,sz.002534,14.06,14.2,14.0
2016,2016-01-22,sz.002536,56.09,56.15,6.0
2016,2016-01-22,sz.002538,9.43,9.44,1.0
2016,2016-01-22,sz.002543,14.24,14.26,2.0
2016,2016-01-22,sz.002545,8.37,8.41,4.0
2016,2016-01-22,sz.002546,26.06,26.09,3.0
2016,2016-01-22,sz.002547,10.08,10.1,2.0
2016,2016-01-22,sz.002549,9.93,9.83,10.0
2016,2016-01-22,sz.002551,22.92,22.75,17.0
2016,2016-01-22,sz.002552,13.75,13.83,8.0
2016,2016-01-22,sz.002553,9.91,9.9,1.0
2016,2016-01-22,sz.002555,36.09,36.12,3.0
2016,2016-01-22,sz.002556,14.12,14.13,1.0
2016,2016-01-22,sz.002559,11.8,11.82,2.0
2016,2016-01-22,sz.002560,36.79,36.8,1.0
2016,2016-01-22,sz.002561,13.18,13.17,1.0
2016,2016-01-22,sz.002563,10.15,10.16,1.0
2016,2016-01-22,sz.002566,13.18,13.17,1.0
2016,2016-01-22,sz.002568,29.63,29.62,1.0
2016,2016-01-22,sz.002576,19.01,18.99,2.0
2016,2016-01-22,sz.002577,34.31,34.32,1.0
2016,2016-01-22,sz.002579,10.04,10.07,3.0
2016,2016-01-22,sz.002580,14.25,14.26,1.0
2016,2016-01-22,sz.002583,9.53,9.54,1.0
2016,2016-01-22,sz.002584,37.17,37.22,5.0
2016,2016-01-22,sz.002586,9.28,9.29,1.0
2016,2016-01-22,sz.002588,28.26,28.25,1.0
2016,2016-01-22,sz.002589,27.72,27.7,2.0
2016,2016-01-22,sz.002590,17.71,17.73,2.0
2016,2016-01-22,sz.002592,29.15,29.16,1.0
2016,2016-01-22,sz.002593,29.0,29.07,7.0
2016,2016-01-22,sz.002595,18.37,18.4,3.0
2016,2016-01-22,sz.002596,30.1,30.0,10.0
2016,2016-01-22,sz.002598,10.02,10.05,3.0
2016,2016-01-22,sz.002599,32.06,32.09,3.0
2016,2016-01-22,sz.002601,35.39,35.4,1.0
2016,2016-01-22,sz.002603,13.42,13.4,2.0
2016,2016-01-22,sz.002610,9.59,9.58,1.0
2016,2016-01-22,sz.002611,10.38,10.44,6.0
2016,2016-01-22,sz.002613,6.78,6.8,2.0
2016,2016-01-22,sz.002615,25.85,25.88,3.0
2016,2016-01-22,sz.002616,17.2,17.25,5.0
2016,2016-01-22,sz.002617,26.28,26.3,2.0
2016,2016-01-22,sz.002618,32.31,32.36,5.0
2016,2016-01-22,sz.002620,28.05,28.1,5.0
2016,2016-01-04,sz.002621,21.21,21.19,2.0
2016,2016-01-22,sz.002621,17.15,17.07,8.0
2016,2016-01-22,sz.002623,36.9,36.93,3.0
2016,2016-01-22,sz.002626,15.26,15.27,1.0
2016,2016-01-04,sz.002627,26.34,26.33,1.0
2016,2016-01-22,sz.002628,8.55,8.59,4.0
2016,2016-01-22,sz.002630,13.1,13.11,1.0
2016,2016-01-22,sz.002634,33.8,33.5,30.0
2016,2016-01-22,sz.002637,19.06,19.07,1.0
2016,2016-01-22,sz.002638,16.6,16.34,26.0
2016,2016-01-22,sz.002640,25.73,25.76,3.0
2016,2016-01-22,sz.002642,42.06,42.07,1.0
2016,2016-01-22,sz.002644,12.85,12.84,1.0
2016,2016-01-04,sz.002646,20.55,20.59,4.0
2016,2016-01-04,sz.002648,9.92,9.95,3.0
2016,2016-01-22,sz.002648,8.08,8.09,1.0
2016,2016-01-22,sz.002649,44.47,44.5,3.0
2016,2016-01-22,sz.002651,9.54,9.52,2.0
2016,2016-01-22,sz.002653,17.59,17.61,2.0
2016,2016-01-04,sz.002656,25.8,25.84,4.0
2016,2016-01-22,sz.002656,17.62,17.69,7.0
2016,2016-01-22,sz.002657,59.48,59.5,2.0
2016,2016-01-22,sz.002661,47.21,47.16,5.0
2016,2016-01-22,sz.002663,6.18,6.19,1.0
2016,2016-01-22,sz.002665,24.1,23.36,74.0
2016,2016-01-22,sz.002666,8.94,8.95,1.0
2016,2016-01-22,sz.002667,51.8,51.85,5.0
2016,2016-01-22,sz.002668,61.35,61.39,4.0
2016,2016-01-04,sz.002669,27.17,27.19,2.0
2016,2016-01-22,sz.002669,22.1,22.11,1.0
2016,2016-01-22,sz.002672,15.3,15.31,1.0
2016,2016-01-22,sz.002674,14.74,14.72,2.0
2016,2016-01-22,sz.002676,35.76,35.8,4.0
2016,2016-01-22,sz.002677,15.09,15.1,1.0
2016,2016-01-22,sz.002678,14.13,14.14,1.0
2016,2016-01-22,sz.002680,35.88,35.89,1.0
2016,2016-01-22,sz.002682,12.19,12.18,1.0
2016,2016-01-22,sz.002686,12.38,12.36,2.0
2016,2016-01-22,sz.002688,17.8,17.83,3.0
2016,2016-01-22,sz.002689,8.12,8.13,1.0
2016,2016-01-22,sz.002692,14.1,14.11,1.0
2016,2016-01-22,sz.002693,10.75,10.79,4.0
2016,2016-01-22,sz.002695,29.44,29.43,1.0
2016,2016-01-22,sz.002701,23.29,23.3,1.0
2016,2016-01-22,sz.002702,19.17,19.18,1.0
2016,2016-01-22,sz.002705,17.35,17.36,1.0
2016,2016-01-22,sz.002706,45.68,45.7,2.0
2016,2016-01-22,sz.002708,11.13,11.14,1.0
2016,2016-01-22,sz.002713,29.99,29.93,6.0
2016,2016-01-22,sz.002714,43.03,43.11,8.0
2016,2016-01-22,sz.002715,26.02,26.04,2.0
2016,2016-01-22,sz.002717,42.11,42.3,19.0
2016,2016-01-22,sz.002718,46.7,46.6,10.0
2016,2016-01-22,sz.002719,40.44,40.34,10.0
2016,2016-01-22,sz.002723,16.78,16.77,1.0
2016,2016-01-22,sz.002726,14.85,14.8,5.0
2016,2016-01-22,sz.002731,24.12,24.13,1.0
2016,2016-01-22,sz.002734,29.65,29.63,2.0
2016,2016-01-22,sz.002736,16.14,16.15,1.0
2016,2016-01-22,sz.002740,39.92,39.95,3.0
2016,2016-01-22,sz.002743,24.95,25.0,5.0
2016,2016-01-22,sz.002745,29.5,29.64,14.0
2016,2016-01-22,sz.002746,26.49,26.53,4.0
2016,2016-01-22,sz.002748,28.47,28.48,1.0
2016,2016-01-04,sz.002749,90.18,90.19,1.0
2016,2016-01-22,sz.002749,87.06,87.03,3.0
2016,2016-01-22,sz.002750,36.98,37.0,2.0
2016,2016-01-22,sz.002752,24.9,24.91,1.0
2016,2016-01-22,sz.002753,35.9,35.95,5.0
2016,2016-01-04,sz.002756,48.6,48.62,2.0
2016,2016-01-22,sz.002756,40.66,40.7,4.0
2016,2016-01-22,sz.002757,52.54,52.55,1.0
2016,2016-01-22,sz.002758,84.43,84.44,1.0
2016,2016-01-22,sz.002759,33.54,33.59,5.0
2016,2016-01-22,sz.002760,48.88,49.0,12.0
2016,2016-01-22,sz.002763,37.19,37.1,9.0
2016,2016-01-22,sz.002766,37.09,37.1,1.0
2016,2016-01-22,sz.002767,35.21,35.22,1.0
2016,2016-01-22,sz.002772,35.86,35.9,4.0
2016,2016-01-22,sz.002773,64.29,64.3,1.0
2016,2016-01-22,sz.002780,88.41,88.49,8.0
2016,2016-01-22,sz.002782,33.87,33.88,1.0
2016,2016-01-22,sz.002786,37.11,37.1,1.0
2016,2016-01-22,sz.002787,34.85,34.9,5.0
2016,2016-01-22,sz.300001,21.44,21.45,1.0
2016,2016-01-22,sz.300003,30.7,30.63,7.0
2016,2016-01-22,sz.300005,18.64,18.65,1.0
2016,2016-01-22,sz.300007,22.26,22.27,1.0
2016,2016-01-22,sz.300008,20.19,20.2,1.0
2016,2016-01-22,sz.300009,32.8,32.82,2.0
2016,2016-01-22,sz.300010,20.87,20.9,3.0
2016,2016-01-22,sz.300013,15.14,15.15,1.0
2016,2016-01-22,sz.300014,22.98,22.99,1.0
2016,2016-01-22,sz.300015,28.84,28.9,6.0
2016,2016-01-22,sz.300016,27.54,27.53,1.0
2016,2016-01-22,sz.300018,24.93,25.0,7.0
2016,2016-01-22,sz.300019,11.45,11.48,3.0
2016,2016-01-22,sz.300020,17.15,17.25,10.0
2016,2016-01-04,sz.300021,14.63,14.66,3.0
2016,2016-01-22,sz.300021,13.42,13.41,1.0
2016,2016-01-22,sz.300022,7.86,7.9,4.0
2016,2016-01-22,sz.300026,15.82,15.84,2.0
2016,2016-01-22,sz.300027,28.89,28.9,1.0
2016,2016-01-22,sz.300030,15.01,15.06,5.0
2016,2016-01-22,sz.300032,18.35,18.34,1.0
2016,2016-01-22,sz.300033,66.61,66.65,4.0
2016,2016-01-22,sz.300034,20.6,20.58,2.0
2016,2016-01-22,sz.300037,38.72,38.73,1.0
2016,2016-01-22,sz.300039,10.68,10.69,1.0
2016,2016-01-22,sz.300040,9.7,9.69,1.0
2016,2016-01-22,sz.300041,19.18,19.2,2.0
2016,2016-01-22,sz.300042,30.5,30.52,2.0
2016,2016-01-22,sz.300045,16.44,16.45,1.0
2016,2016-01-22,sz.300046,19.43,19.4,3.0
2016,2016-01-22,sz.300047,18.47,18.49,2.0
2016,2016-01-22,sz.300048,16.65,16.63,2.0
2016,2016-01-22,sz.300049,23.76,23.82,6.0
2016,2016-01-22,sz.300050,31.7,31.67,3.0
2016,2016-01-22,sz.300052,21.72,21.7,2.0
2016,2016-01-22,sz.300053,35.29,35.35,6.0
2016,2016-01-22,sz.300055,16.88,16.89,1.0
2016,2016-01-22,sz.300057,13.58,13.54,4.0
2016,2016-01-22,sz.300058,10.01,10.02,1.0
2016,2016-01-22,sz.300059,41.06,41.2,14.0
2016,2016-01-22,sz.300061,24.0,23.85,15.0
2016,2016-01-22,sz.300062,19.45,19.46,1.0
2016,2016-01-22,sz.300066,19.23,19.27,4.0
2016,2016-01-22,sz.300067,7.77,7.78,1.0
2016,2016-01-22,sz.300070,41.52,41.58,6.0
2016,2016-01-22,sz.300073,27.04,27.05,1.0
2016,2016-01-22,sz.300074,10.28,10.31,3.0
2016,2016-01-22,sz.300077,32.21,32.3,9.0
2016,2016-01-22,sz.300080,7.96,7.97,1.0
2016,2016-01-22,sz.300082,6.11,6.12,1.0
2016,2016-01-22,sz.300083,37.2,37.5,30.0
2016,2016-01-22,sz.300084,8.52,8.51,1.0
2016,2016-01-22,sz.300085,44.61,44.65,4.0
2016,2016-01-22,sz.300087,9.37,9.38,1.0
2016,2016-01-22,sz.300090,9.37,9.38,1.0
2016,2016-01-22,sz.300091,26.33,26.4,7.0
2016,2016-01-22,sz.300092,10.28,10.3,2.0
2016,2016-01-22,sz.300096,17.29,17.31,2.0
2016,2016-01-22,sz.300097,35.7,35.71,1.0
2016,2016-01-22,sz.300098,16.35,16.38,3.0
2016,2016-01-22,sz.300099,20.15,20.14,1.0
2016,2016-01-22,sz.300100,31.2,31.22,2.0
2016,2016-01-22,sz.300101,21.97,21.98,1.0
2016,2016-01-22,sz.300102,7.12,7.11,1.0
2016,2016-01-22,sz.300103,19.2,19.18,2.0
2016,2016-01-22,sz.300106,14.24,14.28,4.0
2016,2016-01-22,sz.300107,5.89,5.9,1.0
2016,2016-01-22,sz.300109,59.1,59.3,20.0
2016,2016-01-22,sz.300110,10.38,10.39,1.0
2016,2016-01-22,sz.300111,5.54,5.55,1.0
2016,2016-01-22,sz.300115,26.55,26.58,3.0
2016,2016-01-22,sz.300117,11.95,11.97,2.0
2016,2016-01-22,sz.300118,12.16,12.17,1.0
2016,2016-01-22,sz.300119,16.09,16.15,6.0
2016,2016-01-22,sz.300120,13.05,13.04,1.0
2016,2016-01-22,sz.300121,10.56,10.57,1.0
2016,2016-01-04,sz.300122,33.2,33.28,8.0
2016,2016-01-22,sz.300122,26.58,26.57,1.0
2016,2016-01-22,sz.300125,23.61,23.65,4.0
2016,2016-01-04,sz.300127,16.36,16.37,1.0
2016,2016-01-22,sz.300127,13.63,13.62,1.0
2016,2016-01-22,sz.300130,25.83,25.8,3.0
2016,2016-01-22,sz.300131,14.47,14.49,2.0
2016,2016-01-22,sz.300133,23.74,23.7,4.0
2016,2016-01-22,sz.300134,19.85,19.84,1.0
2016,2016-01-22,sz.300135,5.65,5.66,1.0
2016,2016-01-22,sz.300136,26.44,26.49,5.0
2016,2016-01-22,sz.300137,14.65,14.66,1.0
2016,2016-01-22,sz.300139,13.62,13.61,1.0
2016,2016-01-22,sz.300140,16.78,16.79,1.0
2016,2016-01-22,sz.300142,9.96,9.98,2.0
2016,2016-01-22,sz.300143,22.27,22.25,2.0
2016,2016-01-22,sz.300144,24.0,23.99,1.0
2016,2016-06-20,sz.300144,23.64,23.62,2.0
2016,2016-01-22,sz.300145,37.69,37.7,1.0
2016,2016-01-22,sz.300147,16.88,16.9,2.0
2016,2016-01-22,sz.300148,24.98,24.95,3.0
2016,2016-01-22,sz.300149,14.65,14.67,2.0
2016,2016-01-22,sz.300150,11.8,11.79,1.0
2016,2016-01-22,sz.300151,16.76,16.77,1.0
2016,2016-01-22,sz.300152,8.05,8.04,1.0
2016,2016-01-22,sz.300154,10.47,10.49,2.0
2016,2016-01-22,sz.300156,37.29,37.33,4.0
2016,2016-01-22,sz.300160,42.45,42.47,2.0
2016,2016-01-04,sz.300161,33.13,33.34,21.0
2016,2016-01-22,sz.300161,23.8,23.83,3.0
2016,2016-01-22,sz.300165,17.9,17.92,2.0
2016,2016-01-22,sz.300167,14.5,14.52,2.0
2016,2016-01-22,sz.300168,26.08,26.07,1.0
2016,2016-01-22,sz.300169,13.66,13.64,2.0
2016,2016-01-22,sz.300170,14.44,14.5,6.0
2016,2016-01-22,sz.300171,20.24,20.2,4.0
2016,2016-01-22,sz.300175,9.36,9.39,3.0
2016,2016-01-22,sz.300177,13.51,13.54,3.0
2016,2016-01-22,sz.300178,24.5,24.54,4.0
2016,2016-01-22,sz.300179,7.23,7.21,2.0
2016,2016-01-22,sz.300183,19.58,19.6,2.0
2016,2016-01-22,sz.300184,12.33,12.34,1.0
2016,2016-01-22,sz.300185,6.84,6.85,1.0
2016,2016-01-22,sz.300187,42.63,42.65,2.0
2016,2016-01-22,sz.300191,32.12,32.1,2.0
2016,2016-01-22,sz.300194,18.83,18.9,7.0
2016,2016-01-22,sz.300197,12.13,12.15,2.0
2016,2016-01-22,sz.300198,12.15,12.14,1.0
2016,2016-01-22,sz.300199,17.5,17.53,3.0
2016,2016-01-22,sz.300200,12.5,12.49,1.0
2016,2016-01-22,sz.300201,14.45,14.5,5.0
2016,2016-01-04,sz.300203,31.0,30.96,4.0
2016,2016-01-22,sz.300203,27.45,27.57,12.0
2016,2016-01-22,sz.300205,14.5,14.55,5.0
2016,2016-01-22,sz.300206,18.66,18.74,8.0
2016,2016-01-22,sz.300207,22.85,22.92,7.0
2016,2016-01-22,sz.300210,13.78,13.81,3.0
2016,2016-01-22,sz.300211,19.03,19.1,7.0
2016,2016-01-22,sz.300212,30.65,30.68,3.0
2016,2016-01-22,sz.300213,27.23,27.25,2.0
2016,2016-01-22,sz.300214,8.43,8.42,1.0
2016,2016-01-22,sz.300215,12.95,13.02,7.0
2016,2016-01-22,sz.300216,27.68,27.7,2.0
2016,2016-01-22,sz.300218,12.78,12.8,2.0
2016,2016-01-22,sz.300219,11.51,11.52,1.0
2016,2016-01-22,sz.300221,10.98,11.0,2.0
2016,2016-01-22,sz.300222,19.11,19.13,2.0
2016,2016-01-22,sz.300223,25.78,25.81,3.0
2016,2016-01-22,sz.300224,18.65,18.66,1.0
2016,2016-01-22,sz.300225,6.9,6.91,1.0
2016,2016-01-22,sz.300227,24.77,24.79,2.0
2016,2016-01-22,sz.300228,21.03,21.0,3.0
2016,2016-01-22,sz.300230,33.53,33.55,2.0
2016,2016-01-22,sz.300231,18.65,18.67,2.0
2016,2016-01-22,sz.300237,8.94,9.0,6.0
2016,2016-01-22,sz.300240,18.3,18.35,5.0
2016,2016-01-22,sz.300243,15.3,15.33,3.0
2016,2016-01-22,sz.300244,55.7,55.8,10.0
2016,2016-01-22,sz.300245,28.11,28.12,1.0
2016,2016-01-22,sz.300246,29.98,30.05,7.0
2016,2016-01-04,sz.300249,25.46,25.47,1.0
2016,2016-01-22,sz.300249,21.76,21.82,6.0
2016,2016-01-22,sz.300250,55.72,55.7,2.0
2016,2016-01-22,sz.300251,23.25,23.24,1.0
2016,2016-01-22,sz.300252,29.3,29.21,9.0
2016,2016-01-22,sz.300254,22.79,22.8,1.0
2016,2016-01-22,sz.300255,15.0,15.01,1.0
2016,2016-01-22,sz.300256,20.75,20.73,2.0
2016,2016-01-22,sz.300257,18.02,18.06,4.0
2016,2016-01-22,sz.300258,13.49,13.47,2.0
2016,2016-01-22,sz.300259,8.2,8.23,3.0
2016,2016-01-22,sz.300260,24.8,24.79,1.0
2016,2016-01-22,sz.300263,20.93,20.96,3.0
2016,2016-01-22,sz.300264,18.69,18.7,1.0
2016,2016-01-22,sz.300265,11.88,11.9,2.0
2016,2016-01-22,sz.300266,40.65,40.75,10.0
2016,2016-01-04,sz.300267,31.1,31.15,5.0
2016,2016-01-22,sz.300267,31.51,31.5,1.0
2016,2016-01-22,sz.300268,18.6,18.61,1.0
2016,2016-01-22,sz.300269,23.7,23.65,5.0
2016,2016-01-22,sz.300271,38.53,38.5,3.0
2016,2016-01-22,sz.300272,18.43,18.46,3.0
2016,2016-01-22,sz.300273,15.68,15.7,2.0
2016,2016-01-22,sz.300276,19.98,19.99,1.0
2016,2016-01-22,sz.300277,28.39,28.65,26.0
2016,2016-01-04,sz.300278,20.53,20.51,2.0
2016,2016-01-22,sz.300278,16.13,16.14,1.0
2016,2016-01-22,sz.300281,13.18,13.11,7.0
2016,2016-01-22,sz.300282,26.14,26.13,1.0
2016,2016-01-22,sz.300283,11.29,11.3,1.0
2016,2016-01-22,sz.300284,16.24,16.35,11.0
2016,2016-01-22,sz.300285,30.81,30.9,9.0
2016,2016-01-22,sz.300289,14.25,14.26,1.0
2016,2016-01-22,sz.300290,16.12,16.13,1.0
2016,2016-01-22,sz.300291,25.99,26.12,13.0
2016,2016-01-22,sz.300292,33.27,33.26,1.0
2016,2016-01-22,sz.300293,17.68,17.66,2.0
2016,2016-01-22,sz.300294,42.54,42.5,4.0
2016,2016-01-22,sz.300295,35.49,35.5,1.0
2016,2016-01-22,sz.300296,18.8,18.83,3.0
2016,2016-01-22,sz.300298,27.31,27.3,1.0
2016,2016-01-22,sz.300299,33.04,33.12,8.0
2016,2016-01-22,sz.300300,23.6,23.5,10.0
2016,2016-01-22,sz.300303,8.92,8.93,1.0
2016,2016-01-22,sz.300304,21.9,21.91,1.0
2016,2016-01-22,sz.300307,11.7,11.71,1.0
2016,2016-01-22,sz.300308,14.56,14.55,1.0
2016,2016-01-04,sz.300310,56.15,56.5,35.0
2016,2016-01-22,sz.300310,56.49,56.48,1.0
2016,2016-01-22,sz.300311,29.8,29.85,5.0
2016,2016-01-22,sz.300312,28.46,28.38,8.0
2016,2016-01-22,sz.300315,12.15,12.12,3.0
2016,2016-01-22,sz.300319,24.0,24.01,1.0
2016,2016-01-22,sz.300320,12.35,12.34,1.0
2016,2016-01-22,sz.300321,63.0,63.01,1.0
2016,2016-01-22,sz.300326,20.52,20.53,1.0
2016,2016-01-22,sz.300333,26.94,26.99,5.0
2016,2016-01-22,sz.300334,18.51,18.52,1.0
2016,2016-01-22,sz.300337,6.23,6.21,2.0
2016,2016-01-22,sz.300338,15.52,15.51,1.0
2016,2016-01-22,sz.300339,36.13,36.0,13.0
2016,2016-01-22,sz.300341,16.39,16.49,10.0
2016,2016-01-22,sz.300342,38.14,38.15,1.0
2016,2016-08-01,sz.300344,11.22,11.24,2.0
2016,2016-01-22,sz.300345,11.51,11.52,1.0
2016,2016-01-22,sz.300348,49.88,49.78,10.0
2016,2016-01-22,sz.300350,26.05,26.06,1.0
2016,2016-01-22,sz.300357,35.28,35.3,2.0
2016,2016-01-22,sz.300358,26.08,26.09,1.0
2016,2016-01-22,sz.300359,70.13,70.1,3.0
2016,2016-01-22,sz.300360,26.35,26.39,4.0
2016,2016-01-22,sz.300363,21.24,21.23,1.0
2016,2016-01-22,sz.300364,100.79,100.82,3.0
2016,2016-01-22,sz.300367,58.0,57.99,1.0
2016,2016-01-22,sz.300368,38.62,38.64,2.0
2016,2016-01-22,sz.300369,35.11,35.2,9.0
2016,2016-01-22,sz.300370,14.35,14.4,5.0
2016,2016-01-22,sz.300371,25.0,25.01,1.0
2016,2016-01-22,sz.300373,15.13,15.16,3.0
2016,2016-01-22,sz.300374,21.05,21.08,3.0
2016,2016-01-22,sz.300375,17.95,17.96,1.0
2016,2016-01-22,sz.300377,63.49,63.5,1.0
2016,2016-01-22,sz.300378,41.63,41.61,2.0
2016,2016-01-22,sz.300379,89.84,89.87,3.0
2016,2016-01-22,sz.300380,48.26,48.23,3.0
2016,2016-01-22,sz.300381,43.62,43.98,36.0
2016,2016-01-22,sz.300384,54.35,54.36,1.0
2016,2016-01-22,sz.300385,33.0,33.03,3.0
2016,2016-01-22,sz.300387,23.32,23.3,2.0
2016,2016-01-22,sz.300389,33.5,33.52,2.0
2016,2016-01-22,sz.300390,34.9,34.91,1.0
2016,2016-01-22,sz.300395,33.74,33.78,4.0
2016,2016-01-22,sz.300396,38.57,38.56,1.0
2016,2016-01-04,sz.300397,73.1,73.08,2.0
2016,2016-01-22,sz.300397,58.75,58.7,5.0
2016,2016-01-22,sz.300399,39.93,39.94,1.0
2016,2016-01-22,sz.300402,15.25,15.31,6.0
2016,2016-01-22,sz.300403,44.46,44.47,1.0
2016,2016-01-22,sz.300404,32.44,32.45,1.0
2016,2016-01-22,sz.300406,38.68,38.8,12.0
2016,2016-01-22,sz.300409,58.0,57.92,8.0
2016,2016-01-22,sz.300411,24.03,24.05,2.0
2016,2016-01-22,sz.300413,30.11,30.12,1.0
2016,2016-01-22,sz.300415,16.26,16.27,1.0
2016,2016-01-22,sz.300416,62.36,62.37,1.0
2016,2016-01-22,sz.300417,78.28,78.48,20.0
2016,2016-12-22,sz.300417,43.33,43.37,4.0
2016,2016-01-22,sz.300419,149.11,149.84,73.0
2016,2016-01-22,sz.300420,44.19,44.5,31.0
2016,2016-01-22,sz.300421,29.0,28.8,20.0
2016,2016-01-04,sz.300422,41.7,41.38,32.0
2016,2016-01-22,sz.300422,34.2,34.22,2.0
2016,2016-01-22,sz.300423,35.88,35.89,1.0
2016,2016-01-22,sz.300424,57.92,57.91,1.0
2016,2016-01-22,sz.300426,73.57,73.58,1.0
2016,2016-01-22,sz.300428,46.86,46.87,1.0
2016,2016-01-22,sz.300429,100.28,100.18,10.0
2016,2016-01-22,sz.300432,17.88,17.9,2.0
2016,2016-01-22,sz.300435,67.23,67.27,4.0
2016,2016-01-22,sz.300436,64.33,64.35,2.0
2016,2016-01-22,sz.300438,86.26,86.2,6.0
2016,2016-01-04,sz.300439,36.02,36.03,1.0
2016,2016-01-22,sz.300440,67.58,67.6,2.0
2016,2016-01-22,sz.300442,45.3,45.36,6.0
2016,2016-01-22,sz.300443,173.5,173.9,40.0
2016,2016-01-22,sz.300444,21.4,21.39,1.0
2016,2016-01-22,sz.300448,79.42,79.39,3.0
2016,2016-01-22,sz.300450,76.63,76.69,6.0
2016,2016-01-22,sz.300451,136.21,136.22,1.0
2016,2016-01-22,sz.300452,84.14,84.18,4.0
2016,2016-01-22,sz.300455,34.8,34.79,1.0
2016,2016-01-22,sz.300456,119.5,118.07,143.0
2016,2016-01-22,sz.300457,49.3,49.29,1.0
2016,2016-01-22,sz.300458,84.03,84.42,39.0
2016,2016-01-22,sz.300459,22.46,22.59,13.0
2016,2016-01-22,sz.300460,25.87,25.88,1.0
2016,2016-01-22,sz.300461,48.8,48.0,80.0
2016,2016-01-22,sz.300463,89.15,89.16,1.0
2016,2016-01-22,sz.300464,46.97,47.0,3.0
2016,2016-01-22,sz.300465,62.99,63.15,16.0
2016,2016-01-22,sz.300468,60.19,60.2,1.0
2016,2016-01-22,sz.300470,94.21,94.32,11.0
2016,2016-01-22,sz.300472,46.8,46.7,10.0
2016,2016-01-22,sz.300473,71.35,71.4,5.0
2016,2016-01-22,sz.300475,23.68,23.69,1.0
2016,2016-01-22,sz.300476,43.53,43.54,1.0
2016,2016-01-22,sz.300477,44.75,44.78,3.0
2016,2016-01-22,sz.300481,45.01,45.06,5.0
2016,2016-01-22,sz.300483,46.5,46.4,10.0
2016,2016-01-22,sz.300485,121.18,121.2,2.0
2016,2016-01-22,sz.300486,35.68,35.69,1.0
2016,2016-01-22,sz.300487,50.4,50.6,20.0
2016,2016-01-22,sz.300488,75.79,75.64,15.0
2016,2016-01-22,sz.300490,37.63,37.75,12.0
2016,2016-01-22,sz.300491,51.6,51.71,11.0
2016,2016-01-22,sz.300492,39.34,39.35,1.0
2016,2016-01-22,sz.300493,49.45,49.52,7.0
2016,2016-01-22,sz.300495,94.08,94.1,2.0
2016,2016-01-22,sz.300496,184.0,183.5,50.0
2016,2016-01-22,sz.300497,69.95,70.01,6.0
2017,2017-03-29,sz.000004,37.94,37.95,1.0
2017,2017-09-29,sz.000042,16.65,16.64,1.0
2017,2017-10-11,sz.000042,16.88,16.87,1.0
2017,2017-12-05,sz.000042,15.47,15.46,1.0
2017,2017-12-26,sz.000042,16.38,16.39,1.0
2017,2017-04-11,sz.000048,32.97,32.88,9.0
2017,2017-05-15,sz.000048,26.48,26.38,10.0
2017,2017-06-27,sz.000048,26.15,26.22,7.0
2017,2017-06-29,sz.000048,26.27,26.26,1.0
2017,2017-08-14,sz.000411,20.27,20.26,1.0
2017,2017-07-13,sz.000590,15.86,15.82,4.0
2017,2017-08-15,sz.000590,15.83,15.87,4.0
2017,2017-08-21,sz.000609,15.04,15.03,1.0
2017,2017-06-27,sz.000665,12.17,12.18,1.0
2017,2017-12-04,sz.000668,15.36,15.34,2.0
2017,2017-12-04,sz.000803,23.62,23.69,7.0
2017,2017-12-26,sz.000966,3.83,3.82,1.0
2017,2017-04-26,sz.002090,23.02,23.03,1.0
2017,2017-12-04,sz.002096,8.65,8.68,3.0
2017,2017-06-21,sz.002144,17.34,17.33,1.0
2017,2017-05-18,sz.002180,25.89,25.88,1.0
2017,2017-07-04,sz.002199,15.3,15.31,1.0
2017,2017-02-16,sz.002275,18.24,18.26,2.0
2017,2017-11-30,sz.002286,10.21,10.22,1.0
2017,2017-09-13,sz.002293,11.17,11.19,2.0
2017,2017-06-29,sz.002324,26.21,26.19,2.0
2017,2017-12-04,sz.002324,24.71,24.72,1.0
2017,2017-07-26,sz.002359,35.95,36.01,6.0
2017,2017-12-18,sz.002363,8.89,8.85,4.0
2017,2017-06-30,sz.002370,29.3,29.32,2.0
2017,2017-07-14,sz.002370,28.86,28.85,1.0
2017,2017-09-26,sz.002412,16.34,16.37,3.0
2017,2017-12-25,sz.002451,29.74,29.69,5.0
2017,2017-10-13,sz.002485,24.89,24.91,2.0
2017,2017-02-03,sz.002543,16.76,16.72,4.0
2017,2017-02-16,sz.002543,17.05,17.04,1.0
2017,2017-12-08,sz.002548,10.6,10.61,1.0
2017,2017-09-14,sz.002563,8.78,8.79,1.0
2017,2017-04-05,sz.002621,25.35,25.26,9.0
2017,2017-12-07,sz.002627,18.28,18.29,1.0
2017,2017-08-29,sz.002647,36.68,36.67,1.0
2017,2017-12-18,sz.002683,7.64,7.66,2.0
2017,2017-08-15,sz.002687,7.15,7.14,1.0
2017,2017-04-13,sz.002698,14.89,14.88,1.0
2017,2017-11-24,sz.002713,20.67,20.61,6.0
2017,2017-10-23,sz.002715,32.76,32.83,7.0
2017,2017-06-02,sz.002718,55.5,55.44,6.0
2017,2017-12-05,sz.002718,47.27,47.19,8.0
2017,2017-12-18,sz.002725,14.36,14.31,5.0
2017,2017-09-25,sz.002727,19.81,19.82,1.0
2017,2017-02-23,sz.002729,84.25,84.34,9.0
2017,2017-08-03,sz.002737,28.58,28.59,1.0
2017,2017-08-11,sz.002758,12.75,12.73,2.0
2017,2017-10-24,sz.002758,13.0,12.96,4.0
2017,2017-08-07,sz.002832,49.88,49.89,1.0
2017,2017-10-10,sz.002838,39.97,39.96,1.0
2017,2017-09-08,sz.300069,38.05,37.96,9.0
2017,2017-12-04,sz.300087,10.35,10.3,5.0
2017,2017-09-28,sz.300119,13.5,13.51,1.0
2017,2017-06-01,sz.300125,25.1,25.18,8.0
2017,2017-07-05,sz.300125,26.0,25.95,5.0
2017,2017-08-25,sz.300125,26.36,26.35,1.0
2017,2017-07-24,sz.300138,11.69,11.67,2.0
2017,2017-11-14,sz.300169,6.86,6.88,2.0
2017,2017-02-03,sz.300173,15.67,15.63,4.0
2017,2017-02-15,sz.300174,59.8,59.81,1.0
2017,2017-06-06,sz.300174,28.99,28.98,1.0
2017,2017-06-08,sz.300174,29.08,29.05,3.0
2017,2017-07-19,sz.300174,29.04,28.74,30.0
2017,2017-11-10,sz.300174,29.38,29.42,4.0
2017,2017-11-15,sz.300174,28.08,28.09,1.0
2017,2017-11-06,sz.300211,7.94,7.96,2.0
2017,2017-12-18,sz.300211,7.16,7.15,1.0
2017,2017-07-31,sz.300214,6.76,6.77,1.0
2017,2017-07-25,sz.300218,10.49,10.53,4.0
2017,2017-12-14,sz.300218,8.83,8.84,1.0
2017,2017-09-26,sz.300243,11.32,11.26,6.0
2017,2017-07-31,sz.300249,12.3,12.31,1.0
2017,2017-08-21,sz.300249,12.38,12.35,3.0
2017,2017-04-13,sz.300254,18.23,18.19,4.0
2017,2017-08-02,sz.300280,31.5,31.48,2.0
2017,2017-11-07,sz.300330,12.25,12.27,2.0
2017,2017-08-02,sz.300360,13.79,13.78,1.0
2017,2017-05-11,sz.300365,35.48,35.43,5.0
2017,2017-05-26,sz.300365,34.3,34.29,1.0
2017,2017-06-22,sz.300365,36.5,36.49,1.0
2017,2017-11-07,sz.300365,33.47,33.46,1.0
2017,2017-06-27,sz.300387,19.38,19.34,4.0
2017,2017-06-09,sz.300389,14.11,14.1,1.0
2017,2017-04-19,sz.300396,33.84,33.76,8.0
2017,2017-09-08,sz.300411,35.66,35.57,9.0
2017,2017-11-22,sz.300411,35.35,35.39,4.0
2017,2017-12-19,sz.300412,10.39,10.38,1.0
2017,2017-07-25,sz.300416,21.47,21.5,3.0
2017,2017-12-21,sz.300416,25.14,25.13,1.0
2017,2017-11-24,sz.300423,27.12,27.22,10.0
2017,2017-12-13,sz.300423,27.07,27.08,1.0
2017,2017-08-24,sz.300426,23.74,23.79,5.0
2017,2017-12-07,sz.300434,25.14,25.09,5.0
2017,2017-10-27,sz.300442,25.78,25.79,1.0
2017,2017-12-26,sz.300442,20.69,20.73,4.0
2017,2017-11-01,sz.300445,18.46,18.45,1.0
2017,2017-05-24,sz.300452,27.45,27.44,1.0
2017,2017-07-21,sz.300452,25.1,24.99,11.0
2017,2017-07-20,sz.300470,32.61,32.69,8.0
2017,2017-12-01,sz.300470,37.62,37.61,1.0
2017,2017-12-04,sz.300470,37.08,37.02,6.0
2017,2017-12-19,sz.300473,39.45,39.48,3.0
2017,2017-10-17,sz.300497,46.47,46.38,9.0
2017,2017-12-08,sz.300509,25.6,25.63,3.0
2017,2017-11-30,sz.300511,22.25,22.24,1.0
2017,2017-12-13,sz.300578,34.5,34.43,7.0
2017,2017-07-31,sz.300584,33.33,33.34,1.0
2017,2017-12-25,sz.300595,50.31,50.27,4.0
2017,2017-06-19,sz.300601,25.7,25.72,2.0
2017,2017-07-31,sz.300630,37.37,37.34,3.0
2018,2018-05-24,sz.000026,10.4,10.41,1.0
2018,2018-11-09,sz.000026,7.16,7.15,1.0
2018,2018-12-18,sz.000026,7.43,7.44,1.0
2018,2018-10-15,sz.000032,6.44,6.46,2.0
2018,2018-08-28,sz.000037,5.81,5.78,3.0
2018,2018-02-08,sz.000042,14.94,14.95,1.0
2018,2018-08-24,sz.000048,23.2,23.19,1.0
2018,2018-12-10,sz.000048,19.32,19.41,9.0
2018,2018-12-24,sz.000048,18.9,18.91,1.0
2018,2018-08-24,sz.000096,10.15,10.16,1.0
2018,2018-03-12,sz.000150,28.42,28.43,1.0
2018,2018-04-02,sz.000403,30.58,30.54,4.0
2018,2018-05-04,sz.000403,33.5,33.45,5.0
2018,2018-09-05,sz.000403,27.02,27.03,1.0
2018,2018-12-20,sz.000404,3.9,3.91,1.0
2018,2018-07-17,sz.000419,4.83,4.82,1.0
2018,2018-08-31,sz.000419,4.74,4.73,1.0
2018,2018-12-24,sz.000421,4.59,4.6,1.0
2018,2018-05-23,sz.000430,7.65,7.64,1.0
2018,2018-09-27,sz.000524,7.69,7.68,1.0
2018,2018-09-14,sz.000531,4.83,4.82,1.0
2018,2018-06-11,sz.000539,4.52,4.51,1.0
2018,2018-09-26,sz.000539,4.38,4.36,2.0
2018,2018-10-12,sz.000539,4.06,4.02,4.0
2018,2018-09-05,sz.000550,11.51,11.44,7.0
2018,2018-12-03,sz.000550,10.44,10.43,1.0
2018,2018-08-27,sz.000551,5.76,5.75,1.0
2018,2018-09-20,sz.000565,4.83,4.82,1.0
2018,2018-11-07,sz.000565,4.49,4.48,1.0
2018,2018-07-18,sz.000570,4.15,4.14,1.0
2018,2018-10-17,sz.000573,2.93,2.92,1.0
2018,2018-01-17,sz.000590,14.27,14.36,9.0
2018,2018-02-13,sz.000590,11.0,11.07,7.0
2018,2018-05-28,sz.000601,6.29,6.27,2.0
2018,2018-09-10,sz.000617,10.76,10.74,2.0
2018,2018-12-06,sz.000619,5.67,5.66,1.0
2018,2018-08-29,sz.000637,4.06,4.05,1.0
2018,2018-09-13,sz.000682,3.45,3.46,1.0
2018,2018-02-14,sz.000692,3.84,3.85,1.0
2018,2018-07-19,sz.000692,2.99,2.98,1.0
2018,2018-07-17,sz.000695,8.4,8.41,1.0
2018,2018-10-09,sz.000695,8.76,8.74,2.0
2018,2018-11-07,sz.000702,5.29,5.3,1.0
2018,2018-06-11,sz.000715,7.78,7.8,2.0
2018,2018-08-09,sz.000715,6.45,6.44,1.0
2018,2018-09-03,sz.000715,6.25,6.24,1.0
2018,2018-10-17,sz.000726,8.97,8.99,2.0
2018,2018-08-28,sz.000753,3.03,3.02,1.0
2018,2018-08-27,sz.000785,7.55,7.54,1.0
2018,2018-12-17,sz.000788,5.23,5.24,1.0
2018,2018-09-11,sz.000798,5.58,5.59,1.0
2018,2018-01-22,sz.000803,21.09,21.08,1.0
2018,2018-03-14,sz.000803,20.84,20.86,2.0
2018,2018-04-16,sz.000803,19.7,19.62,8.0
2018,2018-09-06,sz.000803,12.91,12.9,1.0
2018,2018-05-14,sz.000828,9.97,9.98,1.0
2018,2018-07-13,sz.000828,7.96,7.98,2.0
2018,2018-08-21,sz.000828,7.73,7.72,1.0
2018,2018-10-10,sz.000859,2.98,2.99,1.0
2018,2018-03-28,sz.000860,19.35,19.33,2.0
2018,2018-05-03,sz.000863,4.55,4.56,1.0
2018,2018-08-06,sz.000880,7.48,7.47,1.0
2018,2018-12-12,sz.000880,7.41,7.44,3.0
2018,2018-05-16,sz.000899,4.65,4.66,1.0
2018,2018-09-06,sz.000899,4.15,4.16,1.0
2018,2018-12-27,sz.000899,4.34,4.33,1.0
2018,2018-09-17,sz.000902,8.65,8.68,3.0
2018,2018-09-25,sz.000909,7.27,7.28,1.0
2018,2018-08-23,sz.000910,12.81,12.8,1.0
2018,2018-07-31,sz.000919,7.46,7.47,1.0
2018,2018-09-19,sz.000919,6.78,6.75,3.0
2018,2018-12-25,sz.000919,6.3,6.29,1.0
2018,2018-08-24,sz.000929,6.56,6.54,2.0
2018,2018-12-26,sz.000929,6.44,6.43,1.0
2018,2018-07-03,sz.000949,3.0,3.01,1.0
2018,2018-06-13,sz.000966,2.99,3.0,1.0
2018,2018-10-30,sz.000972,2.53,2.54,1.0
2018,2018-08-01,sz.000978,6.04,6.03,1.0
2018,2018-06-04,sz.000985,15.61,15.63,2.0
2018,2018-07-16,sz.002014,6.58,6.57,1.0
2018,2018-09-25,sz.002014,6.02,6.01,1.0
2018,2018-09-05,sz.002017,5.87,5.9,3.0
2018,2018-10-10,sz.002026,5.21,5.2,1.0
2018,2018-10-16,sz.002026,4.56,4.55,1.0
2018,2018-09-10,sz.002039,13.49,13.45,4.0
2018,2018-10-09,sz.002053,7.55,7.56,1.0
2018,2018-12-10,sz.002053,7.3,7.31,1.0
2018,2018-04-09,sz.002090,20.51,20.53,2.0
2018,2018-05-24,sz.002090,18.93,18.94,1.0
2018,2018-07-31,sz.002090,14.95,14.96,1.0
2018,2018-09-07,sz.002096,5.79,5.77,2.0
2018,2018-06-25,sz.002116,6.85,6.84,1.0
2018,2018-12-06,sz.002116,7.31,7.27,4.0
2018,2018-02-12,sz.002134,6.45,6.44,1.0
2018,2018-11-27,sz.002135,5.12,5.13,1.0
2018,2018-06-28,sz.002150,6.32,6.36,4.0
2018,2018-09-25,sz.002187,8.04,8.05,1.0
2018,2018-06-12,sz.002201,7.97,7.96,1.0
2018,2018-10-10,sz.002238,5.91,5.92,1.0
2018,2018-02-09,sz.002243,6.23,6.24,1.0
2018,2018-10-16,sz.002274,5.03,5.04,1.0
2018,2018-09-12,sz.002275,13.9,13.89,1.0
2018,2018-12-17,sz.002275,13.11,13.14,3.0
2018,2018-09-20,sz.002283,3.69,3.68,1.0
2018,2018-01-02,sz.002316,11.57,11.56,1.0
2018,2018-04-17,sz.002324,23.07,23.04,3.0
2018,2018-08-14,sz.002328,5.38,5.37,1.0
2018,2018-07-10,sz.002333,15.3,15.29,1.0
2018,2018-07-04,sz.002381,6.14,6.16,2.0
2018,2018-12-18,sz.002391,11.21,11.22,1.0
2018,2018-08-10,sz.002394,9.8,9.83,3.0
2018,2018-12-24,sz.002394,10.07,10.08,1.0
2018,2018-10-25,sz.002403,7.6,7.59,1.0
2018,2018-05-16,sz.002420,4.76,4.79,3.0
2018,2018-08-22,sz.002452,3.77,3.78,1.0
2018,2018-11-27,sz.002469,4.04,4.05,1.0
2018,2018-07-04,sz.002473,5.99,6.0,1.0
2018,2018-07-19,sz.002473,5.93,5.92,1.0
2018,2018-08-06,sz.002473,5.55,5.56,1.0
2018,2018-08-15,sz.002473,5.85,5.82,3.0
2018,2018-08-17,sz.002473,5.65,5.68,3.0
2018,2018-09-13,sz.002473,5.86,5.88,2.0
2018,2018-09-18,sz.002473,5.74,5.72,2.0
2018,2018-07-11,sz.002478,4.25,4.21,4.0
2018,2018-07-16,sz.002483,4.04,4.05,1.0
2018,2018-01-08,sz.002485,25.84,25.78,6.0
2018,2018-04-17,sz.002485,25.35,25.36,1.0
2018,2018-10-18,sz.002513,5.17,5.15,2.0
2018,2018-08-08,sz.002533,4.79,4.78,1.0
2018,2018-10-30,sz.002533,4.28,4.29,1.0
2018,2018-04-18,sz.002539,5.41,5.42,1.0
2018,2018-03-08,sz.002557,15.18,15.19,1.0
2018,2018-12-24,sz.002561,7.74,7.75,1.0
2018,2018-12-27,sz.002561,7.62,7.63,1.0
2018,2018-10-24,sz.002566,5.73,5.75,2.0
2018,2018-10-19,sz.002593,2.78,2.79,1.0
2018,2018-01-25,sz.002595,18.24,18.27,3.0
2018,2018-09-25,sz.002595,13.26,13.27,1.0
2018,2018-10-23,sz.002595,12.62,12.61,1.0
2018,2018-11-22,sz.002595,15.86,15.85,1.0
2018,2018-08-22,sz.002598,6.69,6.68,1.0
2018,2018-10-10,sz.002599,9.71,9.7,1.0
2018,2018-07-06,sz.002623,16.38,16.3,8.0
2018,2018-07-09,sz.002627,10.0,10.01,1.0
2018,2018-07-17,sz.002627,9.86,9.8,6.0
2018,2018-12-12,sz.002627,7.06,7.07,1.0
2018,2018-04-25,sz.002628,5.87,5.88,1.0
2018,2018-03-06,sz.002641,4.17,4.18,1.0
2018,2018-10-15,sz.002641,3.08,3.06,2.0
2018,2018-07-31,sz.002647,17.64,17.63,1.0
2018,2018-02-05,sz.002659,12.3,12.31,1.0
2018,2018-04-17,sz.002674,10.23,10.22,1.0
2018,2018-07-23,sz.002683,8.36,8.37,1.0
2018,2018-10-30,sz.002686,5.23,5.24,1.0
2018,2018-12-27,sz.002686,6.84,6.83,1.0
2018,2018-06-04,sz.002688,6.0,5.99,1.0
2018,2018-12-26,sz.002689,3.35,3.34,1.0
2018,2018-01-15,sz.002691,24.3,24.26,4.0
2018,2018-04-20,sz.002691,22.95,22.87,8.0
2018,2018-10-15,sz.002698,7.85,7.83,2.0
2018,2018-07-06,sz.002700,6.56,6.55,1.0
2018,2018-07-31,sz.002712,17.67,17.73,6.0
2018,2018-12-04,sz.002713,16.6,16.62,2.0
2018,2018-01-08,sz.002718,45.95,45.97,2.0
2018,2018-01-12,sz.002718,45.65,45.58,7.0
2018,2018-01-30,sz.002718,45.84,46.06,22.0
2018,2018-09-26,sz.002718,27.18,27.19,1.0
2018,2018-11-26,sz.002728,14.24,14.22,2.0
2018,2018-11-07,sz.002732,15.4,15.41,1.0
2018,2018-10-30,sz.002734,10.42,10.37,5.0
2018,2018-01-12,sz.002735,32.22,32.16,6.0
2018,2018-08-20,sz.002735,30.94,30.93,1.0
2018,2018-10-12,sz.002750,5.5,5.49,1.0
2018,2018-08-20,sz.002763,9.06,9.07,1.0
2018,2018-10-29,sz.002763,7.74,7.72,2.0
2018,2018-01-16,sz.002780,23.35,23.38,3.0
2018,2018-01-09,sz.002790,26.81,26.8,1.0
2018,2018-05-17,sz.002790,23.0,22.99,1.0
2018,2018-01-23,sz.002803,43.6,43.51,9.0
2018,2018-08-14,sz.002817,20.47,20.48,1.0
2018,2018-08-24,sz.002817,18.93,18.91,2.0
2018,2018-08-31,sz.002831,48.73,48.6,13.0
2018,2018-01-26,sz.002832,59.07,58.85,22.0
2018,2018-03-02,sz.002832,56.9,56.92,2.0
2018,2018-10-15,sz.002832,28.75,28.72,3.0
2018,2018-06-28,sz.002838,18.8,18.71,9.0
2018,2018-12-21,sz.002838,17.87,17.82,5.0
2018,2018-01-30,sz.002849,27.33,27.37,4.0
2018,2018-12-18,sz.002851,21.79,21.78,1.0
2018,2018-02-02,sz.002862,26.81,26.8,1.0
2018,2018-09-06,sz.002880,43.69,43.71,2.0
2018,2018-10-31,sz.002880,40.7,40.68,2.0
2018,2018-06-20,sz.002884,45.08,45.06,2.0
2018,2018-12-25,sz.002891,32.07,32.06,1.0
2018,2018-12-21,sz.300019,6.01,5.99,2.0
2018,2018-12-28,sz.300019,5.91,5.97,6.0
2018,2018-12-06,sz.300040,5.45,5.43,2.0
2018,2018-10-09,sz.300050,4.9,4.89,1.0
2018,2018-07-24,sz.300087,10.46,10.41,5.0
2018,2018-07-30,sz.300087,10.2,10.17,3.0
2018,2018-08-29,sz.300087,10.0,9.99,1.0
2018,2018-04-16,sz.300108,8.38,8.39,1.0
2018,2018-01-12,sz.300125,25.66,25.62,4.0
2018,2018-12-20,sz.300129,3.05,3.06,1.0
2018,2018-05-02,sz.300169,5.51,5.5,1.0
2018,2018-01-19,sz.300174,28.09,27.87,22.0
2018,2018-12-11,sz.300200,7.73,7.71,2.0
2018,2018-09-05,sz.300204,10.19,10.2,1.0
2018,2018-09-04,sz.300211,5.16,5.17,1.0
2018,2018-11-19,sz.300214,5.34,5.35,1.0
2018,2018-12-21,sz.300219,8.13,8.14,1.0
2018,2018-12-11,sz.300233,13.97,13.96,1.0
2018,2018-09-04,sz.300239,4.18,4.19,1.0
2018,2018-06-27,sz.300258,13.55,13.51,4.0
2018,2018-10-09,sz.300258,12.98,12.97,1.0
2018,2018-10-10,sz.300275,7.93,7.95,2.0
2018,2018-03-28,sz.300283,4.93,4.94,1.0
2018,2018-06-27,sz.300286,9.04,8.99,5.0
2018,2018-08-29,sz.300286,8.41,8.47,6.0
2018,2018-02-02,sz.300305,6.89,6.9,1.0
2018,2018-07-05,sz.300305,5.77,5.74,3.0
2018,2018-09-03,sz.300321,13.33,13.34,1.0
2018,2018-11-28,sz.300321,13.63,13.68,5.0
2018,2018-08-24,sz.300330,8.09,8.07,2.0
2018,2018-10-18,sz.300330,6.29,6.27,2.0
2018,2018-10-09,sz.300354,8.84,8.86,2.0
2018,2018-10-17,sz.300385,12.92,12.85,7.0
2018,2018-10-29,sz.300385,13.35,13.33,2.0
2018,2018-12-10,sz.300385,14.19,14.13,6.0
2018,2018-12-12,sz.300385,14.19,14.2,1.0
2018,2018-12-18,sz.300387,5.87,5.88,1.0
2018,2018-01-10,sz.300390,6.72,6.73,1.0
2018,2018-12-05,sz.300391,9.79,9.84,5.0
2018,2018-06-12,sz.300414,18.24,18.27,3.0
2018,2018-05-21,sz.300416,25.0,24.98,2.0
2018,2018-09-07,sz.300416,19.3,19.29,1.0
2018,2018-09-28,sz.300416,19.2,19.17,3.0
2018,2018-11-06,sz.300416,16.82,16.83,1.0
2018,2018-07-31,sz.300417,18.62,18.61,1.0
2018,2018-08-15,sz.300421,14.03,14.02,1.0
2018,2018-01-26,sz.300423,26.97,26.98,1.0
2018,2018-01-31,sz.300423,26.4,26.38,2.0
2018,2018-12-10,sz.300424,16.02,16.01,1.0
2018,2018-05-14,sz.300435,11.82,11.83,1.0
2018,2018-06-28,sz.300435,10.3,10.33,3.0
2018,2018-02-13,sz.300442,17.6,17.55,5.0
2018,2018-10-29,sz.300453,8.57,8.56,1.0
2018,2018-12-11,sz.300453,8.98,8.95,3.0
2018,2018-01-30,sz.300472,26.49,26.48,1.0
2018,2018-09-11,sz.300475,8.46,8.45,1.0
2018,2018-12-21,sz.300475,8.42,8.37,5.0
2018,2018-09-12,sz.300483,22.61,22.6,1.0
2018,2018-11-26,sz.300488,25.32,25.31,1.0
2018,2018-09-06,sz.300489,13.31,13.3,1.0
2018,2018-09-12,sz.300499,12.41,12.37,4.0
2018,2018-09-13,sz.300501,17.86,17.88,2.0
2018,2018-02-09,sz.300509,21.03,21.04,1.0
2018,2018-06-12,sz.300513,29.94,29.87,7.0
2018,2018-10-15,sz.300516,27.12,27.05,7.0
2018,2018-01-08,sz.300525,41.7,41.63,7.0
2018,2018-02-02,sz.300530,33.45,33.25,20.0
2018,2018-09-06,sz.300530,30.93,30.91,2.0
2018,2018-09-11,sz.300530,30.77,30.74,3.0
2018,2018-09-19,sz.300530,31.26,31.27,1.0
2018,2018-09-26,sz.300530,31.04,31.01,3.0
2018,2018-01-10,sz.300549,20.9,20.81,9.0
2018,2018-09-25,sz.300550,35.44,35.43,1.0
2018,2018-02-07,sz.300553,33.22,33.24,2.0
2018,2018-10-15,sz.300553,28.32,28.35,3.0
2018,2018-09-05,sz.300573,16.04,16.0,4.0
2018,2018-10-31,sz.300573,15.14,15.12,2.0
2018,2018-09-19,sz.300575,34.55,34.49,6.0
2018,2018-04-09,sz.300577,70.89,70.9,1.0
2018,2018-09-07,sz.300577,31.73,31.72,1.0
2018,2018-12-20,sz.300577,31.32,31.33,1.0
2018,2018-03-13,sz.300587,22.32,22.31,1.0
2018,2018-10-16,sz.300591,5.14,5.15,1.0
2018,2018-10-29,sz.300591,5.48,5.47,1.0
2018,2018-09-12,sz.300608,17.88,17.9,2.0
2018,2018-10-29,sz.300617,18.82,18.83,1.0
2018,2018-12-18,sz.300625,13.59,13.61,2.0
2018,2018-01-25,sz.300632,20.82,20.83,1.0
2018,2018-09-06,sz.300632,12.64,12.63,1.0
2018,2018-09-20,sz.300636,18.56,18.58,2.0
2018,2018-11-01,sz.300636,17.21,17.23,2.0
2018,2018-11-06,sz.300636,17.75,17.77,2.0
2018,2018-02-22,sz.300637,18.01,17.97,4.0
2018,2018-02-05,sz.300640,22.91,22.86,5.0
2018,2018-08-16,sz.300669,20.82,20.81,1.0
2018,2018-01-15,sz.300673,41.07,41.26,19.0
2018,2018-08-31,sz.300717,17.33,17.42,9.0
2019,2019-08-14,sz.000010,3.3,3.26,4.0
2019,2019-09-04,sz.000010,3.4,3.41,1.0
2019,2019-11-18,sz.000010,3.39,3.38,1.0
2019,2019-01-23,sz.000048,17.35,17.28,7.0
2019,2019-01-28,sz.000048,17.23,17.32,9.0
2019,2019-06-18,sz.000048,19.56,19.5,6.0
2019,2019-07-12,sz.000048,19.37,19.36,1.0
2019,2019-07-31,sz.000048,18.75,18.74,1.0
2019,2019-01-16,sz.000096,9.24,9.23,1.0
2019,2019-11-08,sz.000096,10.01,10.02,1.0
2019,2019-01-30,sz.000153,5.28,5.27,1.0
2019,2019-08-06,sz.000403,27.05,27.06,1.0
2019,2019-06-13,sz.000411,12.4,12.41,1.0
2019,2019-08-12,sz.000411,11.83,11.78,5.0
2019,2019-08-06,sz.000417,4.51,4.52,1.0
2019,2019-11-20,sz.000417,4.26,4.27,1.0
2019,2019-07-22,sz.000419,4.53,4.52,1.0
2019,2019-09-11,sz.000419,4.44,4.43,1.0
2019,2019-10-15,sz.000420,2.27,2.28,1.0
2019,2019-11-18,sz.000420,2.01,2.02,1.0
2019,2019-06-18,sz.000421,4.64,4.66,2.0
2019,2019-08-01,sz.000421,4.51,4.5,1.0
2019,2019-08-30,sz.000421,4.36,4.39,3.0
2019,2019-11-07,sz.000421,4.36,4.35,1.0
2019,2019-12-11,sz.000422,2.83,2.81,2.0
2019,2019-07-11,sz.000428,2.83,2.82,1.0
2019,2019-07-18,sz.000428,2.83,2.82,1.0
2019,2019-11-12,sz.000498,4.54,4.55,1.0
2019,2019-05-22,sz.000504,13.56,13.52,4.0
2019,2019-08-21,sz.000504,7.51,7.52,1.0
2019,2019-08-29,sz.000532,9.9,9.88,2.0
2019,2019-06-12,sz.000546,9.39,9.35,4.0
2019,2019-08-13,sz.000548,3.93,3.95,2.0
2019,2019-08-26,sz.000548,4.13,4.12,1.0
2019,2019-12-04,sz.000548,3.99,4.0,1.0
2019,2019-07-29,sz.000668,15.12,15.13,1.0
2019,2019-07-16,sz.000692,3.04,3.03,1.0
2019,2019-08-13,sz.000719,6.81,6.8,1.0
2019,2019-10-29,sz.000752,3.95,3.94,1.0
2019,2019-11-05,sz.000752,3.85,3.87,2.0
2019,2019-11-28,sz.000752,3.65,3.63,2.0
2019,2019-01-03,sz.000756,5.53,5.54,1.0
2019,2019-08-14,sz.000780,3.03,3.04,1.0
2019,2019-11-01,sz.000780,2.94,2.95,1.0
2019,2019-06-14,sz.000782,4.22,4.21,1.0
2019,2019-09-17,sz.000782,3.92,3.93,1.0
2019,2019-07-17,sz.000803,15.06,15.05,1.0
2019,2019-09-20,sz.000803,15.37,15.36,1.0
2019,2019-09-10,sz.000809,2.44,2.45,1.0
2019,2019-12-02,sz.000809,2.38,2.39,1.0
2019,2019-12-06,sz.000809,2.38,2.37,1.0
2019,2019-11-14,sz.000880,7.34,7.35,1.0
2019,2019-08-09,sz.000893,7.03,7.02,1.0
2019,2019-06-10,sz.000899,5.08,5.07,1.0
2019,2019-01-10,sz.000902,8.86,8.87,1.0
2019,2019-08-23,sz.000978,5.32,5.33,1.0
2019,2019-07-23,sz.002026,5.57,5.56,1.0
2019,2019-08-13,sz.002029,6.01,6.0,1.0
2019,2019-10-09,sz.002037,7.12,7.1,2.0
2019,2019-01-03,sz.002039,13.12,13.13,1.0
2019,2019-11-18,sz.002053,7.16,7.17,1.0
2019,2019-07-16,sz.002062,3.83,3.84,1.0
2019,2019-10-08,sz.002062,3.41,3.42,1.0
2019,2019-02-12,sz.002096,5.51,5.52,1.0
2019,2019-05-22,sz.002096,6.05,6.04,1.0
2019,2019-07-25,sz.002096,5.99,5.98,1.0
2019,2019-05-31,sz.002107,7.29,7.3,1.0
2019,2019-10-18,sz.002116,7.91,7.94,3.0
2019,2019-11-29,sz.002116,7.32,7.34,2.0
2019,2019-01-21,sz.002144,10.31,10.29,2.0
2019,2019-05-24,sz.002150,7.4,7.41,1.0
2019,2019-08-27,sz.002187,8.14,8.15,1.0
2019,2019-10-24,sz.002187,8.29,8.27,2.0
2019,2019-01-29,sz.002205,14.11,14.04,7.0
2019,2019-10-08,sz.002206,3.56,3.57,1.0
2019,2019-08-14,sz.002275,13.3,13.29,1.0
2019,2019-11-05,sz.002275,13.42,13.43,1.0
2019,2019-06-26,sz.002286,6.04,6.03,1.0
2019,2019-08-09,sz.002289,6.49,6.48,1.0
2019,2019-11-06,sz.002289,6.64,6.6,4.0
2019,2019-09-16,sz.002290,5.02,5.03,1.0
2019,2019-12-09,sz.002290,4.96,4.95,1.0
2019,2019-12-10,sz.002290,4.96,4.95,1.0
2019,2019-01-22,sz.002315,12.23,12.21,2.0
2019,2019-11-26,sz.002336,4.94,4.95,1.0
2019,2019-10-29,sz.002337,3.86,3.85,1.0
2019,2019-07-29,sz.002339,6.23,6.22,1.0
2019,2019-01-02,sz.002394,9.96,9.97,1.0
2019,2019-10-11,sz.002397,5.07,5.08,1.0
2019,2019-10-23,sz.002397,4.78,4.77,1.0
2019,2019-01-28,sz.002469,3.96,3.97,1.0
2019,2019-06-04,sz.002483,3.99,4.0,1.0
2019,2019-09-02,sz.002499,3.9,3.89,1.0
2019,2019-10-23,sz.002499,3.92,3.91,1.0
2019,2019-11-28,sz.002499,3.97,3.95,2.0
2019,2019-10-08,sz.002520,6.89,6.88,1.0
2019,2019-07-09,sz.002559,5.25,5.24,1.0
2019,2019-01-23,sz.002561,8.15,8.12,3.0
2019,2019-11-07,sz.002561,8.08,8.07,1.0
2019,2019-01-31,sz.002566,5.5,5.51,1.0
2019,2019-11-06,sz.002569,9.55,9.58,3.0
2019,2019-11-08,sz.002569,9.75,9.73,2.0
2019,2019-11-19,sz.002569,9.58,9.57,1.0
2019,2019-11-28,sz.002569,9.48,9.42,6.0
2019,2019-01-23,sz.002598,6.72,6.73,1.0
2019,2019-07-19,sz.002598,6.77,6.76,1.0
2019,2019-09-16,sz.002598,6.81,6.8,1.0
2019,2019-09-25,sz.002598,6.62,6.61,1.0
2019,2019-11-28,sz.002613,2.63,2.62,1.0
2019,2019-06-25,sz.002620,6.36,6.35,1.0
2019,2019-07-23,sz.002623,14.59,14.61,2.0
2019,2019-08-16,sz.002623,13.38,13.36,2.0
2019,2019-10-14,sz.002623,14.52,14.49,3.0
2019,2019-11-01,sz.002623,13.33,13.34,1.0
2019,2019-05-29,sz.002627,7.36,7.39,3.0
2019,2019-09-18,sz.002627,7.22,7.24,2.0
2019,2019-08-02,sz.002633,8.7,8.74,4.0
2019,2019-11-01,sz.002652,3.79,3.8,1.0
2019,2019-08-21,sz.002671,4.32,4.33,1.0
2019,2019-08-23,sz.002671,4.36,4.35,1.0
2019,2019-01-10,sz.002678,5.82,5.8,2.0
2019,2019-01-02,sz.002682,4.29,4.3,1.0
2019,2019-01-15,sz.002705,9.1,9.11,1.0
2019,2019-07-30,sz.002715,16.35,16.36,1.0
2019,2019-05-23,sz.002729,30.05,30.25,20.0
2019,2019-08-07,sz.002735,14.75,14.76,1.0
2019,2019-01-21,sz.002738,14.9,14.87,3.0
2019,2019-07-09,sz.002749,11.49,11.52,3.0
2019,2019-11-21,sz.002749,10.68,10.69,1.0
2019,2019-09-25,sz.002762,5.39,5.37,2.0
2019,2019-08-13,sz.002775,5.53,5.52,1.0
2019,2019-10-15,sz.002775,5.89,5.9,1.0
2019,2019-11-26,sz.002775,5.56,5.55,1.0
2019,2019-11-13,sz.002778,16.32,16.3,2.0
2019,2019-08-30,sz.002779,14.93,14.84,9.0
2019,2019-07-24,sz.002781,17.29,17.31,2.0
2019,2019-08-06,sz.002791,16.41,16.43,2.0
2019,2019-02-01,sz.002799,11.79,11.78,1.0
2019,2019-06-06,sz.002799,13.51,13.5,1.0
2019,2019-06-14,sz.002799,13.9,14.02,12.0
2019,2019-07-30,sz.002799,13.74,13.75,1.0
2019,2019-01-21,sz.002802,20.46,20.47,1.0
2019,2019-05-24,sz.002802,20.82,20.81,1.0
2019,2019-11-20,sz.002802,19.12,19.16,4.0
2019,2019-01-22,sz.002809,15.57,15.58,1.0
2019,2019-09-04,sz.002816,17.98,17.95,3.0
2019,2019-05-21,sz.002817,19.27,19.29,2.0
2019,2019-06-04,sz.002826,10.17,10.2,3.0
2019,2019-07-26,sz.002826,9.95,9.96,1.0
2019,2019-08-13,sz.002829,20.08,20.03,5.0
2019,2019-01-22,sz.002832,31.58,31.55,3.0
2019,2019-08-26,sz.002833,32.2,32.18,2.0
2019,2019-12-02,sz.002833,32.65,32.64,1.0
2019,2019-05-14,sz.002853,18.28,18.44,16.0
2019,2019-01-08,sz.002868,15.7,15.69,1.0
2019,2019-01-23,sz.002880,40.85,40.66,19.0
2019,2019-07-17,sz.002883,20.65,20.62,3.0
2019,2019-05-17,sz.002890,18.74,18.73,1.0
2019,2019-08-22,sz.002890,19.49,19.42,7.0
2019,2019-10-23,sz.002890,20.37,20.39,2.0
2019,2019-07-10,sz.002896,26.9,26.85,5.0
2019,2019-05-13,sz.300029,5.17,5.16,1.0
2019,2019-01-02,sz.300065,10.27,10.28,1.0
2019,2019-05-09,sz.300150,4.59,4.58,1.0
2019,2019-06-05,sz.300151,5.96,5.97,1.0
2019,2019-08-01,sz.300204,11.28,11.27,1.0
2019,2019-08-13,sz.300204,10.41,10.43,2.0
2019,2019-01-10,sz.300218,6.37,6.36,1.0
2019,2019-06-14,sz.300243,7.82,7.8,2.0
2019,2019-01-28,sz.300250,11.21,11.17,4.0
2019,2019-08-08,sz.300258,10.97,11.02,5.0
2019,2019-07-23,sz.300272,5.25,5.24,1.0
2019,2019-08-21,sz.300272,4.81,4.83,2.0
2019,2019-10-08,sz.300272,4.93,4.94,1.0
2019,2019-05-31,sz.300286,9.88,9.86,2.0
2019,2019-07-12,sz.300289,6.1,6.09,1.0
2019,2019-10-15,sz.300289,5.51,5.53,2.0
2019,2019-09-26,sz.300305,8.47,8.48,1.0
2019,2019-10-17,sz.300305,8.89,8.88,1.0
2019,2019-12-25,sz.300305,8.35,8.4,5.0
2019,2019-08-15,sz.300321,13.97,13.99,2.0
2019,2019-02-11,sz.300330,6.78,6.79,1.0
2019,2019-12-09,sz.300334,7.38,7.37,1.0
2019,2019-01-03,sz.300354,8.25,8.29,4.0
2019,2019-08-13,sz.300374,8.79,8.76,3.0
2019,2019-08-21,sz.300374,8.97,8.96,1.0
2019,2019-05-23,sz.300381,9.7,9.71,1.0
2019,2019-01-03,sz.300385,13.88,13.87,1.0
2019,2019-06-18,sz.300395,16.91,16.92,1.0
2019,2019-08-13,sz.300419,5.62,5.61,1.0
2019,2019-01-09,sz.300421,13.0,12.99,1.0
2019,2019-07-10,sz.300434,8.25,8.23,2.0
2019,2019-01-03,sz.300439,13.41,13.39,2.0
2019,2019-08-28,sz.300472,12.27,12.28,1.0
2019,2019-01-02,sz.300475,8.29,8.3,1.0
2019,2019-01-04,sz.300475,8.36,8.35,1.0
2019,2019-04-18,sz.300483,36.56,36.57,1.0
2019,2019-06-14,sz.300483,35.25,35.34,9.0
2019,2019-11-29,sz.300483,35.72,35.93,21.0
2019,2019-08-28,sz.300486,12.67,12.68,1.0
2019,2019-01-16,sz.300501,17.61,17.6,1.0
2019,2019-09-26,sz.300501,11.7,11.71,1.0
2019,2019-01-23,sz.300515,8.85,8.84,1.0
2019,2019-06-10,sz.300530,36.45,36.4,5.0
2019,2019-04-12,sz.300557,30.08,30.05,3.0
2019,2019-05-07,sz.300557,25.86,25.84,2.0
2019,2019-05-09,sz.300557,25.87,25.72,15.0
2019,2019-05-13,sz.300557,26.32,26.31,1.0
2019,2019-08-13,sz.300557,26.41,26.48,7.0
2019,2019-08-14,sz.300557,26.69,26.66,3.0
2019,2019-12-02,sz.300557,25.2,25.24,4.0
2019,2019-01-22,sz.300616,63.87,64.02,15.0
2019,2019-05-20,sz.300616,81.79,81.6,19.0
2019,2019-08-13,sz.300617,20.87,20.96,9.0
2019,2019-11-20,sz.300617,21.07,21.02,5.0
2019,2019-12-05,sz.300617,21.0,20.99,1.0
2019,2019-11-27,sz.300619,21.65,21.67,2.0
2019,2019-01-22,sz.300636,18.45,18.43,2.0
2019,2019-01-23,sz.300636,18.35,18.36,1.0
2019,2019-10-08,sz.300641,5.05,5.04,1.0
2019,2019-12-04,sz.300649,19.26,19.24,2.0
2019,2019-08-21,sz.300658,14.26,14.25,1.0
2019,2019-12-03,sz.300668,16.35,16.33,2.0
2019,2019-08-06,sz.300669,21.14,21.06,8.0
2019,2019-12-02,sz.300677,15.26,15.27,1.0
2019,2019-12-09,sz.300681,32.1,31.94,16.0
2019,2019-06-25,sz.300695,54.57,54.56,1.0
2019,2019-07-29,sz.300695,51.02,51.16,14.0
2019,2019-09-30,sz.300695,52.14,51.96,18.0
2019,2019-10-29,sz.300727,15.02,15.01,1.0
2019,2019-05-09,sz.300729,22.6,22.51,9.0
2019,2019-08-19,sz.300729,21.87,21.86,1.0
2020,2020-02-27,sz.000504,7.25,7.24,1.0
2020,2020-07-31,sz.000504,12.64,12.65,1.0
2020,2020-10-23,sz.000504,12.46,12.44,2.0
2020,2020-11-17,sz.000504,12.42,12.45,3.0
2020,2020-01-16,sz.000548,4.23,4.22,1.0
2020,2020-04-21,sz.000571,2.57,2.56,1.0
2020,2020-01-08,sz.000611,3.87,3.86,1.0
2020,2020-12-30,sz.000611,2.84,2.85,1.0
2020,2020-08-11,sz.000663,3.82,3.81,1.0
2020,2020-11-25,sz.000663,4.0,3.99,1.0
2020,2020-11-18,sz.000679,3.35,3.34,1.0
2020,2020-06-15,sz.000695,8.0,7.99,1.0
2020,2020-01-17,sz.000698,3.32,3.31,1.0
2020,2020-11-11,sz.000752,3.04,3.05,1.0
2020,2020-12-29,sz.000752,3.83,3.82,1.0
2020,2020-06-22,sz.000926,5.32,5.31,1.0
2020,2020-12-07,sz.002021,2.07,2.05,2.0
2020,2020-11-09,sz.002072,4.76,4.78,2.0
2020,2020-10-29,sz.002188,3.15,3.14,1.0
2020,2020-11-13,sz.002188,2.95,2.94,1.0
2020,2020-12-16,sz.002188,2.9,2.89,1.0
2020,2020-04-23,sz.002200,6.68,6.65,3.0
2020,2020-05-25,sz.002207,5.02,5.01,1.0
2020,2020-12-09,sz.002207,6.87,6.88,1.0
2020,2020-06-01,sz.002259,2.22,2.21,1.0
2020,2020-06-11,sz.002259,2.18,2.17,1.0
2020,2020-03-20,sz.002290,4.94,4.93,1.0
2020,2020-04-21,sz.002290,5.15,5.13,2.0
2020,2020-05-11,sz.002290,5.68,5.67,1.0
2020,2020-11-17,sz.002306,2.8,2.81,1.0
2020,2020-10-09,sz.002319,8.44,8.43,1.0
2020,2020-12-03,sz.002319,6.84,6.83,1.0
2020,2020-08-12,sz.002323,2.7,2.72,2.0
2020,2020-04-02,sz.002333,4.22,4.23,1.0
2020,2020-05-20,sz.002420,3.86,3.85,1.0
2020,2020-10-16,sz.002473,5.8,5.78,2.0
2020,2020-11-02,sz.002473,6.24,6.23,1.0
2020,2020-12-01,sz.002473,5.75,5.73,2.0
2020,2020-06-11,sz.002499,3.52,3.54,2.0
2020,2020-06-17,sz.002499,3.48,3.47,1.0
2020,2020-12-01,sz.002499,4.32,4.35,3.0
2020,2020-12-14,sz.002502,2.83,2.84,1.0
2020,2020-11-23,sz.002513,4.38,4.36,2.0
2020,2020-10-22,sz.002561,8.04,8.03,1.0
2020,2020-03-02,sz.002569,9.66,9.65,1.0
2020,2020-05-22,sz.002569,10.05,10.06,1.0
2020,2020-12-14,sz.002569,11.92,11.89,3.0
2020,2020-10-14,sz.002575,4.89,4.9,1.0
2020,2020-10-28,sz.002629,2.21,2.2,1.0
2020,2020-01-16,sz.002633,8.74,8.73,1.0
2020,2020-03-03,sz.002633,8.06,8.05,1.0
2020,2020-01-13,sz.002692,3.54,3.53,1.0
2020,2020-10-09,sz.002836,10.86,10.85,1.0
2020,2020-09-18,sz.002868,15.24,15.23,1.0
2020,2020-10-19,sz.002883,14.67,14.64,3.0
2020,2020-04-01,sz.002911,13.21,13.2,1.0
2020,2020-05-18,sz.300117,2.78,2.79,1.0
2020,2020-03-26,sz.300492,40.2,40.07,13.0
2020,2020-06-12,sz.300547,7.81,7.82,1.0
2020,2020-06-29,sz.300553,34.12,34.06,6.0
2020,2020-05-14,sz.300641,4.38,4.37,1.0
2020,2020-02-14,sz.300720,13.8,13.79,1.0
2021,2021-05-06,sz.000023,16.05,16.04,1.0
2021,2021-09-27,sz.000042,7.45,7.46,1.0
2021,2021-08-30,sz.000404,3.9,3.91,1.0
2021,2021-01-27,sz.000430,4.55,4.56,1.0
2021,2021-05-25,sz.000502,5.07,5.08,1.0
2021,2021-06-15,sz.000502,5.18,5.16,2.0
2021,2021-07-22,sz.000502,5.19,5.17,2.0
2021,2021-01-18,sz.000504,13.61,13.58,3.0
2021,2021-01-21,sz.000504,13.16,13.17,1.0
2021,2021-02-19,sz.000504,12.26,12.25,1.0
2021,2021-02-24,sz.000504,12.12,12.09,3.0
2021,2021-03-10,sz.000504,11.71,11.67,4.0
2021,2021-08-17,sz.000514,3.1,3.09,1.0
2021,2021-01-15,sz.000571,2.54,2.53,1.0
2021,2021-01-29,sz.000571,2.34,2.33,1.0
2021,2021-08-09,sz.000585,1.57,1.56,1.0
2021,2021-01-19,sz.000752,3.35,3.34,1.0
2021,2021-09-30,sz.000759,4.89,4.88,1.0
2021,2021-01-07,sz.000803,14.46,14.43,3.0
2021,2021-01-20,sz.000803,14.48,14.43,5.0
2021,2021-01-21,sz.000803,14.55,14.54,1.0
2021,2021-11-23,sz.002016,5.04,5.06,2.0
2021,2021-11-17,sz.002040,5.89,5.9,1.0
2021,2021-11-03,sz.002072,5.68,5.67,1.0
2021,2021-07-26,sz.002159,10.69,10.66,3.0
2021,2021-01-21,sz.002200,4.97,4.96,1.0
2021,2021-01-13,sz.002290,5.46,5.41,5.0
2021,2021-01-08,sz.002306,2.56,2.55,1.0
2021,2021-01-25,sz.002319,6.96,6.95,1.0
2021,2021-02-10,sz.002319,6.91,6.93,2.0
2021,2021-03-16,sz.002323,2.8,2.79,1.0
2021,2021-03-24,sz.002323,2.91,2.89,2.0
2021,2021-04-07,sz.002333,5.28,5.27,1.0
2021,2021-01-05,sz.002336,4.03,4.02,1.0
2021,2021-01-11,sz.002336,4.0,4.01,1.0
2021,2021-03-04,sz.002336,3.92,3.91,1.0
2021,2021-03-24,sz.002336,4.06,4.04,2.0
2021,2021-10-27,sz.002336,4.12,4.11,1.0
2021,2021-11-16,sz.002394,7.62,7.63,1.0
2021,2021-02-25,sz.002473,4.6,4.61,1.0
2021,2021-07-29,sz.002473,5.2,5.21,1.0
2021,2021-09-03,sz.002473,5.83,5.85,2.0
2021,2021-03-08,sz.002485,4.25,4.26,1.0
2021,2021-08-16,sz.002499,5.55,5.51,4.0
2021,2021-03-22,sz.002513,4.34,4.35,1.0
2021,2021-05-07,sz.002513,4.46,4.45,1.0
2021,2021-04-27,sz.002552,12.17,12.16,1.0
2021,2021-02-02,sz.002569,7.97,7.98,1.0
2021,2021-02-03,sz.002569,8.05,8.02,3.0
2021,2021-03-24,sz.002569,8.22,8.21,1.0
2021,2021-08-04,sz.002569,7.79,7.78,1.0
2021,2021-10-14,sz.002569,8.02,8.01,1.0
2021,2021-10-20,sz.002569,7.91,7.87,4.0
2021,2021-12-29,sz.002569,8.06,8.05,1.0
2021,2021-05-31,sz.002586,2.36,2.37,1.0
2021,2021-02-05,sz.002598,5.78,5.77,1.0
2021,2021-02-25,sz.002598,6.18,6.17,1.0
2021,2021-03-08,sz.002633,6.44,6.43,1.0
2021,2021-03-10,sz.002633,6.18,6.16,2.0
2021,2021-04-12,sz.002634,6.48,6.49,1.0
2021,2021-05-11,sz.002715,14.58,14.56,2.0
2021,2021-10-27,sz.002715,11.03,11.04,1.0
2021,2021-10-22,sz.002718,12.32,12.33,1.0
2021,2021-03-26,sz.002722,10.19,10.18,1.0
2021,2021-01-20,sz.002748,5.62,5.64,2.0
2021,2021-12-07,sz.002767,12.35,12.38,3.0
2021,2021-03-30,sz.002774,6.09,6.08,1.0
2021,2021-02-03,sz.002779,9.94,9.92,2.0
2021,2021-08-13,sz.002793,8.62,8.64,2.0
2021,2021-08-30,sz.002800,13.22,13.23,1.0
2021,2021-03-09,sz.002802,21.1,21.16,6.0
2021,2021-08-06,sz.002811,7.54,7.55,1.0
2021,2021-12-08,sz.002816,16.97,16.98,1.0
2021,2021-09-28,sz.002836,7.93,7.94,1.0
2021,2021-10-14,sz.002836,8.18,8.19,1.0
2021,2021-10-29,sz.002855,7.97,7.98,1.0
2021,2021-04-07,sz.002858,13.9,13.91,1.0
2021,2021-01-27,sz.002868,11.33,11.32,1.0
2021,2021-12-17,sz.002872,4.87,4.86,1.0
2021,2021-03-11,sz.002873,15.56,15.55,1.0
2021,2021-11-03,sz.002883,9.79,9.82,3.0
2021,2021-10-11,sz.002888,11.77,11.8,3.0
2021,2021-07-05,sz.002898,9.96,9.98,2.0
2021,2021-01-11,sz.002921,17.82,17.9,8.0
2021,2021-01-28,sz.002942,26.35,26.32,3.0
2021,2021-04-15,sz.002942,27.45,27.49,4.0
2021,2021-06-08,sz.002995,32.51,32.56,5.0
2021,2021-02-22,sz.300069,14.13,14.11,2.0
2021,2021-04-22,sz.300069,12.86,12.87,1.0
2021,2021-03-02,sz.300321,17.25,17.24,1.0
2021,2021-11-02,sz.300371,12.67,12.68,1.0
2021,2021-10-19,sz.300442,41.81,41.72,9.0
2021,2021-04-07,sz.300536,13.72,13.71,1.0
2021,2021-03-12,sz.300550,16.32,16.34,2.0
2021,2021-03-29,sz.300550,16.47,16.45,2.0
2021,2021-05-12,sz.300553,27.32,27.33,1.0
2021,2021-09-15,sz.300584,16.76,16.77,1.0
2021,2021-05-20,sz.300594,18.38,18.35,3.0
2021,2021-10-25,sz.300594,18.24,18.23,1.0
2021,2021-08-05,sz.300654,7.68,7.67,1.0
2021,2021-05-12,sz.300695,52.26,52.23,3.0
2021,2021-03-12,sz.300718,17.23,17.24,1.0
2021,2021-01-06,sz.300756,21.29,21.25,4.0
2021,2021-04-12,sz.300791,86.62,86.68,6.0
2021,2021-05-18,sz.300795,16.86,16.93,7.0
2021,2021-05-31,sz.300795,15.81,15.79,2.0
2021,2021-07-20,sz.300795,18.0,17.99,1.0
2021,2021-07-30,sz.300795,16.72,16.71,1.0
2021,2021-09-24,sz.300795,18.94,18.95,1.0
2021,2021-10-26,sz.300795,19.35,19.33,2.0
2021,2021-08-30,sz.300826,18.65,18.62,3.0
2021,2021-07-23,sz.300851,32.18,32.16,2.0
2022,2022-09-23,sz.000005,1.77,1.78,1.0
2022,2022-03-04,sz.000502,5.48,5.43,5.0
2022,2022-10-18,sz.000752,3.73,3.74,1.0
2022,2022-04-20,sz.000802,3.9,3.89,1.0
2022,2022-12-22,sz.002058,11.19,11.15,4.0
2022,2022-08-24,sz.002200,7.56,7.55,1.0
2022,2022-08-31,sz.002200,7.66,7.65,1.0
2022,2022-09-01,sz.002200,7.62,7.57,5.0
2022,2022-11-22,sz.002200,7.56,7.55,1.0
2022,2022-01-26,sz.002473,11.35,11.42,7.0
2022,2022-08-04,sz.002485,2.99,3.0,1.0
2022,2022-06-13,sz.002569,6.19,6.18,1.0
2022,2022-10-28,sz.002569,6.62,6.57,5.0
2022,2022-05-10,sz.002575,4.24,4.25,1.0
2022,2022-05-18,sz.002575,4.44,4.43,1.0
2022,2022-01-12,sz.002729,49.94,49.9,4.0
2022,2022-09-23,sz.002857,13.25,13.27,2.0
2022,2022-02-08,sz.002868,10.97,10.89,8.0
2022,2022-05-20,sz.002872,4.88,4.89,1.0
2022,2022-04-13,sz.002921,14.52,14.59,7.0
2022,2022-05-17,sz.003008,22.67,22.7,3.0
2022,2022-05-19,sz.003028,28.19,28.21,2.0
2022,2022-06-10,sz.300089,3.08,3.09,1.0
2022,2022-02-14,sz.300174,14.55,14.56,1.0
2022,2022-03-09,sz.300392,6.24,6.26,2.0
2022,2022-02-09,sz.300434,9.34,9.35,1.0
2022,2022-02-14,sz.300492,40.93,40.91,2.0
2022,2022-06-27,sz.300492,37.22,37.2,2.0
2022,2022-10-11,sz.300492,35.33,35.34,1.0
2022,2022-11-30,sz.300492,35.71,35.74,3.0
2022,2022-03-07,sz.300530,26.44,26.45,1.0
2022,2022-10-10,sz.300535,12.06,12.07,1.0
2022,2022-01-26,sz.300575,21.38,21.39,1.0
2022,2022-03-25,sz.300575,19.17,19.15,2.0
2022,2022-06-08,sz.300594,16.12,16.11,1.0
2022,2022-12-12,sz.300641,5.47,5.46,1.0
2022,2022-05-05,sz.300695,47.05,47.0,5.0
2022,2022-12-09,sz.300789,19.09,19.02,7.0
2022,2022-05-16,sz.300822,15.22,15.29,7.0
2022,2022-02-16,sz.300851,28.84,28.85,1.0
2022,2022-04-18,sz.300851,25.52,25.53,1.0
2022,2022-09-20,sz.300851,21.04,21.2,16.0
2022,2022-11-28,sz.300851,22.93,22.94,1.0
2022,2022-05-13,sz.300876,22.75,22.74,1.0
2022,2022-12-23,sz.300899,19.88,19.89,1.0
2022,2022-02-11,sz.300927,29.32,29.21,11.0
2022,2022-03-25,sz.300984,54.45,54.44,1.0
2022,2022-11-25,sz.301005,21.69,21.72,3.0
2022,2022-12-08,sz.301042,35.95,36.08,13.0
2022,2022-12-09,sz.301045,18.11,18.1,1.0
2022,2022-11-25,sz.301079,19.21,19.27,6.0
2023,2023-01-10,sz.002200,8.08,8.06,2.0
2023,2023-09-26,sz.002692,3.56,3.55,1.0
2023,2023-05-08,sz.002700,4.67,4.66,1.0
2023,2023-06-01,sz.002942,18.44,18.45,1.0
2023,2023-02-06,sz.003033,47.8,47.82,2.0
2023,2023-01-09,sz.300270,5.47,5.45,2.0
2023,2023-01-11,sz.300789,17.78,17.8,2.0
2023,2023-09-11,sz.300799,272.0,272.31,31.0
2023,2023-07-24,sz.301037,18.16,18.18,2.0
2023,2023-04-12,sz.301283,46.12,46.14,2.0
2024,2024-08-21,sz.000036,2.82,2.81,1.0
2024,2024-06-25,sz.000809,2.01,2.02,1.0
2024,2024-09-12,sz.001222,10.33,10.34,1.0
2024,2024-08-16,sz.001228,18.25,18.23,2.0
2024,2024-07-22,sz.001256,13.15,13.14,1.0
2024,2024-09-11,sz.001288,24.89,24.9,1.0
2024,2024-08-13,sz.002200,5.08,5.07,1.0
2024,2024-09-23,sz.002200,4.79,4.78,1.0
2024,2024-07-12,sz.002259,2.21,2.2,1.0
2024,2024-01-26,sz.002289,5.53,5.52,1.0
2024,2024-07-29,sz.002732,13.88,13.89,1.0
2024,2024-09-18,sz.002742,2.43,2.42,1.0
2024,2024-09-13,sz.002748,5.69,5.7,1.0
2024,2024-05-24,sz.002816,11.02,10.97,5.0
2024,2024-07-03,sz.002816,10.28,10.21,7.0
2024,2024-07-11,sz.002816,10.08,10.05,3.0
2024,2024-06-25,sz.003030,14.39,14.42,3.0
2024,2024-09-03,sz.300268,6.43,6.42,1.0
2024,2024-09-04,sz.300268,6.28,6.23,5.0
2024,2024-07-23,sz.300669,12.72,12.71,1.0
2024,2024-09-03,sz.300669,12.49,12.51,2.0
2024,2024-06-11,sz.300695,37.68,37.75,7.0
2024,2024-08-07,sz.300695,34.98,35.0,2.0
2024,2024-09-12,sz.300804,20.4,20.36,4.0
2024,2024-07-18,sz.300837,19.54,19.6,6.0
2024,2024-07-24,sz.300858,14.09,14.08,1.0
2024,2024-09-18,sz.300915,24.34,24.32,2.0
2024,2024-07-10,sz.301108,24.33,24.25,8.0
2024,2024-07-25,sz.301108,23.51,23.52,1.0
2024,2024-06-04,sz.301130,24.99,24.96,3.0
2024,2024-09-09,sz.301190,12.73,12.74,1.0
2024,2024-08-29,sz.301223,14.17,14.16,1.0
2024,2024-09-11,sz.301237,19.1,19.11,1.0
2024,2024-07-04,sz.301283,26.85,26.78,7.0
2024,2024-08-15,sz.301286,27.12,27.13,1.0
2024,2024-08-20,sz.301286,27.21,27.22,1.0
2024,2024-09-11,sz.301287,23.93,23.94,1.0
2024,2024-08-15,sz.301317,15.17,15.15,2.0
2024,2024-09-10,sz.301322,18.03,18.04,1.0
