arm,order_id,symbol,side,live_date,live_session,limit_price,half_high,half_low,minute_day_high,minute_day_low,half_extremes_within_minute_range,finer_granularity_would_fill,other_session_high,other_session_low,halfday_verdict_conservative_miss,miss_attributable_to_this_session
FULL-bin,sz.002435-buy-2016-01-29-pm,sz.002435,buy,2016-02-01,am,13.4,14.74,14.74,14.74,14.74,True,False,14.74,14.74,False,True
FULL-bin,sz.000019-buy-2016-01-29-pm,sz.000019,buy,2016-02-01,am,12.29,13.52,12.91,13.52,12.91,True,False,13.52,13.03,False,True
FULL-bin,sz.002435-buy-2016-02-01-am,sz.002435,buy,2016-02-01,pm,14.74,14.74,14.74,14.74,14.74,True,False,14.74,14.74,False,True
FULL-bin,sz.002435-buy-2016-02-01-pm,sz.002435,buy,2016-02-02,am,14.74,16.21,14.9,16.21,14.9,True,False,16.06,15.41,False,True
FULL-bin,sz.002435-buy-2016-02-02-am,sz.002435,buy,2016-02-02,pm,15.41,16.06,15.41,16.21,14.9,True,True,16.21,14.9,True,False
FULL-bin,sz.000019-sell/profit-2016-02-15-am,sz.000019,sell,2016-02-15,pm,20.08,20.08,20.08,20.080000000000002,17.85,True,True,20.08,17.85,True,True
FULL-bin,sz.000982-buy-2016-02-29-pm,sz.000982,buy,2016-03-01,am,6.17,6.79,6.79,6.79,6.79,True,False,6.79,6.79,False,True
FULL-bin,sz.002409-buy-2016-02-29-pm,sz.002409,buy,2016-03-01,am,24.16,26.58,24.5,26.580000000000002,24.5,True,False,26.0,24.65,False,True
FULL-bin,sz.000982-buy-2016-03-01-am,sz.000982,buy,2016-03-01,pm,6.79,6.79,6.79,6.79,6.79,True,False,6.79,6.79,False,True
FULL-bin,sz.000982-buy-2016-03-01-pm,sz.000982,buy,2016-03-02,am,6.79,7.47,7.47,7.47,7.47,True,False,7.47,7.47,False,True
FULL-bin,sz.000982-buy-2016-03-02-am,sz.000982,buy,2016-03-02,pm,7.47,7.47,7.47,7.47,7.47,True,False,7.47,7.47,False,True
FULL-bin,sz.000982-buy-2016-03-02-pm,sz.000982,buy,2016-03-03,am,7.47,8.22,8.22,8.22,8.09,True,False,8.22,8.09,False,True
FULL-bin,sh.600614-sell/risk-2016-03-31-pm,sh.600614,sell,2016-04-01,am,7.53,7.5,7.29,7.75,7.29,True,True,7.75,7.32,True,False
FULL-bin,sz.002528-sell/risk-2016-03-31-pm,sz.002528,sell,2016-04-01,am,12.24,12.16,11.7,12.16,11.66,True,False,12.1,11.66,False,True
FULL-bin,sh.600666-buy-2016-04-29-pm,sh.600666,buy,2016-05-03,am,28.17,29.23,28.45,29.3,28.45,True,False,29.3,29.0,False,True
FULL-bin,sz.002211-buy-2016-05-31-pm,sz.002211,buy,2016-06-01,am,11.59,12.75,12.75,12.75,12.75,True,False,12.75,12.75,False,True
FULL-bin,sz.002102-buy-2016-05-31-pm,sz.002102,buy,2016-06-01,am,11.76,12.05,11.79,12.05,11.68,True,True,11.93,11.68,True,False
FULL-bin,sz.002211-buy-2016-06-01-am,sz.002211,buy,2016-06-01,pm,12.75,12.75,12.75,12.75,12.75,True,False,12.75,12.75,False,True
FULL-bin,sz.002211-buy-2016-06-01-pm,sz.002211,buy,2016-06-02,am,12.75,14.03,13.0,14.030000000000001,13.0,True,False,14.03,13.7,False,True
FULL-bin,sz.002619-sell/risk-2016-06-02-pm,sz.002619,sell,2016-06-03,am,17.22,16.47,15.5,16.78,15.5,True,False,16.78,15.65,False,True
FULL-bin,sz.002211-sell/risk-2016-06-13-am,sz.002211,sell,2016-06-13,pm,12.39,12.39,11.57,12.52,11.57,True,True,12.52,12.31,True,False
FULL-bin,sh.600120-buy-2016-06-30-pm,sh.600120,buy,2016-07-01,am,21.71,23.88,23.88,23.88,23.88,True,False,23.88,23.88,False,True
FULL-bin,sz.002273-buy-2016-06-30-pm,sz.002273,buy,2016-07-01,am,27.99,28.68,27.99,28.68,27.7,True,True,28.18,27.7,True,False
FULL-bin,sh.600120-buy-2016-07-01-am,sh.600120,buy,2016-07-01,pm,23.88,23.88,23.88,23.88,23.88,True,False,23.88,23.88,False,True
FULL-bin,sh.600120-buy-2016-07-01-pm,sh.600120,buy,2016-07-04,am,23.88,26.27,25.96,26.27,25.96,True,False,26.27,26.27,False,True
FULL-bin,sh.600120-buy-2016-07-04-am,sh.600120,buy,2016-07-04,pm,26.27,26.27,26.27,26.27,25.96,True,True,26.27,25.96,True,False
FULL-bin,sh.600120-buy-2016-07-04-pm,sh.600120,buy,2016-07-05,am,26.27,28.76,26.69,28.76,26.69,True,False,28.25,27.35,False,True
FULL-bin,sh.600751-buy-2016-07-29-pm,sh.600751,buy,2016-08-01,am,8.94,9.83,9.83,9.83,9.83,True,False,9.83,9.83,False,True
FULL-bin,sz.002222-sell/risk-2016-07-29-pm,sz.002222,sell,2016-08-01,am,17.87,17.62,16.69,17.62,16.43,True,False,17.35,16.43,False,True
FULL-bin,sz.002273-sell/risk-2016-07-29-pm,sz.002273,sell,2016-08-01,am,23.07,22.8,21.94,22.8,21.93,True,False,22.67,21.93,False,True
FULL-bin,sh.600751-buy-2016-08-01-am,sh.600751,buy,2016-08-01,pm,9.83,9.83,9.83,9.83,9.83,True,False,9.83,9.83,False,True
FULL-bin,sh.600619-buy-2016-08-31-pm,sh.600619,buy,2016-09-01,am,12.18,12.33,12.18,12.33,11.92,True,True,12.21,11.92,True,False
FULL-bin,sz.002266-buy-2016-09-30-pm,sz.002266,buy,2016-10-10,am,5.87,6.46,6.1,6.46,6.1000000000000005,True,False,6.19,6.12,False,True
FULL-bin,sh.600499-buy-2016-09-30-pm,sh.600499,buy,2016-10-10,am,7.92,8.1,7.96,8.23,7.96,True,False,8.23,8.09,False,True
FULL-bin,sh.600499-buy-2016-10-10-am,sh.600499,buy,2016-10-10,pm,8.09,8.23,8.09,8.23,7.96,True,True,8.1,7.96,True,False
FULL-bin,sz.002486-buy-2016-10-31-pm,sz.002486,buy,2016-11-01,am,6.66,7.33,7.33,7.33,7.33,True,False,7.33,7.33,False,True
FULL-bin,sz.002486-buy-2016-11-01-am,sz.002486,buy,2016-11-01,pm,7.33,7.33,7.33,7.33,7.33,True,False,7.33,7.33,False,True
FULL-bin,sz.002486-buy-2016-11-01-pm,sz.002486,buy,2016-11-02,am,7.33,8.06,8.06,8.06,8.06,True,False,8.06,8.06,False,True
FULL-bin,sz.002486-buy-2016-11-02-am,sz.002486,buy,2016-11-02,pm,8.06,8.06,8.06,8.06,8.06,True,False,8.06,8.06,False,True
FULL-bin,sz.002486-buy-2016-11-02-pm,sz.002486,buy,2016-11-03,am,8.06,8.87,8.87,8.870000000000001,8.870000000000001,True,False,8.87,8.87,False,True
FULL-bin,sz.002486-buy-2016-11-03-am,sz.002486,buy,2016-11-03,pm,8.87,8.87,8.87,8.870000000000001,8.870000000000001,True,False,8.87,8.87,False,True
FULL-bin,sz.002486-buy-2016-11-03-pm,sz.002486,buy,2016-11-04,am,8.87,9.76,9.76,9.76,9.76,True,False,9.76,9.76,False,True
FULL-bin,sz.002486-buy-2016-11-04-am,sz.002486,buy,2016-11-04,pm,9.76,9.76,9.76,9.76,9.76,True,False,9.76,9.76,False,True
FULL-bin,sz.002486-buy-2016-11-04-pm,sz.002486,buy,2016-11-07,am,9.76,10.74,10.05,10.74,10.05,True,False,10.74,10.33,False,True
FULL-bin,sz.002486-sell/risk-2016-11-09-am,sz.002486,sell,2016-11-09,pm,12.25,12.25,12.25,12.25,11.1,True,False,12.25,11.1,False,True
FULL-bin,sz.000935-buy-2016-11-30-pm,sz.000935,buy,2016-12-01,am,30.02,31.3,30.1,31.36,30.1,True,False,31.36,30.27,False,True
FULL-bin,sz.002760-buy-2016-11-30-pm,sz.002760,buy,2016-12-01,am,43.76,44.35,43.82,44.35,43.82,True,False,44.32,43.93,False,True
FULL-bin,sh.600679-sell/risk-2016-12-12-am,sh.600679,sell,2016-12-12,pm,33.8,33.8,33.41,33.8,31.5,True,False,33.8,31.5,False,True
FULL-bin,sh.600679-sell/profit-2016-12-16-am,sh.600679,sell,2016-12-16,pm,43.9,43.9,43.9,43.9,42.01,True,False,43.9,42.01,False,True
FULL-bin,sh.600215-buy-2016-12-30-pm,sh.600215,buy,2017-01-03,am,12.34,13.57,13.57,13.57,13.57,True,False,13.57,13.57,False,True
FULL-bin,sz.002787-buy-2016-12-30-pm,sz.002787,buy,2017-01-03,am,40.11,41.17,40.16,41.17,40.160000000000004,True,False,41.01,40.72,False,True
FULL-bin,sz.002259-buy-2016-12-30-pm,sz.002259,buy,2017-01-03,am,10.02,11.02,10.21,11.02,10.21,True,False,10.95,10.43,False,True
FULL-bin,sh.600215-buy-2017-01-03-am,sh.600215,buy,2017-01-03,pm,13.57,13.57,13.57,13.57,13.57,True,False,13.57,13.57,False,True
FULL-bin,sh.600215-buy-2017-01-03-pm,sh.600215,buy,2017-01-04,am,13.57,14.93,14.79,14.93,14.790000000000001,True,False,14.93,14.93,False,True
FULL-bin,sh.600215-buy-2017-01-04-am,sh.600215,buy,2017-01-04,pm,14.93,14.93,14.93,14.93,14.790000000000001,True,True,14.93,14.79,True,False
FULL-bin,sz.002265-buy-2017-01-26-pm,sz.002265,buy,2017-02-03,am,25.34,27.0,25.42,27.48,25.42,True,False,27.48,26.69,False,True
FULL-bin,sz.002265-sell/risk-2017-02-28-pm,sz.002265,sell,2017-03-01,am,27.72,27.38,26.5,27.38,26.5,True,False,27.07,26.6,False,True
FULL-bin,sz.000953-sell/risk-2017-03-02-am,sz.000953,sell,2017-03-02,pm,12.94,12.94,12.94,12.94,12.94,True,False,12.94,12.94,False,True
FULL-bin,sz.000953-sell/risk-2017-03-02-pm,sz.000953,sell,2017-03-03,am,12.94,12.29,12.29,12.290000000000001,12.290000000000001,True,False,12.29,12.29,False,True
FULL-bin,sz.000953-sell/risk-2017-03-03-am,sz.000953,sell,2017-03-03,pm,12.29,12.29,12.29,12.290000000000001,12.290000000000001,True,True,12.29,12.29,True,True
FULL-bin,sz.000953-sell/risk-2017-03-03-pm,sz.000953,sell,2017-03-06,am,12.29,11.68,11.68,11.68,11.68,True,False,11.68,11.68,False,True
FULL-bin,sz.000953-sell/risk-2017-03-06-am,sz.000953,sell,2017-03-06,pm,11.68,11.68,11.68,11.68,11.68,True,False,11.68,11.68,False,True
FULL-bin,sz.000711-buy-2017-03-31-pm,sz.000711,buy,2017-04-05,am,30.77,33.85,32.18,33.85,32.18,True,False,33.85,33.0,False,True
FULL-bin,sz.002748-sell/risk-2017-03-31-pm,sz.002748,sell,2017-04-05,am,22.85,22.65,20.94,22.650000000000002,20.94,True,False,22.49,22.08,False,True
FULL-bin,sh.600519-buy-2017-06-06-pm,sh.600519,buy,2017-06-07,am,448.82,460.0,449.12,460.0,449.12,True,False,459.58,456.5,False,True
FULL-bin,sz.000723-buy-2017-06-16-pm,sz.000723,buy,2017-06-19,am,7.87,8.66,7.91,8.66,7.8,True,True,8.02,7.8,True,False
FULL-bin,sh.600519-buy-2017-06-26-am,sh.600519,buy,2017-06-26,pm,479.45,485.0,479.48,485.0,472.0,True,True,479.88,472.0,True,False
FULL-bin,sz.000611-buy-2017-06-30-pm,sz.000611,buy,2017-07-03,am,9.74,10.54,9.93,10.540000000000001,9.790000000000001,True,False,10.1,9.79,False,True
FULL-bin,sz.002415-sell/risk-2017-06-30-pm,sz.002415,sell,2017-07-03,am,32.3,32.28,30.9,32.28,30.900000000000002,True,False,31.37,31.0,False,True
FULL-bin,sz.000007-buy-2017-07-31-pm,sz.000007,buy,2017-08-01,am,16.77,17.38,16.77,17.53,16.77,True,False,17.53,17.02,False,True
FULL-bin,sz.002032-buy-2017-09-29-pm,sz.002032,buy,2017-10-09,am,37.86,40.77,37.96,41.5,37.96,True,False,41.5,40.0,False,True
FULL-bin,sz.002129-buy-2017-12-22-pm,sz.002129,buy,2017-12-25,am,11.58,12.02,11.68,12.02,11.58,True,False,11.85,11.58,False,True
FULL-bin,sh.601318-buy-2017-12-29-pm,sh.601318,buy,2018-01-02,am,69.98,72.8,70.18,72.8,70.18,True,False,72.64,71.8,False,True
FULL-bin,sh.600383-buy-2017-12-29-pm,sh.600383,buy,2018-01-02,am,12.63,13.89,12.86,13.89,12.86,True,False,13.89,13.73,False,True
FULL-bin,sh.600383-sell/profit-2018-01-16-pm,sh.600383,sell,2018-01-17,am,17.41,17.29,16.08,17.29,16.080000000000002,True,False,16.97,16.18,False,True
FULL-bin,sz.000893-sell/risk-2018-01-22-am,sz.000893,sell,2018-01-22,pm,7.97,7.97,7.97,8.82,7.97,True,True,8.82,7.97,True,False
FULL-bin,sz.000893-sell/risk-2018-01-22-pm,sz.000893,sell,2018-01-23,am,7.97,7.76,7.17,7.76,7.17,True,False,7.68,7.35,False,True
FULL-bin,sz.002493-buy-2018-01-31-pm,sz.002493,buy,2018-02-01,am,15.45,16.33,15.47,16.330000000000002,15.31,True,True,15.94,15.31,True,False
FULL-bin,sz.002812-sell/risk-2018-01-31-pm,sz.002812,sell,2018-02-01,am,90.48,90.29,88.08,90.29,88.01,True,False,89.16,88.01,False,True
FULL-bin,sz.002845-sell/risk-2018-02-06-am,sz.002845,sell,2018-02-06,pm,20.08,20.08,19.02,20.69,19.02,True,True,20.69,19.87,True,False
FULL-bin,sz.002570-buy-2018-02-07-am,sz.002570,buy,2018-02-07,pm,4.73,5.04,4.73,5.04,4.63,True,True,4.76,4.63,True,False
FULL-bin,sz.002570-buy-2018-02-07-pm,sz.002570,buy,2018-02-08,am,5.04,5.34,5.06,5.34,5.0200000000000005,True,True,5.15,5.02,True,False
FULL-bin,sz.002845-sell/risk-2018-02-28-pm,sz.002845,sell,2018-03-01,am,21.65,21.54,21.12,22.05,21.12,True,True,22.05,21.45,True,False
FULL-bin,sh.600673-buy-2018-03-30-pm,sh.600673,buy,2018-04-02,am,10.19,10.76,10.29,10.76,10.290000000000001,True,False,10.73,10.5,False,True
FULL-bin,sh.600130-sell/risk-2018-04-27-pm,sh.600130,sell,2018-05-02,am,5.56,5.55,5.41,5.72,5.4,True,True,5.72,5.4,True,False
FULL-bin,sh.600460-sell/risk-2018-04-27-pm,sh.600460,sell,2018-05-02,am,15.9,15.86,15.45,15.860000000000001,15.31,True,False,15.63,15.31,False,True
FULL-bin,sz.000333-sell/risk-2018-05-31-pm,sz.000333,sell,2018-06-01,am,52.91,52.88,51.94,52.88,51.94,True,False,52.5,51.95,False,True
FULL-bin,sz.000725-sell/risk-2018-05-31-pm,sz.000725,sell,2018-06-01,am,4.12,4.11,4.05,4.11,4.01,True,False,4.08,4.01,False,True
FULL-bin,sh.600419-sell/risk-2018-06-25-pm,sh.600419,sell,2018-06-26,am,20.01,19.86,19.13,19.86,19.13,True,False,19.7,19.29,False,True
FULL-bin,sz.002413-buy-2018-06-29-pm,sz.002413,buy,2018-07-02,am,5.39,5.59,5.42,5.59,5.39,True,False,5.52,5.39,False,True
FULL-bin,sz.002413-sell/risk-2018-07-23-am,sz.002413,sell,2018-07-23,pm,6.51,6.51,6.51,6.51,5.88,True,False,6.51,5.88,False,True
FULL-bin,sh.600633-buy-2018-07-31-pm,sh.600633,buy,2018-08-01,am,8.61,8.82,8.62,8.97,8.620000000000001,True,False,8.97,8.75,False,True
FULL-bin,sh.600633-sell/risk-2018-08-28-am,sh.600633,sell,2018-08-28,pm,8.96,8.96,8.84,8.98,8.84,True,True,8.98,8.87,True,False
FULL-bin,sh.603515-sell/risk-2018-09-28-pm,sh.603515,sell,2018-10-08,am,29.07,28.35,27.36,28.35,26.6,True,False,27.81,26.6,False,True
FULL-bin,sz.002451-sell/risk-2018-09-28-pm,sz.002451,sell,2018-10-08,am,7.05,6.93,6.68,6.93,6.55,True,False,6.78,6.55,False,True
FULL-bin,sz.002584-sell/risk-2018-09-28-pm,sz.002584,sell,2018-10-08,am,6.3,6.22,6.02,6.22,5.94,True,False,6.19,5.94,False,True
FULL-bin,sz.000963-buy-2018-10-19-pm,sz.000963,buy,2018-10-22,am,37.55,40.97,38.08,40.99,38.08,True,False,40.99,39.86,False,True
FULL-bin,sh.600511-buy-2018-10-31-pm,sh.600511,buy,2018-11-01,am,25.22,25.9,25.32,25.900000000000002,25.02,True,True,25.79,25.02,True,False
FULL-bin,sh.600606-buy-2018-10-31-pm,sh.600606,buy,2018-11-01,am,6.17,6.3,6.21,6.3,6.18,True,False,6.28,6.18,False,True
FULL-bin,sh.600729-buy-2018-11-30-pm,sh.600729,buy,2018-12-03,am,30.09,31.65,30.41,31.650000000000002,30.41,True,False,31.3,30.78,False,True
FULL-bin,sz.002310-buy-2019-01-31-pm,sz.002310,buy,2019-02-01,am,6.0,6.17,6.04,6.33,6.04,True,False,6.33,6.15,False,True
FULL-bin,sz.002124-sell/risk-2019-01-31-pm,sz.002124,sell,2019-02-01,am,8.11,8.05,7.68,8.07,7.68,True,False,8.07,7.82,False,True
FULL-bin,sh.600588-sell/profit-2019-02-25-am,sh.600588,sell,2019-02-25,pm,31.35,31.35,30.65,31.35,28.8,True,False,31.35,28.8,False,True
FULL-bin,sh.600009-sell/profit-2019-02-25-pm,sh.600009,sell,2019-02-26,am,59.45,58.8,56.89,58.800000000000004,56.89,True,False,57.35,56.93,False,True
FULL-bin,sz.002310-buy-2019-02-26-pm,sz.002310,buy,2019-02-27,am,8.37,8.67,8.37,8.67,8.13,True,True,8.61,8.13,True,False
FULL-bin,sz.002596-buy-2019-02-28-pm,sz.002596,buy,2019-03-01,am,8.55,9.19,8.73,9.19,8.73,True,False,9.1,8.74,False,True
FULL-bin,sz.002596-buy-2019-03-01-am,sz.002596,buy,2019-03-01,pm,8.74,9.1,8.74,9.19,8.73,True,True,9.19,8.73,True,False
FULL-bin,sz.002665-sell/risk-2019-03-07-am,sz.002665,sell,2019-03-07,pm,3.73,3.73,3.73,3.73,3.33,True,False,3.73,3.33,False,True
FULL-bin,sz.002080-buy-2019-03-29-pm,sz.002080,buy,2019-04-01,am,13.9,15.16,14.05,15.16,14.05,True,False,14.81,14.57,False,True
FULL-bin,sh.600809-sell/risk-2019-04-30-pm,sh.600809,sell,2019-05-06,am,57.43,55.8,51.69,55.800000000000004,51.69,True,False,53.0,51.7,False,True
FULL-bin,sh.603456-sell/risk-2019-04-30-pm,sh.603456,sell,2019-05-06,am,7.96,7.88,7.58,7.88,7.28,True,False,7.7,7.28,False,True
FULL-bin,sz.002080-sell/risk-2019-04-30-pm,sz.002080,sell,2019-05-06,am,12.2,12.14,11.52,12.14,11.32,True,False,11.78,11.32,False,True
FULL-bin,sz.002475-sell/risk-2019-04-30-pm,sz.002475,sell,2019-05-06,am,26.09,24.7,23.48,24.7,23.48,True,False,23.48,23.48,False,True
FULL-bin,sh.603456-sell/risk-2019-05-06-am,sh.603456,sell,2019-05-06,pm,7.7,7.7,7.28,7.88,7.28,True,True,7.88,7.58,True,False
FULL-bin,sz.002475-sell/risk-2019-05-06-am,sz.002475,sell,2019-05-06,pm,23.48,23.48,23.48,24.7,23.48,True,True,24.7,23.48,True,False
FULL-bin,sz.002511-buy-2019-05-31-pm,sz.002511,buy,2019-06-03,am,10.48,10.87,10.51,10.88,10.51,True,False,10.88,10.69,False,True
FULL-bin,sh.600004-buy-2019-05-31-pm,sh.600004,buy,2019-06-03,am,15.67,16.13,15.7,16.13,15.51,True,True,15.82,15.51,True,False
FULL-bin,sh.603658-sell/risk-2019-05-31-pm,sh.603658,sell,2019-06-03,am,65.31,64.99,62.31,64.99,62.31,True,False,63.2,62.54,False,True
FULL-bin,sh.603909-buy-2019-06-28-pm,sh.603909,buy,2019-07-01,am,21.51,21.98,21.55,22.01,21.55,True,False,22.01,21.7,False,True
FULL-bin,sz.002032-buy-2019-06-28-pm,sz.002032,buy,2019-07-01,am,75.83,78.16,76.75,78.16,76.75,True,False,78.1,77.21,False,True
FULL-bin,sh.603421-buy-2019-06-28-pm,sh.603421,buy,2019-07-01,am,19.5,20.93,20.01,20.93,20.01,True,False,20.86,20.7,False,True
FULL-bin,sh.603421-sell/risk-2019-07-31-pm,sh.603421,sell,2019-08-01,am,18.04,17.89,17.51,17.89,17.51,True,False,17.76,17.56,False,True
FULL-bin,sh.603909-sell/risk-2019-07-31-pm,sh.603909,sell,2019-08-01,am,19.27,19.25,18.93,19.25,18.93,True,False,19.07,18.95,False,True
FULL-bin,sz.002881-buy-2019-09-30-pm,sz.002881,buy,2019-10-08,am,30.31,33.34,30.74,33.34,30.740000000000002,True,False,33.34,33.34,False,True
FULL-bin,sz.002881-buy-2019-10-08-am,sz.002881,buy,2019-10-08,pm,33.34,33.34,33.34,33.34,30.740000000000002,True,True,33.34,30.74,True,False
FULL-bin,sh.600004-sell/risk-2019-10-29-am,sh.600004,sell,2019-10-29,pm,18.9,18.9,18.9,20.1,18.900000000000002,True,True,20.1,18.9,True,False
FULL-bin,sh.600004-sell/risk-2019-10-29-pm,sh.600004,sell,2019-10-30,am,18.9,18.79,18.2,18.79,18.2,True,False,18.7,18.21,False,True
FULL-bin,sh.600004-sell/risk-2019-10-31-pm,sh.600004,sell,2019-11-01,am,18.3,18.05,17.71,18.16,17.71,True,False,18.16,17.75,False,True
FULL-bin,sh.603978-sell/risk-2019-11-29-pm,sh.603978,sell,2019-12-02,am,26.98,26.74,25.95,26.740000000000002,25.79,True,False,26.07,25.79,False,True
FULL-bin,sz.000513-sell/risk-2019-12-31-pm,sz.000513,sell,2020-01-02,am,33.7,33.6,33.06,33.65,33.06,True,False,33.65,33.29,False,True
FULL-bin,sz.002131-sell/risk-2020-01-16-am,sz.002131,sell,2020-01-16,pm,3.34,3.34,3.23,3.4,3.13,True,True,3.4,3.13,True,False
FULL-bin,sh.600153-sell/risk-2020-01-23-pm,sh.600153,sell,2020-02-03,am,8.57,7.98,7.71,7.98,7.71,True,False,7.75,7.71,False,True
FULL-bin,sh.600801-sell/risk-2020-01-23-pm,sh.600801,sell,2020-02-03,am,21.4,19.26,19.26,19.26,19.26,True,False,19.26,19.26,False,True
FULL-bin,sz.002131-sell/risk-2020-01-23-pm,sz.002131,sell,2020-02-03,am,3.05,2.75,2.75,2.75,2.75,True,False,2.75,2.75,False,True
FULL-bin,sh.600801-sell/risk-2020-02-03-am,sh.600801,sell,2020-02-03,pm,19.26,19.26,19.26,19.26,19.26,True,False,19.26,19.26,False,True
FULL-bin,sz.002131-sell/risk-2020-02-03-am,sz.002131,sell,2020-02-03,pm,2.75,2.75,2.75,2.75,2.75,True,False,2.75,2.75,False,True
FULL-bin,sh.603031-sell/risk-2020-02-19-am,sh.603031,sell,2020-02-19,pm,38.74,38.74,38.3,38.74,34.88,True,False,38.74,34.88,False,True
FULL-bin,sh.603726-sell/risk-2020-03-05-pm,sh.603726,sell,2020-03-06,am,27.41,26.43,25.6,26.45,25.6,True,False,26.45,25.71,False,True
FULL-bin,sh.600584-buy-2020-03-24-pm,sh.600584,buy,2020-03-25,am,21.36,22.62,21.96,22.62,21.96,True,False,22.35,22.01,False,True
FULL-bin,sh.603726-sell/risk-2020-03-31-am,sh.603726,sell,2020-03-31,pm,20.33,20.33,20.33,20.330000000000002,20.330000000000002,True,True,20.33,20.33,True,True
FULL-bin,sh.603726-sell/risk-2020-03-31-pm,sh.603726,sell,2020-04-01,am,20.33,18.3,18.3,18.3,18.3,True,False,18.3,18.3,False,True
FULL-bin,sh.603726-sell/risk-2020-04-01-am,sh.603726,sell,2020-04-01,pm,18.3,18.3,18.3,18.3,18.3,True,False,18.3,18.3,False,True
FULL-bin,sh.603726-sell/risk-2020-04-01-pm,sh.603726,sell,2020-04-02,am,18.3,16.47,16.47,16.47,16.47,True,False,16.47,16.47,False,True
FULL-bin,sh.603726-sell/risk-2020-04-02-am,sh.603726,sell,2020-04-02,pm,16.47,16.47,16.47,16.47,16.47,True,False,16.47,16.47,False,True
FULL-bin,sh.603726-sell/risk-2020-04-02-pm,sh.603726,sell,2020-04-03,am,16.47,16.1,14.82,16.1,14.82,True,False,15.32,14.83,False,True
FULL-bin,sz.000687-sell/risk-2020-04-08-am,sz.000687,sell,2020-04-08,pm,4.2,4.2,4.2,4.2,4.0,True,False,4.2,4.0,False,True
FULL-bin,sz.002645-sell/risk-2020-04-22-pm,sz.002645,sell,2020-04-23,am,12.55,12.55,12.08,12.86,11.71,True,True,12.86,11.71,True,False
FULL-bin,sz.002363-sell/risk-2020-04-30-pm,sz.002363,sell,2020-05-06,am,8.85,7.97,7.97,7.97,7.97,True,False,7.97,7.97,False,True
FULL-bin,sz.002363-sell/risk-2020-05-06-am,sz.002363,sell,2020-05-06,pm,7.97,7.97,7.97,7.97,7.97,True,False,7.97,7.97,False,True
FULL-bin,sz.002363-sell/risk-2020-05-06-pm,sz.002363,sell,2020-05-07,am,7.97,7.17,7.17,7.17,7.17,True,False,7.17,7.17,False,True
FULL-bin,sz.002363-sell/risk-2020-05-07-am,sz.002363,sell,2020-05-07,pm,7.17,7.17,7.17,7.17,7.17,True,False,7.17,7.17,False,True
FULL-bin,sz.002363-sell/risk-2020-05-07-pm,sz.002363,sell,2020-05-08,am,7.17,6.8,6.45,7.46,6.45,True,True,7.46,6.79,True,False
FULL-bin,sz.002503-buy-2020-05-29-pm,sz.002503,buy,2020-06-01,am,2.68,2.87,2.7,2.91,2.7,True,False,2.91,2.82,False,True
FULL-bin,sz.002585-buy-2020-06-30-pm,sz.002585,buy,2020-07-01,am,6.29,6.89,6.38,6.890000000000001,6.38,True,False,6.73,6.43,False,True
FULL-bin,sz.002503-sell/risk-2020-06-30-pm,sz.002503,sell,2020-07-01,am,2.81,2.81,2.76,2.81,2.7600000000000002,True,False,2.8,2.76,False,True
FULL-bin,sz.002503-sell/risk-2020-07-01-am,sz.002503,sell,2020-07-01,pm,2.8,2.8,2.76,2.81,2.7600000000000002,True,True,2.81,2.76,True,False
FULL-bin,sh.601016-buy-2020-07-31-pm,sh.601016,buy,2020-08-03,am,3.09,3.4,3.4,3.4,3.22,True,False,3.4,3.22,False,True
FULL-bin,sz.002414-buy-2020-07-31-pm,sz.002414,buy,2020-08-03,am,39.01,41.14,39.01,41.14,39.01,True,False,41.0,40.38,False,True
FULL-bin,sh.600189-buy-2020-08-31-pm,sh.600189,buy,2020-09-01,am,7.4,8.14,7.49,8.14,7.140000000000001,True,True,7.64,7.14,True,False
FULL-bin,sh.601016-sell/risk-2020-08-31-pm,sh.601016,sell,2020-09-01,am,2.84,2.84,2.79,2.84,2.79,True,False,2.83,2.79,False,True
FULL-bin,sh.601016-sell/risk-2020-09-01-am,sh.601016,sell,2020-09-01,pm,2.83,2.83,2.79,2.84,2.79,True,True,2.84,2.79,True,False
FULL-bin,sh.601012-buy-2020-09-30-pm,sh.601012,buy,2020-10-09,am,75.01,82.51,79.39,82.51,79.39,True,False,82.48,80.8,False,True
FULL-bin,sh.603713-buy-2020-09-30-pm,sh.603713,buy,2020-10-09,am,119.53,125.0,120.22,126.46000000000001,120.22,True,False,126.46,123.7,False,True
FULL-bin,sz.002387-sell/risk-2020-10-21-am,sz.002387,sell,2020-10-21,pm,13.7,13.7,13.48,14.49,13.48,True,True,14.49,13.59,True,False
FULL-bin,sz.002387-sell/risk-2020-10-21-pm,sz.002387,sell,2020-10-22,am,13.56,13.5,12.73,13.5,12.73,True,False,13.38,12.8,False,True
FULL-bin,sh.601012-buy-2020-10-26-am,sh.601012,buy,2020-10-26,pm,69.11,70.44,69.18,71.28,65.79,True,True,71.28,65.79,True,False
FULL-bin,sh.601012-sell/risk-2020-10-30-pm,sh.601012,sell,2020-11-02,am,75.99,75.65,70.51,75.66,70.51,True,False,75.66,73.44,False,True
FULL-bin,sh.603833-buy-2020-11-30-pm,sh.603833,buy,2020-12-01,am,127.58,131.0,128.0,131.0,128.0,True,False,130.87,129.0,False,True
NOACCT-bin,sz.002435-buy-2016-01-29-pm,sz.002435,buy,2016-02-01,am,13.4,14.74,14.74,14.74,14.74,True,False,14.74,14.74,False,True
NOACCT-bin,sz.000019-buy-2016-01-29-pm,sz.000019,buy,2016-02-01,am,12.29,13.52,12.91,13.52,12.91,True,False,13.52,13.03,False,True
NOACCT-bin,sz.002435-buy-2016-02-01-am,sz.002435,buy,2016-02-01,pm,14.74,14.74,14.74,14.74,14.74,True,False,14.74,14.74,False,True
NOACCT-bin,sz.002435-buy-2016-02-01-pm,sz.002435,buy,2016-02-02,am,14.74,16.21,14.9,16.21,14.9,True,False,16.06,15.41,False,True
NOACCT-bin,sz.002435-buy-2016-02-02-am,sz.002435,buy,2016-02-02,pm,15.41,16.06,15.41,16.21,14.9,True,True,16.21,14.9,True,False
NOACCT-bin,sz.000019-sell/profit-2016-02-15-am,sz.000019,sell,2016-02-15,pm,20.08,20.08,20.08,20.080000000000002,17.85,True,True,20.08,17.85,True,True
NOACCT-bin,sz.000982-buy-2016-02-29-pm,sz.000982,buy,2016-03-01,am,6.17,6.79,6.79,6.79,6.79,True,False,6.79,6.79,False,True
NOACCT-bin,sz.002409-buy-2016-02-29-pm,sz.002409,buy,2016-03-01,am,24.16,26.58,24.5,26.580000000000002,24.5,True,False,26.0,24.65,False,True
NOACCT-bin,sz.000982-buy-2016-03-01-am,sz.000982,buy,2016-03-01,pm,6.79,6.79,6.79,6.79,6.79,True,False,6.79,6.79,False,True
NOACCT-bin,sz.000982-buy-2016-03-01-pm,sz.000982,buy,2016-03-02,am,6.79,7.47,7.47,7.47,7.47,True,False,7.47,7.47,False,True
NOACCT-bin,sz.000982-buy-2016-03-02-am,sz.000982,buy,2016-03-02,pm,7.47,7.47,7.47,7.47,7.47,True,False,7.47,7.47,False,True
NOACCT-bin,sz.002409-buy-2016-03-02-am,sz.002409,buy,2016-03-02,pm,24.64,27.24,24.64,27.240000000000002,23.09,True,True,25.0,23.09,True,False
NOACCT-bin,sz.000982-buy-2016-03-02-pm,sz.000982,buy,2016-03-03,am,7.47,8.22,8.22,8.22,8.09,True,False,8.22,8.09,False,True
NOACCT-bin,sz.002528-buy-2016-03-04-pm,sz.002528,buy,2016-03-07,am,9.86,10.32,9.91,10.32,9.91,True,False,10.27,9.99,False,True
NOACCT-bin,sh.600614-sell/risk-2016-03-31-pm,sh.600614,sell,2016-04-01,am,7.53,7.5,7.29,7.75,7.29,True,True,7.75,7.32,True,False
NOACCT-bin,sz.002528-sell/risk-2016-03-31-pm,sz.002528,sell,2016-04-01,am,12.24,12.16,11.7,12.16,11.66,True,False,12.1,11.66,False,True
NOACCT-bin,sz.002031-sell/risk-2016-04-20-am,sz.002031,sell,2016-04-20,pm,14.6,14.6,14.21,15.89,14.21,True,True,15.89,14.6,True,False
NOACCT-bin,sh.600666-buy-2016-04-29-pm,sh.600666,buy,2016-05-03,am,28.17,29.23,28.45,29.3,28.45,True,False,29.3,29.0,False,True
NOACCT-bin,sh.600967-buy-2016-05-30-pm,sh.600967,buy,2016-05-31,am,9.93,10.25,9.93,10.32,9.93,True,False,10.32,10.21,False,True
NOACCT-bin,sz.002211-buy-2016-05-31-pm,sz.002211,buy,2016-06-01,am,11.59,12.75,12.75,12.75,12.75,True,False,12.75,12.75,False,True
NOACCT-bin,sz.002102-buy-2016-05-31-pm,sz.002102,buy,2016-06-01,am,11.76,12.05,11.79,12.05,11.68,True,True,11.93,11.68,True,False
NOACCT-bin,sz.002211-buy-2016-06-01-am,sz.002211,buy,2016-06-01,pm,12.75,12.75,12.75,12.75,12.75,True,False,12.75,12.75,False,True
NOACCT-bin,sz.002211-buy-2016-06-01-pm,sz.002211,buy,2016-06-02,am,12.75,14.03,13.0,14.030000000000001,13.0,True,False,14.03,13.7,False,True
NOACCT-bin,sz.002619-sell/risk-2016-06-02-pm,sz.002619,sell,2016-06-03,am,17.22,16.47,15.5,16.78,15.5,True,False,16.78,15.65,False,True
NOACCT-bin,sz.002211-sell/risk-2016-06-13-am,sz.002211,sell,2016-06-13,pm,12.39,12.39,11.57,12.52,11.57,True,True,12.52,12.31,True,False
NOACCT-bin,sh.600120-buy-2016-06-30-pm,sh.600120,buy,2016-07-01,am,21.71,23.88,23.88,23.88,23.88,True,False,23.88,23.88,False,True
NOACCT-bin,sz.002273-buy-2016-06-30-pm,sz.002273,buy,2016-07-01,am,27.99,28.68,27.99,28.68,27.7,True,True,28.18,27.7,True,False
NOACCT-bin,sh.600120-buy-2016-07-01-am,sh.600120,buy,2016-07-01,pm,23.88,23.88,23.88,23.88,23.88,True,False,23.88,23.88,False,True
NOACCT-bin,sh.600120-buy-2016-07-01-pm,sh.600120,buy,2016-07-04,am,23.88,26.27,25.96,26.27,25.96,True,False,26.27,26.27,False,True
NOACCT-bin,sh.600120-buy-2016-07-04-am,sh.600120,buy,2016-07-04,pm,26.27,26.27,26.27,26.27,25.96,True,True,26.27,25.96,True,False
NOACCT-bin,sh.600120-buy-2016-07-04-pm,sh.600120,buy,2016-07-05,am,26.27,28.76,26.69,28.76,26.69,True,False,28.25,27.35,False,True
NOACCT-bin,sz.002222-buy-2016-07-07-am,sz.002222,buy,2016-07-07,pm,14.84,15.3,14.85,15.48,14.83,True,True,15.48,14.83,True,False
NOACCT-bin,sh.600751-buy-2016-07-29-pm,sh.600751,buy,2016-08-01,am,8.94,9.83,9.83,9.83,9.83,True,False,9.83,9.83,False,True
NOACCT-bin,sz.002222-sell/risk-2016-07-29-pm,sz.002222,sell,2016-08-01,am,17.87,17.62,16.69,17.62,16.43,True,False,17.35,16.43,False,True
NOACCT-bin,sz.002273-sell/risk-2016-07-29-pm,sz.002273,sell,2016-08-01,am,23.07,22.8,21.94,22.8,21.93,True,False,22.67,21.93,False,True
NOACCT-bin,sh.600751-buy-2016-08-01-am,sh.600751,buy,2016-08-01,pm,9.83,9.83,9.83,9.83,9.83,True,False,9.83,9.83,False,True
NOACCT-bin,sz.002590-buy-2016-08-01-pm,sz.002590,buy,2016-08-02,am,23.85,24.76,23.99,24.8,23.990000000000002,True,False,24.8,24.3,False,True
NOACCT-bin,sh.600619-buy-2016-08-31-pm,sh.600619,buy,2016-09-01,am,12.18,12.33,12.18,12.33,11.92,True,True,12.21,11.92,True,False
NOACCT-bin,sz.002266-buy-2016-09-30-pm,sz.002266,buy,2016-10-10,am,5.87,6.46,6.1,6.46,6.1000000000000005,True,False,6.19,6.12,False,True
NOACCT-bin,sh.600499-buy-2016-09-30-pm,sh.600499,buy,2016-10-10,am,7.92,8.1,7.96,8.23,7.96,True,False,8.23,8.09,False,True
NOACCT-bin,sh.600499-buy-2016-10-10-am,sh.600499,buy,2016-10-10,pm,8.09,8.23,8.09,8.23,7.96,True,True,8.1,7.96,True,False
NOACCT-bin,sz.002486-buy-2016-10-31-pm,sz.002486,buy,2016-11-01,am,6.66,7.33,7.33,7.33,7.33,True,False,7.33,7.33,False,True
NOACCT-bin,sz.002486-buy-2016-11-01-am,sz.002486,buy,2016-11-01,pm,7.33,7.33,7.33,7.33,7.33,True,False,7.33,7.33,False,True
NOACCT-bin,sz.002486-buy-2016-11-01-pm,sz.002486,buy,2016-11-02,am,7.33,8.06,8.06,8.06,8.06,True,False,8.06,8.06,False,True
NOACCT-bin,sz.002486-buy-2016-11-02-am,sz.002486,buy,2016-11-02,pm,8.06,8.06,8.06,8.06,8.06,True,False,8.06,8.06,False,True
NOACCT-bin,sz.002486-buy-2016-11-02-pm,sz.002486,buy,2016-11-03,am,8.06,8.87,8.87,8.870000000000001,8.870000000000001,True,False,8.87,8.87,False,True
NOACCT-bin,sz.002486-buy-2016-11-03-am,sz.002486,buy,2016-11-03,pm,8.87,8.87,8.87,8.870000000000001,8.870000000000001,True,False,8.87,8.87,False,True
NOACCT-bin,sz.002486-buy-2016-11-03-pm,sz.002486,buy,2016-11-04,am,8.87,9.76,9.76,9.76,9.76,True,False,9.76,9.76,False,True
NOACCT-bin,sz.002486-buy-2016-11-04-am,sz.002486,buy,2016-11-04,pm,9.76,9.76,9.76,9.76,9.76,True,False,9.76,9.76,False,True
NOACCT-bin,sz.002486-buy-2016-11-04-pm,sz.002486,buy,2016-11-07,am,9.76,10.74,10.05,10.74,10.05,True,False,10.74,10.33,False,True
NOACCT-bin,sz.002486-sell/profit-2016-11-15-pm,sz.002486,sell,2016-11-16,am,13.65,13.26,12.5,13.26,12.290000000000001,True,False,12.83,12.29,False,True
NOACCT-bin,sz.000935-buy-2016-11-30-pm,sz.000935,buy,2016-12-01,am,30.02,31.3,30.1,31.36,30.1,True,False,31.36,30.27,False,True
NOACCT-bin,sz.002760-buy-2016-11-30-pm,sz.002760,buy,2016-12-01,am,43.76,44.35,43.82,44.35,43.82,True,False,44.32,43.93,False,True
NOACCT-bin,sz.000935-buy-2016-12-01-pm,sz.000935,buy,2016-12-02,am,30.8,33.33,31.0,33.33,31.0,True,False,32.73,31.0,False,True
NOACCT-bin,sh.600679-sell/profit-2016-12-16-am,sh.600679,sell,2016-12-16,pm,43.9,43.9,43.9,43.9,42.01,True,False,43.9,42.01,False,True
NOACCT-bin,sh.600215-buy-2016-12-30-pm,sh.600215,buy,2017-01-03,am,12.34,13.57,13.57,13.57,13.57,True,False,13.57,13.57,False,True
NOACCT-bin,sz.002787-buy-2016-12-30-pm,sz.002787,buy,2017-01-03,am,40.11,41.17,40.16,41.17,40.160000000000004,True,False,41.01,40.72,False,True
NOACCT-bin,sz.002259-buy-2016-12-30-pm,sz.002259,buy,2017-01-03,am,10.02,11.02,10.21,11.02,10.21,True,False,10.95,10.43,False,True
NOACCT-bin,sh.600215-buy-2017-01-03-am,sh.600215,buy,2017-01-03,pm,13.57,13.57,13.57,13.57,13.57,True,False,13.57,13.57,False,True
NOACCT-bin,sh.600215-buy-2017-01-03-pm,sh.600215,buy,2017-01-04,am,13.57,14.93,14.79,14.93,14.790000000000001,True,False,14.93,14.93,False,True
NOACCT-bin,sh.600215-buy-2017-01-04-am,sh.600215,buy,2017-01-04,pm,14.93,14.93,14.93,14.93,14.790000000000001,True,True,14.93,14.79,True,False
NOACCT-bin,sz.002265-buy-2017-01-26-pm,sz.002265,buy,2017-02-03,am,25.34,27.0,25.42,27.48,25.42,True,False,27.48,26.69,False,True
NOACCT-bin,sz.002265-sell/risk-2017-02-28-pm,sz.002265,sell,2017-03-01,am,27.72,27.38,26.5,27.38,26.5,True,False,27.07,26.6,False,True
NOACCT-bin,sh.603300-buy-2017-03-01-am,sh.603300,buy,2017-03-01,pm,18.38,18.38,18.38,18.38,18.38,True,False,18.38,18.38,False,True
NOACCT-bin,sh.603300-buy-2017-03-02-am,sh.603300,buy,2017-03-02,pm,16.54,19.5,16.54,19.5,16.54,True,False,16.54,16.54,False,True
NOACCT-bin,sz.000953-sell/risk-2017-03-02-am,sz.000953,sell,2017-03-02,pm,12.94,12.94,12.94,12.94,12.94,True,False,12.94,12.94,False,True
NOACCT-bin,sz.000953-sell/risk-2017-03-02-pm,sz.000953,sell,2017-03-03,am,12.94,12.29,12.29,12.290000000000001,12.290000000000001,True,False,12.29,12.29,False,True
NOACCT-bin,sz.000953-sell/risk-2017-03-03-am,sz.000953,sell,2017-03-03,pm,12.29,12.29,12.29,12.290000000000001,12.290000000000001,True,True,12.29,12.29,True,True
NOACCT-bin,sz.000953-sell/risk-2017-03-03-pm,sz.000953,sell,2017-03-06,am,12.29,11.68,11.68,11.68,11.68,True,False,11.68,11.68,False,True
NOACCT-bin,sz.000953-sell/risk-2017-03-06-am,sz.000953,sell,2017-03-06,pm,11.68,11.68,11.68,11.68,11.68,True,False,11.68,11.68,False,True
NOACCT-bin,sz.000711-buy-2017-03-31-pm,sz.000711,buy,2017-04-05,am,30.77,33.85,32.18,33.85,32.18,True,False,33.85,33.0,False,True
NOACCT-bin,sz.002748-sell/risk-2017-03-31-pm,sz.002748,sell,2017-04-05,am,22.85,22.65,20.94,22.650000000000002,20.94,True,False,22.49,22.08,False,True
NOACCT-bin,sh.600698-buy-2017-04-05-am,sh.600698,buy,2017-04-05,pm,12.22,13.15,12.22,13.15,11.5,True,True,12.53,11.5,True,False
NOACCT-bin,sz.000711-buy-2017-04-19-pm,sz.000711,buy,2017-04-20,am,14.3,14.83,14.36,15.73,14.36,True,False,15.73,14.76,False,True
NOACCT-bin,sh.600519-buy-2017-06-06-pm,sh.600519,buy,2017-06-07,am,448.82,460.0,449.12,460.0,449.12,True,False,459.58,456.5,False,True
NOACCT-bin,sh.600519-buy-2017-06-26-am,sh.600519,buy,2017-06-26,pm,479.45,485.0,479.48,485.0,472.0,True,True,479.88,472.0,True,False
NOACCT-bin,sz.000611-buy-2017-06-30-pm,sz.000611,buy,2017-07-03,am,9.74,10.54,9.93,10.540000000000001,9.790000000000001,True,False,10.1,9.79,False,True
NOACCT-bin,sz.002415-sell/risk-2017-06-30-pm,sz.002415,sell,2017-07-03,am,32.3,32.28,30.9,32.28,30.900000000000002,True,False,31.37,31.0,False,True
NOACCT-bin,sz.000611-buy-2017-07-18-am,sz.000611,buy,2017-07-18,pm,7.85,8.08,7.85,8.290000000000001,7.75,True,True,8.29,7.75,True,False
NOACCT-bin,sz.000007-buy-2017-07-31-pm,sz.000007,buy,2017-08-01,am,16.77,17.38,16.77,17.53,16.77,True,False,17.53,17.02,False,True
NOACCT-bin,sh.603010-buy-2017-09-26-pm,sh.603010,buy,2017-09-27,am,27.9,28.43,27.93,28.43,27.59,True,True,28.2,27.59,True,False
NOACCT-bin,sz.002032-buy-2017-09-29-pm,sz.002032,buy,2017-10-09,am,37.86,40.77,37.96,41.5,37.96,True,False,41.5,40.0,False,True
NOACCT-bin,sz.002310-buy-2017-11-20-pm,sz.002310,buy,2017-11-21,am,20.21,21.0,20.25,21.0,20.25,True,False,20.66,20.48,False,True
NOACCT-bin,sz.002310-buy-2017-11-21-pm,sz.002310,buy,2017-11-22,am,20.55,21.06,20.56,21.06,20.35,True,True,20.78,20.35,True,False
NOACCT-bin,sh.600837-buy-2017-12-01-am,sh.600837,buy,2017-12-01,pm,14.2,14.32,14.2,14.32,14.19,True,True,14.32,14.19,True,False
NOACCT-bin,sz.002129-buy-2017-12-22-pm,sz.002129,buy,2017-12-25,am,11.58,12.02,11.68,12.02,11.58,True,False,11.85,11.58,False,True
NOACCT-bin,sh.601318-buy-2017-12-29-pm,sh.601318,buy,2018-01-02,am,69.98,72.8,70.18,72.8,70.18,True,False,72.64,71.8,False,True
NOACCT-bin,sh.600383-buy-2017-12-29-pm,sh.600383,buy,2018-01-02,am,12.63,13.89,12.86,13.89,12.86,True,False,13.89,13.73,False,True
NOACCT-bin,sh.600383-sell/profit-2018-01-16-pm,sh.600383,sell,2018-01-17,am,17.41,17.29,16.08,17.29,16.080000000000002,True,False,16.97,16.18,False,True
NOACCT-bin,sz.000893-sell/risk-2018-01-22-am,sz.000893,sell,2018-01-22,pm,7.97,7.97,7.97,8.82,7.97,True,True,8.82,7.97,True,False
NOACCT-bin,sz.000893-sell/risk-2018-01-22-pm,sz.000893,sell,2018-01-23,am,7.97,7.76,7.17,7.76,7.17,True,False,7.68,7.35,False,True
NOACCT-bin,sz.002493-buy-2018-01-31-pm,sz.002493,buy,2018-02-01,am,15.45,16.33,15.47,16.330000000000002,15.31,True,True,15.94,15.31,True,False
NOACCT-bin,sz.002812-sell/risk-2018-01-31-pm,sz.002812,sell,2018-02-01,am,90.48,90.29,88.08,90.29,88.01,True,False,89.16,88.01,False,True
NOACCT-bin,sz.002845-sell/risk-2018-02-06-am,sz.002845,sell,2018-02-06,pm,20.08,20.08,19.02,20.69,19.02,True,True,20.69,19.87,True,False
NOACCT-bin,sz.002570-buy-2018-02-07-am,sz.002570,buy,2018-02-07,pm,4.73,5.04,4.73,5.04,4.63,True,True,4.76,4.63,True,False
NOACCT-bin,sz.002570-buy-2018-02-07-pm,sz.002570,buy,2018-02-08,am,5.04,5.34,5.06,5.34,5.0200000000000005,True,True,5.15,5.02,True,False
NOACCT-bin,sz.002845-sell/risk-2018-02-28-pm,sz.002845,sell,2018-03-01,am,21.65,21.54,21.12,22.05,21.12,True,True,22.05,21.45,True,False
NOACCT-bin,sh.600673-buy-2018-03-30-pm,sh.600673,buy,2018-04-02,am,10.19,10.76,10.29,10.76,10.290000000000001,True,False,10.73,10.5,False,True
NOACCT-bin,sh.600130-buy-2018-04-03-pm,sh.600130,buy,2018-04-04,am,6.05,6.16,6.07,6.16,5.95,True,True,6.11,5.95,True,False
NOACCT-bin,sh.600130-sell/risk-2018-04-27-pm,sh.600130,sell,2018-05-02,am,5.56,5.55,5.41,5.72,5.4,True,True,5.72,5.4,True,False
NOACCT-bin,sh.600460-sell/risk-2018-04-27-pm,sh.600460,sell,2018-05-02,am,15.9,15.86,15.45,15.860000000000001,15.31,True,False,15.63,15.31,False,True
NOACCT-bin,sh.600211-buy-2018-05-02-pm,sh.600211,buy,2018-05-03,am,42.56,44.86,42.75,44.86,42.18,True,True,43.55,42.18,True,False
NOACCT-bin,sz.000333-sell/risk-2018-05-31-pm,sz.000333,sell,2018-06-01,am,52.91,52.88,51.94,52.88,51.94,True,False,52.5,51.95,False,True
NOACCT-bin,sz.000725-sell/risk-2018-05-31-pm,sz.000725,sell,2018-06-01,am,4.12,4.11,4.05,4.11,4.01,True,False,4.08,4.01,False,True
NOACCT-bin,sh.600419-sell/risk-2018-06-25-pm,sh.600419,sell,2018-06-26,am,20.01,19.86,19.13,19.86,19.13,True,False,19.7,19.29,False,True
NOACCT-bin,sz.002413-buy-2018-06-29-pm,sz.002413,buy,2018-07-02,am,5.39,5.59,5.42,5.59,5.39,True,False,5.52,5.39,False,True
NOACCT-bin,sh.600633-buy-2018-07-31-pm,sh.600633,buy,2018-08-01,am,8.61,8.82,8.62,8.97,8.620000000000001,True,False,8.97,8.75,False,True
NOACCT-bin,sz.002597-buy-2018-08-07-am,sz.002597,buy,2018-08-07,pm,19.41,19.89,19.42,19.89,18.93,True,True,19.54,18.93,True,False
NOACCT-bin,sz.002597-buy-2018-08-24-am,sz.002597,buy,2018-08-24,pm,17.57,17.81,17.57,17.84,17.55,True,True,17.84,17.55,True,False
NOACCT-bin,sh.603515-sell/risk-2018-09-28-pm,sh.603515,sell,2018-10-08,am,29.07,28.35,27.36,28.35,26.6,True,False,27.81,26.6,False,True
NOACCT-bin,sz.002451-sell/risk-2018-09-28-pm,sz.002451,sell,2018-10-08,am,7.05,6.93,6.68,6.93,6.55,True,False,6.78,6.55,False,True
NOACCT-bin,sz.002584-sell/risk-2018-09-28-pm,sz.002584,sell,2018-10-08,am,6.3,6.22,6.02,6.22,5.94,True,False,6.19,5.94,False,True
NOACCT-bin,sz.000963-buy-2018-10-19-pm,sz.000963,buy,2018-10-22,am,37.55,40.97,38.08,40.99,38.08,True,False,40.99,39.86,False,True
NOACCT-bin,sh.600511-buy-2018-10-31-pm,sh.600511,buy,2018-11-01,am,25.22,25.9,25.32,25.900000000000002,25.02,True,True,25.79,25.02,True,False
NOACCT-bin,sh.600606-buy-2018-10-31-pm,sh.600606,buy,2018-11-01,am,6.17,6.3,6.21,6.3,6.18,True,False,6.28,6.18,False,True
NOACCT-bin,sh.600511-buy-2018-11-01-pm,sh.600511,buy,2018-11-02,am,25.14,25.89,25.2,25.89,25.2,True,False,25.77,25.31,False,True
NOACCT-bin,sh.600511-buy-2018-11-02-am,sh.600511,buy,2018-11-02,pm,25.29,25.77,25.31,25.89,25.2,True,True,25.89,25.2,True,False
NOACCT-bin,sh.600729-buy-2018-11-30-pm,sh.600729,buy,2018-12-03,am,30.09,31.65,30.41,31.650000000000002,30.41,True,False,31.3,30.78,False,True
NOACCT-bin,sz.000999-buy-2019-01-24-am,sz.000999,buy,2019-01-24,pm,22.28,22.44,22.28,22.46,22.240000000000002,True,True,22.46,22.24,True,False
NOACCT-bin,sz.002310-buy-2019-01-31-pm,sz.002310,buy,2019-02-01,am,6.0,6.17,6.04,6.33,6.04,True,False,6.33,6.15,False,True
NOACCT-bin,sz.002124-sell/risk-2019-01-31-pm,sz.002124,sell,2019-02-01,am,8.11,8.05,7.68,8.07,7.68,True,False,8.07,7.82,False,True
NOACCT-bin,sh.600588-sell/profit-2019-02-25-am,sh.600588,sell,2019-02-25,pm,31.35,31.35,30.65,31.35,28.8,True,False,31.35,28.8,False,True
NOACCT-bin,sh.600009-sell/profit-2019-02-25-pm,sh.600009,sell,2019-02-26,am,59.45,58.8,56.89,58.800000000000004,56.89,True,False,57.35,56.93,False,True
NOACCT-bin,sz.002596-buy-2019-02-28-pm,sz.002596,buy,2019-03-01,am,8.55,9.19,8.73,9.19,8.73,True,False,9.1,8.74,False,True
NOACCT-bin,sz.002596-buy-2019-03-01-am,sz.002596,buy,2019-03-01,pm,8.74,9.1,8.74,9.19,8.73,True,True,9.19,8.73,True,False
NOACCT-bin,sz.002080-buy-2019-03-29-pm,sz.002080,buy,2019-04-01,am,13.9,15.16,14.05,15.16,14.05,True,False,14.81,14.57,False,True
NOACCT-bin,sz.002080-buy-2019-04-29-pm,sz.002080,buy,2019-04-30,am,12.0,12.3,12.0,12.3,11.96,True,True,12.24,11.96,True,False
NOACCT-bin,sh.600809-sell/risk-2019-04-30-pm,sh.600809,sell,2019-05-06,am,57.43,55.8,51.69,55.800000000000004,51.69,True,False,53.0,51.7,False,True
NOACCT-bin,sh.603456-sell/risk-2019-04-30-pm,sh.603456,sell,2019-05-06,am,7.96,7.88,7.58,7.88,7.28,True,False,7.7,7.28,False,True
NOACCT-bin,sz.002080-sell/risk-2019-04-30-pm,sz.002080,sell,2019-05-06,am,12.2,12.14,11.52,12.14,11.32,True,False,11.78,11.32,False,True
NOACCT-bin,sz.002475-sell/risk-2019-04-30-pm,sz.002475,sell,2019-05-06,am,26.09,24.7,23.48,24.7,23.48,True,False,23.48,23.48,False,True
NOACCT-bin,sh.603456-sell/risk-2019-05-06-am,sh.603456,sell,2019-05-06,pm,7.7,7.7,7.28,7.88,7.28,True,True,7.88,7.58,True,False
NOACCT-bin,sz.002475-sell/risk-2019-05-06-am,sz.002475,sell,2019-05-06,pm,23.48,23.48,23.48,24.7,23.48,True,True,24.7,23.48,True,False
NOACCT-bin,sz.002557-buy-2019-05-06-pm,sz.002557,buy,2019-05-07,am,20.66,22.14,20.74,22.21,20.740000000000002,True,False,22.21,21.5,False,True
NOACCT-bin,sz.002511-buy-2019-05-31-pm,sz.002511,buy,2019-06-03,am,10.48,10.87,10.51,10.88,10.51,True,False,10.88,10.69,False,True
NOACCT-bin,sh.600004-buy-2019-05-31-pm,sh.600004,buy,2019-06-03,am,15.67,16.13,15.7,16.13,15.51,True,True,15.82,15.51,True,False
NOACCT-bin,sh.603658-sell/risk-2019-05-31-pm,sh.603658,sell,2019-06-03,am,65.31,64.99,62.31,64.99,62.31,True,False,63.2,62.54,False,True
NOACCT-bin,sz.002847-buy-2019-06-03-am,sz.002847,buy,2019-06-03,pm,30.1,31.16,30.11,32.49,30.03,True,True,32.49,30.03,True,False
NOACCT-bin,sh.603909-buy-2019-06-28-pm,sh.603909,buy,2019-07-01,am,21.51,21.98,21.55,22.01,21.55,True,False,22.01,21.7,False,True
NOACCT-bin,sz.002032-buy-2019-06-28-pm,sz.002032,buy,2019-07-01,am,75.83,78.16,76.75,78.16,76.75,True,False,78.1,77.21,False,True
NOACCT-bin,sh.603421-buy-2019-06-28-pm,sh.603421,buy,2019-07-01,am,19.5,20.93,20.01,20.93,20.01,True,False,20.86,20.7,False,True
NOACCT-bin,sh.603421-sell/risk-2019-07-31-pm,sh.603421,sell,2019-08-01,am,18.04,17.89,17.51,17.89,17.51,True,False,17.76,17.56,False,True
NOACCT-bin,sh.603909-sell/risk-2019-07-31-pm,sh.603909,sell,2019-08-01,am,19.27,19.25,18.93,19.25,18.93,True,False,19.07,18.95,False,True
NOACCT-bin,sz.002881-buy-2019-09-30-pm,sz.002881,buy,2019-10-08,am,30.31,33.34,30.74,33.34,30.740000000000002,True,False,33.34,33.34,False,True
NOACCT-bin,sz.002881-buy-2019-10-08-am,sz.002881,buy,2019-10-08,pm,33.34,33.34,33.34,33.34,30.740000000000002,True,True,33.34,30.74,True,False
NOACCT-bin,sh.600004-sell/risk-2019-10-29-am,sh.600004,sell,2019-10-29,pm,18.9,18.9,18.9,20.1,18.900000000000002,True,True,20.1,18.9,True,False
NOACCT-bin,sh.600004-sell/risk-2019-10-29-pm,sh.600004,sell,2019-10-30,am,18.9,18.79,18.2,18.79,18.2,True,False,18.7,18.21,False,True
NOACCT-bin,sh.600004-sell/risk-2019-10-31-pm,sh.600004,sell,2019-11-01,am,18.3,18.05,17.71,18.16,17.71,True,False,18.16,17.75,False,True
NOACCT-bin,sh.603978-sell/risk-2019-11-29-pm,sh.603978,sell,2019-12-02,am,26.98,26.74,25.95,26.740000000000002,25.79,True,False,26.07,25.79,False,True
NOACCT-bin,sz.000513-sell/risk-2019-12-31-pm,sz.000513,sell,2020-01-02,am,33.7,33.6,33.06,33.65,33.06,True,False,33.65,33.29,False,True
NOACCT-bin,sh.600153-sell/risk-2020-01-23-pm,sh.600153,sell,2020-02-03,am,8.57,7.98,7.71,7.98,7.71,True,False,7.75,7.71,False,True
NOACCT-bin,sh.600801-sell/risk-2020-01-23-pm,sh.600801,sell,2020-02-03,am,21.4,19.26,19.26,19.26,19.26,True,False,19.26,19.26,False,True
NOACCT-bin,sz.002131-sell/risk-2020-01-23-pm,sz.002131,sell,2020-02-03,am,3.05,2.75,2.75,2.75,2.75,True,False,2.75,2.75,False,True
NOACCT-bin,sz.000818-buy-2020-02-03-am,sz.000818,buy,2020-02-03,pm,25.56,25.56,25.56,25.560000000000002,25.560000000000002,True,False,25.56,25.56,False,True
NOACCT-bin,sh.600990-buy-2020-02-03-am,sh.600990,buy,2020-02-03,pm,38.61,38.61,38.61,39.0,38.61,True,False,39.0,38.61,False,True
NOACCT-bin,sh.603031-buy-2020-02-03-am,sh.603031,buy,2020-02-03,pm,28.41,28.41,28.41,29.5,28.41,True,False,29.5,28.41,False,True
NOACCT-bin,sz.002409-buy-2020-02-03-am,sz.002409,buy,2020-02-03,pm,30.04,30.04,30.04,31.36,30.04,True,False,31.36,30.04,False,True
NOACCT-bin,sh.600801-sell/risk-2020-02-03-am,sh.600801,sell,2020-02-03,pm,19.26,19.26,19.26,19.26,19.26,True,False,19.26,19.26,False,True
NOACCT-bin,sz.002131-sell/risk-2020-02-03-am,sz.002131,sell,2020-02-03,pm,2.75,2.75,2.75,2.75,2.75,True,False,2.75,2.75,False,True
NOACCT-bin,sh.603345-buy-2020-03-02-am,sh.603345,buy,2020-03-02,pm,74.0,77.89,74.17,77.89,71.0,True,True,75.78,71.0,True,False
NOACCT-bin,sh.600584-buy-2020-03-24-pm,sh.600584,buy,2020-03-25,am,21.36,22.62,21.96,22.62,21.96,True,False,22.35,22.01,False,True
NOACCT-bin,sh.603039-buy-2020-03-24-pm,sh.603039,buy,2020-03-25,am,72.1,74.69,73.01,75.8,73.01,True,False,75.8,73.43,False,True
NOACCT-bin,sh.603726-sell/risk-2020-03-31-am,sh.603726,sell,2020-03-31,pm,20.33,20.33,20.33,20.330000000000002,20.330000000000002,True,True,20.33,20.33,True,True
NOACCT-bin,sh.603726-sell/risk-2020-03-31-pm,sh.603726,sell,2020-04-01,am,20.33,18.3,18.3,18.3,18.3,True,False,18.3,18.3,False,True
NOACCT-bin,sh.603726-sell/risk-2020-04-01-am,sh.603726,sell,2020-04-01,pm,18.3,18.3,18.3,18.3,18.3,True,False,18.3,18.3,False,True
NOACCT-bin,sh.603726-sell/risk-2020-04-01-pm,sh.603726,sell,2020-04-02,am,18.3,16.47,16.47,16.47,16.47,True,False,16.47,16.47,False,True
NOACCT-bin,sh.603726-sell/risk-2020-04-02-am,sh.603726,sell,2020-04-02,pm,16.47,16.47,16.47,16.47,16.47,True,False,16.47,16.47,False,True
NOACCT-bin,sh.603726-sell/risk-2020-04-02-pm,sh.603726,sell,2020-04-03,am,16.47,16.1,14.82,16.1,14.82,True,False,15.32,14.83,False,True
NOACCT-bin,sz.002363-sell/risk-2020-04-30-pm,sz.002363,sell,2020-05-06,am,8.85,7.97,7.97,7.97,7.97,True,False,7.97,7.97,False,True
NOACCT-bin,sh.603882-buy-2020-05-06-am,sh.603882,buy,2020-05-06,pm,68.0,70.27,68.0,70.27,67.54,True,True,69.48,67.54,True,False
NOACCT-bin,sh.603033-buy-2020-05-06-am,sh.603033,buy,2020-05-06,pm,28.31,28.84,28.31,29.46,28.05,True,True,29.46,28.05,True,False
NOACCT-bin,sz.002363-sell/risk-2020-05-06-am,sz.002363,sell,2020-05-06,pm,7.97,7.97,7.97,7.97,7.97,True,False,7.97,7.97,False,True
NOACCT-bin,sz.002363-sell/risk-2020-05-06-pm,sz.002363,sell,2020-05-07,am,7.97,7.17,7.17,7.17,7.17,True,False,7.17,7.17,False,True
NOACCT-bin,sz.002363-sell/risk-2020-05-07-am,sz.002363,sell,2020-05-07,pm,7.17,7.17,7.17,7.17,7.17,True,False,7.17,7.17,False,True
NOACCT-bin,sz.002363-sell/risk-2020-05-07-pm,sz.002363,sell,2020-05-08,am,7.17,6.8,6.45,7.46,6.45,True,True,7.46,6.79,True,False
NOACCT-bin,sz.002503-buy-2020-05-29-pm,sz.002503,buy,2020-06-01,am,2.68,2.87,2.7,2.91,2.7,True,False,2.91,2.82,False,True
NOACCT-bin,sz.002768-buy-2020-06-01-am,sz.002768,buy,2020-06-01,pm,33.13,33.5,33.13,33.5,32.33,True,True,33.28,32.33,True,False
NOACCT-bin,sz.002503-buy-2020-06-02-am,sz.002503,buy,2020-06-02,pm,2.79,2.83,2.79,2.87,2.7800000000000002,True,True,2.87,2.78,True,False
NOACCT-bin,sz.002503-buy-2020-06-02-pm,sz.002503,buy,2020-06-03,am,2.8,2.92,2.8,3.08,2.8000000000000003,True,False,3.08,2.85,False,True
NOACCT-bin,sz.002585-buy-2020-06-30-pm,sz.002585,buy,2020-07-01,am,6.29,6.89,6.38,6.890000000000001,6.38,True,False,6.73,6.43,False,True
NOACCT-bin,sz.002503-sell/risk-2020-06-30-pm,sz.002503,sell,2020-07-01,am,2.81,2.81,2.76,2.81,2.7600000000000002,True,False,2.8,2.76,False,True
NOACCT-bin,sz.002503-sell/risk-2020-07-01-am,sz.002503,sell,2020-07-01,pm,2.8,2.8,2.76,2.81,2.7600000000000002,True,True,2.81,2.76,True,False
NOACCT-bin,sz.002585-buy-2020-07-09-pm,sz.002585,buy,2020-07-10,am,7.95,8.5,7.95,8.5,7.95,True,False,8.45,8.2,False,True
NOACCT-bin,sh.601016-buy-2020-07-31-pm,sh.601016,buy,2020-08-03,am,3.09,3.4,3.4,3.4,3.22,True,False,3.4,3.22,False,True
NOACCT-bin,sz.002414-buy-2020-07-31-pm,sz.002414,buy,2020-08-03,am,39.01,41.14,39.01,41.14,39.01,True,False,41.0,40.38,False,True
NOACCT-bin,sz.002386-buy-2020-08-05-am,sz.002386,buy,2020-08-05,pm,6.39,7.12,6.39,7.12,6.28,True,True,6.67,6.28,True,False
NOACCT-bin,sh.600189-buy-2020-08-31-pm,sh.600189,buy,2020-09-01,am,7.4,8.14,7.49,8.14,7.140000000000001,True,True,7.64,7.14,True,False
NOACCT-bin,sh.601016-sell/risk-2020-08-31-pm,sh.601016,sell,2020-09-01,am,2.84,2.84,2.79,2.84,2.79,True,False,2.83,2.79,False,True
NOACCT-bin,sz.000568-buy-2020-09-01-am,sz.000568,buy,2020-09-01,pm,143.49,148.0,143.49,148.37,141.5,True,True,148.37,141.5,True,False
NOACCT-bin,sh.601016-sell/risk-2020-09-01-am,sh.601016,sell,2020-09-01,pm,2.83,2.83,2.79,2.84,2.79,True,True,2.84,2.79,True,False
NOACCT-bin,sh.601012-buy-2020-09-30-pm,sh.601012,buy,2020-10-09,am,75.01,82.51,79.39,82.51,79.39,True,False,82.48,80.8,False,True
NOACCT-bin,sh.603713-buy-2020-09-30-pm,sh.603713,buy,2020-10-09,am,119.53,125.0,120.22,126.46000000000001,120.22,True,False,126.46,123.7,False,True
NOACCT-bin,sz.002387-sell/risk-2020-10-21-am,sz.002387,sell,2020-10-21,pm,13.7,13.7,13.48,14.49,13.48,True,True,14.49,13.59,True,False
NOACCT-bin,sz.002387-sell/risk-2020-10-21-pm,sz.002387,sell,2020-10-22,am,13.56,13.5,12.73,13.5,12.73,True,False,13.38,12.8,False,True
NOACCT-bin,sh.601012-buy-2020-10-26-am,sh.601012,buy,2020-10-26,pm,69.11,70.44,69.18,71.28,65.79,True,True,71.28,65.79,True,False
NOACCT-bin,sh.601012-sell/risk-2020-10-30-pm,sh.601012,sell,2020-11-02,am,75.99,75.65,70.51,75.66,70.51,True,False,75.66,73.44,False,True
NOACCT-bin,sh.603583-buy-2020-11-26-am,sh.603583,buy,2020-11-26,pm,65.22,66.08,65.3,67.2,65.0,True,True,67.2,65.0,True,False
NOACCT-bin,sh.603833-buy-2020-11-30-pm,sh.603833,buy,2020-12-01,am,127.58,131.0,128.0,131.0,128.0,True,False,130.87,129.0,False,True
NOACCT-bin,sz.002756-buy-2020-12-22-pm,sz.002756,buy,2020-12-23,am,45.4,48.5,45.4,48.800000000000004,45.38,True,True,48.8,45.38,True,False
NOSNR-bin,sz.002435-buy-2016-01-29-pm,sz.002435,buy,2016-02-01,am,13.4,14.74,14.74,14.74,14.74,True,False,14.74,14.74,False,True
NOSNR-bin,sz.000019-buy-2016-01-29-pm,sz.000019,buy,2016-02-01,am,12.29,13.52,12.91,13.52,12.91,True,False,13.52,13.03,False,True
NOSNR-bin,sz.002435-buy-2016-02-01-am,sz.002435,buy,2016-02-01,pm,14.74,14.74,14.74,14.74,14.74,True,False,14.74,14.74,False,True
NOSNR-bin,sz.002435-buy-2016-02-01-pm,sz.002435,buy,2016-02-02,am,14.74,16.21,14.9,16.21,14.9,True,False,16.06,15.41,False,True
NOSNR-bin,sz.002435-buy-2016-02-02-am,sz.002435,buy,2016-02-02,pm,15.41,16.06,15.41,16.21,14.9,True,True,16.21,14.9,True,False
NOSNR-bin,sz.000982-buy-2016-02-29-pm,sz.000982,buy,2016-03-01,am,6.17,6.79,6.79,6.79,6.79,True,False,6.79,6.79,False,True
NOSNR-bin,sz.002409-buy-2016-02-29-pm,sz.002409,buy,2016-03-01,am,24.16,26.58,24.5,26.580000000000002,24.5,True,False,26.0,24.65,False,True
NOSNR-bin,sz.000982-buy-2016-03-01-am,sz.000982,buy,2016-03-01,pm,6.79,6.79,6.79,6.79,6.79,True,False,6.79,6.79,False,True
NOSNR-bin,sz.000982-buy-2016-03-01-pm,sz.000982,buy,2016-03-02,am,6.79,7.47,7.47,7.47,7.47,True,False,7.47,7.47,False,True
NOSNR-bin,sz.000982-buy-2016-03-02-am,sz.000982,buy,2016-03-02,pm,7.47,7.47,7.47,7.47,7.47,True,False,7.47,7.47,False,True
NOSNR-bin,sz.000982-buy-2016-03-02-pm,sz.000982,buy,2016-03-03,am,7.47,8.22,8.22,8.22,8.09,True,False,8.22,8.09,False,True
NOSNR-bin,sh.600614-sell/risk-2016-03-31-pm,sh.600614,sell,2016-04-01,am,7.53,7.5,7.29,7.75,7.29,True,True,7.75,7.32,True,False
NOSNR-bin,sz.002528-sell/risk-2016-03-31-pm,sz.002528,sell,2016-04-01,am,12.24,12.16,11.7,12.16,11.66,True,False,12.1,11.66,False,True
NOSNR-bin,sh.600666-buy-2016-04-29-pm,sh.600666,buy,2016-05-03,am,28.17,29.23,28.45,29.3,28.45,True,False,29.3,29.0,False,True
NOSNR-bin,sz.002211-buy-2016-05-31-pm,sz.002211,buy,2016-06-01,am,11.59,12.75,12.75,12.75,12.75,True,False,12.75,12.75,False,True
NOSNR-bin,sz.002102-buy-2016-05-31-pm,sz.002102,buy,2016-06-01,am,11.76,12.05,11.79,12.05,11.68,True,True,11.93,11.68,True,False
NOSNR-bin,sz.002211-buy-2016-06-01-am,sz.002211,buy,2016-06-01,pm,12.75,12.75,12.75,12.75,12.75,True,False,12.75,12.75,False,True
NOSNR-bin,sz.002211-buy-2016-06-01-pm,sz.002211,buy,2016-06-02,am,12.75,14.03,13.0,14.030000000000001,13.0,True,False,14.03,13.7,False,True
NOSNR-bin,sh.600120-buy-2016-06-30-pm,sh.600120,buy,2016-07-01,am,21.71,23.88,23.88,23.88,23.88,True,False,23.88,23.88,False,True
NOSNR-bin,sz.002273-buy-2016-06-30-pm,sz.002273,buy,2016-07-01,am,27.99,28.68,27.99,28.68,27.7,True,True,28.18,27.7,True,False
NOSNR-bin,sh.600120-buy-2016-07-01-am,sh.600120,buy,2016-07-01,pm,23.88,23.88,23.88,23.88,23.88,True,False,23.88,23.88,False,True
NOSNR-bin,sh.600120-buy-2016-07-01-pm,sh.600120,buy,2016-07-04,am,23.88,26.27,25.96,26.27,25.96,True,False,26.27,26.27,False,True
NOSNR-bin,sh.600120-buy-2016-07-04-am,sh.600120,buy,2016-07-04,pm,26.27,26.27,26.27,26.27,25.96,True,True,26.27,25.96,True,False
NOSNR-bin,sh.600120-buy-2016-07-04-pm,sh.600120,buy,2016-07-05,am,26.27,28.76,26.69,28.76,26.69,True,False,28.25,27.35,False,True
NOSNR-bin,sh.600751-buy-2016-07-29-pm,sh.600751,buy,2016-08-01,am,8.94,9.83,9.83,9.83,9.83,True,False,9.83,9.83,False,True
NOSNR-bin,sz.002222-sell/risk-2016-07-29-pm,sz.002222,sell,2016-08-01,am,17.87,17.62,16.69,17.62,16.43,True,False,17.35,16.43,False,True
NOSNR-bin,sz.002273-sell/risk-2016-07-29-pm,sz.002273,sell,2016-08-01,am,23.07,22.8,21.94,22.8,21.93,True,False,22.67,21.93,False,True
NOSNR-bin,sh.600751-buy-2016-08-01-am,sh.600751,buy,2016-08-01,pm,9.83,9.83,9.83,9.83,9.83,True,False,9.83,9.83,False,True
NOSNR-bin,sh.600619-buy-2016-08-31-pm,sh.600619,buy,2016-09-01,am,12.18,12.33,12.18,12.33,11.92,True,True,12.21,11.92,True,False
NOSNR-bin,sz.002266-buy-2016-09-30-pm,sz.002266,buy,2016-10-10,am,5.87,6.46,6.1,6.46,6.1000000000000005,True,False,6.19,6.12,False,True
NOSNR-bin,sh.600499-buy-2016-09-30-pm,sh.600499,buy,2016-10-10,am,7.92,8.1,7.96,8.23,7.96,True,False,8.23,8.09,False,True
NOSNR-bin,sh.600499-buy-2016-10-10-am,sh.600499,buy,2016-10-10,pm,8.09,8.23,8.09,8.23,7.96,True,True,8.1,7.96,True,False
NOSNR-bin,sz.002486-buy-2016-10-31-pm,sz.002486,buy,2016-11-01,am,6.66,7.33,7.33,7.33,7.33,True,False,7.33,7.33,False,True
NOSNR-bin,sz.002486-buy-2016-11-01-am,sz.002486,buy,2016-11-01,pm,7.33,7.33,7.33,7.33,7.33,True,False,7.33,7.33,False,True
NOSNR-bin,sz.002486-buy-2016-11-01-pm,sz.002486,buy,2016-11-02,am,7.33,8.06,8.06,8.06,8.06,True,False,8.06,8.06,False,True
NOSNR-bin,sz.002486-buy-2016-11-02-am,sz.002486,buy,2016-11-02,pm,8.06,8.06,8.06,8.06,8.06,True,False,8.06,8.06,False,True
NOSNR-bin,sz.002486-buy-2016-11-02-pm,sz.002486,buy,2016-11-03,am,8.06,8.87,8.87,8.870000000000001,8.870000000000001,True,False,8.87,8.87,False,True
NOSNR-bin,sz.002486-buy-2016-11-03-am,sz.002486,buy,2016-11-03,pm,8.87,8.87,8.87,8.870000000000001,8.870000000000001,True,False,8.87,8.87,False,True
NOSNR-bin,sz.002486-buy-2016-11-03-pm,sz.002486,buy,2016-11-04,am,8.87,9.76,9.76,9.76,9.76,True,False,9.76,9.76,False,True
NOSNR-bin,sz.002486-buy-2016-11-04-am,sz.002486,buy,2016-11-04,pm,9.76,9.76,9.76,9.76,9.76,True,False,9.76,9.76,False,True
NOSNR-bin,sz.002486-buy-2016-11-04-pm,sz.002486,buy,2016-11-07,am,9.76,10.74,10.05,10.74,10.05,True,False,10.74,10.33,False,True
NOSNR-bin,sz.002486-sell/risk-2016-11-09-am,sz.002486,sell,2016-11-09,pm,12.25,12.25,12.25,12.25,11.1,True,False,12.25,11.1,False,True
NOSNR-bin,sz.000935-buy-2016-11-30-pm,sz.000935,buy,2016-12-01,am,30.02,31.3,30.1,31.36,30.1,True,False,31.36,30.27,False,True
NOSNR-bin,sz.002760-buy-2016-11-30-pm,sz.002760,buy,2016-12-01,am,43.76,44.35,43.82,44.35,43.82,True,False,44.32,43.93,False,True
NOSNR-bin,sh.600679-sell/risk-2016-12-12-am,sh.600679,sell,2016-12-12,pm,33.8,33.8,33.41,33.8,31.5,True,False,33.8,31.5,False,True
NOSNR-bin,sh.600679-sell/risk-2016-12-16-am,sh.600679,sell,2016-12-16,pm,43.9,43.9,43.9,43.9,42.01,True,False,43.9,42.01,False,True
NOSNR-bin,sh.600215-buy-2016-12-30-pm,sh.600215,buy,2017-01-03,am,12.34,13.57,13.57,13.57,13.57,True,False,13.57,13.57,False,True
NOSNR-bin,sz.002787-buy-2016-12-30-pm,sz.002787,buy,2017-01-03,am,40.11,41.17,40.16,41.17,40.160000000000004,True,False,41.01,40.72,False,True
NOSNR-bin,sz.002259-buy-2016-12-30-pm,sz.002259,buy,2017-01-03,am,10.02,11.02,10.21,11.02,10.21,True,False,10.95,10.43,False,True
NOSNR-bin,sh.600215-buy-2017-01-03-am,sh.600215,buy,2017-01-03,pm,13.57,13.57,13.57,13.57,13.57,True,False,13.57,13.57,False,True
NOSNR-bin,sh.600215-buy-2017-01-03-pm,sh.600215,buy,2017-01-04,am,13.57,14.93,14.79,14.93,14.790000000000001,True,False,14.93,14.93,False,True
NOSNR-bin,sh.600215-buy-2017-01-04-am,sh.600215,buy,2017-01-04,pm,14.93,14.93,14.93,14.93,14.790000000000001,True,True,14.93,14.79,True,False
NOSNR-bin,sz.002265-buy-2017-01-26-pm,sz.002265,buy,2017-02-03,am,25.34,27.0,25.42,27.48,25.42,True,False,27.48,26.69,False,True
NOSNR-bin,sz.002265-sell/risk-2017-02-28-pm,sz.002265,sell,2017-03-01,am,27.72,27.38,26.5,27.38,26.5,True,False,27.07,26.6,False,True
NOSNR-bin,sz.000953-sell/risk-2017-03-02-am,sz.000953,sell,2017-03-02,pm,12.94,12.94,12.94,12.94,12.94,True,False,12.94,12.94,False,True
NOSNR-bin,sz.000953-sell/risk-2017-03-02-pm,sz.000953,sell,2017-03-03,am,12.94,12.29,12.29,12.290000000000001,12.290000000000001,True,False,12.29,12.29,False,True
NOSNR-bin,sz.000953-sell/risk-2017-03-03-am,sz.000953,sell,2017-03-03,pm,12.29,12.29,12.29,12.290000000000001,12.290000000000001,True,True,12.29,12.29,True,True
NOSNR-bin,sz.000953-sell/risk-2017-03-03-pm,sz.000953,sell,2017-03-06,am,12.29,11.68,11.68,11.68,11.68,True,False,11.68,11.68,False,True
NOSNR-bin,sz.000953-sell/risk-2017-03-06-am,sz.000953,sell,2017-03-06,pm,11.68,11.68,11.68,11.68,11.68,True,False,11.68,11.68,False,True
NOSNR-bin,sz.000711-buy-2017-03-31-pm,sz.000711,buy,2017-04-05,am,30.77,33.85,32.18,33.85,32.18,True,False,33.85,33.0,False,True
NOSNR-bin,sz.002748-sell/risk-2017-03-31-pm,sz.002748,sell,2017-04-05,am,22.85,22.65,20.94,22.650000000000002,20.94,True,False,22.49,22.08,False,True
NOSNR-bin,sh.600519-buy-2017-06-06-pm,sh.600519,buy,2017-06-07,am,448.82,460.0,449.12,460.0,449.12,True,False,459.58,456.5,False,True
NOSNR-bin,sh.600519-buy-2017-06-26-am,sh.600519,buy,2017-06-26,pm,479.45,485.0,479.48,485.0,472.0,True,True,479.88,472.0,True,False
NOSNR-bin,sz.000611-buy-2017-06-30-pm,sz.000611,buy,2017-07-03,am,9.74,10.54,9.93,10.540000000000001,9.790000000000001,True,False,10.1,9.79,False,True
NOSNR-bin,sz.002415-sell/risk-2017-06-30-pm,sz.002415,sell,2017-07-03,am,32.3,32.28,30.9,32.28,30.900000000000002,True,False,31.37,31.0,False,True
NOSNR-bin,sz.000007-buy-2017-07-31-pm,sz.000007,buy,2017-08-01,am,16.77,17.38,16.77,17.53,16.77,True,False,17.53,17.02,False,True
NOSNR-bin,sz.002032-buy-2017-09-29-pm,sz.002032,buy,2017-10-09,am,37.86,40.77,37.96,41.5,37.96,True,False,41.5,40.0,False,True
NOSNR-bin,sz.002129-sell/risk-2017-12-06-pm,sz.002129,sell,2017-12-07,am,11.22,11.14,10.82,11.14,10.620000000000001,True,False,11.0,10.62,False,True
NOSNR-bin,sh.601318-buy-2017-12-29-pm,sh.601318,buy,2018-01-02,am,69.98,72.8,70.18,72.8,70.18,True,False,72.64,71.8,False,True
NOSNR-bin,sh.600383-buy-2017-12-29-pm,sh.600383,buy,2018-01-02,am,12.63,13.89,12.86,13.89,12.86,True,False,13.89,13.73,False,True
NOSNR-bin,sz.002493-buy-2018-01-31-pm,sz.002493,buy,2018-02-01,am,15.45,16.33,15.47,16.330000000000002,15.31,True,True,15.94,15.31,True,False
NOSNR-bin,sz.002812-sell/risk-2018-01-31-pm,sz.002812,sell,2018-02-01,am,90.48,90.29,88.08,90.29,88.01,True,False,89.16,88.01,False,True
NOSNR-bin,sz.002845-sell/risk-2018-02-28-pm,sz.002845,sell,2018-03-01,am,21.65,21.54,21.12,22.05,21.12,True,True,22.05,21.45,True,False
NOSNR-bin,sh.600673-buy-2018-03-30-pm,sh.600673,buy,2018-04-02,am,10.19,10.76,10.29,10.76,10.290000000000001,True,False,10.73,10.5,False,True
NOSNR-bin,sh.600130-sell/risk-2018-04-27-pm,sh.600130,sell,2018-05-02,am,5.56,5.55,5.41,5.72,5.4,True,True,5.72,5.4,True,False
NOSNR-bin,sh.600460-sell/risk-2018-04-27-pm,sh.600460,sell,2018-05-02,am,15.9,15.86,15.45,15.860000000000001,15.31,True,False,15.63,15.31,False,True
NOSNR-bin,sz.000333-sell/risk-2018-05-31-pm,sz.000333,sell,2018-06-01,am,52.91,52.88,51.94,52.88,51.94,True,False,52.5,51.95,False,True
NOSNR-bin,sz.000725-sell/risk-2018-05-31-pm,sz.000725,sell,2018-06-01,am,4.12,4.11,4.05,4.11,4.01,True,False,4.08,4.01,False,True
NOSNR-bin,sz.002413-buy-2018-06-29-pm,sz.002413,buy,2018-07-02,am,5.39,5.59,5.42,5.59,5.39,True,False,5.52,5.39,False,True
NOSNR-bin,sz.002413-sell/risk-2018-07-23-am,sz.002413,sell,2018-07-23,pm,6.51,6.51,6.51,6.51,5.88,True,False,6.51,5.88,False,True
NOSNR-bin,sh.600633-buy-2018-07-31-pm,sh.600633,buy,2018-08-01,am,8.61,8.82,8.62,8.97,8.620000000000001,True,False,8.97,8.75,False,True
NOSNR-bin,sz.002437-sell/risk-2018-08-13-am,sz.002437,sell,2018-08-13,pm,5.57,5.57,5.57,5.57,5.57,True,False,5.57,5.57,False,True
NOSNR-bin,sz.002437-sell/risk-2018-08-13-pm,sz.002437,sell,2018-08-14,am,5.57,5.01,5.01,5.01,5.01,True,False,5.01,5.01,False,True
NOSNR-bin,sz.002437-sell/risk-2018-08-14-am,sz.002437,sell,2018-08-14,pm,5.01,5.01,5.01,5.01,5.01,True,False,5.01,5.01,False,True
NOSNR-bin,sz.002437-sell/risk-2018-08-14-pm,sz.002437,sell,2018-08-15,am,5.01,4.75,4.51,4.75,4.51,True,False,4.72,4.55,False,True
NOSNR-bin,sh.603515-sell/risk-2018-09-28-pm,sh.603515,sell,2018-10-08,am,29.07,28.35,27.36,28.35,26.6,True,False,27.81,26.6,False,True
NOSNR-bin,sz.002451-sell/risk-2018-09-28-pm,sz.002451,sell,2018-10-08,am,7.05,6.93,6.68,6.93,6.55,True,False,6.78,6.55,False,True
NOSNR-bin,sz.002584-sell/risk-2018-09-28-pm,sz.002584,sell,2018-10-08,am,6.3,6.22,6.02,6.22,5.94,True,False,6.19,5.94,False,True
NOSNR-bin,sh.600511-buy-2018-10-31-pm,sh.600511,buy,2018-11-01,am,25.22,25.9,25.32,25.900000000000002,25.02,True,True,25.79,25.02,True,False
NOSNR-bin,sh.600606-buy-2018-10-31-pm,sh.600606,buy,2018-11-01,am,6.17,6.3,6.21,6.3,6.18,True,False,6.28,6.18,False,True
NOSNR-bin,sh.600729-buy-2018-11-30-pm,sh.600729,buy,2018-12-03,am,30.09,31.65,30.41,31.650000000000002,30.41,True,False,31.3,30.78,False,True
NOSNR-bin,sz.002310-buy-2019-01-31-pm,sz.002310,buy,2019-02-01,am,6.0,6.17,6.04,6.33,6.04,True,False,6.33,6.15,False,True
NOSNR-bin,sz.002124-sell/risk-2019-01-31-pm,sz.002124,sell,2019-02-01,am,8.11,8.05,7.68,8.07,7.68,True,False,8.07,7.82,False,True
NOSNR-bin,sh.600588-sell/risk-2019-02-25-am,sh.600588,sell,2019-02-25,pm,31.35,31.35,30.65,31.35,28.8,True,False,31.35,28.8,False,True
NOSNR-bin,sz.002596-buy-2019-02-28-pm,sz.002596,buy,2019-03-01,am,8.55,9.19,8.73,9.19,8.73,True,False,9.1,8.74,False,True
NOSNR-bin,sz.002596-buy-2019-03-01-am,sz.002596,buy,2019-03-01,pm,8.74,9.1,8.74,9.19,8.73,True,True,9.19,8.73,True,False
NOSNR-bin,sz.002665-sell/risk-2019-03-07-am,sz.002665,sell,2019-03-07,pm,3.73,3.73,3.73,3.73,3.33,True,False,3.73,3.33,False,True
NOSNR-bin,sz.002080-buy-2019-03-29-pm,sz.002080,buy,2019-04-01,am,13.9,15.16,14.05,15.16,14.05,True,False,14.81,14.57,False,True
NOSNR-bin,sh.600809-sell/risk-2019-04-30-pm,sh.600809,sell,2019-05-06,am,57.43,55.8,51.69,55.800000000000004,51.69,True,False,53.0,51.7,False,True
NOSNR-bin,sh.603456-sell/risk-2019-04-30-pm,sh.603456,sell,2019-05-06,am,7.96,7.88,7.58,7.88,7.28,True,False,7.7,7.28,False,True
NOSNR-bin,sz.002080-sell/risk-2019-04-30-pm,sz.002080,sell,2019-05-06,am,12.2,12.14,11.52,12.14,11.32,True,False,11.78,11.32,False,True
NOSNR-bin,sz.002475-sell/risk-2019-04-30-pm,sz.002475,sell,2019-05-06,am,26.09,24.7,23.48,24.7,23.48,True,False,23.48,23.48,False,True
NOSNR-bin,sh.603456-sell/risk-2019-05-06-am,sh.603456,sell,2019-05-06,pm,7.7,7.7,7.28,7.88,7.28,True,True,7.88,7.58,True,False
NOSNR-bin,sz.002475-sell/risk-2019-05-06-am,sz.002475,sell,2019-05-06,pm,23.48,23.48,23.48,24.7,23.48,True,True,24.7,23.48,True,False
NOSNR-bin,sz.002511-buy-2019-05-31-pm,sz.002511,buy,2019-06-03,am,10.48,10.87,10.51,10.88,10.51,True,False,10.88,10.69,False,True
NOSNR-bin,sh.600004-buy-2019-05-31-pm,sh.600004,buy,2019-06-03,am,15.67,16.13,15.7,16.13,15.51,True,True,15.82,15.51,True,False
NOSNR-bin,sh.603658-sell/risk-2019-05-31-pm,sh.603658,sell,2019-06-03,am,65.31,64.99,62.31,64.99,62.31,True,False,63.2,62.54,False,True
NOSNR-bin,sh.603909-buy-2019-06-28-pm,sh.603909,buy,2019-07-01,am,21.51,21.98,21.55,22.01,21.55,True,False,22.01,21.7,False,True
NOSNR-bin,sz.002032-buy-2019-06-28-pm,sz.002032,buy,2019-07-01,am,75.83,78.16,76.75,78.16,76.75,True,False,78.1,77.21,False,True
NOSNR-bin,sh.603421-buy-2019-06-28-pm,sh.603421,buy,2019-07-01,am,19.5,20.93,20.01,20.93,20.01,True,False,20.86,20.7,False,True
NOSNR-bin,sh.603421-sell/risk-2019-07-31-pm,sh.603421,sell,2019-08-01,am,18.04,17.89,17.51,17.89,17.51,True,False,17.76,17.56,False,True
NOSNR-bin,sh.603909-sell/risk-2019-07-31-pm,sh.603909,sell,2019-08-01,am,19.27,19.25,18.93,19.25,18.93,True,False,19.07,18.95,False,True
NOSNR-bin,sz.002881-buy-2019-09-30-pm,sz.002881,buy,2019-10-08,am,30.31,33.34,30.74,33.34,30.740000000000002,True,False,33.34,33.34,False,True
NOSNR-bin,sz.002881-buy-2019-10-08-am,sz.002881,buy,2019-10-08,pm,33.34,33.34,33.34,33.34,30.740000000000002,True,True,33.34,30.74,True,False
NOSNR-bin,sh.600004-sell/risk-2019-10-31-pm,sh.600004,sell,2019-11-01,am,18.3,18.05,17.71,18.16,17.71,True,False,18.16,17.75,False,True
NOSNR-bin,sh.603978-sell/risk-2019-11-29-pm,sh.603978,sell,2019-12-02,am,26.98,26.74,25.95,26.740000000000002,25.79,True,False,26.07,25.79,False,True
NOSNR-bin,sz.002241-sell/risk-2019-12-17-pm,sz.002241,sell,2019-12-18,am,22.3,22.16,21.58,22.16,21.43,True,False,21.68,21.43,False,True
NOSNR-bin,sz.000513-sell/risk-2019-12-31-pm,sz.000513,sell,2020-01-02,am,33.7,33.6,33.06,33.65,33.06,True,False,33.65,33.29,False,True
NOSNR-bin,sz.002131-sell/risk-2020-01-16-am,sz.002131,sell,2020-01-16,pm,3.34,3.34,3.23,3.4,3.13,True,True,3.4,3.13,True,False
NOSNR-bin,sh.600153-sell/risk-2020-01-23-pm,sh.600153,sell,2020-02-03,am,8.57,7.98,7.71,7.98,7.71,True,False,7.75,7.71,False,True
NOSNR-bin,sh.600801-sell/risk-2020-01-23-pm,sh.600801,sell,2020-02-03,am,21.4,19.26,19.26,19.26,19.26,True,False,19.26,19.26,False,True
NOSNR-bin,sz.002131-sell/risk-2020-01-23-pm,sz.002131,sell,2020-02-03,am,3.05,2.75,2.75,2.75,2.75,True,False,2.75,2.75,False,True
NOSNR-bin,sh.600801-sell/risk-2020-02-03-am,sh.600801,sell,2020-02-03,pm,19.26,19.26,19.26,19.26,19.26,True,False,19.26,19.26,False,True
NOSNR-bin,sz.002131-sell/risk-2020-02-03-am,sz.002131,sell,2020-02-03,pm,2.75,2.75,2.75,2.75,2.75,True,False,2.75,2.75,False,True
NOSNR-bin,sh.603031-sell/risk-2020-02-19-am,sh.603031,sell,2020-02-19,pm,38.74,38.74,38.3,38.74,34.88,True,False,38.74,34.88,False,True
NOSNR-bin,sh.603726-sell/risk-2020-03-31-pm,sh.603726,sell,2020-04-01,am,20.33,18.3,18.3,18.3,18.3,True,False,18.3,18.3,False,True
NOSNR-bin,sh.603726-sell/risk-2020-04-01-am,sh.603726,sell,2020-04-01,pm,18.3,18.3,18.3,18.3,18.3,True,False,18.3,18.3,False,True
NOSNR-bin,sh.603726-sell/risk-2020-04-01-pm,sh.603726,sell,2020-04-02,am,18.3,16.47,16.47,16.47,16.47,True,False,16.47,16.47,False,True
NOSNR-bin,sh.603726-sell/risk-2020-04-02-am,sh.603726,sell,2020-04-02,pm,16.47,16.47,16.47,16.47,16.47,True,False,16.47,16.47,False,True
NOSNR-bin,sh.603726-sell/risk-2020-04-02-pm,sh.603726,sell,2020-04-03,am,16.47,16.1,14.82,16.1,14.82,True,False,15.32,14.83,False,True
NOSNR-bin,sz.000687-sell/risk-2020-04-08-am,sz.000687,sell,2020-04-08,pm,4.2,4.2,4.2,4.2,4.0,True,False,4.2,4.0,False,True
NOSNR-bin,sz.002645-sell/risk-2020-04-22-pm,sz.002645,sell,2020-04-23,am,12.55,12.55,12.08,12.86,11.71,True,True,12.86,11.71,True,False
NOSNR-bin,sz.002363-sell/risk-2020-04-30-pm,sz.002363,sell,2020-05-06,am,8.85,7.97,7.97,7.97,7.97,True,False,7.97,7.97,False,True
NOSNR-bin,sz.002363-sell/risk-2020-05-06-am,sz.002363,sell,2020-05-06,pm,7.97,7.97,7.97,7.97,7.97,True,False,7.97,7.97,False,True
NOSNR-bin,sz.002363-sell/risk-2020-05-06-pm,sz.002363,sell,2020-05-07,am,7.97,7.17,7.17,7.17,7.17,True,False,7.17,7.17,False,True
NOSNR-bin,sz.002363-sell/risk-2020-05-07-am,sz.002363,sell,2020-05-07,pm,7.17,7.17,7.17,7.17,7.17,True,False,7.17,7.17,False,True
NOSNR-bin,sz.002363-sell/risk-2020-05-07-pm,sz.002363,sell,2020-05-08,am,7.17,6.8,6.45,7.46,6.45,True,True,7.46,6.79,True,False
NOSNR-bin,sz.002503-buy-2020-05-29-pm,sz.002503,buy,2020-06-01,am,2.68,2.87,2.7,2.91,2.7,True,False,2.91,2.82,False,True
NOSNR-bin,sz.002585-buy-2020-06-30-pm,sz.002585,buy,2020-07-01,am,6.29,6.89,6.38,6.890000000000001,6.38,True,False,6.73,6.43,False,True
NOSNR-bin,sz.002503-sell/risk-2020-06-30-pm,sz.002503,sell,2020-07-01,am,2.81,2.81,2.76,2.81,2.7600000000000002,True,False,2.8,2.76,False,True
NOSNR-bin,sz.002503-sell/risk-2020-07-01-am,sz.002503,sell,2020-07-01,pm,2.8,2.8,2.76,2.81,2.7600000000000002,True,True,2.81,2.76,True,False
NOSNR-bin,sh.601016-buy-2020-07-31-pm,sh.601016,buy,2020-08-03,am,3.09,3.4,3.4,3.4,3.22,True,False,3.4,3.22,False,True
NOSNR-bin,sz.002414-buy-2020-07-31-pm,sz.002414,buy,2020-08-03,am,39.01,41.14,39.01,41.14,39.01,True,False,41.0,40.38,False,True
NOSNR-bin,sh.600189-buy-2020-08-31-pm,sh.600189,buy,2020-09-01,am,7.4,8.14,7.49,8.14,7.140000000000001,True,True,7.64,7.14,True,False
NOSNR-bin,sh.601016-sell/risk-2020-08-31-pm,sh.601016,sell,2020-09-01,am,2.84,2.84,2.79,2.84,2.79,True,False,2.83,2.79,False,True
NOSNR-bin,sh.601016-sell/risk-2020-09-01-am,sh.601016,sell,2020-09-01,pm,2.83,2.83,2.79,2.84,2.79,True,True,2.84,2.79,True,False
NOSNR-bin,sh.601012-buy-2020-09-30-pm,sh.601012,buy,2020-10-09,am,75.01,82.51,79.39,82.51,79.39,True,False,82.48,80.8,False,True
NOSNR-bin,sh.603713-buy-2020-09-30-pm,sh.603713,buy,2020-10-09,am,119.53,125.0,120.22,126.46000000000001,120.22,True,False,126.46,123.7,False,True
NOSNR-bin,sh.601012-sell/risk-2020-10-30-pm,sh.601012,sell,2020-11-02,am,75.99,75.65,70.51,75.66,70.51,True,False,75.66,73.44,False,True
NOSNR-bin,sh.603833-buy-2020-11-30-pm,sh.603833,buy,2020-12-01,am,127.58,131.0,128.0,131.0,128.0,True,False,130.87,129.0,False,True
SIG-old,sz.002002-sell/risk-2016-03-31-pm,sz.002002,sell,2016-04-01,am,18.46,18.35,17.07,18.35,16.990000000000002,True,False,17.52,16.99,False,True
SIG-old,sz.002545-sell/risk-2016-03-31-pm,sz.002545,sell,2016-04-01,am,8.0,7.98,7.72,7.98,7.7,True,False,7.9,7.7,False,True
SIG-old,sh.600666-buy-2016-04-29-pm,sh.600666,buy,2016-05-03,am,28.17,29.23,28.45,29.3,28.45,True,False,29.3,29.0,False,True
SIG-old,sz.002211-buy-2016-05-31-pm,sz.002211,buy,2016-06-01,am,11.59,12.75,12.75,12.75,12.75,True,False,12.75,12.75,False,True
SIG-old,sz.002231-buy-2016-05-31-pm,sz.002231,buy,2016-06-01,am,14.37,14.8,14.45,14.8,14.33,True,True,14.52,14.33,True,False
SIG-old,sz.002211-buy-2016-06-01-am,sz.002211,buy,2016-06-01,pm,12.75,12.75,12.75,12.75,12.75,True,False,12.75,12.75,False,True
SIG-old,sz.002211-buy-2016-06-01-pm,sz.002211,buy,2016-06-02,am,12.75,14.03,13.0,14.030000000000001,13.0,True,False,14.03,13.7,False,True
SIG-old,sz.002211-sell/risk-2016-06-13-am,sz.002211,sell,2016-06-13,pm,12.39,12.39,11.57,12.52,11.57,True,True,12.52,12.31,True,False
SIG-old,sh.603998-buy-2016-06-30-pm,sh.603998,buy,2016-07-01,am,14.68,15.29,14.68,15.290000000000001,14.66,True,True,15.08,14.66,True,False
SIG-old,sh.600120-buy-2016-06-30-pm,sh.600120,buy,2016-07-01,am,21.71,23.88,23.88,23.88,23.88,True,False,23.88,23.88,False,True
SIG-old,sh.600120-buy-2016-07-01-am,sh.600120,buy,2016-07-01,pm,23.88,23.88,23.88,23.88,23.88,True,False,23.88,23.88,False,True
SIG-old,sh.600120-buy-2016-07-01-pm,sh.600120,buy,2016-07-04,am,23.88,26.27,25.96,26.27,25.96,True,False,26.27,26.27,False,True
SIG-old,sh.600120-buy-2016-07-04-am,sh.600120,buy,2016-07-04,pm,26.27,26.27,26.27,26.27,25.96,True,True,26.27,25.96,True,False
SIG-old,sh.600120-buy-2016-07-04-pm,sh.600120,buy,2016-07-05,am,26.27,28.76,26.69,28.76,26.69,True,False,28.25,27.35,False,True
SIG-old,sh.603998-buy-2016-07-28-am,sh.603998,buy,2016-07-28,pm,14.08,15.3,14.08,15.3,14.02,True,True,15.19,14.02,True,False
SIG-old,sh.600751-buy-2016-07-29-pm,sh.600751,buy,2016-08-01,am,8.94,9.83,9.83,9.83,9.83,True,False,9.83,9.83,False,True
SIG-old,sz.002103-sell/risk-2016-07-29-pm,sz.002103,sell,2016-08-01,am,20.52,20.45,18.65,20.45,18.47,True,False,19.0,18.47,False,True
SIG-old,sh.600751-buy-2016-08-01-am,sh.600751,buy,2016-08-01,pm,9.83,9.83,9.83,9.83,9.83,True,False,9.83,9.83,False,True
SIG-old,sz.002103-sell/risk-2016-08-01-am,sz.002103,sell,2016-08-01,pm,19.0,19.0,18.47,20.45,18.47,True,True,20.45,18.65,True,False
SIG-old,sz.002103-sell/risk-2016-08-01-pm,sz.002103,sell,2016-08-02,am,18.89,18.4,17.49,18.400000000000002,17.490000000000002,True,False,18.22,17.68,False,True
SIG-old,sz.002530-buy-2016-08-31-pm,sz.002530,buy,2016-09-01,am,30.47,30.95,30.54,31.86,30.54,True,False,31.86,30.67,False,True
SIG-old,sz.002504-sell/risk-2016-08-31-pm,sz.002504,sell,2016-09-01,am,9.8,9.8,9.68,9.8,9.66,True,False,9.74,9.66,False,True
SIG-old,sz.002266-buy-2016-09-30-pm,sz.002266,buy,2016-10-10,am,5.87,6.46,6.1,6.46,6.1000000000000005,True,False,6.19,6.12,False,True
SIG-old,sz.000766-buy-2016-09-30-pm,sz.000766,buy,2016-10-10,am,19.66,20.65,20.0,20.84,20.0,True,False,20.84,20.49,False,True
SIG-old,sz.002486-buy-2016-10-31-pm,sz.002486,buy,2016-11-01,am,6.66,7.33,7.33,7.33,7.33,True,False,7.33,7.33,False,True
SIG-old,sz.002486-buy-2016-11-01-am,sz.002486,buy,2016-11-01,pm,7.33,7.33,7.33,7.33,7.33,True,False,7.33,7.33,False,True
SIG-old,sz.002486-buy-2016-11-01-pm,sz.002486,buy,2016-11-02,am,7.33,8.06,8.06,8.06,8.06,True,False,8.06,8.06,False,True
SIG-old,sz.002486-buy-2016-11-02-am,sz.002486,buy,2016-11-02,pm,8.06,8.06,8.06,8.06,8.06,True,False,8.06,8.06,False,True
SIG-old,sz.002486-buy-2016-11-02-pm,sz.002486,buy,2016-11-03,am,8.06,8.87,8.87,8.870000000000001,8.870000000000001,True,False,8.87,8.87,False,True
SIG-old,sz.002486-buy-2016-11-03-am,sz.002486,buy,2016-11-03,pm,8.87,8.87,8.87,8.870000000000001,8.870000000000001,True,False,8.87,8.87,False,True
SIG-old,sz.002486-buy-2016-11-03-pm,sz.002486,buy,2016-11-04,am,8.87,9.76,9.76,9.76,9.76,True,False,9.76,9.76,False,True
SIG-old,sz.002486-buy-2016-11-04-am,sz.002486,buy,2016-11-04,pm,9.76,9.76,9.76,9.76,9.76,True,False,9.76,9.76,False,True
SIG-old,sz.002486-buy-2016-11-04-pm,sz.002486,buy,2016-11-07,am,9.76,10.74,10.05,10.74,10.05,True,False,10.74,10.33,False,True
SIG-old,sz.002389-buy-2016-11-30-pm,sz.002389,buy,2016-12-01,am,20.88,22.97,22.97,22.97,22.97,True,False,22.97,22.97,False,True
SIG-old,sz.002389-buy-2016-12-01-am,sz.002389,buy,2016-12-01,pm,22.97,22.97,22.97,22.97,22.97,True,False,22.97,22.97,False,True
SIG-old,sz.002389-buy-2016-12-01-pm,sz.002389,buy,2016-12-02,am,22.97,25.27,25.27,25.27,25.27,True,False,25.27,25.27,False,True
SIG-old,sz.002389-buy-2016-12-02-am,sz.002389,buy,2016-12-02,pm,25.27,25.27,25.27,25.27,25.27,True,False,25.27,25.27,False,True
SIG-old,sz.000807-sell/risk-2016-12-28-pm,sz.000807,sell,2016-12-29,am,6.75,6.73,6.62,6.73,6.62,True,False,6.72,6.65,False,True
SIG-old,sz.000807-sell/risk-2016-12-29-am,sz.000807,sell,2016-12-29,pm,6.72,6.72,6.65,6.73,6.62,True,True,6.73,6.62,True,False
SIG-old,sz.002787-buy-2016-12-30-pm,sz.002787,buy,2017-01-03,am,40.11,41.17,40.16,41.17,40.160000000000004,True,False,41.01,40.72,False,True
SIG-old,sh.603999-buy-2016-12-30-pm,sh.603999,buy,2017-01-03,am,29.32,29.87,29.32,30.09,29.32,True,False,30.09,29.68,False,True
SIG-old,sh.600209-sell/profit-2017-01-04-am,sh.600209,sell,2017-01-04,pm,15.52,15.52,15.52,15.52,14.61,True,False,15.52,14.61,False,True
SIG-old,sz.000711-buy-2017-03-31-pm,sz.000711,buy,2017-04-05,am,30.77,33.85,32.18,33.85,32.18,True,False,33.85,33.0,False,True
SIG-old,sz.002809-buy-2017-04-28-pm,sz.002809,buy,2017-05-02,am,53.48,54.51,53.51,54.51,53.51,True,False,54.22,53.72,False,True
SIG-old,sz.002807-sell/risk-2017-05-03-am,sz.002807,sell,2017-05-03,pm,19.35,19.35,19.35,21.400000000000002,19.35,True,True,21.4,19.35,True,False
SIG-old,sh.600633-sell/risk-2017-05-31-pm,sh.600633,sell,2017-06-01,am,19.16,19.15,18.65,19.150000000000002,17.78,True,False,18.74,17.78,False,True
SIG-old,sz.002608-sell/risk-2017-05-31-pm,sz.002608,sell,2017-06-01,am,12.38,12.35,12.13,12.39,12.01,True,True,12.39,12.01,True,False
SIG-old,sz.002809-sell/risk-2017-05-31-pm,sz.002809,sell,2017-06-01,am,30.88,30.69,29.0,33.97,29.0,True,True,33.97,29.02,True,False
SIG-old,sz.000611-buy-2017-06-30-pm,sz.000611,buy,2017-07-03,am,9.74,10.54,9.93,10.540000000000001,9.790000000000001,True,False,10.1,9.79,False,True
SIG-old,sh.600645-buy-2017-06-30-pm,sh.600645,buy,2017-07-03,am,21.43,21.97,21.45,22.07,21.45,True,False,22.07,21.82,False,True
SIG-old,sh.600614-sell/risk-2017-06-30-pm,sh.600614,sell,2017-07-03,am,11.0,11.0,10.91,11.0,10.88,True,False,10.97,10.88,False,True
SIG-old,sz.002457-buy-2017-07-31-pm,sz.002457,buy,2017-08-01,am,11.76,12.54,11.77,12.94,11.77,True,False,12.94,12.41,False,True
SIG-old,sz.002819-buy-2017-07-31-pm,sz.002819,buy,2017-08-01,am,25.61,25.94,25.64,27.6,25.64,True,False,27.6,25.67,False,True
SIG-old,sz.002457-buy-2017-08-01-am,sz.002457,buy,2017-08-01,pm,12.41,12.94,12.41,12.94,11.77,True,True,12.54,11.77,True,False
SIG-old,sz.002457-buy-2017-08-01-pm,sz.002457,buy,2017-08-02,am,12.94,14.22,13.05,14.23,13.05,True,False,14.23,13.71,False,True
SIG-old,sz.002138-buy-2017-09-29-pm,sz.002138,buy,2017-10-09,am,20.84,21.66,21.2,21.66,21.04,True,False,21.5,21.04,False,True
SIG-old,sh.600392-buy-2017-09-29-pm,sh.600392,buy,2017-10-09,am,20.61,21.14,20.63,21.14,20.25,True,True,20.77,20.25,True,False
SIG-old,sz.002125-buy-2017-09-29-pm,sz.002125,buy,2017-10-09,am,12.36,12.65,12.44,12.65,12.43,True,False,12.55,12.43,False,True
SIG-old,sz.002555-buy-2017-10-31-pm,sz.002555,buy,2017-11-01,am,22.54,22.79,22.54,22.79,22.38,True,True,22.68,22.38,True,False
SIG-old,sz.002129-buy-2017-12-22-pm,sz.002129,buy,2017-12-25,am,11.58,12.02,11.68,12.02,11.58,True,False,11.85,11.58,False,True
SIG-old,sh.600885-buy-2017-12-29-pm,sh.600885,buy,2018-01-02,am,41.37,43.5,41.5,43.5,41.5,True,False,43.46,42.66,False,True
SIG-old,sz.002157-sell/risk-2018-01-31-pm,sz.002157,sell,2018-02-01,am,5.88,5.84,5.29,5.84,5.29,True,False,5.43,5.29,False,True
SIG-old,sz.002812-sell/risk-2018-01-31-pm,sz.002812,sell,2018-02-01,am,90.48,90.29,88.08,90.29,88.01,True,False,89.16,88.01,False,True
SIG-old,sh.600355-buy-2018-02-28-pm,sh.600355,buy,2018-03-01,am,5.16,5.56,5.16,5.5600000000000005,5.16,True,False,5.38,5.28,False,True
SIG-old,sz.000868-sell/risk-2018-03-13-pm,sz.000868,sell,2018-03-14,am,7.45,7.39,7.21,7.390000000000001,7.13,True,False,7.27,7.13,False,True
SIG-old,sz.000868-sell/risk-2018-03-30-pm,sz.000868,sell,2018-04-02,am,6.65,6.65,6.52,6.79,6.5200000000000005,True,True,6.79,6.56,True,False
SIG-old,sh.600146-sell/risk-2018-04-27-pm,sh.600146,sell,2018-05-02,am,28.63,28.47,27.69,29.18,27.69,True,True,29.18,27.9,True,False
SIG-old,sh.603559-sell/risk-2018-05-31-pm,sh.603559,sell,2018-06-01,am,27.08,26.93,26.37,26.93,25.5,True,False,26.65,25.5,False,True
SIG-old,sz.002419-sell/risk-2018-05-31-pm,sz.002419,sell,2018-06-01,am,16.51,16.39,15.91,16.39,15.610000000000001,True,False,16.22,15.61,False,True
SIG-old,sz.002405-buy-2018-07-31-pm,sz.002405,buy,2018-08-01,am,18.98,19.27,19.01,19.27,18.81,True,True,19.09,18.81,True,False
SIG-old,sh.600856-sell/risk-2018-07-31-pm,sh.600856,sell,2018-08-01,am,6.64,6.64,6.41,6.640000000000001,6.18,True,True,6.43,6.18,True,True
SIG-old,sh.600856-sell/risk-2018-08-01-am,sh.600856,sell,2018-08-01,pm,6.43,6.43,6.18,6.640000000000001,6.18,True,True,6.64,6.41,True,False
SIG-old,sh.600856-sell/risk-2018-08-01-pm,sh.600856,sell,2018-08-02,am,6.24,6.14,5.9,6.140000000000001,5.76,True,False,5.94,5.76,False,True
SIG-old,sh.600132-buy-2018-08-31-pm,sh.600132,buy,2018-09-03,am,25.4,26.22,25.41,26.490000000000002,25.41,True,False,26.49,25.92,False,True
SIG-old,sz.002488-sell/risk-2018-08-31-pm,sz.002488,sell,2018-09-03,am,11.15,10.95,10.04,10.950000000000001,10.040000000000001,True,False,10.04,10.04,False,True
SIG-old,sz.002488-sell/risk-2018-09-03-am,sz.002488,sell,2018-09-03,pm,10.04,10.04,10.04,10.950000000000001,10.040000000000001,True,True,10.95,10.04,True,False
SIG-old,sh.600132-sell/risk-2018-09-28-pm,sh.600132,sell,2018-10-08,am,29.21,29.13,28.01,29.13,28.01,True,False,28.71,28.21,False,True
SIG-old,sh.603833-sell/risk-2018-09-28-pm,sh.603833,sell,2018-10-08,am,94.75,93.0,89.14,93.0,87.07000000000001,True,False,91.62,87.07,False,True
SIG-old,sh.603939-sell/risk-2018-09-28-pm,sh.603939,sell,2018-10-08,am,57.45,57.01,55.01,57.01,54.21,True,False,55.6,54.21,False,True
SIG-old,sz.000568-sell/risk-2018-09-28-pm,sz.000568,sell,2018-10-08,am,47.51,46.65,45.01,46.65,44.480000000000004,True,False,45.32,44.48,False,True
SIG-old,sh.603939-sell/risk-2018-10-08-am,sh.603939,sell,2018-10-08,pm,55.69,55.6,54.21,57.01,54.21,True,True,57.01,55.01,True,False
SIG-old,sh.603939-sell/risk-2018-10-08-pm,sh.603939,sell,2018-10-09,am,54.4,53.99,50.1,53.99,48.96,True,False,50.74,48.96,False,True
SIG-old,sz.002547-sell/risk-2018-10-11-pm,sz.002547,sell,2018-10-12,am,2.98,2.97,2.69,2.97,2.69,True,False,2.93,2.85,False,True
SIG-old,sh.600271-buy-2018-10-16-pm,sh.600271,buy,2018-10-17,am,21.52,22.38,21.71,22.38,21.48,True,True,22.33,21.48,True,False
SIG-old,sz.000989-buy-2018-10-31-pm,sz.000989,buy,2018-11-01,am,10.2,10.65,10.21,10.68,10.21,True,False,10.68,10.31,False,True
SIG-old,sz.000034-sell/risk-2018-11-12-pm,sz.000034,sell,2018-11-13,am,16.26,16.22,14.67,16.22,14.67,True,False,15.62,14.8,False,True
SIG-old,sh.600312-buy-2018-11-30-pm,sh.600312,buy,2018-12-03,am,8.14,8.46,8.18,8.46,8.16,True,False,8.35,8.16,False,True
SIG-old,sz.000988-buy-2018-11-30-pm,sz.000988,buy,2018-12-03,am,11.89,12.64,12.22,12.64,12.22,True,False,12.6,12.46,False,True
SIG-old,sz.000533-buy-2018-12-28-pm,sz.000533,buy,2019-01-02,am,2.53,2.78,2.56,2.7800000000000002,2.56,True,False,2.78,2.78,False,True
SIG-old,sh.600312-sell/risk-2018-12-28-pm,sh.600312,sell,2019-01-02,am,8.08,7.9,7.5,7.9,7.5,True,False,7.7,7.58,False,True
SIG-old,sz.000533-buy-2019-01-02-am,sz.000533,buy,2019-01-02,pm,2.78,2.78,2.78,2.7800000000000002,2.56,True,True,2.78,2.56,True,False
SIG-old,sz.000533-buy-2019-01-02-pm,sz.000533,buy,2019-01-03,am,2.78,3.06,2.82,3.06,2.82,True,False,3.06,3.06,False,True
SIG-old,sz.000533-buy-2019-01-03-am,sz.000533,buy,2019-01-03,pm,3.06,3.06,3.06,3.06,2.82,True,True,3.06,2.82,True,False
SIG-old,sh.600128-buy-2019-01-31-pm,sh.600128,buy,2019-02-01,am,6.21,6.46,6.32,6.5200000000000005,6.32,True,False,6.52,6.38,False,True
SIG-old,sh.600290-buy-2019-01-31-pm,sh.600290,buy,2019-02-01,am,3.97,4.19,4.04,4.29,4.04,True,False,4.29,4.17,False,True
SIG-old,sh.600146-buy-2019-01-31-pm,sh.600146,buy,2019-02-01,am,4.9,5.04,4.92,5.1000000000000005,4.92,True,False,5.1,4.98,False,True
SIG-old,sh.600128-buy-2019-02-01-am,sh.600128,buy,2019-02-01,pm,6.37,6.52,6.38,6.5200000000000005,6.32,True,True,6.46,6.32,True,False
SIG-old,sh.600290-buy-2019-02-01-am,sh.600290,buy,2019-02-01,pm,4.17,4.29,4.17,4.29,4.04,True,True,4.19,4.04,True,False
SIG-old,sh.600128-buy-2019-02-01-pm,sh.600128,buy,2019-02-11,am,6.5,6.87,6.55,6.87,6.55,True,False,6.85,6.73,False,True
SIG-old,sh.600290-buy-2019-02-01-pm,sh.600290,buy,2019-02-11,am,4.23,4.46,4.25,4.47,4.25,True,False,4.47,4.4,False,True
SIG-old,sh.600128-sell/risk-2019-02-22-am,sh.600128,sell,2019-02-22,pm,8.36,8.36,8.36,8.36,7.58,True,False,8.36,7.58,False,True
SIG-old,sh.600146-sell/profit-2019-02-22-am,sh.600146,sell,2019-02-22,pm,6.96,6.96,6.96,6.96,6.34,True,False,6.96,6.34,False,True
SIG-old,sz.002243-buy-2019-02-22-pm,sz.002243,buy,2019-02-25,am,22.21,24.43,23.6,24.43,23.6,True,False,24.43,24.43,False,True
SIG-old,sz.002243-buy-2019-02-25-am,sz.002243,buy,2019-02-25,pm,24.43,24.43,24.43,24.43,23.6,True,True,24.43,23.6,True,False
SIG-old,sh.600290-sell/risk-2019-02-25-pm,sh.600290,sell,2019-02-26,am,5.38,5.37,5.14,5.5600000000000005,5.14,True,True,5.56,5.25,True,False
SIG-old,sh.600776-sell/profit-2019-03-07-am,sh.600776,sell,2019-03-07,pm,40.49,40.49,39.91,40.49,37.6,True,False,40.49,37.6,False,True
SIG-old,sz.002464-buy-2019-03-29-pm,sz.002464,buy,2019-04-01,am,11.5,12.25,11.58,12.5,11.58,True,False,12.5,12.04,False,True
SIG-old,sz.002588-buy-2019-03-29-pm,sz.002588,buy,2019-04-01,am,5.0,5.1,5.01,5.14,5.01,True,False,5.14,5.1,False,True
SIG-old,sz.002588-buy-2019-04-01-am,sz.002588,buy,2019-04-01,pm,5.09,5.14,5.1,5.14,5.01,True,True,5.1,5.01,True,False
SIG-old,sz.002588-sell/risk-2019-04-08-pm,sz.002588,sell,2019-04-09,am,5.93,5.78,5.6,5.78,5.59,True,False,5.69,5.59,False,True
SIG-old,sz.002761-buy-2019-04-16-am,sz.002761,buy,2019-04-16,pm,21.81,21.81,21.81,21.81,21.81,True,False,21.81,21.81,False,True
SIG-old,sz.002761-buy-2019-04-16-pm,sz.002761,buy,2019-04-17,am,21.81,23.99,22.88,23.990000000000002,22.88,True,False,23.99,23.99,False,True
SIG-old,sz.002761-buy-2019-04-17-am,sz.002761,buy,2019-04-17,pm,23.99,23.99,23.99,23.990000000000002,22.88,True,True,23.99,22.88,True,False
SIG-old,sz.002589-buy-2019-04-29-pm,sz.002589,buy,2019-04-30,am,7.3,7.86,7.33,7.86,7.33,True,False,7.74,7.56,False,True
SIG-old,sz.002588-sell/risk-2019-04-30-pm,sz.002588,sell,2019-05-06,am,4.92,4.9,4.8,4.9,4.58,True,False,4.83,4.58,False,True
SIG-old,sz.000948-sell/risk-2019-05-28-am,sz.000948,sell,2019-05-28,pm,12.3,12.3,12.3,12.3,12.3,True,False,12.3,12.3,False,True
SIG-old,sh.603266-buy-2019-05-31-pm,sh.603266,buy,2019-06-03,am,13.92,15.31,14.12,15.31,14.120000000000001,True,False,15.31,14.6,False,True
SIG-old,sh.600151-sell/risk-2019-05-31-pm,sh.600151,sell,2019-06-03,am,5.61,5.61,5.44,5.61,5.43,True,False,5.52,5.43,False,True
SIG-old,sz.002537-sell/risk-2019-05-31-pm,sz.002537,sell,2019-06-03,am,7.83,7.78,7.4,7.78,7.33,True,False,7.51,7.33,False,True
SIG-old,sz.002119-buy-2019-06-28-pm,sz.002119,buy,2019-07-01,am,12.41,12.99,12.6,13.07,12.6,True,False,13.07,12.87,False,True
SIG-old,sh.600277-buy-2019-06-28-pm,sh.600277,buy,2019-07-01,am,4.87,5.04,4.93,5.08,4.93,True,False,5.08,5.01,False,True
SIG-old,sz.002668-buy-2019-06-28-pm,sz.002668,buy,2019-07-01,am,5.18,5.35,5.25,5.36,5.25,True,False,5.36,5.3,False,True
SIG-old,sz.000159-buy-2019-06-28-pm,sz.000159,buy,2019-07-01,am,7.58,7.91,7.7,8.02,7.7,True,False,8.02,7.85,False,True
SIG-old,sz.000159-buy-2019-07-01-am,sz.000159,buy,2019-07-01,pm,7.85,8.02,7.85,8.02,7.7,True,True,7.91,7.7,True,False
SIG-old,sz.000159-buy-2019-07-22-pm,sz.000159,buy,2019-07-23,am,6.5,6.74,6.5,6.890000000000001,6.5,True,False,6.89,6.71,False,True
SIG-old,sz.000159-sell/risk-2019-07-31-pm,sz.000159,sell,2019-08-01,am,6.75,6.73,6.59,6.91,6.59,True,True,6.91,6.61,True,False
SIG-old,sh.601997-buy-2019-08-15-pm,sh.601997,buy,2019-08-16,am,8.03,8.14,8.03,8.14,8.03,True,False,8.13,8.07,False,True
SIG-old,sh.601990-buy-2019-08-30-pm,sh.601990,buy,2019-09-02,am,7.46,7.66,7.47,7.73,7.47,True,False,7.73,7.61,False,True
SIG-old,sh.600242-sell/risk-2019-10-31-pm,sh.600242,sell,2019-11-01,am,8.88,8.19,7.99,8.73,7.99,True,False,8.73,7.99,False,True
SIG-old,sh.600052-buy-2019-11-29-pm,sh.600052,buy,2019-12-02,am,4.16,4.23,4.16,4.23,4.12,True,True,4.18,4.12,True,False
SIG-old,sh.603978-sell/risk-2019-11-29-pm,sh.603978,sell,2019-12-02,am,26.98,26.74,25.95,26.740000000000002,25.79,True,False,26.07,25.79,False,True
SIG-old,sz.000998-buy-2019-12-31-pm,sz.000998,buy,2020-01-02,am,14.71,16.18,15.05,16.18,15.05,True,False,16.18,15.88,False,True
SIG-old,sz.002385-buy-2019-12-31-pm,sz.002385,buy,2020-01-02,am,4.98,5.48,5.48,5.48,5.48,True,False,5.48,5.48,False,True
SIG-old,sz.000998-buy-2020-01-02-am,sz.000998,buy,2020-01-02,pm,15.88,16.18,15.88,16.18,15.05,True,True,16.18,15.05,True,False
SIG-old,sz.002385-buy-2020-01-02-am,sz.002385,buy,2020-01-02,pm,5.48,5.48,5.48,5.48,5.48,True,False,5.48,5.48,False,True
SIG-old,sz.000998-buy-2020-01-02-pm,sz.000998,buy,2020-01-03,am,16.18,17.8,17.8,17.8,17.8,True,False,17.8,17.8,False,True
SIG-old,sz.002385-buy-2020-01-02-pm,sz.002385,buy,2020-01-03,am,5.48,6.03,6.03,6.03,6.03,True,False,6.03,6.03,False,True
SIG-old,sz.000998-buy-2020-01-03-am,sz.000998,buy,2020-01-03,pm,17.8,17.8,17.8,17.8,17.8,True,False,17.8,17.8,False,True
SIG-old,sz.002385-buy-2020-01-03-am,sz.002385,buy,2020-01-03,pm,6.03,6.03,6.03,6.03,6.03,True,False,6.03,6.03,False,True
SIG-old,sz.000998-buy-2020-01-03-pm,sz.000998,buy,2020-01-06,am,17.8,19.58,19.58,19.580000000000002,19.580000000000002,True,False,19.58,19.58,False,True
SIG-old,sz.002385-buy-2020-01-03-pm,sz.002385,buy,2020-01-06,am,6.03,6.63,6.63,6.63,6.63,True,False,6.63,6.63,False,True
SIG-old,sz.000998-buy-2020-01-06-am,sz.000998,buy,2020-01-06,pm,19.58,19.58,19.58,19.580000000000002,19.580000000000002,True,False,19.58,19.58,False,True
SIG-old,sz.002385-buy-2020-01-06-am,sz.002385,buy,2020-01-06,pm,6.63,6.63,6.63,6.63,6.63,True,False,6.63,6.63,False,True
SIG-old,sz.002385-buy-2020-01-06-pm,sz.002385,buy,2020-01-07,am,6.63,7.29,7.29,7.29,7.29,True,False,7.29,7.29,False,True
SIG-old,sz.002385-buy-2020-01-07-am,sz.002385,buy,2020-01-07,pm,7.29,7.29,7.29,7.29,7.29,True,False,7.29,7.29,False,True
SIG-old,sz.002385-buy-2020-01-07-pm,sz.002385,buy,2020-01-08,am,7.29,8.02,8.02,8.02,8.02,True,False,8.02,8.02,False,True
SIG-old,sz.002385-buy-2020-01-08-am,sz.002385,buy,2020-01-08,pm,8.02,8.02,8.02,8.02,8.02,True,False,8.02,8.02,False,True
SIG-old,sz.002385-sell/risk-2020-01-23-pm,sz.002385,sell,2020-02-03,am,5.85,5.27,5.27,5.2700000000000005,5.2700000000000005,True,False,5.27,5.27,False,True
SIG-old,sh.600277-sell/risk-2020-01-23-pm,sh.600277,sell,2020-02-03,am,4.13,3.72,3.72,3.72,3.72,True,False,3.72,3.72,False,True
SIG-old,sh.600425-sell/risk-2020-01-23-pm,sh.600425,sell,2020-02-03,am,3.75,3.38,3.38,3.38,3.38,True,False,3.38,3.38,False,True
SIG-old,sz.000998-sell/risk-2020-01-23-pm,sz.000998,sell,2020-02-03,am,17.97,16.17,16.17,16.17,16.17,True,False,16.17,16.17,False,True
SIG-old,sh.600277-sell/risk-2020-02-03-am,sh.600277,sell,2020-02-03,pm,3.72,3.72,3.72,3.72,3.72,True,False,3.72,3.72,False,True
SIG-old,sh.600425-sell/risk-2020-02-03-am,sh.600425,sell,2020-02-03,pm,3.38,3.38,3.38,3.38,3.38,True,False,3.38,3.38,False,True
SIG-old,sz.000998-sell/risk-2020-02-03-am,sz.000998,sell,2020-02-03,pm,16.17,16.17,16.17,16.17,16.17,True,False,16.17,16.17,False,True
SIG-old,sz.002385-sell/risk-2020-02-03-am,sz.002385,sell,2020-02-03,pm,5.27,5.27,5.27,5.2700000000000005,5.2700000000000005,True,True,5.27,5.27,True,True
SIG-old,sh.600277-sell/risk-2020-02-03-pm,sh.600277,sell,2020-02-04,am,3.72,3.59,3.35,3.59,3.35,True,False,3.55,3.43,False,True
SIG-old,sh.600425-sell/risk-2020-02-03-pm,sh.600425,sell,2020-02-04,am,3.38,3.32,3.04,3.34,3.04,True,False,3.34,3.23,False,True
SIG-old,sz.000998-sell/risk-2020-02-03-pm,sz.000998,sell,2020-02-04,am,16.17,15.78,14.85,16.67,14.85,True,True,16.67,15.66,True,False
SIG-old,sz.002385-sell/risk-2020-02-03-pm,sz.002385,sell,2020-02-04,am,5.27,5.22,4.78,5.48,4.78,True,True,5.48,5.13,True,False
SIG-old,sz.002783-sell/risk-2020-02-11-am,sz.002783,sell,2020-02-11,pm,11.18,11.18,11.18,11.18,9.98,True,False,11.18,9.98,False,True
SIG-old,sh.600546-sell/risk-2020-02-12-am,sh.600546,sell,2020-02-12,pm,10.34,10.34,10.34,10.34,9.950000000000001,True,False,10.34,9.95,False,True
SIG-old,sz.000936-sell/profit-2020-02-20-am,sz.000936,sell,2020-02-20,pm,9.8,9.8,9.8,9.8,8.91,True,False,9.8,8.91,False,True
SIG-old,sz.000936-sell/profit-2020-02-24-am,sz.000936,sell,2020-02-24,pm,11.11,11.11,10.73,11.290000000000001,10.200000000000001,True,True,11.29,10.2,True,False
SIG-old,sz.000936-sell/risk-2020-02-24-pm,sz.000936,sell,2020-02-25,am,10.98,10.98,9.88,10.98,9.88,True,False,10.76,10.31,False,True
SIG-old,sh.603611-buy-2020-02-28-pm,sh.603611,buy,2020-03-02,am,18.91,19.79,19.17,19.8,19.17,True,False,19.8,19.55,False,True
SIG-old,sz.000040-buy-2020-02-28-pm,sz.000040,buy,2020-03-02,am,3.47,3.63,3.51,3.68,3.5100000000000002,True,False,3.68,3.6,False,True
SIG-old,sh.600242-sell/risk-2020-03-26-pm,sh.600242,sell,2020-03-27,am,9.5,9.3,8.87,9.3,8.66,True,False,9.12,8.66,False,True
SIG-old,sh.603659-buy-2020-03-31-pm,sh.603659,buy,2020-04-01,am,60.0,64.24,60.72,64.24,60.72,True,False,64.04,61.7,False,True
SIG-old,sz.002489-buy-2020-03-31-pm,sz.002489,buy,2020-04-01,am,3.49,3.74,3.52,3.74,3.52,True,False,3.7,3.59,False,True
SIG-old,sh.600242-sell/risk-2020-03-31-pm,sh.600242,sell,2020-04-01,am,7.7,7.58,7.13,7.9,7.13,True,True,7.9,7.26,True,False
SIG-old,sh.600311-sell/risk-2020-03-31-pm,sh.600311,sell,2020-04-01,am,2.5,2.48,2.4,2.7,2.4,True,True,2.7,2.45,True,False
SIG-old,sz.002489-sell/risk-2020-04-30-pm,sz.002489,sell,2020-05-06,am,3.9,3.9,3.83,3.92,3.83,True,True,3.92,3.87,True,False
SIG-old,sz.002740-buy-2020-06-30-pm,sz.002740,buy,2020-07-01,am,6.49,7.14,6.6,7.140000000000001,6.6000000000000005,True,False,7.14,6.78,False,True
SIG-old,sh.600079-sell/risk-2020-06-30-pm,sh.600079,sell,2020-07-01,am,27.22,27.18,26.47,27.18,26.18,True,False,26.75,26.18,False,True
SIG-old,sz.002740-sell/risk-2020-07-02-am,sz.002740,sell,2020-07-02,pm,7.85,7.85,7.85,7.8500000000000005,6.62,True,True,7.85,6.62,True,True
SIG-old,sz.002740-sell/profit-2020-07-03-am,sz.002740,sell,2020-07-03,pm,8.64,8.64,8.64,8.64,8.13,True,False,8.64,8.13,False,True
SIG-old,sz.000861-sell/profit-2020-07-28-pm,sz.000861,sell,2020-07-29,am,4.08,3.96,3.75,3.96,3.75,True,False,3.94,3.86,False,True
SIG-old,sz.002258-buy-2020-07-31-pm,sz.002258,buy,2020-08-03,am,21.29,22.49,21.6,22.490000000000002,21.6,True,False,22.3,21.7,False,True
SIG-old,sz.002258-sell/risk-2020-08-05-pm,sz.002258,sell,2020-08-06,am,24.76,24.58,23.33,24.580000000000002,23.330000000000002,True,False,24.49,23.8,False,True
SIG-old,sz.002258-sell/risk-2020-08-31-pm,sz.002258,sell,2020-09-01,am,22.9,22.9,22.41,22.900000000000002,22.07,True,True,22.58,22.07,True,True
SIG-old,sh.603722-buy-2020-09-30-pm,sh.603722,buy,2020-10-09,am,33.23,34.56,33.78,34.7,33.78,True,False,34.7,34.28,False,True
SIG-old,sh.600273-buy-2020-09-30-pm,sh.600273,buy,2020-10-09,am,10.84,11.1,10.84,11.1,10.68,True,True,10.87,10.68,True,False
SIG-old,sh.603877-buy-2020-09-30-pm,sh.603877,buy,2020-10-09,am,27.26,28.8,27.52,29.900000000000002,27.52,True,False,29.9,27.79,False,True
SIG-old,sh.603877-sell/risk-2020-10-13-am,sh.603877,sell,2020-10-13,pm,33.07,33.07,33.07,33.07,29.48,True,False,33.07,29.48,False,True
SIG-old,sh.603722-sell/risk-2020-10-30-pm,sh.603722,sell,2020-11-02,am,30.19,30.09,29.37,30.09,29.37,True,False,29.83,29.45,False,True
SIG-old,sh.601633-sell/risk-2020-12-23-pm,sh.601633,sell,2020-12-24,am,33.33,33.0,31.5,33.0,31.5,True,False,32.48,31.59,False,True
SIG-reg,sz.002435-buy-2016-01-29-pm,sz.002435,buy,2016-02-01,am,13.4,14.74,14.74,14.74,14.74,True,False,14.74,14.74,False,True
SIG-reg,sz.002435-buy-2016-02-01-am,sz.002435,buy,2016-02-01,pm,14.74,14.74,14.74,14.74,14.74,True,False,14.74,14.74,False,True
SIG-reg,sz.002435-buy-2016-02-01-pm,sz.002435,buy,2016-02-02,am,14.74,16.21,14.9,16.21,14.9,True,False,16.06,15.41,False,True
SIG-reg,sz.002435-buy-2016-02-02-am,sz.002435,buy,2016-02-02,pm,15.41,16.06,15.41,16.21,14.9,True,True,16.21,14.9,True,False
SIG-reg,sh.600360-sell/risk-2016-02-29-am,sh.600360,sell,2016-02-29,pm,6.19,6.18,6.05,6.66,6.05,True,True,6.66,6.07,True,False
SIG-reg,sz.000982-buy-2016-02-29-pm,sz.000982,buy,2016-03-01,am,6.17,6.79,6.79,6.79,6.79,True,False,6.79,6.79,False,True
SIG-reg,sz.002409-buy-2016-02-29-pm,sz.002409,buy,2016-03-01,am,24.16,26.58,24.5,26.580000000000002,24.5,True,False,26.0,24.65,False,True
SIG-reg,sz.000982-buy-2016-03-01-am,sz.000982,buy,2016-03-01,pm,6.79,6.79,6.79,6.79,6.79,True,False,6.79,6.79,False,True
SIG-reg,sz.000982-buy-2016-03-01-pm,sz.000982,buy,2016-03-02,am,6.79,7.47,7.47,7.47,7.47,True,False,7.47,7.47,False,True
SIG-reg,sz.000982-buy-2016-03-02-am,sz.000982,buy,2016-03-02,pm,7.47,7.47,7.47,7.47,7.47,True,False,7.47,7.47,False,True
SIG-reg,sz.000982-buy-2016-03-02-pm,sz.000982,buy,2016-03-03,am,7.47,8.22,8.22,8.22,8.09,True,False,8.22,8.09,False,True
SIG-reg,sz.000520-sell/risk-2016-03-10-pm,sz.000520,sell,2016-03-11,am,9.09,9.02,8.71,9.02,8.71,True,False,9.02,8.79,False,True
SIG-reg,sz.000520-buy-2016-03-11-pm,sz.000520,buy,2016-03-14,am,8.95,9.45,9.06,9.6,9.06,True,False,9.6,9.32,False,True
SIG-reg,sz.002582-buy-2016-03-18-am,sz.002582,buy,2016-03-18,pm,30.88,32.15,30.89,32.15,29.98,True,True,31.6,29.98,True,False
SIG-reg,sz.000913-buy-2016-03-31-pm,sz.000913,buy,2016-04-01,am,11.42,12.56,11.72,12.56,11.72,True,False,12.56,12.11,False,True
SIG-reg,sz.000520-sell/risk-2016-03-31-pm,sz.000520,sell,2016-04-01,am,9.45,9.35,9.15,9.35,9.11,True,False,9.29,9.11,False,True
SIG-reg,sz.002582-sell/risk-2016-03-31-pm,sz.002582,sell,2016-04-01,am,31.68,31.1,29.5,31.1,29.400000000000002,True,False,30.71,29.4,False,True
SIG-reg,sz.000913-buy-2016-04-01-am,sz.000913,buy,2016-04-01,pm,12.1,12.56,12.11,12.56,11.72,True,True,12.56,11.72,True,False
SIG-reg,sz.002211-buy-2016-05-31-pm,sz.002211,buy,2016-06-01,am,11.59,12.75,12.75,12.75,12.75,True,False,12.75,12.75,False,True
SIG-reg,sz.002405-buy-2016-05-31-pm,sz.002405,buy,2016-06-01,am,32.05,34.2,32.78,34.2,32.78,True,False,34.19,33.32,False,True
SIG-reg,sz.002488-buy-2016-05-31-pm,sz.002488,buy,2016-06-01,am,22.77,24.14,22.82,24.14,22.82,True,False,23.46,22.91,False,True
SIG-reg,sz.002211-buy-2016-06-01-am,sz.002211,buy,2016-06-01,pm,12.75,12.75,12.75,12.75,12.75,True,False,12.75,12.75,False,True
SIG-reg,sz.002211-buy-2016-06-01-pm,sz.002211,buy,2016-06-02,am,12.75,14.03,13.0,14.030000000000001,13.0,True,False,14.03,13.7,False,True
SIG-reg,sz.002211-sell/risk-2016-06-13-am,sz.002211,sell,2016-06-13,pm,12.39,12.39,11.57,12.52,11.57,True,True,12.52,12.31,True,False
SIG-reg,sh.600120-buy-2016-06-30-pm,sh.600120,buy,2016-07-01,am,21.71,23.88,23.88,23.88,23.88,True,False,23.88,23.88,False,True
SIG-reg,sh.600120-buy-2016-07-01-am,sh.600120,buy,2016-07-01,pm,23.88,23.88,23.88,23.88,23.88,True,False,23.88,23.88,False,True
SIG-reg,sh.600120-buy-2016-07-01-pm,sh.600120,buy,2016-07-04,am,23.88,26.27,25.96,26.27,25.96,True,False,26.27,26.27,False,True
SIG-reg,sh.600120-buy-2016-07-04-am,sh.600120,buy,2016-07-04,pm,26.27,26.27,26.27,26.27,25.96,True,True,26.27,25.96,True,False
SIG-reg,sh.600120-buy-2016-07-04-pm,sh.600120,buy,2016-07-05,am,26.27,28.76,26.69,28.76,26.69,True,False,28.25,27.35,False,True
SIG-reg,sz.002312-sell/risk-2016-07-18-pm,sz.002312,sell,2016-07-19,am,12.54,12.48,12.12,12.48,12.120000000000001,True,False,12.39,12.13,False,True
SIG-reg,sh.600751-buy-2016-07-29-pm,sh.600751,buy,2016-08-01,am,8.94,9.83,9.83,9.83,9.83,True,False,9.83,9.83,False,True
SIG-reg,sz.002400-sell/risk-2016-07-29-pm,sz.002400,sell,2016-08-01,am,14.77,14.75,14.38,14.75,14.290000000000001,True,False,14.46,14.29,False,True
SIG-reg,sh.600751-buy-2016-08-01-am,sh.600751,buy,2016-08-01,pm,9.83,9.83,9.83,9.83,9.83,True,False,9.83,9.83,False,True
SIG-reg,sh.600556-buy-2016-08-09-am,sh.600556,buy,2016-08-09,pm,16.19,16.19,16.19,16.19,15.21,True,True,16.19,15.21,True,False
SIG-reg,sh.600556-buy-2016-08-09-pm,sh.600556,buy,2016-08-10,am,16.19,17.81,16.82,17.81,16.82,True,False,17.8,17.28,False,True
SIG-reg,sz.002266-buy-2016-09-30-pm,sz.002266,buy,2016-10-10,am,5.87,6.46,6.1,6.46,6.1000000000000005,True,False,6.19,6.12,False,True
SIG-reg,sz.002472-buy-2016-09-30-pm,sz.002472,buy,2016-10-10,am,12.32,12.75,12.42,12.92,12.42,True,False,12.92,12.6,False,True
SIG-reg,sz.000912-buy-2016-10-24-am,sz.000912,buy,2016-10-24,pm,11.14,11.14,11.14,11.14,10.23,True,True,11.14,10.23,True,False
SIG-reg,sz.000912-buy-2016-10-24-pm,sz.000912,buy,2016-10-25,am,11.14,12.25,11.55,12.25,11.55,True,False,12.25,12.25,False,True
SIG-reg,sz.000912-buy-2016-10-25-am,sz.000912,buy,2016-10-25,pm,12.25,12.25,12.25,12.25,11.55,True,True,12.25,11.55,True,False
SIG-reg,sz.000912-sell/profit-2016-11-03-am,sz.000912,sell,2016-11-03,pm,14.86,14.86,14.86,14.86,14.86,True,False,14.86,14.86,False,True
SIG-reg,sz.000912-sell/profit-2016-11-04-pm,sz.000912,sell,2016-11-07,am,16.35,15.84,14.72,17.2,14.72,True,True,17.2,14.89,True,False
SIG-reg,sz.002679-sell/profit-2016-11-18-pm,sz.002679,sell,2016-11-21,am,62.69,61.99,59.97,61.99,57.300000000000004,True,False,61.0,57.3,False,True
SIG-reg,sh.601789-sell/risk-2016-11-24-am,sh.601789,sell,2016-11-24,pm,7.38,7.38,7.24,7.5200000000000005,7.24,True,True,7.52,7.36,True,False
SIG-reg,sz.002621-sell/profit-2016-11-28-am,sz.002621,sell,2016-11-28,pm,27.39,27.39,27.39,27.39,27.39,True,False,27.39,27.39,False,True
SIG-reg,sz.002621-buy-2016-11-30-am,sz.002621,buy,2016-11-30,pm,33.14,33.14,33.14,33.14,31.88,True,True,33.14,31.88,True,False
SIG-reg,sz.002389-buy-2016-11-30-pm,sz.002389,buy,2016-12-01,am,20.88,22.97,22.97,22.97,22.97,True,False,22.97,22.97,False,True
SIG-reg,sh.600691-buy-2016-11-30-pm,sh.600691,buy,2016-12-01,am,3.39,3.46,3.4,3.46,3.4,True,False,3.44,3.4,False,True
SIG-reg,sz.002679-sell/risk-2016-11-30-pm,sz.002679,sell,2016-12-01,am,50.3,50.0,46.68,50.0,45.5,True,False,47.97,45.5,False,True
SIG-reg,sz.002389-buy-2016-12-01-am,sz.002389,buy,2016-12-01,pm,22.97,22.97,22.97,22.97,22.97,True,False,22.97,22.97,False,True
SIG-reg,sz.002389-buy-2016-12-01-pm,sz.002389,buy,2016-12-02,am,22.97,25.27,25.27,25.27,25.27,True,False,25.27,25.27,False,True
SIG-reg,sz.002389-buy-2016-12-02-am,sz.002389,buy,2016-12-02,pm,25.27,25.27,25.27,25.27,25.27,True,False,25.27,25.27,False,True
SIG-reg,sh.600215-buy-2016-12-30-pm,sh.600215,buy,2017-01-03,am,12.34,13.57,13.57,13.57,13.57,True,False,13.57,13.57,False,True
SIG-reg,sh.600215-buy-2017-01-03-am,sh.600215,buy,2017-01-03,pm,13.57,13.57,13.57,13.57,13.57,True,False,13.57,13.57,False,True
SIG-reg,sh.600215-buy-2017-01-03-pm,sh.600215,buy,2017-01-04,am,13.57,14.93,14.79,14.93,14.790000000000001,True,False,14.93,14.93,False,True
SIG-reg,sh.600215-buy-2017-01-04-am,sh.600215,buy,2017-01-04,pm,14.93,14.93,14.93,14.93,14.790000000000001,True,True,14.93,14.79,True,False
SIG-reg,sh.603227-buy-2017-01-26-pm,sh.603227,buy,2017-02-03,am,8.13,8.23,8.13,8.28,8.13,True,False,8.28,8.17,False,True
SIG-reg,sh.603227-buy-2017-02-03-am,sh.603227,buy,2017-02-03,pm,8.17,8.28,8.17,8.28,8.13,True,True,8.23,8.13,True,False
SIG-reg,sz.002694-sell/risk-2017-02-28-pm,sz.002694,sell,2017-03-01,am,37.19,37.04,33.47,37.04,33.47,True,False,36.36,34.36,False,True
SIG-reg,sz.002695-buy-2017-03-31-pm,sz.002695,buy,2017-04-05,am,22.87,23.3,22.88,23.3,22.88,True,False,23.16,23.08,False,True
SIG-reg,sz.002695-buy-2017-04-17-pm,sz.002695,buy,2017-04-18,am,20.51,21.0,20.56,21.0,20.36,True,True,20.67,20.36,True,False
SIG-reg,sz.002801-sell/risk-2017-04-20-am,sz.002801,sell,2017-04-20,pm,47.49,47.49,45.6,49.980000000000004,45.6,True,True,49.98,47.0,True,False
SIG-reg,sz.000906-buy-2017-04-20-pm,sz.000906,buy,2017-04-21,am,13.29,13.47,13.3,13.47,13.3,True,False,13.43,13.33,False,True
SIG-reg,sz.002801-sell/risk-2017-05-31-pm,sz.002801,sell,2017-06-01,am,41.7,41.68,40.4,41.68,38.19,True,False,40.73,38.19,False,True
SIG-reg,sz.000723-buy-2017-06-16-pm,sz.000723,buy,2017-06-19,am,7.87,8.66,7.91,8.66,7.8,True,True,8.02,7.8,True,False
SIG-reg,sz.002152-buy-2017-08-31-pm,sz.002152,buy,2017-09-01,am,7.91,8.03,7.91,8.03,7.91,True,False,8.02,7.96,False,True
SIG-reg,sh.603010-buy-2017-09-26-pm,sh.603010,buy,2017-09-27,am,27.9,28.43,27.93,28.43,27.59,True,True,28.2,27.59,True,False
SIG-reg,sz.002662-buy-2017-09-29-pm,sz.002662,buy,2017-10-09,am,7.9,8.69,8.69,8.69,8.69,True,False,8.69,8.69,False,True
SIG-reg,sz.002662-buy-2017-10-09-am,sz.002662,buy,2017-10-09,pm,8.69,8.69,8.69,8.69,8.69,True,False,8.69,8.69,False,True
SIG-reg,sz.002662-buy-2017-10-09-pm,sz.002662,buy,2017-10-10,am,8.69,9.56,9.56,9.56,9.56,True,False,9.56,9.56,False,True
SIG-reg,sz.002662-buy-2017-10-10-am,sz.002662,buy,2017-10-10,pm,9.56,9.56,9.56,9.56,9.56,True,False,9.56,9.56,False,True
SIG-reg,sz.002662-buy-2017-10-10-pm,sz.002662,buy,2017-10-11,am,9.56,10.52,10.05,10.52,10.05,True,False,10.52,10.49,False,True
SIG-reg,sz.002129-buy-2017-12-22-pm,sz.002129,buy,2017-12-25,am,11.58,12.02,11.68,12.02,11.58,True,False,11.85,11.58,False,True
SIG-reg,sh.600651-buy-2017-12-29-pm,sh.600651,buy,2018-01-02,am,9.15,9.55,9.17,9.55,9.17,True,False,9.54,9.41,False,True
SIG-reg,sz.000717-buy-2018-01-31-pm,sz.000717,buy,2018-02-01,am,8.11,8.53,8.2,8.53,8.16,True,False,8.3,8.16,False,True
SIG-reg,sh.600868-sell/risk-2018-01-31-pm,sh.600868,sell,2018-02-01,am,4.6,4.59,4.4,4.59,4.33,True,False,4.48,4.33,False,True
SIG-reg,sh.600698-sell/risk-2018-02-06-am,sh.600698,sell,2018-02-06,pm,5.37,5.37,5.01,5.48,5.01,True,True,5.48,5.35,True,False
SIG-reg,sh.600698-sell/risk-2018-02-23-am,sh.600698,sell,2018-02-23,pm,5.97,5.97,5.97,5.97,5.4,True,False,5.97,5.4,False,True
SIG-reg,sz.002570-sell/risk-2018-03-19-am,sz.002570,sell,2018-03-19,pm,5.91,5.91,5.91,5.91,5.63,True,False,5.91,5.63,False,True
SIG-reg,sz.002570-buy-2018-03-26-pm,sz.002570,buy,2018-03-27,am,5.22,5.4,5.23,5.45,5.23,True,False,5.45,5.31,False,True
SIG-reg,sz.002547-sell/risk-2018-03-30-pm,sz.002547,sell,2018-04-02,am,8.86,8.86,8.78,8.86,8.69,True,False,8.82,8.69,False,True
SIG-reg,sh.600900-sell/risk-2018-05-31-pm,sh.600900,sell,2018-06-01,am,17.11,17.06,16.83,17.06,16.77,True,False,16.89,16.77,False,True
SIG-reg,sz.002507-buy-2018-06-19-pm,sz.002507,buy,2018-06-20,am,23.5,24.89,23.66,25.150000000000002,23.66,True,False,25.15,24.37,False,True
SIG-reg,sz.002507-buy-2018-06-20-am,sz.002507,buy,2018-06-20,pm,24.35,25.15,24.37,25.150000000000002,23.66,True,True,24.89,23.66,True,False
SIG-reg,sz.000636-buy-2018-06-29-pm,sz.000636,buy,2018-07-02,am,15.88,17.28,16.4,17.28,16.4,True,False,17.08,16.47,False,True
SIG-reg,sz.002399-buy-2018-07-30-pm,sz.002399,buy,2018-07-31,am,17.95,18.8,18.01,18.8,18.01,True,False,18.76,18.51,False,True
SIG-reg,sh.601898-buy-2018-08-31-pm,sh.601898,buy,2018-09-03,am,5.01,5.09,5.01,5.16,5.01,True,False,5.16,5.05,False,True
SIG-reg,sh.601186-sell/risk-2018-08-31-pm,sh.601186,sell,2018-09-03,am,10.6,10.51,10.24,10.51,10.24,True,False,10.46,10.29,False,True
SIG-reg,sh.600298-sell/risk-2018-09-28-pm,sh.600298,sell,2018-10-08,am,29.49,28.76,27.76,28.76,27.310000000000002,True,False,28.1,27.31,False,True
SIG-reg,sh.601788-sell/risk-2018-09-28-pm,sh.601788,sell,2018-10-08,am,9.5,9.4,9.17,9.4,9.11,True,False,9.21,9.11,False,True
SIG-reg,sz.000001-buy-2018-10-11-pm,sz.000001,buy,2018-10-12,am,9.86,10.14,9.87,10.34,9.870000000000001,True,False,10.34,10.14,False,True
SIG-reg,sz.002478-buy-2018-10-12-am,sz.002478,buy,2018-10-12,pm,5.42,5.62,5.42,5.62,5.16,True,True,5.42,5.16,True,False
SIG-reg,sz.000001-buy-2018-10-12-am,sz.000001,buy,2018-10-12,pm,10.14,10.34,10.14,10.34,9.870000000000001,True,True,10.14,9.87,True,False
SIG-reg,sz.002152-buy-2018-10-16-pm,sz.002152,buy,2018-10-17,am,5.53,5.84,5.63,5.84,5.63,True,False,5.82,5.67,False,True
SIG-reg,sh.600668-buy-2018-10-31-pm,sh.600668,buy,2018-11-01,am,12.1,12.44,12.11,12.47,12.11,True,False,12.47,12.22,False,True
SIG-reg,sh.600340-buy-2018-10-31-pm,sh.600340,buy,2018-11-01,am,23.35,24.65,23.82,24.650000000000002,23.6,True,False,24.19,23.6,False,True
SIG-reg,sz.000584-buy-2018-10-31-pm,sz.000584,buy,2018-11-01,am,6.66,7.18,6.82,7.18,6.82,True,False,7.01,6.82,False,True
SIG-reg,sz.000659-buy-2018-11-30-pm,sz.000659,buy,2018-12-03,am,4.08,4.21,4.1,4.21,4.1,True,False,4.18,4.11,False,True
SIG-reg,sh.603366-buy-2018-11-30-pm,sh.603366,buy,2018-12-03,am,4.58,5.04,5.04,5.04,5.04,True,False,5.04,5.04,False,True
SIG-reg,sh.601113-buy-2018-11-30-pm,sh.601113,buy,2018-12-03,am,7.8,8.16,7.9,8.16,7.9,True,False,8.15,8.02,False,True
SIG-reg,sh.603366-buy-2018-12-03-am,sh.603366,buy,2018-12-03,pm,5.04,5.04,5.04,5.04,5.04,True,False,5.04,5.04,False,True
SIG-reg,sh.603366-buy-2018-12-03-pm,sh.603366,buy,2018-12-04,am,5.04,5.49,5.12,5.54,5.12,True,False,5.54,5.26,False,True
SIG-reg,sh.600531-buy-2019-02-28-pm,sh.600531,buy,2019-03-01,am,5.29,5.45,5.3,5.45,5.28,True,True,5.43,5.28,True,False
SIG-reg,sz.002192-buy-2019-02-28-pm,sz.002192,buy,2019-03-01,am,28.41,30.1,28.5,30.1,28.5,True,False,29.64,28.93,False,True
SIG-reg,sh.600531-buy-2019-03-20-pm,sh.600531,buy,2019-03-21,am,5.24,5.41,5.24,5.43,5.24,True,False,5.43,5.32,False,True
SIG-reg,sz.002458-buy-2019-03-29-pm,sz.002458,buy,2019-04-01,am,35.18,38.7,36.31,38.7,36.31,True,False,38.7,38.01,False,True
SIG-reg,sh.600721-buy-2019-03-29-pm,sh.600721,buy,2019-04-01,am,5.89,6.15,5.91,6.16,5.91,True,False,6.16,6.07,False,True
SIG-reg,sz.000159-sell/risk-2019-04-08-am,sz.000159,sell,2019-04-08,pm,11.63,11.63,11.63,11.63,10.11,True,False,11.63,10.11,False,True
SIG-reg,sz.000159-sell/risk-2019-04-10-am,sz.000159,sell,2019-04-10,pm,14.07,14.07,11.62,14.07,11.620000000000001,True,False,14.07,13.68,False,True
SIG-reg,sz.002458-sell/risk-2019-04-12-am,sz.002458,sell,2019-04-12,pm,25.81,25.81,25.81,25.810000000000002,23.23,True,True,25.81,23.23,True,True
SIG-reg,sh.600721-sell/risk-2019-04-30-pm,sh.600721,sell,2019-05-06,am,5.69,5.41,5.41,5.41,5.41,True,False,5.41,5.41,False,True
SIG-reg,sz.000159-sell/risk-2019-04-30-pm,sz.000159,sell,2019-05-06,am,10.08,9.71,9.07,9.71,9.07,True,False,9.07,9.07,False,True
SIG-reg,sz.002824-sell/risk-2019-04-30-pm,sz.002824,sell,2019-05-06,am,12.51,12.28,11.51,12.280000000000001,11.26,True,False,11.72,11.26,False,True
SIG-reg,sz.000159-sell/risk-2019-05-06-am,sz.000159,sell,2019-05-06,pm,9.07,9.07,9.07,9.71,9.07,True,True,9.71,9.07,True,False
SIG-reg,sh.600721-sell/risk-2019-05-06-am,sh.600721,sell,2019-05-06,pm,5.41,5.41,5.41,5.41,5.41,True,False,5.41,5.41,False,True
SIG-reg,sh.600721-sell/risk-2019-05-06-pm,sh.600721,sell,2019-05-07,am,5.41,5.39,5.14,5.39,5.14,True,False,5.16,5.14,False,True
SIG-reg,sh.600179-buy-2019-05-31-pm,sh.600179,buy,2019-06-03,am,4.63,4.95,4.66,4.95,4.66,True,False,4.86,4.78,False,True
SIG-reg,sh.600179-buy-2019-06-03-am,sh.600179,buy,2019-06-03,pm,4.78,4.86,4.78,4.95,4.66,True,True,4.95,4.66,True,False
SIG-reg,sh.600179-buy-2019-06-03-pm,sh.600179,buy,2019-06-04,am,4.79,5.0,4.85,5.0,4.8500000000000005,True,False,4.94,4.85,False,True
SIG-reg,sh.600422-sell/risk-2019-06-19-am,sh.600422,sell,2019-06-19,pm,11.61,11.61,11.61,11.61,11.61,True,False,11.61,11.61,False,True
SIG-reg,sh.600179-sell/risk-2019-06-21-am,sh.600179,sell,2019-06-21,pm,3.77,3.77,3.77,3.77,3.77,True,False,3.77,3.77,False,True
SIG-reg,sh.600179-sell/risk-2019-06-21-pm,sh.600179,sell,2019-06-24,am,3.77,3.58,3.58,3.58,3.58,True,False,3.58,3.58,False,True
SIG-reg,sh.600179-sell/risk-2019-06-24-am,sh.600179,sell,2019-06-24,pm,3.58,3.58,3.58,3.58,3.58,True,False,3.58,3.58,False,True
SIG-reg,sh.600179-sell/risk-2019-06-24-pm,sh.600179,sell,2019-06-25,am,3.58,3.4,3.4,3.4,3.4,True,False,3.4,3.4,False,True
SIG-reg,sh.600179-sell/risk-2019-06-25-am,sh.600179,sell,2019-06-25,pm,3.4,3.4,3.4,3.4,3.4,True,False,3.4,3.4,False,True
SIG-reg,sh.600179-sell/risk-2019-06-25-pm,sh.600179,sell,2019-06-26,am,3.4,3.23,3.23,3.23,3.23,True,False,3.23,3.23,False,True
SIG-reg,sh.600179-sell/risk-2019-06-26-am,sh.600179,sell,2019-06-26,pm,3.23,3.23,3.23,3.23,3.23,True,False,3.23,3.23,False,True
SIG-reg,sh.600179-sell/risk-2019-06-26-pm,sh.600179,sell,2019-06-27,am,3.23,3.15,3.07,3.15,3.0700000000000003,True,False,3.07,3.07,False,True
SIG-reg,sh.600179-sell/risk-2019-06-27-am,sh.600179,sell,2019-06-27,pm,3.07,3.07,3.07,3.15,3.0700000000000003,True,True,3.15,3.07,True,False
SIG-reg,sh.603421-buy-2019-06-28-pm,sh.603421,buy,2019-07-01,am,19.5,20.93,20.01,20.93,20.01,True,False,20.86,20.7,False,True
SIG-reg,sz.002869-buy-2019-06-28-pm,sz.002869,buy,2019-07-01,am,38.79,42.67,39.2,42.67,39.2,True,False,42.67,42.67,False,True
SIG-reg,sh.600559-buy-2019-06-28-pm,sh.600559,buy,2019-07-01,am,13.09,13.7,13.12,13.700000000000001,13.120000000000001,True,False,13.63,13.51,False,True
SIG-reg,sz.002869-buy-2019-07-01-am,sz.002869,buy,2019-07-01,pm,42.67,42.67,42.67,42.67,39.2,True,True,42.67,39.2,True,False
SIG-reg,sz.002869-buy-2019-07-01-pm,sz.002869,buy,2019-07-02,am,42.67,46.94,43.28,46.94,42.7,True,False,45.88,42.7,False,True
SIG-reg,sh.600559-sell/risk-2019-07-31-pm,sh.600559,sell,2019-08-01,am,12.53,12.52,12.24,12.52,12.200000000000001,True,False,12.31,12.2,False,True
SIG-reg,sh.603421-sell/risk-2019-07-31-pm,sh.603421,sell,2019-08-01,am,18.04,17.89,17.51,17.89,17.51,True,False,17.76,17.56,False,True
SIG-reg,sz.002869-sell/profit-2019-08-28-pm,sz.002869,sell,2019-08-29,am,67.19,67.08,63.56,69.18,63.56,True,True,69.18,65.46,True,False
SIG-reg,sz.000595-buy-2019-09-30-pm,sz.000595,buy,2019-10-08,am,3.43,3.55,3.44,3.5500000000000003,3.41,True,True,3.48,3.41,True,False
SIG-reg,sz.000056-buy-2019-09-30-pm,sz.000056,buy,2019-10-08,am,4.59,4.72,4.61,4.72,4.61,True,False,4.7,4.63,False,True
SIG-reg,sz.000038-buy-2019-09-30-pm,sz.000038,buy,2019-10-08,am,12.1,13.06,12.2,13.06,12.200000000000001,True,False,12.77,12.35,False,True
SIG-reg,sz.000536-sell/risk-2019-09-30-pm,sz.000536,sell,2019-10-08,am,2.76,2.76,2.69,2.7600000000000002,2.69,True,True,2.74,2.69,True,True
SIG-reg,sz.000536-sell/risk-2019-10-08-am,sz.000536,sell,2019-10-08,pm,2.74,2.74,2.69,2.7600000000000002,2.69,True,True,2.76,2.69,True,False
SIG-reg,sz.002776-buy-2019-11-29-pm,sz.002776,buy,2019-12-02,am,6.01,6.61,6.04,6.61,6.04,True,False,6.61,6.61,False,True
SIG-reg,sh.600734-sell/risk-2019-11-29-pm,sh.600734,sell,2019-12-02,am,6.91,6.89,6.74,6.890000000000001,6.67,True,False,6.77,6.67,False,True
SIG-reg,sz.000595-sell/risk-2019-11-29-pm,sz.000595,sell,2019-12-02,am,3.4,3.4,3.29,3.4,3.29,True,False,3.35,3.29,False,True
SIG-reg,sz.002776-buy-2019-12-02-am,sz.002776,buy,2019-12-02,pm,6.61,6.61,6.61,6.61,6.04,True,True,6.61,6.04,True,False
SIG-reg,sh.600734-sell/risk-2019-12-02-am,sh.600734,sell,2019-12-02,pm,6.77,6.77,6.67,6.890000000000001,6.67,True,True,6.89,6.74,True,False
SIG-reg,sz.002776-buy-2019-12-02-pm,sz.002776,buy,2019-12-03,am,6.61,7.13,6.63,7.22,6.63,True,False,7.22,6.86,False,True
SIG-reg,sh.603005-buy-2019-12-31-pm,sh.603005,buy,2020-01-02,am,39.38,43.32,39.61,43.32,39.61,True,False,43.32,43.32,False,True
SIG-reg,sh.603005-buy-2020-01-02-am,sh.603005,buy,2020-01-02,pm,43.32,43.32,43.32,43.32,39.61,True,True,43.32,39.61,True,False
SIG-reg,sh.603005-buy-2020-01-02-pm,sh.603005,buy,2020-01-03,am,43.32,47.38,44.23,47.65,44.230000000000004,True,False,47.65,45.33,False,True
SIG-reg,sh.600640-sell/risk-2020-01-23-pm,sh.600640,sell,2020-02-03,am,21.93,19.74,19.74,19.740000000000002,19.740000000000002,True,False,19.74,19.74,False,True
SIG-reg,sh.603005-sell/risk-2020-01-23-pm,sh.603005,sell,2020-02-03,am,80.9,72.81,72.81,72.81,72.81,True,False,72.81,72.81,False,True
SIG-reg,sh.600640-sell/risk-2020-02-03-am,sh.600640,sell,2020-02-03,pm,19.74,19.74,19.74,19.740000000000002,19.740000000000002,True,True,19.74,19.74,True,True
SIG-reg,sh.603005-sell/risk-2020-02-03-am,sh.603005,sell,2020-02-03,pm,72.81,72.81,72.81,72.81,72.81,True,False,72.81,72.81,False,True
SIG-reg,sh.600640-sell/risk-2020-02-03-pm,sh.600640,sell,2020-02-04,am,19.74,19.51,17.77,19.51,17.77,True,False,19.36,18.33,False,True
SIG-reg,sh.600695-sell/risk-2020-02-17-am,sh.600695,sell,2020-02-17,pm,8.84,8.84,8.84,8.84,8.4,True,False,8.84,8.4,False,True
SIG-reg,sz.000818-buy-2020-02-28-pm,sz.000818,buy,2020-03-02,am,25.7,27.4,26.28,28.27,26.28,True,False,28.27,27.38,False,True
SIG-reg,sh.603236-buy-2020-02-28-pm,sh.603236,buy,2020-03-02,am,224.79,239.47,226.06,247.08,226.06,True,False,247.08,236.0,False,True
SIG-reg,sz.000818-buy-2020-03-02-am,sz.000818,buy,2020-03-02,pm,27.38,28.27,27.38,28.27,26.28,True,True,27.4,26.28,True,False
SIG-reg,sh.603236-buy-2020-03-02-am,sh.603236,buy,2020-03-02,pm,236.0,247.08,236.0,247.08,226.06,True,True,239.47,226.06,True,False
SIG-reg,sz.000818-buy-2020-03-02-pm,sz.000818,buy,2020-03-03,am,28.27,29.95,28.38,29.95,27.400000000000002,True,True,29.12,27.4,True,False
SIG-reg,sh.603236-buy-2020-03-02-pm,sh.603236,buy,2020-03-03,am,242.7,262.9,247.05,262.9,242.8,True,False,254.32,242.8,False,True
SIG-reg,sh.603236-buy-2020-03-10-am,sh.603236,buy,2020-03-10,pm,213.74,220.0,213.74,220.0,203.81,True,True,214.41,203.81,True,False
SIG-reg,sh.603236-buy-2020-03-13-am,sh.603236,buy,2020-03-13,pm,208.25,218.0,208.25,218.0,198.91,True,True,214.99,198.91,True,False
SIG-reg,sh.600988-sell/risk-2020-03-31-pm,sh.600988,sell,2020-04-01,am,8.39,8.23,7.94,8.98,7.94,True,True,8.98,8.15,True,False
SIG-reg,sz.002185-sell/risk-2020-04-02-pm,sz.002185,sell,2020-04-03,am,11.31,11.16,10.75,11.16,10.71,True,False,11.07,10.71,False,True
SIG-reg,sz.002176-sell/risk-2020-04-30-am,sz.002176,sell,2020-04-30,pm,1.67,1.67,1.67,1.67,1.67,True,False,1.67,1.67,False,True
SIG-reg,sz.002176-sell/risk-2020-04-30-pm,sz.002176,sell,2020-05-06,am,1.67,1.59,1.59,1.59,1.59,True,False,1.59,1.59,False,True
SIG-reg,sz.002176-sell/risk-2020-05-06-am,sz.002176,sell,2020-05-06,pm,1.59,1.59,1.59,1.59,1.59,True,False,1.59,1.59,False,True
SIG-reg,sz.002176-sell/risk-2020-05-06-pm,sz.002176,sell,2020-05-07,am,1.59,1.51,1.51,1.51,1.51,True,False,1.51,1.51,False,True
SIG-reg,sz.002176-sell/risk-2020-05-07-am,sz.002176,sell,2020-05-07,pm,1.51,1.51,1.51,1.51,1.51,True,False,1.51,1.51,False,True
SIG-reg,sz.002618-sell/risk-2020-05-28-am,sz.002618,sell,2020-05-28,pm,10.38,10.38,10.38,10.38,10.38,True,False,10.38,10.38,False,True
SIG-reg,sz.002503-buy-2020-05-29-pm,sz.002503,buy,2020-06-01,am,2.68,2.87,2.7,2.91,2.7,True,False,2.91,2.82,False,True
SIG-reg,sh.600350-sell/risk-2020-06-30-pm,sh.600350,sell,2020-07-01,am,6.14,6.12,5.83,6.12,5.83,True,False,6.06,5.95,False,True
SIG-reg,sz.002503-sell/risk-2020-06-30-pm,sz.002503,sell,2020-07-01,am,2.81,2.81,2.76,2.81,2.7600000000000002,True,False,2.8,2.76,False,True
SIG-reg,sz.002503-sell/risk-2020-07-01-am,sz.002503,sell,2020-07-01,pm,2.8,2.8,2.76,2.81,2.7600000000000002,True,True,2.81,2.76,True,False
SIG-reg,sz.002382-buy-2020-07-24-pm,sz.002382,buy,2020-07-27,am,28.17,30.61,28.86,30.64,28.86,True,False,30.64,29.65,False,True
SIG-reg,sz.002625-buy-2020-07-31-pm,sz.002625,buy,2020-08-03,am,19.73,21.7,21.7,21.7,21.7,True,False,21.7,21.7,False,True
SIG-reg,sh.603718-buy-2020-07-31-pm,sh.603718,buy,2020-08-03,am,49.12,54.03,49.13,54.03,49.13,True,False,54.03,49.97,False,True
SIG-reg,sz.002625-buy-2020-08-03-am,sz.002625,buy,2020-08-03,pm,21.7,21.7,21.7,21.7,21.7,True,False,21.7,21.7,False,True
SIG-reg,sz.002625-buy-2020-08-03-pm,sz.002625,buy,2020-08-04,am,21.7,23.87,23.87,23.87,23.87,True,False,23.87,23.87,False,True
SIG-reg,sz.002625-buy-2020-08-04-am,sz.002625,buy,2020-08-04,pm,23.87,23.87,23.87,23.87,23.87,True,False,23.87,23.87,False,True
SIG-reg,sz.002625-buy-2020-08-04-pm,sz.002625,buy,2020-08-05,am,23.87,26.26,26.26,26.26,26.26,True,False,26.26,26.26,False,True
SIG-reg,sz.002625-buy-2020-08-05-am,sz.002625,buy,2020-08-05,pm,26.26,26.26,26.26,26.26,26.26,True,False,26.26,26.26,False,True
SIG-reg,sz.002335-buy-2020-09-30-pm,sz.002335,buy,2020-10-09,am,17.69,18.46,17.9,18.46,17.830000000000002,True,False,18.12,17.83,False,True
SIG-reg,sh.601012-buy-2020-09-30-pm,sh.601012,buy,2020-10-09,am,75.01,82.51,79.39,82.51,79.39,True,False,82.48,80.8,False,True
SIG-reg,sz.002335-sell/risk-2020-10-14-am,sz.002335,sell,2020-10-14,pm,22.28,22.28,22.28,22.28,21.2,True,False,22.28,21.2,False,True
SIG-reg,sz.002335-sell/risk-2020-10-14-pm,sz.002335,sell,2020-10-15,am,22.28,22.21,21.32,22.21,20.8,True,False,21.57,20.8,False,True
SIG-reg,sh.601012-buy-2020-10-26-am,sh.601012,buy,2020-10-26,pm,69.11,70.44,69.18,71.28,65.79,True,True,71.28,65.79,True,False
SIG-reg,sh.601012-sell/risk-2020-10-30-pm,sh.601012,sell,2020-11-02,am,75.99,75.65,70.51,75.66,70.51,True,False,75.66,73.44,False,True
A1,sz.002089-sell/profit-2015-04-15-am,sz.002089,sell,2015-04-15,pm,21.99,21.99,21.99,21.990000000000002,21.990000000000002,True,True,21.99,21.99,True,True
A1,sh.600118-sell/profit-2015-04-27-am,sh.600118,sell,2015-04-27,pm,41.47,41.47,41.47,41.47,41.47,True,False,41.47,41.47,False,True
A1,sh.600536-sell/profit-2015-06-01-pm,sh.600536,sell,2015-06-02,am,62.79,62.79,60.18,62.79,59.79,True,False,61.9,59.79,False,True
A1,sz.002095-buy-2015-10-19-pm,sz.002095,buy,2015-10-20,am,66.22,72.84,68.01,72.84,68.01,True,False,72.84,72.84,False,True
A1,sz.002572-sell/profit-2016-06-29-pm,sz.002572,sell,2016-06-30,am,56.59,56.45,55.4,57.300000000000004,55.4,True,True,57.3,55.81,True,False
A1,sz.002596-buy-2016-07-15-pm,sz.002596,buy,2016-07-18,am,34.0,35.95,34.0,35.95,34.0,True,False,35.59,34.47,False,True
A1,sh.603017-buy-2016-11-15-pm,sh.603017,buy,2016-11-16,am,24.68,26.64,24.85,26.64,24.75,True,False,25.99,24.75,False,True
A1,sh.600475-buy-2016-12-19-pm,sh.600475,buy,2016-12-20,am,22.26,24.4,22.91,24.400000000000002,22.31,True,False,23.25,22.31,False,True
A1,sz.000816-sell/risk-2017-07-11-pm,sz.000816,sell,2017-07-12,am,7.4,7.39,7.07,7.41,7.07,True,True,7.41,7.19,True,False
A1,sz.002411-sell/risk-2017-07-11-pm,sz.002411,sell,2017-07-12,am,27.98,27.96,27.6,27.96,27.43,True,False,27.82,27.43,False,True
A1,sz.000709-buy-2017-07-28-pm,sz.000709,buy,2017-07-31,am,5.13,5.63,5.21,5.63,5.21,True,False,5.57,5.35,False,True
A1,sz.002411-sell/risk-2017-08-11-am,sz.002411,sell,2017-08-11,pm,25.51,25.51,24.7,25.85,24.7,True,True,25.85,25.39,True,False
A1,sz.002407-buy-2017-09-11-pm,sz.002407,buy,2017-09-12,am,27.89,30.67,28.5,30.67,28.22,True,False,30.42,28.22,False,True
A1,sz.002057-sell/risk-2017-10-30-am,sz.002057,sell,2017-10-30,pm,13.88,13.88,13.61,14.44,13.61,True,True,14.44,13.76,True,False
A1,sh.600179-sell/risk-2018-02-01-am,sh.600179,sell,2018-02-01,pm,23.25,23.25,23.25,25.990000000000002,23.25,True,True,25.99,23.25,True,False
A1,sz.002596-sell/risk-2018-02-01-am,sz.002596,sell,2018-02-01,pm,9.76,9.76,9.76,11.0,9.76,True,True,11.0,9.76,True,False
A1,sz.002596-sell/risk-2018-02-01-pm,sz.002596,sell,2018-02-02,am,9.76,8.78,8.78,8.78,8.78,True,False,8.78,8.78,False,True
A1,sz.002596-sell/risk-2018-02-02-am,sz.002596,sell,2018-02-02,pm,8.78,8.78,8.78,8.78,8.78,True,False,8.78,8.78,False,True
A1,sh.600179-sell/risk-2018-03-22-am,sh.600179,sell,2018-03-22,pm,20.93,20.93,20.93,20.93,20.93,True,False,20.93,20.93,False,True
A1,sh.600179-sell/risk-2018-03-22-pm,sh.600179,sell,2018-03-23,am,20.93,18.84,18.84,18.84,18.84,True,False,18.84,18.84,False,True
A1,sh.600179-sell/risk-2018-03-23-am,sh.600179,sell,2018-03-23,pm,18.84,18.84,18.84,18.84,18.84,True,False,18.84,18.84,False,True
A1,sh.600179-sell/risk-2018-03-23-pm,sh.600179,sell,2018-03-26,am,18.84,16.96,16.96,16.96,16.96,True,False,16.96,16.96,False,True
A1,sh.600179-sell/risk-2018-03-26-am,sh.600179,sell,2018-03-26,pm,16.96,16.96,16.96,16.96,16.96,True,False,16.96,16.96,False,True
A1,sz.002656-sell/risk-2018-04-27-am,sz.002656,sell,2018-04-27,pm,21.86,21.86,21.86,21.86,21.86,True,False,21.86,21.86,False,True
A1,sz.002656-sell/risk-2018-04-27-pm,sz.002656,sell,2018-05-02,am,21.86,19.67,19.67,19.67,19.67,True,False,19.67,19.67,False,True
A1,sz.002656-sell/risk-2018-05-02-am,sz.002656,sell,2018-05-02,pm,19.67,19.67,19.67,19.67,19.67,True,False,19.67,19.67,False,True
A1,sz.002656-sell/risk-2018-05-02-pm,sz.002656,sell,2018-05-03,am,19.67,17.7,17.7,17.7,17.7,True,False,17.7,17.7,False,True
A1,sz.002656-sell/risk-2018-05-03-am,sz.002656,sell,2018-05-03,pm,17.7,17.7,17.7,17.7,17.7,True,False,17.7,17.7,False,True
A1,sz.002656-sell/risk-2018-05-03-pm,sz.002656,sell,2018-05-04,am,17.7,15.93,15.93,15.93,15.93,True,False,15.93,15.93,False,True
A1,sz.002656-sell/risk-2018-05-04-am,sz.002656,sell,2018-05-04,pm,15.93,15.93,15.93,15.93,15.93,True,False,15.93,15.93,False,True
A1,sz.000673-buy-2018-05-04-pm,sz.000673,buy,2018-05-07,am,18.88,20.35,19.24,20.77,19.240000000000002,True,False,20.77,20.11,False,True
A1,sz.000656-sell/profit-2018-12-26-am,sz.000656,sell,2018-12-26,pm,6.29,6.29,6.25,6.33,6.21,True,True,6.33,6.21,True,False
A1,sz.000656-sell/profit-2019-03-27-am,sz.000656,sell,2019-03-27,pm,7.08,7.08,6.96,7.08,6.44,True,False,7.08,6.44,False,True
A1,sz.002726-buy-2019-07-05-pm,sz.002726,buy,2019-07-08,am,12.25,13.2,12.36,13.200000000000001,12.030000000000001,True,True,12.89,12.03,True,False
A1,sh.600546-sell/profit-2019-07-25-am,sh.600546,sell,2019-07-25,pm,7.14,7.14,7.1,7.140000000000001,6.68,True,True,7.14,6.68,True,True
A1,sh.600546-sell/profit-2019-07-25-pm,sh.600546,sell,2019-07-26,am,7.14,7.04,6.6,7.04,6.6000000000000005,True,False,7.02,6.73,False,True
A1,sz.002465-buy-2019-08-21-pm,sz.002465,buy,2019-08-22,am,9.89,10.15,9.94,10.15,9.94,True,False,10.1,9.99,False,True
A1,sh.600095-buy-2019-09-10-pm,sh.600095,buy,2019-09-11,am,10.54,11.59,10.71,11.59,10.71,True,False,11.59,11.59,False,True
A1,sh.603609-sell/risk-2019-09-26-am,sh.603609,sell,2019-09-26,pm,12.13,12.13,11.91,12.74,11.91,True,True,12.74,12.08,True,False
A1,sh.603222-sell/risk-2019-09-27-am,sh.603222,sell,2019-09-27,pm,42.8,42.78,42.32,44.660000000000004,42.32,True,True,44.66,42.61,True,False
A1,sh.603078-sell/risk-2020-02-03-am,sh.603078,sell,2020-02-03,pm,35.96,35.96,35.96,35.96,35.96,True,False,35.96,35.96,False,True
A1,sh.603308-sell/risk-2020-02-03-am,sh.603308,sell,2020-02-03,pm,14.23,14.23,14.23,14.23,14.23,True,False,14.23,14.23,False,True
A1,sh.603078-sell/risk-2020-02-03-pm,sh.603078,sell,2020-02-04,am,35.96,35.89,32.36,35.89,32.36,True,False,35.57,34.9,False,True
A1,sh.600527-buy-2020-04-14-pm,sh.600527,buy,2020-04-15,am,4.04,4.44,4.31,4.44,4.3100000000000005,True,False,4.44,4.44,False,True
A1,sz.002432-buy-2020-06-12-pm,sz.002432,buy,2020-06-15,am,10.75,11.35,10.8,11.35,10.8,True,False,11.34,11.01,False,True
A1,sh.600216-buy-2020-06-19-pm,sh.600216,buy,2020-06-22,am,18.91,20.5,19.18,20.5,19.18,True,False,20.5,20.15,False,True
A1,sh.600350-buy-2020-07-06-pm,sh.600350,buy,2020-07-07,am,6.54,6.8,6.59,6.92,6.59,True,False,6.92,6.62,False,True
A1,sh.600359-sell/risk-2020-09-03-pm,sh.600359,sell,2020-09-04,am,9.76,9.56,9.3,9.75,9.3,True,False,9.75,9.53,False,True
A1,sz.002438-sell/risk-2020-11-10-pm,sz.002438,sell,2020-11-11,am,11.93,11.91,11.53,11.92,11.53,True,False,11.92,11.65,False,True
A1,sh.603665-sell/risk-2020-12-29-am,sh.603665,sell,2020-12-29,pm,27.13,27.13,27.13,27.13,27.13,True,False,27.13,27.13,False,True
A1,sh.603665-sell/risk-2020-12-29-pm,sh.603665,sell,2020-12-30,am,27.13,24.42,24.42,24.42,24.42,True,False,24.42,24.42,False,True
A1,sh.603665-sell/risk-2020-12-30-am,sh.603665,sell,2020-12-30,pm,24.42,24.42,24.42,24.42,24.42,True,False,24.42,24.42,False,True
A1,sh.603665-sell/risk-2020-12-30-pm,sh.603665,sell,2020-12-31,am,24.42,21.98,21.98,21.98,21.98,True,False,21.98,21.98,False,True
A1,sh.603665-sell/risk-2020-12-31-am,sh.603665,sell,2020-12-31,pm,21.98,21.98,21.98,21.98,21.98,True,False,21.98,21.98,False,True
A2,sz.000548-sell/profit-2015-04-07-am,sz.000548,sell,2015-04-07,pm,12.25,12.25,12.25,12.25,11.950000000000001,True,False,12.25,11.95,False,True
A2,sz.000024-sell/risk-2015-09-24-am,sz.000024,sell,2015-09-24,pm,28.48,28.48,28.48,28.48,28.48,True,False,28.48,28.48,False,True
A2,sh.603088-sell/risk-2015-12-09-pm,sh.603088,sell,2015-12-10,am,51.99,51.33,48.91,51.33,48.47,True,False,50.38,48.47,False,True
A2,sz.002572-buy-2016-04-08-pm,sz.002572,buy,2016-04-11,am,44.5,48.95,44.61,48.95,44.61,True,False,48.95,48.0,False,True
A2,sh.601689-sell/risk-2016-07-27-pm,sh.601689,sell,2016-07-28,am,28.38,28.2,27.52,28.2,27.52,True,False,28.17,27.54,False,True
A2,sh.600848-buy-2016-09-06-pm,sh.600848,buy,2016-09-07,am,22.99,23.98,23.0,24.94,23.0,True,False,24.94,24.01,False,True
A2,sz.000007-buy-2016-11-07-pm,sz.000007,buy,2016-11-08,am,27.9,28.65,28.1,28.650000000000002,28.02,True,False,28.5,28.02,False,True
A2,sz.002647-sell/profit-2016-12-05-am,sz.002647,sell,2016-12-05,pm,64.01,64.0,63.0,64.28,60.96,True,True,64.28,60.96,True,False
A2,sh.600228-sell/profit-2016-12-16-pm,sh.600228,sell,2016-12-19,am,19.04,18.84,18.1,18.84,17.7,True,False,18.4,17.7,False,True
A2,sz.002411-sell/risk-2017-08-11-am,sz.002411,sell,2017-08-11,pm,25.51,25.51,24.7,25.85,24.7,True,True,25.85,25.39,True,False
A2,sh.600773-buy-2017-09-13-pm,sh.600773,buy,2017-09-14,am,15.3,16.45,15.57,16.45,15.57,True,False,16.4,15.66,False,True
A2,sz.000735-buy-2018-01-26-pm,sz.000735,buy,2018-01-29,am,9.37,10.3,9.4,10.3,9.4,True,False,9.91,9.6,False,True
A2,sz.000810-sell/risk-2018-08-03-pm,sz.000810,sell,2018-08-06,am,7.8,7.79,7.06,7.79,7.0600000000000005,True,False,7.35,7.1,False,True
A2,sz.000656-buy-2018-09-06-pm,sz.000656,buy,2018-09-07,am,5.29,5.39,5.29,5.4,5.29,True,False,5.4,5.32,False,True
A2,sz.002726-sell/risk-2019-07-22-am,sz.002726,sell,2019-07-22,pm,10.72,10.72,10.72,10.93,10.72,True,True,10.93,10.72,True,False
A2,sz.002726-sell/risk-2019-07-22-pm,sz.002726,sell,2019-07-23,am,10.72,10.14,9.65,10.14,9.65,True,False,10.1,9.65,False,True
A2,sh.600546-sell/risk-2019-07-25-am,sh.600546,sell,2019-07-25,pm,7.14,7.14,7.1,7.140000000000001,6.68,True,True,7.14,6.68,True,True
A2,sh.600546-sell/risk-2019-07-25-pm,sh.600546,sell,2019-07-26,am,7.14,7.04,6.6,7.04,6.6000000000000005,True,False,7.02,6.73,False,True
A2,sh.601066-sell/profit-2020-03-05-am,sh.601066,sell,2020-03-05,pm,38.89,38.89,38.1,38.89,35.7,True,False,38.89,35.7,False,True
A2,sh.601066-sell/risk-2020-03-05-pm,sh.601066,sell,2020-03-06,am,38.89,38.46,36.2,38.46,36.1,True,False,37.01,36.1,False,True
A2,sh.600527-buy-2020-04-20-pm,sh.600527,buy,2020-04-21,am,4.64,5.1,4.71,5.1000000000000005,4.44,True,True,5.04,4.44,True,False
A2,sh.600216-buy-2020-06-30-pm,sh.600216,buy,2020-07-01,am,19.26,19.89,19.26,19.89,19.03,True,True,19.44,19.03,True,False
A2,sh.600051-buy-2020-07-03-pm,sh.600051,buy,2020-07-06,am,9.85,10.38,9.88,10.38,9.88,True,False,10.37,10.22,False,True
A2,sz.000903-sell/risk-2020-08-26-pm,sz.000903,sell,2020-08-27,am,6.24,6.24,6.07,6.26,6.07,True,True,6.26,6.18,True,False
A2,sz.000576-buy-2020-10-16-pm,sz.000576,buy,2020-10-19,am,12.43,13.05,12.5,13.05,12.5,True,False,12.78,12.54,False,True
A2,sh.600363-sell/risk-2020-12-09-am,sh.600363,sell,2020-12-09,pm,24.6,24.6,24.4,27.14,24.400000000000002,True,True,27.14,24.4,True,False
A2,sh.600363-sell/risk-2020-12-09-pm,sh.600363,sell,2020-12-10,am,24.4,24.16,22.91,24.16,22.91,True,False,23.95,23.37,False,True
A2,sh.603665-sell/risk-2020-12-29-am,sh.603665,sell,2020-12-29,pm,27.13,27.13,27.13,27.13,27.13,True,False,27.13,27.13,False,True
A2,sh.603665-sell/risk-2020-12-29-pm,sh.603665,sell,2020-12-30,am,27.13,24.42,24.42,24.42,24.42,True,False,24.42,24.42,False,True
A2,sh.603665-sell/risk-2020-12-30-am,sh.603665,sell,2020-12-30,pm,24.42,24.42,24.42,24.42,24.42,True,False,24.42,24.42,False,True
A2,sh.603665-sell/risk-2020-12-30-pm,sh.603665,sell,2020-12-31,am,24.42,21.98,21.98,21.98,21.98,True,False,21.98,21.98,False,True
A2,sh.603665-sell/risk-2020-12-31-am,sh.603665,sell,2020-12-31,pm,21.98,21.98,21.98,21.98,21.98,True,False,21.98,21.98,False,True
B1,sz.002099-buy-2019-04-10-am,sz.002099,buy,2019-04-10,pm,10.69,10.69,10.69,10.69,9.63,True,True,10.69,9.63,True,False
B1,sz.002099-buy-2019-04-10-pm,sz.002099,buy,2019-04-11,am,10.69,11.76,10.76,11.76,10.3,True,True,11.39,10.3,True,False
B1,sz.002079-sell/risk-2019-05-06-am,sz.002079,sell,2019-05-06,pm,5.99,5.98,5.85,6.34,5.8500000000000005,True,True,6.34,5.95,True,False
B1,sz.002182-buy-2019-07-10-am,sz.002182,buy,2019-07-10,pm,7.87,8.07,7.87,8.07,7.8,True,True,7.98,7.8,True,False
B1,sz.002299-sell/risk-2020-01-21-am,sz.002299,sell,2020-01-21,pm,22.33,22.33,22.1,23.0,22.1,True,True,23.0,22.25,True,False
B1,sz.002299-sell/risk-2020-01-21-pm,sz.002299,sell,2020-01-22,am,22.12,21.9,20.87,22.05,20.87,True,False,22.05,21.5,False,True
B1,sz.002903-buy-2020-01-22-am,sz.002903,buy,2020-01-22,pm,14.32,14.54,14.32,14.64,13.97,True,True,14.64,13.97,True,False
B1,sz.002184-buy-2020-02-03-am,sz.002184,buy,2020-02-03,pm,9.7,9.7,9.7,9.700000000000001,9.700000000000001,True,False,9.7,9.7,False,True
B1,sz.002182-sell/risk-2020-02-03-am,sz.002182,sell,2020-02-03,pm,9.46,9.46,9.46,9.46,9.46,True,False,9.46,9.46,False,True
B1,sz.002489-sell/risk-2020-02-03-am,sz.002489,sell,2020-02-03,pm,4.3,4.3,4.3,4.3,4.3,True,False,4.3,4.3,False,True
B1,sz.002903-sell/risk-2020-02-03-am,sz.002903,sell,2020-02-03,pm,12.47,12.47,12.47,12.47,12.47,True,False,12.47,12.47,False,True
B1,sz.002489-sell/risk-2020-02-03-pm,sz.002489,sell,2020-02-04,am,4.3,4.15,3.87,4.15,3.87,True,False,4.02,3.9,False,True
B1,sz.002903-sell/risk-2020-02-03-pm,sz.002903,sell,2020-02-04,am,12.47,11.87,11.22,11.870000000000001,11.22,True,False,11.75,11.58,False,True
B1,sz.002429-buy-2020-02-04-am,sz.002429,buy,2020-02-04,pm,3.73,3.85,3.73,3.85,3.5,True,True,3.77,3.5,True,False
B1,sz.002184-sell/profit-2020-02-24-am,sz.002184,sell,2020-02-24,pm,12.44,12.44,12.44,12.44,12.1,True,False,12.44,12.1,False,True
B1,sz.002184-sell/profit-2020-02-25-pm,sz.002184,sell,2020-02-26,am,13.24,12.77,12.23,12.77,11.92,True,False,12.62,11.92,False,True
B1,sz.002409-buy-2020-03-13-am,sz.002409,buy,2020-03-13,pm,35.97,37.2,35.97,37.49,32.910000000000004,True,True,37.49,32.91,True,False
B1,sz.002312-buy-2020-04-16-am,sz.002312,buy,2020-04-16,pm,4.58,4.64,4.58,4.66,4.5,True,True,4.66,4.5,True,False
B1,sz.002702-sell/risk-2020-07-30-am,sz.002702,sell,2020-07-30,pm,9.35,9.35,9.0,9.42,8.55,True,True,9.42,8.55,True,False
B1,sz.002919-sell/risk-2020-11-11-am,sz.002919,sell,2020-11-11,pm,42.8,42.8,42.8,42.800000000000004,42.800000000000004,True,True,42.8,42.8,True,True
B1,sz.002919-sell/risk-2020-11-11-pm,sz.002919,sell,2020-11-12,am,42.8,38.52,38.52,44.77,38.52,True,True,44.77,38.52,True,False
B2,sz.002234-buy-2019-03-06-pm,sz.002234,buy,2019-03-07,am,27.89,30.49,28.06,30.68,28.060000000000002,True,False,30.68,29.6,False,True
B2,sz.002458-sell/profit-2019-03-12-am,sz.002458,sell,2019-03-12,pm,49.8,49.8,49.8,49.800000000000004,46.0,True,True,49.8,46.0,True,True
B2,sz.002181-buy-2019-03-12-pm,sz.002181,buy,2019-03-13,am,6.32,6.95,6.39,6.95,6.390000000000001,True,False,6.95,6.52,False,True
B2,sz.002648-sell/profit-2019-04-08-am,sz.002648,sell,2019-04-08,pm,19.72,19.72,19.72,19.72,19.72,True,False,19.72,19.72,False,True
B2,sz.002648-sell/profit-2019-04-17-am,sz.002648,sell,2019-04-17,pm,19.95,19.95,19.61,19.95,17.82,True,False,19.95,17.82,False,True
B2,sz.002695-sell/risk-2019-05-08-pm,sz.002695,sell,2019-05-09,am,14.36,13.59,12.92,13.59,12.92,True,False,13.26,12.92,False,True
B2,sh.603508-buy-2019-05-09-pm,sh.603508,buy,2019-05-10,am,55.5,60.99,56.49,61.0,56.49,True,False,61.0,57.1,False,True
B2,sz.002463-sell/risk-2019-07-25-am,sz.002463,sell,2019-07-25,pm,16.43,16.42,15.93,16.580000000000002,15.02,True,True,16.58,15.02,True,False
B2,sh.600988-buy-2019-08-02-pm,sh.600988,buy,2019-08-05,am,5.51,5.98,5.59,6.0,5.59,True,False,6.0,5.88,False,True
B2,sz.002214-buy-2019-08-16-pm,sz.002214,buy,2019-08-19,am,9.67,10.03,9.76,10.07,9.76,True,False,10.07,9.95,False,True
B2,sz.000739-buy-2019-10-11-pm,sz.000739,buy,2019-10-14,am,12.95,13.28,12.97,13.280000000000001,12.84,True,True,13.15,12.84,True,False
B2,sz.000739-sell/profit-2019-11-11-am,sz.000739,sell,2019-11-11,pm,12.36,12.36,11.83,12.6,11.83,True,True,12.6,12.3,True,False
B2,sh.600063-sell/profit-2019-11-14-am,sh.600063,sell,2019-11-14,pm,3.43,3.43,3.4,3.43,3.39,True,False,3.43,3.39,False,True
B2,sz.002299-sell/risk-2020-01-21-am,sz.002299,sell,2020-01-21,pm,22.33,22.33,22.1,23.0,22.1,True,True,23.0,22.25,True,False
B2,sz.002299-sell/risk-2020-01-21-pm,sz.002299,sell,2020-01-22,am,22.12,21.9,20.87,22.05,20.87,True,False,22.05,21.5,False,True
B2,sz.000672-sell/risk-2020-01-23-pm,sz.000672,sell,2020-02-03,am,17.26,15.8,15.53,15.8,15.530000000000001,True,False,15.8,15.53,False,True
B2,sh.600846-sell/risk-2020-02-03-am,sh.600846,sell,2020-02-03,pm,8.3,8.3,8.3,8.3,8.3,True,False,8.3,8.3,False,True
B2,sz.002476-sell/risk-2020-02-03-am,sz.002476,sell,2020-02-03,pm,5.64,5.64,5.64,5.64,5.64,True,False,5.64,5.64,False,True
B2,sh.600745-buy-2020-02-03-pm,sh.600745,buy,2020-02-04,am,112.5,120.51,112.53,122.87,112.53,True,False,122.87,118.5,False,True
B2,sh.600846-sell/risk-2020-02-03-pm,sh.600846,sell,2020-02-04,am,8.3,8.14,7.49,8.14,7.49,True,False,8.12,7.92,False,True
B2,sz.002476-sell/risk-2020-02-03-pm,sz.002476,sell,2020-02-04,am,5.64,5.45,5.08,5.45,5.08,True,False,5.37,5.26,False,True
B2,sh.600521-buy-2020-02-05-pm,sh.600521,buy,2020-02-06,am,18.8,20.68,20.02,20.68,20.02,True,False,20.68,20.68,False,True
B2,sh.603456-sell/risk-2020-02-11-am,sh.603456,sell,2020-02-11,pm,18.13,18.13,18.13,18.13,18.13,True,False,18.13,18.13,False,True
B2,sh.603456-sell/risk-2020-02-11-pm,sh.603456,sell,2020-02-12,am,18.13,17.94,16.32,17.98,16.32,True,False,17.98,17.15,False,True
B2,sz.000987-buy-2020-04-03-pm,sz.000987,buy,2020-04-07,am,9.14,9.53,9.23,9.540000000000001,9.23,True,False,9.54,9.36,False,True
B2,sz.002734-sell/profit-2020-05-11-am,sz.002734,sell,2020-05-11,pm,17.61,17.61,17.4,18.080000000000002,17.400000000000002,True,True,18.08,17.6,True,False
B2,sz.002734-sell/profit-2020-05-11-pm,sz.002734,sell,2020-05-12,am,17.5,17.5,17.09,17.5,17.09,True,False,17.39,17.09,False,True
B2,sz.002585-sell/risk-2020-07-13-pm,sz.002585,sell,2020-07-14,am,8.89,8.85,8.34,8.85,8.34,True,False,8.65,8.36,False,True
B2,sz.000529-buy-2020-08-28-pm,sz.000529,buy,2020-08-31,am,9.35,9.8,9.36,9.8,9.36,True,False,9.7,9.48,False,True
