2026-09-17 19:35:15,105 INFO INFO mode=funds batch=20260917-r1 window=20150101..20241231 sleep=0.70s budget=10min run_dir=artifacts\runs\20260917T193157-tushare-fund-batch-c48f2d
2026-09-17 19:35:15,106 INFO INFO token source: tushare-token (content never logged)
2026-09-17 19:35:16,130 INFO INFO universe: 1169 ETF (from data\raw\tushare\fund_basic\20260909-r1\chunk_market_E.csv, filter market=E + name~ETF + list<=20241231 + delist>=20150101)
2026-09-17 19:35:16,130 INFO INFO --limit: only first 3 ETF this pass
2026-09-17 19:35:16,678 INFO INFO [fund_daily 1/3] 159001.SZ rows=2430 span=20150105..20241231 attempts=1
2026-09-17 19:35:17,939 INFO INFO [fund_daily 2/3] 159003.SZ rows=2430 span=20150105..20241231 attempts=1
2026-09-17 19:35:19,415 INFO INFO [fund_daily 3/3] 159005.SZ rows=2424 span=20150113..20241231 attempts=1
2026-09-17 19:35:20,142 INFO INFO fund_daily batch 20260917-r1 done: new=3 skipped(resumed)=0 failed=0 status=completed
2026-09-17 19:35:20,443 INFO INFO [fund_adj 1/3] 159001.SZ rows=2431 span=20150105..20241231 attempts=1
2026-09-17 19:35:21,504 INFO INFO [fund_adj 2/3] 159003.SZ rows=2431 span=20150105..20241231 attempts=1
2026-09-17 19:35:22,973 INFO INFO [fund_adj 3/3] 159005.SZ rows=2425 span=20150113..20241231 attempts=1
2026-09-17 19:35:23,774 INFO INFO fund_adj batch 20260917-r1 done: new=3 skipped(resumed)=0 failed=0 status=completed
2026-09-17 19:35:39,899 INFO INFO mode=funds batch=20260917-r1 window=20150101..20241231 sleep=0.70s budget=150min run_dir=artifacts\runs\20260917T193157-tushare-fund-batch-c48f2d
2026-09-17 19:35:39,899 INFO INFO token source: tushare-token (content never logged)
2026-09-17 19:35:40,537 INFO INFO universe: 1169 ETF (from data\raw\tushare\fund_basic\20260909-r1\chunk_market_E.csv, filter market=E + name~ETF + list<=20241231 + delist>=20150101)
2026-09-17 19:35:40,874 INFO INFO [fund_daily 4/1169] 159150.SZ rows=257 span=20231211..20241231 attempts=1
2026-09-17 19:35:41,928 INFO INFO [fund_daily 5/1169] 159300.SZ rows=142 span=20240605..20241231 attempts=1
2026-09-17 19:35:42,968 INFO INFO [fund_daily 6/1169] 159301.SZ rows=110 span=20240722..20241231 attempts=1
2026-09-17 19:35:43,941 INFO INFO [fund_daily 7/1169] 159302.SZ rows=80 span=20240902..20241231 attempts=1
2026-09-17 19:35:45,387 INFO INFO [fund_daily 8/1169] 159303.SZ rows=127 span=20240627..20241231 attempts=1
2026-09-17 19:35:46,402 INFO INFO [fund_daily 9/1169] 159305.SZ rows=63 span=20240927..20241231 attempts=1
2026-09-17 19:35:47,427 INFO INFO [fund_daily 10/1169] 159306.SZ rows=158 span=20240514..20241231 attempts=1
2026-09-17 19:35:49,076 INFO INFO [fund_daily 11/1169] 159307.SZ rows=168 span=20240425..20241231 attempts=1
2026-09-17 19:35:50,242 INFO INFO [fund_daily 12/1169] 159309.SZ rows=134 span=20240618..20241231 attempts=1
2026-09-17 19:35:51,521 INFO INFO [fund_daily 13/1169] 159310.SZ rows=165 span=20240430..20241231 attempts=1
2026-09-17 19:35:52,541 INFO INFO [fund_daily 14/1169] 159312.SZ rows=38 span=20241108..20241231 attempts=1
2026-09-17 19:35:54,027 INFO INFO [fund_daily 15/1169] 159315.SZ rows=136 span=20240614..20241231 attempts=1
2026-09-17 19:35:55,103 INFO INFO [fund_daily 16/1169] 159318.SZ rows=131 span=20240621..20241231 attempts=1
2026-09-17 19:35:56,356 INFO INFO [fund_daily 17/1169] 159320.SZ rows=6 span=20241224..20241231 attempts=1
2026-09-17 19:35:57,558 INFO INFO [fund_daily 18/1169] 159321.SZ rows=149 span=20240527..20241231 attempts=1
2026-09-17 19:35:58,585 INFO INFO [fund_daily 19/1169] 159322.SZ rows=136 span=20240614..20241231 attempts=1
2026-09-17 19:35:59,605 INFO INFO [fund_daily 20/1169] 159325.SZ rows=38 span=20241108..20241231 attempts=1
2026-09-17 19:36:00,628 INFO INFO [fund_daily 21/1169] 159326.SZ rows=75 span=20240909..20241231 attempts=1
2026-09-17 19:36:01,693 INFO INFO [fund_daily 22/1169] 159327.SZ rows=100 span=20240805..20241231 attempts=1
2026-09-17 19:36:02,716 INFO INFO [fund_daily 23/1169] 159328.SZ rows=33 span=20241115..20241231 attempts=1
2026-09-17 19:36:04,047 INFO INFO [fund_daily 24/1169] 159329.SZ rows=114 span=20240716..20241231 attempts=1
2026-09-17 19:36:05,382 INFO INFO [fund_daily 25/1169] 159330.SZ rows=90 span=20240819..20241231 attempts=1
2026-09-17 19:36:06,393 INFO INFO [fund_daily 26/1169] 159331.SZ rows=102 span=20240801..20241231 attempts=1
2026-09-17 19:36:07,592 INFO INFO [fund_daily 27/1169] 159332.SZ rows=102 span=20240801..20241231 attempts=1
2026-09-17 19:36:09,540 INFO INFO [fund_daily 28/1169] 159333.SZ rows=79 span=20240903..20241231 attempts=1
2026-09-17 19:36:11,018 INFO INFO [fund_daily 29/1169] 159335.SZ rows=77 span=20240905..20241231 attempts=1
2026-09-17 19:36:12,300 INFO INFO [fund_daily 30/1169] 159337.SZ rows=68 span=20240920..20241231 attempts=1
2026-09-17 19:36:13,332 INFO INFO [fund_daily 31/1169] 159338.SZ rows=56 span=20241015..20241231 attempts=1
2026-09-17 19:36:14,658 INFO INFO [fund_daily 32/1169] 159339.SZ rows=56 span=20241015..20241231 attempts=1
2026-09-17 19:36:15,726 INFO INFO [fund_daily 33/1169] 159350.SZ rows=257 span=20231211..20241231 attempts=1
2026-09-17 19:36:16,755 INFO INFO [fund_daily 34/1169] 159351.SZ rows=56 span=20241015..20241231 attempts=1
2026-09-17 19:36:18,665 INFO INFO [fund_daily 35/1169] 159352.SZ rows=56 span=20241015..20241231 attempts=1
2026-09-17 19:36:19,686 INFO INFO [fund_daily 36/1169] 159353.SZ rows=56 span=20241015..20241231 attempts=1
2026-09-17 19:36:20,704 INFO INFO [fund_daily 37/1169] 159355.SZ rows=21 span=20241203..20241231 attempts=1
2026-09-17 19:36:21,777 INFO INFO [fund_daily 38/1169] 159356.SZ rows=18 span=20241206..20241231 attempts=1
2026-09-17 19:36:23,100 INFO INFO [fund_daily 39/1169] 159357.SZ rows=24 span=20241128..20241231 attempts=1
2026-09-17 19:36:24,185 INFO INFO [fund_daily 40/1169] 159358.SZ rows=23 span=20241129..20241231 attempts=1
2026-09-17 19:36:25,516 INFO INFO [fund_daily 41/1169] 159359.SZ rows=22 span=20241202..20241231 attempts=1
2026-09-17 19:36:26,660 INFO INFO [fund_daily 42/1169] 159360.SZ rows=24 span=20241128..20241231 attempts=1
2026-09-17 19:36:27,668 INFO INFO [fund_daily 43/1169] 159361.SZ rows=31 span=20241119..20241231 attempts=1
2026-09-17 19:36:28,893 INFO INFO [fund_daily 44/1169] 159362.SZ rows=22 span=20241202..20241231 attempts=1
2026-09-17 19:36:29,864 INFO INFO [fund_daily 45/1169] 159363.SZ rows=12 span=20241216..20241231 attempts=1
2026-09-17 19:36:30,986 INFO INFO [fund_daily 46/1169] 159501.SZ rows=377 span=20230614..20241231 attempts=1
2026-09-17 19:36:33,202 INFO INFO [fund_daily 47/1169] 159502.SZ rows=236 span=20240110..20241231 attempts=1
2026-09-17 19:36:34,318 INFO INFO [fund_daily 48/1169] 159503.SZ rows=237 span=20230720..20240711 attempts=1
2026-09-17 19:36:35,344 INFO INFO [fund_daily 49/1169] 159505.SZ rows=261 span=20231204..20241230 attempts=1
2026-09-17 19:36:36,427 INFO INFO [fund_daily 50/1169] 159506.SZ rows=366 span=20230703..20241231 attempts=1
2026-09-17 19:36:37,601 INFO INFO [fund_daily 51/1169] 159507.SZ rows=372 span=20230621..20241231 attempts=1
2026-09-17 19:36:38,660 INFO INFO [fund_daily 52/1169] 159508.SZ rows=357 span=20230714..20241231 attempts=1
2026-09-17 19:36:40,975 INFO INFO [fund_daily 53/1169] 159509.SZ rows=340 span=20230808..20241231 attempts=1
2026-09-17 19:36:42,039 INFO INFO [fund_daily 54/1169] 159510.SZ rows=334 span=20230816..20241231 attempts=1
2026-09-17 19:36:43,270 INFO INFO [fund_daily 55/1169] 159511.SZ rows=341 span=20230807..20241231 attempts=1
2026-09-17 19:36:44,868 INFO INFO [fund_daily 56/1169] 159512.SZ rows=350 span=20230725..20241231 attempts=1
2026-09-17 19:36:46,141 INFO INFO [fund_daily 57/1169] 159513.SZ rows=347 span=20230728..20241231 attempts=1
2026-09-17 19:36:47,180 INFO INFO [fund_daily 58/1169] 159515.SZ rows=319 span=20230906..20241231 attempts=1
2026-09-17 19:36:48,355 INFO INFO [fund_daily 59/1169] 159516.SZ rows=348 span=20230727..20241231 attempts=1
2026-09-17 19:36:49,483 INFO INFO [fund_daily 60/1169] 159517.SZ rows=319 span=20230905..20241231 attempts=1
2026-09-17 19:36:50,633 INFO INFO [fund_daily 61/1169] 159518.SZ rows=275 span=20231115..20241231 attempts=1
2026-09-17 19:36:52,038 INFO INFO [fund_daily 62/1169] 159519.SZ rows=323 span=20230831..20241231 attempts=1
2026-09-17 19:36:53,101 INFO INFO [fund_daily 63/1169] 159520.SZ rows=286 span=20231031..20241231 attempts=1
2026-09-17 19:36:54,390 INFO INFO [fund_daily 64/1169] 159521.SZ rows=318 span=20230907..20241231 attempts=1
2026-09-17 19:36:55,455 INFO INFO [fund_daily 65/1169] 159522.SZ rows=208 span=20231016..20240819 attempts=1
2026-09-17 19:36:56,493 INFO INFO [fund_daily 66/1169] 159523.SZ rows=310 span=20230919..20241231 attempts=1
2026-09-17 19:36:57,873 INFO INFO [fund_daily 67/1169] 159525.SZ rows=154 span=20240520..20241231 attempts=1
2026-09-17 19:36:58,897 INFO INFO [fund_daily 68/1169] 159526.SZ rows=169 span=20240424..20241231 attempts=1
2026-09-17 19:36:59,854 INFO INFO [fund_daily 69/1169] 159527.SZ rows=219 span=20240201..20241231 attempts=1
2026-09-17 19:37:00,841 INFO INFO [fund_daily 70/1169] 159528.SZ rows=154 span=20240520..20241231 attempts=1
2026-09-17 19:37:02,173 INFO INFO [fund_daily 71/1169] 159529.SZ rows=219 span=20240202..20241231 attempts=1
2026-09-17 19:37:03,224 INFO INFO [fund_daily 72/1169] 159530.SZ rows=230 span=20240118..20241231 attempts=1
2026-09-17 19:37:04,363 INFO INFO [fund_daily 73/1169] 159531.SZ rows=311 span=20230918..20241231 attempts=1
2026-09-17 19:37:05,398 INFO INFO [fund_daily 74/1169] 159532.SZ rows=308 span=20230921..20241231 attempts=1
2026-09-17 19:37:07,293 INFO INFO [fund_daily 75/1169] 159533.SZ rows=139 span=20240607..20241230 attempts=1
2026-09-17 19:37:08,420 INFO INFO [fund_daily 76/1169] 159535.SZ rows=307 span=20230922..20241231 attempts=1
2026-09-17 19:37:09,687 INFO INFO [fund_daily 77/1169] 159536.SZ rows=308 span=20230921..20241231 attempts=1
2026-09-17 19:37:11,020 INFO INFO [fund_daily 78/1169] 159537.SZ rows=300 span=20231010..20241231 attempts=1
2026-09-17 19:37:12,215 INFO INFO [fund_daily 79/1169] 159538.SZ rows=306 span=20230922..20241231 attempts=1
2026-09-17 19:37:13,368 INFO INFO [fund_daily 80/1169] 159539.SZ rows=302 span=20230928..20241231 attempts=1
2026-09-17 19:37:14,666 INFO INFO [fund_daily 81/1169] 159540.SZ rows=303 span=20230928..20241231 attempts=1
2026-09-17 19:37:15,727 INFO INFO [fund_daily 82/1169] 159541.SZ rows=286 span=20231031..20241231 attempts=1
2026-09-17 19:37:16,819 INFO INFO [fund_daily 83/1169] 159542.SZ rows=140 span=20240607..20241231 attempts=1
2026-09-17 19:37:17,942 INFO INFO [fund_daily 84/1169] 159543.SZ rows=272 span=20231120..20241231 attempts=1
2026-09-17 19:37:18,967 INFO INFO [fund_daily 85/1169] 159545.SZ rows=176 span=20240415..20241231 attempts=1
2026-09-17 19:37:20,099 INFO INFO [fund_daily 86/1169] 159546.SZ rows=293 span=20231020..20241231 attempts=1
2026-09-17 19:37:21,249 INFO INFO [fund_daily 87/1169] 159547.SZ rows=216 span=20240206..20241231 attempts=1
2026-09-17 19:37:22,549 INFO INFO [fund_daily 88/1169] 159549.SZ rows=257 span=20231211..20241231 attempts=1
2026-09-17 19:37:23,911 INFO INFO [fund_daily 89/1169] 159551.SZ rows=274 span=20231116..20241231 attempts=1
2026-09-17 19:37:24,928 INFO INFO [fund_daily 90/1169] 159552.SZ rows=126 span=20240628..20241231 attempts=1
2026-09-17 19:37:25,929 INFO INFO [fund_daily 91/1169] 159553.SZ rows=175 span=20240415..20241231 attempts=1
2026-09-17 19:37:26,977 INFO INFO [fund_daily 92/1169] 159555.SZ rows=256 span=20231212..20241231 attempts=1
2026-09-17 19:37:28,422 INFO INFO [fund_daily 93/1169] 159556.SZ rows=236 span=20240110..20241231 attempts=1
2026-09-17 19:37:29,965 INFO INFO [fund_daily 94/1169] 159557.SZ rows=152 span=20240522..20241231 attempts=1
2026-09-17 19:37:30,953 INFO INFO [fund_daily 95/1169] 159558.SZ rows=134 span=20240618..20241231 attempts=1
2026-09-17 19:37:32,176 INFO INFO [fund_daily 96/1169] 159559.SZ rows=256 span=20231212..20241231 attempts=1
2026-09-17 19:37:33,338 INFO INFO [fund_daily 97/1169] 159560.SZ rows=272 span=20231120..20241231 attempts=1
2026-09-17 19:37:34,436 INFO INFO [fund_daily 98/1169] 159561.SZ rows=165 span=20240430..20241231 attempts=1
2026-09-17 19:37:35,658 INFO INFO [fund_daily 99/1169] 159562.SZ rows=228 span=20240122..20241231 attempts=1
2026-09-17 19:37:37,003 INFO INFO [fund_daily 100/1169] 159563.SZ rows=209 span=20240223..20241231 attempts=1
2026-09-17 19:37:38,430 INFO INFO [fund_daily 101/1169] 159565.SZ rows=209 span=20240226..20241231 attempts=1
2026-09-17 19:37:39,756 INFO INFO [fund_daily 102/1169] 159566.SZ rows=215 span=20240208..20241231 attempts=1
2026-09-17 19:37:40,796 INFO INFO [fund_daily 103/1169] 159567.SZ rows=235 span=20240111..20241231 attempts=1
2026-09-17 19:37:41,835 INFO INFO [fund_daily 104/1169] 159568.SZ rows=208 span=20240227..20241231 attempts=1
2026-09-17 19:37:43,474 INFO INFO [fund_daily 105/1169] 159569.SZ rows=87 span=20240822..20241231 attempts=1
2026-09-17 19:37:44,773 INFO INFO [fund_daily 106/1169] 159570.SZ rows=228 span=20240122..20241231 attempts=1
2026-09-17 19:37:46,112 INFO INFO [fund_daily 107/1169] 159571.SZ rows=242 span=20240102..20241231 attempts=1
2026-09-17 19:37:47,388 INFO INFO [fund_daily 108/1169] 159572.SZ rows=247 span=20231225..20241231 attempts=1
2026-09-17 19:37:49,523 INFO INFO [fund_daily 109/1169] 159573.SZ rows=247 span=20231225..20241231 attempts=1
2026-09-17 19:37:51,132 INFO INFO [fund_daily 110/1169] 159575.SZ rows=242 span=20240102..20241231 attempts=1
2026-09-17 19:37:52,257 INFO INFO [fund_daily 111/1169] 159576.SZ rows=241 span=20240103..20241231 attempts=1
2026-09-17 19:37:53,313 INFO INFO [fund_daily 112/1169] 159577.SZ rows=210 span=20240223..20241231 attempts=1
2026-09-17 19:37:54,508 INFO INFO [fund_daily 113/1169] 159578.SZ rows=140 span=20240607..20241231 attempts=1
2026-09-17 19:37:55,938 INFO INFO [fund_daily 114/1169] 159579.SZ rows=111 span=20240719..20241231 attempts=1
2026-09-17 19:37:56,963 INFO INFO [fund_daily 115/1169] 159581.SZ rows=195 span=20240315..20241231 attempts=1
2026-09-17 19:37:58,194 INFO INFO [fund_daily 116/1169] 159582.SZ rows=175 span=20240416..20241231 attempts=1
2026-09-17 19:37:59,249 INFO INFO [fund_daily 117/1169] 159583.SZ rows=120 span=20240708..20241231 attempts=1
2026-09-17 19:38:00,575 INFO INFO [fund_daily 118/1169] 159586.SZ rows=194 span=20240315..20241231 attempts=1
2026-09-17 19:38:01,609 INFO INFO [fund_daily 119/1169] 159587.SZ rows=88 span=20240821..20241231 attempts=1
2026-09-17 19:38:02,691 INFO INFO [fund_daily 120/1169] 159588.SZ rows=145 span=20240531..20241231 attempts=1
2026-09-17 19:38:03,854 INFO INFO [fund_daily 121/1169] 159589.SZ rows=187 span=20240326..20241231 attempts=1
2026-09-17 19:38:04,861 INFO INFO [fund_daily 122/1169] 159590.SZ rows=40 span=20241106..20241231 attempts=1
2026-09-17 19:38:06,283 INFO INFO [fund_daily 123/1169] 159591.SZ rows=194 span=20240318..20241231 attempts=1
2026-09-17 19:38:08,224 INFO INFO [fund_daily 124/1169] 159592.SZ rows=194 span=20240318..20241231 attempts=1
2026-09-17 19:38:09,387 INFO INFO [fund_daily 125/1169] 159593.SZ rows=198 span=20240312..20241231 attempts=1
2026-09-17 19:38:10,479 INFO INFO [fund_daily 126/1169] 159595.SZ rows=194 span=20240318..20241231 attempts=1
2026-09-17 19:38:11,849 INFO INFO [fund_daily 127/1169] 159596.SZ rows=194 span=20240318..20241231 attempts=1
2026-09-17 19:38:12,938 INFO INFO [fund_daily 128/1169] 159597.SZ rows=149 span=20240527..20241231 attempts=1
2026-09-17 19:38:14,289 INFO INFO [fund_daily 129/1169] 159599.SZ rows=162 span=20240508..20241231 attempts=1
2026-09-17 19:38:15,507 INFO INFO [fund_daily 130/1169] 159601.SZ rows=766 span=20211108..20241231 attempts=1
2026-09-17 19:38:16,732 INFO INFO [fund_daily 131/1169] 159602.SZ rows=766 span=20211108..20241231 attempts=1
2026-09-17 19:38:17,951 INFO INFO [fund_daily 132/1169] 159603.SZ rows=626 span=20220608..20241231 attempts=1
2026-09-17 19:38:19,189 INFO INFO [fund_daily 133/1169] 159605.SZ rows=748 span=20211202..20241231 attempts=1
2026-09-17 19:38:20,520 INFO INFO [fund_daily 134/1169] 159606.SZ rows=729 span=20211229..20241231 attempts=1
2026-09-17 19:38:22,460 INFO INFO [fund_daily 135/1169] 159607.SZ rows=748 span=20211202..20241231 attempts=1
2026-09-17 19:38:23,690 INFO INFO [fund_daily 136/1169] 159608.SZ rows=733 span=20211223..20241231 attempts=1
2026-09-17 19:38:24,912 INFO INFO [fund_daily 137/1169] 159609.SZ rows=604 span=20220708..20241231 attempts=1
2026-09-17 19:38:26,068 INFO INFO [fund_daily 138/1169] 159610.SZ rows=722 span=20220110..20241231 attempts=1
2026-09-17 19:38:27,576 INFO INFO [fund_daily 139/1169] 159611.SZ rows=723 span=20220107..20241231 attempts=1
2026-09-17 19:38:28,646 INFO INFO [fund_daily 140/1169] 159612.SZ rows=638 span=20220520..20241231 attempts=1
2026-09-17 19:38:29,760 INFO INFO [fund_daily 141/1169] 159613.SZ rows=709 span=20220127..20241231 attempts=1
2026-09-17 19:38:30,862 INFO INFO [fund_daily 142/1169] 159615.SZ rows=612 span=20220628..20241231 attempts=1
2026-09-17 19:38:32,020 INFO INFO [fund_daily 143/1169] 159616.SZ rows=583 span=20220808..20241231 attempts=1
2026-09-17 19:38:33,153 INFO INFO [fund_daily 144/1169] 159617.SZ rows=610 span=20220630..20241231 attempts=1
2026-09-17 19:38:34,365 INFO INFO [fund_daily 145/1169] 159618.SZ rows=655 span=20220422..20241231 attempts=1
2026-09-17 19:38:35,903 INFO INFO [fund_daily 146/1169] 159619.SZ rows=698 span=20220218..20241231 attempts=1
2026-09-17 19:38:37,361 INFO INFO [fund_daily 147/1169] 159620.SZ rows=583 span=20220805..20241231 attempts=1
2026-09-17 19:38:38,527 INFO INFO [fund_daily 148/1169] 159621.SZ rows=558 span=20220909..20241231 attempts=1
2026-09-17 19:38:40,068 INFO INFO [fund_daily 149/1169] 159622.SZ rows=403 span=20230509..20241231 attempts=1
2026-09-17 19:38:41,557 INFO INFO [fund_daily 150/1169] 159623.SZ rows=559 span=20220909..20241231 attempts=1
2026-09-17 19:38:42,737 INFO INFO [fund_daily 151/1169] 159625.SZ rows=650 span=20220429..20241231 attempts=1
2026-09-17 19:38:44,084 INFO INFO [fund_daily 152/1169] 159627.SZ rows=506 span=20221130..20241231 attempts=1
2026-09-17 19:38:45,294 INFO INFO [fund_daily 153/1169] 159628.SZ rows=598 span=20220718..20241231 attempts=1
2026-09-17 19:38:46,778 INFO INFO [fund_daily 154/1169] 159629.SZ rows=586 span=20220803..20241231 attempts=1
2026-09-17 19:38:48,068 INFO INFO [fund_daily 155/1169] 159630.SZ rows=527 span=20221101..20241231 attempts=1
2026-09-17 19:38:49,329 INFO INFO [fund_daily 156/1169] 159631.SZ rows=569 span=20220826..20241231 attempts=1
2026-09-17 19:38:50,525 INFO INFO [fund_daily 157/1169] 159632.SZ rows=586 span=20220803..20241231 attempts=1
2026-09-17 19:38:51,655 INFO INFO [fund_daily 158/1169] 159633.SZ rows=585 span=20220804..20241231 attempts=1
2026-09-17 19:38:52,703 INFO INFO [fund_daily 159/1169] 159635.SZ rows=602 span=20220712..20241231 attempts=1
2026-09-17 19:38:53,807 INFO INFO [fund_daily 160/1169] 159636.SZ rows=596 span=20220720..20241231 attempts=1
2026-09-17 19:38:54,815 INFO INFO [fund_daily 161/1169] 159637.SZ rows=565 span=20220901..20241231 attempts=1
2026-09-17 19:38:56,255 INFO INFO [fund_daily 162/1169] 159638.SZ rows=579 span=20220812..20241231 attempts=1
2026-09-17 19:38:57,414 INFO INFO [fund_daily 163/1169] 159639.SZ rows=597 span=20220719..20241231 attempts=1
2026-09-17 19:38:58,748 INFO INFO [fund_daily 164/1169] 159640.SZ rows=595 span=20220721..20241231 attempts=1
2026-09-17 19:39:00,191 INFO INFO [fund_daily 165/1169] 159641.SZ rows=594 span=20220722..20241231 attempts=1
2026-09-17 19:39:03,214 INFO INFO [fund_daily 166/1169] 159642.SZ rows=595 span=20220721..20241231 attempts=1
2026-09-17 19:39:04,373 INFO INFO [fund_daily 167/1169] 159643.SZ rows=573 span=20220822..20241231 attempts=1
2026-09-17 19:39:05,607 INFO INFO [fund_daily 168/1169] 159645.SZ rows=547 span=20220926..20241231 attempts=1
2026-09-17 19:39:06,796 INFO INFO [fund_daily 169/1169] 159646.SZ rows=427 span=20220822..20240529 attempts=1
2026-09-17 19:39:08,232 INFO INFO [fund_daily 170/1169] 159647.SZ rows=590 span=20220728..20241231 attempts=1
2026-09-17 19:39:09,774 INFO INFO [fund_daily 171/1169] 159649.SZ rows=534 span=20221024..20241231 attempts=1
2026-09-17 19:39:10,936 INFO INFO [fund_daily 172/1169] 159650.SZ rows=530 span=20221028..20241231 attempts=1
2026-09-17 19:39:12,128 INFO INFO [fund_daily 173/1169] 159651.SZ rows=517 span=20221116..20241231 attempts=1
2026-09-17 19:39:13,561 INFO INFO [fund_daily 174/1169] 159652.SZ rows=463 span=20230208..20241231 attempts=1
2026-09-17 19:39:15,806 INFO INFO [fund_daily 175/1169] 159653.SZ rows=417 span=20230324..20241231 attempts=1
2026-09-17 19:39:17,241 INFO INFO [fund_daily 176/1169] 159655.SZ rows=533 span=20221025..20241231 attempts=1
2026-09-17 19:39:18,306 INFO INFO [fund_daily 177/1169] 159656.SZ rows=475 span=20230116..20241231 attempts=1
2026-09-17 19:39:19,330 INFO INFO [fund_daily 178/1169] 159657.SZ rows=440 span=20230313..20241231 attempts=1
2026-09-17 19:39:20,417 INFO INFO [fund_daily 179/1169] 159658.SZ rows=542 span=20221012..20241231 attempts=1
2026-09-17 19:39:21,870 INFO INFO [fund_daily 180/1169] 159659.SZ rows=410 span=20230425..20241231 attempts=1
2026-09-17 19:39:23,283 INFO INFO [fund_daily 181/1169] 159660.SZ rows=416 span=20230417..20241231 attempts=1
2026-09-17 19:39:24,310 INFO INFO [fund_daily 182/1169] 159661.SZ rows=263 span=20231201..20241231 attempts=1
2026-09-17 19:39:25,390 INFO INFO [fund_daily 183/1169] 159662.SZ rows=505 span=20221201..20241231 attempts=1
2026-09-17 19:39:26,586 INFO INFO [fund_daily 184/1169] 159663.SZ rows=532 span=20221026..20241231 attempts=1
2026-09-17 19:39:27,714 INFO INFO [fund_daily 185/1169] 159665.SZ rows=481 span=20230106..20241231 attempts=1
2026-09-17 19:39:28,769 INFO INFO [fund_daily 186/1169] 159666.SZ rows=460 span=20230213..20241231 attempts=1
2026-09-17 19:39:29,870 INFO INFO [fund_daily 187/1169] 159667.SZ rows=532 span=20221026..20241231 attempts=1
2026-09-17 19:39:31,007 INFO INFO [fund_daily 188/1169] 159669.SZ rows=478 span=20230111..20241231 attempts=1
2026-09-17 19:39:33,352 INFO INFO [fund_daily 189/1169] 159670.SZ rows=403 span=20230509..20241231 attempts=1
2026-09-17 19:39:34,444 INFO INFO [fund_daily 190/1169] 159671.SZ rows=441 span=20230310..20241231 attempts=1
2026-09-17 19:39:35,509 INFO INFO [fund_daily 191/1169] 159672.SZ rows=425 span=20230403..20241231 attempts=1
2026-09-17 19:39:36,697 INFO INFO [fund_daily 192/1169] 159673.SZ rows=356 span=20230717..20241231 attempts=1
2026-09-17 19:39:37,867 INFO INFO [fund_daily 193/1169] 159675.SZ rows=505 span=20221202..20241231 attempts=1
2026-09-17 19:39:38,997 INFO INFO [fund_daily 194/1169] 159676.SZ rows=419 span=20230412..20241231 attempts=1
2026-09-17 19:39:40,188 INFO INFO [fund_daily 195/1169] 159677.SZ rows=504 span=20221205..20241231 attempts=1
2026-09-17 19:39:41,251 INFO INFO [fund_daily 196/1169] 159678.SZ rows=450 span=20230227..20241231 attempts=1
2026-09-17 19:39:42,436 INFO INFO [fund_daily 197/1169] 159679.SZ rows=453 span=20230222..20241231 attempts=1
2026-09-17 19:39:43,565 INFO INFO [fund_daily 198/1169] 159680.SZ rows=507 span=20221130..20241231 attempts=1
2026-09-17 19:39:45,200 INFO INFO [fund_daily 199/1169] 159681.SZ rows=484 span=20230103..20241231 attempts=1
2026-09-17 19:39:46,262 INFO INFO [fund_daily 200/1169] 159682.SZ rows=484 span=20230103..20241231 attempts=1
2026-09-17 19:39:47,287 INFO INFO [fund_daily 201/1169] 159683.SZ rows=480 span=20230109..20241231 attempts=1
2026-09-17 19:39:48,611 INFO INFO [fund_daily 202/1169] 159685.SZ rows=424 span=20230403..20241231 attempts=1
2026-09-17 19:39:49,936 INFO INFO [fund_daily 203/1169] 159686.SZ rows=353 span=20230719..20241231 attempts=1
2026-09-17 19:39:51,039 INFO INFO [fund_daily 204/1169] 159687.SZ rows=485 span=20221230..20241231 attempts=1
2026-09-17 19:39:52,613 INFO INFO [fund_daily 205/1169] 159688.SZ rows=458 span=20230215..20241231 attempts=1
2026-09-17 19:39:53,948 INFO INFO [fund_daily 206/1169] 159689.SZ rows=439 span=20230313..20241231 attempts=1
2026-09-17 19:39:55,029 INFO INFO [fund_daily 207/1169] 159690.SZ rows=362 span=20230706..20241231 attempts=1
2026-09-17 19:39:56,161 INFO INFO [fund_daily 208/1169] 159691.SZ rows=412 span=20230421..20241231 attempts=1
2026-09-17 19:39:57,484 INFO INFO [fund_daily 209/1169] 159692.SZ rows=393 span=20230523..20241231 attempts=1
2026-09-17 19:39:58,738 INFO INFO [fund_daily 210/1169] 159693.SZ rows=109 span=20231214..20240530 attempts=1
2026-09-17 19:40:00,352 INFO INFO [fund_daily 211/1169] 159695.SZ rows=402 span=20230510..20241231 attempts=1
2026-09-17 19:40:01,431 INFO INFO [fund_daily 212/1169] 159696.SZ rows=327 span=20230825..20241231 attempts=1
2026-09-17 19:40:02,849 INFO INFO [fund_daily 213/1169] 159697.SZ rows=406 span=20230504..20241231 attempts=1
2026-09-17 19:40:04,054 INFO INFO [fund_daily 214/1169] 159698.SZ rows=332 span=20230818..20241231 attempts=1
2026-09-17 19:40:06,087 INFO INFO [fund_daily 215/1169] 159699.SZ rows=329 span=20230823..20241231 attempts=1
2026-09-17 19:40:07,835 INFO INFO [fund_daily 216/1169] 159701.SZ rows=732 span=20211223..20241231 attempts=1
2026-09-17 19:40:09,266 INFO INFO [fund_daily 217/1169] 159702.SZ rows=368 span=20210518..20221118 attempts=1
2026-09-17 19:40:10,393 INFO INFO [fund_daily 218/1169] 159703.SZ rows=867 span=20210608..20241231 attempts=1
2026-09-17 19:40:11,621 INFO INFO [fund_daily 219/1169] 159706.SZ rows=736 span=20211220..20241231 attempts=1
2026-09-17 19:40:13,065 INFO INFO [fund_daily 220/1169] 159707.SZ rows=762 span=20211112..20241231 attempts=1
2026-09-17 19:40:15,094 INFO INFO [fund_daily 221/1169] 159708.SZ rows=850 span=20210702..20241231 attempts=1
2026-09-17 19:40:16,536 INFO INFO [fund_daily 222/1169] 159709.SZ rows=850 span=20210702..20241231 attempts=1
2026-09-17 19:40:17,755 INFO INFO [fund_daily 223/1169] 159710.SZ rows=594 span=20210809..20240117 attempts=1
2026-09-17 19:40:19,539 INFO INFO [fund_daily 224/1169] 159711.SZ rows=729 span=20211228..20241231 attempts=1
2026-09-17 19:40:21,179 INFO INFO [fund_daily 225/1169] 159712.SZ rows=763 span=20211111..20241231 attempts=1
2026-09-17 19:40:22,412 INFO INFO [fund_daily 226/1169] 159713.SZ rows=819 span=20210816..20241231 attempts=1
2026-09-17 19:40:23,817 INFO INFO [fund_daily 227/1169] 159715.SZ rows=800 span=20210910..20241231 attempts=1
2026-09-17 19:40:24,963 INFO INFO [fund_daily 228/1169] 159716.SZ rows=854 span=20210628..20241231 attempts=1
2026-09-17 19:40:26,261 INFO INFO [fund_daily 229/1169] 159717.SZ rows=787 span=20210929..20241231 attempts=1
2026-09-17 19:40:27,418 INFO INFO [fund_daily 230/1169] 159718.SZ rows=730 span=20211228..20241231 attempts=1
2026-09-17 19:40:28,565 INFO INFO [fund_daily 231/1169] 159719.SZ rows=726 span=20211228..20241231 attempts=1
2026-09-17 19:40:29,946 INFO INFO [fund_daily 232/1169] 159720.SZ rows=838 span=20210720..20241231 attempts=1
2026-09-17 19:40:31,513 INFO INFO [fund_daily 233/1169] 159721.SZ rows=855 span=20210625..20241231 attempts=1
2026-09-17 19:40:32,608 INFO INFO [fund_daily 234/1169] 159723.SZ rows=781 span=20211015..20241231 attempts=1
2026-09-17 19:40:33,767 INFO INFO [fund_daily 235/1169] 159725.SZ rows=850 span=20210702..20241231 attempts=1
2026-09-17 19:40:34,852 INFO INFO [fund_daily 236/1169] 159726.SZ rows=755 span=20211123..20241231 attempts=1
2026-09-17 19:40:36,015 INFO INFO [fund_daily 237/1169] 159728.SZ rows=719 span=20220111..20241231 attempts=1
2026-09-17 19:40:37,257 INFO INFO [fund_daily 238/1169] 159729.SZ rows=837 span=20210721..20241231 attempts=1
2026-09-17 19:40:38,344 INFO INFO [fund_daily 239/1169] 159730.SZ rows=732 span=20211224..20241231 attempts=1
2026-09-17 19:40:39,805 INFO INFO [fund_daily 240/1169] 159731.SZ rows=741 span=20211210..20241231 attempts=1
2026-09-17 19:40:40,863 INFO INFO [fund_daily 241/1169] 159732.SZ rows=814 span=20210823..20241231 attempts=1
2026-09-17 19:40:42,679 INFO INFO [fund_daily 242/1169] 159733.SZ rows=579 span=20210929..20240223 attempts=1
2026-09-17 19:40:43,864 INFO INFO [fund_daily 243/1169] 159735.SZ rows=869 span=20210604..20241231 attempts=1
2026-09-17 19:40:44,996 INFO INFO [fund_daily 244/1169] 159736.SZ rows=791 span=20210927..20241231 attempts=1
2026-09-17 19:40:46,133 INFO INFO [fund_daily 245/1169] 159738.SZ rows=708 span=20220128..20241231 attempts=1
2026-09-17 19:40:47,711 INFO INFO [fund_daily 246/1169] 159739.SZ rows=759 span=20211117..20241231 attempts=1
2026-09-17 19:40:50,629 INFO INFO [fund_daily 247/1169] 159740.SZ rows=875 span=20210527..20241231 attempts=1
2026-09-17 19:40:51,958 INFO INFO [fund_daily 248/1169] 159741.SZ rows=870 span=20210603..20241231 attempts=1
2026-09-17 19:40:53,445 INFO INFO [fund_daily 249/1169] 159742.SZ rows=877 span=20210525..20241231 attempts=1
2026-09-17 19:40:54,726 INFO INFO [fund_daily 250/1169] 159743.SZ rows=721 span=20220111..20241231 attempts=1
2026-09-17 19:40:55,883 INFO INFO [fund_daily 251/1169] 159745.SZ rows=860 span=20210618..20241231 attempts=1
2026-09-17 19:40:57,081 INFO INFO [fund_daily 252/1169] 159747.SZ rows=842 span=20210714..20241231 attempts=1
2026-09-17 19:40:58,241 INFO INFO [fund_daily 253/1169] 159748.SZ rows=747 span=20211203..20241231 attempts=1
2026-09-17 19:41:00,059 INFO INFO [fund_daily 254/1169] 159750.SZ rows=701 span=20220214..20241231 attempts=1
2026-09-17 19:41:01,106 INFO INFO [fund_daily 255/1169] 159751.SZ rows=730 span=20211228..20241231 attempts=1
2026-09-17 19:41:02,268 INFO INFO [fund_daily 256/1169] 159752.SZ rows=832 span=20210728..20241231 attempts=1
2026-09-17 19:41:03,638 INFO INFO [fund_daily 257/1169] 159755.SZ rows=856 span=20210624..20241231 attempts=1
2026-09-17 19:41:05,378 INFO INFO [fund_daily 258/1169] 159757.SZ rows=824 span=20210809..20241231 attempts=1
2026-09-17 19:41:06,433 INFO INFO [fund_daily 259/1169] 159758.SZ rows=730 span=20211228..20241231 attempts=1
2026-09-17 19:41:07,547 INFO INFO [fund_daily 260/1169] 159760.SZ rows=736 span=20211220..20241231 attempts=1
2026-09-17 19:41:08,652 INFO INFO [fund_daily 261/1169] 159761.SZ rows=741 span=20211213..20241231 attempts=1
2026-09-17 19:41:09,914 INFO INFO [fund_daily 262/1169] 159763.SZ rows=799 span=20210913..20241231 attempts=1
2026-09-17 19:41:11,165 INFO INFO [fund_daily 263/1169] 159766.SZ rows=835 span=20210723..20241231 attempts=1
2026-09-17 19:41:12,785 INFO INFO [fund_daily 264/1169] 159767.SZ rows=814 span=20210823..20241231 attempts=1
2026-09-17 19:41:14,076 INFO INFO [fund_daily 265/1169] 159768.SZ rows=700 span=20220216..20241231 attempts=1
2026-09-17 19:41:15,345 INFO INFO [fund_daily 266/1169] 159769.SZ rows=566 span=20220303..20240702 attempts=1
2026-09-17 19:41:16,536 INFO INFO [fund_daily 267/1169] 159770.SZ rows=766 span=20211108..20241231 attempts=1
2026-09-17 19:41:17,664 INFO INFO [fund_daily 268/1169] 159773.SZ rows=787 span=20211008..20241231 attempts=1
2026-09-17 19:41:18,887 INFO INFO [fund_daily 269/1169] 159775.SZ rows=712 span=20220124..20241231 attempts=1
2026-09-17 19:41:20,121 INFO INFO [fund_daily 270/1169] 159776.SZ rows=673 span=20220325..20241231 attempts=1
2026-09-17 19:41:22,069 INFO INFO [fund_daily 271/1169] 159777.SZ rows=779 span=20211018..20241231 attempts=1
2026-09-17 19:41:23,537 INFO INFO [fund_daily 272/1169] 159778.SZ rows=699 span=20220217..20241231 attempts=1
2026-09-17 19:41:25,241 INFO INFO [fund_daily 273/1169] 159779.SZ rows=752 span=20211126..20241231 attempts=1
2026-09-17 19:41:26,688 INFO INFO [fund_daily 274/1169] 159780.SZ rows=849 span=20210705..20241231 attempts=1
2026-09-17 19:41:28,175 INFO INFO [fund_daily 275/1169] 159781.SZ rows=849 span=20210705..20241231 attempts=1
2026-09-17 19:41:30,185 INFO INFO [fund_daily 276/1169] 159782.SZ rows=847 span=20210707..20241231 attempts=1
2026-09-17 19:41:31,334 INFO INFO [fund_daily 277/1169] 159783.SZ rows=849 span=20210705..20241231 attempts=1
2026-09-17 19:41:32,402 INFO INFO [fund_daily 278/1169] 159786.SZ rows=825 span=20210806..20241231 attempts=1
2026-09-17 19:41:33,671 INFO INFO [fund_daily 279/1169] 159787.SZ rows=681 span=20220315..20241231 attempts=1
2026-09-17 19:41:35,063 INFO INFO [fund_daily 280/1169] 159788.SZ rows=690 span=20220302..20241231 attempts=1
2026-09-17 19:41:36,190 INFO INFO [fund_daily 281/1169] 159789.SZ rows=441 span=20211220..20231017 attempts=1
2026-09-17 19:41:38,890 INFO INFO [fund_daily 282/1169] 159790.SZ rows=825 span=20210806..20241231 attempts=1
2026-09-17 19:41:40,358 INFO INFO [fund_daily 283/1169] 159791.SZ rows=682 span=20220308..20241231 attempts=1
2026-09-17 19:41:41,666 INFO INFO [fund_daily 284/1169] 159792.SZ rows=790 span=20210928..20241231 attempts=1
2026-09-17 19:41:42,754 INFO INFO [fund_daily 285/1169] 159793.SZ rows=753 span=20211124..20241230 attempts=1
2026-09-17 19:41:44,195 INFO INFO [fund_daily 286/1169] 159795.SZ rows=702 span=20220214..20241231 attempts=1
2026-09-17 19:41:46,344 INFO INFO [fund_daily 287/1169] 159796.SZ rows=682 span=20220314..20241231 attempts=1
2026-09-17 19:41:47,614 INFO INFO [fund_daily 288/1169] 159797.SZ rows=642 span=20220516..20241231 attempts=1
2026-09-17 19:41:49,038 INFO INFO [fund_daily 289/1169] 159798.SZ rows=645 span=20220511..20241231 attempts=1
2026-09-17 19:41:50,076 INFO INFO [fund_daily 290/1169] 159800.SZ rows=116 span=20240712..20241231 attempts=1
2026-09-17 19:41:51,974 INFO INFO [fund_daily 291/1169] 159801.SZ rows=1185 span=20200218..20241231 attempts=1
2026-09-17 19:41:53,001 INFO INFO [fund_daily 292/1169] 159802.SZ rows=86 span=20200515..20200915 attempts=1
2026-09-17 19:41:54,057 INFO INFO [fund_daily 293/1169] 159803.SZ rows=324 span=20200526..20210916 attempts=1
2026-09-17 19:41:55,703 INFO INFO [fund_daily 294/1169] 159804.SZ rows=1155 span=20200331..20241231 attempts=1
2026-09-17 19:41:56,914 INFO INFO [fund_daily 295/1169] 159805.SZ rows=1143 span=20200417..20241231 attempts=1
2026-09-17 19:41:58,055 INFO INFO [fund_daily 296/1169] 159806.SZ rows=1162 span=20200320..20241231 attempts=1
2026-09-17 19:41:59,202 INFO INFO [fund_daily 297/1169] 159807.SZ rows=1156 span=20200330..20241231 attempts=1
2026-09-17 19:42:00,362 INFO INFO [fund_daily 298/1169] 159808.SZ rows=1048 span=20200904..20241231 attempts=1
2026-09-17 19:42:01,791 INFO INFO [fund_daily 299/1169] 159809.SZ rows=338 span=20200521..20211012 attempts=1
2026-09-17 19:42:03,277 INFO INFO [fund_daily 300/1169] 159810.SZ rows=1087 span=20200710..20241231 attempts=1
2026-09-17 19:42:04,520 INFO INFO [fund_daily 301/1169] 159811.SZ rows=1140 span=20200422..20241231 attempts=1
2026-09-17 19:42:06,302 INFO INFO [fund_daily 302/1169] 159812.SZ rows=1116 span=20200529..20241231 attempts=1
2026-09-17 19:42:07,528 INFO INFO [fund_daily 303/1169] 159813.SZ rows=1120 span=20200525..20241231 attempts=1
2026-09-17 19:42:08,859 INFO INFO [fund_daily 304/1169] 159814.SZ rows=1083 span=20200717..20241231 attempts=1
2026-09-17 19:42:10,291 INFO INFO [fund_daily 305/1169] 159815.SZ rows=644 span=20200818..20230419 attempts=1
2026-09-17 19:42:11,464 INFO INFO [fund_daily 306/1169] 159816.SZ rows=1042 span=20200904..20241231 attempts=1
2026-09-17 19:42:12,902 INFO INFO [fund_daily 307/1169] 159819.SZ rows=1035 span=20200923..20241231 attempts=1
2026-09-17 19:42:14,086 INFO INFO [fund_daily 308/1169] 159820.SZ rows=1057 span=20200824..20241231 attempts=1
2026-09-17 19:42:15,389 INFO INFO [fund_daily 309/1169] 159821.SZ rows=1012 span=20201029..20241231 attempts=1
2026-09-17 19:42:16,960 INFO INFO [fund_daily 310/1169] 159822.SZ rows=1019 span=20201023..20241231 attempts=1
2026-09-17 19:42:18,395 INFO INFO [fund_daily 311/1169] 159823.SZ rows=924 span=20201023..20240809 attempts=1
2026-09-17 19:42:19,749 INFO INFO [fund_daily 312/1169] 159824.SZ rows=964 span=20210111..20241231 attempts=1
2026-09-17 19:42:21,045 INFO INFO [fund_daily 313/1169] 159825.SZ rows=972 span=20201229..20241231 attempts=1
2026-09-17 19:42:22,223 INFO INFO [fund_daily 314/1169] 159827.SZ rows=979 span=20201218..20241231 attempts=1
2026-09-17 19:42:23,911 INFO INFO [fund_daily 315/1169] 159828.SZ rows=963 span=20210112..20241231 attempts=1
2026-09-17 19:42:25,047 INFO INFO [fund_daily 316/1169] 159830.SZ rows=839 span=20210719..20241231 attempts=1
2026-09-17 19:42:26,119 INFO INFO [fund_daily 317/1169] 159831.SZ rows=666 span=20220407..20241231 attempts=1
2026-09-17 19:42:27,303 INFO INFO [fund_daily 318/1169] 159832.SZ rows=234 span=20220318..20230322 attempts=1
2026-09-17 19:42:28,536 INFO INFO [fund_daily 319/1169] 159833.SZ rows=283 span=20220329..20230529 attempts=1
2026-09-17 19:42:30,064 INFO INFO [fund_daily 320/1169] 159834.SZ rows=680 span=20220316..20241231 attempts=1
2026-09-17 19:42:31,599 INFO INFO [fund_daily 321/1169] 159835.SZ rows=914 span=20210329..20241231 attempts=1
2026-09-17 19:42:33,287 INFO INFO [fund_daily 322/1169] 159836.SZ rows=877 span=20210525..20241231 attempts=1
2026-09-17 19:42:34,634 INFO INFO [fund_daily 323/1169] 159837.SZ rows=952 span=20210127..20241231 attempts=1
2026-09-17 19:42:35,895 INFO INFO [fund_daily 324/1169] 159838.SZ rows=830 span=20210730..20241231 attempts=1
2026-09-17 19:42:37,276 INFO INFO [fund_daily 325/1169] 159839.SZ rows=939 span=20210222..20241231 attempts=1
2026-09-17 19:42:38,657 INFO INFO [fund_daily 326/1169] 159840.SZ rows=815 span=20210820..20241231 attempts=1
2026-09-17 19:42:39,820 INFO INFO [fund_daily 327/1169] 159841.SZ rows=943 span=20210209..20241231 attempts=1
2026-09-17 19:42:41,318 INFO INFO [fund_daily 328/1169] 159842.SZ rows=920 span=20210319..20241231 attempts=1
2026-09-17 19:42:42,585 INFO INFO [fund_daily 329/1169] 159843.SZ rows=945 span=20210205..20241231 attempts=1
2026-09-17 19:42:43,779 INFO INFO [fund_daily 330/1169] 159845.SZ rows=912 span=20210331..20241231 attempts=1
2026-09-17 19:42:44,856 INFO INFO [fund_daily 331/1169] 159846.SZ rows=89 span=20210816..20211227 attempts=1
2026-09-17 19:42:46,755 INFO INFO [fund_daily 332/1169] 159847.SZ rows=839 span=20210719..20241231 attempts=1
2026-09-17 19:42:48,198 INFO INFO [fund_daily 333/1169] 159848.SZ rows=925 span=20210312..20241231 attempts=1
2026-09-17 19:42:49,447 INFO INFO [fund_daily 334/1169] 159849.SZ rows=933 span=20210302..20241231 attempts=1
2026-09-17 19:42:50,852 INFO INFO [fund_daily 335/1169] 159850.SZ rows=940 span=20210219..20241231 attempts=1
2026-09-17 19:42:52,055 INFO INFO [fund_daily 336/1169] 159851.SZ rows=920 span=20210319..20241231 attempts=1
2026-09-17 19:42:53,301 INFO INFO [fund_daily 337/1169] 159852.SZ rows=943 span=20210209..20241231 attempts=1
2026-09-17 19:42:54,432 INFO INFO [fund_daily 338/1169] 159853.SZ rows=515 span=20211015..20231124 attempts=1
2026-09-17 19:42:55,763 INFO INFO [fund_daily 339/1169] 159855.SZ rows=935 span=20210226..20241231 attempts=1
2026-09-17 19:42:56,932 INFO INFO [fund_daily 340/1169] 159856.SZ rows=949 span=20210201..20241231 attempts=1
2026-09-17 19:42:58,121 INFO INFO [fund_daily 341/1169] 159857.SZ rows=937 span=20210224..20241231 attempts=1
2026-09-17 19:43:00,621 INFO INFO [fund_daily 342/1169] 159858.SZ rows=916 span=20210325..20241231 attempts=1
2026-09-17 19:43:01,843 INFO INFO [fund_daily 343/1169] 159859.SZ rows=847 span=20210707..20241231 attempts=1
2026-09-17 19:43:03,039 INFO INFO [fund_daily 344/1169] 159861.SZ rows=910 span=20210402..20241231 attempts=1
2026-09-17 19:43:04,434 INFO INFO [fund_daily 345/1169] 159862.SZ rows=765 span=20211108..20241231 attempts=1
2026-09-17 19:43:06,542 INFO INFO [fund_daily 346/1169] 159863.SZ rows=926 span=20210311..20241231 attempts=1
2026-09-17 19:43:07,776 INFO INFO [fund_daily 347/1169] 159864.SZ rows=823 span=20210810..20241231 attempts=1
2026-09-17 19:43:09,377 INFO INFO [fund_daily 348/1169] 159865.SZ rows=929 span=20210308..20241231 attempts=1
2026-09-17 19:43:10,510 INFO INFO [fund_daily 349/1169] 159866.SZ rows=907 span=20210408..20241231 attempts=1
2026-09-17 19:43:11,836 INFO INFO [fund_daily 350/1169] 159867.SZ rows=930 span=20210305..20241231 attempts=1
2026-09-17 19:43:12,964 INFO INFO [fund_daily 351/1169] 159869.SZ rows=930 span=20210305..20241231 attempts=1
2026-09-17 19:43:14,127 INFO INFO [fund_daily 352/1169] 159870.SZ rows=932 span=20210303..20241231 attempts=1
2026-09-17 19:43:15,286 INFO INFO [fund_daily 353/1169] 159871.SZ rows=912 span=20210331..20241231 attempts=1
2026-09-17 19:43:16,858 INFO INFO [fund_daily 354/1169] 159872.SZ rows=851 span=20210701..20241231 attempts=1
2026-09-17 19:43:18,635 INFO INFO [fund_daily 355/1169] 159873.SZ rows=914 span=20210329..20241231 attempts=1
2026-09-17 19:43:19,877 INFO INFO [fund_daily 356/1169] 159875.SZ rows=818 span=20210817..20241231 attempts=1
2026-09-17 19:43:21,260 INFO INFO [fund_daily 357/1169] 159876.SZ rows=916 span=20210324..20241231 attempts=1
2026-09-17 19:43:23,441 INFO INFO [fund_daily 358/1169] 159877.SZ rows=768 span=20211103..20241231 attempts=1
2026-09-17 19:43:24,950 INFO INFO [fund_daily 359/1169] 159880.SZ rows=916 span=20210325..20241231 attempts=1
2026-09-17 19:43:26,127 INFO INFO [fund_daily 360/1169] 159881.SZ rows=851 span=20210701..20241231 attempts=1
2026-09-17 19:43:27,517 INFO INFO [fund_daily 361/1169] 159883.SZ rows=891 span=20210430..20241231 attempts=1
2026-09-17 19:43:29,049 INFO INFO [fund_daily 362/1169] 159885.SZ rows=903 span=20210414..20241231 attempts=1
2026-09-17 19:43:30,515 INFO INFO [fund_daily 363/1169] 159886.SZ rows=893 span=20210428..20241231 attempts=1
2026-09-17 19:43:31,704 INFO INFO [fund_daily 364/1169] 159887.SZ rows=880 span=20210520..20241231 attempts=1
2026-09-17 19:43:32,828 INFO INFO [fund_daily 365/1169] 159888.SZ rows=879 span=20210521..20241231 attempts=1
2026-09-17 19:43:34,190 INFO INFO [fund_daily 366/1169] 159889.SZ rows=801 span=20210909..20241231 attempts=1
2026-09-17 19:43:35,406 INFO INFO [fund_daily 367/1169] 159890.SZ rows=910 span=20210402..20241231 attempts=1
2026-09-17 19:43:36,546 INFO INFO [fund_daily 368/1169] 159891.SZ rows=863 span=20210615..20241231 attempts=1
2026-09-17 19:43:37,589 INFO INFO [fund_daily 369/1169] 159892.SZ rows=780 span=20211019..20241231 attempts=1
2026-09-17 19:43:39,218 INFO INFO [fund_daily 370/1169] 159895.SZ rows=773 span=20211021..20241231 attempts=1
2026-09-17 19:43:40,410 INFO INFO [fund_daily 371/1169] 159896.SZ rows=752 span=20211124..20241231 attempts=1
2026-09-17 19:43:41,396 INFO INFO [fund_daily 372/1169] 159897.SZ rows=215 span=20210621..20220511 attempts=1
2026-09-17 19:43:42,769 INFO INFO [fund_daily 373/1169] 159898.SZ rows=869 span=20210604..20241231 attempts=1
2026-09-17 19:43:43,958 INFO INFO [fund_daily 374/1169] 159899.SZ rows=854 span=20210628..20241231 attempts=1
2026-09-17 19:43:45,591 INFO INFO [fund_daily 375/1169] 159901.SZ rows=2430 span=20150105..20241231 attempts=1
2026-09-17 19:43:47,041 INFO INFO [fund_daily 376/1169] 159902.SZ rows=2431 span=20150105..20241231 attempts=1
2026-09-17 19:43:48,545 INFO INFO [fund_daily 377/1169] 159903.SZ rows=2431 span=20150105..20241231 attempts=1
2026-09-17 19:43:49,843 INFO INFO [fund_daily 378/1169] 159905.SZ rows=2431 span=20150105..20241231 attempts=1
2026-09-17 19:43:51,210 INFO INFO [fund_daily 379/1169] 159906.SZ rows=2407 span=20150105..20241231 attempts=1
2026-09-17 19:43:53,128 INFO INFO [fund_daily 380/1169] 159907.SZ rows=2423 span=20150105..20241231 attempts=1
2026-09-17 19:43:54,352 INFO INFO [fund_daily 381/1169] 159908.SZ rows=2336 span=20150105..20241231 attempts=1
2026-09-17 19:43:56,216 INFO INFO [fund_daily 382/1169] 159909.SZ rows=2377 span=20150105..20241231 attempts=1
2026-09-17 19:43:57,451 INFO INFO [fund_daily 383/1169] 159910.SZ rows=2386 span=20150105..20241231 attempts=1
2026-09-17 19:43:58,542 INFO INFO [fund_daily 384/1169] 159911.SZ rows=1149 span=20150105..20200610 attempts=1
2026-09-17 19:44:00,201 INFO INFO [fund_daily 385/1169] 159912.SZ rows=2429 span=20150105..20241231 attempts=1
2026-09-17 19:44:01,718 INFO INFO [fund_daily 386/1169] 159913.SZ rows=2354 span=20150105..20241231 attempts=1
2026-09-17 19:44:03,095 INFO INFO [fund_daily 387/1169] 159915.SZ rows=2430 span=20150105..20241231 attempts=1
2026-09-17 19:44:05,226 INFO INFO [fund_daily 388/1169] 159916.SZ rows=2379 span=20150105..20241231 attempts=1
2026-09-17 19:44:06,212 INFO INFO [fund_daily 389/1169] 159917.SZ rows=159 span=20150105..20150826 attempts=1
2026-09-17 19:44:07,664 INFO INFO [fund_daily 390/1169] 159918.SZ rows=2369 span=20150105..20241231 attempts=1
2026-09-17 19:44:09,335 INFO INFO [fund_daily 391/1169] 159919.SZ rows=2430 span=20150105..20241231 attempts=1
2026-09-17 19:44:10,836 INFO INFO [fund_daily 392/1169] 159920.SZ rows=2431 span=20150105..20241231 attempts=1
2026-09-17 19:44:12,011 INFO INFO [fund_daily 393/1169] 159921.SZ rows=680 span=20150105..20171030 attempts=1
2026-09-17 19:44:13,294 INFO INFO [fund_daily 394/1169] 159922.SZ rows=2431 span=20150105..20241231 attempts=1
2026-09-17 19:44:15,235 INFO INFO [fund_daily 395/1169] 159923.SZ rows=2423 span=20150105..20241231 attempts=1
2026-09-17 19:44:16,655 INFO INFO [fund_daily 396/1169] 159924.SZ rows=751 span=20150105..20180302 attempts=1
2026-09-17 19:44:18,000 INFO INFO [fund_daily 397/1169] 159925.SZ rows=2429 span=20150105..20241231 attempts=1
2026-09-17 19:44:19,325 INFO INFO [fund_daily 398/1169] 159926.SZ rows=1360 span=20150105..20220613 attempts=1
2026-09-17 19:44:20,406 INFO INFO [fund_daily 399/1169] 159927.SZ rows=722 span=20150105..20180213 attempts=1
2026-09-17 19:44:21,844 INFO INFO [fund_daily 400/1169] 159928.SZ rows=2431 span=20150105..20241231 attempts=1
2026-09-17 19:44:23,228 INFO INFO [fund_daily 401/1169] 159929.SZ rows=2431 span=20150105..20241231 attempts=1
2026-09-17 19:44:24,591 INFO INFO [fund_daily 402/1169] 159930.SZ rows=2427 span=20150105..20241231 attempts=1
2026-09-17 19:44:26,299 INFO INFO [fund_daily 403/1169] 159931.SZ rows=2427 span=20150105..20241231 attempts=1
2026-09-17 19:44:27,795 INFO INFO [fund_daily 404/1169] 159932.SZ rows=1870 span=20150105..20221111 attempts=1
2026-09-17 19:44:29,082 INFO INFO [fund_daily 405/1169] 159933.SZ rows=2334 span=20150105..20241231 attempts=1
2026-09-17 19:44:31,169 INFO INFO [fund_daily 406/1169] 159934.SZ rows=2431 span=20150105..20241231 attempts=1
2026-09-17 19:44:33,560 INFO INFO [fund_daily 407/1169] 159935.SZ rows=2323 span=20150105..20241231 attempts=1
2026-09-17 19:44:34,992 INFO INFO [fund_daily 408/1169] 159936.SZ rows=2364 span=20150105..20241231 attempts=1
2026-09-17 19:44:37,153 INFO INFO [fund_daily 409/1169] 159937.SZ rows=2431 span=20150105..20241231 attempts=1
2026-09-17 19:44:38,436 INFO INFO [fund_daily 410/1169] 159938.SZ rows=2428 span=20150108..20241231 attempts=1
2026-09-17 19:44:40,286 INFO INFO [fund_daily 411/1169] 159939.SZ rows=2408 span=20150205..20241231 attempts=1
2026-09-17 19:44:41,958 INFO INFO [fund_daily 412/1169] 159940.SZ rows=2361 span=20150417..20241231 attempts=1
2026-09-17 19:44:43,361 INFO INFO [fund_daily 413/1169] 159941.SZ rows=2304 span=20150713..20241231 attempts=1
2026-09-17 19:44:44,589 INFO INFO [fund_daily 414/1169] 159942.SZ rows=807 span=20150625..20181105 attempts=1
2026-09-17 19:44:45,986 INFO INFO [fund_daily 415/1169] 159943.SZ rows=2307 span=20150708..20241231 attempts=1
2026-09-17 19:44:47,340 INFO INFO [fund_daily 416/1169] 159944.SZ rows=2284 span=20150706..20241231 attempts=1
2026-09-17 19:44:48,978 INFO INFO [fund_daily 417/1169] 159945.SZ rows=2306 span=20150706..20241231 attempts=1
2026-09-17 19:44:50,567 INFO INFO [fund_daily 418/1169] 159946.SZ rows=828 span=20150713..20181220 attempts=1
2026-09-17 19:44:51,956 INFO INFO [fund_daily 419/1169] 159948.SZ rows=2086 span=20160531..20241231 attempts=1
2026-09-17 19:44:53,770 INFO INFO [fund_daily 420/1169] 159949.SZ rows=2052 span=20160722..20241231 attempts=1
2026-09-17 19:44:55,574 INFO INFO [fund_daily 421/1169] 159950.SZ rows=505 span=20170510..20190627 attempts=1
2026-09-17 19:44:57,150 INFO INFO [fund_daily 422/1169] 159951.SZ rows=1222 span=20170710..20220816 attempts=1
2026-09-17 19:44:58,889 INFO INFO [fund_daily 423/1169] 159952.SZ rows=1851 span=20170519..20241231 attempts=1
2026-09-17 19:45:00,014 INFO INFO [fund_daily 424/1169] 159953.SZ rows=807 span=20170714..20201208 attempts=1
2026-09-17 19:45:01,661 INFO INFO [fund_daily 425/1169] 159954.SZ rows=1652 span=20180315..20241231 attempts=1
2026-09-17 19:45:02,893 INFO INFO [fund_daily 426/1169] 159955.SZ rows=1274 span=20170823..20221121 attempts=1
2026-09-17 19:45:04,417 INFO INFO [fund_daily 427/1169] 159956.SZ rows=1657 span=20180307..20241231 attempts=1
2026-09-17 19:45:05,755 INFO INFO [fund_daily 428/1169] 159957.SZ rows=1697 span=20180104..20241231 attempts=1
2026-09-17 19:45:06,987 INFO INFO [fund_daily 429/1169] 159958.SZ rows=1686 span=20180119..20241231 attempts=1
2026-09-17 19:45:08,271 INFO INFO [fund_daily 430/1169] 159959.SZ rows=1444 span=20190118..20241231 attempts=1
2026-09-17 19:45:09,601 INFO INFO [fund_daily 431/1169] 159960.SZ rows=1502 span=20181022..20241231 attempts=1
2026-09-17 19:45:10,931 INFO INFO [fund_daily 432/1169] 159961.SZ rows=1448 span=20181219..20241231 attempts=1
2026-09-17 19:45:12,366 INFO INFO [fund_daily 433/1169] 159962.SZ rows=846 span=20190418..20221031 attempts=1
2026-09-17 19:45:13,636 INFO INFO [fund_daily 434/1169] 159963.SZ rows=519 span=20190326..20210514 attempts=1
2026-09-17 19:45:14,864 INFO INFO [fund_daily 435/1169] 159964.SZ rows=1385 span=20190419..20241231 attempts=1
2026-09-17 19:45:16,085 INFO INFO [fund_daily 436/1169] 159965.SZ rows=1382 span=20190424..20241231 attempts=1
2026-09-17 19:45:17,390 INFO INFO [fund_daily 437/1169] 159966.SZ rows=1328 span=20190715..20241231 attempts=1
2026-09-17 19:45:18,719 INFO INFO [fund_daily 438/1169] 159967.SZ rows=1328 span=20190715..20241231 attempts=1
2026-09-17 19:45:20,318 INFO INFO [fund_daily 439/1169] 159968.SZ rows=1256 span=20191031..20241231 attempts=1
2026-09-17 19:45:21,519 INFO INFO [fund_daily 440/1169] 159969.SZ rows=1296 span=20190828..20241231 attempts=1
2026-09-17 19:45:23,631 INFO INFO [fund_daily 441/1169] 159970.SZ rows=1202 span=20200110..20241231 attempts=1
2026-09-17 19:45:25,070 INFO INFO [fund_daily 442/1169] 159971.SZ rows=1335 span=20190702..20241231 attempts=1
2026-09-17 19:45:26,255 INFO INFO [fund_daily 443/1169] 159972.SZ rows=1245 span=20191108..20241231 attempts=1
2026-09-17 19:45:27,418 INFO INFO [fund_daily 444/1169] 159973.SZ rows=1297 span=20190809..20241231 attempts=1
2026-09-17 19:45:28,892 INFO INFO [fund_daily 445/1169] 159974.SZ rows=1217 span=20191218..20241231 attempts=1
2026-09-17 19:45:29,978 INFO INFO [fund_daily 446/1169] 159975.SZ rows=1212 span=20200102..20241231 attempts=1
2026-09-17 19:45:31,512 INFO INFO [fund_daily 447/1169] 159976.SZ rows=1197 span=20200117..20241231 attempts=1
2026-09-17 19:45:32,759 INFO INFO [fund_daily 448/1169] 159977.SZ rows=1275 span=20190927..20241231 attempts=1
2026-09-17 19:45:33,864 INFO INFO [fund_daily 449/1169] 159978.SZ rows=663 span=20200414..20230103 attempts=1
2026-09-17 19:45:35,099 INFO INFO [fund_daily 450/1169] 159979.SZ rows=683 span=20200214..20221212 attempts=1
2026-09-17 19:45:36,267 INFO INFO [fund_daily 451/1169] 159980.SZ rows=1218 span=20191224..20241231 attempts=1
2026-09-17 19:45:37,665 INFO INFO [fund_daily 452/1169] 159981.SZ rows=1201 span=20200117..20241231 attempts=1
2026-09-17 19:45:38,891 INFO INFO [fund_daily 453/1169] 159982.SZ rows=1183 span=20200220..20241231 attempts=1
2026-09-17 19:45:40,155 INFO INFO [fund_daily 454/1169] 159983.SZ rows=893 span=20200423..20231225 attempts=1
2026-09-17 19:45:41,378 INFO INFO [fund_daily 455/1169] 159984.SZ rows=830 span=20200117..20230704 attempts=1
2026-09-17 19:45:43,303 INFO INFO [fund_daily 456/1169] 159985.SZ rows=1231 span=20191205..20241231 attempts=1
2026-09-17 19:45:44,425 INFO INFO [fund_daily 457/1169] 159986.SZ rows=664 span=20200120..20221019 attempts=1
2026-09-17 19:45:46,021 INFO INFO [fund_daily 458/1169] 159987.SZ rows=1160 span=20191118..20240826 attempts=1
2026-09-17 19:45:47,014 INFO INFO [fund_daily 459/1169] 159988.SZ rows=482 span=20200529..20220621 attempts=1
2026-09-17 19:45:48,264 INFO INFO [fund_daily 460/1169] 159990.SZ rows=1082 span=20200120..20240709 attempts=1
2026-09-17 19:45:50,603 INFO INFO [fund_daily 461/1169] 159991.SZ rows=1138 span=20200424..20241231 attempts=1
2026-09-17 19:45:52,433 INFO INFO [fund_daily 462/1169] 159992.SZ rows=1148 span=20200410..20241231 attempts=1
2026-09-17 19:45:53,810 INFO INFO [fund_daily 463/1169] 159993.SZ rows=1192 span=20200207..20241231 attempts=1
2026-09-17 19:45:55,558 INFO INFO [fund_daily 464/1169] 159994.SZ rows=1177 span=20200228..20241231 attempts=1
2026-09-17 19:45:56,854 INFO INFO [fund_daily 465/1169] 159995.SZ rows=1191 span=20200210..20241231 attempts=1
2026-09-17 19:45:58,003 INFO INFO [fund_daily 466/1169] 159996.SZ rows=1166 span=20200316..20241231 attempts=1
2026-09-17 19:45:59,273 INFO INFO [fund_daily 467/1169] 159997.SZ rows=1162 span=20200320..20241231 attempts=1
2026-09-17 19:46:00,433 INFO INFO [fund_daily 468/1169] 159998.SZ rows=1147 span=20200413..20241231 attempts=1
2026-09-17 19:46:02,440 INFO INFO [fund_daily 469/1169] 159999.SZ rows=606 span=20200812..20230310 attempts=1
2026-09-17 19:46:03,811 INFO INFO [fund_daily 470/1169] 160119.SZ rows=2430 span=20150105..20241231 attempts=1
2026-09-17 19:46:05,525 INFO INFO [fund_daily 471/1169] 160615.SZ rows=2223 span=20150105..20241231 attempts=1
2026-09-17 19:46:07,077 INFO INFO [fund_daily 472/1169] 160706.SZ rows=2431 span=20150105..20241231 attempts=1
2026-09-17 19:46:09,120 INFO INFO [fund_daily 473/1169] 161121.SZ rows=1057 span=20200818..20241231 attempts=1
2026-09-17 19:46:10,428 INFO INFO [fund_daily 474/1169] 161130.SZ rows=1752 span=20170714..20241231 attempts=1
2026-09-17 19:46:12,431 INFO INFO [fund_daily 475/1169] 162412.SZ rows=935 span=20210226..20241231 attempts=1
2026-09-17 19:46:14,327 INFO INFO [fund_daily 476/1169] 162711.SZ rows=2390 span=20150105..20241231 attempts=1
2026-09-17 19:46:15,861 INFO INFO [fund_daily 477/1169] 501011.SH rows=1881 span=20170220..20241231 attempts=1
2026-09-17 19:46:17,296 INFO INFO [fund_daily 478/1169] 501012.SH rows=1821 span=20170220..20241231 attempts=1
2026-09-17 19:46:18,836 INFO INFO [fund_daily 479/1169] 501029.SH rows=1919 span=20170213..20241231 attempts=1
2026-09-17 19:46:20,205 INFO INFO [fund_daily 480/1169] 501036.SH rows=1742 span=20171009..20241231 attempts=1
2026-09-17 19:46:21,498 INFO INFO [fund_daily 481/1169] 501037.SH rows=1599 span=20171009..20241231 attempts=1
2026-09-17 19:46:22,691 INFO INFO [fund_daily 482/1169] 501047.SH rows=1604 span=20180118..20241231 attempts=1
2026-09-17 19:46:23,949 INFO INFO [fund_daily 483/1169] 501048.SH rows=1597 span=20180118..20241231 attempts=1
2026-09-17 19:46:25,182 INFO INFO [fund_daily 484/1169] 501090.SH rows=1210 span=20200106..20241231 attempts=1
2026-09-17 19:46:26,417 INFO INFO [fund_daily 485/1169] 501301.SH rows=1848 span=20170508..20241231 attempts=1
2026-09-17 19:46:28,358 INFO INFO [fund_daily 486/1169] 501302.SH rows=1612 span=20170815..20241231 attempts=1
2026-09-17 19:46:29,582 INFO INFO [fund_daily 487/1169] 501305.SH rows=1556 span=20180118..20241231 attempts=1
2026-09-17 19:46:31,011 INFO INFO [fund_daily 488/1169] 501306.SH rows=1302 span=20180118..20241231 attempts=1
2026-09-17 19:46:32,318 INFO INFO [fund_daily 489/1169] 502056.SH rows=2252 span=20150731..20241231 attempts=1
2026-09-17 19:46:33,737 INFO INFO [fund_daily 490/1169] 510010.SH rows=2412 span=20150105..20241231 attempts=1
2026-09-17 19:46:35,322 INFO INFO [fund_daily 491/1169] 510020.SH rows=2423 span=20150105..20241231 attempts=1
2026-09-17 19:46:36,894 INFO INFO [fund_daily 492/1169] 510030.SH rows=2421 span=20150105..20241231 attempts=1
2026-09-17 19:46:38,500 INFO INFO [fund_daily 493/1169] 510050.SH rows=2431 span=20150105..20241231 attempts=1
2026-09-17 19:46:39,932 INFO INFO [fund_daily 494/1169] 510060.SH rows=2431 span=20150105..20241231 attempts=1
2026-09-17 19:46:41,152 INFO INFO [fund_daily 495/1169] 510070.SH rows=1135 span=20150105..20200624 attempts=1
2026-09-17 19:46:42,697 INFO INFO [fund_daily 496/1169] 510090.SH rows=2239 span=20150105..20241231 attempts=1
2026-09-17 19:46:44,398 INFO INFO [fund_daily 497/1169] 510100.SH rows=1271 span=20191009..20241231 attempts=1
2026-09-17 19:46:45,663 INFO INFO [fund_daily 498/1169] 510110.SH rows=1925 span=20150105..20230704 attempts=1
2026-09-17 19:46:46,928 INFO INFO [fund_daily 499/1169] 510120.SH rows=1717 span=20150105..20230628 attempts=1
2026-09-17 19:46:48,597 INFO INFO [fund_daily 500/1169] 510130.SH rows=2287 span=20150105..20241231 attempts=1
2026-09-17 19:46:50,175 INFO INFO [fund_daily 501/1169] 510150.SH rows=2421 span=20150105..20241231 attempts=1
2026-09-17 19:46:51,504 INFO INFO [fund_daily 502/1169] 510160.SH rows=2431 span=20150105..20241231 attempts=1
2026-09-17 19:46:52,837 INFO INFO [fund_daily 503/1169] 510170.SH rows=2391 span=20150105..20241231 attempts=1
2026-09-17 19:46:54,412 INFO INFO [fund_daily 504/1169] 510180.SH rows=2431 span=20150105..20241231 attempts=1
2026-09-17 19:46:55,702 INFO INFO [fund_daily 505/1169] 510190.SH rows=2403 span=20150105..20241231 attempts=1
2026-09-17 19:46:56,847 INFO INFO [fund_daily 506/1169] 510200.SH rows=1131 span=20200508..20241231 attempts=1
2026-09-17 19:46:58,432 INFO INFO [fund_daily 507/1169] 510210.SH rows=2409 span=20150105..20241231 attempts=1
2026-09-17 19:47:00,097 INFO INFO [fund_daily 508/1169] 510220.SH rows=1900 span=20150105..20221117 attempts=1
2026-09-17 19:47:01,574 INFO INFO [fund_daily 509/1169] 510230.SH rows=2430 span=20150105..20241231 attempts=1
2026-09-17 19:47:02,754 INFO INFO [fund_daily 510/1169] 510260.SH rows=1066 span=20150105..20190627 attempts=1
2026-09-17 19:47:04,014 INFO INFO [fund_daily 511/1169] 510270.SH rows=2413 span=20150105..20241231 attempts=1
2026-09-17 19:47:05,489 INFO INFO [fund_daily 512/1169] 510280.SH rows=856 span=20150105..20181123 attempts=1
2026-09-17 19:47:06,694 INFO INFO [fund_daily 513/1169] 510290.SH rows=2429 span=20150105..20241231 attempts=1
2026-09-17 19:47:08,196 INFO INFO [fund_daily 514/1169] 510300.SH rows=2431 span=20150105..20241231 attempts=1
2026-09-17 19:47:09,806 INFO INFO [fund_daily 515/1169] 510310.SH rows=2431 span=20150105..20241231 attempts=1
2026-09-17 19:47:11,201 INFO INFO [fund_daily 516/1169] 510330.SH rows=2431 span=20150105..20241231 attempts=1
2026-09-17 19:47:12,890 INFO INFO [fund_daily 517/1169] 510350.SH rows=1304 span=20190816..20241231 attempts=1
2026-09-17 19:47:14,227 INFO INFO [fund_daily 518/1169] 510360.SH rows=2264 span=20150909..20241231 attempts=1
2026-09-17 19:47:15,447 INFO INFO [fund_daily 519/1169] 510370.SH rows=1017 span=20201027..20241231 attempts=1
2026-09-17 19:47:16,613 INFO INFO [fund_daily 520/1169] 510380.SH rows=1558 span=20180207..20241231 attempts=1
2026-09-17 19:47:18,396 INFO INFO [fund_daily 521/1169] 510390.SH rows=1681 span=20180126..20241231 attempts=1
2026-09-17 19:47:19,806 INFO INFO [fund_daily 522/1169] 510410.SH rows=2430 span=20150105..20241231 attempts=1
2026-09-17 19:47:20,925 INFO INFO [fund_daily 523/1169] 510420.SH rows=749 span=20150105..20181024 attempts=1
2026-09-17 19:47:22,039 INFO INFO [fund_daily 524/1169] 510430.SH rows=1179 span=20150105..20200921 attempts=1
2026-09-17 19:47:23,439 INFO INFO [fund_daily 525/1169] 510440.SH rows=1817 span=20150105..20221123 attempts=1
2026-09-17 19:47:24,798 INFO INFO [fund_daily 526/1169] 510450.SH rows=349 span=20150105..20160617 attempts=1
2026-09-17 19:47:26,109 INFO INFO [fund_daily 527/1169] 510500.SH rows=2429 span=20150105..20241231 attempts=1
2026-09-17 19:47:27,448 INFO INFO [fund_daily 528/1169] 510510.SH rows=2431 span=20150105..20241231 attempts=1
2026-09-17 19:47:28,769 INFO INFO [fund_daily 529/1169] 510520.SH rows=933 span=20150105..20190704 attempts=1
2026-09-17 19:47:30,311 INFO INFO [fund_daily 530/1169] 510530.SH rows=1211 span=20200103..20241231 attempts=1
2026-09-17 19:47:31,571 INFO INFO [fund_daily 531/1169] 510550.SH rows=1446 span=20190116..20241231 attempts=1
2026-09-17 19:47:32,834 INFO INFO [fund_daily 532/1169] 510560.SH rows=2049 span=20150703..20241231 attempts=1
2026-09-17 19:47:36,156 INFO INFO [fund_daily 533/1169] 510570.SH rows=1047 span=20200812..20241231 attempts=1
2026-09-17 19:47:37,470 INFO INFO [fund_daily 534/1169] 510580.SH rows=2222 span=20150914..20241231 attempts=1
2026-09-17 19:47:38,735 INFO INFO [fund_daily 535/1169] 510590.SH rows=1620 span=20180504..20241231 attempts=1
2026-09-17 19:47:39,965 INFO INFO [fund_daily 536/1169] 510600.SH rows=1522 span=20180920..20241231 attempts=1
2026-09-17 19:47:40,978 INFO INFO [fund_daily 537/1169] 510610.SH rows=300 span=20150105..20160328 attempts=1
2026-09-17 19:47:42,020 INFO INFO [fund_daily 538/1169] 510620.SH rows=294 span=20150105..20160328 attempts=1
2026-09-17 19:47:43,323 INFO INFO [fund_daily 539/1169] 510630.SH rows=2430 span=20150105..20241231 attempts=1
2026-09-17 19:47:44,743 INFO INFO [fund_daily 540/1169] 510650.SH rows=2421 span=20150105..20241231 attempts=1
2026-09-17 19:47:46,623 INFO INFO [fund_daily 541/1169] 510660.SH rows=2431 span=20150105..20241231 attempts=1
2026-09-17 19:47:48,022 INFO INFO [fund_daily 542/1169] 510680.SH rows=2215 span=20150105..20241231 attempts=1
2026-09-17 19:47:49,241 INFO INFO [fund_daily 543/1169] 510690.SH rows=360 span=20200622..20211215 attempts=1
2026-09-17 19:47:50,269 INFO INFO [fund_daily 544/1169] 510700.SH rows=179 span=20150105..20151009 attempts=1
2026-09-17 19:47:51,512 INFO INFO [fund_daily 545/1169] 510710.SH rows=2323 span=20150615..20241231 attempts=1
2026-09-17 19:47:52,522 INFO INFO [fund_daily 546/1169] 510720.SH rows=157 span=20240515..20241231 attempts=1
2026-09-17 19:47:54,066 INFO INFO [fund_daily 547/1169] 510760.SH rows=1045 span=20200909..20241231 attempts=1
2026-09-17 19:47:55,861 INFO INFO [fund_daily 548/1169] 510770.SH rows=789 span=20210928..20241231 attempts=1
2026-09-17 19:47:57,038 INFO INFO [fund_daily 549/1169] 510800.SH rows=1690 span=20180115..20241231 attempts=1
2026-09-17 19:47:58,366 INFO INFO [fund_daily 550/1169] 510810.SH rows=2018 span=20160829..20241231 attempts=1
2026-09-17 19:47:59,689 INFO INFO [fund_daily 551/1169] 510820.SH rows=20 span=20190709..20190805 attempts=1
2026-09-17 19:48:00,827 INFO INFO [fund_daily 552/1169] 510850.SH rows=1416 span=20190306..20241231 attempts=1
2026-09-17 19:48:02,142 INFO INFO [fund_daily 553/1169] 510860.SH rows=232 span=20210112..20211227 attempts=1
2026-09-17 19:48:04,068 INFO INFO [fund_daily 554/1169] 510880.SH rows=2431 span=20150105..20241231 attempts=1
2026-09-17 19:48:05,155 INFO INFO [fund_daily 555/1169] 510890.SH rows=487 span=20190624..20210628 attempts=1
2026-09-17 19:48:06,862 INFO INFO [fund_daily 556/1169] 510900.SH rows=2431 span=20150105..20241231 attempts=1
2026-09-17 19:48:07,911 INFO INFO [fund_daily 557/1169] 510950.SH rows=160 span=20240510..20241231 attempts=1
2026-09-17 19:48:09,518 INFO INFO [fund_daily 558/1169] 510980.SH rows=263 span=20231201..20241231 attempts=1
2026-09-17 19:48:10,745 INFO INFO [fund_daily 559/1169] 510990.SH rows=851 span=20210701..20241231 attempts=1
2026-09-17 19:48:12,018 INFO INFO [fund_daily 560/1169] 511000.SH rows=83 span=20201029..20210312 attempts=1
2026-09-17 19:48:13,525 INFO INFO [fund_daily 561/1169] 511010.SH rows=2431 span=20150105..20241231 attempts=1
2026-09-17 19:48:14,800 INFO INFO [fund_daily 562/1169] 511020.SH rows=1328 span=20190222..20241231 attempts=1
2026-09-17 19:48:16,601 INFO INFO [fund_daily 563/1169] 511030.SH rows=1359 span=20190322..20241231 attempts=1
2026-09-17 19:48:17,958 INFO INFO [fund_daily 564/1169] 511050.SH rows=194 span=20200730..20210608 attempts=1
2026-09-17 19:48:20,086 INFO INFO [fund_daily 565/1169] 511060.SH rows=1220 span=20191212..20241231 attempts=1
2026-09-17 19:48:22,120 INFO INFO [fund_daily 566/1169] 511090.SH rows=378 span=20230613..20241231 attempts=1
2026-09-17 19:48:23,461 INFO INFO [fund_daily 567/1169] 511100.SH rows=247 span=20231225..20241231 attempts=1
2026-09-17 19:48:24,483 INFO INFO [fund_daily 568/1169] 511130.SH rows=186 span=20240328..20241231 attempts=1
2026-09-17 19:48:25,754 INFO INFO [fund_daily 569/1169] 511180.SH rows=1055 span=20200826..20241231 attempts=1
2026-09-17 19:48:26,934 INFO INFO [fund_daily 570/1169] 511210.SH rows=522 span=20150105..20171018 attempts=1
2026-09-17 19:48:28,395 INFO INFO [fund_daily 571/1169] 511220.SH rows=2425 span=20150105..20241231 attempts=1
2026-09-17 19:48:29,406 INFO INFO [fund_daily 572/1169] 511230.SH rows=213 span=20170421..20190218 attempts=1
2026-09-17 19:48:31,196 INFO INFO [fund_daily 573/1169] 511260.SH rows=1785 span=20170824..20241231 attempts=1
2026-09-17 19:48:32,706 INFO INFO [fund_daily 574/1169] 511270.SH rows=1479 span=20181122..20241231 attempts=1
2026-09-17 19:48:34,256 INFO INFO [fund_daily 575/1169] 511280.SH rows=429 span=20180531..20210802 attempts=1
2026-09-17 19:48:35,348 INFO INFO [fund_daily 576/1169] 511290.SH rows=276 span=20180427..20200713 attempts=1
2026-09-17 19:48:36,568 INFO INFO [fund_daily 577/1169] 511310.SH rows=706 span=20180426..20221229 attempts=1
2026-09-17 19:48:37,999 INFO INFO [fund_daily 578/1169] 511360.SH rows=1033 span=20200925..20241231 attempts=1
2026-09-17 19:48:39,264 INFO INFO [fund_daily 579/1169] 511380.SH rows=1151 span=20200407..20241231 attempts=1
2026-09-17 19:48:40,415 INFO INFO [fund_daily 580/1169] 511520.SH rows=533 span=20221025..20241231 attempts=1
2026-09-17 19:48:41,927 INFO INFO [fund_daily 581/1169] 511580.SH rows=491 span=20221214..20241231 attempts=1
2026-09-17 19:48:43,279 INFO INFO [fund_daily 582/1169] 511600.SH rows=2005 span=20160927..20241231 attempts=1
2026-09-17 19:48:44,586 INFO INFO [fund_daily 583/1169] 511620.SH rows=1768 span=20170907..20241231 attempts=1
2026-09-17 19:48:45,874 INFO INFO [fund_daily 584/1169] 511650.SH rows=1918 span=20170116..20241231 attempts=1
2026-09-17 19:48:47,264 INFO INFO [fund_daily 585/1169] 511660.SH rows=2011 span=20160921..20241231 attempts=1
2026-09-17 19:48:48,337 INFO INFO [fund_daily 586/1169] 511670.SH rows=1643 span=20170828..20241231 attempts=1
2026-09-17 19:48:49,716 INFO INFO [fund_daily 587/1169] 511680.SH rows=413 span=20160927..20180730 attempts=1
2026-09-17 19:48:51,760 INFO INFO [fund_daily 588/1169] 511690.SH rows=1995 span=20161020..20241231 attempts=1
2026-09-17 19:48:53,001 INFO INFO [fund_daily 589/1169] 511700.SH rows=1998 span=20161017..20241231 attempts=1
2026-09-17 19:48:54,172 INFO INFO [fund_daily 590/1169] 511760.SH rows=211 span=20161215..20180125 attempts=1
2026-09-17 19:48:55,341 INFO INFO [fund_daily 591/1169] 511770.SH rows=1514 span=20170410..20241231 attempts=1
2026-09-17 19:48:56,663 INFO INFO [fund_daily 592/1169] 511800.SH rows=2431 span=20150105..20241231 attempts=1
2026-09-17 19:48:58,574 INFO INFO [fund_daily 593/1169] 511810.SH rows=2431 span=20150105..20241231 attempts=1
2026-09-17 19:48:59,699 INFO INFO [fund_daily 594/1169] 511820.SH rows=2021 span=20160222..20241230 attempts=1
2026-09-17 19:49:01,792 INFO INFO [fund_daily 595/1169] 511830.SH rows=2266 span=20150803..20241231 attempts=1
2026-09-17 19:49:03,088 INFO INFO [fund_daily 596/1169] 511850.SH rows=2056 span=20160718..20241231 attempts=1
2026-09-17 19:49:04,622 INFO INFO [fund_daily 597/1169] 511860.SH rows=2426 span=20150105..20241231 attempts=1
2026-09-17 19:49:05,958 INFO INFO [fund_daily 598/1169] 511880.SH rows=2431 span=20150105..20241231 attempts=1
2026-09-17 19:49:07,413 INFO INFO [fund_daily 599/1169] 511890.SH rows=577 span=20150803..20171222 attempts=1
2026-09-17 19:49:08,609 INFO INFO [fund_daily 600/1169] 511900.SH rows=2204 span=20151209..20241231 attempts=1
2026-09-17 19:49:10,324 INFO INFO [fund_daily 601/1169] 511910.SH rows=1528 span=20160704..20241231 attempts=1
2026-09-17 19:49:11,533 INFO INFO [fund_daily 602/1169] 511920.SH rows=2018 span=20160328..20241231 attempts=1
2026-09-17 19:49:12,639 INFO INFO [fund_daily 603/1169] 511930.SH rows=1664 span=20151215..20241231 attempts=1
2026-09-17 19:49:13,765 INFO INFO [fund_daily 604/1169] 511950.SH rows=1196 span=20161219..20241231 attempts=1
2026-09-17 19:49:14,960 INFO INFO [fund_daily 605/1169] 511960.SH rows=1841 span=20160111..20241231 attempts=1
2026-09-17 19:49:16,019 INFO INFO [fund_daily 606/1169] 511970.SH rows=1407 span=20160718..20241231 attempts=1
2026-09-17 19:49:17,260 INFO INFO [fund_daily 607/1169] 511980.SH rows=2158 span=20151102..20241231 attempts=1
2026-09-17 19:49:18,493 INFO INFO [fund_daily 608/1169] 511990.SH rows=2431 span=20150105..20241231 attempts=1
2026-09-17 19:49:19,744 INFO INFO [fund_daily 609/1169] 512000.SH rows=2014 span=20160914..20241231 attempts=1
2026-09-17 19:49:20,911 INFO INFO [fund_daily 610/1169] 512010.SH rows=2429 span=20150105..20241231 attempts=1
2026-09-17 19:49:21,919 INFO INFO [fund_daily 611/1169] 512020.SH rows=22 span=20241202..20241231 attempts=1
2026-09-17 19:49:24,014 INFO INFO [fund_daily 612/1169] 512040.SH rows=1478 span=20181129..20241231 attempts=1
2026-09-17 19:49:25,052 INFO INFO [fund_daily 613/1169] 512050.SH rows=33 span=20241115..20241231 attempts=1
2026-09-17 19:49:26,372 INFO INFO [fund_daily 614/1169] 512070.SH rows=2430 span=20150105..20241231 attempts=1
2026-09-17 19:49:28,656 INFO INFO [fund_daily 615/1169] 512090.SH rows=1600 span=20180601..20241231 attempts=1
2026-09-17 19:49:29,937 INFO INFO [fund_daily 616/1169] 512100.SH rows=1983 span=20161104..20241231 attempts=1
2026-09-17 19:49:31,241 INFO INFO [fund_daily 617/1169] 512110.SH rows=400 span=20150105..20160920 attempts=1
2026-09-17 19:49:32,644 INFO INFO [fund_daily 618/1169] 512120.SH rows=2403 span=20150105..20241231 attempts=1
2026-09-17 19:49:33,912 INFO INFO [fund_daily 619/1169] 512150.SH rows=1443 span=20190121..20241231 attempts=1
2026-09-17 19:49:35,239 INFO INFO [fund_daily 620/1169] 512160.SH rows=1623 span=20180427..20241231 attempts=1
2026-09-17 19:49:36,503 INFO INFO [fund_daily 621/1169] 512170.SH rows=1347 span=20190617..20241231 attempts=1
2026-09-17 19:49:39,576 INFO INFO [fund_daily 622/1169] 512180.SH rows=1601 span=20180521..20241231 attempts=1
2026-09-17 19:49:40,810 INFO INFO [fund_daily 623/1169] 512190.SH rows=1265 span=20190909..20241231 attempts=1
2026-09-17 19:49:42,142 INFO INFO [fund_daily 624/1169] 512200.SH rows=1764 span=20170925..20241231 attempts=1
2026-09-17 19:49:43,674 INFO INFO [fund_daily 625/1169] 512210.SH rows=716 span=20150105..20180302 attempts=1
2026-09-17 19:49:44,899 INFO INFO [fund_daily 626/1169] 512220.SH rows=2353 span=20150105..20241231 attempts=1
2026-09-17 19:49:45,980 INFO INFO [fund_daily 627/1169] 512230.SH rows=723 span=20150105..20180302 attempts=1
2026-09-17 19:49:47,841 INFO INFO [fund_daily 628/1169] 512260.SH rows=1449 span=20190111..20241231 attempts=1
2026-09-17 19:49:48,957 INFO INFO [fund_daily 629/1169] 512270.SH rows=574 span=20190329..20210806 attempts=1
2026-09-17 19:49:51,031 INFO INFO [fund_daily 630/1169] 512280.SH rows=1604 span=20180525..20241231 attempts=1
2026-09-17 19:49:52,234 INFO INFO [fund_daily 631/1169] 512290.SH rows=1367 span=20190520..20241231 attempts=1
2026-09-17 19:49:53,506 INFO INFO [fund_daily 632/1169] 512300.SH rows=1449 span=20150105..20201221 attempts=1
2026-09-17 19:49:54,633 INFO INFO [fund_daily 633/1169] 512310.SH rows=1376 span=20150508..20210104 attempts=1
2026-09-17 19:49:55,766 INFO INFO [fund_daily 634/1169] 512320.SH rows=828 span=20200807..20240222 attempts=1
2026-09-17 19:49:57,303 INFO INFO [fund_daily 635/1169] 512330.SH rows=2299 span=20150720..20241231 attempts=1
2026-09-17 19:49:58,382 INFO INFO [fund_daily 636/1169] 512340.SH rows=1375 span=20150515..20210111 attempts=1
2026-09-17 19:49:59,568 INFO INFO [fund_daily 637/1169] 512350.SH rows=308 span=20200910..20211222 attempts=1
2026-09-17 19:50:01,895 INFO INFO [fund_daily 638/1169] 512360.SH rows=1489 span=20180720..20241231 attempts=1
2026-09-17 19:50:03,199 INFO INFO [fund_daily 639/1169] 512380.SH rows=1378 span=20190430..20241231 attempts=1
2026-09-17 19:50:04,926 INFO INFO [fund_daily 640/1169] 512390.SH rows=1472 span=20180713..20241231 attempts=1
2026-09-17 19:50:06,627 INFO INFO [fund_daily 641/1169] 512400.SH rows=1780 span=20170901..20241231 attempts=1
2026-09-17 19:50:08,149 INFO INFO [fund_daily 642/1169] 512480.SH rows=1350 span=20190612..20241231 attempts=1
2026-09-17 19:50:09,757 INFO INFO [fund_daily 643/1169] 512500.SH rows=2334 span=20150529..20241231 attempts=1
2026-09-17 19:50:11,116 INFO INFO [fund_daily 644/1169] 512510.SH rows=2324 span=20150612..20241231 attempts=1
2026-09-17 19:50:12,620 INFO INFO [fund_daily 645/1169] 512520.SH rows=1610 span=20180518..20241231 attempts=1
2026-09-17 19:50:13,910 INFO INFO [fund_daily 646/1169] 512530.SH rows=1279 span=20190923..20241231 attempts=1
2026-09-17 19:50:15,073 INFO INFO [fund_daily 647/1169] 512550.SH rows=1799 span=20170807..20241231 attempts=1
2026-09-17 19:50:16,299 INFO INFO [fund_daily 648/1169] 512560.SH rows=1802 span=20170728..20241231 attempts=1
2026-09-17 19:50:17,455 INFO INFO [fund_daily 649/1169] 512570.SH rows=1792 span=20170811..20241231 attempts=1
2026-09-17 19:50:18,717 INFO INFO [fund_daily 650/1169] 512580.SH rows=1908 span=20170228..20241231 attempts=1
2026-09-17 19:50:20,285 INFO INFO [fund_daily 651/1169] 512590.SH rows=944 span=20190308..20230120 attempts=1
2026-09-17 19:50:21,580 INFO INFO [fund_daily 652/1169] 512600.SH rows=2388 span=20150105..20241231 attempts=1
2026-09-17 19:50:23,010 INFO INFO [fund_daily 653/1169] 512610.SH rows=1884 span=20150105..20221028 attempts=1
2026-09-17 19:50:24,301 INFO INFO [fund_daily 654/1169] 512640.SH rows=2168 span=20150105..20241231 attempts=1
2026-09-17 19:50:25,841 INFO INFO [fund_daily 655/1169] 512650.SH rows=1259 span=20191025..20241231 attempts=1
2026-09-17 19:50:27,467 INFO INFO [fund_daily 656/1169] 512660.SH rows=2041 span=20160808..20241231 attempts=1
2026-09-17 19:50:28,894 INFO INFO [fund_daily 657/1169] 512670.SH rows=1314 span=20190801..20241231 attempts=1
2026-09-17 19:50:30,165 INFO INFO [fund_daily 658/1169] 512680.SH rows=1999 span=20161014..20241231 attempts=1
2026-09-17 19:50:31,448 INFO INFO [fund_daily 659/1169] 512690.SH rows=1376 span=20190506..20241231 attempts=1
2026-09-17 19:50:33,131 INFO INFO [fund_daily 660/1169] 512700.SH rows=1807 span=20170726..20241231 attempts=1
2026-09-17 19:50:34,528 INFO INFO [fund_daily 661/1169] 512710.SH rows=1297 span=20190826..20241231 attempts=1
2026-09-17 19:50:35,794 INFO INFO [fund_daily 662/1169] 512720.SH rows=1304 span=20190816..20241231 attempts=1
2026-09-17 19:50:37,190 INFO INFO [fund_daily 663/1169] 512730.SH rows=1192 span=20200207..20241231 attempts=1
2026-09-17 19:50:39,200 INFO INFO [fund_daily 664/1169] 512750.SH rows=1334 span=20190705..20241231 attempts=1
2026-09-17 19:50:40,535 INFO INFO [fund_daily 665/1169] 512760.SH rows=1350 span=20190612..20241231 attempts=1
2026-09-17 19:50:41,767 INFO INFO [fund_daily 666/1169] 512770.SH rows=1547 span=20180816..20241231 attempts=1
2026-09-17 19:50:43,130 INFO INFO [fund_daily 667/1169] 512780.SH rows=1067 span=20180524..20221017 attempts=1
2026-09-17 19:50:44,453 INFO INFO [fund_daily 668/1169] 512790.SH rows=183 span=20190906..20200612 attempts=1
2026-09-17 19:50:45,728 INFO INFO [fund_daily 669/1169] 512800.SH rows=1801 span=20170803..20241231 attempts=1
2026-09-17 19:50:47,164 INFO INFO [fund_daily 670/1169] 512810.SH rows=2031 span=20160822..20241231 attempts=1
2026-09-17 19:50:48,359 INFO INFO [fund_daily 671/1169] 512820.SH rows=1481 span=20181123..20241231 attempts=1
2026-09-17 19:50:49,574 INFO INFO [fund_daily 672/1169] 512850.SH rows=494 span=20181109..20201208 attempts=1
2026-09-17 19:50:50,750 INFO INFO [fund_daily 673/1169] 512860.SH rows=569 span=20181026..20210308 attempts=1
2026-09-17 19:50:51,967 INFO INFO [fund_daily 674/1169] 512870.SH rows=1372 span=20190222..20241231 attempts=1
2026-09-17 19:50:53,375 INFO INFO [fund_daily 675/1169] 512880.SH rows=2041 span=20160808..20241231 attempts=1
2026-09-17 19:50:54,803 INFO INFO [fund_daily 676/1169] 512890.SH rows=1443 span=20190118..20241231 attempts=1
2026-09-17 19:50:56,087 INFO INFO [fund_daily 677/1169] 512900.SH rows=1885 span=20170331..20241231 attempts=1
2026-09-17 19:50:57,259 INFO INFO [fund_daily 678/1169] 512910.SH rows=1338 span=20190701..20241231 attempts=1
2026-09-17 19:50:59,126 INFO INFO [fund_daily 679/1169] 512920.SH rows=720 span=20181207..20221202 attempts=1
2026-09-17 19:51:00,296 INFO INFO [fund_daily 680/1169] 512930.SH rows=1299 span=20190823..20241231 attempts=1
2026-09-17 19:51:01,520 INFO INFO [fund_daily 681/1169] 512950.SH rows=1444 span=20190118..20241231 attempts=1
2026-09-17 19:51:02,724 INFO INFO [fund_daily 682/1169] 512960.SH rows=1444 span=20190118..20241231 attempts=1
2026-09-17 19:51:03,916 INFO INFO [fund_daily 683/1169] 512970.SH rows=1248 span=20191111..20241231 attempts=1
2026-09-17 19:51:05,148 INFO INFO [fund_daily 684/1169] 512980.SH rows=1686 span=20180119..20241231 attempts=1
2026-09-17 19:51:06,512 INFO INFO [fund_daily 685/1169] 512990.SH rows=2379 span=20150325..20241231 attempts=1
2026-09-17 19:51:07,750 INFO INFO [fund_daily 686/1169] 513000.SH rows=1342 span=20190625..20241231 attempts=1
2026-09-17 19:51:08,871 INFO INFO [fund_daily 687/1169] 513010.SH rows=877 span=20210525..20241231 attempts=1
2026-09-17 19:51:10,065 INFO INFO [fund_daily 688/1169] 513020.SH rows=706 span=20220208..20241231 attempts=1
2026-09-17 19:51:11,906 INFO INFO [fund_daily 689/1169] 513030.SH rows=2431 span=20150105..20241231 attempts=1
2026-09-17 19:51:13,023 INFO INFO [fund_daily 690/1169] 513040.SH rows=379 span=20230612..20241231 attempts=1
2026-09-17 19:51:14,387 INFO INFO [fund_daily 691/1169] 513050.SH rows=1932 span=20170118..20241231 attempts=1
2026-09-17 19:51:15,758 INFO INFO [fund_daily 692/1169] 513060.SH rows=914 span=20210329..20241231 attempts=1
2026-09-17 19:51:19,169 INFO INFO [fund_daily 693/1169] 513070.SH rows=674 span=20220324..20241231 attempts=1
2026-09-17 19:51:21,182 INFO INFO [fund_daily 694/1169] 513080.SH rows=1106 span=20200612..20241231 attempts=1
2026-09-17 19:51:22,295 INFO INFO [fund_daily 695/1169] 513090.SH rows=1158 span=20200326..20241231 attempts=1
2026-09-17 19:51:23,754 INFO INFO [fund_daily 696/1169] 513100.SH rows=2430 span=20150105..20241231 attempts=1
2026-09-17 19:51:24,834 INFO INFO [fund_daily 697/1169] 513110.SH rows=435 span=20230320..20241231 attempts=1
2026-09-17 19:51:25,933 INFO INFO [fund_daily 698/1169] 513120.SH rows=602 span=20220712..20241231 attempts=1
2026-09-17 19:51:27,399 INFO INFO [fund_daily 699/1169] 513130.SH rows=872 span=20210601..20241231 attempts=1
2026-09-17 19:51:28,911 INFO INFO [fund_daily 700/1169] 513140.SH rows=477 span=20230112..20241231 attempts=1
2026-09-17 19:51:30,254 INFO INFO [fund_daily 701/1169] 513150.SH rows=703 span=20220211..20241231 attempts=1
2026-09-17 19:51:31,401 INFO INFO [fund_daily 702/1169] 513160.SH rows=705 span=20220209..20241231 attempts=1
2026-09-17 19:51:32,442 INFO INFO [fund_daily 703/1169] 513170.SH rows=172 span=20240419..20241231 attempts=1
2026-09-17 19:51:33,613 INFO INFO [fund_daily 704/1169] 513180.SH rows=877 span=20210525..20241231 attempts=1
2026-09-17 19:51:34,673 INFO INFO [fund_daily 705/1169] 513190.SH rows=300 span=20231011..20241231 attempts=1
2026-09-17 19:51:35,867 INFO INFO [fund_daily 706/1169] 513200.SH rows=703 span=20220211..20241231 attempts=1
2026-09-17 19:51:37,001 INFO INFO [fund_daily 707/1169] 513210.SH rows=171 span=20240422..20241231 attempts=1
2026-09-17 19:51:38,457 INFO INFO [fund_daily 708/1169] 513220.SH rows=599 span=20220715..20241231 attempts=1
2026-09-17 19:51:39,802 INFO INFO [fund_daily 709/1169] 513230.SH rows=712 span=20220124..20241231 attempts=1
2026-09-17 19:51:41,324 INFO INFO [fund_daily 710/1169] 513260.SH rows=558 span=20220913..20241231 attempts=1
2026-09-17 19:51:42,461 INFO INFO [fund_daily 711/1169] 513280.SH rows=598 span=20220718..20241231 attempts=1
2026-09-17 19:51:43,580 INFO INFO [fund_daily 712/1169] 513290.SH rows=568 span=20220829..20241231 attempts=1
2026-09-17 19:51:44,709 INFO INFO [fund_daily 713/1169] 513300.SH rows=1010 span=20201105..20241231 attempts=1
2026-09-17 19:51:45,793 INFO INFO [fund_daily 714/1169] 513310.SH rows=491 span=20221222..20241231 attempts=1
2026-09-17 19:51:46,914 INFO INFO [fund_daily 715/1169] 513320.SH rows=677 span=20220321..20241231 attempts=1
2026-09-17 19:51:48,079 INFO INFO [fund_daily 716/1169] 513330.SH rows=944 span=20210208..20241231 attempts=1
2026-09-17 19:51:49,163 INFO INFO [fund_daily 717/1169] 513350.SH rows=266 span=20231128..20241231 attempts=1
2026-09-17 19:51:50,293 INFO INFO [fund_daily 718/1169] 513360.SH rows=861 span=20210617..20241231 attempts=1
2026-09-17 19:51:52,449 INFO INFO [fund_daily 719/1169] 513380.SH rows=644 span=20220512..20241231 attempts=1
2026-09-17 19:51:53,574 INFO INFO [fund_daily 720/1169] 513390.SH rows=404 span=20230508..20241231 attempts=1
2026-09-17 19:51:54,669 INFO INFO [fund_daily 721/1169] 513400.SH rows=219 span=20240202..20241231 attempts=1
2026-09-17 19:51:56,054 INFO INFO [fund_daily 722/1169] 513500.SH rows=2430 span=20150105..20241231 attempts=1
2026-09-17 19:51:57,376 INFO INFO [fund_daily 723/1169] 513520.SH rows=1342 span=20190625..20241231 attempts=1
2026-09-17 19:51:59,311 INFO INFO [fund_daily 724/1169] 513530.SH rows=654 span=20220425..20241231 attempts=1
2026-09-17 19:52:00,991 INFO INFO [fund_daily 725/1169] 513550.SH rows=962 span=20210113..20241231 attempts=1
2026-09-17 19:52:02,120 INFO INFO [fund_daily 726/1169] 513560.SH rows=460 span=20230213..20241231 attempts=1
2026-09-17 19:52:03,306 INFO INFO [fund_daily 727/1169] 513580.SH rows=875 span=20210527..20241231 attempts=1
2026-09-17 19:52:04,437 INFO INFO [fund_daily 728/1169] 513590.SH rows=816 span=20210819..20241231 attempts=1
2026-09-17 19:52:05,676 INFO INFO [fund_daily 729/1169] 513600.SH rows=2415 span=20150126..20241231 attempts=1
2026-09-17 19:52:07,089 INFO INFO [fund_daily 730/1169] 513630.SH rows=258 span=20231208..20241231 attempts=1
2026-09-17 19:52:10,279 INFO INFO [fund_daily 731/1169] 513650.SH rows=424 span=20230404..20241231 attempts=1
2026-09-17 19:52:11,625 INFO INFO [fund_daily 732/1169] 513660.SH rows=2413 span=20150126..20241231 attempts=1
2026-09-17 19:52:13,040 INFO INFO [fund_daily 733/1169] 513680.SH rows=957 span=20190121..20230131 attempts=1
2026-09-17 19:52:14,270 INFO INFO [fund_daily 734/1169] 513690.SH rows=880 span=20210520..20241231 attempts=1
2026-09-17 19:52:15,594 INFO INFO [fund_daily 735/1169] 513700.SH rows=825 span=20210806..20241231 attempts=1
2026-09-17 19:52:16,653 INFO INFO [fund_daily 736/1169] 513730.SH rows=263 span=20231201..20241231 attempts=1
2026-09-17 19:52:17,680 INFO INFO [fund_daily 737/1169] 513750.SH rows=267 span=20231127..20241231 attempts=1
2026-09-17 19:52:18,764 INFO INFO [fund_daily 738/1169] 513770.SH rows=698 span=20220218..20241231 attempts=1
2026-09-17 19:52:19,961 INFO INFO [fund_daily 739/1169] 513780.SH rows=48 span=20241025..20241231 attempts=1
2026-09-17 19:52:21,040 INFO INFO [fund_daily 740/1169] 513800.SH rows=1342 span=20190625..20241231 attempts=1
2026-09-17 19:52:22,187 INFO INFO [fund_daily 741/1169] 513810.SH rows=322 span=20230901..20241231 attempts=1
2026-09-17 19:52:23,425 INFO INFO [fund_daily 742/1169] 513820.SH rows=156 span=20240516..20241231 attempts=1
2026-09-17 19:52:24,839 INFO INFO [fund_daily 743/1169] 513850.SH rows=273 span=20231117..20241231 attempts=1
2026-09-17 19:52:26,048 INFO INFO [fund_daily 744/1169] 513860.SH rows=850 span=20210702..20241231 attempts=1
2026-09-17 19:52:27,172 INFO INFO [fund_daily 745/1169] 513870.SH rows=284 span=20231102..20241231 attempts=1
2026-09-17 19:52:28,437 INFO INFO [fund_daily 746/1169] 513880.SH rows=1342 span=20190625..20241231 attempts=1
2026-09-17 19:52:29,653 INFO INFO [fund_daily 747/1169] 513890.SH rows=713 span=20220121..20241231 attempts=1
2026-09-17 19:52:31,191 INFO INFO [fund_daily 748/1169] 513900.SH rows=1594 span=20180525..20241231 attempts=1
2026-09-17 19:52:32,276 INFO INFO [fund_daily 749/1169] 513910.SH rows=204 span=20240304..20241231 attempts=1
2026-09-17 19:52:33,348 INFO INFO [fund_daily 750/1169] 513920.SH rows=239 span=20240105..20241231 attempts=1
2026-09-17 19:52:34,456 INFO INFO [fund_daily 751/1169] 513950.SH rows=407 span=20230428..20241231 attempts=1
2026-09-17 19:52:35,967 INFO INFO [fund_daily 752/1169] 513960.SH rows=604 span=20220318..20240909 attempts=1
2026-09-17 19:52:37,037 INFO INFO [fund_daily 753/1169] 513970.SH rows=412 span=20230421..20241231 attempts=1
2026-09-17 19:52:38,220 INFO INFO [fund_daily 754/1169] 513980.SH rows=850 span=20210702..20241231 attempts=1
2026-09-17 19:52:40,285 INFO INFO [fund_daily 755/1169] 513990.SH rows=1061 span=20200818..20241231 attempts=1
2026-09-17 19:52:41,562 INFO INFO [fund_daily 756/1169] 515000.SH rows=1304 span=20190816..20241231 attempts=1
2026-09-17 19:52:43,256 INFO INFO [fund_daily 757/1169] 515010.SH rows=1251 span=20191107..20241231 attempts=1
2026-09-17 19:52:44,434 INFO INFO [fund_daily 758/1169] 515020.SH rows=1233 span=20191203..20241231 attempts=1
2026-09-17 19:52:45,733 INFO INFO [fund_daily 759/1169] 515030.SH rows=1174 span=20200304..20241231 attempts=1
2026-09-17 19:52:47,267 INFO INFO [fund_daily 760/1169] 515050.SH rows=1267 span=20191016..20241231 attempts=1
2026-09-17 19:52:48,771 INFO INFO [fund_daily 761/1169] 515060.SH rows=1211 span=20200103..20241231 attempts=1
2026-09-17 19:52:49,961 INFO INFO [fund_daily 762/1169] 515070.SH rows=1218 span=20191224..20241231 attempts=1
2026-09-17 19:52:51,262 INFO INFO [fund_daily 763/1169] 515080.SH rows=1215 span=20191227..20241231 attempts=1
2026-09-17 19:52:52,612 INFO INFO [fund_daily 764/1169] 515090.SH rows=1183 span=20200220..20241231 attempts=1
2026-09-17 19:52:53,957 INFO INFO [fund_daily 765/1169] 515100.SH rows=1093 span=20200703..20241231 attempts=1
2026-09-17 19:52:55,252 INFO INFO [fund_daily 766/1169] 515110.SH rows=1203 span=20200115..20241231 attempts=1
2026-09-17 19:52:56,348 INFO INFO [fund_daily 767/1169] 515120.SH rows=969 span=20210104..20241231 attempts=1
2026-09-17 19:52:57,575 INFO INFO [fund_daily 768/1169] 515130.SH rows=1130 span=20200511..20241231 attempts=1
2026-09-17 19:52:58,804 INFO INFO [fund_daily 769/1169] 515150.SH rows=1203 span=20200115..20241231 attempts=1
2026-09-17 19:53:00,034 INFO INFO [fund_daily 770/1169] 515160.SH rows=1176 span=20200302..20241231 attempts=1
2026-09-17 19:53:01,513 INFO INFO [fund_daily 771/1169] 515170.SH rows=962 span=20210113..20241231 attempts=1
2026-09-17 19:53:03,105 INFO INFO [fund_daily 772/1169] 515180.SH rows=1220 span=20191220..20241231 attempts=1
2026-09-17 19:53:04,292 INFO INFO [fund_daily 773/1169] 515190.SH rows=1106 span=20200527..20241231 attempts=1
2026-09-17 19:53:05,768 INFO INFO [fund_daily 774/1169] 515200.SH rows=1245 span=20191115..20241231 attempts=1
2026-09-17 19:53:06,998 INFO INFO [fund_daily 775/1169] 515210.SH rows=1176 span=20200302..20241231 attempts=1
2026-09-17 19:53:08,226 INFO INFO [fund_daily 776/1169] 515220.SH rows=1176 span=20200302..20241231 attempts=1
2026-09-17 19:53:09,486 INFO INFO [fund_daily 777/1169] 515230.SH rows=933 span=20210302..20241231 attempts=1
2026-09-17 19:53:11,399 INFO INFO [fund_daily 778/1169] 515250.SH rows=965 span=20210108..20241231 attempts=1
2026-09-17 19:53:12,526 INFO INFO [fund_daily 779/1169] 515260.SH rows=1073 span=20200731..20241231 attempts=1
2026-09-17 19:53:13,754 INFO INFO [fund_daily 780/1169] 515280.SH rows=1048 span=20200417..20240809 attempts=1
2026-09-17 19:53:15,133 INFO INFO [fund_daily 781/1169] 515290.SH rows=973 span=20201228..20241231 attempts=1
2026-09-17 19:53:16,317 INFO INFO [fund_daily 782/1169] 515300.SH rows=1281 span=20190919..20241231 attempts=1
2026-09-17 19:53:17,545 INFO INFO [fund_daily 783/1169] 515310.SH rows=1217 span=20191225..20241231 attempts=1
2026-09-17 19:53:18,873 INFO INFO [fund_daily 784/1169] 515320.SH rows=965 span=20210108..20241231 attempts=1
2026-09-17 19:53:20,038 INFO INFO [fund_daily 785/1169] 515330.SH rows=1216 span=20191226..20241231 attempts=1
2026-09-17 19:53:21,271 INFO INFO [fund_daily 786/1169] 515350.SH rows=1192 span=20200207..20241231 attempts=1
2026-09-17 19:53:22,807 INFO INFO [fund_daily 787/1169] 515360.SH rows=1251 span=20191101..20241231 attempts=1
2026-09-17 19:53:24,134 INFO INFO [fund_daily 788/1169] 515380.SH rows=1161 span=20200323..20241231 attempts=1
2026-09-17 19:53:25,341 INFO INFO [fund_daily 789/1169] 515390.SH rows=1206 span=20200110..20241231 attempts=1
2026-09-17 19:53:26,457 INFO INFO [fund_daily 790/1169] 515400.SH rows=957 span=20210120..20241231 attempts=1
2026-09-17 19:53:27,647 INFO INFO [fund_daily 791/1169] 515450.SH rows=1179 span=20200226..20241231 attempts=1
2026-09-17 19:53:28,804 INFO INFO [fund_daily 792/1169] 515500.SH rows=562 span=20200918..20230131 attempts=1
2026-09-17 19:53:30,034 INFO INFO [fund_daily 793/1169] 515510.SH rows=653 span=20200506..20230130 attempts=1
2026-09-17 19:53:31,402 INFO INFO [fund_daily 794/1169] 515520.SH rows=798 span=20191118..20230505 attempts=1
2026-09-17 19:53:32,561 INFO INFO [fund_daily 795/1169] 515530.SH rows=1008 span=20201109..20241231 attempts=1
2026-09-17 19:53:33,725 INFO INFO [fund_daily 796/1169] 515550.SH rows=1202 span=20191225..20241231 attempts=1
2026-09-17 19:53:35,261 INFO INFO [fund_daily 797/1169] 515560.SH rows=1082 span=20200720..20241231 attempts=1
2026-09-17 19:53:36,423 INFO INFO [fund_daily 798/1169] 515570.SH rows=870 span=20200409..20231113 attempts=1
2026-09-17 19:53:37,819 INFO INFO [fund_daily 799/1169] 515580.SH rows=1258 span=20191028..20241231 attempts=1
2026-09-17 19:53:38,956 INFO INFO [fund_daily 800/1169] 515590.SH rows=1199 span=20200120..20241231 attempts=1
2026-09-17 19:53:40,134 INFO INFO [fund_daily 801/1169] 515600.SH rows=1219 span=20191218..20241231 attempts=1
2026-09-17 19:53:41,335 INFO INFO [fund_daily 802/1169] 515610.SH rows=471 span=20200818..20220804 attempts=1
2026-09-17 19:53:42,730 INFO INFO [fund_daily 803/1169] 515620.SH rows=210 span=20200525..20210402 attempts=1
2026-09-17 19:53:44,221 INFO INFO [fund_daily 804/1169] 515630.SH rows=1152 span=20200403..20241231 attempts=1
2026-09-17 19:53:45,705 INFO INFO [fund_daily 805/1169] 515650.SH rows=1249 span=20191111..20241231 attempts=1
2026-09-17 19:53:46,933 INFO INFO [fund_daily 806/1169] 515660.SH rows=1218 span=20191224..20241231 attempts=1
2026-09-17 19:53:48,167 INFO INFO [fund_daily 807/1169] 515670.SH rows=929 span=20200520..20240408 attempts=1
2026-09-17 19:53:49,393 INFO INFO [fund_daily 808/1169] 515680.SH rows=1220 span=20191218..20241231 attempts=1
2026-09-17 19:53:50,472 INFO INFO [fund_daily 809/1169] 515690.SH rows=445 span=20200513..20220310 attempts=1
2026-09-17 19:53:51,708 INFO INFO [fund_daily 810/1169] 515700.SH rows=1191 span=20200210..20241231 attempts=1
2026-09-17 19:53:52,903 INFO INFO [fund_daily 811/1169] 515710.SH rows=966 span=20210107..20241231 attempts=1
2026-09-17 19:53:54,972 INFO INFO [fund_daily 812/1169] 515750.SH rows=1230 span=20191206..20241231 attempts=1
2026-09-17 19:53:56,309 INFO INFO [fund_daily 813/1169] 515760.SH rows=1028 span=20201012..20241231 attempts=1
2026-09-17 19:53:57,481 INFO INFO [fund_daily 814/1169] 515770.SH rows=1101 span=20200619..20241231 attempts=1
2026-09-17 19:53:58,661 INFO INFO [fund_daily 815/1169] 515780.SH rows=1069 span=20200529..20241231 attempts=1
2026-09-17 19:53:59,868 INFO INFO [fund_daily 816/1169] 515790.SH rows=979 span=20201218..20241231 attempts=1
2026-09-17 19:54:01,271 INFO INFO [fund_daily 817/1169] 515800.SH rows=1224 span=20191216..20241231 attempts=1
2026-09-17 19:54:02,446 INFO INFO [fund_daily 818/1169] 515810.SH rows=1260 span=20191025..20241231 attempts=1
2026-09-17 19:54:03,557 INFO INFO [fund_daily 819/1169] 515820.SH rows=568 span=20200529..20220928 attempts=1
2026-09-17 19:54:04,645 INFO INFO [fund_daily 820/1169] 515830.SH rows=378 span=20200717..20220330 attempts=1
2026-09-17 19:54:06,291 INFO INFO [fund_daily 821/1169] 515850.SH rows=1182 span=20200221..20241231 attempts=1
2026-09-17 19:54:08,363 INFO INFO [fund_daily 822/1169] 515860.SH rows=1263 span=20191022..20241231 attempts=1
2026-09-17 19:54:09,529 INFO INFO [fund_daily 823/1169] 515870.SH rows=727 span=20200117..20230116 attempts=1
2026-09-17 19:54:10,843 INFO INFO [fund_daily 824/1169] 515880.SH rows=1289 span=20190906..20241231 attempts=1
2026-09-17 19:54:11,921 INFO INFO [fund_daily 825/1169] 515890.SH rows=1142 span=20200420..20241231 attempts=1
2026-09-17 19:54:13,927 INFO INFO [fund_daily 826/1169] 515900.SH rows=1222 span=20191218..20241231 attempts=1
2026-09-17 19:54:15,125 INFO INFO [fund_daily 827/1169] 515910.SH rows=935 span=20210226..20241231 attempts=1
2026-09-17 19:54:16,667 INFO INFO [fund_daily 828/1169] 515920.SH rows=957 span=20210120..20241231 attempts=1
2026-09-17 19:54:17,861 INFO INFO [fund_daily 829/1169] 515930.SH rows=751 span=20200508..20230609 attempts=1
2026-09-17 19:54:19,197 INFO INFO [fund_daily 830/1169] 515950.SH rows=1154 span=20200401..20241231 attempts=1
2026-09-17 19:54:20,624 INFO INFO [fund_daily 831/1169] 515960.SH rows=1108 span=20200610..20241231 attempts=1
2026-09-17 19:54:22,062 INFO INFO [fund_daily 832/1169] 515980.SH rows=1191 span=20200210..20241231 attempts=1
2026-09-17 19:54:23,527 INFO INFO [fund_daily 833/1169] 515990.SH rows=1198 span=20200115..20241231 attempts=1
2026-09-17 19:54:24,652 INFO INFO [fund_daily 834/1169] 516000.SH rows=934 span=20210301..20241231 attempts=1
2026-09-17 19:54:25,885 INFO INFO [fund_daily 835/1169] 516010.SH rows=930 span=20210305..20241231 attempts=1
2026-09-17 19:54:27,074 INFO INFO [fund_daily 836/1169] 516020.SH rows=929 span=20210308..20241231 attempts=1
2026-09-17 19:54:28,508 INFO INFO [fund_daily 837/1169] 516050.SH rows=945 span=20210205..20241231 attempts=1
2026-09-17 19:54:29,872 INFO INFO [fund_daily 838/1169] 516060.SH rows=934 span=20210301..20241231 attempts=1
2026-09-17 19:54:31,314 INFO INFO [fund_daily 839/1169] 516070.SH rows=895 span=20210423..20241231 attempts=1
2026-09-17 19:54:32,538 INFO INFO [fund_daily 840/1169] 516080.SH rows=938 span=20210223..20241231 attempts=1
2026-09-17 19:54:33,938 INFO INFO [fund_daily 841/1169] 516090.SH rows=919 span=20210319..20241231 attempts=1
2026-09-17 19:54:35,175 INFO INFO [fund_daily 842/1169] 516100.SH rows=835 span=20210723..20241231 attempts=1
2026-09-17 19:54:36,493 INFO INFO [fund_daily 843/1169] 516110.SH rows=889 span=20210507..20241231 attempts=1
2026-09-17 19:54:37,662 INFO INFO [fund_daily 844/1169] 516120.SH rows=928 span=20210309..20241231 attempts=1
2026-09-17 19:54:38,905 INFO INFO [fund_daily 845/1169] 516130.SH rows=784 span=20211013..20241231 attempts=1
2026-09-17 19:54:40,146 INFO INFO [fund_daily 846/1169] 516150.SH rows=922 span=20210317..20241231 attempts=1
2026-09-17 19:54:41,227 INFO INFO [fund_daily 847/1169] 516160.SH rows=946 span=20210204..20241231 attempts=1
2026-09-17 19:54:42,433 INFO INFO [fund_daily 848/1169] 516180.SH rows=932 span=20210303..20241231 attempts=1
2026-09-17 19:54:43,599 INFO INFO [fund_daily 849/1169] 516190.SH rows=795 span=20210917..20241231 attempts=1
2026-09-17 19:54:44,688 INFO INFO [fund_daily 850/1169] 516200.SH rows=919 span=20210322..20241231 attempts=1
2026-09-17 19:54:45,980 INFO INFO [fund_daily 851/1169] 516210.SH rows=792 span=20210924..20241231 attempts=1
2026-09-17 19:54:47,108 INFO INFO [fund_daily 852/1169] 516220.SH rows=927 span=20210310..20241231 attempts=1
2026-09-17 19:54:48,272 INFO INFO [fund_daily 853/1169] 516260.SH rows=829 span=20210802..20241231 attempts=1
2026-09-17 19:54:49,908 INFO INFO [fund_daily 854/1169] 516270.SH rows=835 span=20210723..20241231 attempts=1
2026-09-17 19:54:51,041 INFO INFO [fund_daily 855/1169] 516290.SH rows=814 span=20210823..20241231 attempts=1
2026-09-17 19:54:52,780 INFO INFO [fund_daily 856/1169] 516300.SH rows=917 span=20210324..20241231 attempts=1
2026-09-17 19:54:53,905 INFO INFO [fund_daily 857/1169] 516310.SH rows=874 span=20210528..20241231 attempts=1
2026-09-17 19:54:55,199 INFO INFO [fund_daily 858/1169] 516320.SH rows=867 span=20210608..20241231 attempts=1
2026-09-17 19:54:56,361 INFO INFO [fund_daily 859/1169] 516330.SH rows=906 span=20210409..20241231 attempts=1
2026-09-17 19:54:57,486 INFO INFO [fund_daily 860/1169] 516350.SH rows=733 span=20211223..20241231 attempts=1
2026-09-17 19:54:58,724 INFO INFO [fund_daily 861/1169] 516360.SH rows=885 span=20210513..20241231 attempts=1
2026-09-17 19:54:59,911 INFO INFO [fund_daily 862/1169] 516380.SH rows=860 span=20210618..20241231 attempts=1
2026-09-17 19:55:01,182 INFO INFO [fund_daily 863/1169] 516390.SH rows=860 span=20210618..20241231 attempts=1
2026-09-17 19:55:02,230 INFO INFO [fund_daily 864/1169] 516400.SH rows=112 span=20210701..20211214 attempts=1
2026-09-17 19:55:03,530 INFO INFO [fund_daily 865/1169] 516480.SH rows=864 span=20210611..20241231 attempts=1
2026-09-17 19:55:04,657 INFO INFO [fund_daily 866/1169] 516500.SH rows=922 span=20210317..20241231 attempts=1
2026-09-17 19:55:05,887 INFO INFO [fund_daily 867/1169] 516510.SH rows=908 span=20210407..20241231 attempts=1
2026-09-17 19:55:07,351 INFO INFO [fund_daily 868/1169] 516520.SH rows=934 span=20210301..20241231 attempts=1
2026-09-17 19:55:08,472 INFO INFO [fund_daily 869/1169] 516530.SH rows=717 span=20220117..20241231 attempts=1
2026-09-17 19:55:09,614 INFO INFO [fund_daily 870/1169] 516550.SH rows=907 span=20210408..20241231 attempts=1
2026-09-17 19:55:10,798 INFO INFO [fund_daily 871/1169] 516560.SH rows=796 span=20210916..20241231 attempts=1
2026-09-17 19:55:11,924 INFO INFO [fund_daily 872/1169] 516570.SH rows=860 span=20210618..20241231 attempts=1
2026-09-17 19:55:13,800 INFO INFO [fund_daily 873/1169] 516580.SH rows=834 span=20210726..20241231 attempts=1
2026-09-17 19:55:14,936 INFO INFO [fund_daily 874/1169] 516590.SH rows=886 span=20210512..20241231 attempts=1
2026-09-17 19:55:16,054 INFO INFO [fund_daily 875/1169] 516600.SH rows=935 span=20210226..20241231 attempts=1
2026-09-17 19:55:17,165 INFO INFO [fund_daily 876/1169] 516610.SH rows=885 span=20210513..20241231 attempts=1
2026-09-17 19:55:18,278 INFO INFO [fund_daily 877/1169] 516620.SH rows=767 span=20211105..20241231 attempts=1
2026-09-17 19:55:21,459 INFO INFO [fund_daily 878/1169] 516630.SH rows=805 span=20210903..20241231 attempts=1
2026-09-17 19:55:23,123 INFO INFO [fund_daily 879/1169] 516640.SH rows=810 span=20210827..20241231 attempts=1
2026-09-17 19:55:24,455 INFO INFO [fund_daily 880/1169] 516650.SH rows=859 span=20210621..20241231 attempts=1
2026-09-17 19:55:25,729 INFO INFO [fund_daily 881/1169] 516660.SH rows=935 span=20210226..20241231 attempts=1
2026-09-17 19:55:27,941 INFO INFO [fund_daily 882/1169] 516670.SH rows=915 span=20210326..20241231 attempts=1
2026-09-17 19:55:29,369 INFO INFO [fund_daily 883/1169] 516680.SH rows=384 span=20210308..20220929 attempts=1
2026-09-17 19:55:30,572 INFO INFO [fund_daily 884/1169] 516690.SH rows=595 span=20211221..20240606 attempts=1
2026-09-17 19:55:32,039 INFO INFO [fund_daily 885/1169] 516700.SH rows=881 span=20210519..20241231 attempts=1
2026-09-17 19:55:33,394 INFO INFO [fund_daily 886/1169] 516710.SH rows=818 span=20210817..20241231 attempts=1
2026-09-17 19:55:35,321 INFO INFO [fund_daily 887/1169] 516720.SH rows=820 span=20210813..20241231 attempts=1
2026-09-17 19:55:37,670 INFO INFO [fund_daily 888/1169] 516730.SH rows=762 span=20211112..20241231 attempts=1
2026-09-17 19:55:38,894 INFO INFO [fund_daily 889/1169] 516750.SH rows=767 span=20211105..20241231 attempts=1
2026-09-17 19:55:40,087 INFO INFO [fund_daily 890/1169] 516760.SH rows=925 span=20210312..20241231 attempts=1
2026-09-17 19:55:41,932 INFO INFO [fund_daily 891/1169] 516770.SH rows=930 span=20210305..20241231 attempts=1
2026-09-17 19:55:43,367 INFO INFO [fund_daily 892/1169] 516780.SH rows=929 span=20210308..20241231 attempts=1
2026-09-17 19:55:45,175 INFO INFO [fund_daily 893/1169] 516790.SH rows=814 span=20210823..20241231 attempts=1
2026-09-17 19:55:47,504 INFO INFO [fund_daily 894/1169] 516800.SH rows=940 span=20210219..20241231 attempts=1
2026-09-17 19:55:48,647 INFO INFO [fund_daily 895/1169] 516810.SH rows=721 span=20220111..20241231 attempts=1
2026-09-17 19:55:50,265 INFO INFO [fund_daily 896/1169] 516820.SH rows=851 span=20210701..20241231 attempts=1
2026-09-17 19:55:51,351 INFO INFO [fund_daily 897/1169] 516830.SH rows=849 span=20210705..20241231 attempts=1
2026-09-17 19:55:52,900 INFO INFO [fund_daily 898/1169] 516850.SH rows=920 span=20210319..20241231 attempts=1
2026-09-17 19:55:54,431 INFO INFO [fund_daily 899/1169] 516860.SH rows=786 span=20211011..20241231 attempts=1
2026-09-17 19:55:55,712 INFO INFO [fund_daily 900/1169] 516870.SH rows=78 span=20210709..20211104 attempts=1
2026-09-17 19:55:56,929 INFO INFO [fund_daily 901/1169] 516880.SH rows=959 span=20210118..20241231 attempts=1
2026-09-17 19:55:58,120 INFO INFO [fund_daily 902/1169] 516890.SH rows=832 span=20210728..20241231 attempts=1
2026-09-17 19:55:59,353 INFO INFO [fund_daily 903/1169] 516900.SH rows=892 span=20210428..20241231 attempts=1
2026-09-17 19:56:00,501 INFO INFO [fund_daily 904/1169] 516910.SH rows=864 span=20210611..20241231 attempts=1
2026-09-17 19:56:01,693 INFO INFO [fund_daily 905/1169] 516920.SH rows=819 span=20210816..20241231 attempts=1
2026-09-17 19:56:02,782 INFO INFO [fund_daily 906/1169] 516930.SH rows=817 span=20210818..20241231 attempts=1
2026-09-17 19:56:03,982 INFO INFO [fund_daily 907/1169] 516950.SH rows=884 span=20210514..20241231 attempts=1
2026-09-17 19:56:05,277 INFO INFO [fund_daily 908/1169] 516960.SH rows=889 span=20210507..20241231 attempts=1
2026-09-17 19:56:06,434 INFO INFO [fund_daily 909/1169] 516970.SH rows=849 span=20210705..20241231 attempts=1
2026-09-17 19:56:08,005 INFO INFO [fund_daily 910/1169] 516980.SH rows=853 span=20210624..20241231 attempts=1
2026-09-17 19:56:09,521 INFO INFO [fund_daily 911/1169] 517000.SH rows=930 span=20210305..20241231 attempts=1
2026-09-17 19:56:10,601 INFO INFO [fund_daily 912/1169] 517010.SH rows=820 span=20210812..20241231 attempts=1
2026-09-17 19:56:11,761 INFO INFO [fund_daily 913/1169] 517030.SH rows=790 span=20210927..20241231 attempts=1
2026-09-17 19:56:12,874 INFO INFO [fund_daily 914/1169] 517050.SH rows=944 span=20210208..20241231 attempts=1
2026-09-17 19:56:13,920 INFO INFO [fund_daily 915/1169] 517060.SH rows=215 span=20210326..20220216 attempts=1
2026-09-17 19:56:15,108 INFO INFO [fund_daily 916/1169] 517080.SH rows=939 span=20210222..20241231 attempts=1
2026-09-17 19:56:16,236 INFO INFO [fund_daily 917/1169] 517090.SH rows=730 span=20211228..20241231 attempts=1
2026-09-17 19:56:17,261 INFO INFO [fund_daily 918/1169] 517100.SH rows=933 span=20210302..20241231 attempts=1
2026-09-17 19:56:18,348 INFO INFO [fund_daily 919/1169] 517110.SH rows=788 span=20210930..20241231 attempts=1
2026-09-17 19:56:19,509 INFO INFO [fund_daily 920/1169] 517120.SH rows=839 span=20210719..20241231 attempts=1
2026-09-17 19:56:20,568 INFO INFO [fund_daily 921/1169] 517160.SH rows=723 span=20220105..20241231 attempts=1
2026-09-17 19:56:21,660 INFO INFO [fund_daily 922/1169] 517170.SH rows=891 span=20210420..20241231 attempts=1
2026-09-17 19:56:22,731 INFO INFO [fund_daily 923/1169] 517180.SH rows=730 span=20211228..20241231 attempts=1
2026-09-17 19:56:23,812 INFO INFO [fund_daily 924/1169] 517200.SH rows=944 span=20210208..20241231 attempts=1
2026-09-17 19:56:24,854 INFO INFO [fund_daily 925/1169] 517270.SH rows=514 span=20220112..20240301 attempts=1
2026-09-17 19:56:25,994 INFO INFO [fund_daily 926/1169] 517280.SH rows=627 span=20211203..20240705 attempts=1
2026-09-17 19:56:27,395 INFO INFO [fund_daily 927/1169] 517300.SH rows=937 span=20210224..20241231 attempts=1
2026-09-17 19:56:28,624 INFO INFO [fund_daily 928/1169] 517330.SH rows=722 span=20220105..20241231 attempts=1
2026-09-17 19:56:29,861 INFO INFO [fund_daily 929/1169] 517350.SH rows=870 span=20210603..20241231 attempts=1
2026-09-17 19:56:30,990 INFO INFO [fund_daily 930/1169] 517360.SH rows=849 span=20210705..20241231 attempts=1
2026-09-17 19:56:32,206 INFO INFO [fund_daily 931/1169] 517380.SH rows=824 span=20210809..20241231 attempts=1
2026-09-17 19:56:33,436 INFO INFO [fund_daily 932/1169] 517390.SH rows=733 span=20211223..20241231 attempts=1
2026-09-17 19:56:34,467 INFO INFO [fund_daily 933/1169] 517400.SH rows=162 span=20240508..20241231 attempts=1
2026-09-17 19:56:35,930 INFO INFO [fund_daily 934/1169] 517500.SH rows=405 span=20220315..20231113 attempts=1
2026-09-17 19:56:37,848 INFO INFO [fund_daily 935/1169] 517520.SH rows=285 span=20231101..20241231 attempts=1
2026-09-17 19:56:38,908 INFO INFO [fund_daily 936/1169] 517550.SH rows=706 span=20220208..20241231 attempts=1
2026-09-17 19:56:40,410 INFO INFO [fund_daily 937/1169] 517660.SH rows=776 span=20211025..20241231 attempts=1
2026-09-17 19:56:41,553 INFO INFO [fund_daily 938/1169] 517760.SH rows=465 span=20220419..20240322 attempts=1
2026-09-17 19:56:42,700 INFO INFO [fund_daily 939/1169] 517770.SH rows=747 span=20211203..20241231 attempts=1
2026-09-17 19:56:43,832 INFO INFO [fund_daily 940/1169] 517780.SH rows=204 span=20220318..20230120 attempts=1
2026-09-17 19:56:45,059 INFO INFO [fund_daily 941/1169] 517800.SH rows=811 span=20210826..20241231 attempts=1
2026-09-17 19:56:46,453 INFO INFO [fund_daily 942/1169] 517850.SH rows=642 span=20220516..20241231 attempts=1
2026-09-17 19:56:47,615 INFO INFO [fund_daily 943/1169] 517880.SH rows=749 span=20211201..20241231 attempts=1
2026-09-17 19:56:48,705 INFO INFO [fund_daily 944/1169] 517900.SH rows=673 span=20220325..20241231 attempts=1
2026-09-17 19:56:49,773 INFO INFO [fund_daily 945/1169] 517960.SH rows=606 span=20211223..20240702 attempts=1
2026-09-17 19:56:51,059 INFO INFO [fund_daily 946/1169] 517990.SH rows=639 span=20220519..20241231 attempts=1
2026-09-17 19:56:52,324 INFO INFO [fund_daily 947/1169] 518600.SH rows=1070 span=20200805..20241231 attempts=1
2026-09-17 19:56:53,546 INFO INFO [fund_daily 948/1169] 518660.SH rows=1116 span=20200529..20241231 attempts=1
2026-09-17 19:56:54,790 INFO INFO [fund_daily 949/1169] 518680.SH rows=1076 span=20200728..20241231 attempts=1
2026-09-17 19:56:56,745 INFO INFO [fund_daily 950/1169] 518800.SH rows=2431 span=20150105..20241231 attempts=1
2026-09-17 19:56:58,230 INFO INFO [fund_daily 951/1169] 518850.SH rows=1111 span=20200605..20241231 attempts=1
2026-09-17 19:57:03,147 INFO INFO [fund_daily 952/1169] 518860.SH rows=1041 span=20200907..20241231 attempts=1
2026-09-17 19:57:04,626 INFO INFO [fund_daily 953/1169] 518880.SH rows=2431 span=20150105..20241231 attempts=1
2026-09-17 19:57:06,052 INFO INFO [fund_daily 954/1169] 518890.SH rows=1032 span=20200928..20241231 attempts=1
2026-09-17 19:57:07,075 INFO INFO [fund_daily 955/1169] 520500.SH rows=3 span=20241227..20241231 attempts=1
2026-09-17 19:57:08,250 INFO INFO [fund_daily 956/1169] 520520.SH rows=43 span=20241101..20241231 attempts=1
2026-09-17 19:57:09,270 INFO INFO [fund_daily 957/1169] 520600.SH rows=2 span=20241230..20241231 attempts=1
2026-09-17 19:57:10,305 INFO INFO [fund_daily 958/1169] 520660.SH rows=118 span=20240710..20241231 attempts=1
2026-09-17 19:57:11,332 INFO INFO [fund_daily 959/1169] 520700.SH rows=57 span=20241014..20241231 attempts=1
2026-09-17 19:57:12,298 INFO INFO [fund_daily 960/1169] 520830.SH rows=114 span=20240716..20241231 attempts=1
2026-09-17 19:57:13,443 INFO INFO [fund_daily 961/1169] 520890.SH rows=68 span=20240920..20241231 attempts=1
2026-09-17 19:57:14,561 INFO INFO [fund_daily 962/1169] 520900.SH rows=118 span=20240710..20241231 attempts=1
2026-09-17 19:57:15,665 INFO INFO [fund_daily 963/1169] 520990.SH rows=118 span=20240710..20241231 attempts=1
2026-09-17 19:57:16,681 INFO INFO [fund_daily 964/1169] 530000.SH rows=71 span=20240913..20241231 attempts=1
2026-09-17 19:57:17,690 INFO INFO [fund_daily 965/1169] 530050.SH rows=20 span=20241204..20241231 attempts=1
2026-09-17 19:57:18,704 INFO INFO [fund_daily 966/1169] 530180.SH rows=4 span=20241226..20241231 attempts=1
2026-09-17 19:57:19,731 INFO INFO [fund_daily 967/1169] 530880.SH rows=36 span=20241112..20241231 attempts=1
2026-09-17 19:57:20,893 INFO INFO [fund_daily 968/1169] 560000.SH rows=788 span=20210930..20241231 attempts=1
2026-09-17 19:57:22,636 INFO INFO [fund_daily 969/1169] 560010.SH rows=584 span=20220804..20241231 attempts=1
2026-09-17 19:57:23,724 INFO INFO [fund_daily 970/1169] 560020.SH rows=297 span=20231016..20241231 attempts=1
2026-09-17 19:57:24,769 INFO INFO [fund_daily 971/1169] 560030.SH rows=361 span=20230710..20241231 attempts=1
2026-09-17 19:57:25,877 INFO INFO [fund_daily 972/1169] 560050.SH rows=766 span=20211108..20241231 attempts=1
2026-09-17 19:57:27,003 INFO INFO [fund_daily 973/1169] 560060.SH rows=595 span=20220721..20241231 attempts=1
2026-09-17 19:57:28,435 INFO INFO [fund_daily 974/1169] 560070.SH rows=383 span=20230606..20241231 attempts=1
2026-09-17 19:57:29,561 INFO INFO [fund_daily 975/1169] 560080.SH rows=539 span=20221017..20241231 attempts=1
2026-09-17 19:57:31,435 INFO INFO [fund_daily 976/1169] 560090.SH rows=438 span=20230315..20241231 attempts=1
2026-09-17 19:57:32,564 INFO INFO [fund_daily 977/1169] 560100.SH rows=700 span=20220216..20241231 attempts=1
2026-09-17 19:57:33,967 INFO INFO [fund_daily 978/1169] 560110.SH rows=583 span=20220808..20241231 attempts=1
2026-09-17 19:57:35,095 INFO INFO [fund_daily 979/1169] 560150.SH rows=181 span=20240408..20241231 attempts=1
2026-09-17 19:57:37,195 INFO INFO [fund_daily 980/1169] 560170.SH rows=363 span=20230706..20241231 attempts=1
2026-09-17 19:57:38,265 INFO INFO [fund_daily 981/1169] 560180.SH rows=412 span=20230421..20241231 attempts=1
2026-09-17 19:57:39,298 INFO INFO [fund_daily 982/1169] 560220.SH rows=311 span=20230918..20241231 attempts=1
2026-09-17 19:57:40,368 INFO INFO [fund_daily 983/1169] 560260.SH rows=312 span=20230915..20241231 attempts=1
2026-09-17 19:57:49,308 INFO INFO [fund_daily 984/1169] 560280.SH rows=287 span=20231030..20241231 attempts=1
2026-09-17 19:57:50,243 INFO INFO [fund_daily 985/1169] 560300.SH rows=252 span=20231218..20241231 attempts=1
2026-09-17 19:57:51,305 INFO INFO [fund_daily 986/1169] 560330.SH rows=393 span=20230523..20241231 attempts=1
2026-09-17 19:57:52,642 INFO INFO [fund_daily 987/1169] 560350.SH rows=198 span=20240312..20241231 attempts=1
2026-09-17 19:57:53,736 INFO INFO [fund_daily 988/1169] 560360.SH rows=130 span=20240624..20241231 attempts=1
2026-09-17 19:57:54,751 INFO INFO [fund_daily 989/1169] 560380.SH rows=3 span=20241227..20241231 attempts=1
2026-09-17 19:57:55,877 INFO INFO [fund_daily 990/1169] 560500.SH rows=807 span=20210901..20241231 attempts=1
2026-09-17 19:57:57,035 INFO INFO [fund_daily 991/1169] 560510.SH rows=56 span=20241015..20241231 attempts=1
2026-09-17 19:57:58,164 INFO INFO [fund_daily 992/1169] 560520.SH rows=172 span=20240418..20241231 attempts=1
2026-09-17 19:57:59,172 INFO INFO [fund_daily 993/1169] 560530.SH rows=56 span=20241015..20241231 attempts=1
2026-09-17 19:58:00,216 INFO INFO [fund_daily 994/1169] 560550.SH rows=597 span=20220719..20241231 attempts=1
2026-09-17 19:58:01,341 INFO INFO [fund_daily 995/1169] 560560.SH rows=799 span=20210913..20241231 attempts=1
2026-09-17 19:58:02,430 INFO INFO [fund_daily 996/1169] 560580.SH rows=400 span=20230512..20241231 attempts=1
2026-09-17 19:58:03,486 INFO INFO [fund_daily 997/1169] 560590.SH rows=305 span=20230925..20241231 attempts=1
2026-09-17 19:58:04,887 INFO INFO [fund_daily 998/1169] 560600.SH rows=400 span=20220315..20231109 attempts=1
2026-09-17 19:58:05,912 INFO INFO [fund_daily 999/1169] 560610.SH rows=56 span=20241015..20241231 attempts=1
2026-09-17 19:58:06,934 INFO INFO [fund_daily 1000/1169] 560620.SH rows=60 span=20241009..20241231 attempts=1
2026-09-17 19:58:08,111 INFO INFO [fund_daily 1001/1169] 560650.SH rows=611 span=20220627..20241231 attempts=1
2026-09-17 19:58:09,229 INFO INFO [fund_daily 1002/1169] 560660.SH rows=812 span=20210825..20241231 attempts=1
2026-09-17 19:58:10,316 INFO INFO [fund_daily 1003/1169] 560680.SH rows=529 span=20221031..20241231 attempts=1
2026-09-17 19:58:11,338 INFO INFO [fund_daily 1004/1169] 560690.SH rows=171 span=20240422..20241231 attempts=1
2026-09-17 19:58:12,464 INFO INFO [fund_daily 1005/1169] 560700.SH rows=383 span=20230606..20241231 attempts=1
2026-09-17 19:58:13,521 INFO INFO [fund_daily 1006/1169] 560780.SH rows=256 span=20231212..20241231 attempts=1
2026-09-17 19:58:15,645 INFO INFO [fund_daily 1007/1169] 560800.SH rows=723 span=20220107..20241231 attempts=1
2026-09-17 19:58:16,663 INFO INFO [fund_daily 1008/1169] 560810.SH rows=17 span=20241209..20241231 attempts=1
2026-09-17 19:58:17,789 INFO INFO [fund_daily 1009/1169] 560850.SH rows=176 span=20240415..20241231 attempts=1
2026-09-17 19:58:18,954 INFO INFO [fund_daily 1010/1169] 560860.SH rows=440 span=20230313..20241231 attempts=1
2026-09-17 19:58:20,147 INFO INFO [fund_daily 1011/1169] 560880.SH rows=663 span=20220412..20241231 attempts=1
2026-09-17 19:58:21,092 INFO INFO [fund_daily 1012/1169] 560890.SH rows=68 span=20240920..20241231 attempts=1
2026-09-17 19:58:22,304 INFO INFO [fund_daily 1013/1169] 560900.SH rows=629 span=20220602..20241231 attempts=1
2026-09-17 19:58:23,462 INFO INFO [fund_daily 1014/1169] 560950.SH rows=346 span=20230731..20241231 attempts=1
2026-09-17 19:58:24,856 INFO INFO [fund_daily 1015/1169] 560960.SH rows=476 span=20230113..20241231 attempts=1
2026-09-17 19:58:26,298 INFO INFO [fund_daily 1016/1169] 560980.SH rows=508 span=20221129..20241231 attempts=1
2026-09-17 19:58:27,371 INFO INFO [fund_daily 1017/1169] 560990.SH rows=613 span=20220627..20241231 attempts=1
2026-09-17 19:58:28,439 INFO INFO [fund_daily 1018/1169] 561000.SH rows=478 span=20230111..20241231 attempts=1
2026-09-17 19:58:29,704 INFO INFO [fund_daily 1019/1169] 561010.SH rows=257 span=20231211..20241231 attempts=1
2026-09-17 19:58:31,040 INFO INFO [fund_daily 1020/1169] 561060.SH rows=308 span=20230921..20241231 attempts=1
2026-09-17 19:58:32,286 INFO INFO [fund_daily 1021/1169] 561100.SH rows=706 span=20220208..20241231 attempts=1
2026-09-17 19:58:33,807 INFO INFO [fund_daily 1022/1169] 561120.SH rows=701 span=20220215..20241231 attempts=1
2026-09-17 19:58:35,203 INFO INFO [fund_daily 1023/1169] 561130.SH rows=781 span=20211018..20241231 attempts=1
2026-09-17 19:58:36,322 INFO INFO [fund_daily 1024/1169] 561150.SH rows=66 span=20220808..20221115 attempts=1
2026-09-17 19:58:37,385 INFO INFO [fund_daily 1025/1169] 561160.SH rows=604 span=20220708..20241231 attempts=1
2026-09-17 19:58:38,783 INFO INFO [fund_daily 1026/1169] 561170.SH rows=437 span=20230316..20241231 attempts=1
2026-09-17 19:58:39,910 INFO INFO [fund_daily 1027/1169] 561180.SH rows=514 span=20221121..20241231 attempts=1
2026-09-17 19:58:41,446 INFO INFO [fund_daily 1028/1169] 561190.SH rows=597 span=20220719..20241231 attempts=1
2026-09-17 19:58:42,830 INFO INFO [fund_daily 1029/1169] 561200.SH rows=229 span=20240105..20241231 attempts=1
2026-09-17 19:58:43,803 INFO INFO [fund_daily 1030/1169] 561230.SH rows=194 span=20240318..20241231 attempts=1
2026-09-17 19:58:44,868 INFO INFO [fund_daily 1031/1169] 561260.SH rows=339 span=20230809..20241231 attempts=1
2026-09-17 19:58:45,951 INFO INFO [fund_daily 1032/1169] 561280.SH rows=307 span=20230922..20241231 attempts=1
2026-09-17 19:58:47,341 INFO INFO [fund_daily 1033/1169] 561300.SH rows=742 span=20211210..20241231 attempts=1
2026-09-17 19:58:48,416 INFO INFO [fund_daily 1034/1169] 561310.SH rows=753 span=20211125..20241231 attempts=1
2026-09-17 19:58:49,778 INFO INFO [fund_daily 1035/1169] 561320.SH rows=501 span=20221208..20241231 attempts=1
2026-09-17 19:58:51,212 INFO INFO [fund_daily 1036/1169] 561330.SH rows=528 span=20221101..20241231 attempts=1
2026-09-17 19:58:52,509 INFO INFO [fund_daily 1037/1169] 561350.SH rows=807 span=20210901..20241231 attempts=1
2026-09-17 19:58:53,966 INFO INFO [fund_daily 1038/1169] 561360.SH rows=286 span=20231031..20241231 attempts=1
2026-09-17 19:58:55,677 INFO INFO [fund_daily 1039/1169] 561370.SH rows=308 span=20230921..20241231 attempts=1
2026-09-17 19:58:57,146 INFO INFO [fund_daily 1040/1169] 561380.SH rows=7 span=20241223..20241231 attempts=1
2026-09-17 19:58:58,276 INFO INFO [fund_daily 1041/1169] 561500.SH rows=854 span=20210628..20241231 attempts=1
2026-09-17 19:58:59,720 INFO INFO [fund_daily 1042/1169] 561510.SH rows=585 span=20220804..20241231 attempts=1
2026-09-17 19:59:00,841 INFO INFO [fund_daily 1043/1169] 561550.SH rows=742 span=20211210..20241231 attempts=1
2026-09-17 19:59:01,929 INFO INFO [fund_daily 1044/1169] 561560.SH rows=642 span=20220516..20241231 attempts=1
2026-09-17 19:59:02,892 INFO INFO [fund_daily 1045/1169] 561570.SH rows=54 span=20241017..20241231 attempts=1
2026-09-17 19:59:04,489 INFO INFO [fund_daily 1046/1169] 561580.SH rows=388 span=20230530..20241231 attempts=1
2026-09-17 19:59:05,645 INFO INFO [fund_daily 1047/1169] 561590.SH rows=499 span=20221212..20241231 attempts=1
2026-09-17 19:59:06,786 INFO INFO [fund_daily 1048/1169] 561600.SH rows=801 span=20210909..20241231 attempts=1
2026-09-17 19:59:08,003 INFO INFO [fund_daily 1049/1169] 561700.SH rows=599 span=20220715..20241231 attempts=1
2026-09-17 19:59:09,352 INFO INFO [fund_daily 1050/1169] 561710.SH rows=404 span=20221125..20240725 attempts=1
2026-09-17 19:59:10,444 INFO INFO [fund_daily 1051/1169] 561760.SH rows=166 span=20240429..20241231 attempts=1
2026-09-17 19:59:12,170 INFO INFO [fund_daily 1052/1169] 561780.SH rows=278 span=20231110..20241231 attempts=1
2026-09-17 19:59:13,227 INFO INFO [fund_daily 1053/1169] 561790.SH rows=339 span=20230809..20241231 attempts=1
2026-09-17 19:59:14,529 INFO INFO [fund_daily 1054/1169] 561800.SH rows=813 span=20210824..20241231 attempts=1
2026-09-17 19:59:15,889 INFO INFO [fund_daily 1055/1169] 561900.SH rows=841 span=20210715..20241231 attempts=1
2026-09-17 19:59:17,806 INFO INFO [fund_daily 1056/1169] 561910.SH rows=821 span=20210812..20241231 attempts=1
2026-09-17 19:59:18,927 INFO INFO [fund_daily 1057/1169] 561920.SH rows=428 span=20230329..20241231 attempts=1
2026-09-17 19:59:19,951 INFO INFO [fund_daily 1058/1169] 561930.SH rows=68 span=20240920..20241231 attempts=1
2026-09-17 19:59:21,095 INFO INFO [fund_daily 1059/1169] 561950.SH rows=411 span=20230424..20241231 attempts=1
2026-09-17 19:59:22,337 INFO INFO [fund_daily 1060/1169] 561960.SH rows=383 span=20230606..20241231 attempts=1
2026-09-17 19:59:23,369 INFO INFO [fund_daily 1061/1169] 561980.SH rows=322 span=20230901..20241231 attempts=1
2026-09-17 19:59:24,492 INFO INFO [fund_daily 1062/1169] 561990.SH rows=742 span=20211210..20241231 attempts=1
2026-09-17 19:59:25,889 INFO INFO [fund_daily 1063/1169] 562000.SH rows=588 span=20220801..20241231 attempts=1
2026-09-17 19:59:27,016 INFO INFO [fund_daily 1064/1169] 562010.SH rows=484 span=20230103..20241231 attempts=1
2026-09-17 19:59:28,086 INFO INFO [fund_daily 1065/1169] 562030.SH rows=299 span=20231012..20241231 attempts=1
2026-09-17 19:59:30,086 INFO INFO [fund_daily 1066/1169] 562060.SH rows=244 span=20231228..20241231 attempts=1
2026-09-17 19:59:31,444 INFO INFO [fund_daily 1067/1169] 562260.SH rows=160 span=20240510..20241231 attempts=1
2026-09-17 19:59:33,110 INFO INFO [fund_daily 1068/1169] 562300.SH rows=725 span=20220105..20241231 attempts=1
2026-09-17 19:59:34,712 INFO INFO [fund_daily 1069/1169] 562310.SH rows=559 span=20220909..20241231 attempts=1
2026-09-17 19:59:35,820 INFO INFO [fund_daily 1070/1169] 562320.SH rows=477 span=20230112..20241231 attempts=1
2026-09-17 19:59:37,004 INFO INFO [fund_daily 1071/1169] 562330.SH rows=415 span=20230418..20241231 attempts=1
2026-09-17 19:59:38,380 INFO INFO [fund_daily 1072/1169] 562340.SH rows=162 span=20240508..20241231 attempts=1
2026-09-17 19:59:39,406 INFO INFO [fund_daily 1073/1169] 562350.SH rows=602 span=20220712..20241231 attempts=1
2026-09-17 19:59:40,840 INFO INFO [fund_daily 1074/1169] 562360.SH rows=782 span=20211015..20241231 attempts=1
2026-09-17 19:59:41,900 INFO INFO [fund_daily 1075/1169] 562380.SH rows=363 span=20230706..20241231 attempts=1
2026-09-17 19:59:43,408 INFO INFO [fund_daily 1076/1169] 562390.SH rows=590 span=20220728..20241231 attempts=1
2026-09-17 19:59:44,764 INFO INFO [fund_daily 1077/1169] 562500.SH rows=729 span=20211229..20241231 attempts=1
2026-09-17 19:59:46,190 INFO INFO [fund_daily 1078/1169] 562510.SH rows=728 span=20211230..20241231 attempts=1
2026-09-17 19:59:47,643 INFO INFO [fund_daily 1079/1169] 562520.SH rows=676 span=20220322..20241231 attempts=1
2026-09-17 19:59:48,758 INFO INFO [fund_daily 1080/1169] 562530.SH rows=579 span=20220812..20241231 attempts=1
2026-09-17 19:59:49,886 INFO INFO [fund_daily 1081/1169] 562550.SH rows=430 span=20230327..20241231 attempts=1
2026-09-17 19:59:50,874 INFO INFO [fund_daily 1082/1169] 562560.SH rows=177 span=20240412..20241231 attempts=1
2026-09-17 19:59:51,899 INFO INFO [fund_daily 1083/1169] 562570.SH rows=165 span=20240430..20241231 attempts=1
2026-09-17 19:59:52,977 INFO INFO [fund_daily 1084/1169] 562580.SH rows=188 span=20240326..20241231 attempts=1
2026-09-17 19:59:54,355 INFO INFO [fund_daily 1085/1169] 562590.SH rows=295 span=20231018..20241231 attempts=1
2026-09-17 19:59:56,420 INFO INFO [fund_daily 1086/1169] 562600.SH rows=257 span=20231211..20241231 attempts=1
2026-09-17 19:59:57,937 INFO INFO [fund_daily 1087/1169] 562660.SH rows=313 span=20230914..20241231 attempts=1
2026-09-17 19:59:58,965 INFO INFO [fund_daily 1088/1169] 562700.SH rows=158 span=20240514..20241231 attempts=1
2026-09-17 20:00:00,093 INFO INFO [fund_daily 1089/1169] 562800.SH rows=791 span=20210927..20241231 attempts=1
2026-09-17 20:00:01,153 INFO INFO [fund_daily 1090/1169] 562820.SH rows=171 span=20240422..20241231 attempts=1
2026-09-17 20:00:03,060 INFO INFO [fund_daily 1091/1169] 562850.SH rows=339 span=20230809..20241231 attempts=1
2026-09-17 20:00:06,439 INFO INFO [fund_daily 1092/1169] 562860.SH rows=451 span=20230224..20241231 attempts=1
2026-09-17 20:00:08,323 INFO INFO [fund_daily 1093/1169] 562880.SH rows=838 span=20210720..20241231 attempts=1
2026-09-17 20:00:09,427 INFO INFO [fund_daily 1094/1169] 562890.SH rows=194 span=20240318..20241231 attempts=1
2026-09-17 20:00:12,799 INFO INFO [fund_daily 1095/1169] 562900.SH rows=741 span=20211213..20241231 attempts=1
2026-09-17 20:00:14,672 INFO INFO [fund_daily 1096/1169] 562910.SH rows=722 span=20220110..20241231 attempts=1
2026-09-17 20:00:15,870 INFO INFO [fund_daily 1097/1169] 562920.SH rows=379 span=20230612..20241231 attempts=1
2026-09-17 20:00:17,026 INFO INFO [fund_daily 1098/1169] 562930.SH rows=384 span=20230605..20241231 attempts=1
2026-09-17 20:00:22,006 INFO INFO [fund_daily 1099/1169] 562950.SH rows=714 span=20220120..20241231 attempts=1
2026-09-17 20:00:23,441 INFO INFO [fund_daily 1100/1169] 562960.SH rows=419 span=20230412..20241231 attempts=1
2026-09-17 20:00:24,807 INFO INFO [fund_daily 1101/1169] 562970.SH rows=39 span=20241107..20241231 attempts=1
2026-09-17 20:00:26,000 INFO INFO [fund_daily 1102/1169] 562990.SH rows=597 span=20220719..20241231 attempts=1
2026-09-17 20:00:27,230 INFO INFO [fund_daily 1103/1169] 563000.SH rows=766 span=20211108..20241231 attempts=1
2026-09-17 20:00:28,659 INFO INFO [fund_daily 1104/1169] 563010.SH rows=358 span=20230713..20241231 attempts=1
2026-09-17 20:00:30,202 INFO INFO [fund_daily 1105/1169] 563020.SH rows=254 span=20231214..20241231 attempts=1
2026-09-17 20:00:31,280 INFO INFO [fund_daily 1106/1169] 563030.SH rows=440 span=20230313..20241231 attempts=1
2026-09-17 20:00:33,475 INFO INFO [fund_daily 1107/1169] 563050.SH rows=363 span=20230706..20241231 attempts=1
2026-09-17 20:00:34,532 INFO INFO [fund_daily 1108/1169] 563080.SH rows=194 span=20240318..20241231 attempts=1
2026-09-17 20:00:36,173 INFO INFO [fund_daily 1109/1169] 563090.SH rows=141 span=20240606..20241231 attempts=1
2026-09-17 20:00:37,467 INFO INFO [fund_daily 1110/1169] 563150.SH rows=146 span=20240530..20241231 attempts=1
2026-09-17 20:00:38,739 INFO INFO [fund_daily 1111/1169] 563180.SH rows=158 span=20240514..20241231 attempts=1
2026-09-17 20:00:40,585 INFO INFO [fund_daily 1112/1169] 563200.SH rows=295 span=20231018..20241231 attempts=1
2026-09-17 20:00:41,602 INFO INFO [fund_daily 1113/1169] 563220.SH rows=56 span=20241015..20241231 attempts=1
2026-09-17 20:00:43,518 INFO INFO [fund_daily 1114/1169] 563280.SH rows=177 span=20240412..20241231 attempts=1
2026-09-17 20:00:44,892 INFO INFO [fund_daily 1115/1169] 563300.SH rows=313 span=20230914..20241231 attempts=1
2026-09-17 20:00:46,171 INFO INFO [fund_daily 1116/1169] 563330.SH rows=281 span=20231107..20241231 attempts=1
2026-09-17 20:00:47,399 INFO INFO [fund_daily 1117/1169] 563350.SH rows=194 span=20240318..20241231 attempts=1
2026-09-17 20:00:49,548 INFO INFO [fund_daily 1118/1169] 563360.SH rows=56 span=20241015..20241231 attempts=1
2026-09-17 20:00:50,573 INFO INFO [fund_daily 1119/1169] 563500.SH rows=22 span=20241202..20241231 attempts=1
2026-09-17 20:00:51,548 INFO INFO [fund_daily 1120/1169] 563520.SH rows=32 span=20241118..20241231 attempts=1
2026-09-17 20:00:52,826 INFO INFO [fund_daily 1121/1169] 563800.SH rows=32 span=20241118..20241231 attempts=1
2026-09-17 20:00:53,775 INFO INFO [fund_daily 1122/1169] 563880.SH rows=27 span=20241125..20241231 attempts=1
2026-09-17 20:00:56,930 INFO INFO [fund_daily 1123/1169] 588000.SH rows=1003 span=20201116..20241231 attempts=1
2026-09-17 20:00:58,089 INFO INFO [fund_daily 1124/1169] 588010.SH rows=532 span=20221026..20241231 attempts=1
2026-09-17 20:00:59,111 INFO INFO [fund_daily 1125/1169] 588020.SH rows=323 span=20230831..20241231 attempts=1
2026-09-17 20:01:00,539 INFO INFO [fund_daily 1126/1169] 588030.SH rows=312 span=20230915..20241231 attempts=1
2026-09-17 20:01:02,087 INFO INFO [fund_daily 1127/1169] 588050.SH rows=1003 span=20201116..20241231 attempts=1
2026-09-17 20:01:03,196 INFO INFO [fund_daily 1128/1169] 588060.SH rows=831 span=20210729..20241231 attempts=1
2026-09-17 20:01:04,651 INFO INFO [fund_daily 1129/1169] 588070.SH rows=34 span=20241114..20241231 attempts=1
2026-09-17 20:01:06,245 INFO INFO [fund_daily 1130/1169] 588080.SH rows=1003 span=20201116..20241231 attempts=1
2026-09-17 20:01:07,465 INFO INFO [fund_daily 1131/1169] 588090.SH rows=1003 span=20201116..20241231 attempts=1
2026-09-17 20:01:08,961 INFO INFO [fund_daily 1132/1169] 588100.SH rows=633 span=20220527..20241231 attempts=1
2026-09-17 20:01:13,912 INFO INFO [fund_daily 1133/1169] 588110.SH rows=323 span=20230831..20241231 attempts=1
2026-09-17 20:01:14,981 INFO INFO [fund_daily 1134/1169] 588120.SH rows=312 span=20230915..20241231 attempts=1
2026-09-17 20:01:16,405 INFO INFO [fund_daily 1135/1169] 588150.SH rows=736 span=20211220..20241231 attempts=1
2026-09-17 20:01:17,529 INFO INFO [fund_daily 1136/1169] 588160.SH rows=532 span=20221026..20241231 attempts=1
2026-09-17 20:01:18,881 INFO INFO [fund_daily 1137/1169] 588180.SH rows=851 span=20210701..20241231 attempts=1
2026-09-17 20:01:20,202 INFO INFO [fund_daily 1138/1169] 588190.SH rows=312 span=20230915..20241231 attempts=1
2026-09-17 20:01:21,810 INFO INFO [fund_daily 1139/1169] 588200.SH rows=532 span=20221026..20241231 attempts=1
2026-09-17 20:01:22,946 INFO INFO [fund_daily 1140/1169] 588210.SH rows=274 span=20231116..20241231 attempts=1
2026-09-17 20:01:24,110 INFO INFO [fund_daily 1141/1169] 588220.SH rows=312 span=20230915..20241231 attempts=1
2026-09-17 20:01:25,186 INFO INFO [fund_daily 1142/1169] 588230.SH rows=6 span=20241224..20241231 attempts=1
2026-09-17 20:01:26,832 INFO INFO [fund_daily 1143/1169] 588260.SH rows=633 span=20220527..20241231 attempts=1
2026-09-17 20:01:28,410 INFO INFO [fund_daily 1144/1169] 588280.SH rows=772 span=20211029..20241231 attempts=1
2026-09-17 20:01:30,442 INFO INFO [fund_daily 1145/1169] 588290.SH rows=532 span=20221026..20241231 attempts=1
2026-09-17 20:01:31,742 INFO INFO [fund_daily 1146/1169] 588300.SH rows=849 span=20210705..20241231 attempts=1
2026-09-17 20:01:33,077 INFO INFO [fund_daily 1147/1169] 588310.SH rows=748 span=20211202..20241231 attempts=1
2026-09-17 20:01:34,542 INFO INFO [fund_daily 1148/1169] 588320.SH rows=480 span=20230106..20241231 attempts=1
2026-09-17 20:01:35,674 INFO INFO [fund_daily 1149/1169] 588330.SH rows=848 span=20210706..20241231 attempts=1
2026-09-17 20:01:36,996 INFO INFO [fund_daily 1150/1169] 588350.SH rows=521 span=20221110..20241231 attempts=1
2026-09-17 20:01:38,405 INFO INFO [fund_daily 1151/1169] 588360.SH rows=848 span=20210706..20241231 attempts=1
2026-09-17 20:01:39,571 INFO INFO [fund_daily 1152/1169] 588370.SH rows=498 span=20221213..20241231 attempts=1
2026-09-17 20:01:40,748 INFO INFO [fund_daily 1153/1169] 588380.SH rows=848 span=20210706..20241231 attempts=1
2026-09-17 20:01:41,907 INFO INFO [fund_daily 1154/1169] 588390.SH rows=809 span=20210830..20241231 attempts=1
2026-09-17 20:01:43,055 INFO INFO [fund_daily 1155/1169] 588400.SH rows=849 span=20210705..20241231 attempts=1
2026-09-17 20:01:44,434 INFO INFO [fund_daily 1156/1169] 588450.SH rows=152 span=20240522..20241231 attempts=1
2026-09-17 20:01:45,484 INFO INFO [fund_daily 1157/1169] 588460.SH rows=482 span=20230105..20241231 attempts=1
2026-09-17 20:01:46,904 INFO INFO [fund_daily 1158/1169] 588500.SH rows=111 span=20240719..20241231 attempts=1
2026-09-17 20:01:47,959 INFO INFO [fund_daily 1159/1169] 588680.SH rows=121 span=20240705..20241231 attempts=1
2026-09-17 20:01:49,357 INFO INFO [fund_daily 1160/1169] 588700.SH rows=239 span=20240105..20241231 attempts=1
2026-09-17 20:01:50,325 INFO INFO [fund_daily 1161/1169] 588750.SH rows=4 span=20241226..20241231 attempts=1
2026-09-17 20:01:51,645 INFO INFO [fund_daily 1162/1169] 588780.SH rows=4 span=20241226..20241231 attempts=1
2026-09-17 20:01:52,772 INFO INFO [fund_daily 1163/1169] 588800.SH rows=274 span=20231116..20241231 attempts=1
2026-09-17 20:01:54,166 INFO INFO [fund_daily 1164/1169] 588830.SH rows=96 span=20240809..20241231 attempts=1
2026-09-17 20:01:55,194 INFO INFO [fund_daily 1165/1169] 588860.SH rows=86 span=20240823..20241231 attempts=1
2026-09-17 20:01:56,271 INFO INFO [fund_daily 1166/1169] 588880.SH rows=274 span=20231116..20241231 attempts=1
2026-09-17 20:01:57,672 INFO INFO [fund_daily 1167/1169] 588890.SH rows=170 span=20240423..20241231 attempts=1
2026-09-17 20:01:59,238 INFO INFO [fund_daily 1168/1169] 588900.SH rows=252 span=20231218..20241231 attempts=1
2026-09-17 20:02:00,262 INFO INFO [fund_daily 1169/1169] 588990.SH rows=91 span=20240816..20241231 attempts=1
2026-09-17 20:02:01,011 INFO INFO fund_daily batch 20260917-r1 done: new=1166 skipped(resumed)=3 failed=0 status=completed
2026-09-17 20:02:01,442 INFO INFO [fund_adj 4/1169] 159150.SZ rows=257 span=20231211..20241231 attempts=1
2026-09-17 20:02:02,492 INFO INFO [fund_adj 5/1169] 159300.SZ rows=142 span=20240605..20241231 attempts=1
2026-09-17 20:02:03,884 INFO INFO [fund_adj 6/1169] 159301.SZ rows=110 span=20240722..20241231 attempts=1
2026-09-17 20:02:04,845 INFO INFO [fund_adj 7/1169] 159302.SZ rows=80 span=20240902..20241231 attempts=1
2026-09-17 20:02:06,954 INFO INFO [fund_adj 8/1169] 159303.SZ rows=127 span=20240627..20241231 attempts=1
2026-09-17 20:02:07,877 INFO INFO [fund_adj 9/1169] 159305.SZ rows=63 span=20240927..20241231 attempts=1
2026-09-17 20:02:08,902 INFO INFO [fund_adj 10/1169] 159306.SZ rows=158 span=20240514..20241231 attempts=1
2026-09-17 20:02:10,062 INFO INFO [fund_adj 11/1169] 159307.SZ rows=168 span=20240425..20241231 attempts=1
2026-09-17 20:02:11,053 INFO INFO [fund_adj 12/1169] 159309.SZ rows=134 span=20240618..20241231 attempts=1
2026-09-17 20:02:12,385 INFO INFO [fund_adj 13/1169] 159310.SZ rows=165 span=20240430..20241231 attempts=1
2026-09-17 20:02:13,410 INFO INFO [fund_adj 14/1169] 159312.SZ rows=38 span=20241108..20241231 attempts=1
2026-09-17 20:02:14,740 INFO INFO [fund_adj 15/1169] 159315.SZ rows=136 span=20240614..20241231 attempts=1
2026-09-17 20:02:15,869 INFO INFO [fund_adj 16/1169] 159318.SZ rows=131 span=20240621..20241231 attempts=1
2026-09-17 20:02:16,834 INFO INFO [fund_adj 17/1169] 159320.SZ rows=6 span=20241224..20241231 attempts=1
2026-09-17 20:02:18,247 INFO INFO [fund_adj 18/1169] 159321.SZ rows=149 span=20240527..20241231 attempts=1
2026-09-17 20:02:19,553 INFO INFO [fund_adj 19/1169] 159322.SZ rows=136 span=20240614..20241231 attempts=1
2026-09-17 20:02:20,817 INFO INFO [fund_adj 20/1169] 159325.SZ rows=38 span=20241108..20241231 attempts=1
2026-09-17 20:02:21,908 INFO INFO [fund_adj 21/1169] 159326.SZ rows=75 span=20240909..20241231 attempts=1
2026-09-17 20:02:23,367 INFO INFO [fund_adj 22/1169] 159327.SZ rows=100 span=20240805..20241231 attempts=1
2026-09-17 20:02:24,671 INFO INFO [fund_adj 23/1169] 159328.SZ rows=33 span=20241115..20241231 attempts=1
2026-09-17 20:02:25,800 INFO INFO [fund_adj 24/1169] 159329.SZ rows=114 span=20240716..20241231 attempts=1
2026-09-17 20:02:27,025 INFO INFO [fund_adj 25/1169] 159330.SZ rows=90 span=20240819..20241231 attempts=1
2026-09-17 20:02:28,057 INFO INFO [fund_adj 26/1169] 159331.SZ rows=102 span=20240801..20241231 attempts=1
2026-09-17 20:02:29,183 INFO INFO [fund_adj 27/1169] 159332.SZ rows=102 span=20240801..20241231 attempts=1
2026-09-17 20:02:30,304 INFO INFO [fund_adj 28/1169] 159333.SZ rows=79 span=20240903..20241231 attempts=1
2026-09-17 20:02:31,565 INFO INFO [fund_adj 29/1169] 159335.SZ rows=77 span=20240905..20241231 attempts=1
2026-09-17 20:02:32,511 INFO INFO [fund_adj 30/1169] 159337.SZ rows=68 span=20240920..20241231 attempts=1
2026-09-17 20:02:34,419 INFO INFO [fund_adj 31/1169] 159338.SZ rows=56 span=20241015..20241231 attempts=1
2026-09-17 20:02:35,733 INFO INFO [fund_adj 32/1169] 159339.SZ rows=56 span=20241015..20241231 attempts=1
2026-09-17 20:02:36,858 INFO INFO [fund_adj 33/1169] 159350.SZ rows=257 span=20231211..20241231 attempts=1
2026-09-17 20:02:37,900 INFO INFO [fund_adj 34/1169] 159351.SZ rows=56 span=20241015..20241231 attempts=1
2026-09-17 20:02:38,912 INFO INFO [fund_adj 35/1169] 159352.SZ rows=56 span=20241015..20241231 attempts=1
2026-09-17 20:02:39,873 INFO INFO [fund_adj 36/1169] 159353.SZ rows=56 span=20241015..20241231 attempts=1
2026-09-17 20:02:40,896 INFO INFO [fund_adj 37/1169] 159355.SZ rows=21 span=20241203..20241231 attempts=1
2026-09-17 20:02:41,878 INFO INFO [fund_adj 38/1169] 159356.SZ rows=18 span=20241206..20241231 attempts=1
2026-09-17 20:02:42,918 INFO INFO [fund_adj 39/1169] 159357.SZ rows=24 span=20241128..20241231 attempts=1
2026-09-17 20:02:44,581 INFO INFO [fund_adj 40/1169] 159358.SZ rows=23 span=20241129..20241231 attempts=1
2026-09-17 20:02:46,074 INFO INFO [fund_adj 41/1169] 159359.SZ rows=22 span=20241202..20241231 attempts=1
2026-09-17 20:02:47,197 INFO INFO [fund_adj 42/1169] 159360.SZ rows=24 span=20241128..20241231 attempts=1
2026-09-17 20:02:48,227 INFO INFO [fund_adj 43/1169] 159361.SZ rows=31 span=20241119..20241231 attempts=1
2026-09-17 20:02:49,551 INFO INFO [fund_adj 44/1169] 159362.SZ rows=22 span=20241202..20241231 attempts=1
2026-09-17 20:02:50,786 INFO INFO [fund_adj 45/1169] 159363.SZ rows=12 span=20241216..20241231 attempts=1
2026-09-17 20:02:51,806 INFO INFO [fund_adj 46/1169] 159501.SZ rows=377 span=20230614..20241231 attempts=1
2026-09-17 20:02:52,845 INFO INFO [fund_adj 47/1169] 159502.SZ rows=236 span=20240110..20241231 attempts=1
2026-09-17 20:02:53,860 INFO INFO [fund_adj 48/1169] 159503.SZ rows=242 span=20230720..20240718 attempts=1
2026-09-17 20:02:54,883 INFO INFO [fund_adj 49/1169] 159505.SZ rows=262 span=20231204..20241231 attempts=1
2026-09-17 20:02:56,006 INFO INFO [fund_adj 50/1169] 159506.SZ rows=366 span=20230703..20241231 attempts=1
2026-09-17 20:02:57,132 INFO INFO [fund_adj 51/1169] 159507.SZ rows=372 span=20230621..20241231 attempts=1
2026-09-17 20:02:58,381 INFO INFO [fund_adj 52/1169] 159508.SZ rows=357 span=20230714..20241231 attempts=1
2026-09-17 20:02:59,703 INFO INFO [fund_adj 53/1169] 159509.SZ rows=340 span=20230808..20241231 attempts=1
2026-09-17 20:03:00,717 INFO INFO [fund_adj 54/1169] 159510.SZ rows=334 span=20230816..20241231 attempts=1
2026-09-17 20:03:01,739 INFO INFO [fund_adj 55/1169] 159511.SZ rows=341 span=20230807..20241231 attempts=1
2026-09-17 20:03:02,763 INFO INFO [fund_adj 56/1169] 159512.SZ rows=350 span=20230725..20241231 attempts=1
2026-09-17 20:03:03,889 INFO INFO [fund_adj 57/1169] 159513.SZ rows=347 span=20230728..20241231 attempts=1
2026-09-17 20:03:04,853 INFO INFO [fund_adj 58/1169] 159515.SZ rows=319 span=20230906..20241231 attempts=1
2026-09-17 20:03:05,843 INFO INFO [fund_adj 59/1169] 159516.SZ rows=348 span=20230727..20241231 attempts=1
2026-09-17 20:03:06,861 INFO INFO [fund_adj 60/1169] 159517.SZ rows=320 span=20230905..20241231 attempts=1
2026-09-17 20:03:07,933 INFO INFO [fund_adj 61/1169] 159518.SZ rows=275 span=20231115..20241231 attempts=1
2026-09-17 20:03:08,911 INFO INFO [fund_adj 62/1169] 159519.SZ rows=323 span=20230831..20241231 attempts=1
2026-09-17 20:03:10,136 INFO INFO [fund_adj 63/1169] 159520.SZ rows=286 span=20231031..20241231 attempts=1
2026-09-17 20:03:11,111 INFO INFO [fund_adj 64/1169] 159521.SZ rows=318 span=20230907..20241231 attempts=1
2026-09-17 20:03:12,079 INFO INFO [fund_adj 65/1169] 159522.SZ rows=214 span=20231016..20240827 attempts=1
2026-09-17 20:03:13,826 INFO INFO [fund_adj 66/1169] 159523.SZ rows=310 span=20230919..20241231 attempts=1
2026-09-17 20:03:14,901 INFO INFO [fund_adj 67/1169] 159525.SZ rows=154 span=20240520..20241231 attempts=1
2026-09-17 20:03:15,920 INFO INFO [fund_adj 68/1169] 159526.SZ rows=169 span=20240424..20241231 attempts=1
2026-09-17 20:03:16,894 INFO INFO [fund_adj 69/1169] 159527.SZ rows=220 span=20240201..20241231 attempts=1
2026-09-17 20:03:17,919 INFO INFO [fund_adj 70/1169] 159528.SZ rows=154 span=20240520..20241231 attempts=1
2026-09-17 20:03:18,896 INFO INFO [fund_adj 71/1169] 159529.SZ rows=219 span=20240202..20241231 attempts=1
2026-09-17 20:03:19,866 INFO INFO [fund_adj 72/1169] 159530.SZ rows=230 span=20240118..20241231 attempts=1
2026-09-17 20:03:20,842 INFO INFO [fund_adj 73/1169] 159531.SZ rows=311 span=20230918..20241231 attempts=1
2026-09-17 20:03:21,826 INFO INFO [fund_adj 74/1169] 159532.SZ rows=308 span=20230921..20241231 attempts=1
2026-09-17 20:03:22,771 INFO INFO [fund_adj 75/1169] 159533.SZ rows=140 span=20240607..20241231 attempts=1
2026-09-17 20:03:23,759 INFO INFO [fund_adj 76/1169] 159535.SZ rows=307 span=20230922..20241231 attempts=1
2026-09-17 20:03:25,117 INFO INFO [fund_adj 77/1169] 159536.SZ rows=308 span=20230921..20241231 attempts=1
2026-09-17 20:03:26,154 INFO INFO [fund_adj 78/1169] 159537.SZ rows=301 span=20231010..20241231 attempts=1
2026-09-17 20:03:27,139 INFO INFO [fund_adj 79/1169] 159538.SZ rows=307 span=20230922..20241231 attempts=1
2026-09-17 20:03:28,671 INFO INFO [fund_adj 80/1169] 159539.SZ rows=303 span=20230928..20241231 attempts=1
2026-09-17 20:03:29,709 INFO INFO [fund_adj 81/1169] 159540.SZ rows=303 span=20230928..20241231 attempts=1
2026-09-17 20:03:31,133 INFO INFO [fund_adj 82/1169] 159541.SZ rows=286 span=20231031..20241231 attempts=1
2026-09-17 20:03:32,152 INFO INFO [fund_adj 83/1169] 159542.SZ rows=140 span=20240607..20241231 attempts=1
2026-09-17 20:03:33,280 INFO INFO [fund_adj 84/1169] 159543.SZ rows=272 span=20231120..20241231 attempts=1
2026-09-17 20:03:34,315 INFO INFO [fund_adj 85/1169] 159545.SZ rows=176 span=20240415..20241231 attempts=1
2026-09-17 20:03:35,328 INFO INFO [fund_adj 86/1169] 159546.SZ rows=293 span=20231020..20241231 attempts=1
2026-09-17 20:03:36,355 INFO INFO [fund_adj 87/1169] 159547.SZ rows=217 span=20240206..20241231 attempts=1
2026-09-17 20:03:37,804 INFO INFO [fund_adj 88/1169] 159549.SZ rows=257 span=20231211..20241231 attempts=1
2026-09-17 20:03:38,807 INFO INFO [fund_adj 89/1169] 159551.SZ rows=274 span=20231116..20241231 attempts=1
2026-09-17 20:03:40,140 INFO INFO [fund_adj 90/1169] 159552.SZ rows=126 span=20240628..20241231 attempts=1
2026-09-17 20:03:41,102 INFO INFO [fund_adj 91/1169] 159553.SZ rows=176 span=20240415..20241231 attempts=1
2026-09-17 20:03:42,119 INFO INFO [fund_adj 92/1169] 159555.SZ rows=256 span=20231212..20241231 attempts=1
2026-09-17 20:03:43,128 INFO INFO [fund_adj 93/1169] 159556.SZ rows=236 span=20240110..20241231 attempts=1
2026-09-17 20:03:44,245 INFO INFO [fund_adj 94/1169] 159557.SZ rows=152 span=20240522..20241231 attempts=1
2026-09-17 20:03:45,267 INFO INFO [fund_adj 95/1169] 159558.SZ rows=134 span=20240618..20241231 attempts=1
2026-09-17 20:03:46,388 INFO INFO [fund_adj 96/1169] 159559.SZ rows=256 span=20231212..20241231 attempts=1
2026-09-17 20:03:47,954 INFO INFO [fund_adj 97/1169] 159560.SZ rows=272 span=20231120..20241231 attempts=1
2026-09-17 20:03:48,891 INFO INFO [fund_adj 98/1169] 159561.SZ rows=165 span=20240430..20241231 attempts=1
2026-09-17 20:03:49,882 INFO INFO [fund_adj 99/1169] 159562.SZ rows=228 span=20240122..20241231 attempts=1
2026-09-17 20:03:51,302 INFO INFO [fund_adj 100/1169] 159563.SZ rows=210 span=20240223..20241231 attempts=1
2026-09-17 20:03:52,329 INFO INFO [fund_adj 101/1169] 159565.SZ rows=209 span=20240226..20241231 attempts=1
2026-09-17 20:03:53,595 INFO INFO [fund_adj 102/1169] 159566.SZ rows=215 span=20240208..20241231 attempts=1
2026-09-17 20:03:54,623 INFO INFO [fund_adj 103/1169] 159567.SZ rows=235 span=20240111..20241231 attempts=1
2026-09-17 20:03:56,256 INFO INFO [fund_adj 104/1169] 159568.SZ rows=208 span=20240227..20241231 attempts=1
2026-09-17 20:03:57,258 INFO INFO [fund_adj 105/1169] 159569.SZ rows=87 span=20240822..20241231 attempts=1
2026-09-17 20:03:58,266 INFO INFO [fund_adj 106/1169] 159570.SZ rows=228 span=20240122..20241231 attempts=1
2026-09-17 20:03:59,290 INFO INFO [fund_adj 107/1169] 159571.SZ rows=242 span=20240102..20241231 attempts=1
2026-09-17 20:04:00,312 INFO INFO [fund_adj 108/1169] 159572.SZ rows=247 span=20231225..20241231 attempts=1
2026-09-17 20:04:01,351 INFO INFO [fund_adj 109/1169] 159573.SZ rows=247 span=20231225..20241231 attempts=1
2026-09-17 20:04:02,363 INFO INFO [fund_adj 110/1169] 159575.SZ rows=242 span=20240102..20241231 attempts=1
2026-09-17 20:04:03,698 INFO INFO [fund_adj 111/1169] 159576.SZ rows=241 span=20240103..20241231 attempts=1
2026-09-17 20:04:04,718 INFO INFO [fund_adj 112/1169] 159577.SZ rows=210 span=20240223..20241231 attempts=1
2026-09-17 20:04:05,738 INFO INFO [fund_adj 113/1169] 159578.SZ rows=140 span=20240607..20241231 attempts=1
2026-09-17 20:04:06,869 INFO INFO [fund_adj 114/1169] 159579.SZ rows=111 span=20240719..20241231 attempts=1
2026-09-17 20:04:07,891 INFO INFO [fund_adj 115/1169] 159581.SZ rows=195 span=20240315..20241231 attempts=1
2026-09-17 20:04:09,349 INFO INFO [fund_adj 116/1169] 159582.SZ rows=175 span=20240416..20241231 attempts=1
2026-09-17 20:04:10,759 INFO INFO [fund_adj 117/1169] 159583.SZ rows=120 span=20240708..20241231 attempts=1
2026-09-17 20:04:12,100 INFO INFO [fund_adj 118/1169] 159586.SZ rows=195 span=20240315..20241231 attempts=1
2026-09-17 20:04:13,062 INFO INFO [fund_adj 119/1169] 159587.SZ rows=88 span=20240821..20241231 attempts=1
2026-09-17 20:04:14,034 INFO INFO [fund_adj 120/1169] 159588.SZ rows=145 span=20240531..20241231 attempts=1
2026-09-17 20:04:15,059 INFO INFO [fund_adj 121/1169] 159589.SZ rows=188 span=20240326..20241231 attempts=1
2026-09-17 20:04:16,028 INFO INFO [fund_adj 122/1169] 159590.SZ rows=40 span=20241106..20241231 attempts=1
2026-09-17 20:04:17,045 INFO INFO [fund_adj 123/1169] 159591.SZ rows=194 span=20240318..20241231 attempts=1
2026-09-17 20:04:18,030 INFO INFO [fund_adj 124/1169] 159592.SZ rows=194 span=20240318..20241231 attempts=1
2026-09-17 20:04:19,054 INFO INFO [fund_adj 125/1169] 159593.SZ rows=198 span=20240312..20241231 attempts=1
2026-09-17 20:04:20,216 INFO INFO [fund_adj 126/1169] 159595.SZ rows=194 span=20240318..20241231 attempts=1
2026-09-17 20:04:21,216 INFO INFO [fund_adj 127/1169] 159596.SZ rows=194 span=20240318..20241231 attempts=1
2026-09-17 20:04:22,230 INFO INFO [fund_adj 128/1169] 159597.SZ rows=149 span=20240527..20241231 attempts=1
2026-09-17 20:04:23,354 INFO INFO [fund_adj 129/1169] 159599.SZ rows=162 span=20240508..20241231 attempts=1
2026-09-17 20:04:24,684 INFO INFO [fund_adj 130/1169] 159601.SZ rows=766 span=20211108..20241231 attempts=1
2026-09-17 20:04:25,712 INFO INFO [fund_adj 131/1169] 159602.SZ rows=766 span=20211108..20241231 attempts=1
2026-09-17 20:04:26,735 INFO INFO [fund_adj 132/1169] 159603.SZ rows=626 span=20220608..20241231 attempts=1
2026-09-17 20:04:27,756 INFO INFO [fund_adj 133/1169] 159605.SZ rows=748 span=20211202..20241231 attempts=1
2026-09-17 20:04:29,038 INFO INFO [fund_adj 134/1169] 159606.SZ rows=729 span=20211229..20241231 attempts=1
2026-09-17 20:04:30,062 INFO INFO [fund_adj 135/1169] 159607.SZ rows=748 span=20211202..20241231 attempts=1
2026-09-17 20:04:31,063 INFO INFO [fund_adj 136/1169] 159608.SZ rows=733 span=20211223..20241231 attempts=1
2026-09-17 20:04:32,159 INFO INFO [fund_adj 137/1169] 159609.SZ rows=604 span=20220708..20241231 attempts=1
2026-09-17 20:04:33,697 INFO INFO [fund_adj 138/1169] 159610.SZ rows=722 span=20220110..20241231 attempts=1
2026-09-17 20:04:34,727 INFO INFO [fund_adj 139/1169] 159611.SZ rows=723 span=20220107..20241231 attempts=1
2026-09-17 20:04:35,640 INFO INFO [fund_adj 140/1169] 159612.SZ rows=638 span=20220520..20241231 attempts=1
2026-09-17 20:04:36,614 INFO INFO [fund_adj 141/1169] 159613.SZ rows=709 span=20220127..20241231 attempts=1
2026-09-17 20:04:37,724 INFO INFO [fund_adj 142/1169] 159615.SZ rows=612 span=20220628..20241231 attempts=1
2026-09-17 20:04:38,763 INFO INFO [fund_adj 143/1169] 159616.SZ rows=583 span=20220808..20241231 attempts=1
2026-09-17 20:04:39,763 INFO INFO [fund_adj 144/1169] 159617.SZ rows=610 span=20220630..20241231 attempts=1
2026-09-17 20:04:40,769 INFO INFO [fund_adj 145/1169] 159618.SZ rows=655 span=20220422..20241231 attempts=1
2026-09-17 20:04:41,841 INFO INFO [fund_adj 146/1169] 159619.SZ rows=698 span=20220218..20241231 attempts=1
2026-09-17 20:04:42,915 INFO INFO [fund_adj 147/1169] 159620.SZ rows=584 span=20220805..20241231 attempts=1
2026-09-17 20:04:44,042 INFO INFO [fund_adj 148/1169] 159621.SZ rows=559 span=20220909..20241231 attempts=1
2026-09-17 20:04:45,065 INFO INFO [fund_adj 149/1169] 159622.SZ rows=403 span=20230509..20241231 attempts=1
2026-09-17 20:04:46,035 INFO INFO [fund_adj 150/1169] 159623.SZ rows=559 span=20220909..20241231 attempts=1
2026-09-17 20:04:47,318 INFO INFO [fund_adj 151/1169] 159625.SZ rows=650 span=20220429..20241231 attempts=1
2026-09-17 20:04:48,348 INFO INFO [fund_adj 152/1169] 159627.SZ rows=507 span=20221130..20241231 attempts=1
2026-09-17 20:04:49,681 INFO INFO [fund_adj 153/1169] 159628.SZ rows=598 span=20220718..20241231 attempts=1
2026-09-17 20:04:50,931 INFO INFO [fund_adj 154/1169] 159629.SZ rows=586 span=20220803..20241231 attempts=1
2026-09-17 20:04:51,858 INFO INFO [fund_adj 155/1169] 159630.SZ rows=528 span=20221101..20241231 attempts=1
2026-09-17 20:04:52,843 INFO INFO [fund_adj 156/1169] 159631.SZ rows=569 span=20220826..20241231 attempts=1
2026-09-17 20:04:53,868 INFO INFO [fund_adj 157/1169] 159632.SZ rows=586 span=20220803..20241231 attempts=1
2026-09-17 20:04:54,896 INFO INFO [fund_adj 158/1169] 159633.SZ rows=585 span=20220804..20241231 attempts=1
2026-09-17 20:04:56,231 INFO INFO [fund_adj 159/1169] 159635.SZ rows=602 span=20220712..20241231 attempts=1
2026-09-17 20:04:57,252 INFO INFO [fund_adj 160/1169] 159636.SZ rows=596 span=20220720..20241231 attempts=1
2026-09-17 20:04:58,784 INFO INFO [fund_adj 161/1169] 159637.SZ rows=565 span=20220901..20241231 attempts=1
2026-09-17 20:04:59,912 INFO INFO [fund_adj 162/1169] 159638.SZ rows=579 span=20220812..20241231 attempts=1
2026-09-17 20:05:00,886 INFO INFO [fund_adj 163/1169] 159639.SZ rows=597 span=20220719..20241231 attempts=1
2026-09-17 20:05:02,165 INFO INFO [fund_adj 164/1169] 159640.SZ rows=595 span=20220721..20241231 attempts=1
2026-09-17 20:05:03,289 INFO INFO [fund_adj 165/1169] 159641.SZ rows=594 span=20220722..20241231 attempts=1
2026-09-17 20:05:04,629 INFO INFO [fund_adj 166/1169] 159642.SZ rows=595 span=20220721..20241231 attempts=1
2026-09-17 20:05:05,766 INFO INFO [fund_adj 167/1169] 159643.SZ rows=573 span=20220822..20241231 attempts=1
2026-09-17 20:05:07,016 INFO INFO [fund_adj 168/1169] 159645.SZ rows=549 span=20220926..20241231 attempts=1
2026-09-17 20:05:08,000 INFO INFO [fund_adj 169/1169] 159646.SZ rows=431 span=20220822..20240604 attempts=1
2026-09-17 20:05:09,030 INFO INFO [fund_adj 170/1169] 159647.SZ rows=590 span=20220728..20241231 attempts=1
2026-09-17 20:05:10,100 INFO INFO [fund_adj 171/1169] 159649.SZ rows=534 span=20221024..20241231 attempts=1
2026-09-17 20:05:11,336 INFO INFO [fund_adj 172/1169] 159650.SZ rows=530 span=20221028..20241231 attempts=1
2026-09-17 20:05:12,624 INFO INFO [fund_adj 173/1169] 159651.SZ rows=517 span=20221116..20241231 attempts=1
2026-09-17 20:05:13,687 INFO INFO [fund_adj 174/1169] 159652.SZ rows=463 span=20230208..20241231 attempts=1
2026-09-17 20:05:14,759 INFO INFO [fund_adj 175/1169] 159653.SZ rows=431 span=20230324..20241231 attempts=1
2026-09-17 20:05:15,782 INFO INFO [fund_adj 176/1169] 159655.SZ rows=533 span=20221025..20241231 attempts=1
2026-09-17 20:05:16,809 INFO INFO [fund_adj 177/1169] 159656.SZ rows=475 span=20230116..20241231 attempts=1
2026-09-17 20:05:18,035 INFO INFO [fund_adj 178/1169] 159657.SZ rows=440 span=20230313..20241231 attempts=1
2026-09-17 20:05:19,198 INFO INFO [fund_adj 179/1169] 159658.SZ rows=542 span=20221012..20241231 attempts=1
2026-09-17 20:05:20,536 INFO INFO [fund_adj 180/1169] 159659.SZ rows=410 span=20230425..20241231 attempts=1
2026-09-17 20:05:21,825 INFO INFO [fund_adj 181/1169] 159660.SZ rows=416 span=20230417..20241231 attempts=1
2026-09-17 20:05:23,206 INFO INFO [fund_adj 182/1169] 159661.SZ rows=263 span=20231201..20241231 attempts=1
2026-09-17 20:05:24,218 INFO INFO [fund_adj 183/1169] 159662.SZ rows=506 span=20221201..20241231 attempts=1
2026-09-17 20:05:25,615 INFO INFO [fund_adj 184/1169] 159663.SZ rows=532 span=20221026..20241231 attempts=1
2026-09-17 20:05:26,690 INFO INFO [fund_adj 185/1169] 159665.SZ rows=481 span=20230106..20241231 attempts=1
2026-09-17 20:05:27,711 INFO INFO [fund_adj 186/1169] 159666.SZ rows=460 span=20230213..20241231 attempts=1
2026-09-17 20:05:28,788 INFO INFO [fund_adj 187/1169] 159667.SZ rows=532 span=20221026..20241231 attempts=1
2026-09-17 20:05:29,810 INFO INFO [fund_adj 188/1169] 159669.SZ rows=478 span=20230111..20241231 attempts=1
2026-09-17 20:05:30,772 INFO INFO [fund_adj 189/1169] 159670.SZ rows=403 span=20230509..20241231 attempts=1
2026-09-17 20:05:31,705 INFO INFO [fund_adj 190/1169] 159671.SZ rows=441 span=20230310..20241231 attempts=1
2026-09-17 20:05:32,987 INFO INFO [fund_adj 191/1169] 159672.SZ rows=425 span=20230403..20241231 attempts=1
2026-09-17 20:05:34,011 INFO INFO [fund_adj 192/1169] 159673.SZ rows=356 span=20230717..20241231 attempts=1
2026-09-17 20:05:35,034 INFO INFO [fund_adj 193/1169] 159675.SZ rows=505 span=20221202..20241231 attempts=1
2026-09-17 20:05:36,162 INFO INFO [fund_adj 194/1169] 159676.SZ rows=419 span=20230412..20241231 attempts=1
2026-09-17 20:05:37,185 INFO INFO [fund_adj 195/1169] 159677.SZ rows=504 span=20221205..20241231 attempts=1
2026-09-17 20:05:38,208 INFO INFO [fund_adj 196/1169] 159678.SZ rows=450 span=20230227..20241231 attempts=1
2026-09-17 20:05:39,445 INFO INFO [fund_adj 197/1169] 159679.SZ rows=453 span=20230222..20241231 attempts=1
2026-09-17 20:05:40,716 INFO INFO [fund_adj 198/1169] 159680.SZ rows=507 span=20221130..20241231 attempts=1
2026-09-17 20:05:41,691 INFO INFO [fund_adj 199/1169] 159681.SZ rows=484 span=20230103..20241231 attempts=1
2026-09-17 20:05:42,714 INFO INFO [fund_adj 200/1169] 159682.SZ rows=484 span=20230103..20241231 attempts=1
2026-09-17 20:05:43,775 INFO INFO [fund_adj 201/1169] 159683.SZ rows=480 span=20230109..20241231 attempts=1
2026-09-17 20:05:44,783 INFO INFO [fund_adj 202/1169] 159685.SZ rows=425 span=20230403..20241231 attempts=1
2026-09-17 20:05:46,026 INFO INFO [fund_adj 203/1169] 159686.SZ rows=354 span=20230719..20241231 attempts=1
2026-09-17 20:05:48,143 INFO INFO [fund_adj 204/1169] 159687.SZ rows=485 span=20221230..20241231 attempts=1
2026-09-17 20:05:49,186 INFO INFO [fund_adj 205/1169] 159688.SZ rows=458 span=20230215..20241231 attempts=1
2026-09-17 20:05:50,192 INFO INFO [fund_adj 206/1169] 159689.SZ rows=440 span=20230313..20241231 attempts=1
2026-09-17 20:05:51,221 INFO INFO [fund_adj 207/1169] 159690.SZ rows=363 span=20230706..20241231 attempts=1
2026-09-17 20:05:52,170 INFO INFO [fund_adj 208/1169] 159691.SZ rows=412 span=20230421..20241231 attempts=1
2026-09-17 20:05:53,171 INFO INFO [fund_adj 209/1169] 159692.SZ rows=393 span=20230523..20241231 attempts=1
2026-09-17 20:05:54,316 INFO INFO [fund_adj 210/1169] 159693.SZ rows=114 span=20231214..20240606 attempts=1
2026-09-17 20:05:55,414 INFO INFO [fund_adj 211/1169] 159695.SZ rows=402 span=20230510..20241231 attempts=1
2026-09-17 20:05:56,643 INFO INFO [fund_adj 212/1169] 159696.SZ rows=327 span=20230825..20241231 attempts=1
2026-09-17 20:05:57,816 INFO INFO [fund_adj 213/1169] 159697.SZ rows=406 span=20230504..20241231 attempts=1
2026-09-17 20:05:58,996 INFO INFO [fund_adj 214/1169] 159698.SZ rows=332 span=20230818..20241231 attempts=1
2026-09-17 20:06:00,080 INFO INFO [fund_adj 215/1169] 159699.SZ rows=329 span=20230823..20241231 attempts=1
2026-09-17 20:06:01,385 INFO INFO [fund_adj 216/1169] 159701.SZ rows=733 span=20211223..20241231 attempts=1
2026-09-17 20:06:02,376 INFO INFO [fund_adj 217/1169] 159702.SZ rows=375 span=20210518..20221129 attempts=1
2026-09-17 20:06:04,071 INFO INFO [fund_adj 218/1169] 159703.SZ rows=867 span=20210608..20241231 attempts=1
2026-09-17 20:06:05,246 INFO INFO [fund_adj 219/1169] 159706.SZ rows=736 span=20211220..20241231 attempts=1
2026-09-17 20:06:06,575 INFO INFO [fund_adj 220/1169] 159707.SZ rows=762 span=20211112..20241231 attempts=1
2026-09-17 20:06:07,708 INFO INFO [fund_adj 221/1169] 159708.SZ rows=850 span=20210702..20241231 attempts=1
2026-09-17 20:06:08,784 INFO INFO [fund_adj 222/1169] 159709.SZ rows=850 span=20210702..20241231 attempts=1
2026-09-17 20:06:09,851 INFO INFO [fund_adj 223/1169] 159710.SZ rows=599 span=20210809..20240124 attempts=1
2026-09-17 20:06:11,342 INFO INFO [fund_adj 224/1169] 159711.SZ rows=730 span=20211228..20241231 attempts=1
2026-09-17 20:06:12,533 INFO INFO [fund_adj 225/1169] 159712.SZ rows=763 span=20211111..20241231 attempts=1
2026-09-17 20:06:13,541 INFO INFO [fund_adj 226/1169] 159713.SZ rows=819 span=20210816..20241231 attempts=1
2026-09-17 20:06:14,560 INFO INFO [fund_adj 227/1169] 159715.SZ rows=800 span=20210910..20241231 attempts=1
2026-09-17 20:06:15,632 INFO INFO [fund_adj 228/1169] 159716.SZ rows=854 span=20210628..20241231 attempts=1
2026-09-17 20:06:16,714 INFO INFO [fund_adj 229/1169] 159717.SZ rows=789 span=20210929..20241231 attempts=1
2026-09-17 20:06:17,739 INFO INFO [fund_adj 230/1169] 159718.SZ rows=730 span=20211228..20241231 attempts=1
2026-09-17 20:06:19,273 INFO INFO [fund_adj 231/1169] 159719.SZ rows=730 span=20211228..20241231 attempts=1
2026-09-17 20:06:20,559 INFO INFO [fund_adj 232/1169] 159720.SZ rows=838 span=20210720..20241231 attempts=1
2026-09-17 20:06:21,528 INFO INFO [fund_adj 233/1169] 159721.SZ rows=855 span=20210625..20241231 attempts=1
2026-09-17 20:06:23,008 INFO INFO [fund_adj 234/1169] 159723.SZ rows=782 span=20211015..20241231 attempts=1
2026-09-17 20:06:25,010 INFO INFO [fund_adj 235/1169] 159725.SZ rows=850 span=20210702..20241231 attempts=1
2026-09-17 20:06:26,034 INFO INFO [fund_adj 236/1169] 159726.SZ rows=755 span=20211123..20241231 attempts=1
2026-09-17 20:06:27,361 INFO INFO [fund_adj 237/1169] 159728.SZ rows=721 span=20220111..20241231 attempts=1
2026-09-17 20:06:28,698 INFO INFO [fund_adj 238/1169] 159729.SZ rows=837 span=20210721..20241231 attempts=1
2026-09-17 20:06:29,724 INFO INFO [fund_adj 239/1169] 159730.SZ rows=732 span=20211224..20241231 attempts=1
2026-09-17 20:06:30,796 INFO INFO [fund_adj 240/1169] 159731.SZ rows=742 span=20211210..20241231 attempts=1
2026-09-17 20:06:31,817 INFO INFO [fund_adj 241/1169] 159732.SZ rows=814 span=20210823..20241231 attempts=1
2026-09-17 20:06:32,824 INFO INFO [fund_adj 242/1169] 159733.SZ rows=587 span=20210929..20240305 attempts=1
2026-09-17 20:06:33,915 INFO INFO [fund_adj 243/1169] 159735.SZ rows=869 span=20210604..20241231 attempts=1
2026-09-17 20:06:34,838 INFO INFO [fund_adj 244/1169] 159736.SZ rows=791 span=20210927..20241231 attempts=1
2026-09-17 20:06:35,816 INFO INFO [fund_adj 245/1169] 159738.SZ rows=708 span=20220128..20241231 attempts=1
2026-09-17 20:06:36,783 INFO INFO [fund_adj 246/1169] 159739.SZ rows=759 span=20211117..20241231 attempts=1
2026-09-17 20:06:37,847 INFO INFO [fund_adj 247/1169] 159740.SZ rows=875 span=20210527..20241231 attempts=1
2026-09-17 20:06:38,835 INFO INFO [fund_adj 248/1169] 159741.SZ rows=870 span=20210603..20241231 attempts=1
2026-09-17 20:06:40,000 INFO INFO [fund_adj 249/1169] 159742.SZ rows=877 span=20210525..20241231 attempts=1
2026-09-17 20:06:40,983 INFO INFO [fund_adj 250/1169] 159743.SZ rows=721 span=20220111..20241231 attempts=1
2026-09-17 20:06:41,953 INFO INFO [fund_adj 251/1169] 159745.SZ rows=860 span=20210618..20241231 attempts=1
2026-09-17 20:06:43,030 INFO INFO [fund_adj 252/1169] 159747.SZ rows=842 span=20210714..20241231 attempts=1
2026-09-17 20:06:44,100 INFO INFO [fund_adj 253/1169] 159748.SZ rows=747 span=20211203..20241231 attempts=1
2026-09-17 20:06:45,186 INFO INFO [fund_adj 254/1169] 159750.SZ rows=702 span=20220214..20241231 attempts=1
2026-09-17 20:06:46,410 INFO INFO [fund_adj 255/1169] 159751.SZ rows=730 span=20211228..20241231 attempts=1
2026-09-17 20:06:47,843 INFO INFO [fund_adj 256/1169] 159752.SZ rows=832 span=20210728..20241231 attempts=1
2026-09-17 20:06:49,304 INFO INFO [fund_adj 257/1169] 159755.SZ rows=856 span=20210624..20241231 attempts=1
2026-09-17 20:06:50,711 INFO INFO [fund_adj 258/1169] 159757.SZ rows=824 span=20210809..20241231 attempts=1
2026-09-17 20:06:51,735 INFO INFO [fund_adj 259/1169] 159758.SZ rows=730 span=20211228..20241231 attempts=1
2026-09-17 20:06:52,896 INFO INFO [fund_adj 260/1169] 159760.SZ rows=736 span=20211220..20241231 attempts=1
2026-09-17 20:06:53,938 INFO INFO [fund_adj 261/1169] 159761.SZ rows=741 span=20211213..20241231 attempts=1
2026-09-17 20:06:55,220 INFO INFO [fund_adj 262/1169] 159763.SZ rows=799 span=20210913..20241231 attempts=1
2026-09-17 20:06:56,340 INFO INFO [fund_adj 263/1169] 159766.SZ rows=835 span=20210723..20241231 attempts=1
2026-09-17 20:06:57,990 INFO INFO [fund_adj 264/1169] 159767.SZ rows=814 span=20210823..20241231 attempts=1
2026-09-17 20:06:59,006 INFO INFO [fund_adj 265/1169] 159768.SZ rows=700 span=20220216..20241231 attempts=1
2026-09-17 20:07:00,131 INFO INFO [fund_adj 266/1169] 159769.SZ rows=571 span=20220303..20240709 attempts=1
2026-09-17 20:07:01,362 INFO INFO [fund_adj 267/1169] 159770.SZ rows=766 span=20211108..20241231 attempts=1
2026-09-17 20:07:02,999 INFO INFO [fund_adj 268/1169] 159773.SZ rows=787 span=20211008..20241231 attempts=1
2026-09-17 20:07:03,969 INFO INFO [fund_adj 269/1169] 159775.SZ rows=712 span=20220124..20241231 attempts=1
2026-09-17 20:07:05,074 INFO INFO [fund_adj 270/1169] 159776.SZ rows=673 span=20220325..20241231 attempts=1
2026-09-17 20:07:09,076 INFO INFO [fund_adj 271/1169] 159777.SZ rows=781 span=20211018..20241231 attempts=1
2026-09-17 20:07:10,372 INFO INFO [fund_adj 272/1169] 159778.SZ rows=699 span=20220217..20241231 attempts=1
2026-09-17 20:07:11,641 INFO INFO [fund_adj 273/1169] 159779.SZ rows=752 span=20211126..20241231 attempts=1
2026-09-17 20:07:12,967 INFO INFO [fund_adj 274/1169] 159780.SZ rows=849 span=20210705..20241231 attempts=1
2026-09-17 20:07:13,957 INFO INFO [fund_adj 275/1169] 159781.SZ rows=849 span=20210705..20241231 attempts=1
2026-09-17 20:07:14,980 INFO INFO [fund_adj 276/1169] 159782.SZ rows=847 span=20210707..20241231 attempts=1
2026-09-17 20:07:16,006 INFO INFO [fund_adj 277/1169] 159783.SZ rows=849 span=20210705..20241231 attempts=1
2026-09-17 20:07:17,235 INFO INFO [fund_adj 278/1169] 159786.SZ rows=825 span=20210806..20241231 attempts=1
2026-09-17 20:07:18,561 INFO INFO [fund_adj 279/1169] 159787.SZ rows=681 span=20220315..20241231 attempts=1
2026-09-17 20:07:19,586 INFO INFO [fund_adj 280/1169] 159788.SZ rows=690 span=20220302..20241231 attempts=1
2026-09-17 20:07:20,559 INFO INFO [fund_adj 281/1169] 159789.SZ rows=446 span=20211220..20231024 attempts=1
2026-09-17 20:07:21,544 INFO INFO [fund_adj 282/1169] 159790.SZ rows=825 span=20210806..20241231 attempts=1
2026-09-17 20:07:22,764 INFO INFO [fund_adj 283/1169] 159791.SZ rows=686 span=20220308..20241231 attempts=1
2026-09-17 20:07:23,712 INFO INFO [fund_adj 284/1169] 159792.SZ rows=790 span=20210928..20241231 attempts=1
2026-09-17 20:07:25,069 INFO INFO [fund_adj 285/1169] 159793.SZ rows=754 span=20211124..20241231 attempts=1
2026-09-17 20:07:26,142 INFO INFO [fund_adj 286/1169] 159795.SZ rows=702 span=20220214..20241231 attempts=1
2026-09-17 20:07:27,164 INFO INFO [fund_adj 287/1169] 159796.SZ rows=682 span=20220314..20241231 attempts=1
2026-09-17 20:07:28,219 INFO INFO [fund_adj 288/1169] 159797.SZ rows=642 span=20220516..20241231 attempts=1
2026-09-17 20:07:29,212 INFO INFO [fund_adj 289/1169] 159798.SZ rows=645 span=20220511..20241231 attempts=1
2026-09-17 20:07:30,132 INFO INFO [fund_adj 290/1169] 159800.SZ rows=116 span=20240712..20241231 attempts=1
2026-09-17 20:07:31,396 INFO INFO [fund_adj 291/1169] 159801.SZ rows=1185 span=20200218..20241231 attempts=1
2026-09-17 20:07:32,331 INFO INFO [fund_adj 292/1169] 159802.SZ rows=91 span=20200515..20200922 attempts=1
2026-09-17 20:07:33,923 INFO INFO [fund_adj 293/1169] 159803.SZ rows=329 span=20200526..20210927 attempts=1
2026-09-17 20:07:35,175 INFO INFO [fund_adj 294/1169] 159804.SZ rows=1155 span=20200331..20241231 attempts=1
2026-09-17 20:07:36,175 INFO INFO [fund_adj 295/1169] 159805.SZ rows=1143 span=20200417..20241231 attempts=1
2026-09-17 20:07:37,203 INFO INFO [fund_adj 296/1169] 159806.SZ rows=1162 span=20200320..20241231 attempts=1
2026-09-17 20:07:38,530 INFO INFO [fund_adj 297/1169] 159807.SZ rows=1156 span=20200330..20241231 attempts=1
2026-09-17 20:07:39,900 INFO INFO [fund_adj 298/1169] 159808.SZ rows=1048 span=20200904..20241231 attempts=1
2026-09-17 20:07:40,987 INFO INFO [fund_adj 299/1169] 159809.SZ rows=344 span=20200521..20211020 attempts=1
2026-09-17 20:07:41,957 INFO INFO [fund_adj 300/1169] 159810.SZ rows=1088 span=20200710..20241231 attempts=1
2026-09-17 20:07:43,009 INFO INFO [fund_adj 301/1169] 159811.SZ rows=1140 span=20200422..20241231 attempts=1
2026-09-17 20:07:44,078 INFO INFO [fund_adj 302/1169] 159812.SZ rows=1116 span=20200529..20241231 attempts=1
2026-09-17 20:07:45,141 INFO INFO [fund_adj 303/1169] 159813.SZ rows=1120 span=20200525..20241231 attempts=1
2026-09-17 20:07:46,170 INFO INFO [fund_adj 304/1169] 159814.SZ rows=1083 span=20200717..20241231 attempts=1
2026-09-17 20:07:47,153 INFO INFO [fund_adj 305/1169] 159815.SZ rows=654 span=20200818..20230427 attempts=1
2026-09-17 20:07:48,491 INFO INFO [fund_adj 306/1169] 159816.SZ rows=1048 span=20200904..20241231 attempts=1
2026-09-17 20:07:49,883 INFO INFO [fund_adj 307/1169] 159819.SZ rows=1035 span=20200923..20241231 attempts=1
2026-09-17 20:07:51,217 INFO INFO [fund_adj 308/1169] 159820.SZ rows=1057 span=20200824..20241231 attempts=1
2026-09-17 20:07:52,224 INFO INFO [fund_adj 309/1169] 159821.SZ rows=1015 span=20201029..20241231 attempts=1
2026-09-17 20:07:53,326 INFO INFO [fund_adj 310/1169] 159822.SZ rows=1019 span=20201023..20241231 attempts=1
2026-09-17 20:07:54,431 INFO INFO [fund_adj 311/1169] 159823.SZ rows=929 span=20201023..20240816 attempts=1
2026-09-17 20:07:55,706 INFO INFO [fund_adj 312/1169] 159824.SZ rows=964 span=20210111..20241231 attempts=1
2026-09-17 20:07:56,683 INFO INFO [fund_adj 313/1169] 159825.SZ rows=972 span=20201229..20241231 attempts=1
2026-09-17 20:07:57,890 INFO INFO [fund_adj 314/1169] 159827.SZ rows=979 span=20201218..20241231 attempts=1
2026-09-17 20:07:59,445 INFO INFO [fund_adj 315/1169] 159828.SZ rows=963 span=20210112..20241231 attempts=1
2026-09-17 20:08:00,728 INFO INFO [fund_adj 316/1169] 159830.SZ rows=839 span=20210719..20241231 attempts=1
2026-09-17 20:08:01,903 INFO INFO [fund_adj 317/1169] 159831.SZ rows=666 span=20220407..20241231 attempts=1
2026-09-17 20:08:02,926 INFO INFO [fund_adj 318/1169] 159832.SZ rows=251 span=20220318..20230329 attempts=1
2026-09-17 20:08:03,951 INFO INFO [fund_adj 319/1169] 159833.SZ rows=288 span=20220329..20230605 attempts=1
2026-09-17 20:08:05,843 INFO INFO [fund_adj 320/1169] 159834.SZ rows=680 span=20220316..20241231 attempts=1
2026-09-17 20:08:07,117 INFO INFO [fund_adj 321/1169] 159835.SZ rows=914 span=20210329..20241231 attempts=1
2026-09-17 20:08:08,188 INFO INFO [fund_adj 322/1169] 159836.SZ rows=877 span=20210525..20241231 attempts=1
2026-09-17 20:08:09,278 INFO INFO [fund_adj 323/1169] 159837.SZ rows=952 span=20210127..20241231 attempts=1
2026-09-17 20:08:10,350 INFO INFO [fund_adj 324/1169] 159838.SZ rows=830 span=20210730..20241231 attempts=1
2026-09-17 20:08:11,668 INFO INFO [fund_adj 325/1169] 159839.SZ rows=939 span=20210222..20241231 attempts=1
2026-09-17 20:08:12,883 INFO INFO [fund_adj 326/1169] 159840.SZ rows=815 span=20210820..20241231 attempts=1
2026-09-17 20:08:14,430 INFO INFO [fund_adj 327/1169] 159841.SZ rows=943 span=20210209..20241231 attempts=1
2026-09-17 20:08:20,270 INFO INFO [fund_adj 328/1169] 159842.SZ rows=0 span=.. attempts=1
2026-09-17 20:08:21,368 INFO INFO [fund_adj 329/1169] 159843.SZ rows=945 span=20210205..20241231 attempts=1
2026-09-17 20:08:23,042 INFO INFO [fund_adj 330/1169] 159845.SZ rows=912 span=20210331..20241231 attempts=1
2026-09-17 20:08:24,327 INFO INFO [fund_adj 331/1169] 159846.SZ rows=94 span=20210816..20220104 attempts=1
2026-09-17 20:08:25,772 INFO INFO [fund_adj 332/1169] 159847.SZ rows=839 span=20210719..20241231 attempts=1
2026-09-17 20:08:26,788 INFO INFO [fund_adj 333/1169] 159848.SZ rows=925 span=20210312..20241231 attempts=1
2026-09-17 20:08:27,854 INFO INFO [fund_adj 334/1169] 159849.SZ rows=933 span=20210302..20241231 attempts=1
2026-09-17 20:08:29,047 INFO INFO [fund_adj 335/1169] 159850.SZ rows=940 span=20210219..20241231 attempts=1
2026-09-17 20:08:30,071 INFO INFO [fund_adj 336/1169] 159851.SZ rows=920 span=20210319..20241231 attempts=1
2026-09-17 20:08:31,096 INFO INFO [fund_adj 337/1169] 159852.SZ rows=943 span=20210209..20241231 attempts=1
2026-09-17 20:08:32,039 INFO INFO [fund_adj 338/1169] 159853.SZ rows=515 span=20211015..20231124 attempts=1
2026-09-17 20:08:33,047 INFO INFO [fund_adj 339/1169] 159855.SZ rows=935 span=20210226..20241231 attempts=1
2026-09-17 20:08:34,203 INFO INFO [fund_adj 340/1169] 159856.SZ rows=949 span=20210201..20241231 attempts=1
2026-09-17 20:08:35,172 INFO INFO [fund_adj 341/1169] 159857.SZ rows=937 span=20210224..20241231 attempts=1
2026-09-17 20:08:36,416 INFO INFO [fund_adj 342/1169] 159858.SZ rows=916 span=20210325..20241231 attempts=1
2026-09-17 20:08:37,472 INFO INFO [fund_adj 343/1169] 159859.SZ rows=847 span=20210707..20241231 attempts=1
2026-09-17 20:08:38,477 INFO INFO [fund_adj 344/1169] 159861.SZ rows=910 span=20210402..20241231 attempts=1
2026-09-17 20:08:39,797 INFO INFO [fund_adj 345/1169] 159862.SZ rows=766 span=20211108..20241231 attempts=1
2026-09-17 20:08:40,823 INFO INFO [fund_adj 346/1169] 159863.SZ rows=926 span=20210311..20241231 attempts=1
2026-09-17 20:08:42,154 INFO INFO [fund_adj 347/1169] 159864.SZ rows=823 span=20210810..20241231 attempts=1
2026-09-17 20:08:43,180 INFO INFO [fund_adj 348/1169] 159865.SZ rows=929 span=20210308..20241231 attempts=1
2026-09-17 20:08:44,302 INFO INFO [fund_adj 349/1169] 159866.SZ rows=907 span=20210408..20241231 attempts=1
2026-09-17 20:08:45,344 INFO INFO [fund_adj 350/1169] 159867.SZ rows=930 span=20210305..20241231 attempts=1
2026-09-17 20:08:46,560 INFO INFO [fund_adj 351/1169] 159869.SZ rows=930 span=20210305..20241231 attempts=1
2026-09-17 20:08:47,888 INFO INFO [fund_adj 352/1169] 159870.SZ rows=932 span=20210303..20241231 attempts=1
2026-09-17 20:08:48,950 INFO INFO [fund_adj 353/1169] 159871.SZ rows=912 span=20210331..20241231 attempts=1
2026-09-17 20:08:50,059 INFO INFO [fund_adj 354/1169] 159872.SZ rows=851 span=20210701..20241231 attempts=1
2026-09-17 20:08:51,506 INFO INFO [fund_adj 355/1169] 159873.SZ rows=914 span=20210329..20241231 attempts=1
2026-09-17 20:08:53,115 INFO INFO [fund_adj 356/1169] 159875.SZ rows=818 span=20210817..20241231 attempts=1
2026-09-17 20:08:54,793 INFO INFO [fund_adj 357/1169] 159876.SZ rows=917 span=20210324..20241231 attempts=1
2026-09-17 20:08:55,803 INFO INFO [fund_adj 358/1169] 159877.SZ rows=769 span=20211103..20241231 attempts=1
2026-09-17 20:08:56,911 INFO INFO [fund_adj 359/1169] 159880.SZ rows=916 span=20210325..20241231 attempts=1
2026-09-17 20:08:57,965 INFO INFO [fund_adj 360/1169] 159881.SZ rows=851 span=20210701..20241231 attempts=1
2026-09-17 20:08:58,979 INFO INFO [fund_adj 361/1169] 159883.SZ rows=891 span=20210430..20241231 attempts=1
2026-09-17 20:09:00,365 INFO INFO [fund_adj 362/1169] 159885.SZ rows=903 span=20210414..20241231 attempts=1
2026-09-17 20:09:01,744 INFO INFO [fund_adj 363/1169] 159886.SZ rows=893 span=20210428..20241231 attempts=1
2026-09-17 20:09:03,146 INFO INFO [fund_adj 364/1169] 159887.SZ rows=880 span=20210520..20241231 attempts=1
2026-09-17 20:09:04,203 INFO INFO [fund_adj 365/1169] 159888.SZ rows=879 span=20210521..20241231 attempts=1
2026-09-17 20:09:05,520 INFO INFO [fund_adj 366/1169] 159889.SZ rows=801 span=20210909..20241231 attempts=1
2026-09-17 20:09:06,956 INFO INFO [fund_adj 367/1169] 159890.SZ rows=910 span=20210402..20241231 attempts=1
2026-09-17 20:09:07,954 INFO INFO [fund_adj 368/1169] 159891.SZ rows=863 span=20210615..20241231 attempts=1
2026-09-17 20:09:08,972 INFO INFO [fund_adj 369/1169] 159892.SZ rows=780 span=20211019..20241231 attempts=1
2026-09-17 20:09:10,103 INFO INFO [fund_adj 370/1169] 159895.SZ rows=778 span=20211021..20241231 attempts=1
2026-09-17 20:09:11,161 INFO INFO [fund_adj 371/1169] 159896.SZ rows=754 span=20211124..20241231 attempts=1
2026-09-17 20:09:12,147 INFO INFO [fund_adj 372/1169] 159897.SZ rows=220 span=20210621..20220518 attempts=1
2026-09-17 20:09:13,119 INFO INFO [fund_adj 373/1169] 159898.SZ rows=869 span=20210604..20241231 attempts=1
2026-09-17 20:09:14,090 INFO INFO [fund_adj 374/1169] 159899.SZ rows=854 span=20210628..20241231 attempts=1
2026-09-17 20:09:15,458 INFO INFO [fund_adj 375/1169] 159901.SZ rows=2431 span=20150105..20241231 attempts=1
2026-09-17 20:09:16,665 INFO INFO [fund_adj 376/1169] 159902.SZ rows=2431 span=20150105..20241231 attempts=1
2026-09-17 20:09:17,799 INFO INFO [fund_adj 377/1169] 159903.SZ rows=2431 span=20150105..20241231 attempts=1
2026-09-17 20:09:18,930 INFO INFO [fund_adj 378/1169] 159905.SZ rows=2431 span=20150105..20241231 attempts=1
2026-09-17 20:09:20,063 INFO INFO [fund_adj 379/1169] 159906.SZ rows=2431 span=20150105..20241231 attempts=1
2026-09-17 20:09:21,171 INFO INFO [fund_adj 380/1169] 159907.SZ rows=2431 span=20150105..20241231 attempts=1
2026-09-17 20:09:23,313 INFO INFO [fund_adj 381/1169] 159908.SZ rows=2431 span=20150105..20241231 attempts=1
2026-09-17 20:09:24,958 INFO INFO [fund_adj 382/1169] 159909.SZ rows=2431 span=20150105..20241231 attempts=1
2026-09-17 20:09:26,076 INFO INFO [fund_adj 383/1169] 159910.SZ rows=2431 span=20150105..20241231 attempts=1
2026-09-17 20:09:27,445 INFO INFO [fund_adj 384/1169] 159911.SZ rows=1330 span=20150105..20200618 attempts=1
2026-09-17 20:09:28,555 INFO INFO [fund_adj 385/1169] 159912.SZ rows=2431 span=20150105..20241231 attempts=1
2026-09-17 20:09:29,767 INFO INFO [fund_adj 386/1169] 159913.SZ rows=2431 span=20150105..20241231 attempts=1
2026-09-17 20:09:30,917 INFO INFO [fund_adj 387/1169] 159915.SZ rows=2431 span=20150105..20241231 attempts=1
2026-09-17 20:09:31,972 INFO INFO [fund_adj 388/1169] 159916.SZ rows=2431 span=20150105..20241231 attempts=1
2026-09-17 20:09:33,043 INFO INFO [fund_adj 389/1169] 159917.SZ rows=160 span=20150105..20150826 attempts=1
2026-09-17 20:09:34,171 INFO INFO [fund_adj 390/1169] 159918.SZ rows=2431 span=20150105..20241231 attempts=1
2026-09-17 20:09:35,544 INFO INFO [fund_adj 391/1169] 159919.SZ rows=2431 span=20150105..20241231 attempts=1
2026-09-17 20:09:36,736 INFO INFO [fund_adj 392/1169] 159920.SZ rows=2431 span=20150105..20241231 attempts=1
2026-09-17 20:09:37,860 INFO INFO [fund_adj 393/1169] 159921.SZ rows=694 span=20150105..20171107 attempts=1
2026-09-17 20:09:38,999 INFO INFO [fund_adj 394/1169] 159922.SZ rows=2431 span=20150105..20241231 attempts=1
2026-09-17 20:09:40,052 INFO INFO [fund_adj 395/1169] 159923.SZ rows=2431 span=20150105..20241231 attempts=1
2026-09-17 20:09:41,136 INFO INFO [fund_adj 396/1169] 159924.SZ rows=782 span=20150105..20180319 attempts=1
2026-09-17 20:09:42,466 INFO INFO [fund_adj 397/1169] 159925.SZ rows=2431 span=20150105..20241231 attempts=1
2026-09-17 20:09:44,260 INFO INFO [fund_adj 398/1169] 159926.SZ rows=1815 span=20150105..20220621 attempts=1
2026-09-17 20:09:45,260 INFO INFO [fund_adj 399/1169] 159927.SZ rows=763 span=20150105..20180213 attempts=1
2026-09-17 20:09:46,428 INFO INFO [fund_adj 400/1169] 159928.SZ rows=2431 span=20150105..20241231 attempts=1
2026-09-17 20:09:47,546 INFO INFO [fund_adj 401/1169] 159929.SZ rows=2431 span=20150105..20241231 attempts=1
2026-09-17 20:09:48,709 INFO INFO [fund_adj 402/1169] 159930.SZ rows=2431 span=20150105..20241231 attempts=1
2026-09-17 20:09:49,842 INFO INFO [fund_adj 403/1169] 159931.SZ rows=2431 span=20150105..20241231 attempts=1
2026-09-17 20:09:50,965 INFO INFO [fund_adj 404/1169] 159932.SZ rows=1918 span=20150105..20221121 attempts=1
2026-09-17 20:09:52,006 INFO INFO [fund_adj 405/1169] 159933.SZ rows=2431 span=20150105..20241231 attempts=1
2026-09-17 20:09:53,080 INFO INFO [fund_adj 406/1169] 159934.SZ rows=2431 span=20150105..20241231 attempts=1
2026-09-17 20:09:54,168 INFO INFO [fund_adj 407/1169] 159935.SZ rows=2431 span=20150105..20241231 attempts=1
2026-09-17 20:09:55,384 INFO INFO [fund_adj 408/1169] 159936.SZ rows=2431 span=20150105..20241231 attempts=1
2026-09-17 20:09:57,016 INFO INFO [fund_adj 409/1169] 159937.SZ rows=2431 span=20150105..20241231 attempts=1
2026-09-17 20:09:58,453 INFO INFO [fund_adj 410/1169] 159938.SZ rows=2428 span=20150108..20241231 attempts=1
2026-09-17 20:10:00,183 INFO INFO [fund_adj 411/1169] 159939.SZ rows=2408 span=20150205..20241231 attempts=1
2026-09-17 20:10:01,526 INFO INFO [fund_adj 412/1169] 159940.SZ rows=2363 span=20150417..20241231 attempts=1
2026-09-17 20:10:03,778 INFO INFO [fund_adj 413/1169] 159941.SZ rows=2304 span=20150713..20241231 attempts=1
2026-09-17 20:10:04,911 INFO INFO [fund_adj 414/1169] 159942.SZ rows=821 span=20150625..20181105 attempts=1
2026-09-17 20:10:06,030 INFO INFO [fund_adj 415/1169] 159943.SZ rows=2307 span=20150708..20241231 attempts=1
2026-09-17 20:10:07,564 INFO INFO [fund_adj 416/1169] 159944.SZ rows=2309 span=20150706..20241231 attempts=1
2026-09-17 20:10:08,584 INFO INFO [fund_adj 417/1169] 159945.SZ rows=2309 span=20150706..20241231 attempts=1
2026-09-17 20:10:09,605 INFO INFO [fund_adj 418/1169] 159946.SZ rows=847 span=20150713..20181227 attempts=1
2026-09-17 20:10:10,651 INFO INFO [fund_adj 419/1169] 159948.SZ rows=2088 span=20160531..20241231 attempts=1
2026-09-17 20:10:12,013 INFO INFO [fund_adj 420/1169] 159949.SZ rows=2052 span=20160722..20241231 attempts=1
2026-09-17 20:10:13,084 INFO INFO [fund_adj 421/1169] 159950.SZ rows=531 span=20170510..20190711 attempts=1
2026-09-17 20:10:14,299 INFO INFO [fund_adj 422/1169] 159951.SZ rows=1248 span=20170710..20220823 attempts=1
2026-09-17 20:10:15,987 INFO INFO [fund_adj 423/1169] 159952.SZ rows=1853 span=20170519..20241231 attempts=1
2026-09-17 20:10:17,373 INFO INFO [fund_adj 424/1169] 159953.SZ rows=835 span=20170714..20201216 attempts=1
2026-09-17 20:10:18,521 INFO INFO [fund_adj 425/1169] 159954.SZ rows=1652 span=20180315..20241231 attempts=1
2026-09-17 20:10:19,635 INFO INFO [fund_adj 426/1169] 159955.SZ rows=1280 span=20170823..20221129 attempts=1
2026-09-17 20:10:20,679 INFO INFO [fund_adj 427/1169] 159956.SZ rows=1658 span=20180307..20241231 attempts=1
2026-09-17 20:10:21,710 INFO INFO [fund_adj 428/1169] 159957.SZ rows=1697 span=20180104..20241231 attempts=1
2026-09-17 20:10:22,813 INFO INFO [fund_adj 429/1169] 159958.SZ rows=1686 span=20180119..20241231 attempts=1
2026-09-17 20:10:23,851 INFO INFO [fund_adj 430/1169] 159959.SZ rows=1444 span=20190118..20241231 attempts=1
2026-09-17 20:10:24,868 INFO INFO [fund_adj 431/1169] 159960.SZ rows=1506 span=20181022..20241231 attempts=1
2026-09-17 20:10:26,094 INFO INFO [fund_adj 432/1169] 159961.SZ rows=1464 span=20181219..20241231 attempts=1
2026-09-17 20:10:27,084 INFO INFO [fund_adj 433/1169] 159962.SZ rows=864 span=20190418..20221108 attempts=1
2026-09-17 20:10:28,108 INFO INFO [fund_adj 434/1169] 159963.SZ rows=525 span=20190326..20210524 attempts=1
2026-09-17 20:10:29,134 INFO INFO [fund_adj 435/1169] 159964.SZ rows=1385 span=20190419..20241231 attempts=1
2026-09-17 20:10:30,158 INFO INFO [fund_adj 436/1169] 159965.SZ rows=1382 span=20190424..20241231 attempts=1
2026-09-17 20:10:31,283 INFO INFO [fund_adj 437/1169] 159966.SZ rows=1328 span=20190715..20241231 attempts=1
2026-09-17 20:10:32,919 INFO INFO [fund_adj 438/1169] 159967.SZ rows=1328 span=20190715..20241231 attempts=1
2026-09-17 20:10:34,253 INFO INFO [fund_adj 439/1169] 159968.SZ rows=1256 span=20191031..20241231 attempts=1
2026-09-17 20:10:35,607 INFO INFO [fund_adj 440/1169] 159969.SZ rows=1296 span=20190828..20241231 attempts=1
2026-09-17 20:10:36,709 INFO INFO [fund_adj 441/1169] 159970.SZ rows=1206 span=20200110..20241231 attempts=1
2026-09-17 20:10:37,734 INFO INFO [fund_adj 442/1169] 159971.SZ rows=1337 span=20190702..20241231 attempts=1
2026-09-17 20:10:39,065 INFO INFO [fund_adj 443/1169] 159972.SZ rows=1250 span=20191108..20241231 attempts=1
2026-09-17 20:10:40,092 INFO INFO [fund_adj 444/1169] 159973.SZ rows=1309 span=20190809..20241231 attempts=1
2026-09-17 20:10:41,136 INFO INFO [fund_adj 445/1169] 159974.SZ rows=1222 span=20191218..20241231 attempts=1
2026-09-17 20:10:42,586 INFO INFO [fund_adj 446/1169] 159975.SZ rows=1212 span=20200102..20241231 attempts=1
2026-09-17 20:10:43,674 INFO INFO [fund_adj 447/1169] 159976.SZ rows=1201 span=20200117..20241231 attempts=1
2026-09-17 20:10:44,801 INFO INFO [fund_adj 448/1169] 159977.SZ rows=1275 span=20190927..20241231 attempts=1
2026-09-17 20:10:45,752 INFO INFO [fund_adj 449/1169] 159978.SZ rows=669 span=20200414..20230111 attempts=1
2026-09-17 20:10:47,003 INFO INFO [fund_adj 450/1169] 159979.SZ rows=695 span=20200214..20221220 attempts=1
2026-09-17 20:10:48,181 INFO INFO [fund_adj 451/1169] 159980.SZ rows=1218 span=20191224..20241231 attempts=1
2026-09-17 20:10:50,068 INFO INFO [fund_adj 452/1169] 159981.SZ rows=1201 span=20200117..20241231 attempts=1
2026-09-17 20:10:51,084 INFO INFO [fund_adj 453/1169] 159982.SZ rows=1183 span=20200220..20241231 attempts=1
2026-09-17 20:10:52,400 INFO INFO [fund_adj 454/1169] 159983.SZ rows=900 span=20200423..20240104 attempts=1
2026-09-17 20:10:53,405 INFO INFO [fund_adj 455/1169] 159984.SZ rows=840 span=20200117..20230707 attempts=1
2026-09-17 20:10:54,745 INFO INFO [fund_adj 456/1169] 159985.SZ rows=1231 span=20191205..20241231 attempts=1
2026-09-17 20:10:55,758 INFO INFO [fund_adj 457/1169] 159986.SZ rows=669 span=20200120..20221026 attempts=1
2026-09-17 20:10:56,883 INFO INFO [fund_adj 458/1169] 159987.SZ rows=1165 span=20191118..20240902 attempts=1
2026-09-17 20:10:57,909 INFO INFO [fund_adj 459/1169] 159988.SZ rows=506 span=20200529..20220629 attempts=1
2026-09-17 20:10:58,934 INFO INFO [fund_adj 460/1169] 159990.SZ rows=1087 span=20200120..20240716 attempts=1
2026-09-17 20:10:59,973 INFO INFO [fund_adj 461/1169] 159991.SZ rows=1138 span=20200424..20241231 attempts=1
2026-09-17 20:11:00,996 INFO INFO [fund_adj 462/1169] 159992.SZ rows=1148 span=20200410..20241231 attempts=1
2026-09-17 20:11:02,939 INFO INFO [fund_adj 463/1169] 159993.SZ rows=1192 span=20200207..20241231 attempts=1
2026-09-17 20:11:03,990 INFO INFO [fund_adj 464/1169] 159994.SZ rows=1177 span=20200228..20241231 attempts=1
2026-09-17 20:11:05,077 INFO INFO [fund_adj 465/1169] 159995.SZ rows=1191 span=20200210..20241231 attempts=1
2026-09-17 20:11:06,406 INFO INFO [fund_adj 466/1169] 159996.SZ rows=1166 span=20200316..20241231 attempts=1
2026-09-17 20:11:07,373 INFO INFO [fund_adj 467/1169] 159997.SZ rows=1162 span=20200320..20241231 attempts=1
2026-09-17 20:11:08,765 INFO INFO [fund_adj 468/1169] 159998.SZ rows=1147 span=20200413..20241231 attempts=1
2026-09-17 20:11:09,832 INFO INFO [fund_adj 469/1169] 159999.SZ rows=630 span=20200812..20230317 attempts=1
2026-09-17 20:11:10,913 INFO INFO [fund_adj 470/1169] 160119.SZ rows=2431 span=20150105..20241231 attempts=1
2026-09-17 20:11:12,055 INFO INFO [fund_adj 471/1169] 160615.SZ rows=2431 span=20150105..20241231 attempts=1
2026-09-17 20:11:13,108 INFO INFO [fund_adj 472/1169] 160706.SZ rows=2431 span=20150105..20241231 attempts=1
2026-09-17 20:11:15,016 INFO INFO [fund_adj 473/1169] 161121.SZ rows=1061 span=20200818..20241231 attempts=1
2026-09-17 20:11:16,168 INFO INFO [fund_adj 474/1169] 161130.SZ rows=1815 span=20170714..20241231 attempts=1
2026-09-17 20:11:17,187 INFO INFO [fund_adj 475/1169] 162412.SZ rows=935 span=20210226..20241231 attempts=1
2026-09-17 20:11:18,288 INFO INFO [fund_adj 476/1169] 162711.SZ rows=2431 span=20150105..20241231 attempts=1
2026-09-17 20:11:19,828 INFO INFO [fund_adj 477/1169] 501011.SH rows=1914 span=20170220..20241231 attempts=1
2026-09-17 20:11:20,849 INFO INFO [fund_adj 478/1169] 501012.SH rows=1914 span=20170220..20241231 attempts=1
2026-09-17 20:11:21,873 INFO INFO [fund_adj 479/1169] 501029.SH rows=1919 span=20170213..20241231 attempts=1
2026-09-17 20:11:23,711 INFO INFO [fund_adj 480/1169] 501036.SH rows=1759 span=20171009..20241231 attempts=1
2026-09-17 20:11:24,839 INFO INFO [fund_adj 481/1169] 501037.SH rows=1759 span=20171009..20241231 attempts=1
2026-09-17 20:11:25,865 INFO INFO [fund_adj 482/1169] 501047.SH rows=1687 span=20180118..20241231 attempts=1
2026-09-17 20:11:26,887 INFO INFO [fund_adj 483/1169] 501048.SH rows=1687 span=20180118..20241231 attempts=1
2026-09-17 20:11:27,917 INFO INFO [fund_adj 484/1169] 501090.SH rows=1210 span=20200106..20241231 attempts=1
2026-09-17 20:11:28,982 INFO INFO [fund_adj 485/1169] 501301.SH rows=1862 span=20170508..20241231 attempts=1
2026-09-17 20:11:30,161 INFO INFO [fund_adj 486/1169] 501302.SH rows=1793 span=20170815..20241231 attempts=1
2026-09-17 20:11:31,516 INFO INFO [fund_adj 487/1169] 501305.SH rows=1687 span=20180118..20241231 attempts=1
2026-09-17 20:11:32,622 INFO INFO [fund_adj 488/1169] 501306.SH rows=1687 span=20180118..20241231 attempts=1
2026-09-17 20:11:33,747 INFO INFO [fund_adj 489/1169] 502056.SH rows=1052 span=20200831..20241231 attempts=1
2026-09-17 20:11:34,814 INFO INFO [fund_adj 490/1169] 510010.SH rows=2431 span=20150105..20241231 attempts=1
2026-09-17 20:11:35,949 INFO INFO [fund_adj 491/1169] 510020.SH rows=2431 span=20150105..20241231 attempts=1
2026-09-17 20:11:37,335 INFO INFO [fund_adj 492/1169] 510030.SH rows=2431 span=20150105..20241231 attempts=1
2026-09-17 20:11:38,664 INFO INFO [fund_adj 493/1169] 510050.SH rows=2431 span=20150105..20241231 attempts=1
2026-09-17 20:11:40,215 INFO INFO [fund_adj 494/1169] 510060.SH rows=2431 span=20150105..20241231 attempts=1
2026-09-17 20:11:41,531 INFO INFO [fund_adj 495/1169] 510070.SH rows=1367 span=20150105..20200812 attempts=1
2026-09-17 20:11:42,558 INFO INFO [fund_adj 496/1169] 510090.SH rows=2431 span=20150105..20241231 attempts=1
2026-09-17 20:11:43,582 INFO INFO [fund_adj 497/1169] 510100.SH rows=1272 span=20191009..20241231 attempts=1
2026-09-17 20:11:45,015 INFO INFO [fund_adj 498/1169] 510110.SH rows=2094 span=20150105..20230810 attempts=1
2026-09-17 20:11:46,241 INFO INFO [fund_adj 499/1169] 510120.SH rows=2094 span=20150105..20230810 attempts=1
2026-09-17 20:11:47,777 INFO INFO [fund_adj 500/1169] 510130.SH rows=2431 span=20150105..20241231 attempts=1
2026-09-17 20:11:49,115 INFO INFO [fund_adj 501/1169] 510150.SH rows=2431 span=20150105..20241231 attempts=1
2026-09-17 20:11:50,339 INFO INFO [fund_adj 502/1169] 510160.SH rows=2431 span=20150105..20241231 attempts=1
2026-09-17 20:11:52,079 INFO INFO [fund_adj 503/1169] 510170.SH rows=2431 span=20150105..20241231 attempts=1
2026-09-17 20:11:53,205 INFO INFO [fund_adj 504/1169] 510180.SH rows=2431 span=20150105..20241231 attempts=1
2026-09-17 20:11:54,245 INFO INFO [fund_adj 505/1169] 510190.SH rows=2431 span=20150105..20241231 attempts=1
2026-09-17 20:11:56,581 INFO INFO [fund_adj 506/1169] 510200.SH rows=1131 span=20200508..20241231 attempts=1
2026-09-17 20:11:57,937 INFO INFO [fund_adj 507/1169] 510210.SH rows=2431 span=20150105..20241231 attempts=1
2026-09-17 20:11:59,079 INFO INFO [fund_adj 508/1169] 510220.SH rows=1943 span=20150105..20221226 attempts=1
2026-09-17 20:12:00,619 INFO INFO [fund_adj 509/1169] 510230.SH rows=2431 span=20150105..20241231 attempts=1
2026-09-17 20:12:01,721 INFO INFO [fund_adj 510/1169] 510260.SH rows=1228 span=20150105..20200114 attempts=1
2026-09-17 20:12:02,821 INFO INFO [fund_adj 511/1169] 510270.SH rows=2431 span=20150105..20241231 attempts=1
2026-09-17 20:12:04,104 INFO INFO [fund_adj 512/1169] 510280.SH rows=1157 span=20150105..20190927 attempts=1
2026-09-17 20:12:05,436 INFO INFO [fund_adj 513/1169] 510290.SH rows=2431 span=20150105..20241231 attempts=1
2026-09-17 20:12:07,085 INFO INFO [fund_adj 514/1169] 510300.SH rows=2431 span=20150105..20241231 attempts=1
2026-09-17 20:12:08,140 INFO INFO [fund_adj 515/1169] 510310.SH rows=2431 span=20150105..20241231 attempts=1
2026-09-17 20:12:09,230 INFO INFO [fund_adj 516/1169] 510330.SH rows=2431 span=20150105..20241231 attempts=1
2026-09-17 20:12:10,556 INFO INFO [fund_adj 517/1169] 510350.SH rows=1304 span=20190816..20241231 attempts=1
2026-09-17 20:12:11,830 INFO INFO [fund_adj 518/1169] 510360.SH rows=2264 span=20150909..20241231 attempts=1
2026-09-17 20:12:12,855 INFO INFO [fund_adj 519/1169] 510370.SH rows=1017 span=20201027..20241231 attempts=1
2026-09-17 20:12:13,934 INFO INFO [fund_adj 520/1169] 510380.SH rows=1673 span=20180207..20241231 attempts=1
2026-09-17 20:12:15,004 INFO INFO [fund_adj 521/1169] 510390.SH rows=1681 span=20180126..20241231 attempts=1
2026-09-17 20:12:16,133 INFO INFO [fund_adj 522/1169] 510410.SH rows=2431 span=20150105..20241231 attempts=1
2026-09-17 20:12:17,519 INFO INFO [fund_adj 523/1169] 510420.SH rows=1181 span=20150105..20191107 attempts=1
2026-09-17 20:12:18,981 INFO INFO [fund_adj 524/1169] 510430.SH rows=1452 span=20150105..20201217 attempts=1
2026-09-17 20:12:20,211 INFO INFO [fund_adj 525/1169] 510440.SH rows=1940 span=20150105..20221221 attempts=1
2026-09-17 20:12:21,206 INFO INFO [fund_adj 526/1169] 510450.SH rows=390 span=20150105..20160823 attempts=1
2026-09-17 20:12:22,261 INFO INFO [fund_adj 527/1169] 510500.SH rows=2431 span=20150105..20241231 attempts=1
2026-09-17 20:12:23,401 INFO INFO [fund_adj 528/1169] 510510.SH rows=2431 span=20150105..20241231 attempts=1
2026-09-17 20:12:24,812 INFO INFO [fund_adj 529/1169] 510520.SH rows=1175 span=20150105..20191030 attempts=1
2026-09-17 20:12:25,907 INFO INFO [fund_adj 530/1169] 510530.SH rows=1211 span=20200103..20241231 attempts=1
2026-09-17 20:12:26,969 INFO INFO [fund_adj 531/1169] 510550.SH rows=1446 span=20190116..20241231 attempts=1
2026-09-17 20:12:28,058 INFO INFO [fund_adj 532/1169] 510560.SH rows=2310 span=20150703..20241231 attempts=1
2026-09-17 20:12:29,077 INFO INFO [fund_adj 533/1169] 510570.SH rows=1065 span=20200812..20241231 attempts=1
2026-09-17 20:12:30,123 INFO INFO [fund_adj 534/1169] 510580.SH rows=2261 span=20150914..20241231 attempts=1
2026-09-17 20:12:31,276 INFO INFO [fund_adj 535/1169] 510590.SH rows=1620 span=20180504..20241231 attempts=1
2026-09-17 20:12:32,894 INFO INFO [fund_adj 536/1169] 510600.SH rows=1522 span=20180920..20241231 attempts=1
2026-09-17 20:12:33,890 INFO INFO [fund_adj 537/1169] 510610.SH rows=349 span=20150105..20160705 attempts=1
2026-09-17 20:12:34,913 INFO INFO [fund_adj 538/1169] 510620.SH rows=350 span=20150105..20160812 attempts=1
2026-09-17 20:12:36,303 INFO INFO [fund_adj 539/1169] 510630.SH rows=2431 span=20150105..20241231 attempts=1
2026-09-17 20:12:38,415 INFO INFO [fund_adj 540/1169] 510650.SH rows=2431 span=20150105..20241231 attempts=1
2026-09-17 20:12:47,053 INFO INFO [fund_adj 541/1169] 510660.SH rows=2431 span=20150105..20241231 attempts=1
2026-09-17 20:12:48,188 INFO INFO [fund_adj 542/1169] 510680.SH rows=2431 span=20150105..20241231 attempts=1
2026-09-17 20:12:49,358 INFO INFO [fund_adj 543/1169] 510690.SH rows=411 span=20200622..20220302 attempts=1
2026-09-17 20:12:50,586 INFO INFO [fund_adj 544/1169] 510700.SH rows=331 span=20150105..20160512 attempts=1
2026-09-17 20:12:51,722 INFO INFO [fund_adj 545/1169] 510710.SH rows=2323 span=20150615..20241231 attempts=1
2026-09-17 20:12:52,868 INFO INFO [fund_adj 546/1169] 510720.SH rows=157 span=20240515..20241231 attempts=1
2026-09-17 20:12:53,965 INFO INFO [fund_adj 547/1169] 510760.SH rows=1045 span=20200909..20241231 attempts=1
2026-09-17 20:12:54,992 INFO INFO [fund_adj 548/1169] 510770.SH rows=790 span=20210928..20241231 attempts=1
2026-09-17 20:12:56,123 INFO INFO [fund_adj 549/1169] 510800.SH rows=1690 span=20180115..20241231 attempts=1
2026-09-17 20:12:57,289 INFO INFO [fund_adj 550/1169] 510810.SH rows=2026 span=20160829..20241231 attempts=1
2026-09-17 20:12:58,597 INFO INFO [fund_adj 551/1169] 510820.SH rows=30 span=20190709..20190819 attempts=1
2026-09-17 20:12:59,956 INFO INFO [fund_adj 552/1169] 510850.SH rows=1416 span=20190306..20241231 attempts=1
2026-09-17 20:13:01,023 INFO INFO [fund_adj 553/1169] 510860.SH rows=284 span=20210112..20220316 attempts=1
2026-09-17 20:13:02,169 INFO INFO [fund_adj 554/1169] 510880.SH rows=2431 span=20150105..20241231 attempts=1
2026-09-17 20:13:03,214 INFO INFO [fund_adj 555/1169] 510890.SH rows=540 span=20190624..20210906 attempts=1
2026-09-17 20:13:04,629 INFO INFO [fund_adj 556/1169] 510900.SH rows=2431 span=20150105..20241231 attempts=1
2026-09-17 20:13:05,784 INFO INFO [fund_adj 557/1169] 510950.SH rows=160 span=20240510..20241231 attempts=1
2026-09-17 20:13:06,769 INFO INFO [fund_adj 558/1169] 510980.SH rows=263 span=20231201..20241231 attempts=1
2026-09-17 20:13:07,824 INFO INFO [fund_adj 559/1169] 510990.SH rows=851 span=20210701..20241231 attempts=1
2026-09-17 20:13:08,817 INFO INFO [fund_adj 560/1169] 511000.SH rows=115 span=20201029..20210416 attempts=1
2026-09-17 20:13:10,412 INFO INFO [fund_adj 561/1169] 511010.SH rows=2431 span=20150105..20241231 attempts=1
2026-09-17 20:13:11,408 INFO INFO [fund_adj 562/1169] 511020.SH rows=1424 span=20190222..20241231 attempts=1
2026-09-17 20:13:12,747 INFO INFO [fund_adj 563/1169] 511030.SH rows=1404 span=20190322..20241231 attempts=1
2026-09-17 20:13:13,841 INFO INFO [fund_adj 564/1169] 511050.SH rows=266 span=20200730..20210830 attempts=1
2026-09-17 20:13:15,301 INFO INFO [fund_adj 565/1169] 511060.SH rows=1226 span=20191212..20241231 attempts=1
2026-09-17 20:13:16,638 INFO INFO [fund_adj 566/1169] 511090.SH rows=378 span=20230613..20241231 attempts=1
2026-09-17 20:13:18,004 INFO INFO [fund_adj 567/1169] 511100.SH rows=247 span=20231225..20241231 attempts=1
2026-09-17 20:13:19,098 INFO INFO [fund_adj 568/1169] 511130.SH rows=186 span=20240328..20241231 attempts=1
2026-09-17 20:13:20,215 INFO INFO [fund_adj 569/1169] 511180.SH rows=1055 span=20200826..20241231 attempts=1
2026-09-17 20:13:21,392 INFO INFO [fund_adj 570/1169] 511210.SH rows=750 span=20150105..20180125 attempts=1
2026-09-17 20:13:22,845 INFO INFO [fund_adj 571/1169] 511220.SH rows=2431 span=20150105..20241231 attempts=1
2026-09-17 20:13:24,072 INFO INFO [fund_adj 572/1169] 511230.SH rows=958 span=20170421..20210326 attempts=1
2026-09-17 20:13:25,238 INFO INFO [fund_adj 573/1169] 511260.SH rows=1786 span=20170824..20241231 attempts=1
2026-09-17 20:13:26,462 INFO INFO [fund_adj 574/1169] 511270.SH rows=1483 span=20181122..20241231 attempts=1
2026-09-17 20:13:27,747 INFO INFO [fund_adj 575/1169] 511280.SH rows=779 span=20180531..20211021 attempts=1
2026-09-17 20:13:28,870 INFO INFO [fund_adj 576/1169] 511290.SH rows=609 span=20180427..20201029 attempts=1
2026-09-17 20:13:29,958 INFO INFO [fund_adj 577/1169] 511310.SH rows=1181 span=20180426..20230307 attempts=1
2026-09-17 20:13:31,068 INFO INFO [fund_adj 578/1169] 511360.SH rows=1033 span=20200925..20241231 attempts=1
2026-09-17 20:13:32,188 INFO INFO [fund_adj 579/1169] 511380.SH rows=1151 span=20200407..20241231 attempts=1
2026-09-17 20:13:33,886 INFO INFO [fund_adj 580/1169] 511520.SH rows=533 span=20221025..20241231 attempts=1
2026-09-17 20:13:35,155 INFO INFO [fund_adj 581/1169] 511580.SH rows=497 span=20221214..20241231 attempts=1
2026-09-17 20:13:36,249 INFO INFO [fund_adj 582/1169] 511600.SH rows=2007 span=20160927..20241231 attempts=1
2026-09-17 20:13:37,699 INFO INFO [fund_adj 583/1169] 511620.SH rows=1776 span=20170907..20241231 attempts=1
2026-09-17 20:13:38,752 INFO INFO [fund_adj 584/1169] 511650.SH rows=1934 span=20170116..20241231 attempts=1
2026-09-17 20:13:39,845 INFO INFO [fund_adj 585/1169] 511660.SH rows=2011 span=20160921..20241231 attempts=1
2026-09-17 20:13:41,483 INFO INFO [fund_adj 586/1169] 511670.SH rows=1784 span=20170828..20241231 attempts=1
2026-09-17 20:13:42,802 INFO INFO [fund_adj 587/1169] 511680.SH rows=507 span=20160927..20181029 attempts=1
2026-09-17 20:13:43,951 INFO INFO [fund_adj 588/1169] 511690.SH rows=1995 span=20161020..20241231 attempts=1
2026-09-17 20:13:45,097 INFO INFO [fund_adj 589/1169] 511700.SH rows=1998 span=20161017..20241231 attempts=1
2026-09-17 20:13:46,986 INFO INFO [fund_adj 590/1169] 511760.SH rows=362 span=20161215..20180611 attempts=1
2026-09-17 20:13:48,154 INFO INFO [fund_adj 591/1169] 511770.SH rows=1881 span=20170410..20241231 attempts=1
2026-09-17 20:13:49,458 INFO INFO [fund_adj 592/1169] 511800.SH rows=2431 span=20150105..20241231 attempts=1
2026-09-17 20:13:50,599 INFO INFO [fund_adj 593/1169] 511810.SH rows=2431 span=20150105..20241231 attempts=1
2026-09-17 20:13:51,634 INFO INFO [fund_adj 594/1169] 511820.SH rows=2157 span=20160222..20241231 attempts=1
2026-09-17 20:13:52,987 INFO INFO [fund_adj 595/1169] 511830.SH rows=2289 span=20150803..20241231 attempts=1
2026-09-17 20:13:54,388 INFO INFO [fund_adj 596/1169] 511850.SH rows=2056 span=20160718..20241231 attempts=1
2026-09-17 20:13:55,417 INFO INFO [fund_adj 597/1169] 511860.SH rows=2431 span=20150105..20241231 attempts=1
2026-09-17 20:13:56,871 INFO INFO [fund_adj 598/1169] 511880.SH rows=2431 span=20150105..20241231 attempts=1
2026-09-17 20:13:57,975 INFO INFO [fund_adj 599/1169] 511890.SH rows=655 span=20150803..20180411 attempts=1
2026-09-17 20:13:59,005 INFO INFO [fund_adj 600/1169] 511900.SH rows=2204 span=20151209..20241231 attempts=1
2026-09-17 20:14:00,130 INFO INFO [fund_adj 601/1169] 511910.SH rows=2066 span=20160704..20241231 attempts=1
2026-09-17 20:14:01,192 INFO INFO [fund_adj 602/1169] 511920.SH rows=2132 span=20160328..20241231 attempts=1
2026-09-17 20:14:02,380 INFO INFO [fund_adj 603/1169] 511930.SH rows=2200 span=20151215..20241231 attempts=1
2026-09-17 20:14:03,761 INFO INFO [fund_adj 604/1169] 511950.SH rows=1953 span=20161219..20241231 attempts=1
2026-09-17 20:14:04,862 INFO INFO [fund_adj 605/1169] 511960.SH rows=2182 span=20160111..20241231 attempts=1
2026-09-17 20:14:06,073 INFO INFO [fund_adj 606/1169] 511970.SH rows=2056 span=20160718..20241231 attempts=1
2026-09-17 20:14:07,085 INFO INFO [fund_adj 607/1169] 511980.SH rows=2231 span=20151102..20241231 attempts=1
2026-09-17 20:14:08,136 INFO INFO [fund_adj 608/1169] 511990.SH rows=2431 span=20150105..20241231 attempts=1
2026-09-17 20:14:09,335 INFO INFO [fund_adj 609/1169] 512000.SH rows=2014 span=20160914..20241231 attempts=1
2026-09-17 20:14:10,420 INFO INFO [fund_adj 610/1169] 512010.SH rows=2431 span=20150105..20241231 attempts=1
2026-09-17 20:14:11,811 INFO INFO [fund_adj 611/1169] 512020.SH rows=22 span=20241202..20241231 attempts=1
2026-09-17 20:14:13,127 INFO INFO [fund_adj 612/1169] 512040.SH rows=1478 span=20181129..20241231 attempts=1
2026-09-17 20:14:14,141 INFO INFO [fund_adj 613/1169] 512050.SH rows=33 span=20241115..20241231 attempts=1
2026-09-17 20:14:15,893 INFO INFO [fund_adj 614/1169] 512070.SH rows=2431 span=20150105..20241231 attempts=1
2026-09-17 20:14:16,944 INFO INFO [fund_adj 615/1169] 512090.SH rows=1600 span=20180601..20241231 attempts=1
2026-09-17 20:14:18,129 INFO INFO [fund_adj 616/1169] 512100.SH rows=1984 span=20161104..20241231 attempts=1
2026-09-17 20:14:19,603 INFO INFO [fund_adj 617/1169] 512110.SH rows=423 span=20150105..20170112 attempts=1
2026-09-17 20:14:20,711 INFO INFO [fund_adj 618/1169] 512120.SH rows=2431 span=20150105..20241231 attempts=1
2026-09-17 20:14:22,037 INFO INFO [fund_adj 619/1169] 512150.SH rows=1443 span=20190121..20241231 attempts=1
2026-09-17 20:14:23,153 INFO INFO [fund_adj 620/1169] 512160.SH rows=1623 span=20180427..20241231 attempts=1
2026-09-17 20:14:24,345 INFO INFO [fund_adj 621/1169] 512170.SH rows=1348 span=20190617..20241231 attempts=1
2026-09-17 20:14:25,516 INFO INFO [fund_adj 622/1169] 512180.SH rows=1609 span=20180521..20241231 attempts=1
2026-09-17 20:14:26,639 INFO INFO [fund_adj 623/1169] 512190.SH rows=1288 span=20190909..20241231 attempts=1
2026-09-17 20:14:27,780 INFO INFO [fund_adj 624/1169] 512200.SH rows=1764 span=20170925..20241231 attempts=1
2026-09-17 20:14:29,246 INFO INFO [fund_adj 625/1169] 512210.SH rows=895 span=20150105..20180830 attempts=1
2026-09-17 20:14:30,687 INFO INFO [fund_adj 626/1169] 512220.SH rows=2431 span=20150105..20241231 attempts=1
2026-09-17 20:14:31,800 INFO INFO [fund_adj 627/1169] 512230.SH rows=990 span=20150105..20190122 attempts=1
2026-09-17 20:14:33,408 INFO INFO [fund_adj 628/1169] 512260.SH rows=1449 span=20190111..20241231 attempts=1
2026-09-17 20:14:35,135 INFO INFO [fund_adj 629/1169] 512270.SH rows=606 span=20190329..20210922 attempts=1
2026-09-17 20:14:36,812 INFO INFO [fund_adj 630/1169] 512280.SH rows=1605 span=20180525..20241231 attempts=1
2026-09-17 20:14:37,808 INFO INFO [fund_adj 631/1169] 512290.SH rows=1367 span=20190520..20241231 attempts=1
2026-09-17 20:14:38,940 INFO INFO [fund_adj 632/1169] 512300.SH rows=1506 span=20150105..20210311 attempts=1
2026-09-17 20:14:40,057 INFO INFO [fund_adj 633/1169] 512310.SH rows=1448 span=20150508..20210415 attempts=1
2026-09-17 20:14:41,183 INFO INFO [fund_adj 634/1169] 512320.SH rows=893 span=20200807..20240415 attempts=1
2026-09-17 20:14:42,237 INFO INFO [fund_adj 635/1169] 512330.SH rows=2299 span=20150720..20241231 attempts=1
2026-09-17 20:14:43,441 INFO INFO [fund_adj 636/1169] 512340.SH rows=1443 span=20150515..20210415 attempts=1
2026-09-17 20:14:44,766 INFO INFO [fund_adj 637/1169] 512350.SH rows=365 span=20200910..20220316 attempts=1
2026-09-17 20:14:45,894 INFO INFO [fund_adj 638/1169] 512360.SH rows=1566 span=20180720..20241231 attempts=1
2026-09-17 20:14:47,279 INFO INFO [fund_adj 639/1169] 512380.SH rows=1378 span=20190430..20241231 attempts=1
2026-09-17 20:14:48,459 INFO INFO [fund_adj 640/1169] 512390.SH rows=1571 span=20180713..20241231 attempts=1
2026-09-17 20:14:49,892 INFO INFO [fund_adj 641/1169] 512400.SH rows=1780 span=20170901..20241231 attempts=1
2026-09-17 20:14:52,849 INFO INFO [fund_adj 642/1169] 512480.SH rows=1351 span=20190612..20241231 attempts=1
2026-09-17 20:14:53,992 INFO INFO [fund_adj 643/1169] 512500.SH rows=2334 span=20150529..20241231 attempts=1
2026-09-17 20:14:56,841 INFO INFO [fund_adj 644/1169] 512510.SH rows=2324 span=20150612..20241231 attempts=1
2026-09-17 20:14:57,991 INFO INFO [fund_adj 645/1169] 512520.SH rows=1610 span=20180518..20241231 attempts=1
2026-09-17 20:14:59,413 INFO INFO [fund_adj 646/1169] 512530.SH rows=1279 span=20190923..20241231 attempts=1
2026-09-17 20:15:01,095 INFO INFO [fund_adj 647/1169] 512550.SH rows=1799 span=20170807..20241231 attempts=1
2026-09-17 20:15:02,489 INFO INFO [fund_adj 648/1169] 512560.SH rows=1805 span=20170728..20241231 attempts=1
2026-09-17 20:15:04,127 INFO INFO [fund_adj 649/1169] 512570.SH rows=1795 span=20170811..20241231 attempts=1
2026-09-17 20:15:06,279 INFO INFO [fund_adj 650/1169] 512580.SH rows=1908 span=20170228..20241231 attempts=1
2026-09-17 20:15:07,600 INFO INFO [fund_adj 651/1169] 512590.SH rows=1007 span=20190308..20230427 attempts=1
2026-09-17 20:15:09,595 INFO INFO [fund_adj 652/1169] 512600.SH rows=2431 span=20150105..20241231 attempts=1
2026-09-17 20:15:11,845 INFO INFO [fund_adj 653/1169] 512610.SH rows=1940 span=20150105..20221221 attempts=1
2026-09-17 20:15:13,179 INFO INFO [fund_adj 654/1169] 512640.SH rows=2431 span=20150105..20241231 attempts=1
2026-09-17 20:15:14,771 INFO INFO [fund_adj 655/1169] 512650.SH rows=1260 span=20191025..20241231 attempts=1
2026-09-17 20:15:15,903 INFO INFO [fund_adj 656/1169] 512660.SH rows=2041 span=20160808..20241231 attempts=1
2026-09-17 20:15:17,284 INFO INFO [fund_adj 657/1169] 512670.SH rows=1315 span=20190801..20241231 attempts=1
2026-09-17 20:15:18,396 INFO INFO [fund_adj 658/1169] 512680.SH rows=1999 span=20161014..20241231 attempts=1
2026-09-17 20:15:19,799 INFO INFO [fund_adj 659/1169] 512690.SH rows=1377 span=20190506..20241231 attempts=1
2026-09-17 20:15:20,875 INFO INFO [fund_adj 660/1169] 512700.SH rows=1807 span=20170726..20241231 attempts=1
2026-09-17 20:15:22,443 INFO INFO [fund_adj 661/1169] 512710.SH rows=1298 span=20190826..20241231 attempts=1
2026-09-17 20:15:23,886 INFO INFO [fund_adj 662/1169] 512720.SH rows=1304 span=20190816..20241231 attempts=1
2026-09-17 20:15:24,906 INFO INFO [fund_adj 663/1169] 512730.SH rows=1192 span=20200207..20241231 attempts=1
2026-09-17 20:15:25,949 INFO INFO [fund_adj 664/1169] 512750.SH rows=1334 span=20190705..20241231 attempts=1
2026-09-17 20:15:26,965 INFO INFO [fund_adj 665/1169] 512760.SH rows=1351 span=20190612..20241231 attempts=1
2026-09-17 20:15:28,697 INFO INFO [fund_adj 666/1169] 512770.SH rows=1547 span=20180816..20241231 attempts=1
2026-09-17 20:15:30,177 INFO INFO [fund_adj 667/1169] 512780.SH rows=1129 span=20180524..20230111 attempts=1
2026-09-17 20:15:31,254 INFO INFO [fund_adj 668/1169] 512790.SH rows=216 span=20190906..20200730 attempts=1
2026-09-17 20:15:33,140 INFO INFO [fund_adj 669/1169] 512800.SH rows=1801 span=20170803..20241231 attempts=1
2026-09-17 20:15:34,272 INFO INFO [fund_adj 670/1169] 512810.SH rows=2031 span=20160822..20241231 attempts=1
2026-09-17 20:15:35,391 INFO INFO [fund_adj 671/1169] 512820.SH rows=1482 span=20181123..20241231 attempts=1
2026-09-17 20:15:36,794 INFO INFO [fund_adj 672/1169] 512850.SH rows=552 span=20181109..20210218 attempts=1
2026-09-17 20:15:37,825 INFO INFO [fund_adj 673/1169] 512860.SH rows=611 span=20181026..20210429 attempts=1
2026-09-17 20:15:39,397 INFO INFO [fund_adj 674/1169] 512870.SH rows=1424 span=20190222..20241231 attempts=1
2026-09-17 20:15:40,829 INFO INFO [fund_adj 675/1169] 512880.SH rows=2041 span=20160808..20241231 attempts=1
2026-09-17 20:15:41,945 INFO INFO [fund_adj 676/1169] 512890.SH rows=1444 span=20190118..20241231 attempts=1
2026-09-17 20:15:43,047 INFO INFO [fund_adj 677/1169] 512900.SH rows=1885 span=20170331..20241231 attempts=1
2026-09-17 20:15:44,469 INFO INFO [fund_adj 678/1169] 512910.SH rows=1338 span=20190701..20241231 attempts=1
2026-09-17 20:15:45,833 INFO INFO [fund_adj 679/1169] 512920.SH rows=1009 span=20181207..20230207 attempts=1
2026-09-17 20:15:46,958 INFO INFO [fund_adj 680/1169] 512930.SH rows=1299 span=20190823..20241231 attempts=1
2026-09-17 20:15:48,710 INFO INFO [fund_adj 681/1169] 512950.SH rows=1444 span=20190118..20241231 attempts=1
2026-09-17 20:15:49,883 INFO INFO [fund_adj 682/1169] 512960.SH rows=1444 span=20190118..20241231 attempts=1
2026-09-17 20:15:52,029 INFO INFO [fund_adj 683/1169] 512970.SH rows=1249 span=20191111..20241231 attempts=1
2026-09-17 20:15:53,103 INFO INFO [fund_adj 684/1169] 512980.SH rows=1686 span=20180119..20241231 attempts=1
2026-09-17 20:15:54,247 INFO INFO [fund_adj 685/1169] 512990.SH rows=2379 span=20150325..20241231 attempts=1
2026-09-17 20:15:55,629 INFO INFO [fund_adj 686/1169] 513000.SH rows=1342 span=20190625..20241231 attempts=1
2026-09-17 20:15:56,648 INFO INFO [fund_adj 687/1169] 513010.SH rows=877 span=20210525..20241231 attempts=1
2026-09-17 20:15:57,676 INFO INFO [fund_adj 688/1169] 513020.SH rows=706 span=20220208..20241231 attempts=1
2026-09-17 20:15:59,056 INFO INFO [fund_adj 689/1169] 513030.SH rows=2431 span=20150105..20241231 attempts=1
2026-09-17 20:16:00,453 INFO INFO [fund_adj 690/1169] 513040.SH rows=379 span=20230612..20241231 attempts=1
2026-09-17 20:16:01,816 INFO INFO [fund_adj 691/1169] 513050.SH rows=1932 span=20170118..20241231 attempts=1
2026-09-17 20:16:03,205 INFO INFO [fund_adj 692/1169] 513060.SH rows=914 span=20210329..20241231 attempts=1
2026-09-17 20:16:04,549 INFO INFO [fund_adj 693/1169] 513070.SH rows=674 span=20220324..20241231 attempts=1
2026-09-17 20:16:05,640 INFO INFO [fund_adj 694/1169] 513080.SH rows=1106 span=20200612..20241231 attempts=1
2026-09-17 20:16:06,733 INFO INFO [fund_adj 695/1169] 513090.SH rows=1158 span=20200326..20241231 attempts=1
2026-09-17 20:16:07,828 INFO INFO [fund_adj 696/1169] 513100.SH rows=2431 span=20150105..20241231 attempts=1
2026-09-17 20:16:08,828 INFO INFO [fund_adj 697/1169] 513110.SH rows=435 span=20230320..20241231 attempts=1
2026-09-17 20:16:09,971 INFO INFO [fund_adj 698/1169] 513120.SH rows=602 span=20220712..20241231 attempts=1
2026-09-17 20:16:11,092 INFO INFO [fund_adj 699/1169] 513130.SH rows=872 span=20210601..20241231 attempts=1
2026-09-17 20:16:12,104 INFO INFO [fund_adj 700/1169] 513140.SH rows=477 span=20230112..20241231 attempts=1
2026-09-17 20:16:13,244 INFO INFO [fund_adj 701/1169] 513150.SH rows=703 span=20220211..20241231 attempts=1
2026-09-17 20:16:14,277 INFO INFO [fund_adj 702/1169] 513160.SH rows=705 span=20220209..20241231 attempts=1
2026-09-17 20:16:15,639 INFO INFO [fund_adj 703/1169] 513170.SH rows=172 span=20240419..20241231 attempts=1
2026-09-17 20:16:16,632 INFO INFO [fund_adj 704/1169] 513180.SH rows=877 span=20210525..20241231 attempts=1
2026-09-17 20:16:17,639 INFO INFO [fund_adj 705/1169] 513190.SH rows=300 span=20231011..20241231 attempts=1
2026-09-17 20:16:18,770 INFO INFO [fund_adj 706/1169] 513200.SH rows=703 span=20220211..20241231 attempts=1
2026-09-17 20:16:19,847 INFO INFO [fund_adj 707/1169] 513210.SH rows=171 span=20240422..20241231 attempts=1
2026-09-17 20:16:21,152 INFO INFO [fund_adj 708/1169] 513220.SH rows=599 span=20220715..20241231 attempts=1
2026-09-17 20:16:22,357 INFO INFO [fund_adj 709/1169] 513230.SH rows=712 span=20220124..20241231 attempts=1
2026-09-17 20:16:23,490 INFO INFO [fund_adj 710/1169] 513260.SH rows=558 span=20220913..20241231 attempts=1
2026-09-17 20:16:24,892 INFO INFO [fund_adj 711/1169] 513280.SH rows=598 span=20220718..20241231 attempts=1
2026-09-17 20:16:25,948 INFO INFO [fund_adj 712/1169] 513290.SH rows=568 span=20220829..20241231 attempts=1
2026-09-17 20:16:27,272 INFO INFO [fund_adj 713/1169] 513300.SH rows=1010 span=20201105..20241231 attempts=1
2026-09-17 20:16:29,096 INFO INFO [fund_adj 714/1169] 513310.SH rows=491 span=20221222..20241231 attempts=1
2026-09-17 20:16:30,083 INFO INFO [fund_adj 715/1169] 513320.SH rows=677 span=20220321..20241231 attempts=1
2026-09-17 20:16:31,469 INFO INFO [fund_adj 716/1169] 513330.SH rows=944 span=20210208..20241231 attempts=1
2026-09-17 20:16:32,771 INFO INFO [fund_adj 717/1169] 513350.SH rows=266 span=20231128..20241231 attempts=1
2026-09-17 20:16:34,167 INFO INFO [fund_adj 718/1169] 513360.SH rows=861 span=20210617..20241231 attempts=1
2026-09-17 20:16:35,563 INFO INFO [fund_adj 719/1169] 513380.SH rows=644 span=20220512..20241231 attempts=1
2026-09-17 20:16:36,765 INFO INFO [fund_adj 720/1169] 513390.SH rows=404 span=20230508..20241231 attempts=1
2026-09-17 20:16:38,385 INFO INFO [fund_adj 721/1169] 513400.SH rows=219 span=20240202..20241231 attempts=1
2026-09-17 20:16:39,877 INFO INFO [fund_adj 722/1169] 513500.SH rows=2431 span=20150105..20241231 attempts=1
2026-09-17 20:16:40,945 INFO INFO [fund_adj 723/1169] 513520.SH rows=1342 span=20190625..20241231 attempts=1
2026-09-17 20:16:41,965 INFO INFO [fund_adj 724/1169] 513530.SH rows=654 span=20220425..20241231 attempts=1
2026-09-17 20:16:43,064 INFO INFO [fund_adj 725/1169] 513550.SH rows=962 span=20210113..20241231 attempts=1
2026-09-17 20:16:44,063 INFO INFO [fund_adj 726/1169] 513560.SH rows=460 span=20230213..20241231 attempts=1
2026-09-17 20:16:45,296 INFO INFO [fund_adj 727/1169] 513580.SH rows=875 span=20210527..20241231 attempts=1
2026-09-17 20:16:46,623 INFO INFO [fund_adj 728/1169] 513590.SH rows=816 span=20210819..20241231 attempts=1
2026-09-17 20:16:47,716 INFO INFO [fund_adj 729/1169] 513600.SH rows=2416 span=20150126..20241231 attempts=1
2026-09-17 20:16:48,819 INFO INFO [fund_adj 730/1169] 513630.SH rows=258 span=20231208..20241231 attempts=1
2026-09-17 20:16:50,106 INFO INFO [fund_adj 731/1169] 513650.SH rows=424 span=20230404..20241231 attempts=1
2026-09-17 20:16:51,248 INFO INFO [fund_adj 732/1169] 513660.SH rows=2416 span=20150126..20241231 attempts=1
2026-09-17 20:16:52,364 INFO INFO [fund_adj 733/1169] 513680.SH rows=1013 span=20190121..20230324 attempts=1
2026-09-17 20:16:53,699 INFO INFO [fund_adj 734/1169] 513690.SH rows=880 span=20210520..20241231 attempts=1
2026-09-17 20:16:54,975 INFO INFO [fund_adj 735/1169] 513700.SH rows=825 span=20210806..20241231 attempts=1
2026-09-17 20:16:56,046 INFO INFO [fund_adj 736/1169] 513730.SH rows=263 span=20231201..20241231 attempts=1
2026-09-17 20:16:57,062 INFO INFO [fund_adj 737/1169] 513750.SH rows=267 span=20231127..20241231 attempts=1
2026-09-17 20:16:58,095 INFO INFO [fund_adj 738/1169] 513770.SH rows=698 span=20220218..20241231 attempts=1
2026-09-17 20:16:59,090 INFO INFO [fund_adj 739/1169] 513780.SH rows=48 span=20241025..20241231 attempts=1
2026-09-17 20:17:01,084 INFO INFO [fund_adj 740/1169] 513800.SH rows=1342 span=20190625..20241231 attempts=1
2026-09-17 20:17:02,087 INFO INFO [fund_adj 741/1169] 513810.SH rows=322 span=20230901..20241231 attempts=1
2026-09-17 20:17:03,101 INFO INFO [fund_adj 742/1169] 513820.SH rows=156 span=20240516..20241231 attempts=1
2026-09-17 20:17:04,136 INFO INFO [fund_adj 743/1169] 513850.SH rows=273 span=20231117..20241231 attempts=1
2026-09-17 20:17:05,671 INFO INFO [fund_adj 744/1169] 513860.SH rows=850 span=20210702..20241231 attempts=1
2026-09-17 20:17:06,739 INFO INFO [fund_adj 745/1169] 513870.SH rows=284 span=20231102..20241231 attempts=1
2026-09-17 20:17:07,821 INFO INFO [fund_adj 746/1169] 513880.SH rows=1342 span=20190625..20241231 attempts=1
2026-09-17 20:17:08,832 INFO INFO [fund_adj 747/1169] 513890.SH rows=713 span=20220121..20241231 attempts=1
2026-09-17 20:17:09,980 INFO INFO [fund_adj 748/1169] 513900.SH rows=1605 span=20180525..20241231 attempts=1
2026-09-17 20:17:10,995 INFO INFO [fund_adj 749/1169] 513910.SH rows=204 span=20240304..20241231 attempts=1
2026-09-17 20:17:12,120 INFO INFO [fund_adj 750/1169] 513920.SH rows=239 span=20240105..20241231 attempts=1
2026-09-17 20:17:13,144 INFO INFO [fund_adj 751/1169] 513950.SH rows=407 span=20230428..20241231 attempts=1
2026-09-17 20:17:14,787 INFO INFO [fund_adj 752/1169] 513960.SH rows=640 span=20220318..20241107 attempts=1
2026-09-17 20:17:17,050 INFO INFO [fund_adj 753/1169] 513970.SH rows=412 span=20230421..20241231 attempts=1
2026-09-17 20:17:18,098 INFO INFO [fund_adj 754/1169] 513980.SH rows=850 span=20210702..20241231 attempts=1
2026-09-17 20:17:19,326 INFO INFO [fund_adj 755/1169] 513990.SH rows=1061 span=20200818..20241231 attempts=1
2026-09-17 20:17:20,845 INFO INFO [fund_adj 756/1169] 515000.SH rows=1304 span=20190816..20241231 attempts=1
2026-09-17 20:17:21,914 INFO INFO [fund_adj 757/1169] 515010.SH rows=1251 span=20191107..20241231 attempts=1
2026-09-17 20:17:23,333 INFO INFO [fund_adj 758/1169] 515020.SH rows=1233 span=20191203..20241231 attempts=1
2026-09-17 20:17:24,296 INFO INFO [fund_adj 759/1169] 515030.SH rows=1174 span=20200304..20241231 attempts=1
2026-09-17 20:17:25,568 INFO INFO [fund_adj 760/1169] 515050.SH rows=1267 span=20191016..20241231 attempts=1
2026-09-17 20:17:26,559 INFO INFO [fund_adj 761/1169] 515060.SH rows=1211 span=20200103..20241231 attempts=1
2026-09-17 20:17:27,679 INFO INFO [fund_adj 762/1169] 515070.SH rows=1218 span=20191224..20241231 attempts=1
2026-09-17 20:17:28,723 INFO INFO [fund_adj 763/1169] 515080.SH rows=1215 span=20191227..20241231 attempts=1
2026-09-17 20:17:29,854 INFO INFO [fund_adj 764/1169] 515090.SH rows=1183 span=20200220..20241231 attempts=1
2026-09-17 20:17:31,023 INFO INFO [fund_adj 765/1169] 515100.SH rows=1093 span=20200703..20241231 attempts=1
2026-09-17 20:17:32,094 INFO INFO [fund_adj 766/1169] 515110.SH rows=1203 span=20200115..20241231 attempts=1
2026-09-17 20:17:33,169 INFO INFO [fund_adj 767/1169] 515120.SH rows=969 span=20210104..20241231 attempts=1
2026-09-17 20:17:34,243 INFO INFO [fund_adj 768/1169] 515130.SH rows=1130 span=20200511..20241231 attempts=1
2026-09-17 20:17:35,376 INFO INFO [fund_adj 769/1169] 515150.SH rows=1203 span=20200115..20241231 attempts=1
2026-09-17 20:17:36,629 INFO INFO [fund_adj 770/1169] 515160.SH rows=1176 span=20200302..20241231 attempts=1
2026-09-17 20:17:37,649 INFO INFO [fund_adj 771/1169] 515170.SH rows=962 span=20210113..20241231 attempts=1
2026-09-17 20:17:38,757 INFO INFO [fund_adj 772/1169] 515180.SH rows=1220 span=20191220..20241231 attempts=1
2026-09-17 20:17:39,824 INFO INFO [fund_adj 773/1169] 515190.SH rows=1118 span=20200527..20241231 attempts=1
2026-09-17 20:17:40,908 INFO INFO [fund_adj 774/1169] 515200.SH rows=1245 span=20191115..20241231 attempts=1
2026-09-17 20:17:42,030 INFO INFO [fund_adj 775/1169] 515210.SH rows=1176 span=20200302..20241231 attempts=1
2026-09-17 20:17:43,157 INFO INFO [fund_adj 776/1169] 515220.SH rows=1176 span=20200302..20241231 attempts=1
2026-09-17 20:17:44,215 INFO INFO [fund_adj 777/1169] 515230.SH rows=933 span=20210302..20241231 attempts=1
2026-09-17 20:17:45,356 INFO INFO [fund_adj 778/1169] 515250.SH rows=965 span=20210108..20241231 attempts=1
2026-09-17 20:17:46,444 INFO INFO [fund_adj 779/1169] 515260.SH rows=1073 span=20200731..20241231 attempts=1
2026-09-17 20:17:47,566 INFO INFO [fund_adj 780/1169] 515280.SH rows=1078 span=20200417..20240924 attempts=1
2026-09-17 20:17:48,681 INFO INFO [fund_adj 781/1169] 515290.SH rows=973 span=20201228..20241231 attempts=1
2026-09-17 20:17:49,722 INFO INFO [fund_adj 782/1169] 515300.SH rows=1281 span=20190919..20241231 attempts=1
2026-09-17 20:17:51,803 INFO INFO [fund_adj 783/1169] 515310.SH rows=1217 span=20191225..20241231 attempts=1
2026-09-17 20:17:52,782 INFO INFO [fund_adj 784/1169] 515320.SH rows=965 span=20210108..20241231 attempts=1
2026-09-17 20:17:53,812 INFO INFO [fund_adj 785/1169] 515330.SH rows=1216 span=20191226..20241231 attempts=1
2026-09-17 20:17:55,142 INFO INFO [fund_adj 786/1169] 515350.SH rows=1192 span=20200207..20241231 attempts=1
2026-09-17 20:17:56,297 INFO INFO [fund_adj 787/1169] 515360.SH rows=1255 span=20191101..20241231 attempts=1
2026-09-17 20:17:57,595 INFO INFO [fund_adj 788/1169] 515380.SH rows=1161 span=20200323..20241231 attempts=1
2026-09-17 20:17:58,730 INFO INFO [fund_adj 789/1169] 515390.SH rows=1206 span=20200110..20241231 attempts=1
2026-09-17 20:17:59,846 INFO INFO [fund_adj 790/1169] 515400.SH rows=957 span=20210120..20241231 attempts=1
2026-09-17 20:18:01,797 INFO INFO [fund_adj 791/1169] 515450.SH rows=1179 span=20200226..20241231 attempts=1
2026-09-17 20:18:02,917 INFO INFO [fund_adj 792/1169] 515500.SH rows=617 span=20200918..20230407 attempts=1
2026-09-17 20:18:03,946 INFO INFO [fund_adj 793/1169] 515510.SH rows=729 span=20200506..20230505 attempts=1
2026-09-17 20:18:05,070 INFO INFO [fund_adj 794/1169] 515520.SH rows=866 span=20191118..20230612 attempts=1
2026-09-17 20:18:06,155 INFO INFO [fund_adj 795/1169] 515530.SH rows=1008 span=20201109..20241231 attempts=1
2026-09-17 20:18:07,224 INFO INFO [fund_adj 796/1169] 515550.SH rows=1217 span=20191225..20241231 attempts=1
2026-09-17 20:18:08,367 INFO INFO [fund_adj 797/1169] 515560.SH rows=1082 span=20200720..20241231 attempts=1
2026-09-17 20:18:09,370 INFO INFO [fund_adj 798/1169] 515570.SH rows=897 span=20200409..20231215 attempts=1
2026-09-17 20:18:10,812 INFO INFO [fund_adj 799/1169] 515580.SH rows=1259 span=20191028..20241231 attempts=1
2026-09-17 20:18:11,828 INFO INFO [fund_adj 800/1169] 515590.SH rows=1200 span=20200120..20241231 attempts=1
2026-09-17 20:18:12,963 INFO INFO [fund_adj 801/1169] 515600.SH rows=1222 span=20191218..20241231 attempts=1
2026-09-17 20:18:13,961 INFO INFO [fund_adj 802/1169] 515610.SH rows=516 span=20200818..20220929 attempts=1
2026-09-17 20:18:15,100 INFO INFO [fund_adj 803/1169] 515620.SH rows=253 span=20200525..20210607 attempts=1
2026-09-17 20:18:16,632 INFO INFO [fund_adj 804/1169] 515630.SH rows=1152 span=20200403..20241231 attempts=1
2026-09-17 20:18:17,856 INFO INFO [fund_adj 805/1169] 515650.SH rows=1249 span=20191111..20241231 attempts=1
2026-09-17 20:18:19,006 INFO INFO [fund_adj 806/1169] 515660.SH rows=1218 span=20191224..20241231 attempts=1
2026-09-17 20:18:20,327 INFO INFO [fund_adj 807/1169] 515670.SH rows=997 span=20200520..20240627 attempts=1
2026-09-17 20:18:21,352 INFO INFO [fund_adj 808/1169] 515680.SH rows=1222 span=20191218..20241231 attempts=1
2026-09-17 20:18:22,485 INFO INFO [fund_adj 809/1169] 515690.SH rows=475 span=20200513..20220425 attempts=1
2026-09-17 20:18:23,504 INFO INFO [fund_adj 810/1169] 515700.SH rows=1191 span=20200210..20241231 attempts=1
2026-09-17 20:18:24,841 INFO INFO [fund_adj 811/1169] 515710.SH rows=966 span=20210107..20241231 attempts=1
2026-09-17 20:18:26,146 INFO INFO [fund_adj 812/1169] 515750.SH rows=1230 span=20191206..20241231 attempts=1
2026-09-17 20:18:27,287 INFO INFO [fund_adj 813/1169] 515760.SH rows=1028 span=20201012..20241231 attempts=1
2026-09-17 20:18:28,531 INFO INFO [fund_adj 814/1169] 515770.SH rows=1101 span=20200619..20241231 attempts=1
2026-09-17 20:18:29,635 INFO INFO [fund_adj 815/1169] 515780.SH rows=1116 span=20200529..20241231 attempts=1
2026-09-17 20:18:30,792 INFO INFO [fund_adj 816/1169] 515790.SH rows=979 span=20201218..20241231 attempts=1
2026-09-17 20:18:31,894 INFO INFO [fund_adj 817/1169] 515800.SH rows=1224 span=20191216..20241231 attempts=1
2026-09-17 20:18:32,925 INFO INFO [fund_adj 818/1169] 515810.SH rows=1260 span=20191025..20241231 attempts=1
2026-09-17 20:18:33,961 INFO INFO [fund_adj 819/1169] 515820.SH rows=683 span=20200529..20230321 attempts=1
2026-09-17 20:18:34,976 INFO INFO [fund_adj 820/1169] 515830.SH rows=462 span=20200717..20220614 attempts=1
2026-09-17 20:18:36,102 INFO INFO [fund_adj 821/1169] 515850.SH rows=1182 span=20200221..20241231 attempts=1
2026-09-17 20:18:37,216 INFO INFO [fund_adj 822/1169] 515860.SH rows=1263 span=20191022..20241231 attempts=1
2026-09-17 20:18:38,282 INFO INFO [fund_adj 823/1169] 515870.SH rows=764 span=20200117..20230315 attempts=1
2026-09-17 20:18:39,787 INFO INFO [fund_adj 824/1169] 515880.SH rows=1289 span=20190906..20241231 attempts=1
2026-09-17 20:18:40,899 INFO INFO [fund_adj 825/1169] 515890.SH rows=1142 span=20200420..20241231 attempts=1
2026-09-17 20:18:41,975 INFO INFO [fund_adj 826/1169] 515900.SH rows=1222 span=20191218..20241231 attempts=1
2026-09-17 20:18:43,064 INFO INFO [fund_adj 827/1169] 515910.SH rows=935 span=20210226..20241231 attempts=1
2026-09-17 20:18:44,289 INFO INFO [fund_adj 828/1169] 515920.SH rows=957 span=20210120..20241231 attempts=1
2026-09-17 20:18:45,834 INFO INFO [fund_adj 829/1169] 515930.SH rows=785 span=20200508..20230728 attempts=1
2026-09-17 20:18:46,880 INFO INFO [fund_adj 830/1169] 515950.SH rows=1154 span=20200401..20241231 attempts=1
2026-09-17 20:18:47,875 INFO INFO [fund_adj 831/1169] 515960.SH rows=1108 span=20200610..20241231 attempts=1
2026-09-17 20:18:49,306 INFO INFO [fund_adj 832/1169] 515980.SH rows=1191 span=20200210..20241231 attempts=1
2026-09-17 20:18:50,737 INFO INFO [fund_adj 833/1169] 515990.SH rows=1203 span=20200115..20241231 attempts=1
2026-09-17 20:18:51,768 INFO INFO [fund_adj 834/1169] 516000.SH rows=934 span=20210301..20241231 attempts=1
2026-09-17 20:18:52,822 INFO INFO [fund_adj 835/1169] 516010.SH rows=930 span=20210305..20241231 attempts=1
2026-09-17 20:18:53,823 INFO INFO [fund_adj 836/1169] 516020.SH rows=929 span=20210308..20241231 attempts=1
2026-09-17 20:18:54,936 INFO INFO [fund_adj 837/1169] 516050.SH rows=945 span=20210205..20241231 attempts=1
2026-09-17 20:18:55,955 INFO INFO [fund_adj 838/1169] 516060.SH rows=934 span=20210301..20241231 attempts=1
2026-09-17 20:18:56,973 INFO INFO [fund_adj 839/1169] 516070.SH rows=896 span=20210423..20241231 attempts=1
2026-09-17 20:18:58,019 INFO INFO [fund_adj 840/1169] 516080.SH rows=938 span=20210223..20241231 attempts=1
2026-09-17 20:18:59,690 INFO INFO [fund_adj 841/1169] 516090.SH rows=920 span=20210319..20241231 attempts=1
2026-09-17 20:19:00,669 INFO INFO [fund_adj 842/1169] 516100.SH rows=835 span=20210723..20241231 attempts=1
2026-09-17 20:19:01,905 INFO INFO [fund_adj 843/1169] 516110.SH rows=889 span=20210507..20241231 attempts=1
2026-09-17 20:19:03,373 INFO INFO [fund_adj 844/1169] 516120.SH rows=928 span=20210309..20241231 attempts=1
2026-09-17 20:19:04,875 INFO INFO [fund_adj 845/1169] 516130.SH rows=784 span=20211013..20241231 attempts=1
2026-09-17 20:19:05,891 INFO INFO [fund_adj 846/1169] 516150.SH rows=922 span=20210317..20241231 attempts=1
2026-09-17 20:19:07,022 INFO INFO [fund_adj 847/1169] 516160.SH rows=946 span=20210204..20241231 attempts=1
2026-09-17 20:19:08,101 INFO INFO [fund_adj 848/1169] 516180.SH rows=932 span=20210303..20241231 attempts=1
2026-09-17 20:19:09,219 INFO INFO [fund_adj 849/1169] 516190.SH rows=795 span=20210917..20241231 attempts=1
2026-09-17 20:19:10,279 INFO INFO [fund_adj 850/1169] 516200.SH rows=919 span=20210322..20241231 attempts=1
2026-09-17 20:19:11,421 INFO INFO [fund_adj 851/1169] 516210.SH rows=792 span=20210924..20241231 attempts=1
2026-09-17 20:19:12,450 INFO INFO [fund_adj 852/1169] 516220.SH rows=927 span=20210310..20241231 attempts=1
2026-09-17 20:19:13,938 INFO INFO [fund_adj 853/1169] 516260.SH rows=829 span=20210802..20241231 attempts=1
2026-09-17 20:19:15,423 INFO INFO [fund_adj 854/1169] 516270.SH rows=835 span=20210723..20241231 attempts=1
2026-09-17 20:19:17,494 INFO INFO [fund_adj 855/1169] 516290.SH rows=814 span=20210823..20241231 attempts=1
2026-09-17 20:19:18,624 INFO INFO [fund_adj 856/1169] 516300.SH rows=917 span=20210324..20241231 attempts=1
2026-09-17 20:19:19,827 INFO INFO [fund_adj 857/1169] 516310.SH rows=874 span=20210528..20241231 attempts=1
2026-09-17 20:19:21,766 INFO INFO [fund_adj 858/1169] 516320.SH rows=867 span=20210608..20241231 attempts=1
2026-09-17 20:19:22,918 INFO INFO [fund_adj 859/1169] 516330.SH rows=906 span=20210409..20241231 attempts=1
2026-09-17 20:19:24,223 INFO INFO [fund_adj 860/1169] 516350.SH rows=733 span=20211223..20241231 attempts=1
2026-09-17 20:19:25,201 INFO INFO [fund_adj 861/1169] 516360.SH rows=885 span=20210513..20241231 attempts=1
2026-09-17 20:19:26,271 INFO INFO [fund_adj 862/1169] 516380.SH rows=860 span=20210618..20241231 attempts=1
2026-09-17 20:19:27,297 INFO INFO [fund_adj 863/1169] 516390.SH rows=860 span=20210618..20241231 attempts=1
2026-09-17 20:19:28,416 INFO INFO [fund_adj 864/1169] 516400.SH rows=141 span=20210701..20220125 attempts=1
2026-09-17 20:19:29,547 INFO INFO [fund_adj 865/1169] 516480.SH rows=864 span=20210611..20241231 attempts=1
2026-09-17 20:19:30,618 INFO INFO [fund_adj 866/1169] 516500.SH rows=922 span=20210317..20241231 attempts=1
2026-09-17 20:19:31,705 INFO INFO [fund_adj 867/1169] 516510.SH rows=908 span=20210407..20241231 attempts=1
2026-09-17 20:19:32,763 INFO INFO [fund_adj 868/1169] 516520.SH rows=934 span=20210301..20241231 attempts=1
2026-09-17 20:19:33,899 INFO INFO [fund_adj 869/1169] 516530.SH rows=717 span=20220117..20241231 attempts=1
2026-09-17 20:19:34,970 INFO INFO [fund_adj 870/1169] 516550.SH rows=907 span=20210408..20241231 attempts=1
2026-09-17 20:19:36,824 INFO INFO [fund_adj 871/1169] 516560.SH rows=796 span=20210916..20241231 attempts=1
2026-09-17 20:19:37,970 INFO INFO [fund_adj 872/1169] 516570.SH rows=860 span=20210618..20241231 attempts=1
2026-09-17 20:19:38,975 INFO INFO [fund_adj 873/1169] 516580.SH rows=834 span=20210726..20241231 attempts=1
2026-09-17 20:19:40,280 INFO INFO [fund_adj 874/1169] 516590.SH rows=886 span=20210512..20241231 attempts=1
2026-09-17 20:19:41,348 INFO INFO [fund_adj 875/1169] 516600.SH rows=935 span=20210226..20241231 attempts=1
2026-09-17 20:19:42,560 INFO INFO [fund_adj 876/1169] 516610.SH rows=885 span=20210513..20241231 attempts=1
2026-09-17 20:19:43,676 INFO INFO [fund_adj 877/1169] 516620.SH rows=767 span=20211105..20241231 attempts=1
2026-09-17 20:19:44,809 INFO INFO [fund_adj 878/1169] 516630.SH rows=805 span=20210903..20241231 attempts=1
2026-09-17 20:19:46,225 INFO INFO [fund_adj 879/1169] 516640.SH rows=810 span=20210827..20241231 attempts=1
2026-09-17 20:19:47,268 INFO INFO [fund_adj 880/1169] 516650.SH rows=859 span=20210621..20241231 attempts=1
2026-09-17 20:19:48,801 INFO INFO [fund_adj 881/1169] 516660.SH rows=935 span=20210226..20241231 attempts=1
2026-09-17 20:19:49,917 INFO INFO [fund_adj 882/1169] 516670.SH rows=915 span=20210326..20241231 attempts=1
2026-09-17 20:19:50,969 INFO INFO [fund_adj 883/1169] 516680.SH rows=422 span=20210308..20221129 attempts=1
2026-09-17 20:19:52,336 INFO INFO [fund_adj 884/1169] 516690.SH rows=651 span=20211221..20240826 attempts=1
2026-09-17 20:19:54,469 INFO INFO [fund_adj 885/1169] 516700.SH rows=881 span=20210519..20241231 attempts=1
2026-09-17 20:19:55,510 INFO INFO [fund_adj 886/1169] 516710.SH rows=818 span=20210817..20241231 attempts=1
2026-09-17 20:19:56,624 INFO INFO [fund_adj 887/1169] 516720.SH rows=820 span=20210813..20241231 attempts=1
2026-09-17 20:19:57,717 INFO INFO [fund_adj 888/1169] 516730.SH rows=762 span=20211112..20241231 attempts=1
2026-09-17 20:19:59,097 INFO INFO [fund_adj 889/1169] 516750.SH rows=767 span=20211105..20241231 attempts=1
2026-09-17 20:20:00,176 INFO INFO [fund_adj 890/1169] 516760.SH rows=925 span=20210312..20241231 attempts=1
2026-09-17 20:20:01,251 INFO INFO [fund_adj 891/1169] 516770.SH rows=930 span=20210305..20241231 attempts=1
2026-09-17 20:20:02,416 INFO INFO [fund_adj 892/1169] 516780.SH rows=929 span=20210308..20241231 attempts=1
2026-09-17 20:20:03,444 INFO INFO [fund_adj 893/1169] 516790.SH rows=814 span=20210823..20241231 attempts=1
2026-09-17 20:20:04,576 INFO INFO [fund_adj 894/1169] 516800.SH rows=940 span=20210219..20241231 attempts=1
2026-09-17 20:20:05,705 INFO INFO [fund_adj 895/1169] 516810.SH rows=721 span=20220111..20241231 attempts=1
2026-09-17 20:20:07,079 INFO INFO [fund_adj 896/1169] 516820.SH rows=851 span=20210701..20241231 attempts=1
2026-09-17 20:20:08,157 INFO INFO [fund_adj 897/1169] 516830.SH rows=849 span=20210705..20241231 attempts=1
2026-09-17 20:20:09,295 INFO INFO [fund_adj 898/1169] 516850.SH rows=920 span=20210319..20241231 attempts=1
2026-09-17 20:20:10,750 INFO INFO [fund_adj 899/1169] 516860.SH rows=786 span=20211011..20241231 attempts=1
2026-09-17 20:20:11,777 INFO INFO [fund_adj 900/1169] 516870.SH rows=135 span=20210709..20220125 attempts=1
2026-09-17 20:20:12,869 INFO INFO [fund_adj 901/1169] 516880.SH rows=959 span=20210118..20241231 attempts=1
2026-09-17 20:20:15,019 INFO INFO [fund_adj 902/1169] 516890.SH rows=832 span=20210728..20241231 attempts=1
2026-09-17 20:20:16,163 INFO INFO [fund_adj 903/1169] 516900.SH rows=893 span=20210428..20241231 attempts=1
2026-09-17 20:20:17,274 INFO INFO [fund_adj 904/1169] 516910.SH rows=864 span=20210611..20241231 attempts=1
2026-09-17 20:20:18,299 INFO INFO [fund_adj 905/1169] 516920.SH rows=819 span=20210816..20241231 attempts=1
2026-09-17 20:20:19,314 INFO INFO [fund_adj 906/1169] 516930.SH rows=817 span=20210818..20241231 attempts=1
2026-09-17 20:20:20,361 INFO INFO [fund_adj 907/1169] 516950.SH rows=884 span=20210514..20241231 attempts=1
2026-09-17 20:20:22,601 INFO INFO [fund_adj 908/1169] 516960.SH rows=889 span=20210507..20241231 attempts=1
2026-09-17 20:20:23,723 INFO INFO [fund_adj 909/1169] 516970.SH rows=849 span=20210705..20241231 attempts=1
2026-09-17 20:20:24,955 INFO INFO [fund_adj 910/1169] 516980.SH rows=856 span=20210624..20241231 attempts=1
2026-09-17 20:20:26,035 INFO INFO [fund_adj 911/1169] 517000.SH rows=930 span=20210305..20241231 attempts=1
2026-09-17 20:20:27,423 INFO INFO [fund_adj 912/1169] 517010.SH rows=821 span=20210812..20241231 attempts=1
2026-09-17 20:20:28,641 INFO INFO [fund_adj 913/1169] 517030.SH rows=791 span=20210927..20241231 attempts=1
2026-09-17 20:20:29,769 INFO INFO [fund_adj 914/1169] 517050.SH rows=944 span=20210208..20241231 attempts=1
2026-09-17 20:20:30,839 INFO INFO [fund_adj 915/1169] 517060.SH rows=395 span=20210326..20221110 attempts=1
2026-09-17 20:20:31,918 INFO INFO [fund_adj 916/1169] 517080.SH rows=939 span=20210222..20241231 attempts=1
2026-09-17 20:20:33,043 INFO INFO [fund_adj 917/1169] 517090.SH rows=730 span=20211228..20241231 attempts=1
2026-09-17 20:20:34,479 INFO INFO [fund_adj 918/1169] 517100.SH rows=933 span=20210302..20241231 attempts=1
2026-09-17 20:20:35,498 INFO INFO [fund_adj 919/1169] 517110.SH rows=788 span=20210930..20241231 attempts=1
2026-09-17 20:20:36,934 INFO INFO [fund_adj 920/1169] 517120.SH rows=839 span=20210719..20241231 attempts=1
2026-09-17 20:20:38,010 INFO INFO [fund_adj 921/1169] 517160.SH rows=725 span=20220105..20241231 attempts=1
2026-09-17 20:20:39,033 INFO INFO [fund_adj 922/1169] 517170.SH rows=899 span=20210420..20241231 attempts=1
2026-09-17 20:20:40,533 INFO INFO [fund_adj 923/1169] 517180.SH rows=730 span=20211228..20241231 attempts=1
2026-09-17 20:20:41,650 INFO INFO [fund_adj 924/1169] 517200.SH rows=944 span=20210208..20241231 attempts=1
2026-09-17 20:20:42,861 INFO INFO [fund_adj 925/1169] 517270.SH rows=566 span=20220112..20240517 attempts=1
2026-09-17 20:20:43,899 INFO INFO [fund_adj 926/1169] 517280.SH rows=662 span=20211203..20240823 attempts=1
2026-09-17 20:20:45,057 INFO INFO [fund_adj 927/1169] 517300.SH rows=937 span=20210224..20241231 attempts=1
2026-09-17 20:20:46,155 INFO INFO [fund_adj 928/1169] 517330.SH rows=725 span=20220105..20241231 attempts=1
2026-09-17 20:20:47,191 INFO INFO [fund_adj 929/1169] 517350.SH rows=870 span=20210603..20241231 attempts=1
2026-09-17 20:20:48,205 INFO INFO [fund_adj 930/1169] 517360.SH rows=849 span=20210705..20241231 attempts=1
2026-09-17 20:20:51,169 INFO INFO [fund_adj 931/1169] 517380.SH rows=824 span=20210809..20241231 attempts=1
2026-09-17 20:20:52,242 INFO INFO [fund_adj 932/1169] 517390.SH rows=733 span=20211223..20241231 attempts=1
2026-09-17 20:20:53,316 INFO INFO [fund_adj 933/1169] 517400.SH rows=162 span=20240508..20241231 attempts=1
2026-09-17 20:20:54,389 INFO INFO [fund_adj 934/1169] 517500.SH rows=432 span=20220315..20231220 attempts=1
2026-09-17 20:20:55,770 INFO INFO [fund_adj 935/1169] 517520.SH rows=285 span=20231101..20241231 attempts=1
2026-09-17 20:20:56,782 INFO INFO [fund_adj 936/1169] 517550.SH rows=706 span=20220208..20241231 attempts=1
2026-09-17 20:20:58,176 INFO INFO [fund_adj 937/1169] 517660.SH rows=776 span=20211025..20241231 attempts=1
2026-09-17 20:20:59,211 INFO INFO [fund_adj 938/1169] 517760.SH rows=511 span=20220419..20240528 attempts=1
2026-09-17 20:21:00,481 INFO INFO [fund_adj 939/1169] 517770.SH rows=747 span=20211203..20241231 attempts=1
2026-09-17 20:21:01,510 INFO INFO [fund_adj 940/1169] 517780.SH rows=402 span=20220318..20231113 attempts=1
2026-09-17 20:21:02,574 INFO INFO [fund_adj 941/1169] 517800.SH rows=811 span=20210826..20241231 attempts=1
2026-09-17 20:21:03,667 INFO INFO [fund_adj 942/1169] 517850.SH rows=642 span=20220516..20241231 attempts=1
2026-09-17 20:21:04,727 INFO INFO [fund_adj 943/1169] 517880.SH rows=749 span=20211201..20241231 attempts=1
2026-09-17 20:21:05,810 INFO INFO [fund_adj 944/1169] 517900.SH rows=673 span=20220325..20241231 attempts=1
2026-09-17 20:21:06,846 INFO INFO [fund_adj 945/1169] 517960.SH rows=655 span=20211223..20240903 attempts=1
2026-09-17 20:21:07,851 INFO INFO [fund_adj 946/1169] 517990.SH rows=639 span=20220519..20241231 attempts=1
2026-09-17 20:21:08,859 INFO INFO [fund_adj 947/1169] 518600.SH rows=1070 span=20200805..20241231 attempts=1
2026-09-17 20:21:09,916 INFO INFO [fund_adj 948/1169] 518660.SH rows=1116 span=20200529..20241231 attempts=1
2026-09-17 20:21:11,065 INFO INFO [fund_adj 949/1169] 518680.SH rows=1076 span=20200728..20241231 attempts=1
2026-09-17 20:21:12,188 INFO INFO [fund_adj 950/1169] 518800.SH rows=2431 span=20150105..20241231 attempts=1
2026-09-17 20:21:13,504 INFO INFO [fund_adj 951/1169] 518850.SH rows=1111 span=20200605..20241231 attempts=1
2026-09-17 20:21:14,761 INFO INFO [fund_adj 952/1169] 518860.SH rows=1047 span=20200907..20241231 attempts=1
2026-09-17 20:21:15,879 INFO INFO [fund_adj 953/1169] 518880.SH rows=2431 span=20150105..20241231 attempts=1
2026-09-17 20:21:17,011 INFO INFO [fund_adj 954/1169] 518890.SH rows=1032 span=20200928..20241231 attempts=1
2026-09-17 20:21:18,114 INFO INFO [fund_adj 955/1169] 520500.SH rows=3 span=20241227..20241231 attempts=1
2026-09-17 20:21:19,220 INFO INFO [fund_adj 956/1169] 520520.SH rows=43 span=20241101..20241231 attempts=1
2026-09-17 20:21:20,243 INFO INFO [fund_adj 957/1169] 520600.SH rows=2 span=20241230..20241231 attempts=1
2026-09-17 20:21:21,285 INFO INFO [fund_adj 958/1169] 520660.SH rows=118 span=20240710..20241231 attempts=1
2026-09-17 20:21:22,499 INFO INFO [fund_adj 959/1169] 520700.SH rows=57 span=20241014..20241231 attempts=1
2026-09-17 20:21:23,524 INFO INFO [fund_adj 960/1169] 520830.SH rows=114 span=20240716..20241231 attempts=1
2026-09-17 20:21:24,535 INFO INFO [fund_adj 961/1169] 520890.SH rows=68 span=20240920..20241231 attempts=1
2026-09-17 20:21:25,671 INFO INFO [fund_adj 962/1169] 520900.SH rows=118 span=20240710..20241231 attempts=1
2026-09-17 20:21:26,823 INFO INFO [fund_adj 963/1169] 520990.SH rows=118 span=20240710..20241231 attempts=1
2026-09-17 20:21:27,935 INFO INFO [fund_adj 964/1169] 530000.SH rows=71 span=20240913..20241231 attempts=1
2026-09-17 20:21:29,055 INFO INFO [fund_adj 965/1169] 530050.SH rows=20 span=20241204..20241231 attempts=1
2026-09-17 20:21:30,077 INFO INFO [fund_adj 966/1169] 530180.SH rows=4 span=20241226..20241231 attempts=1
2026-09-17 20:21:31,201 INFO INFO [fund_adj 967/1169] 530880.SH rows=36 span=20241112..20241231 attempts=1
2026-09-17 20:21:32,275 INFO INFO [fund_adj 968/1169] 560000.SH rows=788 span=20210930..20241231 attempts=1
2026-09-17 20:21:33,369 INFO INFO [fund_adj 969/1169] 560010.SH rows=585 span=20220804..20241231 attempts=1
2026-09-17 20:21:34,497 INFO INFO [fund_adj 970/1169] 560020.SH rows=297 span=20231016..20241231 attempts=1
2026-09-17 20:21:35,604 INFO INFO [fund_adj 971/1169] 560030.SH rows=361 span=20230710..20241231 attempts=1
2026-09-17 20:21:36,933 INFO INFO [fund_adj 972/1169] 560050.SH rows=766 span=20211108..20241231 attempts=1
2026-09-17 20:21:38,004 INFO INFO [fund_adj 973/1169] 560060.SH rows=595 span=20220721..20241231 attempts=1
2026-09-17 20:21:39,087 INFO INFO [fund_adj 974/1169] 560070.SH rows=383 span=20230606..20241231 attempts=1
2026-09-17 20:21:40,118 INFO INFO [fund_adj 975/1169] 560080.SH rows=539 span=20221017..20241231 attempts=1
2026-09-17 20:21:41,240 INFO INFO [fund_adj 976/1169] 560090.SH rows=438 span=20230315..20241231 attempts=1
2026-09-17 20:21:42,583 INFO INFO [fund_adj 977/1169] 560100.SH rows=700 span=20220216..20241231 attempts=1
2026-09-17 20:21:43,740 INFO INFO [fund_adj 978/1169] 560110.SH rows=583 span=20220808..20241231 attempts=1
2026-09-17 20:21:44,825 INFO INFO [fund_adj 979/1169] 560150.SH rows=181 span=20240408..20241231 attempts=1
2026-09-17 20:21:46,166 INFO INFO [fund_adj 980/1169] 560170.SH rows=363 span=20230706..20241231 attempts=1
2026-09-17 20:21:47,283 INFO INFO [fund_adj 981/1169] 560180.SH rows=412 span=20230421..20241231 attempts=1
2026-09-17 20:21:48,343 INFO INFO [fund_adj 982/1169] 560220.SH rows=311 span=20230918..20241231 attempts=1
2026-09-17 20:21:49,438 INFO INFO [fund_adj 983/1169] 560260.SH rows=312 span=20230915..20241231 attempts=1
2026-09-17 20:21:50,449 INFO INFO [fund_adj 984/1169] 560280.SH rows=287 span=20231030..20241231 attempts=1
2026-09-17 20:21:51,886 INFO INFO [fund_adj 985/1169] 560300.SH rows=252 span=20231218..20241231 attempts=1
2026-09-17 20:21:52,917 INFO INFO [fund_adj 986/1169] 560330.SH rows=393 span=20230523..20241231 attempts=1
2026-09-17 20:21:53,935 INFO INFO [fund_adj 987/1169] 560350.SH rows=198 span=20240312..20241231 attempts=1
2026-09-17 20:21:54,958 INFO INFO [fund_adj 988/1169] 560360.SH rows=130 span=20240624..20241231 attempts=1
2026-09-17 20:21:56,183 INFO INFO [fund_adj 989/1169] 560380.SH rows=3 span=20241227..20241231 attempts=1
2026-09-17 20:21:57,562 INFO INFO [fund_adj 990/1169] 560500.SH rows=807 span=20210901..20241231 attempts=1
2026-09-17 20:21:58,654 INFO INFO [fund_adj 991/1169] 560510.SH rows=56 span=20241015..20241231 attempts=1
2026-09-17 20:21:59,772 INFO INFO [fund_adj 992/1169] 560520.SH rows=173 span=20240418..20241231 attempts=1
2026-09-17 20:22:00,827 INFO INFO [fund_adj 993/1169] 560530.SH rows=56 span=20241015..20241231 attempts=1
2026-09-17 20:22:01,912 INFO INFO [fund_adj 994/1169] 560550.SH rows=597 span=20220719..20241231 attempts=1
2026-09-17 20:22:03,257 INFO INFO [fund_adj 995/1169] 560560.SH rows=799 span=20210913..20241231 attempts=1
2026-09-17 20:22:04,404 INFO INFO [fund_adj 996/1169] 560580.SH rows=400 span=20230512..20241231 attempts=1
2026-09-17 20:22:05,756 INFO INFO [fund_adj 997/1169] 560590.SH rows=306 span=20230925..20241231 attempts=1
2026-09-17 20:22:06,835 INFO INFO [fund_adj 998/1169] 560600.SH rows=438 span=20220315..20231228 attempts=1
2026-09-17 20:22:07,921 INFO INFO [fund_adj 999/1169] 560610.SH rows=56 span=20241015..20241231 attempts=1
2026-09-17 20:22:09,000 INFO INFO [fund_adj 1000/1169] 560620.SH rows=60 span=20241009..20241231 attempts=1
2026-09-17 20:22:10,024 INFO INFO [fund_adj 1001/1169] 560650.SH rows=613 span=20220627..20241231 attempts=1
2026-09-17 20:22:11,356 INFO INFO [fund_adj 1002/1169] 560660.SH rows=812 span=20210825..20241231 attempts=1
2026-09-17 20:22:12,375 INFO INFO [fund_adj 1003/1169] 560680.SH rows=529 span=20221031..20241231 attempts=1
2026-09-17 20:22:13,391 INFO INFO [fund_adj 1004/1169] 560690.SH rows=171 span=20240422..20241231 attempts=1
2026-09-17 20:22:14,515 INFO INFO [fund_adj 1005/1169] 560700.SH rows=383 span=20230606..20241231 attempts=1
2026-09-17 20:22:15,640 INFO INFO [fund_adj 1006/1169] 560780.SH rows=256 span=20231212..20241231 attempts=1
2026-09-17 20:22:16,721 INFO INFO [fund_adj 1007/1169] 560800.SH rows=723 span=20220107..20241231 attempts=1
2026-09-17 20:22:18,039 INFO INFO [fund_adj 1008/1169] 560810.SH rows=17 span=20241209..20241231 attempts=1
2026-09-17 20:22:19,077 INFO INFO [fund_adj 1009/1169] 560850.SH rows=176 span=20240415..20241231 attempts=1
2026-09-17 20:22:20,262 INFO INFO [fund_adj 1010/1169] 560860.SH rows=440 span=20230313..20241231 attempts=1
2026-09-17 20:22:21,594 INFO INFO [fund_adj 1011/1169] 560880.SH rows=663 span=20220412..20241231 attempts=1
2026-09-17 20:22:22,615 INFO INFO [fund_adj 1012/1169] 560890.SH rows=68 span=20240920..20241231 attempts=1
2026-09-17 20:22:23,717 INFO INFO [fund_adj 1013/1169] 560900.SH rows=629 span=20220602..20241231 attempts=1
2026-09-17 20:22:24,753 INFO INFO [fund_adj 1014/1169] 560950.SH rows=346 span=20230731..20241231 attempts=1
2026-09-17 20:22:26,409 INFO INFO [fund_adj 1015/1169] 560960.SH rows=476 span=20230113..20241231 attempts=1
2026-09-17 20:22:27,465 INFO INFO [fund_adj 1016/1169] 560980.SH rows=508 span=20221129..20241231 attempts=1
2026-09-17 20:22:28,558 INFO INFO [fund_adj 1017/1169] 560990.SH rows=613 span=20220627..20241231 attempts=1
2026-09-17 20:22:29,576 INFO INFO [fund_adj 1018/1169] 561000.SH rows=478 span=20230111..20241231 attempts=1
2026-09-17 20:22:30,699 INFO INFO [fund_adj 1019/1169] 561010.SH rows=257 span=20231211..20241231 attempts=1
2026-09-17 20:22:31,830 INFO INFO [fund_adj 1020/1169] 561060.SH rows=308 span=20230921..20241231 attempts=1
2026-09-17 20:22:33,270 INFO INFO [fund_adj 1021/1169] 561100.SH rows=706 span=20220208..20241231 attempts=1
2026-09-17 20:22:34,346 INFO INFO [fund_adj 1022/1169] 561120.SH rows=701 span=20220215..20241231 attempts=1
2026-09-17 20:22:35,446 INFO INFO [fund_adj 1023/1169] 561130.SH rows=781 span=20211018..20241231 attempts=1
2026-09-17 20:22:36,535 INFO INFO [fund_adj 1024/1169] 561150.SH rows=95 span=20220808..20221226 attempts=1
2026-09-17 20:22:37,543 INFO INFO [fund_adj 1025/1169] 561160.SH rows=604 span=20220708..20241231 attempts=1
2026-09-17 20:22:38,591 INFO INFO [fund_adj 1026/1169] 561170.SH rows=437 span=20230316..20241231 attempts=1
2026-09-17 20:22:39,712 INFO INFO [fund_adj 1027/1169] 561180.SH rows=514 span=20221121..20241231 attempts=1
2026-09-17 20:22:40,785 INFO INFO [fund_adj 1028/1169] 561190.SH rows=597 span=20220719..20241231 attempts=1
2026-09-17 20:22:42,205 INFO INFO [fund_adj 1029/1169] 561200.SH rows=239 span=20240105..20241231 attempts=1
2026-09-17 20:22:43,387 INFO INFO [fund_adj 1030/1169] 561230.SH rows=194 span=20240318..20241231 attempts=1
2026-09-17 20:22:44,438 INFO INFO [fund_adj 1031/1169] 561260.SH rows=339 span=20230809..20241231 attempts=1
2026-09-17 20:22:45,495 INFO INFO [fund_adj 1032/1169] 561280.SH rows=307 span=20230922..20241231 attempts=1
2026-09-17 20:22:46,719 INFO INFO [fund_adj 1033/1169] 561300.SH rows=742 span=20211210..20241231 attempts=1
2026-09-17 20:22:47,910 INFO INFO [fund_adj 1034/1169] 561310.SH rows=753 span=20211125..20241231 attempts=1
2026-09-17 20:22:48,947 INFO INFO [fund_adj 1035/1169] 561320.SH rows=501 span=20221208..20241231 attempts=1
2026-09-17 20:22:50,060 INFO INFO [fund_adj 1036/1169] 561330.SH rows=528 span=20221101..20241231 attempts=1
2026-09-17 20:22:51,387 INFO INFO [fund_adj 1037/1169] 561350.SH rows=807 span=20210901..20241231 attempts=1
2026-09-17 20:22:52,410 INFO INFO [fund_adj 1038/1169] 561360.SH rows=286 span=20231031..20241231 attempts=1
2026-09-17 20:22:53,462 INFO INFO [fund_adj 1039/1169] 561370.SH rows=308 span=20230921..20241231 attempts=1
2026-09-17 20:22:54,669 INFO INFO [fund_adj 1040/1169] 561380.SH rows=7 span=20241223..20241231 attempts=1
2026-09-17 20:22:56,119 INFO INFO [fund_adj 1041/1169] 561500.SH rows=854 span=20210628..20241231 attempts=1
2026-09-17 20:22:57,256 INFO INFO [fund_adj 1042/1169] 561510.SH rows=585 span=20220804..20241231 attempts=1
2026-09-17 20:22:58,356 INFO INFO [fund_adj 1043/1169] 561550.SH rows=742 span=20211210..20241231 attempts=1
2026-09-17 20:22:59,427 INFO INFO [fund_adj 1044/1169] 561560.SH rows=642 span=20220516..20241231 attempts=1
2026-09-17 20:23:00,529 INFO INFO [fund_adj 1045/1169] 561570.SH rows=54 span=20241017..20241231 attempts=1
2026-09-17 20:23:01,646 INFO INFO [fund_adj 1046/1169] 561580.SH rows=388 span=20230530..20241231 attempts=1
2026-09-17 20:23:02,658 INFO INFO [fund_adj 1047/1169] 561590.SH rows=499 span=20221212..20241231 attempts=1
2026-09-17 20:23:03,886 INFO INFO [fund_adj 1048/1169] 561600.SH rows=801 span=20210909..20241231 attempts=1
2026-09-17 20:23:04,950 INFO INFO [fund_adj 1049/1169] 561700.SH rows=599 span=20220715..20241231 attempts=1
2026-09-17 20:23:07,060 INFO INFO [fund_adj 1050/1169] 561710.SH rows=442 span=20221125..20240919 attempts=1
2026-09-17 20:23:08,064 INFO INFO [fund_adj 1051/1169] 561760.SH rows=166 span=20240429..20241231 attempts=1
2026-09-17 20:23:09,197 INFO INFO [fund_adj 1052/1169] 561780.SH rows=278 span=20231110..20241231 attempts=1
2026-09-17 20:23:10,229 INFO INFO [fund_adj 1053/1169] 561790.SH rows=339 span=20230809..20241231 attempts=1
2026-09-17 20:23:11,268 INFO INFO [fund_adj 1054/1169] 561800.SH rows=813 span=20210824..20241231 attempts=1
2026-09-17 20:23:12,331 INFO INFO [fund_adj 1055/1169] 561900.SH rows=841 span=20210715..20241231 attempts=1
2026-09-17 20:23:13,905 INFO INFO [fund_adj 1056/1169] 561910.SH rows=821 span=20210812..20241231 attempts=1
2026-09-17 20:23:15,044 INFO INFO [fund_adj 1057/1169] 561920.SH rows=428 span=20230329..20241231 attempts=1
2026-09-17 20:23:16,080 INFO INFO [fund_adj 1058/1169] 561930.SH rows=68 span=20240920..20241231 attempts=1
2026-09-17 20:23:18,017 INFO INFO [fund_adj 1059/1169] 561950.SH rows=411 span=20230424..20241231 attempts=1
2026-09-17 20:23:19,153 INFO INFO [fund_adj 1060/1169] 561960.SH rows=383 span=20230606..20241231 attempts=1
2026-09-17 20:23:21,318 INFO INFO [fund_adj 1061/1169] 561980.SH rows=322 span=20230901..20241231 attempts=1
2026-09-17 20:23:22,321 INFO INFO [fund_adj 1062/1169] 561990.SH rows=742 span=20211210..20241231 attempts=1
2026-09-17 20:23:23,359 INFO INFO [fund_adj 1063/1169] 562000.SH rows=588 span=20220801..20241231 attempts=1
2026-09-17 20:23:24,568 INFO INFO [fund_adj 1064/1169] 562010.SH rows=484 span=20230103..20241231 attempts=1
2026-09-17 20:23:25,690 INFO INFO [fund_adj 1065/1169] 562030.SH rows=299 span=20231012..20241231 attempts=1
2026-09-17 20:23:26,767 INFO INFO [fund_adj 1066/1169] 562060.SH rows=244 span=20231228..20241231 attempts=1
2026-09-17 20:23:28,160 INFO INFO [fund_adj 1067/1169] 562260.SH rows=160 span=20240510..20241231 attempts=1
2026-09-17 20:23:39,781 INFO INFO [fund_adj 1068/1169] 562300.SH rows=725 span=20220105..20241231 attempts=1
2026-09-17 20:23:41,210 INFO INFO [fund_adj 1069/1169] 562310.SH rows=559 span=20220909..20241231 attempts=1
2026-09-17 20:23:42,212 INFO INFO [fund_adj 1070/1169] 562320.SH rows=477 span=20230112..20241231 attempts=1
2026-09-17 20:23:43,242 INFO INFO [fund_adj 1071/1169] 562330.SH rows=415 span=20230418..20241231 attempts=1
2026-09-17 20:23:44,254 INFO INFO [fund_adj 1072/1169] 562340.SH rows=162 span=20240508..20241231 attempts=1
2026-09-17 20:23:45,413 INFO INFO [fund_adj 1073/1169] 562350.SH rows=602 span=20220712..20241231 attempts=1
2026-09-17 20:23:46,527 INFO INFO [fund_adj 1074/1169] 562360.SH rows=782 span=20211015..20241231 attempts=1
2026-09-17 20:23:47,631 INFO INFO [fund_adj 1075/1169] 562380.SH rows=363 span=20230706..20241231 attempts=1
2026-09-17 20:23:48,789 INFO INFO [fund_adj 1076/1169] 562390.SH rows=590 span=20220728..20241231 attempts=1
2026-09-17 20:23:49,860 INFO INFO [fund_adj 1077/1169] 562500.SH rows=729 span=20211229..20241231 attempts=1
2026-09-17 20:23:50,883 INFO INFO [fund_adj 1078/1169] 562510.SH rows=728 span=20211230..20241231 attempts=1
2026-09-17 20:23:52,051 INFO INFO [fund_adj 1079/1169] 562520.SH rows=676 span=20220322..20241231 attempts=1
2026-09-17 20:23:53,071 INFO INFO [fund_adj 1080/1169] 562530.SH rows=579 span=20220812..20241231 attempts=1
2026-09-17 20:23:54,160 INFO INFO [fund_adj 1081/1169] 562550.SH rows=430 span=20230327..20241231 attempts=1
2026-09-17 20:23:55,217 INFO INFO [fund_adj 1082/1169] 562560.SH rows=177 span=20240412..20241231 attempts=1
2026-09-17 20:23:56,307 INFO INFO [fund_adj 1083/1169] 562570.SH rows=165 span=20240430..20241231 attempts=1
2026-09-17 20:23:57,440 INFO INFO [fund_adj 1084/1169] 562580.SH rows=188 span=20240326..20241231 attempts=1
2026-09-17 20:23:58,444 INFO INFO [fund_adj 1085/1169] 562590.SH rows=295 span=20231018..20241231 attempts=1
2026-09-17 20:23:59,423 INFO INFO [fund_adj 1086/1169] 562600.SH rows=257 span=20231211..20241231 attempts=1
2026-09-17 20:24:00,641 INFO INFO [fund_adj 1087/1169] 562660.SH rows=313 span=20230914..20241231 attempts=1
2026-09-17 20:24:01,970 INFO INFO [fund_adj 1088/1169] 562700.SH rows=158 span=20240514..20241231 attempts=1
2026-09-17 20:24:03,092 INFO INFO [fund_adj 1089/1169] 562800.SH rows=791 span=20210927..20241231 attempts=1
2026-09-17 20:24:04,187 INFO INFO [fund_adj 1090/1169] 562820.SH rows=171 span=20240422..20241231 attempts=1
2026-09-17 20:24:05,263 INFO INFO [fund_adj 1091/1169] 562850.SH rows=339 span=20230809..20241231 attempts=1
2026-09-17 20:24:06,351 INFO INFO [fund_adj 1092/1169] 562860.SH rows=451 span=20230224..20241231 attempts=1
2026-09-17 20:24:07,417 INFO INFO [fund_adj 1093/1169] 562880.SH rows=838 span=20210720..20241231 attempts=1
2026-09-17 20:24:08,498 INFO INFO [fund_adj 1094/1169] 562890.SH rows=194 span=20240318..20241231 attempts=1
2026-09-17 20:24:09,624 INFO INFO [fund_adj 1095/1169] 562900.SH rows=741 span=20211213..20241231 attempts=1
2026-09-17 20:24:10,943 INFO INFO [fund_adj 1096/1169] 562910.SH rows=722 span=20220110..20241231 attempts=1
2026-09-17 20:24:12,025 INFO INFO [fund_adj 1097/1169] 562920.SH rows=379 span=20230612..20241231 attempts=1
2026-09-17 20:24:13,338 INFO INFO [fund_adj 1098/1169] 562930.SH rows=384 span=20230605..20241231 attempts=1
2026-09-17 20:24:14,466 INFO INFO [fund_adj 1099/1169] 562950.SH rows=714 span=20220120..20241231 attempts=1
2026-09-17 20:24:15,471 INFO INFO [fund_adj 1100/1169] 562960.SH rows=419 span=20230412..20241231 attempts=1
2026-09-17 20:24:16,475 INFO INFO [fund_adj 1101/1169] 562970.SH rows=39 span=20241107..20241231 attempts=1
2026-09-17 20:24:17,546 INFO INFO [fund_adj 1102/1169] 562990.SH rows=597 span=20220719..20241231 attempts=1
2026-09-17 20:24:18,650 INFO INFO [fund_adj 1103/1169] 563000.SH rows=766 span=20211108..20241231 attempts=1
2026-09-17 20:24:19,682 INFO INFO [fund_adj 1104/1169] 563010.SH rows=358 span=20230713..20241231 attempts=1
2026-09-17 20:24:20,732 INFO INFO [fund_adj 1105/1169] 563020.SH rows=254 span=20231214..20241231 attempts=1
2026-09-17 20:24:21,807 INFO INFO [fund_adj 1106/1169] 563030.SH rows=440 span=20230313..20241231 attempts=1
2026-09-17 20:24:23,241 INFO INFO [fund_adj 1107/1169] 563050.SH rows=363 span=20230706..20241231 attempts=1
2026-09-17 20:24:24,264 INFO INFO [fund_adj 1108/1169] 563080.SH rows=194 span=20240318..20241231 attempts=1
2026-09-17 20:24:25,388 INFO INFO [fund_adj 1109/1169] 563090.SH rows=141 span=20240606..20241231 attempts=1
2026-09-17 20:24:26,417 INFO INFO [fund_adj 1110/1169] 563150.SH rows=146 span=20240530..20241231 attempts=1
2026-09-17 20:24:27,446 INFO INFO [fund_adj 1111/1169] 563180.SH rows=158 span=20240514..20241231 attempts=1
2026-09-17 20:24:29,589 INFO INFO [fund_adj 1112/1169] 563200.SH rows=295 span=20231018..20241231 attempts=1
2026-09-17 20:24:30,660 INFO INFO [fund_adj 1113/1169] 563220.SH rows=56 span=20241015..20241231 attempts=1
2026-09-17 20:24:31,741 INFO INFO [fund_adj 1114/1169] 563280.SH rows=177 span=20240412..20241231 attempts=1
2026-09-17 20:24:32,970 INFO INFO [fund_adj 1115/1169] 563300.SH rows=313 span=20230914..20241231 attempts=1
2026-09-17 20:24:34,402 INFO INFO [fund_adj 1116/1169] 563330.SH rows=281 span=20231107..20241231 attempts=1
2026-09-17 20:24:35,850 INFO INFO [fund_adj 1117/1169] 563350.SH rows=194 span=20240318..20241231 attempts=1
2026-09-17 20:24:37,071 INFO INFO [fund_adj 1118/1169] 563360.SH rows=56 span=20241015..20241231 attempts=1
2026-09-17 20:24:38,417 INFO INFO [fund_adj 1119/1169] 563500.SH rows=22 span=20241202..20241231 attempts=1
2026-09-17 20:24:39,531 INFO INFO [fund_adj 1120/1169] 563520.SH rows=32 span=20241118..20241231 attempts=1
2026-09-17 20:24:40,584 INFO INFO [fund_adj 1121/1169] 563800.SH rows=32 span=20241118..20241231 attempts=1
2026-09-17 20:24:41,674 INFO INFO [fund_adj 1122/1169] 563880.SH rows=27 span=20241125..20241231 attempts=1
2026-09-17 20:24:42,734 INFO INFO [fund_adj 1123/1169] 588000.SH rows=1003 span=20201116..20241231 attempts=1
2026-09-17 20:24:43,898 INFO INFO [fund_adj 1124/1169] 588010.SH rows=532 span=20221026..20241231 attempts=1
2026-09-17 20:24:44,979 INFO INFO [fund_adj 1125/1169] 588020.SH rows=323 span=20230831..20241231 attempts=1
2026-09-17 20:24:47,058 INFO INFO [fund_adj 1126/1169] 588030.SH rows=312 span=20230915..20241231 attempts=1
2026-09-17 20:24:48,141 INFO INFO [fund_adj 1127/1169] 588050.SH rows=1003 span=20201116..20241231 attempts=1
2026-09-17 20:24:49,267 INFO INFO [fund_adj 1128/1169] 588060.SH rows=831 span=20210729..20241231 attempts=1
2026-09-17 20:24:50,327 INFO INFO [fund_adj 1129/1169] 588070.SH rows=34 span=20241114..20241231 attempts=1
2026-09-17 20:24:51,415 INFO INFO [fund_adj 1130/1169] 588080.SH rows=1003 span=20201116..20241231 attempts=1
2026-09-17 20:24:52,751 INFO INFO [fund_adj 1131/1169] 588090.SH rows=1003 span=20201116..20241231 attempts=1
2026-09-17 20:24:53,874 INFO INFO [fund_adj 1132/1169] 588100.SH rows=633 span=20220527..20241231 attempts=1
2026-09-17 20:24:55,003 INFO INFO [fund_adj 1133/1169] 588110.SH rows=323 span=20230831..20241231 attempts=1
2026-09-17 20:24:56,128 INFO INFO [fund_adj 1134/1169] 588120.SH rows=312 span=20230915..20241231 attempts=1
2026-09-17 20:24:57,190 INFO INFO [fund_adj 1135/1169] 588150.SH rows=736 span=20211220..20241231 attempts=1
2026-09-17 20:24:58,308 INFO INFO [fund_adj 1136/1169] 588160.SH rows=532 span=20221026..20241231 attempts=1
2026-09-17 20:24:59,495 INFO INFO [fund_adj 1137/1169] 588180.SH rows=851 span=20210701..20241231 attempts=1
2026-09-17 20:25:00,546 INFO INFO [fund_adj 1138/1169] 588190.SH rows=312 span=20230915..20241231 attempts=1
2026-09-17 20:25:01,714 INFO INFO [fund_adj 1139/1169] 588200.SH rows=532 span=20221026..20241231 attempts=1
2026-09-17 20:25:02,714 INFO INFO [fund_adj 1140/1169] 588210.SH rows=274 span=20231116..20241231 attempts=1
2026-09-17 20:25:03,838 INFO INFO [fund_adj 1141/1169] 588220.SH rows=312 span=20230915..20241231 attempts=1
2026-09-17 20:25:04,923 INFO INFO [fund_adj 1142/1169] 588230.SH rows=6 span=20241224..20241231 attempts=1
2026-09-17 20:25:06,070 INFO INFO [fund_adj 1143/1169] 588260.SH rows=633 span=20220527..20241231 attempts=1
2026-09-17 20:25:07,489 INFO INFO [fund_adj 1144/1169] 588280.SH rows=772 span=20211029..20241231 attempts=1
2026-09-17 20:25:08,628 INFO INFO [fund_adj 1145/1169] 588290.SH rows=532 span=20221026..20241231 attempts=1
2026-09-17 20:25:09,971 INFO INFO [fund_adj 1146/1169] 588300.SH rows=849 span=20210705..20241231 attempts=1
2026-09-17 20:25:11,378 INFO INFO [fund_adj 1147/1169] 588310.SH rows=748 span=20211202..20241231 attempts=1
2026-09-17 20:25:12,403 INFO INFO [fund_adj 1148/1169] 588320.SH rows=481 span=20230106..20241231 attempts=1
2026-09-17 20:25:13,834 INFO INFO [fund_adj 1149/1169] 588330.SH rows=848 span=20210706..20241231 attempts=1
2026-09-17 20:25:14,972 INFO INFO [fund_adj 1150/1169] 588350.SH rows=521 span=20221110..20241231 attempts=1
2026-09-17 20:25:16,408 INFO INFO [fund_adj 1151/1169] 588360.SH rows=848 span=20210706..20241231 attempts=1
2026-09-17 20:25:17,855 INFO INFO [fund_adj 1152/1169] 588370.SH rows=498 span=20221213..20241231 attempts=1
2026-09-17 20:25:19,169 INFO INFO [fund_adj 1153/1169] 588380.SH rows=848 span=20210706..20241231 attempts=1
2026-09-17 20:25:21,152 INFO INFO [fund_adj 1154/1169] 588390.SH rows=809 span=20210830..20241231 attempts=1
2026-09-17 20:25:22,483 INFO INFO [fund_adj 1155/1169] 588400.SH rows=849 span=20210705..20241231 attempts=1
2026-09-17 20:25:23,884 INFO INFO [fund_adj 1156/1169] 588450.SH rows=152 span=20240522..20241231 attempts=1
2026-09-17 20:25:24,899 INFO INFO [fund_adj 1157/1169] 588460.SH rows=482 span=20230105..20241231 attempts=1
2026-09-17 20:25:25,972 INFO INFO [fund_adj 1158/1169] 588500.SH rows=111 span=20240719..20241231 attempts=1
2026-09-17 20:25:27,048 INFO INFO [fund_adj 1159/1169] 588680.SH rows=121 span=20240705..20241231 attempts=1
2026-09-17 20:25:28,169 INFO INFO [fund_adj 1160/1169] 588700.SH rows=239 span=20240105..20241231 attempts=1
2026-09-17 20:25:29,204 INFO INFO [fund_adj 1161/1169] 588750.SH rows=4 span=20241226..20241231 attempts=1
2026-09-17 20:25:30,276 INFO INFO [fund_adj 1162/1169] 588780.SH rows=4 span=20241226..20241231 attempts=1
2026-09-17 20:25:31,614 INFO INFO [fund_adj 1163/1169] 588800.SH rows=274 span=20231116..20241231 attempts=1
2026-09-17 20:25:32,821 INFO INFO [fund_adj 1164/1169] 588830.SH rows=96 span=20240809..20241231 attempts=1
2026-09-17 20:25:33,805 INFO INFO [fund_adj 1165/1169] 588860.SH rows=86 span=20240823..20241231 attempts=1
2026-09-17 20:25:34,917 INFO INFO [fund_adj 1166/1169] 588880.SH rows=274 span=20231116..20241231 attempts=1
2026-09-17 20:25:36,052 INFO INFO [fund_adj 1167/1169] 588890.SH rows=170 span=20240423..20241231 attempts=1
2026-09-17 20:25:37,064 INFO INFO [fund_adj 1168/1169] 588900.SH rows=252 span=20231218..20241231 attempts=1
2026-09-17 20:25:38,095 INFO INFO [fund_adj 1169/1169] 588990.SH rows=91 span=20240816..20241231 attempts=1
2026-09-17 20:25:38,852 INFO INFO fund_adj batch 20260917-r1 done: new=1166 skipped(resumed)=3 failed=0 status=completed
